Date,Open,High,Low,Close,Adj Close,Volume
2018-06-04,47.90999984741211,48.35499954223633,47.837501525878906,47.95750045776367,45.19815444946289,105064800.0
2018-06-05,48.26750183105469,48.48500061035156,48.09000015258789,48.32749938964844,45.546871185302734,86264000.0
2018-06-06,48.407501220703125,48.52000045776367,47.97999954223633,48.494998931884766,45.70471954345703,83734400.0
2018-06-07,48.53499984741211,48.54999923706055,48.084999084472656,48.3650016784668,45.582210540771484,85388800.0
2018-06-08,47.79249954223633,48.0,47.442501068115234,47.92499923706055,45.16753005981445,106627200.0
2018-06-11,47.837501525878906,47.99250030517578,47.5525016784668,47.807498931884766,45.056785583496094,73234000.0
2018-06-12,47.84749984741211,48.15250015258789,47.787498474121094,48.06999969482422,45.30419158935547,67644400.0
2018-06-13,48.10499954223633,48.220001220703125,47.61000061035156,47.67499923706055,44.93191146850586,86553600.0
2018-06-14,47.88750076293945,47.89250183105469,47.55500030517578,47.70000076293945,44.95547103881836,86440400.0
2018-06-15,47.50749969482422,47.540000915527344,47.064998626708984,47.209999084472656,44.493675231933594,246876800.0
2018-06-18,46.970001220703125,47.30500030517578,46.79999923706055,47.185001373291016,44.470096588134766,73939600.0
2018-06-19,46.28499984741211,46.58250045776367,45.86249923706055,46.42250061035156,43.75147247314453,134314000.0
2018-06-20,46.587501525878906,46.79999923706055,46.432498931884766,46.625,43.94232940673828,82514800.0
2018-06-21,46.8125,47.087501525878906,46.23500061035156,46.3650016784668,43.697296142578125,102847600.0
2018-06-22,46.529998779296875,46.537498474121094,46.17499923706055,46.22999954223633,43.57004928588867,108801600.0
2018-06-25,45.849998474121094,46.22999954223633,45.182498931884766,45.54249954223633,42.922115325927734,126652400.0
2018-06-26,45.747501373291016,46.63249969482422,45.6349983215332,46.10749816894531,43.45458984375,98276800.0
2018-06-27,46.307498931884766,46.81999969482422,46.00749969482422,46.040000915527344,43.390987396240234,101141200.0
2018-06-28,46.025001525878906,46.5525016784668,45.95000076293945,46.375,43.706703186035156,69460800.0
2018-06-29,46.5724983215332,46.79750061035156,45.727500915527344,46.27750015258789,43.614810943603516,90950800.0
2018-07-02,45.95500183105469,46.82500076293945,45.85499954223633,46.79499816894531,44.1025390625,70925200.0
2018-07-03,46.9474983215332,46.98749923706055,45.8849983215332,45.97999954223633,43.33443832397461,55819200.0
2018-07-04,46.9474983215332,46.98749923706055,45.8849983215332,45.97999954223633,43.33443832397461,55819200.0
2018-07-05,46.314998626708984,46.602500915527344,46.06999969482422,46.349998474121094,43.68313217163086,66416800.0
2018-07-06,46.35499954223633,47.10749816894531,46.29999923706055,46.99250030517578,44.28868865966797,69940800.0
2018-07-09,47.375,47.66999816894531,47.32500076293945,47.64500045776367,44.90362548828125,79026400.0
2018-07-10,47.6775016784668,47.81999969482422,47.54499816894531,47.587501525878906,44.84944152832031,63756400.0
2018-07-11,47.125,47.44499969482422,46.90250015258789,46.970001220703125,44.26747512817383,75326000.0
2018-07-12,47.38249969482422,47.852500915527344,47.32749938964844,47.75749969482422,45.009666442871094,72164400.0
2018-07-13,47.77000045776367,47.959999084472656,47.724998474121094,47.83250045776367,45.08034896850586,50055600.0
2018-07-16,47.880001068115234,48.162498474121094,47.60499954223633,47.727500915527344,44.98139953613281,60172400.0
2018-07-17,47.4375,47.967498779296875,47.29999923706055,47.86249923706055,45.10862350463867,62138000.0
2018-07-18,47.94499969482422,47.95000076293945,47.48249816894531,47.599998474121094,44.86122131347656,65573600.0
2018-07-19,47.42250061035156,48.13750076293945,47.42250061035156,47.970001220703125,45.20993423461914,81147200.0
2018-07-20,47.94499969482422,48.10749816894531,47.54249954223633,47.86000061035156,45.106266021728516,82704800.0
2018-07-23,47.66999816894531,47.9900016784668,47.38999938964844,47.90250015258789,45.14630889892578,63957600.0
2018-07-24,48.11249923706055,48.415000915527344,48.01250076293945,48.25,45.47382354736328,74791600.0
2018-07-25,48.26499938964844,48.712501525878906,48.10749816894531,48.70500183105469,45.90263748168945,66839600.0
2018-07-26,48.65250015258789,48.9900016784668,48.40250015258789,48.5525016784668,45.75892639160156,76304000.0
2018-07-27,48.747501373291016,48.79750061035156,47.525001525878906,47.744998931884766,44.997886657714844,96096000.0
2018-07-30,47.974998474121094,48.04999923706055,47.26750183105469,47.477500915527344,44.74578094482422,84118000.0
2018-07-31,47.57500076293945,48.03499984741211,47.334999084472656,47.5724983215332,44.83530807495117,157492000.0
2018-08-01,49.782501220703125,50.439998626708984,49.32749938964844,50.375,47.47655487060547,271742800.0
2018-08-02,50.14500045776367,52.095001220703125,50.087501525878906,51.84749984741211,48.864341735839844,249616000.0
2018-08-03,51.75749969482422,52.185001373291016,51.369998931884766,51.997501373291016,49.005714416503906,133789600.0
2018-08-06,52.0,52.3125,51.76750183105469,52.26750183105469,49.26018142700195,101701600.0
2018-08-07,52.33000183105469,52.375,51.689998626708984,51.77750015258789,48.79835510253906,102349600.0
2018-08-08,51.51250076293945,51.95249938964844,51.130001068115234,51.8125,48.831356048583984,90102000.0
2018-08-09,52.38249969482422,52.44499969482422,51.79999923706055,52.220001220703125,49.21540451049805,93970400.0
2018-08-10,51.84000015258789,52.275001525878906,51.66749954223633,51.88249969482422,49.068817138671875,98444800.0
2018-08-13,52.32749938964844,52.73749923706055,51.92499923706055,52.217498779296875,49.385650634765625,103563600.0
2018-08-14,52.540000915527344,52.63999938964844,52.064998626708984,52.4375,49.593711853027344,82992000.0
2018-08-15,52.30500030517578,52.685001373291016,52.08250045776367,52.560001373291016,49.70956039428711,115230400.0
2018-08-16,52.9375,53.45249938964844,52.86750030517578,53.33000183105469,50.437808990478516,114001600.0
2018-08-17,53.36000061035156,54.48749923706055,53.290000915527344,54.39500045776367,51.4450569152832,141708000.0
2018-08-20,54.525001525878906,54.79499816894531,53.77750015258789,53.8650016784668,50.94379806518555,121150800.0
2018-08-21,54.20000076293945,54.29750061035156,53.50749969482422,53.7599983215332,50.844486236572266,104639200.0
2018-08-22,53.525001525878906,54.09000015258789,53.459999084472656,53.76250076293945,50.846858978271484,76072400.0
2018-08-23,53.662498474121094,54.26250076293945,53.650001525878906,53.872501373291016,50.950889587402344,75532800.0
2018-08-24,54.150001525878906,54.224998474121094,53.77750015258789,54.040000915527344,51.10930633544922,73905600.0
2018-08-27,54.287498474121094,54.685001373291016,54.08250045776367,54.48500061035156,51.53016662597656,82100400.0
2018-08-28,54.752498626708984,55.1349983215332,54.72999954223633,54.92499923706055,51.94630813598633,91107200.0
2018-08-29,55.037498474121094,55.872501373291016,54.852500915527344,55.744998931884766,52.72183609008789,109019200.0
2018-08-30,55.8125,57.064998626708984,55.599998474121094,56.25749969482422,53.206539154052734,195175200.0
2018-08-31,56.627498626708984,57.217498779296875,56.5,56.907501220703125,53.8213005065918,173360400.0
2018-09-03,56.627498626708984,57.217498779296875,56.5,56.907501220703125,53.8213005065918,173360400.0
2018-09-04,57.102500915527344,57.29499816894531,56.657501220703125,57.09000015258789,53.993896484375,109560400.0
2018-09-05,57.247501373291016,57.41749954223633,56.275001525878906,56.717498779296875,53.641605377197266,133332000.0
2018-09-06,56.557498931884766,56.837501525878906,55.32500076293945,55.775001525878906,52.75021743774414,137160000.0
2018-09-07,55.462501525878906,56.342498779296875,55.1775016784668,55.32500076293945,52.32461929321289,150479200.0
2018-09-10,55.23749923706055,55.462501525878906,54.11750030517578,54.58250045776367,51.62238311767578,158066000.0
2018-09-11,54.502498626708984,56.07500076293945,54.13999938964844,55.962501525878906,52.92754364013672,142996000.0
2018-09-12,56.23500061035156,56.25,54.959999084472656,55.26750183105469,52.270240783691406,197114800.0
2018-09-13,55.880001068115234,57.087501525878906,55.64250183105469,56.602500915527344,53.5328369140625,166825600.0
2018-09-14,56.4375,56.709999084472656,55.630001068115234,55.959999084472656,52.925174713134766,127997200.0
2018-09-17,55.537498474121094,55.73749923706055,54.317501068115234,54.470001220703125,51.5159797668457,148780400.0
2018-09-18,54.4474983215332,55.462501525878906,54.279998779296875,54.560001373291016,51.601112365722656,126286800.0
2018-09-19,54.625,54.904998779296875,53.82500076293945,54.592498779296875,51.631839752197266,108495200.0
2018-09-20,55.060001373291016,55.56999969482422,54.787498474121094,55.00749969482422,52.02434158325195,106435200.0
2018-09-21,55.19499969482422,55.34000015258789,54.3224983215332,54.415000915527344,51.46397018432617,384986800.0
2018-09-24,54.20500183105469,55.314998626708984,54.157501220703125,55.1974983215332,52.20403289794922,110773600.0
2018-09-25,54.9375,55.70500183105469,54.92499923706055,55.54750061035156,52.53505325317383,98217600.0
2018-09-26,55.25,55.9375,54.939998626708984,55.10499954223633,52.11654281616211,95938800.0
2018-09-27,55.95500183105469,56.61000061035156,55.8849983215332,56.23749923706055,53.1876335144043,120724800.0
2018-09-28,56.1974983215332,56.459999084472656,56.005001068115234,56.435001373291016,53.374412536621094,91717600.0
2018-10-01,56.98749923706055,57.35499954223633,56.587501525878906,56.814998626708984,53.733802795410156,94403200.0
2018-10-02,56.8125,57.5,56.657501220703125,57.31999969482422,54.211421966552734,99152800.0
2018-10-03,57.51250076293945,58.36750030517578,57.44499969482422,58.01750183105469,54.871097564697266,114619200.0
2018-10-04,57.69499969482422,58.087501525878906,56.682498931884766,56.997501373291016,53.90642166137695,128168000.0
2018-10-05,56.9900016784668,57.102500915527344,55.14500045776367,56.0724983215332,53.03158187866211,134322000.0
2018-10-08,55.5525016784668,56.20000076293945,55.04999923706055,55.942501068115234,52.90863037109375,118655600.0
2018-10-09,55.90999984741211,56.817501068115234,55.5625,56.717498779296875,53.641605377197266,107564000.0
2018-10-10,56.3650016784668,56.587501525878906,54.01250076293945,54.09000015258789,51.15659713745117,167962400.0
2018-10-11,53.630001068115234,54.875,53.08000183105469,53.61249923706055,50.704994201660156,212497600.0
2018-10-12,55.10499954223633,55.720001220703125,54.209999084472656,55.52750015258789,52.51613998413086,161351600.0
2018-10-15,55.290000915527344,55.45750045776367,54.317501068115234,54.34000015258789,51.393035888671875,123164000.0
2018-10-16,54.73249816894531,55.747501373291016,54.189998626708984,55.537498474121094,52.525604248046875,116736000.0
2018-10-17,55.57500076293945,55.65999984741211,54.834999084472656,55.29750061035156,52.29861068725586,91541600.0
2018-10-18,54.46500015258789,54.935001373291016,53.25,54.005001068115234,51.076194763183594,130325200.0
2018-10-19,54.51499938964844,55.314998626708984,54.35749816894531,54.82749938964844,51.85410690307617,132314800.0
2018-10-22,54.9474983215332,55.84000015258789,54.73500061035156,55.162498474121094,52.17092514038086,115168400.0
2018-10-23,53.95750045776367,55.8125,53.67499923706055,55.682498931884766,52.66273498535156,155071200.0
2018-10-24,55.650001525878906,56.057498931884766,53.6349983215332,53.772499084472656,50.85631561279297,163702000.0
2018-10-25,54.4275016784668,55.345001220703125,54.1875,54.95000076293945,51.969970703125,119423200.0
2018-10-26,53.974998474121094,55.04750061035156,53.16749954223633,54.07500076293945,51.14240264892578,189033600.0
2018-10-29,54.79750061035156,54.92250061035156,51.522499084472656,53.060001373291016,50.18246078491211,183742000.0
2018-10-30,52.787498474121094,53.79499816894531,52.317501068115234,53.32500076293945,50.433082580566406,146640000.0
2018-10-31,54.220001220703125,55.11249923706055,54.154998779296875,54.71500015258789,51.74769592285156,153435600.0
2018-11-01,54.76250076293945,55.59000015258789,54.20249938964844,55.55500030517578,52.54214859008789,233292800.0
2018-11-02,52.38750076293945,53.412498474121094,51.35749816894531,51.869998931884766,49.0569953918457,365314800.0
2018-11-05,51.07500076293945,51.09749984741211,49.54249954223633,50.397499084472656,47.664337158203125,264654800.0
2018-11-06,50.47999954223633,51.18000030517578,50.42250061035156,50.942501068115234,48.179786682128906,127531600.0
2018-11-07,51.49250030517578,52.51499938964844,51.032501220703125,52.48749923706055,49.640995025634766,133697600.0
2018-11-08,52.494998931884766,52.529998779296875,51.6875,52.122501373291016,49.46780776977539,101450400.0
2018-11-09,51.38750076293945,51.502498626708984,50.5625,51.11750030517578,48.51398468017578,137463200.0
2018-11-12,49.75,49.962501525878906,48.4474983215332,48.54249954223633,46.07012176513672,204542000.0
2018-11-13,47.907501220703125,49.29499816894531,47.86249923706055,48.057498931884766,45.60982894897461,187531600.0
2018-11-14,48.474998474121094,48.619998931884766,46.48249816894531,46.70000076293945,44.32147216796875,243204000.0
2018-11-15,47.09749984741211,47.99250030517578,46.724998474121094,47.852500915527344,45.415279388427734,185915200.0
2018-11-16,47.625,48.74250030517578,47.3650016784668,48.38249969482422,45.91827392578125,147713200.0
2018-11-19,47.5,47.67499923706055,46.247501373291016,46.46500015258789,44.09844970703125,167701200.0
2018-11-20,44.592498779296875,45.36750030517578,43.877498626708984,44.244998931884766,41.99150466918945,271300800.0
2018-11-21,44.932498931884766,45.067501068115234,44.13750076293945,44.19499969482422,41.944061279296875,124496800.0
2018-11-22,44.932498931884766,45.067501068115234,44.13750076293945,44.19499969482422,41.944061279296875,124496800.0
2018-11-23,43.73500061035156,44.150001525878906,43.025001525878906,43.0724983215332,40.87873840332031,94496000.0
2018-11-26,43.560001373291016,43.73749923706055,42.564998626708984,43.654998779296875,41.43156433105469,179994000.0
2018-11-27,42.877498626708984,43.692501068115234,42.720001220703125,43.560001373291016,41.34139633178711,165549600.0
2018-11-28,44.182498931884766,45.3224983215332,43.73249816894531,45.23500061035156,42.93108367919922,184250000.0
2018-11-29,45.665000915527344,45.70000076293945,44.42499923706055,44.88750076293945,42.60129165649414,167080000.0
2018-11-30,45.0724983215332,45.08250045776367,44.25749969482422,44.64500045776367,42.37114334106445,158126000.0
2018-12-03,46.1150016784668,46.23500061035156,45.3025016784668,46.20500183105469,43.8516845703125,163210000.0
2018-12-04,45.23749923706055,45.59749984741211,44.067501068115234,44.17250061035156,41.922706604003906,165377200.0
2018-12-05,45.23749923706055,45.59749984741211,44.067501068115234,44.17250061035156,41.922706604003906,165377200.0
2018-12-06,42.939998626708984,43.69499969482422,42.60499954223633,43.68000030517578,41.45529556274414,172393600.0
2018-12-07,43.372501373291016,43.622501373291016,42.07500076293945,42.122501373291016,39.97711944580078,169126400.0
2018-12-10,41.25,42.522499084472656,40.83250045776367,42.400001525878906,40.240474700927734,248104000.0
2018-12-11,42.915000915527344,42.9474983215332,41.75,42.157501220703125,40.01033401489258,189126800.0
2018-12-12,42.599998474121094,42.97999954223633,42.255001068115234,42.275001525878906,40.12185287475586,142510800.0
2018-12-13,42.622501373291016,43.14250183105469,42.38750076293945,42.73749923706055,40.560791015625,127594400.0
2018-12-14,42.25,42.27000045776367,41.31999969482422,41.369998931884766,39.262943267822266,162814800.0
2018-12-17,41.36249923706055,42.087501525878906,40.682498931884766,40.98500061035156,38.897560119628906,177151600.0
2018-12-18,41.345001220703125,41.88249969482422,41.09749984741211,41.51750183105469,39.40293502807617,135366000.0
2018-12-19,41.5,41.86249923706055,39.772499084472656,40.22249984741211,38.173892974853516,196189200.0
2018-12-20,40.099998474121094,40.52750015258789,38.82500076293945,39.20750045776367,37.2105827331543,259092000.0
2018-12-21,39.21500015258789,39.540000915527344,37.407501220703125,37.682498931884766,35.76325225830078,382978400.0
2018-12-24,37.037498474121094,37.88750076293945,36.647499084472656,36.70750045776367,34.837913513183594,148676800.0
2018-12-25,37.037498474121094,37.88750076293945,36.647499084472656,36.70750045776367,34.837913513183594,148676800.0
2018-12-26,37.07500076293945,39.307498931884766,36.68000030517578,39.29249954223633,37.2912483215332,234330000.0
2018-12-27,38.959999084472656,39.192501068115234,37.51750183105469,39.037498474121094,37.04923629760742,212468400.0
2018-12-28,39.375,39.630001068115234,38.63750076293945,39.057498931884766,37.068233489990234,169165600.0
2018-12-31,39.63249969482422,39.84000015258789,39.119998931884766,39.435001373291016,37.426490783691406,140014000.0
2019-01-01,39.63249969482422,39.84000015258789,39.119998931884766,39.435001373291016,37.426490783691406,140014000.0
2019-01-02,38.72249984741211,39.712501525878906,38.557498931884766,39.47999954223633,37.46919631958008,148158800.0
2019-01-03,35.994998931884766,36.43000030517578,35.5,35.54750061035156,33.736995697021484,365248800.0
2019-01-04,36.13249969482422,37.13750076293945,35.95000076293945,37.064998626708984,35.17720413208008,234428400.0
2019-01-07,37.17499923706055,37.20750045776367,36.474998474121094,36.98249816894531,35.098915100097656,219111200.0
2019-01-08,37.38999938964844,37.95500183105469,37.130001068115234,37.6875,35.76799392700195,164101200.0
2019-01-09,37.8224983215332,38.63249969482422,37.407501220703125,38.32749938964844,36.37541198730469,180396400.0
2019-01-10,38.125,38.49250030517578,37.71500015258789,38.45000076293945,36.49166488647461,143122800.0
2019-01-11,38.220001220703125,38.42499923706055,37.877498626708984,38.0724983215332,36.133392333984375,108092800.0
2019-01-14,37.712501525878906,37.817501068115234,37.30500030517578,37.5,35.59005355834961,129756800.0
2019-01-15,37.567501068115234,38.34749984741211,37.51250076293945,38.26750183105469,36.31846618652344,114843600.0
2019-01-16,38.27000045776367,38.970001220703125,38.25,38.73500061035156,36.76213836669922,122278800.0
2019-01-17,38.54999923706055,39.415000915527344,38.314998626708984,38.96500015258789,36.980430603027344,119284800.0
2019-01-18,39.375,39.470001220703125,38.994998931884766,39.20500183105469,37.20820999145508,135004000.0
2019-01-21,39.375,39.470001220703125,38.994998931884766,39.20500183105469,37.20820999145508,135004000.0
2019-01-22,39.102500915527344,39.182498931884766,38.154998779296875,38.32500076293945,36.373046875,121576000.0
2019-01-23,38.537498474121094,38.78499984741211,37.92499923706055,38.47999954223633,36.5201416015625,92522400.0
2019-01-24,38.52750015258789,38.619998931884766,37.935001373291016,38.17499923706055,36.230674743652344,101766000.0
2019-01-25,38.869998931884766,39.532501220703125,38.58000183105469,39.439998626708984,37.431243896484375,134142000.0
2019-01-28,38.9474983215332,39.08250045776367,38.415000915527344,39.07500076293945,37.084835052490234,104768400.0
2019-01-29,39.0625,39.532501220703125,38.52750015258789,38.66999816894531,36.7004508972168,166348800.0
2019-01-30,40.8125,41.537498474121094,40.057498931884766,41.3125,39.2083740234375,244439200.0
2019-01-31,41.52750015258789,42.25,41.13999938964844,41.61000061035156,39.49071502685547,162958400.0
2019-02-01,41.7400016784668,42.244998931884766,41.48249816894531,41.630001068115234,39.50969696044922,130672400.0
2019-02-04,41.852500915527344,42.915000915527344,41.81999969482422,42.8125,40.63196563720703,125982000.0
2019-02-05,43.21500015258789,43.77000045776367,43.087501525878906,43.54499816894531,41.3271598815918,144406400.0
2019-02-06,43.662498474121094,43.89250183105469,43.212501525878906,43.560001373291016,41.34139633178711,112958400.0
2019-02-07,43.099998474121094,43.48500061035156,42.584999084472656,42.73500061035156,40.55842208862305,126966800.0
2019-02-08,42.247501373291016,42.665000915527344,42.10499954223633,42.602500915527344,40.6060791015625,95280000.0
2019-02-11,42.76250076293945,42.8025016784668,42.3125,42.35749816894531,40.3725471496582,83973600.0
2019-02-12,42.525001525878906,42.75,42.42499923706055,42.72249984741211,40.72045135498047,89134000.0
2019-02-13,42.84749984741211,43.119998931884766,42.47999954223633,42.54499816894531,40.5512809753418,89960800.0
2019-02-14,42.4275016784668,42.814998626708984,42.345001220703125,42.70000076293945,40.69901657104492,87342800.0
2019-02-15,42.8125,42.92499923706055,42.4375,42.60499954223633,40.60845947265625,98507200.0
2019-02-18,42.8125,42.92499923706055,42.4375,42.60499954223633,40.60845947265625,98507200.0
2019-02-19,42.4275016784668,42.86000061035156,42.372501373291016,42.73249816894531,40.72998809814453,75891200.0
2019-02-20,42.79750061035156,43.33000183105469,42.747501373291016,43.00749969482422,40.99209213256836,104457600.0
2019-02-21,42.95000076293945,43.092498779296875,42.57500076293945,42.76499938964844,40.76095962524414,68998800.0
2019-02-22,42.89500045776367,43.25,42.845001220703125,43.24250030517578,41.21609115600586,75652800.0
2019-02-25,43.540000915527344,43.967498779296875,43.48749923706055,43.557498931884766,41.51632308959961,87493600.0
2019-02-26,43.4275016784668,43.82500076293945,43.29249954223633,43.58250045776367,41.54015350341797,68280800.0
2019-02-27,43.3025016784668,43.75,43.182498931884766,43.717498779296875,41.668819427490234,111341600.0
2019-02-28,43.58000183105469,43.727500915527344,43.22999954223633,43.287498474121094,41.258975982666016,112861600.0
2019-03-01,43.56999969482422,43.787498474121094,43.22249984741211,43.74250030517578,41.69266128540039,103544800.0
2019-03-04,43.92250061035156,44.4375,43.49250030517578,43.962501525878906,41.90235137939453,109744800.0
2019-03-05,43.98500061035156,44.0,43.6349983215332,43.88249969482422,41.82609939575195,78949600.0
2019-03-06,43.66749954223633,43.872501373291016,43.48500061035156,43.630001068115234,41.585426330566406,83241600.0
2019-03-07,43.467498779296875,43.61000061035156,43.005001068115234,43.125,41.10409927368164,99185600.0
2019-03-08,42.58000183105469,43.26750183105469,42.375,43.227500915527344,41.2017936706543,95997600.0
2019-03-11,43.872501373291016,44.779998779296875,43.837501525878906,44.724998474121094,42.629119873046875,128044000.0
2019-03-12,45.0,45.66749954223633,44.842498779296875,45.227500915527344,43.10806655883789,129870400.0
2019-03-13,45.5625,45.82500076293945,45.22999954223633,45.4275016784668,43.29869842529297,124130000.0
2019-03-14,45.974998474121094,46.025001525878906,45.63999938964844,45.932498931884766,43.78002166748047,94318000.0
2019-03-15,46.212501525878906,46.83250045776367,45.935001373291016,46.529998779296875,44.34952926635742,156171600.0
2019-03-18,46.45000076293945,47.09749984741211,46.4474983215332,47.005001068115234,44.80226516723633,104879200.0
2019-03-19,47.087501525878906,47.247501373291016,46.47999954223633,46.63249969482422,44.44723129272461,126585600.0
2019-03-20,46.557498931884766,47.372501373291016,46.182498931884766,47.040000915527344,44.83563232421875,124140800.0
2019-03-21,47.505001068115234,49.08250045776367,47.45249938964844,48.772499084472656,46.4869384765625,204136800.0
2019-03-22,48.834999084472656,49.42250061035156,47.69499969482422,47.76250076293945,45.524261474609375,169630800.0
2019-03-25,47.877498626708984,47.994998931884766,46.650001525878906,47.185001373291016,44.97383499145508,175381200.0
2019-03-26,47.915000915527344,48.220001220703125,46.14500045776367,46.6974983215332,44.509193420410156,199202000.0
2019-03-27,47.1875,47.439998626708984,46.63750076293945,47.11750030517578,44.90948486328125,119393600.0
2019-03-28,47.23749923706055,47.38999938964844,46.88249969482422,47.18000030517578,44.96905517578125,83121600.0
2019-03-29,47.45750045776367,47.52000045776367,47.1349983215332,47.48749923706055,45.26216125488281,94256000.0
2019-04-01,47.90999984741211,47.91999816894531,47.095001220703125,47.810001373291016,45.569549560546875,111448000.0
2019-04-02,47.772499084472656,48.6150016784668,47.76250076293945,48.505001068115234,46.23198699951172,91062800.0
2019-04-03,48.3125,49.125,48.287498474121094,48.837501525878906,46.54890060424805,93087200.0
2019-04-04,48.6974983215332,49.092498779296875,48.28499984741211,48.92250061035156,46.629913330078125,76457200.0
2019-04-05,49.11249923706055,49.275001525878906,48.98249816894531,49.25,46.94206619262695,74106400.0
2019-04-08,49.10499954223633,50.057498931884766,49.084999084472656,50.025001525878906,47.680747985839844,103526800.0
2019-04-09,50.08000183105469,50.712501525878906,49.807498931884766,49.875,47.537776947021484,143072800.0
2019-04-10,49.66999816894531,50.185001373291016,49.54499816894531,50.154998779296875,47.80464553833008,86781200.0
2019-04-11,50.212501525878906,50.25,49.61000061035156,49.73749923706055,47.40671920776367,83603200.0
2019-04-12,49.79999923706055,50.03499984741211,49.0525016784668,49.717498779296875,47.38766098022461,111042800.0
2019-04-15,49.64500045776367,49.962501525878906,49.502498626708984,49.807498931884766,47.47344207763672,70146400.0
2019-04-16,49.8650016784668,50.342498779296875,49.63999938964844,49.8125,47.47821044921875,102785600.0
2019-04-17,49.8849983215332,50.845001220703125,49.65250015258789,50.782501220703125,48.40275192260742,115627200.0
2019-04-18,50.779998779296875,51.037498474121094,50.630001068115234,50.96500015258789,48.576690673828125,96783200.0
2019-04-19,50.779998779296875,51.037498474121094,50.630001068115234,50.96500015258789,48.576690673828125,96783200.0
2019-04-22,50.70750045776367,51.23500061035156,50.584999084472656,51.13249969482422,48.736351013183594,77758000.0
2019-04-23,51.10749816894531,51.9375,50.974998474121094,51.869998931884766,49.439273834228516,93292000.0
2019-04-24,51.84000015258789,52.119998931884766,51.76250076293945,51.790000915527344,49.363037109375,70162400.0
2019-04-25,51.70750045776367,51.939998626708984,51.279998779296875,51.31999969482422,48.91505813598633,74172800.0
2019-04-26,51.224998474121094,51.25,50.529998779296875,51.07500076293945,48.68154525756836,74596400.0
2019-04-29,51.099998474121094,51.49250030517578,50.96500015258789,51.15250015258789,48.755401611328125,88818800.0
2019-04-30,50.76499938964844,50.849998474121094,49.77750015258789,50.16749954223633,47.81656265258789,186139600.0
2019-05-01,52.470001220703125,53.82749938964844,52.307498931884766,52.630001068115234,50.16367721557617,259309200.0
2019-05-02,52.459999084472656,53.162498474121094,52.032501220703125,52.287498474121094,49.83722686767578,127985200.0
2019-05-03,52.72249984741211,52.959999084472656,52.557498931884766,52.9375,50.45677947998047,83569600.0
2019-05-06,51.0724983215332,52.209999084472656,50.875,52.119998931884766,49.677574157714844,129772400.0
2019-05-07,51.470001220703125,51.85499954223633,50.20750045776367,50.71500015258789,48.33840560913086,155054800.0
2019-05-08,50.474998474121094,51.334999084472656,50.4375,50.724998474121094,48.34794235229492,105358000.0
2019-05-09,50.099998474121094,50.41999816894531,49.165000915527344,50.18000030517578,47.82847595214844,139634400.0
2019-05-10,49.35499954223633,49.712501525878906,48.192501068115234,49.29499816894531,47.1658935546875,164834800.0
2019-05-13,46.9275016784668,47.369998931884766,45.712501525878906,46.43000030517578,44.42464828491211,229722400.0
2019-05-14,46.602500915527344,47.42499923706055,46.352500915527344,47.165000915527344,45.127891540527344,146118800.0
2019-05-15,46.567501068115234,47.9375,46.505001068115234,47.72999954223633,45.668487548828125,106178800.0
2019-05-16,47.477500915527344,48.11750030517578,47.209999084472656,47.52000045776367,45.46757125854492,132125600.0
2019-05-17,46.73249816894531,47.724998474121094,46.689998626708984,47.25,45.20922088623047,131516400.0
2019-05-20,45.880001068115234,46.087501525878906,45.06999969482422,45.772499084472656,43.79553985595703,154449200.0
2019-05-21,46.30500030517578,47.0,46.17499923706055,46.650001525878906,44.6351318359375,113459200.0
2019-05-22,46.165000915527344,46.4275016784668,45.63750076293945,45.69499969482422,43.72138595581055,118994400.0
2019-05-23,44.95000076293945,45.1349983215332,44.45249938964844,44.915000915527344,42.97507095336914,146118800.0
2019-05-24,45.04999923706055,45.53499984741211,44.654998779296875,44.74250030517578,42.81002426147461,94858800.0
2019-05-27,45.04999923706055,45.53499984741211,44.654998779296875,44.74250030517578,42.81002426147461,94858800.0
2019-05-28,44.72999954223633,45.147499084472656,44.477500915527344,44.557498931884766,42.632999420166016,111792800.0
2019-05-29,44.10499954223633,44.837501525878906,44.0,44.345001220703125,42.42969512939453,113924800.0
2019-05-30,44.48749923706055,44.807498931884766,44.16749954223633,44.57500076293945,42.64976119995117,84873600.0
2019-05-31,44.057498931884766,44.497501373291016,43.747501373291016,43.76750183105469,41.87712478637695,108174400.0
2019-06-03,43.900001525878906,44.47999954223633,42.567501068115234,43.32500076293945,41.45374298095703,161584400.0
2019-06-04,43.86000061035156,44.95750045776367,43.630001068115234,44.90999984741211,42.97028350830078,123872000.0
2019-06-05,46.06999969482422,46.247501373291016,45.28499984741211,45.6349983215332,43.66397476196289,119093600.0
2019-06-06,45.77000045776367,46.36750030517578,45.537498474121094,46.30500030517578,44.30502700805664,90105200.0
2019-06-07,46.627498626708984,47.97999954223633,46.442501068115234,47.537498474121094,45.484291076660156,122737600.0
2019-06-10,47.95249938964844,48.842498779296875,47.904998779296875,48.14500045776367,46.0655632019043,104883600.0
2019-06-11,48.71500015258789,49.0,48.400001525878906,48.70249938964844,46.59898376464844,107731600.0
2019-06-12,48.48749923706055,48.99250030517578,48.34749984741211,48.54750061035156,46.450679779052734,73012800.0
2019-06-13,48.67499923706055,49.1974983215332,48.400001525878906,48.537498474121094,46.44111251831055,86698400.0
2019-06-14,47.88750076293945,48.397499084472656,47.57500076293945,48.185001373291016,46.10384750366211,75046000.0
2019-06-17,48.224998474121094,48.7400016784668,48.04249954223633,48.47249984741211,46.3789176940918,58676400.0
2019-06-18,49.01250076293945,50.0724983215332,48.8025016784668,49.61249923706055,47.46968460083008,106204000.0
2019-06-19,49.91999816894531,49.970001220703125,49.32749938964844,49.467498779296875,47.330936431884766,84496800.0
2019-06-20,50.092498779296875,50.15250015258789,49.50749969482422,49.8650016784668,47.711280822753906,86056000.0
2019-06-21,49.70000076293945,50.212501525878906,49.537498474121094,49.69499969482422,47.54861831665039,191202400.0
2019-06-24,49.6349983215332,50.040000915527344,49.54249954223633,49.64500045776367,47.50078201293945,72881600.0
2019-06-25,49.60749816894531,49.814998626708984,48.8224983215332,48.89250183105469,46.78078079223633,84281200.0
2019-06-26,49.442501068115234,50.247501373291016,49.337501525878906,49.95000076293945,47.792606353759766,104270000.0
2019-06-27,50.0724983215332,50.39250183105469,49.89250183105469,49.935001373291016,47.778255462646484,83598800.0
2019-06-28,49.66999816894531,49.875,49.26250076293945,49.47999954223633,47.3429069519043,124442400.0
2019-07-01,50.79249954223633,51.122501373291016,50.162498474121094,50.38750076293945,48.211204528808594,109012000.0
2019-07-02,50.352500915527344,50.782501220703125,50.34000015258789,50.682498931884766,48.49346923828125,67740800.0
2019-07-03,50.81999969482422,51.11000061035156,50.67250061035156,51.102500915527344,48.895328521728516,45448000.0
2019-07-04,50.81999969482422,51.11000061035156,50.67250061035156,51.102500915527344,48.895328521728516,45448000.0
2019-07-05,50.837501525878906,51.27000045776367,50.724998474121094,51.057498931884766,48.852264404296875,69062000.0
2019-07-08,50.20249938964844,50.349998474121094,49.602500915527344,50.005001068115234,47.845237731933594,101354400.0
2019-07-09,49.79999923706055,50.377498626708984,49.70249938964844,50.310001373291016,48.137062072753906,82312000.0
2019-07-10,50.462501525878906,50.932498931884766,50.38999938964844,50.807498931884766,48.61306381225586,71588400.0
2019-07-11,50.82749938964844,51.09749984741211,50.4275016784668,50.4375,48.25904846191406,80767200.0
2019-07-12,50.61249923706055,51.0,50.54999923706055,50.82500076293945,48.62981033325195,70380800.0
2019-07-15,51.022499084472656,51.467498779296875,51.0,51.3025016784668,49.08669662475586,67789600.0
2019-07-16,51.147499084472656,51.52750015258789,50.875,51.125,48.9168586730957,67467200.0
2019-07-17,51.01250076293945,51.272499084472656,50.817501068115234,50.837501525878906,48.641780853271484,56430000.0
2019-07-18,51.0,51.470001220703125,50.92499923706055,51.415000915527344,49.194332122802734,74162400.0
2019-07-19,51.4474983215332,51.625,50.59000015258789,50.647499084472656,48.459983825683594,83717200.0
2019-07-22,50.912498474121094,51.807498931884766,50.90250015258789,51.80500030517578,49.56748580932617,89111600.0
2019-07-23,52.1150016784668,52.227500915527344,51.8224983215332,52.209999084472656,49.95497512817383,73420800.0
2019-07-24,51.91749954223633,52.287498474121094,51.79249954223633,52.16749954223633,49.91432189941406,59966400.0
2019-07-25,52.22249984741211,52.310001373291016,51.682498931884766,51.755001068115234,49.51963806152344,55638400.0
2019-07-26,51.869998931884766,52.432498931884766,51.78499984741211,51.935001373291016,49.691871643066406,70475600.0
2019-07-29,52.1150016784668,52.65999984741211,52.11000061035156,52.41999816894531,50.15591812133789,86693600.0
2019-07-30,52.189998626708984,52.540000915527344,51.82749938964844,52.19499969482422,49.940635681152344,135742800.0
2019-07-31,54.10499954223633,55.342498779296875,52.82500076293945,53.2599983215332,50.95963668823242,277125600.0
2019-08-01,53.474998474121094,54.50749969482422,51.685001373291016,52.10749816894531,49.856903076171875,216071600.0
2019-08-02,51.38249969482422,51.60749816894531,50.407501220703125,51.005001068115234,48.80202865600586,163448400.0
2019-08-05,49.497501373291016,49.662498474121094,48.14500045776367,48.334999084472656,46.24736022949219,209572000.0
2019-08-06,49.07749938964844,49.51750183105469,48.5099983215332,49.25,47.122833251953125,143299200.0
2019-08-07,48.852500915527344,49.88999938964844,48.45500183105469,49.7599983215332,47.61080551147461,133457600.0
2019-08-08,50.04999923706055,50.88249969482422,49.84749984741211,50.85749816894531,48.660911560058594,108038000.0
2019-08-09,50.32500076293945,50.689998626708984,49.8224983215332,50.247501373291016,48.25992202758789,98478800.0
2019-08-12,49.904998779296875,50.51250076293945,49.787498474121094,50.119998931884766,48.13747024536133,89927600.0
2019-08-13,50.255001068115234,53.03499984741211,50.119998931884766,52.24250030517578,50.17599868774414,188874000.0
2019-08-14,50.790000915527344,51.61000061035156,50.647499084472656,50.6875,48.68251419067383,146189600.0
2019-08-15,50.8650016784668,51.28499984741211,49.91749954223633,50.435001373291016,48.44001388549805,108909600.0
2019-08-16,51.06999969482422,51.790000915527344,50.959999084472656,51.625,49.58293914794922,110481600.0
2019-08-19,52.654998779296875,53.182498931884766,52.50749969482422,52.587501525878906,50.507362365722656,97654400.0
2019-08-20,52.720001220703125,53.337501525878906,52.58000183105469,52.59000015258789,50.509761810302734,107537200.0
2019-08-21,53.247501373291016,53.412498474121094,52.900001525878906,53.15999984741211,51.05722427368164,86141600.0
2019-08-22,53.29750061035156,53.61000061035156,52.6875,53.1150016784668,51.01399612426758,89014800.0
2019-08-23,52.35749816894531,53.01250076293945,50.25,50.65999984741211,48.65610885620117,187272000.0
2019-08-26,51.46500015258789,51.79750061035156,51.26499938964844,51.622501373291016,49.58053207397461,104174400.0
2019-08-27,51.96500015258789,52.13750076293945,50.88249969482422,51.040000915527344,49.02107620239258,103493200.0
2019-08-28,51.025001525878906,51.43000030517578,50.83000183105469,51.38249969482422,49.35001754760742,63755200.0
2019-08-29,52.125,52.33000183105469,51.665000915527344,52.252498626708984,50.185611724853516,83962000.0
2019-08-30,52.540000915527344,52.61249923706055,51.79999923706055,52.185001373291016,50.120792388916016,84573600.0
2019-09-02,52.540000915527344,52.61249923706055,51.79999923706055,52.185001373291016,50.120792388916016,84573600.0
2019-09-03,51.60749816894531,51.744998931884766,51.05500030517578,51.42499923706055,49.390846252441406,80092000.0
2019-09-04,52.09749984741211,52.369998931884766,51.83000183105469,52.29750061035156,50.22883224487305,76752400.0
2019-09-05,53.0,53.49250030517578,52.877498626708984,53.31999969482422,51.21088409423828,95654800.0
2019-09-06,53.51250076293945,53.60499954223633,53.127498626708984,53.314998626708984,51.20607376098633,77449200.0
2019-09-09,53.709999084472656,54.11000061035156,52.76750183105469,53.54249954223633,51.42457580566406,109237600.0
2019-09-10,53.46500015258789,54.19499969482422,52.9275016784668,54.17499923706055,52.032073974609375,127111600.0
2019-09-11,54.51750183105469,55.9275016784668,54.432498931884766,55.897499084472656,53.68642044067383,177158400.0
2019-09-12,56.20000076293945,56.60499954223633,55.71500015258789,55.772499084472656,53.56637191772461,128906800.0
2019-09-13,55.0,55.1974983215332,54.255001068115234,54.6875,52.52428436279297,159053200.0
2019-09-16,54.432498931884766,55.032501220703125,54.38999938964844,54.974998474121094,52.80042266845703,84632400.0
2019-09-17,54.9900016784668,55.20500183105469,54.779998779296875,55.17499923706055,52.99250411987305,73274800.0
2019-09-18,55.26499938964844,55.712501525878906,54.86000061035156,55.692501068115234,53.48954391479492,101360000.0
2019-09-19,55.502498626708984,55.939998626708984,55.092498779296875,55.2400016784668,53.0549430847168,88242400.0
2019-09-20,55.345001220703125,55.63999938964844,54.36750030517578,54.432498931884766,52.27937698364258,221652400.0
2019-09-23,54.73749923706055,54.959999084472656,54.412498474121094,54.68000030517578,52.517093658447266,76662000.0
2019-09-24,55.25749969482422,55.622501373291016,54.29750061035156,54.41999816894531,52.267372131347656,124763200.0
2019-09-25,54.63750076293945,55.375,54.28499984741211,55.25749969482422,53.071746826171875,87613600.0
2019-09-26,55.0,55.23500061035156,54.70750045776367,54.97249984741211,52.798011779785156,75334000.0
2019-09-27,55.1349983215332,55.2400016784668,54.31999969482422,54.70500183105469,52.54110336303711,101408000.0
2019-09-30,55.224998474121094,56.14500045776367,55.1974983215332,55.99250030517578,53.77767562866211,103909600.0
2019-10-01,56.26750183105469,57.05500030517578,56.04999923706055,56.147499084472656,53.926544189453125,139223200.0
2019-10-02,55.76499938964844,55.89500045776367,54.48249816894531,54.7400016784668,52.57471466064453,138449200.0
2019-10-03,54.60749816894531,55.2400016784668,53.782501220703125,55.20500183105469,53.02132797241211,114426000.0
2019-10-04,56.40999984741211,56.872501373291016,55.97249984741211,56.752498626708984,54.50761413574219,138478800.0
2019-10-07,56.567501068115234,57.48249816894531,56.459999084472656,56.76499938964844,54.519615173339844,122306000.0
2019-10-08,56.45500183105469,57.01499938964844,56.08250045776367,56.099998474121094,53.88091278076172,111820000.0
2019-10-09,56.75749969482422,56.9474983215332,56.40999984741211,56.75749969482422,54.51241683959961,74770400.0
2019-10-10,56.98249816894531,57.61000061035156,56.82500076293945,57.522499084472656,55.24715042114258,113013600.0
2019-10-11,58.23749923706055,59.40999984741211,58.07749938964844,59.0525016784668,56.71662902832031,166795600.0
2019-10-14,58.724998474121094,59.532501220703125,58.66749954223633,58.967498779296875,56.63499069213867,96427600.0
2019-10-15,59.09749984741211,59.412498474121094,58.720001220703125,58.83000183105469,56.502933502197266,87360000.0
2019-10-16,58.342498779296875,58.810001373291016,58.29999923706055,58.592498779296875,56.27482986450195,73903200.0
2019-10-17,58.772499084472656,59.037498474121094,58.380001068115234,58.81999969482422,56.49333953857422,67585200.0
2019-10-18,58.647499084472656,59.39500045776367,58.5724983215332,59.102500915527344,56.764652252197266,97433600.0
2019-10-21,59.380001068115234,60.247501373291016,59.33000183105469,60.127498626708984,57.749114990234375,87247200.0
2019-10-22,60.290000915527344,60.54999923706055,59.904998779296875,59.9900016784668,57.61705780029297,82293600.0
2019-10-23,60.525001525878906,60.810001373291016,60.30500030517578,60.79499816894531,58.390201568603516,75828800.0
2019-10-24,61.127498626708984,61.20000076293945,60.45249938964844,60.89500045776367,58.48625183105469,69275200.0
2019-10-25,60.790000915527344,61.682498931884766,60.720001220703125,61.64500045776367,59.20658874511719,73477200.0
2019-10-28,61.85499954223633,62.3125,61.68000030517578,62.26250076293945,59.79966354370117,96572800.0
2019-10-29,62.24250030517578,62.4375,60.64250183105469,60.8224983215332,58.416622161865234,142839600.0
2019-10-30,61.189998626708984,61.32500076293945,60.3025016784668,60.814998626708984,58.4094123840332,124522000.0
2019-10-31,61.810001373291016,62.29249954223633,59.314998626708984,62.189998626708984,59.73002624511719,139162000.0
2019-11-01,62.3849983215332,63.98249816894531,62.290000915527344,63.95500183105469,61.42521286010742,151125200.0
2019-11-04,64.3324966430664,64.4625015258789,63.845001220703125,64.375,61.82859802246094,103272000.0
2019-11-05,64.26249694824219,64.54750061035156,64.08000183105469,64.28250122070312,61.73977279663086,79897600.0
2019-11-06,64.19249725341797,64.37249755859375,63.842498779296875,64.30999755859375,61.76616668701172,75864400.0
2019-11-07,64.68499755859375,65.0875015258789,64.52749633789062,64.85749816894531,62.47903060913086,94940400.0
2019-11-08,64.67250061035156,65.11000061035156,64.2125015258789,65.03500366210938,62.6500244140625,69986400.0
2019-11-11,64.57499694824219,65.61750030517578,64.56999969482422,65.55000305175781,63.14612579345703,81821200.0
2019-11-12,65.38749694824219,65.69750213623047,65.2300033569336,65.48999786376953,63.08833694458008,87388800.0
2019-11-13,65.28250122070312,66.19499969482422,65.26750183105469,66.11750030517578,63.69282150268555,102734400.0
2019-11-14,65.9375,66.22000122070312,65.5250015258789,65.66000366210938,63.252098083496094,89182800.0
2019-11-15,65.91999816894531,66.44499969482422,65.75250244140625,66.44000244140625,64.00350189208984,100206400.0
2019-11-18,66.44999694824219,66.85749816894531,66.05750274658203,66.7750015258789,64.3261947631836,86703200.0
2019-11-19,66.9749984741211,67.0,66.34750366210938,66.57250213623047,64.13115692138672,76167200.0
2019-11-20,66.38500213623047,66.5199966430664,65.0999984741211,65.79750061035156,63.38454818725586,106234400.0
2019-11-21,65.92250061035156,66.00250244140625,65.29499816894531,65.50250244140625,63.10038757324219,121395200.0
2019-11-22,65.64749908447266,65.79499816894531,65.20999908447266,65.44499969482422,63.045005798339844,65325200.0
2019-11-25,65.67749786376953,66.61000061035156,65.62999725341797,66.59249877929688,64.15039825439453,84020400.0
2019-11-26,66.73500061035156,66.79000091552734,65.625,66.07250213623047,63.64946365356445,105207600.0
2019-11-27,66.3949966430664,66.99500274658203,66.32749938964844,66.95999908447266,64.50442504882812,65235600.0
2019-11-28,66.3949966430664,66.99500274658203,66.32749938964844,66.95999908447266,64.50442504882812,65235600.0
2019-11-29,66.6500015258789,67.0,66.4749984741211,66.8125,64.36234283447266,46617600.0
2019-12-02,66.81749725341797,67.0625,65.86250305175781,66.04000091552734,63.6181526184082,94487200.0
2019-12-03,64.57749938964844,64.88249969482422,64.07250213623047,64.86250305175781,62.483848571777344,114430400.0
2019-12-04,65.26750183105469,65.82749938964844,65.16999816894531,65.43499755859375,63.03533935546875,67181600.0
2019-12-05,65.94750213623047,66.47250366210938,65.68250274658203,66.3949966430664,63.960147857666016,74424400.0
2019-12-06,66.87000274658203,67.75,66.82499694824219,67.67749786376953,65.19561004638672,106075600.0
2019-12-09,67.5,67.69999694824219,66.22750091552734,66.7300033569336,64.28286743164062,128042400.0
2019-12-10,67.1500015258789,67.51750183105469,66.46499633789062,67.12000274658203,64.65856170654297,90420400.0
2019-12-11,67.20249938964844,67.7750015258789,67.125,67.69249725341797,65.21006774902344,78756800.0
2019-12-12,66.94499969482422,68.13999938964844,66.83000183105469,67.86499786376953,65.37623596191406,137310400.0
2019-12-13,67.86499786376953,68.82499694824219,67.73249816894531,68.7874984741211,66.26490783691406,133587600.0
2019-12-16,69.25,70.19750213623047,69.24500274658203,69.96499633789062,67.39922332763672,128186000.0
2019-12-17,69.89250183105469,70.44249725341797,69.69999694824219,70.10250091552734,67.53169250488281,114158400.0
2019-12-18,69.94999694824219,70.4749984741211,69.77999877929688,69.93499755859375,67.37032318115234,116028400.0
2019-12-19,69.875,70.29499816894531,69.73750305175781,70.00499725341797,67.43775939941406,98369200.0
2019-12-20,70.55750274658203,70.6624984741211,69.63999938964844,69.86000061035156,67.2980728149414,275978000.0
2019-12-23,70.13249969482422,71.0625,70.09249877929688,71.0,68.39628601074219,98572000.0
2019-12-24,71.17250061035156,71.22250366210938,70.7300033569336,71.06749725341797,68.46129608154297,48478800.0
2019-12-25,71.17250061035156,71.22250366210938,70.7300033569336,71.06749725341797,68.46129608154297,48478800.0
2019-12-26,71.20500183105469,72.49500274658203,71.17500305175781,72.47750091552734,69.8196029663086,93121200.0
2019-12-27,72.77999877929688,73.49250030517578,72.02999877929688,72.44999694824219,69.7930679321289,146266000.0
2019-12-30,72.36499786376953,73.17250061035156,71.30500030517578,72.87999725341797,70.20733642578125,144114400.0
2019-12-31,72.48249816894531,73.41999816894531,72.37999725341797,73.4124984741211,70.72029876708984,100805600.0
2020-01-01,72.48249816894531,73.41999816894531,72.37999725341797,73.4124984741211,70.72029876708984,100805600.0
2020-01-02,74.05999755859375,75.1500015258789,73.79750061035156,75.0875015258789,72.3338623046875,135480400.0
2020-01-03,74.2874984741211,75.1449966430664,74.125,74.35749816894531,71.63064575195312,146322800.0
2020-01-06,73.44750213623047,74.98999786376953,73.1875,74.94999694824219,72.201416015625,118387200.0
2020-01-07,74.95999908447266,75.2249984741211,74.37000274658203,74.59750366210938,71.86186218261719,108872000.0
2020-01-08,74.29000091552734,76.11000061035156,74.29000091552734,75.79750061035156,73.017822265625,132079200.0
2020-01-09,76.80999755859375,77.60749816894531,76.55000305175781,77.40750122070312,74.5688247680664,170108400.0
2020-01-10,77.6500015258789,78.1675033569336,77.0625,77.5824966430664,74.73737335205078,140644800.0
2020-01-13,77.91000366210938,79.26750183105469,77.7874984741211,79.23999786376953,76.33407592773438,121532000.0
2020-01-14,79.17500305175781,79.39250183105469,78.0425033569336,78.16999816894531,75.3033218383789,161954400.0
2020-01-15,77.9625015258789,78.875,77.38749694824219,77.83499908447266,74.98060607910156,121923600.0
2020-01-16,78.39749908447266,78.92500305175781,78.02249908447266,78.80999755859375,75.91985321044922,108829200.0
2020-01-17,79.06749725341797,79.68499755859375,78.75,79.68250274658203,76.7603759765625,137816400.0
2020-01-20,79.06749725341797,79.68499755859375,78.75,79.68250274658203,76.7603759765625,137816400.0
2020-01-21,79.29750061035156,79.75499725341797,79.0,79.14250183105469,76.24017333984375,110843200.0
2020-01-22,79.6449966430664,79.99749755859375,79.32749938964844,79.42500305175781,76.5123291015625,101832400.0
2020-01-23,79.4800033569336,79.88999938964844,78.9124984741211,79.80750274658203,76.88077545166016,104472000.0
2020-01-24,80.0625,80.8324966430664,79.37999725341797,79.57749938964844,76.65923309326172,146537600.0
2020-01-27,77.51499938964844,77.94249725341797,76.22000122070312,77.23750305175781,74.40502166748047,161940000.0
2020-01-28,78.1500015258789,79.5999984741211,78.04750061035156,79.42250061035156,76.5098876953125,162234000.0
2020-01-29,81.11250305175781,81.9625015258789,80.34500122070312,81.08499908447266,78.11141967773438,216229200.0
2020-01-30,80.13500213623047,81.02249908447266,79.6875,80.96749877929688,77.99821472167969,126743200.0
2020-01-31,80.23249816894531,80.66999816894531,77.07250213623047,77.37750244140625,74.5399169921875,199588400.0
2020-02-03,76.07499694824219,78.37249755859375,75.55500030517578,77.16500091552734,74.3351821899414,173788400.0
2020-02-04,78.82749938964844,79.91000366210938,78.40750122070312,79.7125015258789,76.78929138183594,136616400.0
2020-02-05,80.87999725341797,81.19000244140625,79.73750305175781,80.36250305175781,77.41542053222656,118826800.0
2020-02-06,80.64250183105469,81.30500030517578,80.06500244140625,81.30249786376953,78.32093811035156,105425600.0
2020-02-07,80.59249877929688,80.8499984741211,79.5,80.00749969482422,77.25636291503906,117684000.0
2020-02-10,78.54499816894531,80.38749694824219,78.4625015258789,80.38749694824219,77.623291015625,109348800.0
2020-02-11,80.9000015258789,80.9749984741211,79.67749786376953,79.90249633789062,77.15498352050781,94323200.0
2020-02-12,80.36750030517578,81.80500030517578,80.36750030517578,81.80000305175781,78.98723602294922,113730400.0
2020-02-13,81.04750061035156,81.55500030517578,80.8375015258789,81.21749877929688,78.42476654052734,94747600.0
2020-02-14,81.18499755859375,81.49500274658203,80.7125015258789,81.23750305175781,78.4440689086914,80113600.0
2020-02-17,81.18499755859375,81.49500274658203,80.7125015258789,81.23750305175781,78.4440689086914,80113600.0
2020-02-18,78.83999633789062,79.9375,78.65249633789062,79.75,77.00773620605469,152531200.0
2020-02-19,80.0,81.14250183105469,80.0,80.90499877929688,78.12300109863281,93984000.0
2020-02-20,80.65750122070312,81.1624984741211,79.55249786376953,80.07499694824219,77.32154083251953,100566000.0
2020-02-21,79.65499877929688,80.11250305175781,77.625,78.26249694824219,75.57137298583984,129554000.0
2020-02-24,74.31500244140625,76.04499816894531,72.30750274658203,74.54499816894531,71.98169708251953,222195200.0
2020-02-25,75.23750305175781,75.63249969482422,71.53250122070312,72.0199966430664,69.54349517822266,230673600.0
2020-02-26,71.63249969482422,74.47000122070312,71.625,73.1624984741211,70.64673614501953,198054800.0
2020-02-27,70.2750015258789,71.5,68.23999786376953,68.37999725341797,66.0286865234375,320605600.0
2020-02-28,64.31500244140625,69.60250091552734,64.09249877929688,68.33999633789062,65.99005126953125,426510000.0
2020-03-02,70.56999969482422,75.36000061035156,69.43000030517578,74.70249938964844,72.13377380371094,341397200.0
2020-03-03,75.9175033569336,76.0,71.44999694824219,72.33000183105469,69.84285736083984,319475600.0
2020-03-04,74.11000061035156,75.8499984741211,73.28250122070312,75.68499755859375,73.08248901367188,219178400.0
2020-03-05,73.87999725341797,74.88749694824219,72.85250091552734,73.2300033569336,70.71192169189453,187572800.0
2020-03-06,70.5,72.70500183105469,70.30750274658203,72.25749969482422,69.77286529541016,226176800.0
2020-03-09,65.9375,69.52249908447266,65.75,66.5425033569336,64.25436401367188,286744800.0
2020-03-10,69.28500366210938,71.61000061035156,67.34249877929688,71.33499908447266,68.882080078125,285290000.0
2020-03-11,69.34750366210938,70.30500030517578,67.96499633789062,68.85749816894531,66.48976135253906,255598800.0
2020-03-12,63.98500061035156,67.5,62.0,62.057498931884766,59.923583984375,418474000.0
2020-03-13,66.22250366210938,69.9800033569336,63.23749923706055,69.49250030517578,67.10292053222656,370732000.0
2020-03-16,60.48749923706055,64.7699966430664,60.0,60.5525016784668,58.47035217285156,322423600.0
2020-03-17,61.877498626708984,64.40249633789062,59.599998474121094,63.21500015258789,61.04130172729492,324056000.0
2020-03-18,59.942501068115234,62.5,59.279998779296875,61.66749954223633,59.5470085144043,300233600.0
2020-03-19,61.84749984741211,63.209999084472656,60.65250015258789,61.19499969482422,59.09074783325195,271857200.0
2020-03-20,61.79499816894531,62.95750045776367,57.0,57.310001373291016,55.339351654052734,401693200.0
2020-03-23,57.02000045776367,57.125,53.15250015258789,56.092498779296875,54.1637077331543,336752800.0
2020-03-24,59.09000015258789,61.92250061035156,58.57500076293945,61.720001220703125,59.59770202636719,287531200.0
2020-03-25,62.6875,64.5625,61.07500076293945,61.380001068115234,59.2693977355957,303602000.0
2020-03-26,61.630001068115234,64.66999816894531,61.59000015258789,64.61000061035156,62.3883171081543,252087200.0
2020-03-27,63.1875,63.967498779296875,61.76250076293945,61.935001373291016,59.80531692504883,204216800.0
2020-03-30,62.685001373291016,63.880001068115234,62.349998474121094,63.70249938964844,61.512020111083984,167976400.0
2020-03-31,63.900001525878906,65.62249755859375,63.0,63.5724983215332,61.38649368286133,197002000.0
2020-04-01,61.625,62.18000030517578,59.782501220703125,60.227500915527344,58.15652847290039,176218400.0
2020-04-02,60.084999084472656,61.287498474121094,59.224998474121094,61.23249816894531,59.126956939697266,165934000.0
2020-04-03,60.70000076293945,61.42499923706055,59.74250030517578,60.352500915527344,58.2772216796875,129880000.0
2020-04-06,62.724998474121094,65.77749633789062,62.345001220703125,65.61750030517578,63.36116409301758,201820400.0
2020-04-07,67.69999694824219,67.92500305175781,64.75,64.85749816894531,62.62730407714844,202887200.0
2020-04-08,65.68499755859375,66.84249877929688,65.30750274658203,66.51750183105469,64.23023223876953,168895200.0
2020-04-09,67.17500305175781,67.51750183105469,66.17500305175781,66.99749755859375,64.69373321533203,161834800.0
2020-04-10,67.17500305175781,67.51750183105469,66.17500305175781,66.99749755859375,64.69373321533203,161834800.0
2020-04-13,67.07749938964844,68.42500305175781,66.4574966430664,68.3125,65.96351623535156,131022800.0
2020-04-14,70.0,72.0625,69.51249694824219,71.76249694824219,69.29487609863281,194994800.0
2020-04-15,70.5999984741211,71.5824966430664,70.15750122070312,71.10749816894531,68.66239166259766,131154400.0
2020-04-16,71.84500122070312,72.05000305175781,70.5875015258789,71.67250061035156,69.20796966552734,157125200.0
2020-04-17,71.17250061035156,71.73750305175781,69.21499633789062,70.69999694824219,68.26888275146484,215250000.0
2020-04-20,69.48750305175781,70.41999816894531,69.2125015258789,69.23249816894531,66.85187530517578,130015200.0
2020-04-21,69.06999969482422,69.3125,66.35749816894531,67.09249877929688,64.78546905517578,180991600.0
2020-04-22,68.40249633789062,69.4749984741211,68.05000305175781,69.0250015258789,66.65150451660156,116862400.0
2020-04-23,68.96749877929688,70.4375,68.71749877929688,68.75749969482422,66.39324188232422,124814400.0
2020-04-24,69.30000305175781,70.75250244140625,69.25,70.74250030517578,68.30995178222656,126161200.0
2020-04-27,70.44999694824219,71.13500213623047,69.98750305175781,70.7925033569336,68.35822296142578,117087600.0
2020-04-28,71.2699966430664,71.4574966430664,69.55000305175781,69.6449966430664,67.25019836425781,112004800.0
2020-04-29,71.18250274658203,72.4175033569336,70.97250366210938,71.93250274658203,69.45903015136719,137280800.0
2020-04-30,72.48999786376953,73.63249969482422,72.0875015258789,73.44999694824219,70.92432403564453,183064000.0
2020-05-01,71.5625,74.75,71.4625015258789,72.26750183105469,69.78250885009766,240616800.0
2020-05-04,72.2925033569336,73.42250061035156,71.58000183105469,73.29000091552734,70.7698745727539,133568000.0
2020-05-05,73.76499938964844,75.25,73.61499786376953,74.38999938964844,71.83203887939453,147751200.0
2020-05-06,75.11499786376953,75.80999755859375,74.71749877929688,75.15750122070312,72.5731430053711,142333600.0
2020-05-07,75.80500030517578,76.2925033569336,75.49250030517578,75.93499755859375,73.32386779785156,115215200.0
2020-05-08,76.41000366210938,77.5875015258789,76.07250213623047,77.53250122070312,75.06912231445312,133838400.0
2020-05-11,77.0250015258789,79.26249694824219,76.80999755859375,78.75250244140625,76.25037384033203,145946400.0
2020-05-12,79.4574966430664,79.92250061035156,77.72750091552734,77.85250091552734,75.37896728515625,162301200.0
2020-05-13,78.0374984741211,78.98750305175781,75.80249786376953,76.9124984741211,74.46882629394531,200622400.0
2020-05-14,76.12750244140625,77.44750213623047,75.38249969482422,77.38500213623047,74.92631530761719,158929200.0
2020-05-15,75.0875015258789,76.9749984741211,75.05249786376953,76.92749786376953,74.48336029052734,166348400.0
2020-05-18,78.2925033569336,79.125,77.58000183105469,78.73999786376953,76.23825073242188,135178400.0
2020-05-19,78.75749969482422,79.62999725341797,78.25250244140625,78.28500366210938,75.7977523803711,101729600.0
2020-05-20,79.16999816894531,79.87999725341797,79.12999725341797,79.80750274658203,77.27185821533203,111504800.0
2020-05-21,79.66500091552734,80.22250366210938,78.96749877929688,79.2125015258789,76.69575500488281,102688800.0
2020-05-22,78.94249725341797,79.80750274658203,78.8375015258789,79.72250366210938,77.18956756591797,81803200.0
2020-05-25,78.94249725341797,79.80750274658203,78.8375015258789,79.72250366210938,77.18956756591797,81803200.0
2020-05-26,80.875,81.05999755859375,79.125,79.18250274658203,76.66669464111328,125522000.0
2020-05-27,79.03500366210938,79.67749786376953,78.27249908447266,79.52749633789062,77.00071716308594,112945200.0
2020-05-28,79.19249725341797,80.86000061035156,78.90750122070312,79.5625,77.03463745117188,133560800.0
2020-05-29,79.8125,80.2874984741211,79.11750030517578,79.48500061035156,76.9595947265625,153532400.0
2020-06-01,79.4375,80.5875015258789,79.30249786376953,80.4625015258789,77.90605163574219,80791200.0
2020-06-02,80.1875,80.86000061035156,79.73249816894531,80.83499908447266,78.26669311523438,87642800.0
2020-06-03,81.16500091552734,81.55000305175781,80.57499694824219,81.27999877929688,78.69755554199219,104491200.0
2020-06-04,81.09750366210938,81.40499877929688,80.19499969482422,80.58000183105469,78.0197982788086,87560400.0
2020-06-05,80.8375015258789,82.9375,80.80750274658203,82.875,80.24188995361328,137250400.0
2020-06-08,82.5625,83.4000015258789,81.83000183105469,83.36499786376953,80.71632385253906,95654400.0
2020-06-09,83.03500366210938,86.40249633789062,83.00250244140625,85.99749755859375,83.26518249511719,147712400.0
2020-06-10,86.9749984741211,88.69249725341797,86.52249908447266,88.20999908447266,85.40737915039062,166651600.0
2020-06-11,87.32749938964844,87.76499938964844,83.87000274658203,83.9749984741211,81.30692291259766,201662400.0
2020-06-12,86.18000030517578,86.94999694824219,83.55500030517578,84.69999694824219,82.0089111328125,200146000.0
2020-06-15,83.3125,86.41999816894531,83.1449966430664,85.74749755859375,83.02310943603516,138808800.0
2020-06-16,87.86499786376953,88.30000305175781,86.18000030517578,88.0199966430664,85.22342681884766,165428800.0
2020-06-17,88.7874984741211,88.8499984741211,87.77249908447266,87.89749908447266,85.10481262207031,114406400.0
2020-06-18,87.85250091552734,88.36250305175781,87.30500030517578,87.93250274658203,85.13871765136719,96820400.0
2020-06-19,88.66000366210938,89.13999938964844,86.2874984741211,87.43000030517578,84.65216827392578,264476000.0
2020-06-22,87.83499908447266,89.86499786376953,87.7874984741211,89.71749877929688,86.86697387695312,135445200.0
2020-06-23,91.0,93.09500122070312,90.56749725341797,91.63249969482422,88.72113800048828,212155600.0
2020-06-24,91.25,92.19750213623047,89.62999725341797,90.01499938964844,87.15504455566406,192623200.0
2020-06-25,90.17500305175781,91.25,89.39250183105469,91.20999908447266,88.31207275390625,137522400.0
2020-06-26,91.10250091552734,91.33000183105469,88.25499725341797,88.40750122070312,85.59862518310547,205256800.0
2020-06-29,88.3125,90.5425033569336,87.81999969482422,90.44499969482422,87.57137298583984,130646000.0
2020-06-30,90.0199966430664,91.49500274658203,90.0,91.19999694824219,88.3023681640625,140223200.0
2020-07-01,91.27999877929688,91.83999633789062,90.97750091552734,91.02749633789062,88.13536071777344,110737200.0
2020-07-02,91.9625015258789,92.61750030517578,90.91000366210938,91.02749633789062,88.13536071777344,114041600.0
2020-07-03,91.9625015258789,92.61750030517578,90.91000366210938,91.02749633789062,88.13536071777344,114041600.0
2020-07-06,92.5,93.94499969482422,92.46749877929688,93.4625015258789,90.49301147460938,118655600.0
2020-07-07,93.85250091552734,94.65499877929688,93.05750274658203,93.17250061035156,90.21221923828125,112424400.0
2020-07-08,94.18000030517578,95.375,94.08999633789062,95.34249877929688,92.31327056884766,117092000.0
2020-07-09,96.26249694824219,96.31749725341797,94.67250061035156,95.75250244140625,92.71025085449219,125642800.0
2020-07-10,95.33499908447266,95.9800033569336,94.70500183105469,95.91999816894531,92.87242126464844,90257200.0
2020-07-13,97.26499938964844,99.95500183105469,95.25749969482422,95.47750091552734,92.44398498535156,191649200.0
2020-07-14,94.83999633789062,97.25499725341797,93.87750244140625,97.05750274658203,93.97378540039062,170989200.0
2020-07-15,98.98999786376953,99.24749755859375,96.48999786376953,97.7249984741211,94.62006378173828,153198000.0
2020-07-16,96.5625,97.40499877929688,95.90499877929688,96.52249908447266,93.45577239990234,110577600.0
2020-07-17,96.98750305175781,97.14749908447266,95.83999633789062,96.32749938964844,93.2669677734375,92186800.0
2020-07-20,96.4175033569336,98.5,96.0625,98.35749816894531,95.23246765136719,90318000.0
2020-07-21,99.17250061035156,99.25,96.74250030517578,97.0,93.91810607910156,103433200.0
2020-07-22,96.69249725341797,97.9749984741211,96.60250091552734,97.27249908447266,94.18193817138672,89001600.0
2020-07-23,96.99749755859375,97.07749938964844,92.01000213623047,92.84500122070312,89.89511108398438,197004400.0
2020-07-24,90.98750305175781,92.97000122070312,89.1449966430664,92.61499786376953,89.67241668701172,185438800.0
2020-07-27,93.70999908447266,94.90499877929688,93.4800033569336,94.80999755859375,91.79767608642578,121214000.0
2020-07-28,94.36750030517578,94.55000305175781,93.24749755859375,93.25250244140625,90.2896728515625,103625600.0
2020-07-29,93.75,95.2300033569336,93.7125015258789,95.04000091552734,92.0203857421875,90329200.0
2020-07-30,94.1875,96.29750061035156,93.76750183105469,96.19000244140625,93.13384246826172,158130000.0
2020-07-31,102.88500213623047,106.41500091552734,100.82499694824219,106.26000213623047,102.88389587402344,374336800.0
2020-08-03,108.19999694824219,111.63749694824219,107.89250183105469,108.9375,105.47633361816406,308151200.0
2020-08-04,109.13249969482422,110.79000091552734,108.38749694824219,109.66500091552734,106.18072509765625,173071600.0
2020-08-05,109.37750244140625,110.39250183105469,108.89749908447266,110.0625,106.56558990478516,121776800.0
2020-08-06,110.40499877929688,114.4124984741211,109.79750061035156,113.90249633789062,110.2835693359375,202428800.0
2020-08-07,113.20500183105469,113.67500305175781,110.2925033569336,111.11250305175781,107.77619171142578,198045600.0
2020-08-10,112.5999984741211,113.7750015258789,110.0,112.72750091552734,109.34270477294922,212403600.0
2020-08-11,111.97000122070312,112.48249816894531,109.10749816894531,109.375,106.09087371826172,187902400.0
2020-08-12,110.49749755859375,113.2750015258789,110.29750061035156,113.01000213623047,109.61674499511719,165598000.0
2020-08-13,114.43000030517578,116.0425033569336,113.92749786376953,115.01000213623047,111.5566635131836,210082000.0
2020-08-14,114.83000183105469,115.0,113.04499816894531,114.90750122070312,111.45722961425781,165565200.0
2020-08-17,116.0625,116.0875015258789,113.9625015258789,114.60749816894531,111.1662368774414,119561600.0
2020-08-18,114.35250091552734,116.0,114.00749969482422,115.5625,112.09258270263672,105633600.0
2020-08-19,115.98249816894531,117.1624984741211,115.61000061035156,115.7074966430664,112.23323059082031,145538000.0
2020-08-20,115.75,118.39250183105469,115.73249816894531,118.2750015258789,114.7236328125,126907200.0
2020-08-21,119.26249694824219,124.86750030517578,119.25,124.37000274658203,120.6356201171875,338054800.0
2020-08-24,128.69749450683594,128.78500366210938,123.9375,125.85749816894531,122.07844543457031,345937600.0
2020-08-25,124.69750213623047,125.18000030517578,123.05249786376953,124.82499694824219,121.07696533203125,211495600.0
2020-08-26,126.18000030517578,126.99250030517578,125.0824966430664,126.52249908447266,122.7234878540039,163022400.0
2020-08-27,127.14250183105469,127.48500061035156,123.8324966430664,125.01000213623047,121.25640106201172,155552400.0
2020-08-28,126.01249694824219,126.44249725341797,124.57749938964844,124.80750274658203,121.05998992919922,187630000.0
2020-08-31,127.58000183105469,131.0,126.0,129.0399932861328,125.16537475585938,225702700.0
2020-09-01,132.75999450683594,134.8000030517578,130.52999877929688,134.17999267578125,130.1510467529297,151948100.0
2020-09-02,137.58999633789062,137.97999572753906,127.0,131.39999389648438,127.45452117919922,200119000.0
2020-09-03,126.91000366210938,128.83999633789062,120.5,120.87999725341797,117.25040435791016,257599600.0
2020-09-04,120.06999969482422,123.69999694824219,110.88999938964844,120.95999908447266,117.32799530029297,332607200.0
2020-09-07,120.06999969482422,123.69999694824219,110.88999938964844,120.95999908447266,117.32799530029297,332607200.0
2020-09-08,113.94999694824219,118.98999786376953,112.68000030517578,112.81999969482422,109.43240356445312,231366600.0
2020-09-09,117.26000213623047,119.13999938964844,115.26000213623047,117.31999969482422,113.79731750488281,176940500.0
2020-09-10,120.36000061035156,120.5,112.5,113.48999786376953,110.08232116699219,182274400.0
2020-09-11,114.56999969482422,115.2300033569336,110.0,112.0,108.63703155517578,180860300.0
2020-09-14,114.72000122070312,115.93000030517578,112.80000305175781,115.36000061035156,111.89615631103516,140150100.0
2020-09-15,118.33000183105469,118.83000183105469,113.61000061035156,115.54000091552734,112.07077026367188,184642000.0
2020-09-16,115.2300033569336,116.0,112.04000091552734,112.12999725341797,108.76314544677734,154679000.0
2020-09-17,109.72000122070312,112.19999694824219,108.70999908447266,110.33999633789062,107.02690887451172,178011000.0
2020-09-18,110.4000015258789,110.87999725341797,106.08999633789062,106.83999633789062,103.6319808959961,287104900.0
2020-09-21,104.54000091552734,110.19000244140625,103.0999984741211,110.08000183105469,106.77470397949219,195713800.0
2020-09-22,112.68000030517578,112.86000061035156,109.16000366210938,111.80999755859375,108.45275115966797,183055400.0
2020-09-23,111.62000274658203,112.11000061035156,106.7699966430664,107.12000274658203,103.90357971191406,150718700.0
2020-09-24,105.16999816894531,110.25,105.0,108.22000122070312,104.97053527832031,167743300.0
2020-09-25,108.43000030517578,112.44000244140625,107.66999816894531,112.27999877929688,108.90864562988281,149981400.0
2020-09-28,115.01000213623047,115.31999969482422,112.77999877929688,114.95999908447266,111.50817108154297,137672400.0
2020-09-29,114.55000305175781,115.30999755859375,113.56999969482422,114.08999633789062,110.66429901123047,99382200.0
2020-09-30,113.79000091552734,117.26000213623047,113.62000274658203,115.80999755859375,112.33265686035156,142675200.0
2020-10-01,117.63999938964844,117.72000122070312,115.83000183105469,116.79000091552734,113.28321838378906,116120400.0
2020-10-02,112.88999938964844,115.37000274658203,112.22000122070312,113.0199966430664,109.62642669677734,144712000.0
2020-10-05,113.91000366210938,116.6500015258789,113.55000305175781,116.5,113.0019302368164,106243800.0
2020-10-06,115.69999694824219,116.12000274658203,112.25,113.16000366210938,109.76221466064453,161498200.0
2020-10-07,114.62000274658203,115.55000305175781,114.12999725341797,115.08000183105469,111.62455749511719,96849000.0
2020-10-08,116.25,116.4000015258789,114.58999633789062,114.97000122070312,111.51787567138672,83477200.0
2020-10-09,115.27999877929688,117.0,114.91999816894531,116.97000122070312,113.45780944824219,100506900.0
2020-10-12,120.05999755859375,125.18000030517578,119.27999877929688,124.4000015258789,120.66473388671875,240226800.0
2020-10-13,125.2699966430664,125.38999938964844,119.6500015258789,121.0999984741211,117.46382141113281,262330500.0
2020-10-14,121.0,123.02999877929688,119.62000274658203,121.19000244140625,117.55113220214844,150712000.0
2020-10-15,118.72000122070312,121.19999694824219,118.1500015258789,120.70999908447266,117.08554077148438,112559200.0
2020-10-16,121.27999877929688,121.55000305175781,118.80999755859375,119.0199966430664,115.44625854492188,115393800.0
2020-10-19,119.95999908447266,120.41999816894531,115.66000366210938,115.9800033569336,112.4975357055664,120639300.0
2020-10-20,116.19999694824219,118.9800033569336,115.62999725341797,117.51000213623047,113.98161315917969,124423700.0
2020-10-21,116.66999816894531,118.70999908447266,116.44999694824219,116.87000274658203,113.36083221435547,89946000.0
2020-10-22,117.44999694824219,118.04000091552734,114.58999633789062,115.75,112.27444458007812,101988000.0
2020-10-23,116.38999938964844,116.55000305175781,114.27999877929688,115.04000091552734,111.58576965332031,82572600.0
2020-10-26,114.01000213623047,116.55000305175781,112.87999725341797,115.05000305175781,111.59546661376953,111850700.0
2020-10-27,115.48999786376953,117.27999877929688,114.54000091552734,116.5999984741211,113.09893035888672,92276800.0
2020-10-28,115.05000305175781,115.43000030517578,111.0999984741211,111.19999694824219,107.8610610961914,143937800.0
2020-10-29,112.37000274658203,116.93000030517578,112.19999694824219,115.31999969482422,111.85736846923828,146129200.0
2020-10-30,111.05999755859375,111.98999786376953,107.72000122070312,108.86000061035156,105.59131622314453,190272600.0
2020-11-02,109.11000061035156,110.68000030517578,107.31999969482422,108.7699966430664,105.5040054321289,122866900.0
2020-11-03,109.66000366210938,111.48999786376953,108.7300033569336,110.44000244140625,107.12388610839844,107624400.0
2020-11-04,114.13999938964844,115.58999633789062,112.3499984741211,114.94999694824219,111.49845886230469,138235500.0
2020-11-05,117.94999694824219,119.62000274658203,116.87000274658203,119.02999877929688,115.45596313476562,126387100.0
2020-11-06,118.31999969482422,119.19999694824219,116.12999725341797,118.69000244140625,115.32479858398438,114457900.0
2020-11-09,120.5,121.98999786376953,116.05000305175781,116.31999969482422,113.02198028564453,154515300.0
2020-11-10,115.55000305175781,117.58999633789062,114.12999725341797,115.97000122070312,112.68191528320312,138023400.0
2020-11-11,117.19000244140625,119.62999725341797,116.44000244140625,119.48999786376953,116.10211181640625,112295000.0
2020-11-12,119.62000274658203,120.52999877929688,118.56999969482422,119.20999908447266,115.83006286621094,103162300.0
2020-11-13,119.44000244140625,119.66999816894531,117.87000274658203,119.26000213623047,115.8786392211914,81581900.0
2020-11-16,118.91999816894531,120.98999786376953,118.1500015258789,120.30000305175781,116.88916015625,91183000.0
2020-11-17,119.55000305175781,120.66999816894531,118.95999908447266,119.38999938964844,116.00495147705078,74271000.0
2020-11-18,118.61000061035156,119.81999969482422,118.0,118.02999877929688,114.68350219726562,76322100.0
2020-11-19,117.58999633789062,119.05999755859375,116.80999755859375,118.63999938964844,115.27619934082031,74113000.0
2020-11-20,118.63999938964844,118.7699966430664,117.29000091552734,117.33999633789062,114.01306915283203,73604300.0
2020-11-23,117.18000030517578,117.62000274658203,113.75,113.8499984741211,110.62201690673828,127959300.0
2020-11-24,113.91000366210938,115.8499984741211,112.58999633789062,115.16999816894531,111.90457916259766,113874200.0
2020-11-25,115.55000305175781,116.75,115.16999816894531,116.02999877929688,112.74022674560547,76499200.0
2020-11-26,115.55000305175781,116.75,115.16999816894531,116.02999877929688,112.74022674560547,76499200.0
2020-11-27,116.56999969482422,117.48999786376953,116.22000122070312,116.58999633789062,113.2843246459961,46691300.0
2020-11-30,116.97000122070312,120.97000122070312,116.80999755859375,119.05000305175781,115.67456817626953,169410200.0
2020-12-01,121.01000213623047,123.47000122070312,120.01000213623047,122.72000122070312,119.24053955078125,127728200.0
2020-12-02,122.0199966430664,123.37000274658203,120.88999938964844,123.08000183105469,119.59032440185547,89004200.0
2020-12-03,123.5199966430664,123.77999877929688,122.20999908447266,122.94000244140625,119.45429992675781,78967600.0
2020-12-04,122.5999984741211,122.86000061035156,121.5199966430664,122.25,118.78385162353516,78260400.0
2020-12-07,122.30999755859375,124.56999969482422,122.25,123.75,120.2413330078125,86712000.0
2020-12-08,124.37000274658203,124.9800033569336,123.08999633789062,124.37999725341797,120.85345458984375,82225500.0
2020-12-09,124.52999877929688,125.94999694824219,121.0,121.77999877929688,118.32720184326172,115089200.0
2020-12-10,120.5,123.87000274658203,120.1500015258789,123.23999786376953,119.74578857421875,81312200.0
2020-12-11,122.43000030517578,122.76000213623047,120.55000305175781,122.41000366210938,118.93931579589844,86939800.0
2020-12-14,122.5999984741211,123.3499984741211,121.54000091552734,121.77999877929688,118.32720184326172,79184500.0
2020-12-15,124.33999633789062,127.9000015258789,124.12999725341797,127.87999725341797,124.25422668457031,157243700.0
2020-12-16,127.41000366210938,128.3699951171875,126.55999755859375,127.80999755859375,124.18620300292969,98208600.0
2020-12-17,128.89999389648438,129.5800018310547,128.0399932861328,128.6999969482422,125.05097961425781,94359800.0
2020-12-18,128.9600067138672,129.10000610351562,126.12000274658203,126.66000366210938,123.06885528564453,192541500.0
2020-12-21,125.0199966430664,128.30999755859375,123.44999694824219,128.22999572753906,124.59429168701172,121251600.0
2020-12-22,131.61000061035156,134.41000366210938,129.64999389648438,131.8800048828125,128.14083862304688,168904800.0
2020-12-23,132.16000366210938,132.42999267578125,130.77999877929688,130.9600067138672,127.24691009521484,88223700.0
2020-12-24,131.32000732421875,133.4600067138672,131.10000610351562,131.97000122070312,128.228271484375,54930100.0
2020-12-25,131.32000732421875,133.4600067138672,131.10000610351562,131.97000122070312,128.228271484375,54930100.0
2020-12-28,133.99000549316406,137.33999633789062,133.50999450683594,136.69000244140625,132.814453125,124486200.0
2020-12-29,138.0500030517578,138.7899932861328,134.33999633789062,134.8699951171875,131.04603576660156,121047300.0
2020-12-30,135.5800018310547,135.99000549316406,133.39999389648438,133.72000122070312,129.92864990234375,96452100.0
2020-12-31,134.0800018310547,134.74000549316406,131.72000122070312,132.69000244140625,128.92782592773438,99116600.0
2021-01-01,134.0800018310547,134.74000549316406,131.72000122070312,132.69000244140625,128.92782592773438,99116600.0
2021-01-04,133.52000427246094,133.61000061035156,126.76000213623047,129.41000366210938,125.74085235595703,143301900.0
2021-01-05,128.88999938964844,131.74000549316406,128.42999267578125,131.00999450683594,127.29547119140625,97664900.0
2021-01-06,127.72000122070312,131.0500030517578,126.37999725341797,126.5999984741211,123.010498046875,155088000.0
2021-01-07,128.36000061035156,131.6300048828125,127.86000061035156,130.9199981689453,127.2080307006836,109578200.0
2021-01-08,132.42999267578125,132.6300048828125,130.22999572753906,132.0500030517578,128.30604553222656,105158200.0
2021-01-11,129.19000244140625,130.1699981689453,128.5,128.97999572753906,125.32305145263672,100384500.0
2021-01-12,128.5,129.69000244140625,126.86000061035156,128.8000030517578,125.14816284179688,91951100.0
2021-01-13,128.75999450683594,131.4499969482422,128.49000549316406,130.88999938964844,127.17888641357422,88636800.0
2021-01-14,130.8000030517578,131.0,128.75999450683594,128.91000366210938,125.25503540039062,90221800.0
2021-01-15,128.77999877929688,130.22000122070312,127.0,127.13999938964844,123.53520965576172,111598500.0
2021-01-18,128.77999877929688,130.22000122070312,127.0,127.13999938964844,123.53520965576172,111598500.0
2021-01-19,127.77999877929688,128.7100067138672,126.94000244140625,127.83000183105469,124.2056655883789,90757300.0
2021-01-20,128.66000366210938,132.49000549316406,128.5500030517578,132.02999877929688,128.28656005859375,104319500.0
2021-01-21,133.8000030517578,139.6699981689453,133.58999633789062,136.8699951171875,132.9893341064453,120150900.0
2021-01-22,136.27999877929688,139.85000610351562,135.02000427246094,139.07000732421875,135.12698364257812,114459400.0
2021-01-25,143.07000732421875,145.08999633789062,136.5399932861328,142.9199981689453,138.86776733398438,157611700.0
2021-01-26,143.60000610351562,144.3000030517578,141.3699951171875,143.16000366210938,139.1010284423828,98390600.0
2021-01-27,143.42999267578125,144.3000030517578,140.41000366210938,142.05999755859375,138.03219604492188,140843800.0
2021-01-28,139.52000427246094,141.99000549316406,136.6999969482422,137.08999633789062,133.20314025878906,142621100.0
2021-01-29,135.8300018310547,136.74000549316406,130.2100067138672,131.9600067138672,128.21853637695312,177523800.0
2021-02-01,133.75,135.3800048828125,130.92999267578125,134.13999938964844,130.3367462158203,106239800.0
2021-02-02,135.72999572753906,136.30999755859375,134.61000061035156,134.99000549316406,131.16265869140625,83305400.0
2021-02-03,135.75999450683594,135.77000427246094,133.61000061035156,133.94000244140625,130.14244079589844,89880900.0
2021-02-04,136.3000030517578,137.39999389648438,134.58999633789062,137.38999938964844,133.49464416503906,84183100.0
2021-02-05,137.35000610351562,137.4199981689453,135.86000061035156,136.75999450683594,133.0810089111328,75693800.0
2021-02-08,136.02999877929688,136.9600067138672,134.9199981689453,136.91000366210938,133.2269744873047,71297200.0
2021-02-09,136.6199951171875,137.8800048828125,135.85000610351562,136.00999450683594,132.35121154785156,76774200.0
2021-02-10,136.47999572753906,136.99000549316406,134.39999389648438,135.38999938964844,131.7478790283203,73046600.0
2021-02-11,135.89999389648438,136.38999938964844,133.77000427246094,135.1300048828125,131.494873046875,64280000.0
2021-02-12,134.35000610351562,135.52999877929688,133.69000244140625,135.3699951171875,131.7284393310547,60145100.0
2021-02-15,134.35000610351562,135.52999877929688,133.69000244140625,135.3699951171875,131.7284393310547,60145100.0
2021-02-16,135.49000549316406,136.00999450683594,132.7899932861328,133.19000244140625,129.60707092285156,80576300.0
2021-02-17,131.25,132.22000122070312,129.47000122070312,130.83999633789062,127.32025909423828,97918500.0
2021-02-18,129.1999969482422,130.0,127.41000366210938,129.7100067138672,126.220703125,96856700.0
2021-02-19,130.24000549316406,130.7100067138672,128.8000030517578,129.8699951171875,126.3763656616211,87668800.0
2021-02-22,128.00999450683594,129.72000122070312,125.5999984741211,126.0,122.6104736328125,103916400.0
2021-02-23,123.76000213623047,126.70999908447266,118.38999938964844,125.86000061035156,122.47425842285156,158273000.0
2021-02-24,124.94000244140625,125.55999755859375,122.2300033569336,125.3499984741211,121.97797393798828,111039900.0
2021-02-25,124.68000030517578,126.45999908447266,120.54000091552734,120.98999786376953,117.73524475097656,148199500.0
2021-02-26,122.58999633789062,124.8499984741211,121.19999694824219,121.26000213623047,117.99798583984375,164560400.0
2021-03-01,123.75,127.93000030517578,122.79000091552734,127.79000091552734,124.3523178100586,116307900.0
2021-03-02,128.41000366210938,128.72000122070312,125.01000213623047,125.12000274658203,121.75414276123047,102260900.0
2021-03-03,124.80999755859375,125.70999908447266,121.83999633789062,122.05999755859375,118.77648162841797,112966300.0
2021-03-04,121.75,123.5999984741211,118.62000274658203,120.12999725341797,116.89839172363281,178155000.0
2021-03-05,120.9800033569336,121.94000244140625,117.56999969482422,121.41999816894531,118.15370178222656,153766600.0
2021-03-08,120.93000030517578,121.0,116.20999908447266,116.36000061035156,113.22980499267578,154376600.0
2021-03-09,119.02999877929688,122.05999755859375,118.79000091552734,121.08999633789062,117.83256530761719,129525800.0
2021-03-10,121.69000244140625,122.16999816894531,119.44999694824219,119.9800033569336,116.75242614746094,111943300.0
2021-03-11,122.54000091552734,123.20999908447266,121.26000213623047,121.95999908447266,118.67913055419922,103026500.0
2021-03-12,120.4000015258789,121.16999816894531,119.16000366210938,121.02999877929688,117.77417755126953,88105100.0
2021-03-15,121.41000366210938,124.0,120.41999816894531,123.98999786376953,120.65453338623047,92403800.0
2021-03-16,125.69999694824219,127.22000122070312,124.72000122070312,125.56999969482422,122.19203186035156,115227900.0
2021-03-17,124.05000305175781,125.86000061035156,122.33999633789062,124.76000213623047,121.40382385253906,111932600.0
2021-03-18,122.87999725341797,123.18000030517578,120.31999969482422,120.52999877929688,117.28760528564453,121229700.0
2021-03-19,119.9000015258789,121.43000030517578,119.68000030517578,119.98999786376953,116.76215362548828,185549500.0
2021-03-22,120.33000183105469,123.87000274658203,120.26000213623047,123.38999938964844,120.07069396972656,111912300.0
2021-03-23,123.33000183105469,124.23999786376953,122.13999938964844,122.54000091552734,119.2435302734375,95467100.0
2021-03-24,122.81999969482422,122.9000015258789,120.06999969482422,120.08999633789062,116.85945129394531,88530500.0
2021-03-25,119.54000091552734,121.66000366210938,119.0,120.58999633789062,117.34598541259766,98844700.0
2021-03-26,120.3499984741211,121.4800033569336,118.91999816894531,121.20999908447266,117.9493408203125,94071200.0
2021-03-29,121.6500015258789,122.58000183105469,120.7300033569336,121.38999938964844,118.1244888305664,80819200.0
2021-03-30,120.11000061035156,120.4000015258789,118.86000061035156,119.9000015258789,116.67459106445312,85671900.0
2021-03-31,121.6500015258789,123.5199966430664,121.1500015258789,122.1500015258789,118.86405944824219,118323800.0
2021-04-01,123.66000366210938,124.18000030517578,122.48999786376953,123.0,119.69119262695312,75089100.0
2021-04-02,123.66000366210938,124.18000030517578,122.48999786376953,123.0,119.69119262695312,75089100.0
2021-04-05,123.87000274658203,126.16000366210938,123.06999969482422,125.9000015258789,122.51317596435547,88651200.0
2021-04-06,126.5,127.12999725341797,125.6500015258789,126.20999908447266,122.8148193359375,80171300.0
2021-04-07,125.83000183105469,127.91999816894531,125.13999938964844,127.9000015258789,124.45936584472656,83466700.0
2021-04-08,128.9499969482422,130.38999938964844,128.52000427246094,130.36000061035156,126.8531723022461,88844600.0
2021-04-09,129.8000030517578,133.0399932861328,129.47000122070312,133.0,129.42221069335938,106686700.0
2021-04-12,132.52000427246094,132.85000610351562,130.6300048828125,131.24000549316406,127.70954895019531,91420000.0
2021-04-13,132.44000244140625,134.66000366210938,131.92999267578125,134.42999267578125,130.8136749267578,91266500.0
2021-04-14,134.94000244140625,135.0,131.66000366210938,132.02999877929688,128.47825622558594,87222800.0
2021-04-15,133.82000732421875,135.0,133.63999938964844,134.5,130.88186645507812,89347100.0
2021-04-16,134.3000030517578,134.6699981689453,133.27999877929688,134.16000366210938,130.55096435546875,84922400.0
2021-04-19,133.50999450683594,135.47000122070312,133.33999633789062,134.83999633789062,131.21266174316406,94264200.0
2021-04-20,135.02000427246094,135.52999877929688,131.80999755859375,133.11000061035156,129.52920532226562,94812300.0
2021-04-21,132.36000061035156,133.75,131.3000030517578,133.5,129.90875244140625,68847100.0
2021-04-22,133.0399932861328,134.14999389648438,131.41000366210938,131.94000244140625,128.39068603515625,84566500.0
2021-04-23,132.16000366210938,135.1199951171875,132.16000366210938,134.32000732421875,130.70668029785156,78657500.0
2021-04-26,134.8300018310547,135.05999755859375,133.55999755859375,134.72000122070312,131.0959014892578,66905100.0
2021-04-27,135.00999450683594,135.41000366210938,134.11000061035156,134.38999938964844,130.7747802734375,66015800.0
2021-04-28,134.30999755859375,135.02000427246094,133.0800018310547,133.5800018310547,129.98658752441406,107760100.0
2021-04-29,136.47000122070312,137.07000732421875,132.4499969482422,133.47999572753906,129.88925170898438,151101000.0
2021-04-30,131.77999877929688,133.55999755859375,131.07000732421875,131.4600067138672,127.92359161376953,109839500.0
2021-05-03,132.0399932861328,134.07000732421875,131.8300018310547,132.5399932861328,128.97451782226562,75135100.0
2021-05-04,131.19000244140625,131.49000549316406,126.69999694824219,127.8499984741211,124.41070556640625,137564700.0
2021-05-05,129.1999969482422,130.4499969482422,127.97000122070312,128.10000610351562,124.65399932861328,84000900.0
2021-05-06,127.88999938964844,129.75,127.12999725341797,129.74000549316406,126.2498550415039,78128300.0
2021-05-07,130.85000610351562,131.25999450683594,129.47999572753906,130.2100067138672,126.92244720458984,78973300.0
2021-05-10,129.41000366210938,129.5399932861328,126.80999755859375,126.8499984741211,123.64727783203125,88071200.0
2021-05-11,123.5,126.2699966430664,122.7699966430664,125.91000366210938,122.73101806640625,126142800.0
2021-05-12,123.4000015258789,124.63999938964844,122.25,122.7699966430664,119.67027282714844,112172300.0
2021-05-13,124.58000183105469,126.1500015258789,124.26000213623047,124.97000122070312,121.81475067138672,105861300.0
2021-05-14,126.25,127.88999938964844,125.8499984741211,127.44999694824219,124.23212432861328,81918000.0
2021-05-17,126.81999969482422,126.93000030517578,125.16999816894531,126.2699966430664,123.08190155029297,74244600.0
2021-05-18,126.55999755859375,126.98999786376953,124.77999877929688,124.8499984741211,121.6977767944336,63342900.0
2021-05-19,123.16000366210938,124.91999816894531,122.86000061035156,124.69000244140625,121.54182434082031,92612000.0
2021-05-20,125.2300033569336,127.72000122070312,125.0999984741211,127.30999755859375,124.09566497802734,76857100.0
2021-05-21,127.81999969482422,128.0,125.20999908447266,125.43000030517578,122.26313018798828,79295400.0
2021-05-24,126.01000213623047,127.94000244140625,125.94000244140625,127.0999984741211,123.8909683227539,63092900.0
2021-05-25,127.81999969482422,128.32000732421875,126.31999969482422,126.9000015258789,123.69600677490234,72009500.0
2021-05-26,126.95999908447266,127.38999938964844,126.41999816894531,126.8499984741211,123.64727783203125,56575900.0
2021-05-27,126.44000244140625,127.63999938964844,125.08000183105469,125.27999877929688,122.1169204711914,94625600.0
2021-05-28,125.56999969482422,125.80000305175781,124.55000305175781,124.61000061035156,121.46382904052734,71311100.0
2021-05-31,125.56999969482422,125.80000305175781,124.55000305175781,124.61000061035156,121.46382904052734,71311100.0
2021-06-01,125.08000183105469,125.3499984741211,123.94000244140625,124.27999877929688,121.14217376708984,67637100.0
2021-06-02,124.27999877929688,125.23999786376953,124.05000305175781,125.05999755859375,121.90247344970703,59278900.0
2021-06-03,124.68000030517578,124.8499984741211,123.12999725341797,123.54000091552734,120.42084503173828,76229200.0
2021-06-04,124.06999969482422,126.16000366210938,123.8499984741211,125.88999938964844,122.7115249633789,75169300.0
2021-06-07,126.16999816894531,126.31999969482422,124.83000183105469,125.9000015258789,122.72127532958984,71057600.0
2021-06-08,126.5999984741211,128.4600067138672,126.20999908447266,126.73999786376953,123.54005432128906,74403800.0
2021-06-09,127.20999908447266,127.75,126.5199966430664,127.12999725341797,123.92020416259766,56877900.0
2021-06-10,127.0199966430664,128.19000244140625,125.94000244140625,126.11000061035156,122.92594909667969,71186400.0
2021-06-11,126.52999877929688,127.44000244140625,126.0999984741211,127.3499984741211,124.1346435546875,53522400.0
2021-06-14,127.81999969482422,130.5399932861328,127.06999969482422,130.47999572753906,127.18562316894531,96906500.0
2021-06-15,129.94000244140625,130.60000610351562,129.38999938964844,129.63999938964844,126.36682891845703,62746300.0
2021-06-16,130.3699951171875,130.88999938964844,128.4600067138672,130.14999389648438,126.86396789550781,91815000.0
2021-06-17,129.8000030517578,132.5500030517578,129.64999389648438,131.7899932861328,128.46258544921875,96721700.0
2021-06-18,130.7100067138672,131.50999450683594,130.24000549316406,130.4600067138672,127.1661376953125,108953300.0
2021-06-21,130.3000030517578,132.41000366210938,129.2100067138672,132.3000030517578,128.95968627929688,79663300.0
2021-06-22,132.1300048828125,134.0800018310547,131.6199951171875,133.97999572753906,130.59722900390625,74783600.0
2021-06-23,133.77000427246094,134.32000732421875,133.22999572753906,133.6999969482422,130.32432556152344,60214200.0
2021-06-24,134.4499969482422,134.63999938964844,132.92999267578125,133.41000366210938,130.04168701171875,68711000.0
2021-06-25,133.4600067138672,133.88999938964844,132.80999755859375,133.11000061035156,129.74920654296875,70783700.0
2021-06-28,133.41000366210938,135.25,133.35000610351562,134.77999877929688,131.3770294189453,62111300.0
2021-06-29,134.8000030517578,136.49000549316406,134.35000610351562,136.3300018310547,132.88792419433594,64556100.0
2021-06-30,136.1699981689453,137.41000366210938,135.8699951171875,136.9600067138672,133.5020294189453,63261400.0
2021-07-01,136.60000610351562,137.3300018310547,135.75999450683594,137.27000427246094,133.80416870117188,52485800.0
2021-07-02,137.89999389648438,140.0,137.75,139.9600067138672,136.42625427246094,78852600.0
2021-07-05,137.89999389648438,140.0,137.75,139.9600067138672,136.42625427246094,78852600.0
2021-07-06,140.07000732421875,143.14999389648438,140.07000732421875,142.02000427246094,138.4342803955078,108181800.0
2021-07-07,143.5399932861328,144.88999938964844,142.66000366210938,144.57000732421875,140.91989135742188,104911600.0
2021-07-08,141.5800018310547,144.05999755859375,140.6699981689453,143.24000549316406,139.62347412109375,105575500.0
2021-07-09,142.75,145.64999389648438,142.64999389648438,145.11000061035156,141.4462127685547,99890800.0
2021-07-12,146.2100067138672,146.32000732421875,144.0,144.5,140.85162353515625,76299700.0
2021-07-13,144.02999877929688,147.4600067138672,143.6300048828125,145.63999938964844,141.96286010742188,100827100.0
2021-07-14,148.10000610351562,149.57000732421875,147.67999267578125,149.14999389648438,145.38424682617188,127050800.0
2021-07-15,149.24000549316406,150.0,147.08999633789062,148.47999572753906,144.7311553955078,106820300.0
2021-07-16,148.4600067138672,149.75999450683594,145.8800048828125,146.38999938964844,142.69390869140625,93251400.0
2021-07-19,143.75,144.07000732421875,141.6699981689453,142.4499969482422,138.85340881347656,121434600.0
2021-07-20,143.4600067138672,147.10000610351562,142.9600067138672,146.14999389648438,142.45999145507812,96350000.0
2021-07-21,145.52999877929688,146.1300048828125,144.6300048828125,145.39999389648438,141.72891235351562,74993500.0
2021-07-22,145.94000244140625,148.1999969482422,145.80999755859375,146.8000030517578,143.09361267089844,77338200.0
2021-07-23,147.5500030517578,148.72000122070312,146.9199981689453,148.55999755859375,144.80914306640625,71447400.0
2021-07-26,148.27000427246094,149.8300018310547,147.6999969482422,148.99000549316406,145.22828674316406,72434100.0
2021-07-27,149.1199951171875,149.2100067138672,145.5500030517578,146.77000427246094,143.06434631347656,104818600.0
2021-07-28,144.80999755859375,146.97000122070312,142.5399932861328,144.97999572753906,141.3195037841797,118931200.0
2021-07-29,144.69000244140625,146.5500030517578,144.5800018310547,145.63999938964844,141.96286010742188,56699500.0
2021-07-30,144.3800048828125,146.3300018310547,144.11000061035156,145.86000061035156,142.17733764648438,70440600.0
2021-08-02,146.36000061035156,146.9499969482422,145.25,145.52000427246094,141.84593200683594,62880000.0
2021-08-03,145.80999755859375,148.0399932861328,145.17999267578125,147.36000061035156,143.63946533203125,64786600.0
2021-08-04,147.27000427246094,147.7899932861328,146.27999877929688,146.9499969482422,143.23977661132812,56368300.0
2021-08-05,146.97999572753906,147.83999633789062,146.1699981689453,147.05999755859375,143.34701538085938,46397700.0
2021-08-06,146.35000610351562,147.11000061035156,145.6300048828125,146.13999938964844,142.66366577148438,54126800.0
2021-08-09,146.1999969482422,146.6999969482422,145.52000427246094,146.08999633789062,142.6148681640625,48908700.0
2021-08-10,146.44000244140625,147.7100067138672,145.3000030517578,145.60000610351562,142.1365203857422,69023100.0
2021-08-11,146.0500030517578,146.72000122070312,145.52999877929688,145.86000061035156,142.39031982421875,48493500.0
2021-08-12,146.19000244140625,149.0500030517578,145.83999633789062,148.88999938964844,145.34825134277344,72282600.0
2021-08-13,148.97000122070312,149.44000244140625,148.27000427246094,149.10000610351562,145.55328369140625,59375000.0
2021-08-16,148.5399932861328,151.19000244140625,146.47000122070312,151.1199951171875,147.52523803710938,103296000.0
2021-08-17,150.22999572753906,151.67999267578125,149.08999633789062,150.19000244140625,146.61734008789062,92229700.0
2021-08-18,149.8000030517578,150.72000122070312,146.14999389648438,146.36000061035156,142.87844848632812,86326000.0
2021-08-19,145.02999877929688,148.0,144.5,146.6999969482422,143.21031188964844,86960300.0
2021-08-20,147.44000244140625,148.5,146.77999877929688,148.19000244140625,144.6649169921875,60549600.0
2021-08-23,148.30999755859375,150.19000244140625,147.88999938964844,149.7100067138672,146.14874267578125,60131800.0
2021-08-24,149.4499969482422,150.86000061035156,149.14999389648438,149.6199951171875,146.06088256835938,48606400.0
2021-08-25,149.80999755859375,150.32000732421875,147.8000030517578,148.36000061035156,144.83087158203125,58991300.0
2021-08-26,148.35000610351562,149.1199951171875,147.50999450683594,147.5399932861328,144.03041076660156,48597200.0
2021-08-27,147.47999572753906,148.75,146.8300018310547,148.60000610351562,145.06515502929688,55802400.0
2021-08-30,149.0,153.49000549316406,148.61000061035156,153.1199951171875,149.47763061523438,90956700.0
2021-08-31,152.66000366210938,152.8000030517578,151.2899932861328,151.8300018310547,148.21836853027344,86453100.0
2021-09-01,152.8300018310547,154.97999572753906,152.33999633789062,152.50999450683594,148.8821258544922,80313700.0
2021-09-02,153.8699951171875,154.72000122070312,152.39999389648438,153.64999389648438,149.99502563476562,71115500.0
2021-09-03,153.75999450683594,154.6300048828125,153.08999633789062,154.3000030517578,150.6295928955078,57808700.0
2021-09-06,153.75999450683594,154.6300048828125,153.08999633789062,154.3000030517578,150.6295928955078,57808700.0
2021-09-07,154.97000122070312,157.25999450683594,154.38999938964844,156.69000244140625,152.9626922607422,82278300.0
2021-09-08,156.97999572753906,157.0399932861328,153.97999572753906,155.11000061035156,151.4202880859375,74420200.0
2021-09-09,155.49000549316406,156.11000061035156,153.9499969482422,154.07000732421875,150.40504455566406,57305700.0
2021-09-10,155.0,155.47999572753906,148.6999969482422,148.97000122070312,145.4263458251953,140893200.0
2021-09-13,150.6300048828125,151.4199981689453,148.75,149.5500030517578,145.99256896972656,102404300.0
2021-09-14,150.35000610351562,151.07000732421875,146.91000366210938,148.1199951171875,144.59654235839844,109296300.0
2021-09-15,148.55999755859375,149.44000244140625,146.3699951171875,149.02999877929688,145.48492431640625,83281300.0
2021-09-16,148.44000244140625,148.97000122070312,147.22000122070312,148.7899932861328,145.2506103515625,68034100.0
2021-09-17,148.82000732421875,148.82000732421875,145.75999450683594,146.05999755859375,142.58555603027344,129868800.0
2021-09-20,143.8000030517578,144.83999633789062,141.27000427246094,142.94000244140625,139.53981018066406,123478900.0
2021-09-21,143.92999267578125,144.60000610351562,142.77999877929688,143.42999267578125,140.01812744140625,75834000.0
2021-09-22,144.4499969482422,146.42999267578125,143.6999969482422,145.85000610351562,142.3805694580078,76404300.0
2021-09-23,146.64999389648438,147.0800018310547,145.63999938964844,146.8300018310547,143.33726501464844,64838200.0
2021-09-24,145.66000366210938,147.47000122070312,145.55999755859375,146.9199981689453,143.4250946044922,53477900.0
2021-09-27,145.47000122070312,145.9600067138672,143.82000732421875,145.3699951171875,141.9119873046875,74150700.0
2021-09-28,143.25,144.75,141.69000244140625,141.91000366210938,138.53428649902344,108972300.0
2021-09-29,142.47000122070312,144.4499969482422,142.02999877929688,142.8300018310547,139.4324188232422,74602000.0
2021-09-30,143.66000366210938,144.3800048828125,141.27999877929688,141.5,138.13404846191406,89056700.0
2021-10-01,141.89999389648438,142.9199981689453,139.11000061035156,142.64999389648438,139.25668334960938,94639600.0
2021-10-04,141.75999450683594,142.2100067138672,138.27000427246094,139.13999938964844,135.8301544189453,98322000.0
2021-10-05,139.49000549316406,142.24000549316406,139.36000061035156,141.11000061035156,137.7532958984375,80861100.0
2021-10-06,139.47000122070312,142.14999389648438,138.3699951171875,142.0,138.62217712402344,83221100.0
2021-10-07,143.05999755859375,144.22000122070312,142.72000122070312,143.2899932861328,139.88145446777344,61732700.0
2021-10-08,144.02999877929688,144.17999267578125,142.55999755859375,142.89999389648438,139.50074768066406,58773200.0
2021-10-11,142.27000427246094,144.80999755859375,141.80999755859375,142.80999755859375,139.41285705566406,64452200.0
2021-10-12,143.22999572753906,143.25,141.0399932861328,141.50999450683594,138.14382934570312,73035900.0
2021-10-13,141.24000549316406,141.39999389648438,139.1999969482422,140.91000366210938,137.55809020996094,78762700.0
2021-10-14,142.11000061035156,143.8800048828125,141.50999450683594,143.75999450683594,140.34024047851562,69907100.0
2021-10-15,143.77000427246094,144.89999389648438,143.50999450683594,144.83999633789062,141.39459228515625,67940300.0
2021-10-18,143.4499969482422,146.83999633789062,143.16000366210938,146.5500030517578,143.0639190673828,85589200.0
2021-10-19,147.00999450683594,149.1699981689453,146.5500030517578,148.75999450683594,145.2213592529297,76378900.0
2021-10-20,148.6999969482422,149.75,148.1199951171875,149.25999450683594,145.7094268798828,58418800.0
2021-10-21,148.80999755859375,149.63999938964844,147.8699951171875,149.47999572753906,145.92420959472656,61421000.0
2021-10-22,149.69000244140625,150.17999267578125,148.63999938964844,148.69000244140625,145.1530303955078,58883400.0
2021-10-25,148.67999267578125,149.3699951171875,147.6199951171875,148.63999938964844,145.10418701171875,50720600.0
2021-10-26,149.3300018310547,150.83999633789062,149.00999450683594,149.32000732421875,145.76803588867188,60893400.0
2021-10-27,149.36000061035156,149.72999572753906,148.49000549316406,148.85000610351562,145.3092041015625,56094900.0
2021-10-28,149.82000732421875,153.1699981689453,149.72000122070312,152.57000732421875,148.94068908691406,100077900.0
2021-10-29,147.22000122070312,149.94000244140625,146.41000366210938,149.8000030517578,146.23663330078125,124953200.0
2021-11-01,148.99000549316406,149.6999969482422,147.8000030517578,148.9600067138672,145.41656494140625,74588300.0
2021-11-02,148.66000366210938,151.57000732421875,148.64999389648438,150.02000427246094,146.45138549804688,69122000.0
2021-11-03,150.38999938964844,151.97000122070312,149.82000732421875,151.49000549316406,147.8864288330078,54511500.0
2021-11-04,151.5800018310547,152.42999267578125,150.63999938964844,150.9600067138672,147.36903381347656,60394600.0
2021-11-05,151.88999938964844,152.1999969482422,150.05999755859375,151.27999877929688,147.8968963623047,65463900.0
2021-11-08,151.41000366210938,151.57000732421875,150.16000366210938,150.44000244140625,147.07571411132812,55020900.0
2021-11-09,150.1999969482422,151.42999267578125,150.05999755859375,150.80999755859375,147.43743896484375,56787900.0
2021-11-10,150.02000427246094,150.1300048828125,147.85000610351562,147.9199981689453,144.61207580566406,65187100.0
2021-11-11,148.9600067138672,149.42999267578125,147.67999267578125,147.8699951171875,144.56317138671875,41000000.0
2021-11-12,148.42999267578125,150.39999389648438,147.47999572753906,149.99000549316406,146.6357879638672,63804000.0
2021-11-15,150.3699951171875,151.8800048828125,149.42999267578125,150.0,146.6455841064453,59222800.0
2021-11-16,149.94000244140625,151.49000549316406,149.33999633789062,151.0,147.62319946289062,59256200.0
2021-11-17,151.0,155.0,150.99000549316406,153.49000549316406,150.05751037597656,88807000.0
2021-11-18,153.7100067138672,158.6699981689453,153.0500030517578,157.8699951171875,154.33958435058594,137827700.0
2021-11-19,157.64999389648438,161.02000427246094,156.52999877929688,160.5500030517578,156.95962524414062,117305600.0
2021-11-22,161.67999267578125,165.6999969482422,161.0,161.02000427246094,157.4191436767578,117467900.0
2021-11-23,161.1199951171875,161.8000030517578,159.05999755859375,161.41000366210938,157.8004150390625,96041900.0
2021-11-24,160.75,162.13999938964844,159.63999938964844,161.94000244140625,158.3185577392578,69463600.0
2021-11-25,160.75,162.13999938964844,159.63999938964844,161.94000244140625,158.3185577392578,69463600.0
2021-11-26,159.57000732421875,160.4499969482422,156.36000061035156,156.80999755859375,153.3032684326172,76959800.0
2021-11-29,159.3699951171875,161.19000244140625,158.7899932861328,160.24000549316406,156.65655517578125,88748200.0
2021-11-30,159.99000549316406,165.52000427246094,159.9199981689453,165.3000030517578,161.60337829589844,174048100.0
2021-12-01,167.47999572753906,170.3000030517578,164.52999877929688,164.77000427246094,161.0852508544922,152052500.0
2021-12-02,158.74000549316406,164.1999969482422,157.8000030517578,163.75999450683594,160.09788513183594,136739200.0
2021-12-03,164.02000427246094,164.9600067138672,159.72000122070312,161.83999633789062,158.2207794189453,118023100.0
2021-12-06,164.2899932861328,167.8800048828125,164.27999877929688,165.32000732421875,161.6230010986328,107497000.0
2021-12-07,169.0800018310547,171.5800018310547,168.33999633789062,171.17999267578125,167.35186767578125,120405400.0
2021-12-08,172.1300048828125,175.9600067138672,170.6999969482422,175.0800018310547,171.16470336914062,116998900.0
2021-12-09,174.91000366210938,176.75,173.9199981689453,174.55999755859375,170.65631103515625,108923700.0
2021-12-10,175.2100067138672,179.6300048828125,174.69000244140625,179.4499969482422,175.43698120117188,115402700.0
2021-12-13,181.1199951171875,182.1300048828125,175.52999877929688,175.74000549316406,171.80992126464844,153237000.0
2021-12-14,175.25,177.74000549316406,172.2100067138672,174.3300018310547,170.4314727783203,139380400.0
2021-12-15,175.11000061035156,179.5,172.30999755859375,179.3000030517578,175.29031372070312,131063300.0
2021-12-16,179.27999877929688,181.13999938964844,170.75,172.25999450683594,168.40777587890625,150185800.0
2021-12-17,169.92999267578125,173.47000122070312,169.69000244140625,171.13999938964844,167.3127899169922,195432700.0
2021-12-20,168.27999877929688,170.5800018310547,167.4600067138672,169.75,165.9539031982422,107499100.0
2021-12-21,171.55999755859375,173.1999969482422,169.1199951171875,172.99000549316406,169.12144470214844,91185900.0
2021-12-22,173.0399932861328,175.86000061035156,172.14999389648438,175.63999938964844,171.7122039794922,92135300.0
2021-12-23,175.85000610351562,176.85000610351562,175.27000427246094,176.27999877929688,172.33786010742188,68356600.0
2021-12-24,175.85000610351562,176.85000610351562,175.27000427246094,176.27999877929688,172.33786010742188,68356600.0
2021-12-27,177.08999633789062,180.4199981689453,177.07000732421875,180.3300018310547,176.29730224609375,74919600.0
2021-12-28,180.16000366210938,181.3300018310547,178.52999877929688,179.2899932861328,175.2805633544922,79144300.0
2021-12-29,179.3300018310547,180.6300048828125,178.13999938964844,179.3800048828125,175.3685302734375,62348900.0
2021-12-30,179.47000122070312,180.57000732421875,178.08999633789062,178.1999969482422,174.21495056152344,59773000.0
2021-12-31,178.08999633789062,179.22999572753906,177.25999450683594,177.57000732421875,173.5990447998047,64062300.0
2022-01-03,177.8300018310547,182.8800048828125,177.7100067138672,182.00999450683594,177.93971252441406,104487900.0
2022-01-04,182.6300048828125,182.94000244140625,179.1199951171875,179.6999969482422,175.68138122558594,99310400.0
2022-01-05,179.61000061035156,180.1699981689453,174.63999938964844,174.9199981689453,171.00828552246094,94537600.0
2022-01-06,172.6999969482422,175.3000030517578,171.63999938964844,172.0,168.153564453125,96904000.0
2022-01-07,172.88999938964844,174.13999938964844,171.02999877929688,172.1699981689453,168.3197784423828,86709100.0
2022-01-10,169.0800018310547,172.5,168.1699981689453,172.19000244140625,168.33932495117188,106765600.0
2022-01-11,172.32000732421875,175.17999267578125,170.82000732421875,175.0800018310547,171.16470336914062,76138300.0
2022-01-12,176.1199951171875,177.17999267578125,174.82000732421875,175.52999877929688,171.60464477539062,74805200.0
2022-01-13,175.77999877929688,176.6199951171875,171.7899932861328,172.19000244140625,168.33932495117188,84505800.0
2022-01-14,171.33999633789062,173.77999877929688,171.08999633789062,173.07000732421875,169.1996612548828,80440800.0
2022-01-17,171.33999633789062,173.77999877929688,171.08999633789062,173.07000732421875,169.1996612548828,80440800.0
2022-01-18,171.50999450683594,172.5399932861328,169.41000366210938,169.8000030517578,166.00277709960938,90956700.0
2022-01-19,170.0,171.0800018310547,165.94000244140625,166.22999572753906,162.51258850097656,94815000.0
2022-01-20,166.97999572753906,169.67999267578125,164.17999267578125,164.50999450683594,160.83106994628906,91420500.0
2022-01-21,164.4199981689453,166.3300018310547,162.3000030517578,162.41000366210938,158.7780303955078,122848900.0
2022-01-24,160.02000427246094,162.3000030517578,154.6999969482422,161.6199951171875,158.00570678710938,162294600.0
2022-01-25,158.97999572753906,162.75999450683594,157.02000427246094,159.77999877929688,156.2068634033203,115798400.0
2022-01-26,163.5,164.38999938964844,157.82000732421875,159.69000244140625,156.11888122558594,108275300.0
2022-01-27,162.4499969482422,163.83999633789062,158.27999877929688,159.22000122070312,155.65936279296875,121954600.0
2022-01-28,165.7100067138672,170.35000610351562,162.8000030517578,170.3300018310547,166.52090454101562,179935700.0
2022-01-31,170.16000366210938,175.0,169.50999450683594,174.77999877929688,170.87139892578125,115541600.0
2022-02-01,174.00999450683594,174.83999633789062,172.30999755859375,174.61000061035156,170.7052459716797,86213900.0
2022-02-02,174.75,175.8800048828125,173.3300018310547,175.83999633789062,171.90769958496094,84914300.0
2022-02-03,174.47999572753906,176.24000549316406,172.1199951171875,172.89999389648438,169.03343200683594,89418100.0
2022-02-04,171.67999267578125,174.10000610351562,170.67999267578125,172.38999938964844,168.74964904785156,82465400.0
2022-02-07,172.86000061035156,173.9499969482422,170.9499969482422,171.66000366210938,168.0349884033203,77251200.0
2022-02-08,171.72999572753906,175.35000610351562,171.42999267578125,174.8300018310547,171.13803100585938,74829200.0
2022-02-09,176.0500030517578,176.64999389648438,174.89999389648438,176.27999877929688,172.55743408203125,71285000.0
2022-02-10,174.13999938964844,175.47999572753906,171.5500030517578,172.1199951171875,168.4852752685547,90865900.0
2022-02-11,172.3300018310547,173.0800018310547,168.0399932861328,168.63999938964844,165.07879638671875,98670700.0
2022-02-14,167.3699951171875,169.5800018310547,166.55999755859375,168.8800048828125,165.3136749267578,86185500.0
2022-02-15,170.97000122070312,172.9499969482422,170.25,172.7899932861328,169.14112854003906,62527400.0
2022-02-16,171.85000610351562,173.33999633789062,170.0500030517578,172.5500030517578,168.90618896484375,61177400.0
2022-02-17,171.02999877929688,171.91000366210938,168.47000122070312,168.8800048828125,165.3136749267578,69589300.0
2022-02-18,169.82000732421875,170.5399932861328,166.19000244140625,167.3000030517578,163.76708984375,82772700.0
2022-02-21,169.82000732421875,170.5399932861328,166.19000244140625,167.3000030517578,163.76708984375,82772700.0
2022-02-22,164.97999572753906,166.69000244140625,162.14999389648438,164.32000732421875,160.84999084472656,91162800.0
2022-02-23,165.5399932861328,166.14999389648438,159.75,160.07000732421875,156.68975830078125,90009200.0
2022-02-24,152.5800018310547,162.85000610351562,152.0,162.74000549316406,159.3033905029297,141147500.0
2022-02-25,163.83999633789062,165.1199951171875,160.8699951171875,164.85000610351562,161.3688201904297,91974200.0
2022-02-28,163.05999755859375,165.4199981689453,162.42999267578125,165.1199951171875,161.63308715820312,95056600.0
2022-03-01,164.6999969482422,166.60000610351562,161.97000122070312,163.1999969482422,159.7536163330078,83474400.0
2022-03-02,164.38999938964844,167.36000061035156,162.9499969482422,166.55999755859375,163.0426788330078,79724800.0
2022-03-03,168.47000122070312,168.91000366210938,165.5500030517578,166.22999572753906,162.71963500976562,76678400.0
2022-03-04,164.49000549316406,165.5500030517578,162.10000610351562,163.1699981689453,159.72430419921875,83737200.0
2022-03-07,163.36000061035156,165.02000427246094,159.0399932861328,159.3000030517578,155.9359893798828,96418800.0
2022-03-08,158.82000732421875,162.8800048828125,155.8000030517578,157.44000244140625,154.1152801513672,131148300.0
2022-03-09,161.47999572753906,163.41000366210938,159.41000366210938,162.9499969482422,159.5089111328125,91454900.0
2022-03-10,160.1999969482422,160.38999938964844,155.97999572753906,158.52000427246094,155.1724853515625,105342000.0
2022-03-11,158.92999267578125,159.27999877929688,154.5,154.72999572753906,151.46250915527344,96970100.0
2022-03-14,151.4499969482422,154.1199951171875,150.10000610351562,150.6199951171875,147.4393310546875,108732100.0
2022-03-15,150.89999389648438,155.57000732421875,150.3800048828125,155.08999633789062,151.81494140625,92964300.0
2022-03-16,157.0500030517578,160.0,154.4600067138672,159.58999633789062,156.21990966796875,102300200.0
2022-03-17,158.61000061035156,161.0,157.6300048828125,160.6199951171875,157.22811889648438,75615400.0
2022-03-18,160.50999450683594,164.47999572753906,159.75999450683594,163.97999572753906,160.5171661376953,123511700.0
2022-03-21,163.50999450683594,166.35000610351562,163.00999450683594,165.3800048828125,161.88760375976562,95811400.0
2022-03-22,165.50999450683594,169.4199981689453,164.91000366210938,168.82000732421875,165.25502014160156,81532000.0
2022-03-23,167.99000549316406,172.63999938964844,167.64999389648438,170.2100067138672,166.61563110351562,98062700.0
2022-03-24,171.05999755859375,174.13999938964844,170.2100067138672,174.07000732421875,170.3941192626953,90131400.0
2022-03-25,173.8800048828125,175.27999877929688,172.75,174.72000122070312,171.03036499023438,80546200.0
2022-03-28,172.1699981689453,175.72999572753906,172.0,175.60000610351562,171.89181518554688,90371900.0
2022-03-29,176.69000244140625,179.00999450683594,176.33999633789062,178.9600067138672,175.1808319091797,100589400.0
2022-03-30,178.5500030517578,179.61000061035156,176.6999969482422,177.77000427246094,174.01597595214844,92633200.0
2022-03-31,177.83999633789062,178.02999877929688,174.39999389648438,174.61000061035156,170.9227294921875,103049300.0
2022-04-01,174.02999877929688,174.8800048828125,171.94000244140625,174.30999755859375,170.62904357910156,78751300.0
2022-04-04,174.57000732421875,178.49000549316406,174.44000244140625,178.44000244140625,174.6718292236328,76468400.0
2022-04-05,177.5,178.3000030517578,174.4199981689453,175.05999755859375,171.36318969726562,73401800.0
2022-04-06,172.36000061035156,173.6300048828125,170.1300048828125,171.8300018310547,168.20143127441406,89058800.0
2022-04-07,171.16000366210938,173.36000061035156,169.85000610351562,172.13999938964844,168.50485229492188,77594700.0
2022-04-08,171.77999877929688,171.77999877929688,169.1999969482422,170.08999633789062,166.49815368652344,76575500.0
2022-04-11,168.7100067138672,169.02999877929688,165.5,165.75,162.2498016357422,72246700.0
2022-04-12,168.02000427246094,169.8699951171875,166.63999938964844,167.66000366210938,164.1194610595703,79265200.0
2022-04-13,167.38999938964844,171.0399932861328,166.77000427246094,170.39999389648438,166.80160522460938,70618900.0
2022-04-14,170.6199951171875,171.27000427246094,165.0399932861328,165.2899932861328,161.7994842529297,75329400.0
2022-04-15,170.6199951171875,171.27000427246094,165.0399932861328,165.2899932861328,161.7994842529297,75329400.0
2022-04-18,163.9199981689453,166.60000610351562,163.57000732421875,165.07000732421875,161.58413696289062,69023900.0
2022-04-19,165.02000427246094,167.82000732421875,163.91000366210938,167.39999389648438,163.8649444580078,67723800.0
2022-04-20,168.75999450683594,168.8800048828125,166.10000610351562,167.22999572753906,163.69854736328125,67929800.0
2022-04-21,168.91000366210938,171.52999877929688,165.91000366210938,166.4199981689453,162.90565490722656,87227800.0
2022-04-22,166.4600067138672,167.8699951171875,161.5,161.7899932861328,158.3734130859375,84882400.0
2022-04-25,161.1199951171875,163.1699981689453,158.4600067138672,162.8800048828125,159.4404296875,96046400.0
2022-04-26,162.25,162.33999633789062,156.72000122070312,156.8000030517578,153.48880004882812,95623200.0
2022-04-27,155.91000366210938,159.7899932861328,155.3800048828125,156.57000732421875,153.26361083984375,88063200.0
2022-04-28,159.25,164.52000427246094,158.92999267578125,163.63999938964844,160.1843719482422,130216800.0
2022-04-29,161.83999633789062,166.1999969482422,157.25,157.64999389648438,154.32081604003906,131747600.0
2022-05-02,156.7100067138672,158.22999572753906,153.27000427246094,157.9600067138672,154.62432861328125,123055300.0
2022-05-03,158.14999389648438,160.7100067138672,156.32000732421875,159.47999572753906,156.1121826171875,88966500.0
2022-05-04,159.6699981689453,166.47999572753906,159.25999450683594,166.02000427246094,162.5140838623047,108256500.0
2022-05-05,163.85000610351562,164.0800018310547,154.9499969482422,156.77000427246094,153.45944213867188,130525300.0
2022-05-06,156.00999450683594,159.44000244140625,154.17999267578125,157.27999877929688,154.1848602294922,116124600.0
2022-05-09,154.92999267578125,155.8300018310547,151.49000549316406,152.05999755859375,149.06756591796875,131577900.0
2022-05-10,155.52000427246094,156.74000549316406,152.92999267578125,154.50999450683594,151.4693603515625,115366700.0
2022-05-11,153.5,155.4499969482422,145.80999755859375,146.5,143.61700439453125,142689800.0
2022-05-12,142.77000427246094,146.1999969482422,138.8000030517578,142.55999755859375,139.75453186035156,182602000.0
2022-05-13,144.58999633789062,148.10000610351562,143.11000061035156,147.11000061035156,144.21502685546875,113990900.0
2022-05-16,145.5500030517578,147.52000427246094,144.17999267578125,145.5399932861328,142.67593383789062,86643800.0
2022-05-17,148.86000061035156,149.77000427246094,146.67999267578125,149.24000549316406,146.3031005859375,78336300.0
2022-05-18,146.85000610351562,147.36000061035156,139.89999389648438,140.82000732421875,138.0487518310547,109742900.0
2022-05-19,139.8800048828125,141.66000366210938,136.60000610351562,137.35000610351562,134.6470947265625,136095600.0
2022-05-20,139.08999633789062,140.6999969482422,132.61000061035156,137.58999633789062,134.88238525390625,137426100.0
2022-05-23,137.7899932861328,143.25999450683594,137.64999389648438,143.11000061035156,140.293701171875,117726300.0
2022-05-24,140.80999755859375,141.97000122070312,137.3300018310547,140.36000061035156,137.5978546142578,104132700.0
2022-05-25,138.42999267578125,141.7899932861328,138.33999633789062,140.52000427246094,137.7547149658203,92482700.0
2022-05-26,137.38999938964844,144.33999633789062,137.13999938964844,143.77999877929688,140.95053100585938,90601500.0
2022-05-27,145.38999938964844,149.67999267578125,145.25999450683594,149.63999938964844,146.69520568847656,90978500.0
2022-05-30,145.38999938964844,149.67999267578125,145.25999450683594,149.63999938964844,146.69520568847656,90978500.0
2022-05-31,149.07000732421875,150.66000366210938,146.83999633789062,148.83999633789062,145.91091918945312,103718400.0
2022-06-01,149.89999389648438,151.74000549316406,147.67999267578125,148.7100067138672,145.7835235595703,74286600.0
2022-06-02,147.8300018310547,151.27000427246094,146.86000061035156,151.2100067138672,148.23434448242188,72348100.0
2022-06-03,146.89999389648438,147.97000122070312,144.4600067138672,145.3800048828125,142.51904296875,88570300.0
2022-06-06,147.02999877929688,148.57000732421875,144.89999389648438,146.13999938964844,143.2640838623047,71598400.0
2022-06-07,144.35000610351562,149.0,144.10000610351562,148.7100067138672,145.7835235595703,67808200.0
2022-06-08,148.5800018310547,149.8699951171875,147.4600067138672,147.9600067138672,145.04827880859375,53950200.0
2022-06-09,147.0800018310547,147.9499969482422,142.52999877929688,142.63999938964844,139.83297729492188,69473000.0
2022-06-10,140.27999877929688,140.75999450683594,137.05999755859375,137.1300048828125,134.43141174316406,91437900.0
2022-06-13,132.8699951171875,135.1999969482422,131.44000244140625,131.8800048828125,129.2847137451172,122207100.0
2022-06-14,133.1300048828125,133.88999938964844,131.47999572753906,132.75999450683594,130.1473846435547,84784300.0
2022-06-15,134.2899932861328,137.33999633789062,132.16000366210938,135.42999267578125,132.76487731933594,91533000.0
2022-06-16,132.0800018310547,132.38999938964844,129.0399932861328,130.05999755859375,127.50052642822266,108123900.0
2022-06-17,130.07000732421875,133.0800018310547,129.80999755859375,131.55999755859375,128.97105407714844,134520300.0
2022-06-20,130.07000732421875,133.0800018310547,129.80999755859375,131.55999755859375,128.97105407714844,134520300.0
2022-06-21,133.4199981689453,137.05999755859375,133.32000732421875,135.8699951171875,133.19618225097656,81000500.0
2022-06-22,134.7899932861328,137.75999450683594,133.91000366210938,135.35000610351562,132.68646240234375,73409200.0
2022-06-23,136.82000732421875,138.58999633789062,135.6300048828125,138.27000427246094,135.54896545410156,72433800.0
2022-06-24,139.89999389648438,141.91000366210938,139.77000427246094,141.66000366210938,138.8722686767578,89116800.0
2022-06-27,142.6999969482422,143.49000549316406,140.97000122070312,141.66000366210938,138.8722686767578,70207900.0
2022-06-28,142.1300048828125,143.4199981689453,137.32000732421875,137.44000244140625,134.7353057861328,67083400.0
2022-06-29,137.4600067138672,140.6699981689453,136.6699981689453,139.22999572753906,136.49008178710938,66242400.0
2022-06-30,137.25,138.3699951171875,133.77000427246094,136.72000122070312,134.0294952392578,98964500.0
2022-07-01,136.0399932861328,139.0399932861328,135.66000366210938,138.92999267578125,136.19598388671875,71051600.0
2022-07-04,136.0399932861328,139.0399932861328,135.66000366210938,138.92999267578125,136.19598388671875,71051600.0
2022-07-05,137.77000427246094,141.61000061035156,136.92999267578125,141.55999755859375,138.77423095703125,73353800.0
2022-07-06,141.35000610351562,144.1199951171875,141.0800018310547,142.9199981689453,140.10743713378906,74064300.0
2022-07-07,143.2899932861328,146.5500030517578,143.27999877929688,146.35000610351562,143.46994018554688,66253700.0
2022-07-08,145.25999450683594,147.5500030517578,145.0,147.0399932861328,144.14639282226562,64547800.0
2022-07-11,145.6699981689453,146.63999938964844,143.77999877929688,144.8699951171875,142.0190887451172,63141600.0
2022-07-12,145.75999450683594,148.4499969482422,145.0500030517578,145.86000061035156,142.98960876464844,77588800.0
2022-07-13,142.99000549316406,146.4499969482422,142.1199951171875,145.49000549316406,142.6268768310547,71185600.0
2022-07-14,144.0800018310547,148.9499969482422,143.25,148.47000122070312,145.5482177734375,78140700.0
2022-07-15,149.77999877929688,150.86000061035156,148.1999969482422,150.1699981689453,147.21475219726562,76259900.0
2022-07-18,150.74000549316406,151.57000732421875,146.6999969482422,147.07000732421875,144.17581176757812,81420900.0
2022-07-19,147.9199981689453,151.22999572753906,146.91000366210938,151.0,148.02847290039062,82982400.0
2022-07-20,151.1199951171875,153.72000122070312,150.3699951171875,153.0399932861328,150.0283203125,64823400.0
2022-07-21,154.5,155.57000732421875,151.94000244140625,155.35000610351562,152.2928466796875,65086600.0
2022-07-22,155.38999938964844,156.27999877929688,153.41000366210938,154.08999633789062,151.05763244628906,66675400.0
2022-07-25,154.00999450683594,155.0399932861328,152.27999877929688,152.9499969482422,149.94007873535156,53623900.0
2022-07-26,152.25999450683594,153.08999633789062,150.8000030517578,151.60000610351562,148.6166229248047,55138700.0
2022-07-27,152.5800018310547,157.3300018310547,152.16000366210938,156.7899932861328,153.70448303222656,78620700.0
2022-07-28,156.97999572753906,157.63999938964844,154.41000366210938,157.35000610351562,154.2534942626953,81378700.0
2022-07-29,161.24000549316406,163.6300048828125,159.5,162.50999450683594,159.31195068359375,101786900.0
2022-08-01,161.00999450683594,163.58999633789062,160.88999938964844,161.50999450683594,158.33160400390625,67829400.0
2022-08-02,160.10000610351562,162.41000366210938,159.6300048828125,160.00999450683594,156.8611297607422,59907000.0
2022-08-03,160.83999633789062,166.58999633789062,160.75,166.1300048828125,162.86068725585938,82507500.0
2022-08-04,166.00999450683594,167.19000244140625,164.42999267578125,165.80999755859375,162.54702758789062,55474100.0
2022-08-05,163.2100067138672,165.85000610351562,163.0,165.35000610351562,162.3212432861328,56697000.0
2022-08-08,166.3699951171875,167.80999755859375,164.1999969482422,164.8699951171875,161.84999084472656,60276900.0
2022-08-09,164.02000427246094,165.82000732421875,163.25,164.9199981689453,161.8990936279297,63135500.0
2022-08-10,167.67999267578125,169.33999633789062,166.89999389648438,169.24000549316406,166.13995361328125,70170500.0
2022-08-11,170.05999755859375,170.99000549316406,168.19000244140625,168.49000549316406,165.4036865234375,57149200.0
2022-08-12,169.82000732421875,172.1699981689453,169.39999389648438,172.10000610351562,168.94760131835938,68039400.0
2022-08-15,171.52000427246094,173.38999938964844,171.35000610351562,173.19000244140625,170.01760864257812,54091700.0
2022-08-16,172.77999877929688,173.7100067138672,171.66000366210938,173.02999877929688,169.8605499267578,56377100.0
2022-08-17,172.77000427246094,176.14999389648438,172.57000732421875,174.5500030517578,171.35272216796875,79542000.0
2022-08-18,173.75,174.89999389648438,173.1199951171875,174.14999389648438,170.96002197265625,62290100.0
2022-08-19,173.02999877929688,173.74000549316406,171.30999755859375,171.52000427246094,168.378173828125,70346300.0
2022-08-22,169.69000244140625,169.86000061035156,167.13999938964844,167.57000732421875,164.5005645751953,69026800.0
2022-08-23,167.0800018310547,168.7100067138672,166.64999389648438,167.22999572753906,164.1667938232422,54147100.0
2022-08-24,167.32000732421875,168.11000061035156,166.25,167.52999877929688,164.46131896972656,53841500.0
2022-08-25,168.77999877929688,170.13999938964844,168.35000610351562,170.02999877929688,166.91552734375,51218200.0
2022-08-26,170.57000732421875,171.0500030517578,163.55999755859375,163.6199951171875,160.62290954589844,78961000.0
2022-08-29,161.14999389648438,162.89999389648438,159.82000732421875,161.3800048828125,158.42393493652344,73314000.0
2022-08-30,162.1300048828125,162.55999755859375,157.72000122070312,158.91000366210938,155.9991912841797,77906200.0
2022-08-31,160.30999755859375,160.5800018310547,157.13999938964844,157.22000122070312,154.34014892578125,87991100.0
2022-09-01,156.63999938964844,158.4199981689453,154.6699981689453,157.9600067138672,155.06658935546875,74229900.0
2022-09-02,159.75,160.36000061035156,154.97000122070312,155.80999755859375,152.9559326171875,76957800.0
2022-09-05,159.75,160.36000061035156,154.97000122070312,155.80999755859375,152.9559326171875,76957800.0
2022-09-06,156.47000122070312,157.08999633789062,153.69000244140625,154.52999877929688,151.69940185546875,73714800.0
2022-09-07,154.82000732421875,156.6699981689453,153.61000061035156,155.9600067138672,153.10321044921875,87449600.0
2022-09-08,154.63999938964844,156.36000061035156,152.67999267578125,154.4600067138672,151.63067626953125,84923800.0
2022-09-09,155.47000122070312,157.82000732421875,154.75,157.3699951171875,154.48739624023438,68028800.0
2022-09-12,159.58999633789062,164.25999450683594,159.3000030517578,163.42999267578125,160.43637084960938,104956000.0
2022-09-13,159.89999389648438,160.5399932861328,153.3699951171875,153.83999633789062,151.0220184326172,122656600.0
2022-09-14,154.7899932861328,157.10000610351562,153.61000061035156,155.30999755859375,152.46514892578125,87965400.0
2022-09-15,154.64999389648438,155.24000549316406,151.3800048828125,152.3699951171875,149.5789794921875,90481100.0
2022-09-16,151.2100067138672,151.35000610351562,148.3699951171875,150.6999969482422,147.9395751953125,162278800.0
2022-09-19,149.30999755859375,154.55999755859375,149.10000610351562,154.47999572753906,151.65032958984375,81474200.0
2022-09-20,153.39999389648438,158.0800018310547,153.0800018310547,156.89999389648438,154.02598571777344,107689800.0
2022-09-21,157.33999633789062,158.74000549316406,153.60000610351562,153.72000122070312,150.90423583984375,101696800.0
2022-09-22,152.3800048828125,154.47000122070312,150.91000366210938,152.74000549316406,149.94219970703125,86652500.0
2022-09-23,151.19000244140625,151.47000122070312,148.55999755859375,150.42999267578125,147.6744842529297,96029900.0
2022-09-26,149.66000366210938,153.77000427246094,149.63999938964844,150.77000427246094,148.00827026367188,93339400.0
2022-09-27,152.74000549316406,154.72000122070312,149.9499969482422,151.75999450683594,148.98013305664062,84442700.0
2022-09-28,147.63999938964844,150.63999938964844,144.83999633789062,149.83999633789062,147.09532165527344,146691400.0
2022-09-29,146.10000610351562,146.72000122070312,140.67999267578125,142.47999572753906,139.87013244628906,128138200.0
2022-09-30,141.27999877929688,143.10000610351562,138.0,138.1999969482422,135.66851806640625,124925300.0
2022-10-03,138.2100067138672,143.07000732421875,137.69000244140625,142.4499969482422,139.84068298339844,114311700.0
2022-10-04,145.02999877929688,146.22000122070312,144.25999450683594,146.10000610351562,143.42381286621094,87830100.0
2022-10-05,144.07000732421875,147.3800048828125,143.00999450683594,146.39999389648438,143.7183074951172,79471000.0
2022-10-06,145.80999755859375,147.5399932861328,145.22000122070312,145.42999267578125,142.76611328125,68402200.0
2022-10-07,142.5399932861328,143.10000610351562,139.4499969482422,140.08999633789062,137.5238800048828,85925600.0
2022-10-10,140.4199981689453,141.88999938964844,138.57000732421875,140.4199981689453,137.8478546142578,74899000.0
2022-10-11,139.89999389648438,141.35000610351562,138.22000122070312,138.97999572753906,136.43421936035156,77033700.0
2022-10-12,139.1300048828125,140.36000061035156,138.16000366210938,138.33999633789062,135.8059539794922,70433700.0
2022-10-13,134.99000549316406,143.58999633789062,134.3699951171875,142.99000549316406,140.3708038330078,113224000.0
2022-10-14,144.30999755859375,144.52000427246094,138.19000244140625,138.3800048828125,135.8452606201172,88598000.0
2022-10-17,141.07000732421875,142.89999389648438,140.27000427246094,142.41000366210938,139.80142211914062,85250900.0
2022-10-18,145.49000549316406,146.6999969482422,140.61000061035156,143.75,141.11685180664062,99136600.0
2022-10-19,141.69000244140625,144.9499969482422,141.5,143.86000061035156,141.22486877441406,61758300.0
2022-10-20,143.02000427246094,145.88999938964844,142.64999389648438,143.38999938964844,140.76345825195312,64522000.0
2022-10-21,142.8699951171875,147.85000610351562,142.64999389648438,147.27000427246094,144.5723876953125,86548600.0
2022-10-24,147.19000244140625,150.22999572753906,146.0,149.4499969482422,146.7124481201172,75981900.0
2022-10-25,150.08999633789062,152.49000549316406,149.36000061035156,152.33999633789062,149.5495147705078,74732300.0
2022-10-26,150.9600067138672,151.99000549316406,148.0399932861328,149.35000610351562,146.6143035888672,88194300.0
2022-10-27,148.07000732421875,149.0500030517578,144.1300048828125,144.8000030517578,142.14764404296875,109180200.0
2022-10-28,148.1999969482422,157.5,147.82000732421875,155.74000549316406,152.88726806640625,164762400.0
2022-10-31,153.16000366210938,154.24000549316406,151.9199981689453,153.33999633789062,150.53121948242188,97943200.0
2022-11-01,155.0800018310547,155.4499969482422,149.1300048828125,150.64999389648438,147.89048767089844,80379300.0
2022-11-02,148.9499969482422,152.1699981689453,145.0,145.02999877929688,142.37339782714844,93604600.0
2022-11-03,142.05999755859375,142.8000030517578,138.75,138.8800048828125,136.33607482910156,97918500.0
2022-11-04,142.08999633789062,142.6699981689453,134.3800048828125,138.3800048828125,136.07061767578125,140814800.0
2022-11-07,137.11000061035156,139.14999389648438,135.6699981689453,138.9199981689453,136.60157775878906,83374600.0
2022-11-08,140.41000366210938,141.42999267578125,137.49000549316406,139.5,137.17190551757812,89908500.0
2022-11-09,138.5,138.5500030517578,134.58999633789062,134.8699951171875,132.61917114257812,74917800.0
2022-11-10,141.24000549316406,146.8699951171875,139.5,146.8699951171875,144.41891479492188,118854000.0
2022-11-11,145.82000732421875,150.00999450683594,144.3699951171875,149.6999969482422,147.20166015625,93979700.0
2022-11-14,148.97000122070312,150.27999877929688,147.42999267578125,148.27999877929688,145.80535888671875,73374100.0
2022-11-15,152.22000122070312,153.58999633789062,148.55999755859375,150.0399932861328,147.53599548339844,89868300.0
2022-11-16,149.1300048828125,149.8699951171875,147.2899932861328,148.7899932861328,146.30682373046875,64218300.0
2022-11-17,146.42999267578125,151.47999572753906,146.14999389648438,150.72000122070312,148.20465087890625,80389400.0
2022-11-18,152.30999755859375,152.6999969482422,149.97000122070312,151.2899932861328,148.76512145996094,74829600.0
2022-11-21,150.16000366210938,150.3699951171875,147.72000122070312,148.00999450683594,145.5398712158203,58724100.0
2022-11-22,148.1300048828125,150.4199981689453,146.92999267578125,150.17999267578125,147.6736297607422,51804100.0
2022-11-23,149.4499969482422,151.8300018310547,149.33999633789062,151.07000732421875,148.54876708984375,58301400.0
2022-11-24,149.4499969482422,151.8300018310547,149.33999633789062,151.07000732421875,148.54876708984375,58301400.0
2022-11-25,148.30999755859375,148.8800048828125,147.1199951171875,148.11000061035156,145.63821411132812,35195900.0
2022-11-28,145.13999938964844,146.63999938964844,143.3800048828125,144.22000122070312,141.81314086914062,69246000.0
2022-11-29,144.2899932861328,144.80999755859375,140.35000610351562,141.1699981689453,138.81402587890625,83763800.0
2022-11-30,141.39999389648438,148.72000122070312,140.5500030517578,148.02999877929688,145.55955505371094,111380900.0
2022-12-01,148.2100067138672,149.1300048828125,146.61000061035156,148.30999755859375,145.8348846435547,71250400.0
2022-12-02,145.9600067138672,148.0,145.64999389648438,147.80999755859375,145.3432159423828,65447400.0
2022-12-05,147.77000427246094,150.9199981689453,145.77000427246094,146.6300048828125,144.1829071044922,68826400.0
2022-12-06,147.07000732421875,147.3000030517578,141.9199981689453,142.91000366210938,140.52499389648438,64727200.0
2022-12-07,142.19000244140625,143.3699951171875,140.0,140.94000244140625,138.587890625,69721100.0
2022-12-08,142.36000061035156,143.52000427246094,141.10000610351562,142.64999389648438,140.2693328857422,62128300.0
2022-12-09,142.33999633789062,145.57000732421875,140.89999389648438,142.16000366210938,139.78753662109375,76097000.0
2022-12-12,142.6999969482422,144.5,141.05999755859375,144.49000549316406,142.07859802246094,70462700.0
2022-12-13,149.5,149.97000122070312,144.24000549316406,145.47000122070312,143.04225158691406,93886200.0
2022-12-14,145.35000610351562,146.66000366210938,141.16000366210938,143.2100067138672,140.81997680664062,82291200.0
2022-12-15,141.11000061035156,141.8000030517578,136.02999877929688,136.5,134.2219696044922,98931900.0
2022-12-16,136.69000244140625,137.64999389648438,133.72999572753906,134.50999450683594,132.26516723632812,160156900.0
2022-12-19,135.11000061035156,135.1999969482422,131.32000732421875,132.3699951171875,130.16087341308594,79592600.0
2022-12-20,131.38999938964844,133.25,129.88999938964844,132.3000030517578,130.09205627441406,77432800.0
2022-12-21,132.97999572753906,136.80999755859375,132.75,135.4499969482422,133.18948364257812,85928000.0
2022-12-22,134.35000610351562,134.55999755859375,130.3000030517578,132.22999572753906,130.02322387695312,77852100.0
2022-12-23,130.9199981689453,132.4199981689453,129.63999938964844,131.86000061035156,129.65939331054688,63814900.0
2022-12-26,130.9199981689453,132.4199981689453,129.63999938964844,131.86000061035156,129.65939331054688,63814900.0
2022-12-27,131.3800048828125,131.41000366210938,128.72000122070312,130.02999877929688,127.85993957519531,69007800.0
2022-12-28,129.6699981689453,131.02999877929688,125.87000274658203,126.04000091552734,123.9365463256836,85438400.0
2022-12-29,127.98999786376953,130.47999572753906,127.7300033569336,129.61000061035156,127.44695281982422,75703700.0
2022-12-30,128.41000366210938,129.9499969482422,127.43000030517578,129.92999267578125,127.76158142089844,77034200.0
2023-01-02,128.41000366210938,129.9499969482422,127.43000030517578,129.92999267578125,127.76158142089844,77034200.0
2023-01-03,130.27999877929688,130.89999389648438,124.16999816894531,125.06999969482422,122.98270416259766,112117500.0
2023-01-04,126.88999938964844,128.66000366210938,125.08000183105469,126.36000061035156,124.25119018554688,89113600.0
2023-01-05,127.12999725341797,127.7699966430664,124.76000213623047,125.0199966430664,122.93354034423828,80962700.0
2023-01-06,126.01000213623047,130.2899932861328,124.88999938964844,129.6199951171875,127.4567642211914,87754700.0
2023-01-09,130.47000122070312,133.41000366210938,129.88999938964844,130.14999389648438,127.97795867919922,70790800.0
2023-01-10,130.25999450683594,131.25999450683594,128.1199951171875,130.72999572753906,128.5482635498047,63896200.0
2023-01-11,131.25,133.50999450683594,130.4600067138672,133.49000549316406,131.26220703125,69458900.0
2023-01-12,133.8800048828125,134.25999450683594,131.44000244140625,133.41000366210938,131.18353271484375,71379600.0
2023-01-13,132.02999877929688,134.9199981689453,131.66000366210938,134.75999450683594,132.51095581054688,57809700.0
2023-01-16,132.02999877929688,134.9199981689453,131.66000366210938,134.75999450683594,132.51095581054688,57809700.0
2023-01-17,134.8300018310547,137.2899932861328,134.1300048828125,135.94000244140625,133.6713104248047,63646600.0
2023-01-18,136.82000732421875,138.61000061035156,135.02999877929688,135.2100067138672,132.9534912109375,69672800.0
2023-01-19,134.0800018310547,136.25,133.77000427246094,135.27000427246094,133.01248168945312,58280400.0
2023-01-20,135.27999877929688,138.02000427246094,134.22000122070312,137.8699951171875,135.569091796875,80223600.0
2023-01-23,138.1199951171875,143.32000732421875,137.89999389648438,141.11000061035156,138.7550048828125,81760300.0
2023-01-24,140.30999755859375,143.16000366210938,140.3000030517578,142.52999877929688,140.15135192871094,66435100.0
2023-01-25,140.88999938964844,142.42999267578125,138.80999755859375,141.86000061035156,139.4925079345703,65799300.0
2023-01-26,143.1699981689453,144.25,141.89999389648438,143.9600067138672,141.55746459960938,54105100.0
2023-01-27,143.16000366210938,147.22999572753906,143.0800018310547,145.92999267578125,143.4945831298828,70555800.0
2023-01-30,144.9600067138672,145.5500030517578,142.85000610351562,143.0,140.6134796142578,64015300.0
2023-01-31,142.6999969482422,144.33999633789062,142.27999877929688,144.2899932861328,141.8819580078125,65874500.0
2023-02-01,143.97000122070312,146.61000061035156,141.32000732421875,145.42999267578125,143.00296020507812,77663600.0
2023-02-02,148.89999389648438,151.17999267578125,148.1699981689453,150.82000732421875,148.302978515625,118339000.0
2023-02-03,148.02999877929688,157.3800048828125,147.8300018310547,154.5,151.92156982421875,154357300.0
2023-02-06,152.57000732421875,153.10000610351562,150.77999877929688,151.72999572753906,149.19778442382812,69858300.0
2023-02-07,150.63999938964844,155.22999572753906,150.63999938964844,154.64999389648438,152.06903076171875,83322600.0
2023-02-08,153.8800048828125,154.5800018310547,151.1699981689453,151.9199981689453,149.38462829589844,64120100.0
2023-02-09,153.77999877929688,154.3300018310547,150.4199981689453,150.8699951171875,148.3521270751953,56007100.0
2023-02-10,149.4600067138672,151.33999633789062,149.22000122070312,151.00999450683594,148.71652221679688,57450700.0
2023-02-13,150.9499969482422,154.25999450683594,150.9199981689453,153.85000610351562,151.51339721679688,62199000.0
2023-02-14,152.1199951171875,153.77000427246094,150.86000061035156,153.1999969482422,150.87326049804688,61707600.0
2023-02-15,153.11000061035156,155.5,152.8800048828125,155.3300018310547,152.97091674804688,65573800.0
2023-02-16,153.50999450683594,156.3300018310547,153.35000610351562,153.7100067138672,151.37551879882812,68167900.0
2023-02-17,152.35000610351562,153.0,150.85000610351562,152.5500030517578,150.23313903808594,59144100.0
2023-02-20,152.35000610351562,153.0,150.85000610351562,152.5500030517578,150.23313903808594,59144100.0
2023-02-21,150.1999969482422,151.3000030517578,148.41000366210938,148.47999572753906,146.22494506835938,58867200.0
2023-02-22,148.8699951171875,149.9499969482422,147.16000366210938,148.91000366210938,146.64840698242188,51011300.0
2023-02-23,150.08999633789062,150.33999633789062,147.24000549316406,149.39999389648438,147.13096618652344,48394200.0
2023-02-24,147.11000061035156,147.19000244140625,145.72000122070312,146.7100067138672,144.48182678222656,55469600.0
2023-02-27,147.7100067138672,149.1699981689453,147.4499969482422,147.9199981689453,145.67344665527344,44998500.0
2023-02-28,147.0500030517578,149.0800018310547,146.8300018310547,147.41000366210938,145.17117309570312,50547000.0
2023-03-01,146.8300018310547,147.22999572753906,145.00999450683594,145.30999755859375,143.10311889648438,55479000.0
2023-03-02,144.3800048828125,146.7100067138672,143.89999389648438,145.91000366210938,143.69398498535156,52238100.0
2023-03-03,148.0399932861328,151.11000061035156,147.3300018310547,151.02999877929688,148.73622131347656,70732300.0
2023-03-06,153.7899932861328,156.3000030517578,153.4600067138672,153.8300018310547,151.49368286132812,87558000.0
2023-03-07,153.6999969482422,154.02999877929688,151.1300048828125,151.60000610351562,149.2975616455078,56182000.0
2023-03-08,152.80999755859375,153.47000122070312,151.8300018310547,152.8699951171875,150.5482635498047,47204800.0
2023-03-09,153.55999755859375,154.5399932861328,150.22999572753906,150.58999633789062,148.3029022216797,53833600.0
2023-03-10,150.2100067138672,150.94000244140625,147.61000061035156,148.5,146.24461364746094,68572400.0
2023-03-13,147.80999755859375,153.13999938964844,147.6999969482422,150.47000122070312,148.18472290039062,84457100.0
2023-03-14,151.27999877929688,153.39999389648438,150.10000610351562,152.58999633789062,150.27252197265625,73695900.0
2023-03-15,151.19000244140625,153.25,149.9199981689453,152.99000549316406,150.66647338867188,77167900.0
2023-03-16,152.16000366210938,156.4600067138672,151.63999938964844,155.85000610351562,153.4830322265625,76161100.0
2023-03-17,156.0800018310547,156.74000549316406,154.27999877929688,155.0,152.64590454101562,98944600.0
2023-03-20,155.07000732421875,157.82000732421875,154.14999389648438,157.39999389648438,155.00946044921875,73641400.0
2023-03-21,157.32000732421875,159.39999389648438,156.5399932861328,159.27999877929688,156.8609161376953,73938300.0
2023-03-22,159.3000030517578,162.13999938964844,157.80999755859375,157.8300018310547,155.4329376220703,75701800.0
2023-03-23,158.8300018310547,161.5500030517578,157.67999267578125,158.92999267578125,156.51625061035156,67622100.0
2023-03-24,158.86000061035156,160.33999633789062,157.85000610351562,160.25,157.81619262695312,59196500.0
2023-03-27,159.94000244140625,160.77000427246094,157.8699951171875,158.27999877929688,155.87611389160156,52390300.0
2023-03-28,157.97000122070312,158.49000549316406,155.97999572753906,157.64999389648438,155.2556610107422,45992200.0
2023-03-29,159.3699951171875,161.0500030517578,159.35000610351562,160.77000427246094,158.3283233642578,51305700.0
2023-03-30,161.52999877929688,162.47000122070312,161.27000427246094,162.36000061035156,159.8941192626953,49501700.0
2023-03-31,162.44000244140625,165.0,161.91000366210938,164.89999389648438,162.3955841064453,68749800.0
2023-04-03,164.27000427246094,166.2899932861328,164.22000122070312,166.1699981689453,163.64630126953125,56976200.0
2023-04-04,166.60000610351562,166.83999633789062,165.11000061035156,165.6300048828125,163.11451721191406,46278300.0
2023-04-05,164.74000549316406,165.0500030517578,161.8000030517578,163.75999450683594,161.27288818359375,51511700.0
2023-04-06,162.42999267578125,164.9600067138672,162.0,164.66000366210938,162.15921020507812,45390100.0
2023-04-07,162.42999267578125,164.9600067138672,162.0,164.66000366210938,162.15921020507812,45390100.0
2023-04-10,161.4199981689453,162.02999877929688,160.0800018310547,162.02999877929688,159.56915283203125,47716900.0
2023-04-11,162.35000610351562,162.36000061035156,160.50999450683594,160.8000030517578,158.35781860351562,47644200.0
2023-04-12,161.22000122070312,162.05999755859375,159.77999877929688,160.10000610351562,157.66848754882812,50133100.0
2023-04-13,161.6300048828125,165.8000030517578,161.4199981689453,165.55999755859375,163.04556274414062,68445600.0
2023-04-14,164.58999633789062,166.32000732421875,163.82000732421875,165.2100067138672,162.7008819580078,49386500.0
2023-04-17,165.08999633789062,165.38999938964844,164.02999877929688,165.22999572753906,162.7205352783203,41516200.0
2023-04-18,166.10000610351562,167.41000366210938,165.64999389648438,166.47000122070312,163.94174194335938,49923000.0
2023-04-19,165.8000030517578,168.16000366210938,165.5399932861328,167.6300048828125,165.08412170410156,47720200.0
2023-04-20,166.08999633789062,167.8699951171875,165.55999755859375,166.64999389648438,164.11900329589844,52456400.0
2023-04-21,165.0500030517578,166.4499969482422,164.49000549316406,165.02000427246094,162.51376342773438,58337300.0
2023-04-24,165.0,165.60000610351562,163.88999938964844,165.3300018310547,162.8190460205078,41949600.0
2023-04-25,165.19000244140625,166.30999755859375,163.72999572753906,163.77000427246094,161.28274536132812,48714100.0
2023-04-26,163.05999755859375,165.27999877929688,162.8000030517578,163.75999450683594,161.27288818359375,45498800.0
2023-04-27,165.19000244140625,168.55999755859375,165.19000244140625,168.41000366210938,165.85226440429688,64902300.0
2023-04-28,168.49000549316406,169.85000610351562,167.8800048828125,169.67999267578125,167.1029815673828,55275900.0
2023-05-01,169.27999877929688,170.4499969482422,168.63999938964844,169.58999633789062,167.0143280029297,52472900.0
2023-05-02,170.08999633789062,170.35000610351562,167.5399932861328,168.5399932861328,165.9803009033203,48425700.0
2023-05-03,169.5,170.9199981689453,167.16000366210938,167.4499969482422,164.9068145751953,65136000.0
2023-05-04,164.88999938964844,167.0399932861328,164.30999755859375,165.7899932861328,163.2720489501953,81235400.0
2023-05-05,170.97999572753906,174.3000030517578,170.75999450683594,173.57000732421875,170.93389892578125,113453200.0
2023-05-08,172.47999572753906,173.85000610351562,172.11000061035156,173.5,170.86495971679688,55962800.0
2023-05-09,173.0500030517578,173.5399932861328,171.60000610351562,171.77000427246094,169.16122436523438,45326900.0
2023-05-10,173.02000427246094,174.02999877929688,171.89999389648438,173.55999755859375,170.92405700683594,53724500.0
2023-05-11,173.85000610351562,174.58999633789062,172.1699981689453,173.75,171.1111297607422,49514700.0
2023-05-12,173.6199951171875,174.05999755859375,171.0,172.57000732421875,170.18414306640625,45533100.0
2023-05-15,173.16000366210938,173.2100067138672,171.47000122070312,172.07000732421875,169.69107055664062,37266700.0
2023-05-16,171.99000549316406,173.13999938964844,171.8000030517578,172.07000732421875,169.69107055664062,42110300.0
2023-05-17,171.7100067138672,172.92999267578125,170.4199981689453,172.69000244140625,170.30252075195312,57951600.0
2023-05-18,173.0,175.24000549316406,172.5800018310547,175.0500030517578,172.6298828125,65496700.0
2023-05-19,176.38999938964844,176.38999938964844,174.94000244140625,175.16000366210938,172.73834228515625,55809500.0
2023-05-22,173.97999572753906,174.7100067138672,173.4499969482422,174.1999969482422,171.79161071777344,43570900.0
2023-05-23,173.1300048828125,173.3800048828125,171.27999877929688,171.55999755859375,169.1881103515625,50747300.0
2023-05-24,171.08999633789062,172.4199981689453,170.52000427246094,171.83999633789062,169.4642333984375,45143500.0
2023-05-25,172.41000366210938,173.89999389648438,171.69000244140625,172.99000549316406,170.59835815429688,56058300.0
2023-05-26,173.32000732421875,175.77000427246094,173.11000061035156,175.42999267578125,173.0045928955078,54835000.0
2023-05-29,173.32000732421875,175.77000427246094,173.11000061035156,175.42999267578125,173.0045928955078,54835000.0
2023-05-30,176.9600067138672,178.99000549316406,176.57000732421875,177.3000030517578,174.8487548828125,55964400.0
2023-05-31,177.3300018310547,179.35000610351562,176.75999450683594,177.25,174.7994384765625,99625300.0
2023-06-01,177.6999969482422,180.1199951171875,176.92999267578125,180.08999633789062,177.6001739501953,68901800.0
2023-06-02,181.02999877929688,181.77999877929688,179.25999450683594,180.9499969482422,178.4482879638672,61996900.0
2023-06-05,182.6300048828125,184.9499969482422,178.0399932861328,179.5800018310547,177.09722900390625,121946500.0
2023-06-06,179.97000122070312,180.1199951171875,177.42999267578125,179.2100067138672,176.7323455810547,64848400.0
2023-06-07,178.44000244140625,181.2100067138672,177.32000732421875,177.82000732421875,175.36158752441406,61944600.0
2023-06-08,177.89999389648438,180.83999633789062,177.4600067138672,180.57000732421875,178.07354736328125,50214900.0
2023-06-09,181.5,182.22999572753906,180.6300048828125,180.9600067138672,178.45816040039062,48900000.0
2023-06-12,181.27000427246094,183.88999938964844,180.97000122070312,183.7899932861328,181.24900817871094,54274900.0
2023-06-13,182.8000030517578,184.14999389648438,182.44000244140625,183.30999755859375,180.7756805419922,54929100.0
2023-06-14,183.3699951171875,184.38999938964844,182.02000427246094,183.9499969482422,181.4068145751953,57462900.0
2023-06-15,183.9600067138672,186.52000427246094,183.77999877929688,186.00999450683594,183.43833923339844,65433200.0
2023-06-16,186.72999572753906,186.99000549316406,184.27000427246094,184.9199981689453,182.3634033203125,101256200.0
2023-06-19,186.72999572753906,186.99000549316406,184.27000427246094,184.9199981689453,182.3634033203125,101256200.0
2023-06-20,184.41000366210938,186.10000610351562,184.41000366210938,185.00999450683594,182.45216369628906,49799100.0
2023-06-21,184.89999389648438,185.41000366210938,182.58999633789062,183.9600067138672,181.41665649414062,49515700.0
2023-06-22,183.74000549316406,187.0500030517578,183.6699981689453,187.0,184.41465759277344,51245300.0
2023-06-23,185.5500030517578,187.55999755859375,185.00999450683594,186.67999267578125,184.09909057617188,53117000.0
2023-06-26,186.8300018310547,188.0500030517578,185.22999572753906,185.27000427246094,182.70860290527344,48088700.0
2023-06-27,185.88999938964844,188.38999938964844,185.6699981689453,188.05999755859375,185.45999145507812,50730800.0
2023-06-28,187.92999267578125,189.89999389648438,187.60000610351562,189.25,186.633544921875,51216800.0
2023-06-29,189.0800018310547,190.07000732421875,188.94000244140625,189.58999633789062,186.96884155273438,46347300.0
2023-06-30,191.6300048828125,194.47999572753906,191.25999450683594,193.97000122070312,191.28831481933594,85213200.0
2023-07-03,193.77999877929688,193.8800048828125,191.75999450683594,192.4600067138672,189.79916381835938,31458200.0
2023-07-04,193.77999877929688,193.8800048828125,191.75999450683594,192.4600067138672,189.79916381835938,31458200.0
2023-07-05,191.57000732421875,192.97999572753906,190.6199951171875,191.3300018310547,188.6847686767578,46920300.0
2023-07-06,189.83999633789062,192.02000427246094,189.1999969482422,191.80999755859375,189.1581573486328,45094300.0
2023-07-07,191.41000366210938,192.6699981689453,190.24000549316406,190.67999267578125,188.0437774658203,46815000.0
2023-07-10,189.25999450683594,189.99000549316406,187.0399932861328,188.61000061035156,186.0023956298828,59922200.0
2023-07-11,189.16000366210938,189.3000030517578,186.60000610351562,188.0800018310547,185.47972106933594,46638100.0
2023-07-12,189.67999267578125,191.6999969482422,188.47000122070312,189.77000427246094,187.1463623046875,60750200.0
2023-07-13,190.5,191.19000244140625,189.77999877929688,190.5399932861328,187.90570068359375,41342300.0
2023-07-14,190.22999572753906,191.17999267578125,189.6300048828125,190.69000244140625,188.0536346435547,41616200.0
2023-07-17,191.89999389648438,194.32000732421875,191.80999755859375,193.99000549316406,191.30801391601562,50520200.0
2023-07-18,193.35000610351562,194.3300018310547,192.4199981689453,193.72999572753906,191.05160522460938,48288200.0
2023-07-19,193.10000610351562,198.22999572753906,192.64999389648438,195.10000610351562,192.4026336669922,80507300.0
2023-07-20,195.08999633789062,196.47000122070312,192.5,193.1300048828125,190.4599151611328,59581200.0
2023-07-21,194.10000610351562,194.97000122070312,191.22999572753906,191.94000244140625,189.2863311767578,71951700.0
2023-07-24,193.41000366210938,194.91000366210938,192.25,192.75,190.08514404296875,45377800.0
2023-07-25,193.3300018310547,194.44000244140625,192.9199981689453,193.6199951171875,190.94313049316406,37283200.0
2023-07-26,193.6699981689453,195.63999938964844,193.32000732421875,194.5,191.81094360351562,47471900.0
2023-07-27,196.02000427246094,197.1999969482422,192.5500030517578,193.22000122070312,190.54867553710938,47460200.0
2023-07-28,194.6699981689453,196.6300048828125,194.13999938964844,195.8300018310547,193.12254333496094,48291400.0
2023-07-31,196.05999755859375,196.49000549316406,195.25999450683594,196.4499969482422,193.73397827148438,38824100.0
2023-08-01,196.24000549316406,196.72999572753906,195.27999877929688,195.61000061035156,192.90560913085938,35175100.0
2023-08-02,195.0399932861328,195.17999267578125,191.85000610351562,192.5800018310547,189.91749572753906,50389300.0
2023-08-03,191.57000732421875,192.3699951171875,190.69000244140625,191.1699981689453,188.5269775390625,61235200.0
2023-08-04,185.52000427246094,187.3800048828125,181.9199981689453,181.99000549316406,179.4739227294922,115956800.0
2023-08-07,182.1300048828125,183.1300048828125,177.35000610351562,178.85000610351562,176.37738037109375,97576100.0
2023-08-08,179.69000244140625,180.27000427246094,177.5800018310547,179.8000030517578,177.31422424316406,67823000.0
2023-08-09,180.8699951171875,180.92999267578125,177.00999450683594,178.19000244140625,175.72647094726562,60378500.0
2023-08-10,179.47999572753906,180.75,177.60000610351562,177.97000122070312,175.50950622558594,54686900.0
2023-08-11,177.32000732421875,178.6199951171875,176.5500030517578,177.7899932861328,175.56874084472656,52036700.0
2023-08-14,177.97000122070312,179.69000244140625,177.30999755859375,179.4600067138672,177.2178955078125,43675600.0
2023-08-15,178.8800048828125,179.47999572753906,177.0500030517578,177.4499969482422,175.23300170898438,43622600.0
2023-08-16,177.1300048828125,178.5399932861328,176.5,176.57000732421875,174.36399841308594,46964900.0
2023-08-17,177.13999938964844,177.50999450683594,173.47999572753906,174.0,171.82608032226562,66062900.0
2023-08-18,172.3000030517578,175.10000610351562,171.9600067138672,174.49000549316406,172.30999755859375,61172200.0
2023-08-21,175.07000732421875,176.1300048828125,173.74000549316406,175.83999633789062,173.6431121826172,46311900.0
2023-08-22,177.05999755859375,177.67999267578125,176.25,177.22999572753906,175.01571655273438,42038900.0
2023-08-23,178.52000427246094,181.5500030517578,178.3300018310547,181.1199951171875,178.85714721679688,52722800.0
2023-08-24,180.6699981689453,181.10000610351562,176.00999450683594,176.3800048828125,174.17637634277344,54945800.0
2023-08-25,177.3800048828125,179.14999389648438,175.82000732421875,178.61000061035156,176.3784942626953,51449600.0
2023-08-28,180.08999633789062,180.58999633789062,178.5500030517578,180.19000244140625,177.93875122070312,43820700.0
2023-08-29,179.6999969482422,184.89999389648438,179.5,184.1199951171875,181.8196563720703,53003900.0
2023-08-30,184.94000244140625,187.85000610351562,184.74000549316406,187.64999389648438,185.30557250976562,60813900.0
2023-08-31,187.83999633789062,189.1199951171875,187.47999572753906,187.8699951171875,185.52281188964844,60794500.0
2023-09-01,189.49000549316406,189.9199981689453,188.27999877929688,189.4600067138672,187.0929718017578,45766500.0
2023-09-04,189.49000549316406,189.9199981689453,188.27999877929688,189.4600067138672,187.0929718017578,45766500.0
2023-09-05,188.27999877929688,189.97999572753906,187.61000061035156,189.6999969482422,187.3299560546875,45280000.0
2023-09-06,188.39999389648438,188.85000610351562,181.47000122070312,182.91000366210938,180.62478637695312,81755800.0
2023-09-07,175.17999267578125,178.2100067138672,173.5399932861328,177.55999755859375,175.34161376953125,112488800.0
2023-09-08,178.35000610351562,180.24000549316406,177.7899932861328,178.17999267578125,175.953857421875,65551300.0
2023-09-11,180.07000732421875,180.3000030517578,177.33999633789062,179.36000061035156,177.119140625,58953100.0
2023-09-12,179.49000549316406,180.1300048828125,174.82000732421875,176.3000030517578,174.0973663330078,90370200.0
2023-09-13,176.50999450683594,177.3000030517578,173.97999572753906,174.2100067138672,172.03346252441406,84267900.0
2023-09-14,174.0,176.10000610351562,173.5800018310547,175.74000549316406,173.54432678222656,60895800.0
2023-09-15,176.47999572753906,176.5,173.82000732421875,175.00999450683594,172.823486328125,109259500.0
2023-09-18,176.47999572753906,179.3800048828125,176.1699981689453,177.97000122070312,175.7465057373047,67257600.0
2023-09-19,177.52000427246094,179.6300048828125,177.1300048828125,179.07000732421875,176.83274841308594,51826900.0
2023-09-20,179.25999450683594,179.6999969482422,175.39999389648438,175.49000549316406,173.29750061035156,58436200.0
2023-09-21,174.5500030517578,176.3000030517578,173.86000061035156,173.92999267578125,171.7569580078125,63149100.0
2023-09-22,174.6699981689453,177.0800018310547,174.0500030517578,174.7899932861328,172.606201171875,56725400.0
2023-09-25,174.1999969482422,176.97000122070312,174.14999389648438,176.0800018310547,173.88011169433594,46172700.0
2023-09-26,174.82000732421875,175.1999969482422,171.66000366210938,171.9600067138672,169.81158447265625,64588900.0
2023-09-27,172.6199951171875,173.0399932861328,169.0500030517578,170.42999267578125,168.3007049560547,66921800.0
2023-09-28,169.33999633789062,172.02999877929688,167.6199951171875,170.69000244140625,168.55747985839844,56294400.0
2023-09-29,172.02000427246094,173.07000732421875,170.33999633789062,171.2100067138672,169.0709686279297,51861100.0
2023-10-02,171.22000122070312,174.3000030517578,170.92999267578125,173.75,171.57920837402344,52164500.0
2023-10-03,172.25999450683594,173.6300048828125,170.82000732421875,172.39999389648438,170.24607849121094,49594600.0
2023-10-04,171.08999633789062,174.2100067138672,170.97000122070312,173.66000366210938,171.49037170410156,53020300.0
2023-10-05,173.7899932861328,175.4499969482422,172.67999267578125,174.91000366210938,172.7247314453125,48527900.0
2023-10-06,173.8000030517578,177.99000549316406,173.17999267578125,177.49000549316406,175.2725067138672,57266700.0
2023-10-09,176.80999755859375,179.0500030517578,175.8000030517578,178.99000549316406,176.75376892089844,42390800.0
2023-10-10,178.10000610351562,179.72000122070312,177.9499969482422,178.38999938964844,176.1612548828125,43698000.0
2023-10-11,178.1999969482422,179.85000610351562,177.60000610351562,179.8000030517578,177.5536651611328,47551100.0
2023-10-12,180.07000732421875,182.33999633789062,179.0399932861328,180.7100067138672,178.4522705078125,56743100.0
2023-10-13,181.4199981689453,181.92999267578125,178.13999938964844,178.85000610351562,176.6155548095703,51427100.0
2023-10-16,176.75,179.0800018310547,176.50999450683594,178.72000122070312,176.4871063232422,52517000.0
2023-10-17,176.64999389648438,178.4199981689453,174.8000030517578,177.14999389648438,174.93673706054688,57549400.0
2023-10-18,175.5800018310547,177.5800018310547,175.11000061035156,175.83999633789062,173.6431121826172,54764400.0
2023-10-19,176.0399932861328,177.83999633789062,175.19000244140625,175.4600067138672,173.2678680419922,59302900.0
2023-10-20,175.30999755859375,175.4199981689453,172.63999938964844,172.8800048828125,170.7200927734375,64244000.0
2023-10-23,170.91000366210938,174.00999450683594,169.92999267578125,173.0,170.8385772705078,55980100.0
2023-10-24,173.0500030517578,173.6699981689453,171.4499969482422,173.44000244140625,171.27310180664062,43816600.0
2023-10-25,171.8800048828125,173.05999755859375,170.64999389648438,171.10000610351562,168.9623260498047,57157000.0
2023-10-26,170.3699951171875,171.3800048828125,165.6699981689453,166.88999938964844,164.80494689941406,70625300.0
2023-10-27,166.91000366210938,168.9600067138672,166.8300018310547,168.22000122070312,166.11830139160156,58499100.0
2023-10-30,169.02000427246094,171.1699981689453,168.8699951171875,170.2899932861328,168.16246032714844,51131000.0
2023-10-31,169.35000610351562,170.89999389648438,167.89999389648438,170.77000427246094,168.63645935058594,44846000.0
2023-11-01,171.0,174.22999572753906,170.1199951171875,173.97000122070312,171.7964630126953,56934900.0
2023-11-02,175.52000427246094,177.77999877929688,175.4600067138672,177.57000732421875,175.3515167236328,77334800.0
2023-11-03,174.24000549316406,176.82000732421875,173.35000610351562,176.64999389648438,174.4429931640625,79829200.0
2023-11-06,176.3800048828125,179.42999267578125,176.2100067138672,179.22999572753906,176.99073791503906,63841300.0
2023-11-07,179.17999267578125,182.44000244140625,178.97000122070312,181.82000732421875,179.5483856201172,70530000.0
2023-11-08,182.35000610351562,183.4499969482422,181.58999633789062,182.88999938964844,180.6050262451172,49340300.0
2023-11-09,182.9600067138672,184.1199951171875,181.80999755859375,182.41000366210938,180.13104248046875,53763500.0
2023-11-10,183.97000122070312,186.57000732421875,183.52999877929688,186.39999389648438,184.31369018554688,66133400.0
2023-11-13,185.82000732421875,186.02999877929688,184.2100067138672,184.8000030517578,182.73158264160156,43627500.0
2023-11-14,187.6999969482422,188.11000061035156,186.3000030517578,187.44000244140625,185.34201049804688,60108400.0
2023-11-15,187.85000610351562,189.5,187.77999877929688,188.00999450683594,185.90565490722656,53790500.0
2023-11-16,189.57000732421875,190.9600067138672,188.64999389648438,189.7100067138672,187.58665466308594,54412900.0
2023-11-17,190.25,190.3800048828125,188.57000732421875,189.69000244140625,187.5668487548828,50922700.0
2023-11-20,189.88999938964844,191.91000366210938,189.8800048828125,191.4499969482422,189.30714416503906,46505100.0
2023-11-21,191.41000366210938,191.52000427246094,189.74000549316406,190.63999938964844,188.50621032714844,38134500.0
2023-11-22,191.49000549316406,192.92999267578125,190.8300018310547,191.30999755859375,189.168701171875,39617700.0
2023-11-23,191.49000549316406,192.92999267578125,190.8300018310547,191.30999755859375,189.168701171875,39617700.0
2023-11-24,190.8699951171875,190.89999389648438,189.25,189.97000122070312,187.84371948242188,24048300.0
2023-11-27,189.9199981689453,190.6699981689453,188.89999389648438,189.7899932861328,187.66574096679688,40552600.0
2023-11-28,189.77999877929688,191.0800018310547,189.39999389648438,190.39999389648438,188.26889038085938,38415400.0
2023-11-29,190.89999389648438,192.08999633789062,188.97000122070312,189.3699951171875,187.25045776367188,43014200.0
2023-11-30,189.83999633789062,190.32000732421875,188.19000244140625,189.9499969482422,187.82394409179688,48794400.0
2023-12-01,190.3300018310547,191.55999755859375,189.22999572753906,191.24000549316406,189.09950256347656,45704800.0
2023-12-04,189.97999572753906,190.0500030517578,187.4499969482422,189.42999267578125,187.3097381591797,43389500.0
2023-12-05,190.2100067138672,194.39999389648438,190.17999267578125,193.4199981689453,191.25511169433594,66628400.0
2023-12-06,194.4499969482422,194.75999450683594,192.11000061035156,192.32000732421875,190.16741943359375,41089700.0
2023-12-07,193.6300048828125,195.0,193.58999633789062,194.27000427246094,192.0955810546875,47477700.0
2023-12-08,194.1999969482422,195.99000549316406,193.6699981689453,195.7100067138672,193.5194854736328,53406400.0
2023-12-11,193.11000061035156,193.49000549316406,191.4199981689453,193.17999267578125,191.0177764892578,60943700.0
2023-12-12,193.0800018310547,194.72000122070312,191.72000122070312,194.7100067138672,192.53070068359375,52696900.0
2023-12-13,195.08999633789062,198.0,194.85000610351562,197.9600067138672,195.74432373046875,70404200.0
2023-12-14,198.02000427246094,199.6199951171875,196.16000366210938,198.11000061035156,195.8926239013672,66831600.0
2023-12-15,197.52999877929688,198.39999389648438,197.0,197.57000732421875,195.35865783691406,128538400.0
2023-12-18,196.08999633789062,196.6300048828125,194.38999938964844,195.88999938964844,193.69747924804688,55751900.0
2023-12-19,196.16000366210938,196.9499969482422,195.88999938964844,196.94000244140625,194.7357177734375,40714100.0
2023-12-20,196.89999389648438,197.67999267578125,194.8300018310547,194.8300018310547,192.64930725097656,52242800.0
2023-12-21,196.10000610351562,197.0800018310547,193.5,194.67999267578125,192.5009765625,46482500.0
2023-12-22,195.17999267578125,195.41000366210938,192.97000122070312,193.60000610351562,191.43309020996094,37149600.0
2023-12-25,195.17999267578125,195.41000366210938,192.97000122070312,193.60000610351562,191.43309020996094,37149600.0
2023-12-26,193.61000061035156,193.88999938964844,192.8300018310547,193.0500030517578,190.88926696777344,28919300.0
2023-12-27,192.49000549316406,193.5,191.08999633789062,193.14999389648438,190.9881134033203,48087700.0
2023-12-28,194.13999938964844,194.66000366210938,193.1699981689453,193.5800018310547,191.41331481933594,34049900.0
2023-12-29,193.89999389648438,194.39999389648438,191.72999572753906,192.52999877929688,190.37506103515625,42672100.0
2024-01-01,193.89999389648438,194.39999389648438,191.72999572753906,192.52999877929688,190.37506103515625,42672100.0
2024-01-02,187.14999389648438,188.44000244140625,183.88999938964844,185.63999938964844,183.5621795654297,82488700.0
2024-01-03,184.22000122070312,185.8800048828125,183.42999267578125,184.25,182.187744140625,58414500.0
2024-01-04,182.14999389648438,183.08999633789062,180.8800048828125,181.91000366210938,179.8739471435547,71983600.0
2024-01-05,181.99000549316406,182.75999450683594,180.1699981689453,181.17999267578125,179.152099609375,62379700.0
2024-01-08,182.08999633789062,185.60000610351562,181.5,185.55999755859375,183.48306274414062,59144500.0
2024-01-09,183.9199981689453,185.14999389648438,182.72999572753906,185.13999938964844,183.06776428222656,42841800.0
2024-01-10,184.35000610351562,186.39999389648438,183.9199981689453,186.19000244140625,184.10601806640625,46792900.0
2024-01-11,186.5399932861328,187.0500030517578,183.6199951171875,185.58999633789062,183.51272583007812,49128400.0
2024-01-12,186.05999755859375,186.74000549316406,185.19000244140625,185.9199981689453,183.83905029296875,40477800.0
2024-01-15,186.05999755859375,186.74000549316406,185.19000244140625,185.9199981689453,183.83905029296875,40477800.0
2024-01-16,182.16000366210938,184.25999450683594,180.92999267578125,183.6300048828125,181.57469177246094,65603000.0
2024-01-17,181.27000427246094,182.92999267578125,180.3000030517578,182.67999267578125,180.6352996826172,47317400.0
2024-01-18,186.08999633789062,189.13999938964844,185.8300018310547,188.6300048828125,186.51870727539062,78005800.0
2024-01-19,189.3300018310547,191.9499969482422,188.82000732421875,191.55999755859375,189.41592407226562,68903000.0
2024-01-22,192.3000030517578,195.3300018310547,192.25999450683594,193.88999938964844,191.71983337402344,60133900.0
2024-01-23,195.02000427246094,195.75,193.8300018310547,195.17999267578125,192.99539184570312,42355600.0
2024-01-24,195.4199981689453,196.3800048828125,194.33999633789062,194.5,192.32301330566406,53631300.0
2024-01-25,195.22000122070312,196.27000427246094,193.11000061035156,194.1699981689453,191.99671936035156,54822100.0
2024-01-26,194.27000427246094,194.75999450683594,191.94000244140625,192.4199981689453,190.26626586914062,44594000.0
2024-01-29,192.00999450683594,192.1999969482422,189.5800018310547,191.72999572753906,189.58401489257812,47145600.0
2024-01-30,190.94000244140625,191.8000030517578,187.47000122070312,188.0399932861328,185.93531799316406,55859400.0
2024-01-31,187.0399932861328,187.10000610351562,184.35000610351562,184.39999389648438,182.3360595703125,55467800.0
2024-02-01,183.99000549316406,186.9499969482422,183.82000732421875,186.86000061035156,184.7685546875,64885400.0
2024-02-02,179.86000061035156,187.3300018310547,179.25,185.85000610351562,183.7698516845703,102551700.0
2024-02-05,188.14999389648438,189.25,185.83999633789062,187.67999267578125,185.579345703125,69668800.0
2024-02-06,186.86000061035156,189.30999755859375,186.77000427246094,189.3000030517578,187.18124389648438,43490800.0
2024-02-07,190.63999938964844,191.0500030517578,188.61000061035156,189.41000366210938,187.29000854492188,53439000.0
2024-02-08,189.38999938964844,189.5399932861328,187.35000610351562,188.32000732421875,186.21221923828125,40962000.0
2024-02-09,188.64999389648438,189.99000549316406,188.0,188.85000610351562,186.97454833984375,45155200.0
2024-02-12,188.4199981689453,188.6699981689453,186.7899932861328,187.14999389648438,185.29144287109375,41781900.0
2024-02-13,185.77000427246094,186.2100067138672,183.50999450683594,185.0399932861328,183.20237731933594,56529500.0
2024-02-14,185.32000732421875,185.52999877929688,182.44000244140625,184.14999389648438,182.32119750976562,54630500.0
2024-02-15,183.5500030517578,184.49000549316406,181.35000610351562,183.86000061035156,182.0341033935547,65434500.0
2024-02-16,183.4199981689453,184.85000610351562,181.6699981689453,182.30999755859375,180.49948120117188,49752500.0
2024-02-19,183.4199981689453,184.85000610351562,181.6699981689453,182.30999755859375,180.49948120117188,49752500.0
2024-02-20,181.7899932861328,182.42999267578125,180.0,181.55999755859375,179.75692749023438,53665600.0
2024-02-21,181.94000244140625,182.88999938964844,180.66000366210938,182.32000732421875,180.50941467285156,41371400.0
2024-02-22,183.47999572753906,184.9600067138672,182.4600067138672,184.3699951171875,182.5390167236328,52292200.0
2024-02-23,185.00999450683594,185.0399932861328,182.22999572753906,182.52000427246094,180.7074432373047,45119700.0
2024-02-26,182.24000549316406,182.75999450683594,180.64999389648438,181.16000366210938,179.3609161376953,40867400.0
2024-02-27,181.10000610351562,183.9199981689453,179.55999755859375,182.6300048828125,180.8163299560547,54318900.0
2024-02-28,182.50999450683594,183.1199951171875,180.1300048828125,181.4199981689453,179.61831665039062,48953900.0
2024-02-29,181.27000427246094,182.57000732421875,179.52999877929688,180.75,178.95498657226562,136682600.0
2024-03-01,179.5500030517578,180.52999877929688,177.3800048828125,179.66000366210938,177.8758087158203,73563100.0
2024-03-04,176.14999389648438,176.89999389648438,173.7899932861328,175.10000610351562,173.36109924316406,81510100.0
2024-03-05,170.75999450683594,172.0399932861328,169.6199951171875,170.1199951171875,168.43055725097656,95132400.0
2024-03-06,171.05999755859375,171.24000549316406,168.67999267578125,169.1199951171875,167.44049072265625,68587700.0
2024-03-07,169.14999389648438,170.72999572753906,168.49000549316406,169.0,167.3216552734375,71765100.0
2024-03-08,169.0,173.6999969482422,168.94000244140625,170.72999572753906,169.03448486328125,76267000.0
2024-03-11,172.94000244140625,174.3800048828125,172.0500030517578,172.75,171.034423828125,60139500.0
2024-03-12,173.14999389648438,174.02999877929688,171.00999450683594,173.22999572753906,171.5096435546875,59825400.0
2024-03-13,172.77000427246094,173.19000244140625,170.75999450683594,171.1300048828125,169.43052673339844,52488700.0
2024-03-14,172.91000366210938,174.30999755859375,172.0500030517578,173.0,171.28195190429688,72913500.0
2024-03-15,171.1699981689453,172.6199951171875,170.2899932861328,172.6199951171875,170.9057159423828,121752700.0
2024-03-18,175.57000732421875,177.7100067138672,173.52000427246094,173.72000122070312,171.9947967529297,75604200.0
2024-03-19,174.33999633789062,176.61000061035156,173.02999877929688,176.0800018310547,174.3313751220703,55215200.0
2024-03-20,175.72000122070312,178.6699981689453,175.08999633789062,178.6699981689453,176.89564514160156,53423100.0
2024-03-21,177.0500030517578,177.49000549316406,170.83999633789062,171.3699951171875,169.66812133789062,106181300.0
2024-03-22,171.75999450683594,173.0500030517578,170.05999755859375,172.27999877929688,170.56910705566406,71160100.0
2024-03-25,170.57000732421875,171.94000244140625,169.4499969482422,170.85000610351562,169.15330505371094,54288300.0
2024-03-26,170.0,171.4199981689453,169.5800018310547,169.7100067138672,168.02462768554688,57388400.0
2024-03-27,170.41000366210938,173.60000610351562,170.11000061035156,173.30999755859375,171.58885192871094,60273300.0
2024-03-28,171.75,172.22999572753906,170.50999450683594,171.47999572753906,169.7770233154297,65672700.0
2024-03-29,171.75,172.22999572753906,170.50999450683594,171.47999572753906,169.7770233154297,65672700.0
2024-04-01,171.19000244140625,171.25,169.47999572753906,170.02999877929688,168.34144592285156,46240500.0
2024-04-02,169.0800018310547,169.33999633789062,168.22999572753906,168.83999633789062,167.1632537841797,49329500.0
2024-04-03,168.7899932861328,170.67999267578125,168.5800018310547,169.64999389648438,167.96522521972656,47691700.0
2024-04-04,170.2899932861328,171.9199981689453,168.82000732421875,168.82000732421875,167.1434783935547,53704400.0
2024-04-05,169.58999633789062,170.38999938964844,168.9499969482422,169.5800018310547,167.89590454101562,42104800.0
2024-04-08,169.02999877929688,169.1999969482422,168.24000549316406,168.4499969482422,166.77716064453125,37425500.0
2024-04-09,168.6999969482422,170.0800018310547,168.35000610351562,169.6699981689453,167.98501586914062,42373800.0
2024-04-10,168.8000030517578,169.08999633789062,167.11000061035156,167.77999877929688,166.11378479003906,49709300.0
2024-04-11,168.33999633789062,175.4600067138672,168.16000366210938,175.0399932861328,173.30165100097656,91070300.0
2024-04-12,174.25999450683594,178.36000061035156,174.2100067138672,176.5500030517578,174.7967071533203,101670900.0
2024-04-15,175.36000061035156,176.6300048828125,172.5,172.69000244140625,170.97503662109375,73531800.0
2024-04-16,171.75,173.75999450683594,168.27000427246094,169.3800048828125,167.69790649414062,73711200.0
2024-04-17,169.61000061035156,170.64999389648438,168.0,168.0,166.33160400390625,50901200.0
2024-04-18,168.02999877929688,168.63999938964844,166.5500030517578,167.0399932861328,165.38111877441406,43122900.0
2024-04-19,166.2100067138672,166.39999389648438,164.0800018310547,165.0,163.36138916015625,68149400.0
2024-04-22,165.52000427246094,167.25999450683594,164.77000427246094,165.83999633789062,164.19302368164062,48116400.0
2024-04-23,165.35000610351562,167.0500030517578,164.9199981689453,166.89999389648438,165.2425079345703,49537800.0
2024-04-24,166.5399932861328,169.3000030517578,166.2100067138672,169.02000427246094,167.34149169921875,48251800.0
2024-04-25,169.52999877929688,170.61000061035156,168.14999389648438,169.88999938964844,168.20285034179688,50558300.0
2024-04-26,169.8800048828125,171.33999633789062,169.17999267578125,169.3000030517578,167.6186981201172,44838400.0
2024-04-29,173.3699951171875,176.02999877929688,173.10000610351562,173.5,171.77696228027344,68169400.0
2024-04-30,173.3300018310547,174.99000549316406,170.0,170.3300018310547,168.63845825195312,65934800.0
2024-05-01,169.5800018310547,172.7100067138672,169.11000061035156,169.3000030517578,167.6186981201172,50383100.0
2024-05-02,172.50999450683594,173.4199981689453,170.88999938964844,173.02999877929688,171.31163024902344,94214900.0
2024-05-03,186.64999389648438,187.0,182.66000366210938,183.3800048828125,181.558837890625,163224100.0
2024-05-06,182.35000610351562,184.1999969482422,180.4199981689453,181.7100067138672,179.9054412841797,78569700.0
2024-05-07,183.4499969482422,184.89999389648438,181.32000732421875,182.39999389648438,180.58859252929688,77305800.0
2024-05-08,182.85000610351562,183.07000732421875,181.4499969482422,182.74000549316406,180.92523193359375,45057100.0
2024-05-09,182.55999755859375,184.66000366210938,182.11000061035156,184.57000732421875,182.73703002929688,48983000.0
2024-05-10,184.89999389648438,185.08999633789062,182.1300048828125,183.0500030517578,181.47793579101562,50759500.0
2024-05-13,185.44000244140625,187.10000610351562,184.6199951171875,186.27999877929688,184.6802215576172,72044800.0
2024-05-14,187.50999450683594,188.3000030517578,186.2899932861328,187.42999267578125,185.8203582763672,52393600.0
2024-05-15,187.91000366210938,190.64999389648438,187.3699951171875,189.72000122070312,188.09068298339844,70400000.0
2024-05-16,190.47000122070312,191.10000610351562,189.66000366210938,189.83999633789062,188.2096405029297,52845200.0
2024-05-17,189.50999450683594,190.80999755859375,189.17999267578125,189.8699951171875,188.23939514160156,41282900.0
2024-05-20,189.3300018310547,191.9199981689453,189.00999450683594,191.0399932861328,189.3993377685547,44361300.0
2024-05-21,191.08999633789062,192.72999572753906,190.9199981689453,192.35000610351562,190.69808959960938,42309400.0
2024-05-22,192.27000427246094,192.82000732421875,190.27000427246094,190.89999389648438,189.26052856445312,34648500.0
2024-05-23,190.97999572753906,191.0,186.6300048828125,186.8800048828125,185.2750701904297,51005900.0
2024-05-24,188.82000732421875,190.5800018310547,188.0399932861328,189.97999572753906,188.34844970703125,36327000.0
2024-05-27,188.82000732421875,190.5800018310547,188.0399932861328,189.97999572753906,188.34844970703125,36327000.0
2024-05-28,191.50999450683594,193.0,189.10000610351562,189.99000549316406,188.35836791992188,52280100.0
2024-05-29,189.61000061035156,192.25,189.50999450683594,190.2899932861328,188.65577697753906,53068000.0
2024-05-30,190.75999450683594,192.17999267578125,190.6300048828125,191.2899932861328,189.64720153808594,49889100.0
2024-05-31,191.44000244140625,192.57000732421875,189.91000366210938,192.25,190.5989227294922,75158300.0
2024-06-03,192.89999389648438,194.99000549316406,192.52000427246094,194.02999877929688,192.3636474609375,50080500.0
2024-06-04,194.63999938964844,195.32000732421875,193.02999877929688,194.35000610351562,192.680908203125,47471400.0
2024-06-05,195.39999389648438,196.89999389648438,194.8699951171875,195.8699951171875,194.18785095214844,54156800.0
2024-06-06,195.69000244140625,196.5,194.1699981689453,194.47999572753906,192.80978393554688,41181800.0
2024-06-07,194.64999389648438,196.94000244140625,194.13999938964844,196.88999938964844,195.19911193847656,53103900.0
2024-06-10,196.89999389648438,197.3000030517578,192.14999389648438,193.1199951171875,191.46145629882812,97010200.0
2024-06-11,193.64999389648438,207.16000366210938,193.6300048828125,207.14999389648438,205.3709716796875,172373300.0
2024-06-12,207.3699951171875,220.1999969482422,206.89999389648438,213.07000732421875,211.24014282226562,198134300.0
2024-06-13,214.74000549316406,216.75,211.60000610351562,214.24000549316406,212.40008544921875,97862700.0
2024-06-14,213.85000610351562,215.1699981689453,211.3000030517578,212.49000549316406,210.6651153564453,70122700.0
2024-06-17,213.3699951171875,218.9499969482422,212.72000122070312,216.6699981689453,214.80923461914062,93728300.0
2024-06-18,217.58999633789062,218.6300048828125,213.0,214.2899932861328,212.44964599609375,79943300.0
2024-06-19,217.58999633789062,218.6300048828125,213.0,214.2899932861328,212.44964599609375,79943300.0
2024-06-20,213.92999267578125,214.24000549316406,208.85000610351562,209.67999267578125,207.87925720214844,86172500.0
2024-06-21,210.38999938964844,211.88999938964844,207.11000061035156,207.49000549316406,205.70806884765625,241805100.0
2024-06-24,207.72000122070312,212.6999969482422,206.58999633789062,208.13999938964844,206.3524627685547,80727000.0
2024-06-25,209.14999389648438,211.3800048828125,208.61000061035156,209.07000732421875,207.27450561523438,55549700.0
2024-06-26,211.5,214.86000061035156,210.63999938964844,213.25,211.4185791015625,66213200.0
2024-06-27,214.69000244140625,215.74000549316406,212.35000610351562,214.10000610351562,212.26129150390625,49772700.0
2024-06-28,215.77000427246094,216.07000732421875,210.3000030517578,210.6199951171875,208.8111572265625,82542700.0
2024-07-01,212.08999633789062,217.50999450683594,211.9199981689453,216.75,214.8885498046875,60402900.0
2024-07-02,216.14999389648438,220.3800048828125,215.10000610351562,220.27000427246094,218.3782958984375,58046200.0
2024-07-03,220.0,221.5500030517578,219.02999877929688,221.5500030517578,219.64732360839844,37369800.0
2024-07-04,220.0,221.5500030517578,219.02999877929688,221.5500030517578,219.64732360839844,37369800.0
2024-07-05,221.64999389648438,226.4499969482422,221.64999389648438,226.33999633789062,224.39614868164062,60412400.0
2024-07-08,227.08999633789062,227.85000610351562,223.25,227.82000732421875,225.86346435546875,59085900.0
2024-07-09,227.92999267578125,229.39999389648438,226.3699951171875,228.67999267578125,226.71609497070312,48076100.0
2024-07-10,229.3000030517578,233.0800018310547,229.25,232.97999572753906,230.97914123535156,62627700.0
2024-07-11,231.38999938964844,232.38999938964844,225.77000427246094,227.57000732421875,225.61561584472656,64710600.0
2024-07-12,228.9199981689453,232.63999938964844,228.67999267578125,230.5399932861328,228.5601043701172,53046500.0
2024-07-15,236.47999572753906,237.22999572753906,233.08999633789062,234.39999389648438,232.386962890625,62631300.0
2024-07-16,235.0,236.27000427246094,232.3300018310547,234.82000732421875,232.80335998535156,43234300.0
2024-07-17,229.4499969482422,231.4600067138672,226.63999938964844,228.8800048828125,226.91436767578125,57345900.0
2024-07-18,230.27999877929688,230.44000244140625,222.27000427246094,224.17999267578125,222.25473022460938,66034600.0
2024-07-19,224.82000732421875,226.8000030517578,223.27999877929688,224.30999755859375,222.38360595703125,49151500.0
2024-07-22,227.00999450683594,227.77999877929688,223.08999633789062,223.9600067138672,222.03663635253906,48201800.0
2024-07-23,224.3699951171875,226.94000244140625,222.67999267578125,225.00999450683594,223.0775909423828,39960300.0
2024-07-24,224.0,224.8000030517578,217.1300048828125,218.5399932861328,216.66314697265625,61777600.0
2024-07-25,218.92999267578125,220.85000610351562,214.6199951171875,217.49000549316406,215.6221923828125,51391200.0
2024-07-26,218.6999969482422,219.49000549316406,216.00999450683594,217.9600067138672,216.088134765625,41601300.0
2024-07-29,216.9600067138672,219.3000030517578,215.75,218.24000549316406,216.36572265625,36311800.0
2024-07-30,219.19000244140625,220.3300018310547,216.1199951171875,218.8000030517578,216.9209442138672,41643800.0
2024-07-31,221.44000244140625,223.82000732421875,220.6300048828125,222.0800018310547,220.1727752685547,50036300.0
2024-08-01,224.3699951171875,224.47999572753906,217.02000427246094,218.36000061035156,216.48471069335938,62501000.0
2024-08-02,219.14999389648438,225.60000610351562,217.7100067138672,219.86000061035156,217.9718475341797,105568600.0
2024-08-05,199.08999633789062,213.5,196.0,209.27000427246094,207.47279357910156,119548600.0
2024-08-06,205.3000030517578,209.99000549316406,201.07000732421875,207.22999572753906,205.45028686523438,69660500.0
2024-08-07,206.89999389648438,213.63999938964844,206.38999938964844,209.82000732421875,208.01805114746094,63516400.0
2024-08-08,213.11000061035156,214.1999969482422,208.8300018310547,213.30999755859375,211.47808837890625,47161100.0
2024-08-09,212.10000610351562,216.77999877929688,211.97000122070312,216.24000549316406,214.38290405273438,42201600.0
2024-08-12,216.07000732421875,219.50999450683594,215.60000610351562,217.52999877929688,215.9114532470703,38028100.0
2024-08-13,219.00999450683594,221.88999938964844,219.00999450683594,221.27000427246094,219.6236572265625,44155300.0
2024-08-14,220.57000732421875,223.02999877929688,219.6999969482422,221.72000122070312,220.0702667236328,41960600.0
2024-08-15,224.60000610351562,225.35000610351562,222.75999450683594,224.72000122070312,223.0479736328125,46414000.0
2024-08-16,223.9199981689453,226.8300018310547,223.64999389648438,226.0500030517578,224.36807250976562,44340200.0
2024-08-19,225.72000122070312,225.99000549316406,223.0399932861328,225.88999938964844,224.20925903320312,40687800.0
2024-08-20,225.77000427246094,227.1699981689453,225.4499969482422,226.50999450683594,224.82464599609375,30299000.0
2024-08-21,226.52000427246094,227.97999572753906,225.0500030517578,226.39999389648438,224.71546936035156,34765500.0
2024-08-22,227.7899932861328,228.33999633789062,223.89999389648438,224.52999877929688,222.859375,43695300.0
2024-08-23,225.66000366210938,228.22000122070312,224.3300018310547,226.83999633789062,225.15219116210938,38677300.0
2024-08-26,226.75999450683594,227.27999877929688,223.88999938964844,227.17999267578125,225.48965454101562,30602200.0
2024-08-27,226.0,228.85000610351562,224.88999938964844,228.02999877929688,226.33334350585938,35934600.0
2024-08-28,227.9199981689453,229.86000061035156,225.67999267578125,226.49000549316406,224.80479431152344,38052200.0
2024-08-29,230.10000610351562,232.9199981689453,228.8800048828125,229.7899932861328,228.0802459716797,51906300.0
2024-08-30,230.19000244140625,230.39999389648438,227.47999572753906,229.0,227.29611206054688,52990800.0
2024-09-02,230.19000244140625,230.39999389648438,227.47999572753906,229.0,227.29611206054688,52990800.0
2024-09-03,228.5500030517578,229.0,221.1699981689453,222.77000427246094,221.1124725341797,50190600.0
2024-09-04,221.66000366210938,221.77999877929688,217.47999572753906,220.85000610351562,219.206787109375,43840200.0
2024-09-05,221.6300048828125,225.47999572753906,221.52000427246094,222.3800048828125,220.72537231445312,36615400.0
2024-09-06,223.9499969482422,225.24000549316406,219.77000427246094,220.82000732421875,219.17698669433594,48423000.0
2024-09-09,220.82000732421875,221.27000427246094,216.7100067138672,220.91000366210938,219.2663116455078,67180000.0
2024-09-10,218.9199981689453,221.47999572753906,216.72999572753906,220.11000061035156,218.4722900390625,51591000.0
2024-09-11,221.4600067138672,223.08999633789062,217.88999938964844,222.66000366210938,221.00331115722656,44587100.0
2024-09-12,222.5,223.5500030517578,219.82000732421875,222.77000427246094,221.1124725341797,37455600.0
2024-09-13,223.5800018310547,224.0399932861328,221.91000366210938,222.5,220.844482421875,36766600.0
2024-09-16,216.5399932861328,217.22000122070312,213.9199981689453,216.32000732421875,214.71047973632812,59357400.0
2024-09-17,215.75,216.89999389648438,214.5,216.7899932861328,215.17694091796875,45519300.0
2024-09-18,217.5500030517578,222.7100067138672,217.5399932861328,220.69000244140625,219.04795837402344,59894900.0
2024-09-19,224.99000549316406,229.82000732421875,224.6300048828125,228.8699951171875,227.16709899902344,66781300.0
2024-09-20,229.97000122070312,233.08999633789062,227.6199951171875,228.1999969482422,226.50209045410156,318679900.0
2024-09-23,227.33999633789062,229.4499969482422,225.80999755859375,226.47000122070312,224.78494262695312,54146000.0
2024-09-24,228.64999389648438,229.35000610351562,225.72999572753906,227.3699951171875,225.67825317382812,43556100.0
2024-09-25,224.92999267578125,227.2899932861328,224.02000427246094,226.3699951171875,224.68569946289062,42308700.0
2024-09-26,227.3000030517578,228.5,225.41000366210938,227.52000427246094,225.82713317871094,36636700.0
2024-09-27,228.4600067138672,229.52000427246094,227.3000030517578,227.7899932861328,226.09512329101562,34026000.0
2024-09-30,230.0399932861328,233.0,229.64999389648438,233.0,231.266357421875,54541900.0
2024-10-01,229.52000427246094,229.64999389648438,223.74000549316406,226.2100067138672,224.52688598632812,63285000.0
2024-10-02,225.88999938964844,227.3699951171875,223.02000427246094,226.77999877929688,225.0926513671875,32880600.0
2024-10-03,225.13999938964844,226.80999755859375,223.32000732421875,225.6699981689453,223.9908905029297,34044200.0
2024-10-04,227.89999389648438,228.0,224.1300048828125,226.8000030517578,225.11248779296875,37245100.0
2024-10-07,224.5,225.69000244140625,221.3300018310547,221.69000244140625,220.04051208496094,39505400.0
2024-10-08,224.3000030517578,225.97999572753906,223.25,225.77000427246094,224.0901641845703,31855700.0
2024-10-09,225.22999572753906,229.75,224.8300018310547,229.5399932861328,227.83209228515625,33591100.0
2024-10-10,227.77999877929688,229.5,227.1699981689453,229.0399932861328,227.3358154296875,28183500.0
2024-10-11,229.3000030517578,229.41000366210938,227.33999633789062,227.5500030517578,225.85693359375,31759200.0
2024-10-14,228.6999969482422,231.72999572753906,228.60000610351562,231.3000030517578,229.57904052734375,39882100.0
2024-10-15,233.61000061035156,237.49000549316406,232.3699951171875,233.85000610351562,232.1100311279297,64751400.0
2024-10-16,231.60000610351562,232.1199951171875,229.83999633789062,231.77999877929688,230.05543518066406,34082200.0
2024-10-17,233.42999267578125,233.85000610351562,230.52000427246094,232.14999389648438,230.4226837158203,32993800.0
2024-10-18,236.17999267578125,236.17999267578125,234.00999450683594,235.0,233.25146484375,46431500.0
2024-10-21,234.4499969482422,236.85000610351562,234.4499969482422,236.47999572753906,234.72044372558594,36254500.0
2024-10-22,233.88999938964844,236.22000122070312,232.60000610351562,235.86000061035156,234.10508728027344,38846600.0
2024-10-23,234.0800018310547,235.13999938964844,227.75999450683594,230.75999450683594,229.04302978515625,52287000.0
2024-10-24,229.97999572753906,230.82000732421875,228.41000366210938,230.57000732421875,228.85446166992188,31109500.0
2024-10-25,229.74000549316406,233.22000122070312,229.57000732421875,231.41000366210938,229.68820190429688,38802300.0
2024-10-28,233.32000732421875,234.72999572753906,232.5500030517578,233.39999389648438,231.6633758544922,36087100.0
2024-10-29,233.10000610351562,234.3300018310547,232.32000732421875,233.6699981689453,231.93138122558594,35417200.0
2024-10-30,232.61000061035156,233.47000122070312,229.5500030517578,230.10000610351562,228.38795471191406,47070900.0
2024-10-31,229.33999633789062,229.8300018310547,225.3699951171875,225.91000366210938,224.22911071777344,64370100.0
2024-11-01,220.97000122070312,225.35000610351562,220.27000427246094,222.91000366210938,221.25143432617188,65276700.0
2024-11-04,220.99000549316406,222.7899932861328,219.7100067138672,222.00999450683594,220.35813903808594,44944500.0
2024-11-05,221.8000030517578,223.9499969482422,221.13999938964844,223.4499969482422,221.7874298095703,28111300.0
2024-11-06,222.61000061035156,226.07000732421875,221.19000244140625,222.72000122070312,221.06285095214844,54561100.0
2024-11-07,224.6300048828125,227.8800048828125,224.57000732421875,227.47999572753906,225.7874298095703,42137700.0
2024-11-08,227.1699981689453,228.66000366210938,226.41000366210938,226.9600067138672,225.51914978027344,38328800.0
2024-11-11,225.0,225.6999969482422,221.5,224.22999572753906,222.8064727783203,42005600.0
2024-11-12,224.5500030517578,225.58999633789062,223.36000061035156,224.22999572753906,222.8064727783203,40398300.0
2024-11-13,224.00999450683594,226.64999389648438,222.75999450683594,225.1199951171875,223.69082641601562,48566200.0
2024-11-14,225.02000427246094,228.8699951171875,225.0,228.22000122070312,226.7711639404297,44923900.0
2024-11-15,226.39999389648438,226.9199981689453,224.27000427246094,225.0,223.5715789794922,47923700.0
2024-11-18,225.25,229.74000549316406,225.1699981689453,228.02000427246094,226.57241821289062,44633700.0
2024-11-19,226.97999572753906,230.16000366210938,226.66000366210938,228.27999877929688,226.83078002929688,36211800.0
2024-11-20,228.05999755859375,229.92999267578125,225.88999938964844,229.0,227.5461883544922,35169600.0
2024-11-21,228.8800048828125,230.16000366210938,225.7100067138672,228.52000427246094,227.0692596435547,42108300.0
2024-11-22,228.05999755859375,230.72000122070312,228.05999755859375,229.8699951171875,228.41067504882812,38168300.0
2024-11-25,231.4600067138672,233.25,229.74000549316406,232.8699951171875,231.39161682128906,90152800.0
2024-11-26,233.3300018310547,235.57000732421875,233.3300018310547,235.05999755859375,233.56771850585938,45986200.0
2024-11-27,234.47000122070312,235.69000244140625,233.80999755859375,234.92999267578125,233.43853759765625,33498400.0
2024-11-28,234.47000122070312,235.69000244140625,233.80999755859375,234.92999267578125,233.43853759765625,33498400.0
2024-11-29,234.80999755859375,237.80999755859375,233.97000122070312,237.3300018310547,235.82330322265625,28481400.0
2024-12-02,237.27000427246094,240.7899932861328,237.16000366210938,239.58999633789062,238.06895446777344,48137100.0
2024-12-03,239.80999755859375,242.75999450683594,238.89999389648438,242.64999389648438,241.1095428466797,38861000.0
2024-12-04,242.8699951171875,244.11000061035156,241.25,243.00999450683594,241.46725463867188,44383900.0
2024-12-05,243.99000549316406,244.5399932861328,242.1300048828125,243.0399932861328,241.49703979492188,40033900.0
2024-12-06,242.91000366210938,244.6300048828125,242.0800018310547,242.83999633789062,241.29830932617188,36870600.0
2024-12-09,241.8300018310547,247.24000549316406,241.75,246.75,245.18350219726562,44649200.0
2024-12-10,246.88999938964844,248.2100067138672,245.33999633789062,247.77000427246094,246.19703674316406,36914800.0
2024-12-11,247.9600067138672,250.8000030517578,246.25999450683594,246.49000549316406,244.9251708984375,45205800.0
2024-12-12,246.88999938964844,248.74000549316406,245.67999267578125,247.9600067138672,246.3858184814453,32777500.0
2024-12-13,247.82000732421875,249.2899932861328,246.24000549316406,248.1300048828125,246.55474853515625,33155300.0
2024-12-16,247.99000549316406,251.3800048828125,247.64999389648438,251.0399932861328,249.44627380371094,51694800.0
2024-12-17,250.0800018310547,253.8300018310547,249.77999877929688,253.47999572753906,251.87075805664062,51356400.0
2024-12-18,252.16000366210938,254.27999877929688,247.74000549316406,248.0500030517578,246.4752655029297,56774100.0
2024-12-19,247.5,252.0,247.08999633789062,249.7899932861328,248.20420837402344,60882300.0
2024-12-20,248.0399932861328,255.0,245.69000244140625,254.49000549316406,252.8743896484375,147495300.0
2024-12-23,254.77000427246094,255.64999389648438,253.4499969482422,255.27000427246094,253.64942932128906,40858800.0
2024-12-24,255.49000549316406,258.2099914550781,255.2899932861328,258.20001220703125,256.56085205078125,23234700.0
2024-12-25,255.49000549316406,258.2099914550781,255.2899932861328,258.20001220703125,256.56085205078125,23234700.0
2024-12-26,258.19000244140625,260.1000061035156,257.6300048828125,259.0199890136719,257.3755798339844,27237100.0
2024-12-27,257.8299865722656,258.70001220703125,253.05999755859375,255.58999633789062,253.96737670898438,42355300.0
2024-12-30,252.22999572753906,253.5,250.75,252.1999969482422,250.59889221191406,35557500.0
2024-12-31,252.44000244140625,253.27999877929688,249.42999267578125,250.4199981689453,248.8302001953125,39480700.0
2025-01-01,252.44000244140625,253.27999877929688,249.42999267578125,250.4199981689453,248.8302001953125,39480700.0
2025-01-02,248.92999267578125,249.10000610351562,241.82000732421875,243.85000610351562,242.3019256591797,55740700.0
2025-01-03,243.36000061035156,244.17999267578125,241.88999938964844,243.36000061035156,241.81503295898438,40244100.0
2025-01-06,244.30999755859375,247.3300018310547,243.1999969482422,245.0,243.44461059570312,45045600.0
2025-01-07,242.97999572753906,245.5500030517578,241.35000610351562,242.2100067138672,240.67233276367188,40856000.0
2025-01-08,241.9199981689453,243.7100067138672,240.0500030517578,242.6999969482422,241.15924072265625,37628900.0
2025-01-09,241.9199981689453,243.7100067138672,240.0500030517578,242.6999969482422,241.15924072265625,37628900.0
2025-01-10,240.00999450683594,240.16000366210938,233.0,236.85000610351562,235.34637451171875,61710900.0
2025-01-13,233.52999877929688,234.6699981689453,229.72000122070312,234.39999389648438,232.91189575195312,49630700.0
2025-01-14,234.75,236.1199951171875,232.47000122070312,233.27999877929688,231.79904174804688,39435300.0
2025-01-15,234.63999938964844,238.9600067138672,234.42999267578125,237.8699951171875,236.35987854003906,39832000.0
2025-01-16,237.35000610351562,238.00999450683594,228.02999877929688,228.25999450683594,226.81088256835938,71759100.0
2025-01-17,232.1199951171875,232.2899932861328,228.47999572753906,229.97999572753906,228.51995849609375,68488300.0
2025-01-20,232.1199951171875,232.2899932861328,228.47999572753906,229.97999572753906,228.51995849609375,68488300.0
2025-01-21,224.0,224.4199981689453,219.3800048828125,222.63999938964844,221.2265625,98070400.0
2025-01-22,219.7899932861328,224.1199951171875,219.7899932861328,223.8300018310547,222.4090118408203,64126500.0
2025-01-23,224.74000549316406,227.02999877929688,222.3000030517578,223.66000366210938,222.24008178710938,60234800.0
2025-01-24,224.77999877929688,225.6300048828125,221.41000366210938,222.77999877929688,221.3656768798828,54697900.0
2025-01-27,224.02000427246094,232.14999389648438,223.97999572753906,229.86000061035156,228.40072631835938,94863400.0
2025-01-28,230.85000610351562,240.19000244140625,230.80999755859375,238.25999450683594,236.74742126464844,75707600.0
2025-01-29,234.1199951171875,239.86000061035156,234.00999450683594,239.36000061035156,237.8404083251953,45486100.0
2025-01-30,238.6699981689453,240.7899932861328,237.2100067138672,237.58999633789062,236.0816650390625,55658300.0
2025-01-31,247.19000244140625,247.19000244140625,233.44000244140625,236.0,234.50177001953125,100959800.0
2025-02-03,229.99000549316406,231.8300018310547,225.6999969482422,228.00999450683594,226.56246948242188,73063300.0
2025-02-04,227.25,233.1300048828125,226.64999389648438,232.8000030517578,231.3220672607422,45067300.0
2025-02-05,228.52999877929688,232.6699981689453,228.27000427246094,232.47000122070312,230.99417114257812,39620300.0
2025-02-06,231.2899932861328,233.8000030517578,230.42999267578125,233.22000122070312,231.73939514160156,29925300.0
2025-02-07,232.60000610351562,234.0,227.25999450683594,227.6300048828125,226.18490600585938,39707200.0
2025-02-10,229.57000732421875,230.58999633789062,227.1999969482422,227.64999389648438,226.45346069335938,33115600.0
2025-02-11,228.1999969482422,235.22999572753906,228.1300048828125,232.6199951171875,231.39735412597656,53718400.0
2025-02-12,231.1999969482422,236.9600067138672,230.67999267578125,236.8699951171875,235.625,45243300.0
2025-02-13,236.91000366210938,242.33999633789062,235.57000732421875,241.52999877929688,240.26052856445312,53614100.0
2025-02-14,241.25,245.5500030517578,240.99000549316406,244.60000610351562,243.3143768310547,40896200.0
2025-02-17,241.25,245.5500030517578,240.99000549316406,244.60000610351562,243.3143768310547,40896200.0
2025-02-18,244.14999389648438,245.17999267578125,241.83999633789062,244.47000122070312,243.18507385253906,48822500.0
2025-02-19,244.66000366210938,246.00999450683594,243.16000366210938,244.8699951171875,243.5829620361328,32204200.0
2025-02-20,244.94000244140625,246.77999877929688,244.2899932861328,245.8300018310547,244.5379180908203,32316900.0
2025-02-21,245.9499969482422,248.69000244140625,245.22000122070312,245.5500030517578,244.25938415527344,53197400.0
2025-02-24,244.92999267578125,248.86000061035156,244.4199981689453,247.10000610351562,245.80125427246094,51326400.0
2025-02-25,248.0,250.0,244.91000366210938,247.0399932861328,245.74156188964844,48013300.0
2025-02-26,244.3300018310547,244.97999572753906,239.1300048828125,240.36000061035156,239.09664916992188,44433600.0
2025-02-27,239.41000366210938,242.4600067138672,237.05999755859375,237.3000030517578,236.05274963378906,41153600.0
2025-02-28,236.9499969482422,242.08999633789062,230.1999969482422,241.83999633789062,240.56887817382812,56833400.0
2025-03-03,241.7899932861328,244.02999877929688,236.11000061035156,238.02999877929688,236.77890014648438,47184000.0
2025-03-04,237.7100067138672,240.07000732421875,234.67999267578125,235.92999267578125,234.68994140625,53798100.0
2025-03-05,235.4199981689453,236.5500030517578,229.22999572753906,235.74000549316406,234.50094604492188,47227600.0
2025-03-06,234.44000244140625,237.86000061035156,233.16000366210938,235.3300018310547,234.09310913085938,45170400.0
2025-03-07,235.11000061035156,241.3699951171875,234.75999450683594,239.07000732421875,237.81346130371094,46273600.0
2025-03-10,235.5399932861328,236.16000366210938,224.22000122070312,227.47999572753906,226.28436279296875,72071200.0
2025-03-11,223.80999755859375,225.83999633789062,217.4499969482422,220.83999633789062,219.6792755126953,76137400.0
2025-03-12,220.13999938964844,221.75,214.91000366210938,216.97999572753906,215.8395538330078,62547500.0
2025-03-13,215.9499969482422,216.83999633789062,208.4199981689453,209.67999267578125,208.5779266357422,61368300.0
2025-03-14,211.25,213.9499969482422,209.5800018310547,213.49000549316406,212.36790466308594,60107600.0
2025-03-17,213.30999755859375,215.22000122070312,209.97000122070312,214.0,212.87522888183594,48073400.0
2025-03-18,214.16000366210938,215.14999389648438,211.49000549316406,212.69000244140625,211.5720977783203,42432400.0
2025-03-19,214.22000122070312,218.75999450683594,213.75,215.24000549316406,214.1086883544922,54385400.0
2025-03-20,213.99000549316406,217.49000549316406,212.22000122070312,214.10000610351562,212.97471618652344,48862900.0
2025-03-21,211.55999755859375,218.83999633789062,211.27999877929688,218.27000427246094,217.12277221679688,94127800.0
2025-03-24,221.0,221.47999572753906,218.5800018310547,220.72999572753906,219.56983947753906,44299500.0
2025-03-25,220.77000427246094,224.10000610351562,220.0800018310547,223.75,222.57398986816406,34493600.0
2025-03-26,223.50999450683594,225.02000427246094,220.47000122070312,221.52999877929688,220.36561584472656,34466100.0
2025-03-27,221.38999938964844,224.99000549316406,220.55999755859375,223.85000610351562,222.67343139648438,37094800.0
2025-03-28,221.6699981689453,223.80999755859375,217.67999267578125,217.89999389648438,216.7547149658203,39818600.0
2025-03-31,217.00999450683594,225.6199951171875,216.22999572753906,222.1300048828125,220.9624786376953,65299300.0
2025-04-01,219.80999755859375,223.67999267578125,218.89999389648438,223.19000244140625,222.0169219970703,36412700.0
2025-04-02,221.32000732421875,225.19000244140625,221.02000427246094,223.88999938964844,222.71324157714844,35905900.0
2025-04-03,205.5399932861328,207.49000549316406,201.25,203.19000244140625,202.12203979492188,103419000.0
2025-04-04,193.88999938964844,199.8800048828125,187.33999633789062,188.3800048828125,187.38987731933594,125910900.0
2025-04-07,177.1999969482422,194.14999389648438,174.6199951171875,181.4600067138672,180.50625610351562,160466300.0
2025-04-08,186.6999969482422,190.33999633789062,169.2100067138672,172.4199981689453,171.51376342773438,120859500.0
2025-04-09,171.9499969482422,200.61000061035156,171.88999938964844,198.85000610351562,197.8048553466797,184395900.0
2025-04-10,189.07000732421875,194.77999877929688,183.0,190.4199981689453,189.41917419433594,121880000.0
2025-04-11,186.10000610351562,199.5399932861328,186.05999755859375,198.14999389648438,197.1085205078125,87435900.0
2025-04-14,211.44000244140625,212.94000244140625,201.16000366210938,202.52000427246094,201.45556640625,101352900.0
2025-04-15,201.86000061035156,203.50999450683594,199.8000030517578,202.13999938964844,201.0775604248047,51343900.0
2025-04-16,198.36000061035156,200.6999969482422,192.3699951171875,194.27000427246094,193.24891662597656,59732400.0
2025-04-17,197.1999969482422,198.8300018310547,194.4199981689453,196.97999572753906,195.94467163085938,52164700.0
2025-04-18,197.1999969482422,198.8300018310547,194.4199981689453,196.97999572753906,195.94467163085938,52164700.0
2025-04-21,193.27000427246094,193.8000030517578,189.80999755859375,193.16000366210938,192.1447296142578,46742500.0
2025-04-22,196.1199951171875,201.58999633789062,195.97000122070312,199.74000549316406,198.690185546875,52976400.0
2025-04-23,206.0,208.0,202.8000030517578,204.60000610351562,203.52464294433594,52929200.0
2025-04-24,204.88999938964844,208.8300018310547,202.94000244140625,208.3699951171875,207.27481079101562,47311000.0
2025-04-25,206.3699951171875,209.75,206.1999969482422,209.27999877929688,208.18002319335938,38222300.0
2025-04-28,210.0,211.5,207.4600067138672,210.13999938964844,209.03550720214844,38743100.0
2025-04-29,208.69000244140625,212.24000549316406,208.3699951171875,211.2100067138672,210.09986877441406,36827600.0
2025-04-30,209.3000030517578,213.5800018310547,206.6699981689453,212.5,211.3831024169922,52286500.0
2025-05-01,209.0800018310547,214.55999755859375,208.89999389648438,213.32000732421875,212.19879150390625,57365700.0
2025-05-02,206.08999633789062,206.99000549316406,202.16000366210938,205.35000610351562,204.27069091796875,101010600.0
2025-05-05,203.10000610351562,204.10000610351562,198.2100067138672,198.88999938964844,197.84463500976562,69018500.0
2025-05-06,198.2100067138672,200.64999389648438,197.02000427246094,198.50999450683594,197.4666290283203,51216500.0
2025-05-07,199.1699981689453,199.44000244140625,193.25,196.25,195.21852111816406,68536700.0
2025-05-08,197.72000122070312,200.0500030517578,194.67999267578125,197.49000549316406,196.45199584960938,50478900.0
2025-05-09,199.0,200.5399932861328,197.5399932861328,198.52999877929688,197.4865264892578,36453900.0
2025-05-12,210.97000122070312,211.27000427246094,206.75,210.7899932861328,209.95706176757812,63775800.0
2025-05-13,210.42999267578125,213.39999389648438,209.0,212.92999267578125,212.08859252929688,51909300.0
2025-05-14,212.42999267578125,213.94000244140625,210.5800018310547,212.3300018310547,211.490966796875,49325800.0
2025-05-15,210.9499969482422,212.9600067138672,209.5399932861328,211.4499969482422,210.6144561767578,45029500.0
2025-05-16,212.36000061035156,212.57000732421875,209.77000427246094,211.25999450683594,210.42520141601562,54737900.0
2025-05-19,207.91000366210938,209.47999572753906,204.25999450683594,208.77999877929688,207.9550018310547,46140500.0
2025-05-20,207.6699981689453,208.47000122070312,205.02999877929688,206.86000061035156,206.04258728027344,42496600.0
2025-05-21,205.1699981689453,207.0399932861328,200.7100067138672,202.08999633789062,201.2914276123047,59211800.0
2025-05-22,200.7100067138672,202.75,199.6999969482422,201.36000061035156,200.56430053710938,46742400.0
2025-05-23,193.6699981689453,197.6999969482422,193.4600067138672,195.27000427246094,194.49839782714844,78432900.0
2025-05-26,193.6699981689453,197.6999969482422,193.4600067138672,195.27000427246094,194.49839782714844,78432900.0
2025-05-27,198.3000030517578,200.74000549316406,197.42999267578125,200.2100067138672,199.4188690185547,56288500.0
2025-05-28,200.58999633789062,202.72999572753906,199.89999389648438,200.4199981689453,199.62803649902344,45339700.0
2025-05-29,203.5800018310547,203.80999755859375,198.50999450683594,199.9499969482422,199.15989685058594,51396800.0
2025-05-30,199.3699951171875,201.9600067138672,196.77999877929688,200.85000610351562,200.0563507080078,70819900.0
2025-06-02,200.27999877929688,202.1300048828125,200.1199951171875,201.6999969482422,200.90298461914062,35423300.0
2025-06-03,201.35000610351562,203.77000427246094,200.9600067138672,203.27000427246094,202.46676635742188,46381600.0
2025-06-04,202.91000366210938,206.24000549316406,202.10000610351562,202.82000732421875,202.0185546875,43604000.0
2025-06-05,203.5,204.75,200.14999389648438,200.6300048828125,199.83721923828125,55126100.0
2025-06-06,203.0,205.6999969482422,202.0500030517578,203.9199981689453,203.11419677734375,46607700.0
2025-06-09,204.38999938964844,206.0,200.02000427246094,201.4499969482422,200.6539764404297,72862600.0
2025-06-10,200.60000610351562,204.35000610351562,200.57000732421875,202.6699981689453,201.86912536621094,54672600.0
2025-06-11,203.5,204.5,198.41000366210938,198.77999877929688,197.9945068359375,60989900.0
2025-06-12,199.0800018310547,199.67999267578125,197.36000061035156,199.1999969482422,198.41285705566406,43904600.0
2025-06-13,199.72999572753906,200.3699951171875,195.6999969482422,196.4499969482422,195.67372131347656,51447300.0
2025-06-16,197.3000030517578,198.69000244140625,196.55999755859375,198.4199981689453,197.6359405517578,43020700.0
2025-06-17,197.1999969482422,198.38999938964844,195.2100067138672,195.63999938964844,194.86691284179688,38856200.0
2025-06-18,195.94000244140625,197.57000732421875,195.07000732421875,196.5800018310547,195.80319213867188,45394700.0
2025-06-19,195.94000244140625,197.57000732421875,195.07000732421875,196.5800018310547,195.80319213867188,45394700.0
2025-06-20,198.24000549316406,201.6999969482422,196.86000061035156,201.0,200.2057342529297,96813500.0
2025-06-23,201.6300048828125,202.3000030517578,198.9600067138672,201.5,200.7037811279297,55814300.0
2025-06-24,202.58999633789062,203.44000244140625,200.1999969482422,200.3000030517578,199.50851440429688,54064000.0
2025-06-25,201.4499969482422,203.6699981689453,200.6199951171875,201.55999755859375,200.76353454589844,39525700.0
2025-06-26,201.42999267578125,202.63999938964844,199.4600067138672,201.0,200.2057342529297,50799100.0
2025-06-27,201.88999938964844,203.22000122070312,200.0,201.0800018310547,200.28543090820312,73188600.0
2025-06-30,202.00999450683594,207.38999938964844,199.25999450683594,205.1699981689453,204.35926818847656,91912800.0
2025-07-01,206.6699981689453,210.19000244140625,206.13999938964844,207.82000732421875,206.99879455566406,78788900.0
2025-07-02,208.91000366210938,213.33999633789062,208.13999938964844,212.44000244140625,211.6005401611328,67941800.0
2025-07-03,212.14999389648438,214.64999389648438,211.80999755859375,213.5500030517578,212.70616149902344,34955800.0
2025-07-04,212.14999389648438,214.64999389648438,211.80999755859375,213.5500030517578,212.70616149902344,34955800.0
2025-07-07,212.67999267578125,216.22999572753906,208.8000030517578,209.9499969482422,209.120361328125,50229000.0
2025-07-08,210.10000610351562,211.42999267578125,208.4499969482422,210.00999450683594,209.18014526367188,42848900.0
2025-07-09,209.52999877929688,211.3300018310547,207.22000122070312,211.13999938964844,210.30567932128906,48749400.0
2025-07-10,210.50999450683594,213.47999572753906,210.02999877929688,212.41000366210938,211.57064819335938,44443600.0
2025-07-11,210.57000732421875,212.1300048828125,209.86000061035156,211.16000366210938,210.32559204101562,39765800.0
2025-07-14,209.92999267578125,210.91000366210938,207.5399932861328,208.6199951171875,207.79562377929688,38840100.0
2025-07-15,209.22000122070312,211.88999938964844,208.9199981689453,209.11000061035156,208.28370666503906,42296300.0
2025-07-16,210.3000030517578,212.39999389648438,208.63999938964844,210.16000366210938,209.32955932617188,47490500.0
2025-07-17,210.57000732421875,211.8000030517578,209.58999633789062,210.02000427246094,209.19009399414062,48068100.0
2025-07-18,210.8699951171875,211.7899932861328,209.6999969482422,211.17999267578125,210.3455047607422,48974600.0
2025-07-21,212.10000610351562,215.77999877929688,211.6300048828125,212.47999572753906,211.64036560058594,51377400.0
2025-07-22,213.13999938964844,214.9499969482422,212.22999572753906,214.39999389648438,213.55279541015625,46404100.0
2025-07-23,215.0,215.14999389648438,212.41000366210938,214.14999389648438,213.3037872314453,46989300.0
2025-07-24,213.89999389648438,215.69000244140625,213.52999877929688,213.75999450683594,212.91529846191406,46022600.0
2025-07-25,214.6999969482422,215.24000549316406,213.39999389648438,213.8800048828125,213.03485107421875,40268800.0
2025-07-28,214.02999877929688,214.85000610351562,213.05999755859375,214.0500030517578,213.20419311523438,37858000.0
2025-07-29,214.17999267578125,214.80999755859375,210.82000732421875,211.27000427246094,210.43516540527344,51411700.0
2025-07-30,211.89999389648438,212.38999938964844,207.72000122070312,209.0500030517578,208.2239227294922,45512500.0
2025-07-31,208.49000549316406,209.83999633789062,207.16000366210938,207.57000732421875,206.74978637695312,80698400.0
2025-08-01,210.8699951171875,213.5800018310547,201.5,202.3800048828125,201.58030700683594,104434500.0
2025-08-04,204.50999450683594,207.8800048828125,201.67999267578125,203.35000610351562,202.5464630126953,75109300.0
2025-08-05,203.39999389648438,205.33999633789062,202.16000366210938,202.9199981689453,202.11814880371094,44155100.0
2025-08-06,205.6300048828125,215.3800048828125,205.58999633789062,213.25,212.4073486328125,108483100.0
2025-08-07,218.8800048828125,220.85000610351562,216.5800018310547,220.02999877929688,219.16053771972656,90224800.0
2025-08-08,220.8300018310547,231.0,219.25,229.35000610351562,228.4437255859375,113854000.0
2025-08-11,227.9199981689453,229.55999755859375,224.75999450683594,227.17999267578125,226.53909301757812,61806100.0
2025-08-12,228.00999450683594,230.8000030517578,227.07000732421875,229.64999389648438,229.0021209716797,55626200.0
2025-08-13,231.07000732421875,235.0,230.42999267578125,233.3300018310547,232.6717529296875,69878500.0
2025-08-14,234.05999755859375,235.1199951171875,230.85000610351562,232.77999877929688,232.123291015625,51916300.0
2025-08-15,234.0,234.27999877929688,229.33999633789062,231.58999633789062,230.9366455078125,56038700.0
2025-08-18,231.6999969482422,233.1199951171875,230.11000061035156,230.88999938964844,230.23863220214844,37476200.0
2025-08-19,231.27999877929688,232.8699951171875,229.35000610351562,230.55999755859375,229.90956115722656,39402600.0
2025-08-20,229.97999572753906,230.47000122070312,225.77000427246094,226.00999450683594,225.3723907470703,42263900.0
2025-08-21,226.27000427246094,226.52000427246094,223.77999877929688,224.89999389648438,224.26553344726562,30621200.0
2025-08-22,226.1699981689453,229.08999633789062,225.41000366210938,227.75999450683594,227.11746215820312,42477800.0
2025-08-25,226.47999572753906,229.3000030517578,226.22999572753906,227.16000366210938,226.51914978027344,30983100.0
2025-08-26,226.8699951171875,229.49000549316406,224.69000244140625,229.30999755859375,228.6630859375,54575100.0
2025-08-27,228.61000061035156,230.89999389648438,228.25999450683594,230.49000549316406,229.8397674560547,31259500.0
2025-08-28,230.82000732421875,233.41000366210938,229.33999633789062,232.55999755859375,231.9039306640625,38074700.0
2025-08-29,232.50999450683594,233.3800048828125,231.3699951171875,232.13999938964844,231.485107421875,39418400.0
2025-09-01,232.50999450683594,233.3800048828125,231.3699951171875,232.13999938964844,231.485107421875,39418400.0
2025-09-02,229.25,230.85000610351562,226.97000122070312,229.72000122070312,229.0719451904297,44075600.0
2025-09-03,237.2100067138672,238.85000610351562,234.36000061035156,238.47000122070312,237.79725646972656,66427800.0
2025-09-04,238.4499969482422,239.89999389648438,236.74000549316406,239.77999877929688,239.10354614257812,47549400.0
2025-09-05,240.0,241.32000732421875,238.49000549316406,239.69000244140625,239.0137939453125,54870400.0
2025-09-08,239.3000030517578,240.14999389648438,236.33999633789062,237.8800048828125,237.2089080810547,48999500.0
2025-09-09,237.0,238.77999877929688,233.36000061035156,234.35000610351562,233.68887329101562,66313900.0
2025-09-10,232.19000244140625,232.4199981689453,225.9499969482422,226.7899932861328,226.1501922607422,83440800.0
2025-09-11,226.8800048828125,230.4499969482422,226.64999389648438,230.02999877929688,229.3810577392578,50208600.0
2025-09-12,229.22000122070312,234.50999450683594,229.02000427246094,234.07000732421875,233.40966796875,55824200.0
2025-09-15,237.0,238.19000244140625,235.02999877929688,236.6999969482422,236.0322265625,42699500.0
2025-09-16,237.17999267578125,241.22000122070312,236.32000732421875,238.14999389648438,237.4781494140625,63421100.0
2025-09-17,238.97000122070312,240.10000610351562,237.72999572753906,238.99000549316406,238.3157958984375,46508000.0
2025-09-18,239.97000122070312,241.1999969482422,236.64999389648438,237.8800048828125,237.2089080810547,44249600.0
2025-09-19,241.22999572753906,246.3000030517578,240.2100067138672,245.5,244.8074188232422,163741300.0
2025-09-22,248.3000030517578,256.6400146484375,248.1199951171875,256.0799865722656,255.35755920410156,105517400.0
2025-09-23,255.8800048828125,257.3399963378906,253.5800018310547,254.42999267578125,253.71221923828125,60275200.0
2025-09-24,255.22000122070312,255.74000549316406,251.0399932861328,252.30999755859375,251.59820556640625,42303700.0
2025-09-25,253.2100067138672,257.1700134277344,251.7100067138672,256.8699951171875,256.14532470703125,55202100.0
2025-09-26,254.10000610351562,257.6000061035156,253.77999877929688,255.4600067138672,254.73931884765625,46076300.0
2025-09-29,254.55999755859375,255.0,253.00999450683594,254.42999267578125,253.71221923828125,40127700.0
2025-09-30,254.86000061035156,255.9199981689453,253.11000061035156,254.6300048828125,253.9116668701172,37704300.0
2025-10-01,255.0399932861328,258.7900085449219,254.92999267578125,255.4499969482422,254.72933959960938,48713900.0
2025-10-02,256.5799865722656,258.17999267578125,254.14999389648438,257.1300048828125,256.40460205078125,42630200.0
2025-10-03,254.6699981689453,259.239990234375,253.9499969482422,258.0199890136719,257.2920837402344,49155600.0
2025-10-06,257.989990234375,259.07000732421875,255.0500030517578,256.69000244140625,255.96583557128906,44664100.0
2025-10-07,256.80999755859375,257.3999938964844,255.42999267578125,256.4800109863281,255.75645446777344,31955800.0
2025-10-08,256.5199890136719,258.5199890136719,256.1099853515625,258.05999755859375,257.3320007324219,36496900.0
2025-10-09,257.80999755859375,258.0,253.13999938964844,254.0399932861328,253.32330322265625,38322000.0
2025-10-10,254.94000244140625,256.3800048828125,244.0,245.27000427246094,244.57806396484375,61999100.0
2025-10-13,249.3800048828125,249.69000244140625,245.55999755859375,247.66000366210938,246.96133422851562,38142900.0
2025-10-14,246.60000610351562,248.85000610351562,244.6999969482422,247.77000427246094,247.07101440429688,35478000.0
2025-10-15,249.49000549316406,251.82000732421875,247.47000122070312,249.33999633789062,248.63658142089844,33893600.0
2025-10-16,248.25,249.0399932861328,245.1300048828125,247.4499969482422,246.75192260742188,39777000.0
2025-10-17,248.02000427246094,253.3800048828125,247.27000427246094,252.2899932861328,251.5782470703125,49147000.0
2025-10-20,255.88999938964844,264.3800048828125,255.6300048828125,262.239990234375,261.50018310546875,90483000.0
2025-10-21,261.8800048828125,265.2900085449219,261.8299865722656,262.7699890136719,262.0286560058594,46695900.0
2025-10-22,262.6499938964844,262.8500061035156,255.42999267578125,258.45001220703125,257.72088623046875,45015300.0
2025-10-23,259.94000244140625,260.6199951171875,258.010009765625,259.5799865722656,258.84765625,32754900.0
2025-10-24,261.19000244140625,264.1300048828125,259.17999267578125,262.82000732421875,262.0785827636719,38253700.0
2025-10-27,264.8800048828125,269.1199951171875,264.6499938964844,268.80999755859375,268.0516662597656,44888200.0
2025-10-28,268.989990234375,269.8900146484375,268.1499938964844,269.0,268.2411193847656,41534800.0
2025-10-29,269.2799987792969,271.4100036621094,267.1099853515625,269.70001220703125,268.93914794921875,51086700.0
2025-10-30,271.989990234375,274.1400146484375,268.4800109863281,271.3999938964844,270.63433837890625,69886500.0
2025-10-31,276.989990234375,277.32000732421875,269.1600036621094,270.3699951171875,269.6072692871094,86167100.0
2025-11-03,270.4200134277344,270.8500061035156,266.25,269.04998779296875,268.29095458984375,50194600.0
2025-11-04,268.3299865722656,271.489990234375,267.6199951171875,270.0400085449219,269.2781982421875,49274800.0
2025-11-05,268.6099853515625,271.70001220703125,266.92999267578125,270.1400146484375,269.3779296875,43683100.0
2025-11-06,267.8900146484375,273.3999938964844,267.8900146484375,269.7699890136719,269.0089416503906,51204000.0
2025-11-07,269.79998779296875,272.2900085449219,266.7699890136719,268.4700012207031,267.7126159667969,48227400.0
2025-11-10,268.9599914550781,273.7300109863281,267.4599914550781,269.42999267578125,268.93035888671875,41312400.0
2025-11-11,269.80999755859375,275.9100036621094,269.79998779296875,275.25,274.73956298828125,46208300.0
2025-11-12,275.0,275.7300109863281,271.70001220703125,273.4700012207031,272.9628601074219,48398000.0
2025-11-13,274.1099853515625,276.70001220703125,272.0899963378906,272.95001220703125,272.44384765625,49602800.0
2025-11-14,271.04998779296875,275.9599914550781,269.6000061035156,272.4100036621094,271.9048156738281,47431300.0
2025-11-17,268.82000732421875,270.489990234375,265.7300109863281,267.4599914550781,266.9639892578125,45018300.0
2025-11-18,269.989990234375,270.7099914550781,265.32000732421875,267.44000244140625,266.9440612792969,45677300.0
2025-11-19,265.5299987792969,272.2099914550781,265.5,268.55999755859375,268.06195068359375,40424500.0
2025-11-20,270.8299865722656,275.42999267578125,265.9200134277344,266.25,265.7562561035156,45823600.0
2025-11-21,265.95001220703125,273.3299865722656,265.6700134277344,271.489990234375,270.98651123046875,59030800.0
2025-11-24,270.8999938964844,277.0,270.8999938964844,275.9200134277344,275.4083251953125,65585800.0
2025-11-25,275.2699890136719,280.3800048828125,275.25,276.9700012207031,276.4563903808594,46914200.0
2025-11-26,276.9599914550781,279.5299987792969,276.6300048828125,277.54998779296875,277.0352783203125,33431400.0
2025-11-27,276.9599914550781,279.5299987792969,276.6300048828125,277.54998779296875,277.0352783203125,33431400.0
2025-11-28,277.260009765625,279.0,275.989990234375,278.8500061035156,278.3328857421875,20135600.0
2025-12-01,278.010009765625,283.4200134277344,276.1400146484375,283.1000061035156,282.57501220703125,46587700.0
2025-12-02,283.0,287.3999938964844,282.6300048828125,286.19000244140625,285.6592712402344,53669500.0
2025-12-03,286.20001220703125,288.6199951171875,283.29998779296875,284.1499938964844,283.623046875,43538700.0
2025-12-04,284.1000061035156,284.7300109863281,278.5899963378906,280.70001220703125,280.179443359375,43989100.0
2025-12-05,280.5400085449219,281.1400146484375,278.04998779296875,278.7799987792969,278.26300048828125,47265800.0
2025-12-08,278.1300048828125,279.6700134277344,276.1499938964844,277.8900146484375,277.3746643066406,38211800.0
2025-12-09,278.1600036621094,280.0299987792969,276.9200134277344,277.17999267578125,276.66595458984375,32193300.0
2025-12-10,277.75,279.75,276.44000244140625,278.7799987792969,278.26300048828125,33038300.0
2025-12-11,279.1000061035156,279.5899963378906,273.80999755859375,278.0299987792969,277.514404296875,33248000.0
2025-12-12,277.8999938964844,279.2200012207031,276.82000732421875,278.2799987792969,277.7639465332031,39532900.0
2025-12-15,280.1499938964844,280.1499938964844,272.8399963378906,274.1099853515625,273.6016540527344,50409100.0
2025-12-16,272.82000732421875,275.5,271.7900085449219,274.6099853515625,274.1007385253906,37648600.0
2025-12-17,275.010009765625,276.1600036621094,271.6400146484375,271.8399963378906,271.33587646484375,50138700.0
2025-12-18,273.6099853515625,273.6300048828125,266.95001220703125,272.19000244140625,271.68524169921875,51630700.0
2025-12-19,272.1499938964844,274.6000061035156,269.8999938964844,273.6700134277344,273.1625061035156,144632000.0
2025-12-22,272.8599853515625,273.8800048828125,270.510009765625,270.9700012207031,270.4674987792969,36571800.0
2025-12-23,270.8399963378906,272.5,269.55999755859375,272.3599853515625,271.85491943359375,29642000.0
2025-12-24,272.3399963378906,275.42999267578125,272.20001220703125,273.80999755859375,273.3022155761719,17910600.0
2025-12-25,272.3399963378906,275.42999267578125,272.20001220703125,273.80999755859375,273.3022155761719,17910600.0
2025-12-26,274.1600036621094,275.3699951171875,272.8599853515625,273.3999938964844,272.8929748535156,21521800.0
2025-12-29,272.69000244140625,274.3599853515625,272.3500061035156,273.760009765625,273.2523498535156,23715200.0
2025-12-30,272.80999755859375,274.0799865722656,272.2799987792969,273.0799865722656,272.5735778808594,22139600.0
2025-12-31,273.05999755859375,273.67999267578125,271.75,271.8599853515625,271.3558349609375,27293600.0
2026-01-01,273.05999755859375,273.67999267578125,271.75,271.8599853515625,271.3558349609375,27293600.0
2026-01-02,272.260009765625,277.8399963378906,269.0,271.010009765625,270.5074157714844,37838100.0
2026-01-05,270.6400146484375,271.510009765625,266.1400146484375,267.260009765625,266.7643737792969,45647200.0
2026-01-06,267.0,267.54998779296875,262.1199951171875,262.3599853515625,261.8734436035156,52352100.0
2026-01-07,263.20001220703125,263.67999267578125,259.80999755859375,260.3299865722656,259.8471984863281,48309800.0
2026-01-08,257.0199890136719,259.2900085449219,255.6999969482422,259.0400085449219,258.55963134765625,50419300.0
2026-01-09,259.0799865722656,260.2099914550781,256.2200012207031,259.3699951171875,258.8890075683594,39997000.0
2026-01-12,259.1600036621094,261.29998779296875,256.79998779296875,260.25,259.76739501953125,45263800.0
2026-01-13,258.7200012207031,261.80999755859375,258.3900146484375,261.04998779296875,260.5658874511719,45730800.0
2026-01-14,259.489990234375,261.82000732421875,256.7099914550781,259.9599914550781,259.4779052734375,40019400.0
2026-01-15,260.6499938964844,261.0400085449219,257.04998779296875,258.2099914550781,257.73114013671875,39388600.0
2026-01-16,257.8999938964844,258.8999938964844,254.92999267578125,255.52999877929688,255.05613708496094,72142800.0
2026-01-19,257.8999938964844,258.8999938964844,254.92999267578125,255.52999877929688,255.05613708496094,72142800.0
2026-01-20,252.72999572753906,254.7899932861328,243.4199981689453,246.6999969482422,246.2425079345703,80267500.0
2026-01-21,248.6999969482422,251.55999755859375,245.17999267578125,247.64999389648438,247.1907501220703,54641700.0
2026-01-22,249.1999969482422,251.0,248.14999389648438,248.35000610351562,247.8894500732422,39708300.0
2026-01-23,247.32000732421875,249.41000366210938,244.67999267578125,248.0399932861328,247.58001708984375,41689000.0
2026-01-26,251.47999572753906,256.55999755859375,249.8000030517578,255.41000366210938,254.9363555908203,55969200.0
2026-01-27,259.1700134277344,261.95001220703125,258.2099914550781,258.2699890136719,257.791015625,49648300.0
2026-01-28,257.6499938964844,258.8599853515625,254.50999450683594,256.44000244140625,255.96446228027344,41288000.0
2026-01-29,258.0,259.6499938964844,254.41000366210938,258.2799987792969,257.801025390625,67253000.0
2026-01-30,255.1699981689453,261.8999938964844,252.17999267578125,259.4800109863281,258.9988098144531,92443400.0
2026-02-02,260.0299987792969,270.489990234375,259.2099914550781,270.010009765625,269.5093078613281,73913400.0
2026-02-03,269.20001220703125,271.8800048828125,267.6099853515625,269.4800109863281,268.98028564453125,64394700.0
2026-02-04,272.2900085449219,278.95001220703125,272.2900085449219,276.489990234375,275.97723388671875,90545700.0
2026-02-05,278.1300048828125,279.5,273.2300109863281,275.9100036621094,275.3983459472656,52977400.0
2026-02-06,277.1199951171875,280.9100036621094,276.92999267578125,278.1199951171875,277.6042175292969,50453400.0
2026-02-09,277.9100036621094,278.20001220703125,271.70001220703125,274.6199951171875,274.3672180175781,44623400.0
2026-02-10,274.8900146484375,275.3699951171875,272.94000244140625,273.67999267578125,273.4280700683594,34376900.0
2026-02-11,274.70001220703125,280.17999267578125,274.45001220703125,275.5,275.24639892578125,51931300.0
2026-02-12,275.5899963378906,275.7200012207031,260.17999267578125,261.7300109863281,261.4891052246094,81077200.0
2026-02-13,262.010009765625,262.2300109863281,255.4499969482422,255.77999877929688,255.5445556640625,56290700.0
2026-02-16,262.010009765625,262.2300109863281,255.4499969482422,255.77999877929688,255.5445556640625,56290700.0
2026-02-17,258.04998779296875,266.2900085449219,255.5399932861328,263.8800048828125,263.6371154785156,58469100.0
2026-02-18,263.6000061035156,266.82000732421875,262.45001220703125,264.3500061035156,264.106689453125,34203300.0
2026-02-19,262.6000061035156,264.4800109863281,260.04998779296875,260.5799865722656,260.3401184082031,30845300.0
2026-02-20,258.9700012207031,264.75,258.1600036621094,264.5799865722656,264.3364562988281,42070500.0
2026-02-23,263.489990234375,269.42999267578125,263.3800048828125,266.17999267578125,265.9349670410156,37308200.0
2026-02-24,267.8599853515625,274.8900146484375,267.7099914550781,272.1400146484375,271.8895263671875,47014600.0
2026-02-25,271.7799987792969,274.94000244140625,271.04998779296875,274.2300109863281,273.97760009765625,33714300.0
2026-02-26,274.95001220703125,276.1099853515625,270.79998779296875,272.95001220703125,272.6987609863281,32345100.0
2026-02-27,272.80999755859375,272.80999755859375,262.8900146484375,264.17999267578125,263.93682861328125,72366500.0
2026-03-02,262.4100036621094,266.5299987792969,260.20001220703125,264.7200012207031,264.476318359375,41827900.0
2026-03-03,263.4800109863281,265.55999755859375,260.1300048828125,263.75,263.5072326660156,38568900.0
2026-03-04,264.6499938964844,266.1499938964844,261.4200134277344,262.5199890136719,262.2783508300781,39803100.0
2026-03-05,260.7900085449219,261.55999755859375,257.25,260.2900085449219,260.0504150390625,49658600.0
2026-03-06,258.6300048828125,258.7699890136719,254.3699951171875,257.4599914550781,257.2229919433594,41120000.0
2026-03-09,255.69000244140625,261.1499938964844,253.67999267578125,259.8800048828125,259.6407775878906,38218500.0
2026-03-10,257.6499938964844,262.4800109863281,256.95001220703125,260.8299865722656,260.58990478515625,30590800.0
2026-03-11,261.0899963378906,262.1300048828125,259.54998779296875,260.80999755859375,260.5699157714844,26218900.0
2026-03-12,258.6600036621094,258.95001220703125,254.17999267578125,255.75999450683594,255.52456665039062,40794000.0
2026-03-13,255.47999572753906,256.3299865722656,249.52000427246094,250.1199951171875,249.8897705078125,36930000.0
2026-03-16,252.11000061035156,253.88999938964844,249.8800048828125,252.82000732421875,252.58729553222656,32074200.0
2026-03-17,252.9600067138672,255.1300048828125,252.17999267578125,254.22999572753906,253.99598693847656,32361600.0
2026-03-18,252.6300048828125,254.94000244140625,249.0,249.94000244140625,249.70994567871094,35757900.0
2026-03-19,249.39999389648438,251.8300018310547,247.3000030517578,248.9600067138672,248.73085021972656,34864100.0
2026-03-20,247.97999572753906,249.1999969482422,246.0,247.99000549316406,247.76173400878906,88331100.0
2026-03-23,253.97000122070312,254.60000610351562,250.27999877929688,251.49000549316406,251.25851440429688,40546100.0
2026-03-24,250.35000610351562,254.8300018310547,249.5500030517578,251.63999938964844,251.4083709716797,45152300.0
2026-03-25,254.10000610351562,255.0,251.60000610351562,252.6199951171875,252.38746643066406,28476700.0
2026-03-26,252.1199951171875,257.0,250.77000427246094,252.88999938964844,252.6572265625,41796700.0
2026-03-27,253.89999389648438,255.49000549316406,248.07000732421875,248.8000030517578,248.57098388671875,47900000.0
2026-03-30,250.07000732421875,250.8699951171875,245.50999450683594,246.6300048828125,246.40298461914062,39446200.0
2026-03-31,247.91000366210938,255.47999572753906,247.10000610351562,253.7899932861328,253.55638122558594,49598100.0
2026-04-01,254.0800018310547,256.17999267578125,253.3300018310547,255.6300048828125,255.3946990966797,40059400.0
2026-04-02,254.1999969482422,256.1300048828125,250.64999389648438,255.9199981689453,255.68443298339844,31289400.0
2026-04-03,254.1999969482422,256.1300048828125,250.64999389648438,255.9199981689453,255.68443298339844,31289400.0
2026-04-06,256.510009765625,262.1600036621094,256.4599914550781,258.8599853515625,258.6217041015625,29329900.0
2026-04-07,256.1600036621094,256.20001220703125,245.6999969482422,253.5,253.26666259765625,62148000.0
2026-04-08,258.45001220703125,259.75,256.5299987792969,258.8999938964844,258.66168212890625,41032800.0
2026-04-09,259.0,261.1199951171875,256.07000732421875,260.489990234375,260.2502136230469,28121600.0
2026-04-10,259.9800109863281,262.19000244140625,259.0199890136719,260.4800109863281,260.240234375,31291500.0
2026-04-13,259.7300109863281,260.17999267578125,256.6600036621094,259.20001220703125,258.96142578125,36234700.0
2026-04-14,259.25,261.92999267578125,257.19000244140625,258.8299865722656,258.59173583984375,48370700.0
2026-04-15,258.1600036621094,266.55999755859375,257.80999755859375,266.42999267578125,266.18475341796875,49913500.0
2026-04-16,266.79998779296875,267.1600036621094,261.2699890136719,263.3999938964844,263.15753173828125,43323100.0
2026-04-17,266.9599914550781,272.29998779296875,266.7200012207031,270.2300109863281,269.98126220703125,61436200.0
2026-04-20,270.3299865722656,274.2799987792969,270.2900085449219,273.04998779296875,272.79864501953125,36590200.0
2026-04-21,271.5,272.79998779296875,265.3999938964844,266.1700134277344,265.9250183105469,50209800.0
2026-04-22,267.82000732421875,273.739990234375,266.8699951171875,273.1700134277344,272.9185791015625,43249200.0
2026-04-23,275.04998779296875,275.7699890136719,271.6499938964844,273.42999267578125,273.1783142089844,33399600.0
2026-04-24,272.760009765625,273.05999755859375,269.6499938964844,271.05999755859375,270.81048583984375,38157100.0
2026-04-27,266.0899963378906,268.3599853515625,265.07000732421875,267.6099853515625,267.3636474609375,41466800.0
2026-04-28,272.3399963378906,273.2300109863281,268.6600036621094,270.7099914550781,270.4608154296875,40018900.0
2026-04-29,267.54998779296875,271.0400085449219,267.0400085449219,270.1700134277344,269.92132568359375,30047900.0
2026-04-30,270.5,276.0,268.1400146484375,271.3500061035156,271.1002502441406,91848200.0
2026-05-01,278.8599853515625,287.2200012207031,278.3699951171875,280.1400146484375,279.88214111328125,79915400.0
2026-05-04,279.6600036621094,280.6300048828125,274.8599853515625,276.8299865722656,276.5751647949219,46668400.0
2026-05-05,276.92999267578125,284.57000732421875,276.5,284.17999267578125,283.9184265136719,49311700.0
2026-05-06,281.9200134277344,288.0299987792969,281.07000732421875,287.510009765625,287.245361328125,58336100.0
2026-05-07,289.2699890136719,292.1300048828125,285.7799987792969,287.44000244140625,287.1754150390625,45224300.0
2026-05-08,290.010009765625,294.760009765625,290.0,293.32000732421875,293.0500183105469,52692800.0
2026-05-11,291.9800109863281,293.8800048828125,290.2300109863281,292.67999267578125,292.67999267578125,42247300.0
2026-05-12,292.55999755859375,295.2699890136719,292.55999755859375,294.79998779296875,294.79998779296875,45748100.0
2026-05-13,293.5,300.9200134277344,293.5,298.8699951171875,298.8699951171875,52684300.0
2026-05-14,299.82000732421875,300.45001220703125,295.3800048828125,298.2099914550781,298.2099914550781,35324900.0
2026-05-15,297.8999938964844,303.20001220703125,296.5199890136719,300.2300109863281,300.2300109863281,54862800.0
2026-05-18,300.239990234375,300.6600036621094,294.9100036621094,297.8399963378906,297.8399963378906,34483000.0
2026-05-19,296.9700012207031,300.510009765625,296.3500061035156,298.9700012207031,298.9700012207031,42243600.0
2026-05-20,298.17999267578125,302.79998779296875,298.0799865722656,302.25,302.25,38229800.0
2026-05-21,301.05999755859375,305.5400085449219,300.3999938964844,304.989990234375,304.989990234375,42965100.0
2026-05-22,306.1199951171875,311.3999938964844,305.8399963378906,308.82000732421875,308.82000732421875,43670200.0
2026-05-25,306.1199951171875,311.3999938964844,305.8399963378906,308.82000732421875,308.82000732421875,43670200.0
2026-05-26,309.55999755859375,311.82000732421875,307.6700134277344,308.3299865722656,308.3299865722656,48000500.0
2026-05-27,308.3299865722656,313.260009765625,308.29998779296875,310.8500061035156,310.8500061035156,50430900.0
2026-05-28,310.67999267578125,312.79998779296875,309.57000732421875,312.510009765625,312.510009765625,48220400.0
2026-05-29,311.7799987792969,315.0,309.5299987792969,312.05999755859375,312.05999755859375,70026800.0
2026-06-01,309.6300048828125,310.94000244140625,305.0199890136719,306.30999755859375,306.30999755859375,48849900.0
2026-06-02,307.4599914550781,315.45001220703125,306.69000244140625,315.20001220703125,315.20001220703125,44534700.0
2026-06-03,314.17999267578125,316.94000244140625,308.8500061035156,310.260009765625,310.260009765625,50652300.0
2026-06-04,313.30499267578125,313.5400085449219,309.6499938964844,311.3900146484375,311.3900146484375,21538382.0
