Date,Open,High,Low,Close,Adj Close,Volume
2021-05-24,250.6999969482422,253.9499969482422,250.24000549316406,252.77999877929688,217.2326202392578,1170100
2021-05-25,253.35000610351562,254.72999572753906,249.44000244140625,253.3699951171875,217.7396697998047,1325000
2021-05-26,254.17999267578125,256.57000732421875,252.75,254.4600067138672,218.67637634277344,1519900
2021-05-27,254.05999755859375,256.1400146484375,252.89999389648438,254.11000061035156,218.3756103515625,3149500
2021-05-28,256.510009765625,257.5299987792969,255.4600067138672,255.4600067138672,219.53575134277344,1494600
2021-06-01,256.6400146484375,258.67999267578125,254.9499969482422,258.57000732421875,222.2084197998047,1722300
2021-06-02,259.0,263.0,258.260009765625,262.92999267578125,225.9552459716797,1912700
2021-06-03,262.8299865722656,263.6099853515625,260.760009765625,263.3500061035156,226.31617736816406,1544000
2021-06-04,264.5899963378906,265.6600036621094,263.04998779296875,265.2799987792969,227.97479248046875,1789900
2021-06-07,266.0899963378906,269.1199951171875,265.1199951171875,268.6300048828125,230.8536834716797,1810700
2021-06-08,269.2099914550781,269.2099914550781,264.3500061035156,266.0199890136719,228.61073303222656,1424300
2021-06-09,266.9599914550781,268.5400085449219,266.5,267.010009765625,229.4615478515625,1239000
2021-06-10,266.3500061035156,270.8900146484375,265.67999267578125,270.82000732421875,232.7357635498047,1312100
2021-06-11,269.67999267578125,269.7900085449219,266.8299865722656,268.3500061035156,230.61306762695312,1335800
2021-06-14,268.42999267578125,271.0,267.3599853515625,270.94000244140625,232.83883666992188,1152700
2021-06-15,270.8599853515625,271.29998779296875,268.6199951171875,270.4700012207031,232.43492126464844,1166100
2021-06-16,271.5899963378906,271.80999755859375,265.760009765625,266.5299987792969,229.0490264892578,1595700
2021-06-17,264.5199890136719,269.6000061035156,263.7799987792969,269.510009765625,232.71890258789062,1360700
2021-06-18,268.760009765625,269.5799865722656,265.9200134277344,265.94000244140625,229.63616943359375,2770500
2021-06-21,265.989990234375,268.1499938964844,264.010009765625,267.739990234375,231.1904754638672,1471000
2021-06-22,267.7799987792969,268.3800048828125,266.4800109863281,266.6099853515625,230.21473693847656,1156900
2021-06-23,266.0,266.6099853515625,263.5199890136719,264.2200012207031,228.15097045898438,1330600
2021-06-24,265.5400085449219,266.1499938964844,262.3299865722656,264.1499938964844,228.09046936035156,910600
2021-06-25,264.4100036621094,267.4599914550781,263.80999755859375,266.5400085449219,230.154296875,1882700
2021-06-28,268.3699951171875,272.0,268.3699951171875,271.7900085449219,234.68759155273438,1808500
2021-06-29,271.4100036621094,273.7799987792969,270.260009765625,272.7900085449219,235.55108642578125,1624100
2021-06-30,272.9700012207031,274.80999755859375,270.0299987792969,270.1400146484375,233.26284790039062,1857900
2021-07-01,268.6300048828125,271.739990234375,267.6499938964844,270.3299865722656,233.4268798828125,1537000
2021-07-02,271.29998779296875,273.5,271.29998779296875,272.8699951171875,235.6201629638672,1207700
2021-07-06,272.8699951171875,275.8800048828125,271.57000732421875,275.7300109863281,238.08973693847656,1742700
2021-07-07,275.25,279.6600036621094,274.010009765625,278.1700134277344,240.19668579101562,1732300
2021-07-08,277.95001220703125,280.2099914550781,276.1199951171875,277.9200134277344,239.98077392578125,1179400
2021-07-09,277.6700134277344,278.760009765625,275.32000732421875,278.45001220703125,240.43841552734375,1151700
2021-07-12,279.1700134277344,280.6499938964844,277.739990234375,279.989990234375,241.7682342529297,1323500
2021-07-13,278.1400146484375,281.6199951171875,277.6400146484375,278.5299987792969,240.50747680664062,1228200
2021-07-14,278.0,282.4200134277344,277.010009765625,281.3699951171875,242.9597930908203,1198100
2021-07-15,282.1000061035156,283.2200012207031,279.0299987792969,281.2799987792969,242.88211059570312,1082200
2021-07-16,282.239990234375,284.1099853515625,281.1400146484375,282.4599914550781,243.90101623535156,2100700
2021-07-19,282.8999938964844,284.6499938964844,278.55999755859375,280.8900146484375,242.54534912109375,2166900
2021-07-20,283.1099853515625,284.44000244140625,279.69000244140625,283.0,244.36732482910156,1502600
2021-07-21,282.67999267578125,283.1400146484375,279.92999267578125,280.260009765625,242.00135803222656,1167000
2021-07-22,279.70001220703125,282.1199951171875,276.8900146484375,281.6000061035156,243.15841674804688,1152200
2021-07-23,282.25,285.739990234375,280.7300109863281,285.260009765625,246.31881713867188,1144200
2021-07-26,283.3699951171875,284.92999267578125,282.489990234375,284.6099853515625,245.75746154785156,1174400
2021-07-27,285.010009765625,287.5,284.0299987792969,286.8800048828125,247.71763610839844,1229200
2021-07-28,286.94000244140625,287.29998779296875,283.75,284.9800109863281,246.07696533203125,1636000
2021-07-29,286.0,289.510009765625,282.260009765625,283.0,244.36732482910156,1768200
2021-07-30,284.69000244140625,286.6400146484375,282.7300109863281,282.79998779296875,244.19454956054688,1762200
2021-08-02,283.5,286.1300048828125,283.1700134277344,283.6199951171875,244.9026641845703,1219300
2021-08-03,283.70001220703125,285.82000732421875,282.80999755859375,284.3500061035156,245.5330047607422,1000000
2021-08-04,284.7900085449219,285.760009765625,281.7099914550781,284.8699951171875,245.98207092285156,1315100
2021-08-05,286.42999267578125,286.7200012207031,281.1300048828125,282.760009765625,244.16012573242188,1307700
2021-08-06,281.3999938964844,283.44000244140625,281.010009765625,282.1199951171875,243.60739135742188,1459900
2021-08-09,282.0,282.4200134277344,278.95001220703125,280.05999755859375,241.82862854003906,1093300
2021-08-10,281.54998779296875,281.9800109863281,275.0,275.29998779296875,237.7184600830078,1293200
2021-08-11,276.4100036621094,277.70001220703125,275.3699951171875,277.2200012207031,239.3763427734375,871500
2021-08-12,278.0,280.4800109863281,276.1499938964844,280.04998779296875,241.82005310058594,874400
2021-08-13,280.42999267578125,282.95001220703125,279.2099914550781,282.9200134277344,244.2982177734375,808000
2021-08-16,282.9200134277344,284.55999755859375,281.7699890136719,283.20001220703125,244.54005432128906,1066600
2021-08-17,281.1400146484375,286.7300109863281,281.1400146484375,286.5299987792969,247.4154815673828,922500
2021-08-18,285.9599914550781,287.2900085449219,283.3299865722656,283.3800048828125,244.69541931152344,1146200
2021-08-19,281.5899963378906,289.7300109863281,281.5899963378906,289.1400146484375,249.66912841796875,1203200
2021-08-20,289.3999938964844,291.82000732421875,287.75,290.82000732421875,251.11978149414062,1712800
2021-08-23,289.3800048828125,290.3299865722656,287.30999755859375,288.510009765625,249.12506103515625,1071400
2021-08-24,289.489990234375,289.80999755859375,283.3900146484375,284.6000061035156,245.7488555908203,978000
2021-08-25,284.6499938964844,284.69000244140625,281.7200012207031,282.8999938964844,244.2809295654297,973400
2021-08-26,282.2200012207031,284.8699951171875,281.7200012207031,283.17999267578125,244.522705078125,960900
2021-08-27,284.82000732421875,285.80999755859375,282.2099914550781,285.5,246.52601623535156,882400
2021-08-30,285.5,291.7699890136719,285.2200012207031,291.67999267578125,251.86236572265625,1632600
2021-08-31,289.8299865722656,292.7300109863281,288.79998779296875,292.1700134277344,252.28553771972656,2327100
2021-09-01,292.8500061035156,298.44000244140625,291.989990234375,297.9599914550781,257.28509521484375,1658400
2021-09-02,298.1000061035156,300.9800109863281,295.69000244140625,300.8900146484375,259.81512451171875,1795800
2021-09-03,300.04998779296875,302.29998779296875,297.1700134277344,302.010009765625,260.7821350097656,1645300
2021-09-07,300.5,301.94000244140625,295.1000061035156,299.2200012207031,258.3730773925781,1535200
2021-09-08,298.6600036621094,303.7200012207031,298.3699951171875,303.6199951171875,262.1725158691406,1512700
2021-09-09,302.5,303.7099914550781,296.69000244140625,296.82000732421875,256.30072021484375,1243100
2021-09-10,296.489990234375,297.1499938964844,290.05999755859375,293.8800048828125,253.76205444335938,1488700
2021-09-13,296.510009765625,298.4200134277344,293.17999267578125,294.6099853515625,254.39236450195312,1270100
2021-09-14,295.2900085449219,297.7900085449219,294.80999755859375,296.3999938964844,255.93801879882812,1109700
2021-09-15,296.6199951171875,297.8299865722656,294.25,297.260009765625,256.6806945800781,1044200
2021-09-16,296.7900085449219,298.0,292.8399963378906,297.1400146484375,256.5770263671875,906500
2021-09-17,293.8399963378906,297.54998779296875,293.57000732421875,293.75,253.6498260498047,2994000
2021-09-20,291.5400085449219,294.1499938964844,287.6099853515625,291.19000244140625,251.43931579589844,2374700
2021-09-21,292.25,294.2200012207031,290.6700134277344,291.8699951171875,252.0264434814453,1161500
2021-09-22,292.1000061035156,294.9200134277344,290.19000244140625,293.54998779296875,253.47706604003906,1172900
2021-09-23,293.5,293.5,285.42999267578125,288.0,248.68472290039062,1634100
2021-09-24,287.8900146484375,288.42999267578125,281.3599853515625,282.17999267578125,243.6592559814453,2318700
2021-09-27,280.9100036621094,281.8500061035156,273.6700134277344,274.1000061035156,237.78614807128906,1776700
2021-09-28,270.79998779296875,271.989990234375,266.7699890136719,268.75,233.14491271972656,2317600
2021-09-29,269.8999938964844,271.3900146484375,268.19000244140625,270.010009765625,234.23802185058594,1448500
2021-09-30,271.3699951171875,272.3699951171875,265.2699890136719,265.4100036621094,230.24745178222656,2090800
2021-10-01,267.010009765625,269.0199890136719,265.0899963378906,266.6099853515625,231.28846740722656,1784600
2021-10-04,265.9100036621094,267.3800048828125,262.1499938964844,265.2300109863281,230.09127807617188,1387600
2021-10-05,265.3999938964844,266.9200134277344,262.30999755859375,264.54998779296875,229.5013885498047,1649200
2021-10-06,263.3800048828125,268.45001220703125,261.1099853515625,267.9599914550781,232.45956420898438,1421100
2021-10-07,269.20001220703125,271.7799987792969,265.6099853515625,266.1099853515625,230.85467529296875,1185000
2021-10-08,266.0799865722656,266.1400146484375,261.4100036621094,262.0799865722656,227.358642578125,1064300
2021-10-11,261.9200134277344,263.4700012207031,260.5199890136719,261.6000061035156,226.9421844482422,1074800
2021-10-12,262.7699890136719,265.8900146484375,261.57000732421875,264.54998779296875,229.5013885498047,1352700
2021-10-13,263.29998779296875,264.3900146484375,259.32000732421875,264.17999267578125,229.18040466308594,1646600
2021-10-14,265.45001220703125,268.3900146484375,265.07000732421875,267.8699951171875,232.3815460205078,1370000
2021-10-15,269.7900085449219,271.3800048828125,267.0799865722656,269.3299865722656,233.6480712890625,3091300
2021-10-18,268.44000244140625,270.25,266.92999267578125,268.0,232.4943084716797,1354300
2021-10-19,269.7200012207031,277.4599914550781,269.0400085449219,272.8999938964844,236.74505615234375,1816900
2021-10-20,274.1000061035156,276.8800048828125,274.1000061035156,276.0400085449219,239.46917724609375,1109700
2021-10-21,275.7900085449219,279.3800048828125,273.2799987792969,279.0400085449219,242.07168579101562,1269100
2021-10-22,279.7799987792969,285.30999755859375,279.0,284.45001220703125,246.76498413085938,1496300
2021-10-25,284.5,285.67999267578125,280.6199951171875,284.5799865722656,246.8777313232422,1194700
2021-10-26,286.0,289.55999755859375,285.3999938964844,286.94000244140625,248.92506408691406,1742300
2021-10-27,288.2200012207031,291.1700134277344,285.30999755859375,285.4200134277344,247.6063995361328,1280300
2021-10-28,285.5,289.989990234375,282.8500061035156,286.010009765625,248.1183319091797,1391600
2021-10-29,284.2300109863281,284.92999267578125,279.6400146484375,281.9700012207031,244.61351013183594,2532000
2021-11-01,282.8599853515625,283.1600036621094,276.4100036621094,282.1000061035156,244.7262725830078,1520500
2021-11-02,282.80999755859375,285.2900085449219,279.510009765625,282.6499938964844,245.20338439941406,1532500
2021-11-03,283.7200012207031,285.4200134277344,276.4599914550781,280.6000061035156,243.4250030517578,1133500
2021-11-04,281.79998779296875,283.45001220703125,277.6400146484375,278.95001220703125,241.99363708496094,1381000
2021-11-05,280.94000244140625,281.44000244140625,276.70001220703125,277.8299865722656,241.02194213867188,1214000
2021-11-08,278.25,279.2200012207031,273.42999267578125,278.760009765625,241.82879638671875,1014100
2021-11-09,279.8900146484375,281.6099853515625,278.79998779296875,279.9200134277344,242.83511352539062,823300
2021-11-10,278.6300048828125,281.4800109863281,275.55999755859375,275.8800048828125,239.33035278320312,925300
2021-11-11,276.1300048828125,276.70001220703125,270.3699951171875,272.4800109863281,236.3807830810547,1221800
2021-11-12,274.489990234375,275.2200012207031,271.6000061035156,272.1000061035156,236.05113220214844,991200
2021-11-15,267.3299865722656,268.5400085449219,259.1400146484375,260.5,225.9879608154297,3467600
2021-11-16,262.1300048828125,262.3299865722656,258.6300048828125,259.0400085449219,224.72140502929688,2783200
2021-11-17,259.1000061035156,260.3999938964844,254.6999969482422,257.5299987792969,223.41143798828125,3451600
2021-11-18,257.6000061035156,259.7699890136719,253.39999389648438,258.9599914550781,224.6519317626953,2436700
2021-11-19,260.8999938964844,264.2900085449219,259.6099853515625,260.9800109863281,226.40435791015625,2036700
2021-11-22,260.0,261.05999755859375,256.6300048828125,257.6300048828125,223.49815368652344,1835200
2021-11-23,258.260009765625,262.2099914550781,256.75,262.0,227.2891845703125,2070900
2021-11-24,262.8800048828125,266.010009765625,260.5,265.4800109863281,230.30821228027344,1320800
2021-11-26,266.5799865722656,267.5,262.2699890136719,262.8699951171875,228.04393005371094,1161800
2021-11-29,264.1300048828125,269.30999755859375,261.489990234375,266.94000244140625,231.5747528076172,1842900
2021-11-30,264.1600036621094,268.1499938964844,262.3599853515625,262.4800109863281,227.7056121826172,2759500
2021-12-01,263.9800109863281,267.5400085449219,258.510009765625,258.95001220703125,224.64329528808594,2629100
2021-12-02,259.7300109863281,267.739990234375,259.2699890136719,266.239990234375,230.9674835205078,1902600
2021-12-03,265.7200012207031,269.2300109863281,263.4599914550781,266.9599914550781,231.5921173095703,1804000
2021-12-06,268.5299987792969,272.8999938964844,267.3399963378906,269.57000732421875,233.85629272460938,1864800
2021-12-07,271.25,277.32000732421875,271.25,276.80999755859375,240.1370849609375,2133000
2021-12-08,276.3900146484375,277.9200134277344,273.5400085449219,275.8500061035156,239.30433654785156,1327600
2021-12-09,275.8800048828125,276.989990234375,270.92999267578125,271.05999755859375,235.14886474609375,1116100
2021-12-10,270.9100036621094,274.17999267578125,269.45001220703125,272.57000732421875,236.45884704589844,1352400
2021-12-13,272.0,277.3299865722656,270.3500061035156,276.0199890136719,239.45179748535156,1836400
2021-12-14,274.4700012207031,278.1000061035156,271.010009765625,273.4100036621094,237.1875457763672,2225100
2021-12-15,274.1600036621094,276.19000244140625,271.1199951171875,274.3500061035156,238.00306701660156,1932500
2021-12-16,274.79998779296875,279.6700134277344,274.7099914550781,279.4700012207031,242.44467163085938,1791500
2021-12-17,279.25,283.75,277.82000732421875,278.8599853515625,241.91555786132812,3248700
2021-12-20,275.8500061035156,279.5400085449219,275.010009765625,278.4599914550781,241.5685577392578,1551000
2021-12-21,280.29998779296875,282.0400085449219,276.5799865722656,277.8500061035156,241.03933715820312,1381900
2021-12-22,278.95001220703125,281.3399963378906,277.7099914550781,281.25,243.9888916015625,914200
2021-12-23,280.0,280.4599914550781,276.4599914550781,278.739990234375,243.01243591308594,1016000
2021-12-27,280.05999755859375,285.9100036621094,278.4599914550781,285.760009765625,249.13270568847656,1235300
2021-12-28,285.760009765625,288.94000244140625,284.7200012207031,288.489990234375,251.51278686523438,1065600
2021-12-29,286.79998779296875,289.5,286.79998779296875,288.8800048828125,251.8527374267578,1430600
2021-12-30,289.6099853515625,291.989990234375,287.4100036621094,291.1400146484375,253.82310485839844,1370200
2021-12-31,291.3999938964844,294.3999938964844,289.94000244140625,292.5,255.0087127685547,1274100
2022-01-03,292.3699951171875,292.54998779296875,280.2799987792969,286.3800048828125,249.67323303222656,1597900
2022-01-04,287.19000244140625,288.25,282.4599914550781,282.7699890136719,246.52590942382812,1813300
2022-01-05,278.9700012207031,279.44000244140625,262.2300109863281,264.57000732421875,230.6587371826172,4486100
2022-01-06,263.9100036621094,265.3800048828125,256.7699890136719,264.8900146484375,230.93768310546875,2473100
2022-01-07,264.0299987792969,269.239990234375,261.0,266.5799865722656,232.41104125976562,2244300
2022-01-10,267.3500061035156,267.3500061035156,258.6099853515625,264.4100036621094,230.5192413330078,2113500
2022-01-11,259.4100036621094,261.6099853515625,256.1000061035156,260.489990234375,227.1016387939453,1884300
2022-01-12,259.8800048828125,264.5,258.8500061035156,259.3900146484375,226.14266967773438,1876900
2022-01-13,260.0,260.2300109863281,255.05999755859375,255.44000244140625,222.698974609375,1728000
2022-01-14,253.63999938964844,254.1999969482422,246.08999633789062,250.6199951171875,218.4967498779297,2549900
2022-01-18,248.6300048828125,250.97000122070312,247.77999877929688,250.22999572753906,218.15670776367188,2523600
2022-01-19,251.2100067138672,253.25999450683594,248.0800018310547,249.0,217.08438110351562,2200000
2022-01-20,249.88999938964844,252.86000061035156,245.5399932861328,245.94000244140625,214.4165802001953,2120900
2022-01-21,249.72999572753906,250.77999877929688,243.75999450683594,244.75999450683594,213.38784790039062,3504900
2022-01-24,241.30999755859375,249.3300018310547,239.0,248.39999389648438,216.561279296875,2708800
2022-01-25,245.7899932861328,252.39999389648438,245.38999938964844,250.52999877929688,218.41827392578125,2065700
2022-01-26,250.6300048828125,254.3699951171875,240.39999389648438,242.60000610351562,211.50469970703125,2325000
2022-01-27,241.5500030517578,245.0500030517578,235.22000122070312,236.42999267578125,206.12551879882812,2722300
2022-01-28,237.57000732421875,246.85000610351562,233.6699981689453,246.77000427246094,215.1402130126953,2106700
2022-01-31,245.91000366210938,251.67999267578125,244.97999572753906,251.5,219.26394653320312,2665000
2022-02-01,251.07000732421875,252.4499969482422,247.58999633789062,250.14999389648438,218.08697509765625,1665800
2022-02-02,251.8800048828125,254.47000122070312,251.5500030517578,252.33999633789062,219.99627685546875,1446000
2022-02-03,250.89999389648438,252.69000244140625,249.86000061035156,250.6999969482422,218.56649780273438,1367300
2022-02-04,248.16000366210938,250.0,245.0500030517578,246.42999267578125,214.84381103515625,1275900
2022-02-07,245.77000427246094,248.36000061035156,244.5,246.25999450683594,214.69558715820312,1171600
2022-02-08,245.58999633789062,247.3300018310547,243.07000732421875,245.32000732421875,213.87608337402344,1303800
2022-02-09,248.14999389648438,250.4600067138672,246.72999572753906,249.88999938964844,217.8602752685547,1824700
2022-02-10,246.6300048828125,249.4600067138672,241.17999267578125,242.50999450683594,211.42623901367188,1453100
2022-02-11,242.9600067138672,244.9499969482422,235.49000549316406,236.89999389648438,206.5353240966797,2379600
2022-02-14,237.89999389648438,238.55999755859375,232.75,234.2899932861328,204.2598114013672,1810100
2022-02-15,237.05999755859375,237.14999389648438,232.27999877929688,233.38999938964844,203.47520446777344,1696300
2022-02-16,233.39999389648438,233.75,229.75,232.3300018310547,202.5511016845703,1275700
2022-02-17,232.00999450683594,232.50999450683594,227.75999450683594,228.6699981689453,199.36016845703125,1721100
2022-02-18,228.82000732421875,231.3000030517578,226.7100067138672,228.44000244140625,199.15965270996094,2705400
2022-02-22,228.24000549316406,230.89999389648438,224.52999877929688,228.3699951171875,199.09861755371094,2521600
2022-02-23,229.88999938964844,231.4499969482422,226.72999572753906,227.4499969482422,198.29653930664062,1934000
2022-02-24,221.80999755859375,232.6199951171875,220.0,231.75,202.04541015625,2699700
2022-02-25,231.6999969482422,234.4499969482422,226.7899932861328,233.66000366210938,203.71058654785156,2309500
2022-02-28,231.14999389648438,231.39999389648438,223.39999389648438,226.8699951171875,197.7908935546875,3690400
2022-03-01,228.0,230.9199981689453,226.67999267578125,228.5500030517578,199.2555694580078,2467300
2022-03-02,228.30999755859375,232.77000427246094,227.74000549316406,231.0,201.39151000976562,2160300
2022-03-03,233.47999572753906,236.8000030517578,231.52000427246094,235.24000549316406,205.08807373046875,2702600
2022-03-04,233.97000122070312,239.22999572753906,233.97000122070312,238.27999877929688,207.73838806152344,2396600
2022-03-07,237.1199951171875,237.8699951171875,231.02999877929688,232.02000427246094,202.28082275390625,1499200
2022-03-08,232.52000427246094,236.64999389648438,227.50999450683594,227.97000122070312,198.7499237060547,2058000
2022-03-09,231.64999389648438,236.47000122070312,231.25,233.11000061035156,203.2310791015625,1481200
2022-03-10,230.92999267578125,233.47999572753906,227.10000610351562,232.8000030517578,202.96084594726562,1300300
2022-03-11,235.30999755859375,238.02999877929688,234.67999267578125,234.83999633789062,204.73931884765625,1889000
2022-03-14,235.97000122070312,237.16000366210938,232.4499969482422,234.92999267578125,204.81784057617188,1652400
2022-03-15,236.6300048828125,238.36000061035156,234.0800018310547,236.2100067138672,205.93374633789062,1422300
2022-03-16,237.82000732421875,240.4199981689453,235.6699981689453,239.6300048828125,208.91537475585938,1902000
2022-03-17,238.49000549316406,245.24000549316406,238.49000549316406,245.13999938964844,213.71914672851562,1876100
2022-03-18,247.1699981689453,248.4600067138672,241.8000030517578,242.52999877929688,211.4436798095703,3668100
2022-03-21,241.80999755859375,245.0,240.02999877929688,241.63999938964844,210.66775512695312,1601400
2022-03-22,242.22999572753906,243.2899932861328,239.11000061035156,239.6699981689453,208.9502716064453,1909800
2022-03-23,239.07000732421875,240.22000122070312,233.7100067138672,234.0,204.0070343017578,1968600
2022-03-24,233.60000610351562,235.55999755859375,230.6699981689453,235.49000549316406,205.30604553222656,2081200
2022-03-25,237.4199981689453,241.3300018310547,236.5399932861328,240.69000244140625,209.8395233154297,1530200
2022-03-28,241.75,245.19000244140625,241.0,245.02999877929688,213.6232452392578,1382800
2022-03-29,247.63999938964844,251.22999572753906,247.27000427246094,250.5500030517578,218.43572998046875,1917500
2022-03-30,249.14999389648438,250.9199981689453,247.3699951171875,250.8699951171875,218.71470642089844,1385400
2022-03-31,251.91000366210938,254.07000732421875,250.6999969482422,251.22000122070312,219.01986694335938,3315600
2022-04-01,251.22000122070312,257.3900146484375,250.10000610351562,256.95001220703125,224.01541137695312,1636200
2022-04-04,256.9800109863281,259.3699951171875,256.1300048828125,257.8299865722656,224.78256225585938,1989800
2022-04-05,257.54998779296875,265.3599853515625,257.0400085449219,262.9200134277344,229.22018432617188,1956200
2022-04-06,261.19000244140625,269.1400146484375,260.510009765625,268.6199951171875,234.18960571289062,2749700
2022-04-07,265.9599914550781,267.8500061035156,264.0199890136719,265.7300109863281,231.67001342773438,1752400
2022-04-08,266.1600036621094,268.489990234375,264.0299987792969,266.4100036621094,232.2628631591797,1559100
2022-04-11,266.5899963378906,267.739990234375,262.5899963378906,263.30999755859375,229.56016540527344,2158500
2022-04-12,258.8800048828125,260.1499938964844,255.6300048828125,257.17999267578125,225.41439819335938,1518100
2022-04-13,258.07000732421875,258.2300109863281,254.94000244140625,257.1600036621094,225.39688110351562,1317800
2022-04-14,257.94000244140625,258.3500061035156,255.0,255.5399932861328,223.97695922851562,2312200
2022-04-18,254.13999938964844,257.3800048828125,252.14999389648438,253.91000366210938,222.54830932617188,1072500
2022-04-19,254.85000610351562,259.54998779296875,254.77999877929688,258.7699890136719,226.80801391601562,1308500
2022-04-20,259.75,267.95001220703125,259.1400146484375,267.5899963378906,234.53863525390625,1807500
2022-04-21,268.8900146484375,271.5299987792969,266.1600036621094,266.75,233.80239868164062,1712400
2022-04-22,267.1300048828125,267.1300048828125,261.8500061035156,261.8999938964844,229.5514373779297,1664500
2022-04-25,262.1000061035156,263.0,255.11000061035156,259.5199890136719,227.46539306640625,1656800
2022-04-26,258.8299865722656,261.2099914550781,254.44000244140625,254.82000732421875,223.34593200683594,1883300
2022-04-27,256.010009765625,258.0,251.5500030517578,252.85000610351562,221.6192626953125,2049600
2022-04-28,252.6199951171875,253.86000061035156,245.2100067138672,252.17999267578125,221.03199768066406,2417400
2022-04-29,250.30999755859375,251.30999755859375,240.67999267578125,241.02000427246094,211.25042724609375,2151900
2022-05-02,241.3800048828125,245.27999877929688,232.72999572753906,236.9499969482422,207.68312072753906,2127600
2022-05-03,236.9499969482422,243.0,235.32000732421875,241.00999450683594,211.24166870117188,1367100
2022-05-04,240.6300048828125,246.0399932861328,238.6699981689453,245.63999938964844,215.29978942871094,1098500
2022-05-05,244.97999572753906,246.47000122070312,239.6999969482422,241.47999572753906,211.65359497070312,1375900
2022-05-06,239.25,245.1199951171875,238.8000030517578,244.07000732421875,213.92373657226562,1843000
2022-05-09,242.1300048828125,242.1300048828125,229.9600067138672,231.08999633789062,202.5469207763672,2423300
2022-05-10,232.6300048828125,234.13999938964844,222.3300018310547,224.75,196.9900360107422,2411700
2022-05-11,226.4499969482422,229.3800048828125,223.92999267578125,224.72000122070312,196.9637451171875,2104200
2022-05-12,224.6699981689453,226.57000732421875,222.02000427246094,225.5,197.6473846435547,2193700
2022-05-13,227.17999267578125,232.88999938964844,226.19000244140625,232.66000366210938,203.92303466796875,2229500
2022-05-16,232.61000061035156,234.88999938964844,230.02999877929688,230.22000122070312,201.78439331054688,1203100
2022-05-17,233.1999969482422,233.6300048828125,229.39999389648438,233.0,204.22096252441406,1728500
2022-05-18,232.57000732421875,233.3000030517578,229.50999450683594,230.6300048828125,202.14373779296875,1623800
2022-05-19,230.0,236.19000244140625,229.2100067138672,233.25,204.44015502929688,1825900
2022-05-20,235.4499969482422,245.1699981689453,234.30999755859375,244.27999877929688,214.1077423095703,2853900
2022-05-23,245.58999633789062,249.72000122070312,243.5399932861328,249.4199981689453,218.61289978027344,1697400
2022-05-24,249.49000549316406,259.30999755859375,248.69000244140625,258.5199890136719,226.58889770507812,2174400
2022-05-25,256.7900085449219,261.19000244140625,252.5800018310547,260.2900085449219,228.14028930664062,2392900
2022-05-26,260.7200012207031,262.2699890136719,253.9600067138672,254.69000244140625,223.2319793701172,1487200
2022-05-27,256.5199890136719,262.55999755859375,254.8300018310547,260.9599914550781,228.7275390625,1786300
2022-05-31,257.760009765625,259.0400085449219,255.22999572753906,256.1300048828125,224.4940948486328,2829600
2022-06-01,256.1300048828125,256.1300048828125,250.85000610351562,252.55999755859375,221.3650665283203,1418000
2022-06-02,246.05999755859375,263.19000244140625,245.67999267578125,262.3599853515625,229.95460510253906,2781800
2022-06-03,261.82000732421875,269.5,260.75,266.7300109863281,233.78488159179688,7332200
2022-06-06,269.7900085449219,271.0899963378906,266.1700134277344,267.3599853515625,234.33706665039062,4197100
2022-06-07,266.17999267578125,266.989990234375,259.1600036621094,266.1499938964844,233.2764892578125,2135100
2022-06-08,265.6400146484375,269.0400085449219,263.32000732421875,264.4599914550781,231.79522705078125,1550400
2022-06-09,261.1700134277344,267.7300109863281,260.0199890136719,260.20001220703125,228.06143188476562,2050700
2022-06-10,257.010009765625,257.8399963378906,250.11000061035156,251.00999450683594,220.0065155029297,2188200
2022-06-13,245.0,247.14999389648438,238.97000122070312,240.02999877929688,210.38270568847656,2272900
2022-06-14,239.17999267578125,240.47999572753906,232.66000366210938,234.49000549316406,205.52699279785156,2584900
2022-06-15,235.39999389648438,244.5,235.00999450683594,241.39999389648438,211.58346557617188,2076700
2022-06-16,234.77999877929688,236.99000549316406,232.30999755859375,234.17999267578125,206.4783935546875,1668500
2022-06-17,233.6999969482422,238.27000427246094,232.1199951171875,236.1699981689453,208.2329864501953,4291800
2022-06-21,242.0,248.5399932861328,241.88999938964844,246.85000610351562,217.64962768554688,2502000
2022-06-22,242.32000732421875,258.82000732421875,242.25,252.00999450683594,222.19924926757812,3130200
2022-06-23,253.05999755859375,259.79998779296875,252.72999572753906,258.30999755859375,227.75399780273438,2553100
2022-06-24,260.760009765625,262.1300048828125,256.5799865722656,261.6499938964844,230.6988983154297,3131500
2022-06-27,262.2300109863281,264.0899963378906,258.1400146484375,259.3299865722656,228.65335083007812,2018900
2022-06-28,260.0,260.4800109863281,252.1199951171875,252.92999267578125,223.01043701171875,1601700
2022-06-29,250.02999877929688,253.92999267578125,247.14999389648438,253.16000366210938,223.21319580078125,1863700
2022-06-30,251.61000061035156,257.7099914550781,250.2100067138672,255.58999633789062,225.35574340820312,1938100
2022-07-01,254.52999877929688,259.0400085449219,252.44000244140625,258.3999938964844,227.83335876464844,1363200
2022-07-05,255.49000549316406,256.05999755859375,249.6300048828125,255.94000244140625,225.6643829345703,1321600
2022-07-06,257.9599914550781,260.5799865722656,256.70001220703125,258.2300109863281,227.68350219726562,1170900
2022-07-07,258.5,260.5799865722656,255.4199981689453,257.17999267578125,226.75767517089844,1089600
2022-07-08,255.32000732421875,257.8800048828125,253.72000122070312,255.00999450683594,224.84437561035156,936000
2022-07-11,255.0,258.4599914550781,252.49000549316406,257.989990234375,227.4718475341797,1299500
2022-07-12,256.95001220703125,258.739990234375,253.14999389648438,255.49000549316406,225.26763916015625,1650900
2022-07-13,252.41000366210938,258.2099914550781,251.1699981689453,255.9199981689453,225.64671325683594,1188500
2022-07-14,251.75,257.8500061035156,251.42999267578125,256.510009765625,226.16693115234375,1579200
2022-07-15,259.8800048828125,260.7900085449219,255.3300018310547,257.20001220703125,226.77532958984375,1181100
2022-07-18,256.9100036621094,257.7900085449219,248.5800018310547,249.25,219.76571655273438,1608200
2022-07-19,251.61000061035156,257.2699890136719,251.5,257.1600036621094,226.74002075195312,1506300
2022-07-20,256.0,257.92999267578125,249.42999267578125,249.74000549316406,220.19776916503906,1573500
2022-07-21,250.1699981689453,255.99000549316406,248.19000244140625,255.39999389648438,225.188232421875,1290300
2022-07-22,256.54998779296875,260.3599853515625,255.75999450683594,259.6000061035156,228.8914031982422,1587500
2022-07-25,259.3500061035156,259.6600036621094,255.89999389648438,257.3399963378906,226.89874267578125,1593300
2022-07-26,258.55999755859375,263.07000732421875,257.82000732421875,258.9800109863281,228.3447723388672,1579700
2022-07-27,259.5199890136719,261.239990234375,255.3800048828125,258.2799987792969,227.72755432128906,1505400
2022-07-28,261.4599914550781,269.55999755859375,260.05999755859375,268.8999938964844,237.09130859375,2589500
2022-07-29,270.3500061035156,273.95001220703125,267.510009765625,270.8299865722656,238.79298400878906,1821200
2022-08-01,270.2799987792969,271.760009765625,266.260009765625,268.6199951171875,236.84442138671875,1323100
2022-08-02,269.1000061035156,271.17999267578125,266.0299987792969,266.6300048828125,235.08984375,1681000
2022-08-03,267.8399963378906,269.92999267578125,264.8699951171875,268.8299865722656,237.0295867919922,1370200
2022-08-04,269.1499938964844,271.7200012207031,268.0,271.2699890136719,239.18096923828125,1257800
2022-08-05,268.3699951171875,272.42999267578125,267.0400085449219,272.19000244140625,239.9921112060547,1156400
2022-08-08,274.75,276.8800048828125,271.3299865722656,273.0,240.70631408691406,968900
2022-08-09,273.8299865722656,277.32000732421875,270.3500061035156,276.17999267578125,243.51011657714844,1459800
2022-08-10,279.9700012207031,279.9700012207031,275.07000732421875,277.7900085449219,244.92971801757812,1350800
2022-08-11,278.9200134277344,278.9200134277344,273.2699890136719,273.95001220703125,241.5439453125,1260400
2022-08-12,275.67999267578125,277.8999938964844,274.6400146484375,277.7200012207031,244.86795043945312,1110000
2022-08-15,278.3900146484375,282.4700012207031,278.1300048828125,281.5199890136719,248.21844482421875,1329100
2022-08-16,278.8500061035156,280.0799865722656,275.8900146484375,278.45001220703125,245.51162719726562,1183500
2022-08-17,276.8500061035156,278.9800109863281,275.44000244140625,277.4599914550781,244.63868713378906,1059000
2022-08-18,277.5199890136719,279.20001220703125,272.9200134277344,275.489990234375,242.9017333984375,1139000
2022-08-19,274.989990234375,277.5899963378906,273.3900146484375,274.4100036621094,241.9495086669922,2110700
2022-08-22,272.32000732421875,274.1499938964844,268.92999267578125,269.75,237.8407440185547,946800
2022-08-23,268.32000732421875,268.8999938964844,263.32000732421875,265.2300109863281,233.8554229736328,971000
2022-08-24,266.2900085449219,266.7099914550781,264.1000061035156,264.4800109863281,233.1941375732422,1372900
2022-08-25,265.75,268.4599914550781,262.30999755859375,268.239990234375,236.50933837890625,1367400
2022-08-26,267.8699951171875,268.30999755859375,261.07000732421875,261.19000244140625,230.29335021972656,1227300
2022-08-29,259.79998779296875,262.6400146484375,258.19000244140625,259.7200012207031,228.99722290039062,1577900
2022-08-30,259.8999938964844,260.67999267578125,252.6999969482422,253.39999389648438,223.42483520507812,1211100
2022-08-31,253.86000061035156,256.2099914550781,252.97000122070312,254.0500030517578,223.99795532226562,2005100
2022-09-01,252.94000244140625,257.75,251.6199951171875,257.6400146484375,227.1632537841797,1590500
2022-09-02,259.5400085449219,260.9800109863281,250.47999572753906,250.85000610351562,221.1764678955078,1387400
2022-09-06,252.11000061035156,256.4700012207031,251.0,254.17999267578125,224.11256408691406,1163700
2022-09-07,254.92999267578125,260.04998779296875,253.64999389648438,259.5,228.80323791503906,1095800
2022-09-08,259.6600036621094,262.0,257.260009765625,261.6700134277344,230.71653747558594,1518700
2022-09-09,262.489990234375,263.2099914550781,259.6700134277344,261.5899963378906,230.64601135253906,880000
2022-09-12,262.05999755859375,265.55999755859375,261.9599914550781,265.0899963378906,233.7320098876953,946100
2022-09-13,260.54998779296875,262.2099914550781,253.9600067138672,254.6300048828125,224.50930786132812,1711400
2022-09-14,251.42999267578125,255.08999633789062,249.77999877929688,251.82000732421875,222.03172302246094,2087000
2022-09-15,251.58999633789062,251.99000549316406,244.58999633789062,245.05999755859375,216.0713653564453,1561400
2022-09-16,244.42999267578125,247.64999389648438,243.97000122070312,245.88999938964844,216.80319213867188,3287400
2022-09-19,244.39999389648438,247.77999877929688,241.5800018310547,247.5,218.22276306152344,1249300
2022-09-20,245.35000610351562,245.85000610351562,237.3300018310547,237.89999389648438,209.75831604003906,2093000
2022-09-21,239.97000122070312,242.44000244140625,234.0500030517578,234.14999389648438,206.45191955566406,1942400
2022-09-22,232.7100067138672,236.4600067138672,232.2100067138672,232.77999877929688,205.24400329589844,1446000
2022-09-23,230.91000366210938,231.8800048828125,225.6300048828125,228.80999755859375,201.74363708496094,1907000
2022-09-26,229.13999938964844,229.13999938964844,218.1300048828125,221.3699951171875,195.18370056152344,2146900
2022-09-27,223.8800048828125,226.5,219.47000122070312,220.60000610351562,194.50477600097656,1900800
2022-09-28,223.58999633789062,223.92999267578125,219.80999755859375,221.05999755859375,194.91038513183594,1988800
2022-09-29,218.33999633789062,220.1699981689453,211.3800048828125,213.72000122070312,188.4386444091797,2096500
2022-09-30,215.86000061035156,217.32000732421875,212.02999877929688,214.6999969482422,189.30271911621094,2501700
2022-10-03,216.88999938964844,219.1999969482422,212.35000610351562,217.1699981689453,191.4805450439453,2102200
2022-10-04,218.9499969482422,224.33999633789062,217.97000122070312,220.0800018310547,194.0463409423828,2032800
2022-10-05,217.13999938964844,217.5399932861328,211.3800048828125,214.13999938964844,188.8089599609375,1518700
2022-10-06,213.6199951171875,214.16000366210938,202.77999877929688,203.07000732421875,179.0484619140625,2908700
2022-10-07,199.1199951171875,201.02999877929688,193.41000366210938,194.6300048828125,172.8581085205078,3165300
2022-10-10,196.0,198.1699981689453,188.9600067138672,189.5800018310547,168.37307739257812,1992300
2022-10-11,189.44000244140625,191.97999572753906,185.27000427246094,189.27000427246094,168.09771728515625,2463100
2022-10-12,188.5800018310547,189.35000610351562,182.3000030517578,183.7899932861328,163.230712890625,2572500
2022-10-13,179.8699951171875,191.44000244140625,178.1699981689453,189.85000610351562,168.6128387451172,3518100
2022-10-14,191.61000061035156,192.6699981689453,185.05999755859375,185.77999877929688,164.99813842773438,2466400
2022-10-17,189.75999450683594,195.89999389648438,188.8300018310547,192.49000549316406,170.95755004882812,3040900
2022-10-18,194.52000427246094,197.94000244140625,194.22000122070312,197.22000122070312,175.15841674804688,3253400
2022-10-19,195.00999450683594,196.19000244140625,190.50999450683594,190.99000549316406,169.6253204345703,1824700
2022-10-20,191.14999389648438,191.16000366210938,185.3699951171875,188.0,166.96978759765625,2515600
2022-10-21,188.97000122070312,188.97000122070312,183.1300048828125,187.55999755859375,166.57901000976562,2078000
2022-10-24,189.9199981689453,191.42999267578125,184.17999267578125,185.39999389648438,164.66064453125,1856400
2022-10-25,185.9600067138672,196.0500030517578,185.9199981689453,195.52999877929688,173.6574249267578,2495200
2022-10-26,195.32000732421875,199.30999755859375,194.2100067138672,196.9199981689453,174.89195251464844,2512300
2022-10-27,198.8699951171875,203.9499969482422,196.17999267578125,198.67999267578125,176.45509338378906,3414500
2022-10-28,197.3000030517578,208.3699951171875,197.3000030517578,204.7100067138672,181.81056213378906,2613600
2022-10-31,201.64999389648438,209.8800048828125,200.6999969482422,207.19000244140625,184.01312255859375,2513500
2022-11-01,209.41000366210938,213.32000732421875,206.58999633789062,207.8800048828125,184.62594604492188,1907000
2022-11-02,206.72999572753906,212.00999450683594,202.35000610351562,205.19000244140625,182.23683166503906,2655500
2022-11-03,203.2100067138672,204.55999755859375,201.0800018310547,201.3300018310547,178.80862426757812,1703800
2022-11-04,202.91000366210938,204.3800048828125,199.13999938964844,203.9199981689453,181.10890197753906,1788100
2022-11-07,204.63999938964844,205.99000549316406,201.6999969482422,202.02000427246094,179.42147827148438,1828800
2022-11-08,202.02000427246094,205.49000549316406,201.10000610351562,203.02000427246094,180.30960083007812,2071800
2022-11-09,204.00999450683594,206.72999572753906,200.39999389648438,201.0399932861328,178.5510711669922,1530300
2022-11-10,213.11000061035156,221.5800018310547,209.63999938964844,220.89999389648438,196.18948364257812,2781200
2022-11-11,222.80999755859375,225.44000244140625,221.02000427246094,223.25999450683594,198.28549194335938,1915700
2022-11-14,221.77999877929688,222.1699981689453,215.22999572753906,215.3800048828125,191.2869873046875,1628000
2022-11-15,215.39999389648438,219.82000732421875,215.07000732421875,219.5800018310547,195.01715087890625,2152200
2022-11-16,220.08999633789062,223.05999755859375,218.1300048828125,219.14999389648438,194.63528442382812,2400800
2022-11-17,217.72000122070312,219.58999633789062,214.38999938964844,216.33999633789062,192.1396026611328,2144600
2022-11-18,217.6300048828125,220.2100067138672,214.6300048828125,215.92999267578125,191.7754669189453,2360400
2022-11-21,215.58999633789062,220.24000549316406,215.58999633789062,219.91000366210938,195.3102264404297,1682400
2022-11-22,220.72999572753906,221.1999969482422,215.47000122070312,218.1300048828125,193.72938537597656,1562400
2022-11-23,218.1999969482422,220.4199981689453,216.25999450683594,218.25,193.8359375,1210500
2022-11-25,219.63999938964844,221.24000549316406,218.3800048828125,220.0800018310547,195.4612274169922,566500
2022-11-28,218.7100067138672,220.3699951171875,213.0399932861328,213.89999389648438,189.9725341796875,1367200
2022-11-29,214.80999755859375,217.27000427246094,213.32000732421875,217.22000122070312,192.92115783691406,1848100
2022-11-30,215.8800048828125,221.33999633789062,214.6699981689453,221.25,196.5003662109375,3889200
2022-12-01,224.4199981689453,225.97000122070312,219.88999938964844,221.3000030517578,196.5447540283203,1708700
2022-12-02,218.27000427246094,220.91000366210938,216.27000427246094,219.3699951171875,194.8306427001953,1354400
2022-12-05,215.9499969482422,218.49000549316406,214.5800018310547,215.61000061035156,191.4912567138672,1454200
2022-12-06,216.27000427246094,216.85000610351562,211.75999450683594,212.52000427246094,188.74691772460938,1672200
2022-12-07,211.92999267578125,215.60000610351562,209.4600067138672,211.11000061035156,187.49462890625,1624800
2022-12-08,210.38999938964844,213.8300018310547,209.22000122070312,212.25,188.50709533691406,2465300
2022-12-09,211.97000122070312,216.38999938964844,211.27000427246094,213.83999633789062,189.9192657470703,1646800
2022-12-12,214.8800048828125,215.92999267578125,211.97000122070312,215.8699951171875,191.72215270996094,1847700
2022-12-13,222.9600067138672,227.97000122070312,220.91000366210938,223.38999938964844,198.4009552001953,2179100
2022-12-14,222.72000122070312,226.97000122070312,219.74000549316406,219.85000610351562,195.25697326660156,1902800
2022-12-15,217.32000732421875,221.38999938964844,216.5399932861328,218.22000122070312,193.80929565429688,1693100
2022-12-16,215.08999633789062,215.14999389648438,208.0800018310547,213.4499969482422,189.57289123535156,3724100
2022-12-19,213.14999389648438,213.14999389648438,207.75999450683594,209.6199951171875,186.1713104248047,1401700
2022-12-20,207.9600067138672,210.42999267578125,205.75999450683594,208.69000244140625,185.34535217285156,1307500
2022-12-21,209.7899932861328,213.38999938964844,209.49000549316406,210.60000610351562,187.04168701171875,1410200
2022-12-22,209.36000061035156,211.10000610351562,206.39999389648438,210.60000610351562,187.04168701171875,2212200
2022-12-23,209.41000366210938,212.58999633789062,209.00999450683594,212.4499969482422,188.68475341796875,1146700
2022-12-27,211.0,211.67999267578125,208.63999938964844,210.89999389648438,188.69369506835938,1550000
2022-12-28,211.35000610351562,214.25,209.99000549316406,210.10000610351562,187.97793579101562,1411700
2022-12-29,211.85000610351562,216.6999969482422,210.1300048828125,215.74000549316406,193.02406311035156,1323900
2022-12-30,214.3300018310547,215.1999969482422,209.17999267578125,211.86000061035156,189.55259704589844,1450400
2023-01-03,214.0,215.25,210.97000122070312,214.6699981689453,192.06671142578125,1812400
2023-01-04,217.41000366210938,222.5399932861328,215.50999450683594,219.0,195.94081115722656,1796000
2023-01-05,217.07000732421875,217.80999755859375,211.5,212.1300048828125,189.794189453125,1495000
2023-01-06,213.39999389648438,219.33999633789062,210.92999267578125,218.5,195.4934539794922,1980200
2023-01-09,220.85000610351562,223.4600067138672,219.13999938964844,219.3000030517578,196.20924377441406,1727200
2023-01-10,221.08999633789062,222.9499969482422,219.75,221.9499969482422,198.58021545410156,1691300
2023-01-11,223.7100067138672,228.80999755859375,223.7100067138672,228.1199951171875,204.10052490234375,1893900
2023-01-12,229.3000030517578,232.8000030517578,225.55999755859375,232.2100067138672,207.7598876953125,2364700
2023-01-13,229.25,234.8699951171875,229.25,232.80999755859375,208.2967071533203,2007100
2023-01-17,234.22999572753906,235.57000732421875,230.9600067138672,231.0500030517578,206.7220458984375,2204500
2023-01-18,231.25999450683594,232.50999450683594,224.24000549316406,225.19000244140625,201.47906494140625,2213000
2023-01-19,224.07000732421875,227.11000061035156,222.97000122070312,223.35000610351562,199.83279418945312,1864300
2023-01-20,221.36000061035156,221.75999450683594,214.4600067138672,221.41000366210938,198.0970458984375,2990400
2023-01-23,218.88999938964844,219.99000549316406,215.10000610351562,215.6699981689453,192.96141052246094,2723600
2023-01-24,214.92999267578125,216.55999755859375,212.63999938964844,215.1699981689453,192.51406860351562,1991900
2023-01-25,213.91000366210938,219.39999389648438,212.7899932861328,218.66000366210938,195.63661193847656,1985100
2023-01-26,219.83999633789062,221.5,218.5,221.02999877929688,197.75706481933594,1126100
2023-01-27,220.7100067138672,221.92999267578125,219.42999267578125,220.7899932861328,197.54232788085938,1360200
2023-01-30,219.99000549316406,222.5800018310547,217.85000610351562,218.05999755859375,195.09979248046875,1422200
2023-01-31,218.0500030517578,223.4199981689453,218.0500030517578,223.38999938964844,199.8685760498047,1548500
2023-02-01,221.88999938964844,228.97000122070312,221.07000732421875,227.13999938964844,203.22372436523438,2601500
2023-02-02,230.2100067138672,235.49000549316406,225.5399932861328,227.38999938964844,203.4473876953125,2195800
2023-02-03,224.41000366210938,225.3800048828125,218.0399932861328,222.05999755859375,198.67860412597656,2485700
2023-02-06,218.8800048828125,221.52999877929688,216.52000427246094,220.57000732421875,197.3455047607422,1797800
2023-02-07,218.92999267578125,220.2100067138672,215.8000030517578,219.47000122070312,196.36134338378906,1834400
2023-02-08,218.8800048828125,219.99000549316406,216.8699951171875,218.47000122070312,195.4666290283203,1936100
2023-02-09,219.42999267578125,220.49000549316406,214.6199951171875,215.19000244140625,192.53196716308594,1220000
2023-02-10,213.14999389648438,217.1999969482422,212.35000610351562,216.72000122070312,193.90087890625,1929800
2023-02-13,217.55999755859375,219.00999450683594,215.38999938964844,217.25999450683594,194.38401794433594,1352800
2023-02-14,216.9199981689453,217.52000427246094,213.14999389648438,215.14999389648438,192.49618530273438,1017300
2023-02-15,213.50999450683594,216.6300048828125,213.00999450683594,216.60000610351562,193.7935028076172,1381500
2023-02-16,213.8300018310547,214.75999450683594,210.36000061035156,212.0,189.6778564453125,1719700
2023-02-17,210.9600067138672,211.97000122070312,208.49000549316406,210.25999450683594,188.1210479736328,1793500
2023-02-21,208.66000366210938,208.66000366210938,203.2899932861328,204.64999389648438,183.10174560546875,1888300
2023-02-22,205.0800018310547,205.11000061035156,198.58999633789062,199.27999877929688,178.29718017578125,3564500
2023-02-23,201.25,203.9600067138672,200.0,201.9600067138672,180.69500732421875,3234000
2023-02-24,198.7899932861328,200.27999877929688,194.0800018310547,195.72999572753906,175.12098693847656,2727000
2023-02-27,198.57000732421875,199.86000061035156,192.9600067138672,195.0800018310547,174.5394287109375,2348100
2023-02-28,195.10000610351562,199.60000610351562,194.33999633789062,198.00999450683594,177.1609344482422,2741400
2023-03-01,196.52000427246094,198.80999755859375,192.86000061035156,194.88999938964844,174.36941528320312,3261000
2023-03-02,193.32000732421875,198.17999267578125,193.32000732421875,197.52999877929688,176.7314453125,1884900
2023-03-03,199.25999450683594,202.5800018310547,199.08999633789062,202.5,181.1781463623047,2044800
2023-03-06,203.8800048828125,204.16000366210938,198.13999938964844,198.57000732421875,177.66197204589844,1788900
2023-03-07,198.1199951171875,198.25999450683594,192.0399932861328,192.3699951171875,172.11474609375,1907000
2023-03-08,192.1300048828125,197.22999572753906,191.3699951171875,195.77000427246094,175.15675354003906,1603000
2023-03-09,195.58999633789062,197.77000427246094,190.75,191.1999969482422,171.0679473876953,1463600
2023-03-10,191.16000366210938,194.5399932861328,190.3800048828125,191.27000427246094,171.130615234375,2357800
2023-03-13,190.89999389648438,200.99000549316406,189.5500030517578,196.3300018310547,175.65780639648438,2325200
2023-03-14,199.07000732421875,200.00999450683594,195.32000732421875,199.8300018310547,178.78927612304688,2461600
2023-03-15,197.89999389648438,203.2100067138672,197.74000549316406,202.32000732421875,181.01708984375,3117500
2023-03-16,201.99000549316406,206.14999389648438,201.41000366210938,205.0500030517578,183.45962524414062,2622400
2023-03-17,205.41000366210938,207.64999389648438,200.8699951171875,201.35000610351562,180.14923095703125,3456900
2023-03-20,200.94000244140625,203.67999267578125,199.7899932861328,201.9499969482422,180.68603515625,2000700
2023-03-21,201.5399932861328,202.33999633789062,194.6300048828125,198.19000244140625,177.32196044921875,2578100
2023-03-22,196.0500030517578,197.69000244140625,191.9199981689453,192.1199951171875,171.89108276367188,1943400
2023-03-23,192.3000030517578,195.3000030517578,190.3699951171875,191.6199951171875,171.4437255859375,2053200
2023-03-24,190.88999938964844,199.67999267578125,189.3699951171875,199.6199951171875,178.6013946533203,1897500
2023-03-27,200.19000244140625,201.33999633789062,192.75999450683594,193.14999389648438,172.81263732910156,2389800
2023-03-28,191.99000549316406,194.25,190.9600067138672,192.8699951171875,172.5620880126953,1480200
2023-03-29,195.36000061035156,198.57000732421875,195.0800018310547,198.49000549316406,177.59036254882812,1784100
2023-03-30,201.66000366210938,202.74000549316406,200.02000427246094,201.17999267578125,179.99708557128906,1477800
2023-03-31,201.13999938964844,204.49000549316406,201.00999450683594,204.33999633789062,182.8243865966797,2558000
2023-04-03,203.19000244140625,204.9499969482422,199.1199951171875,201.10000610351562,179.92556762695312,2876200
2023-04-04,201.25999450683594,204.11000061035156,200.80999755859375,203.4499969482422,182.02810668945312,3431500
2023-04-05,203.50999450683594,207.75999450683594,203.44000244140625,204.69000244140625,183.13755798339844,2060200
2023-04-06,205.3699951171875,207.00999450683594,203.52999877929688,206.69000244140625,184.92697143554688,1273300
2023-04-10,205.1300048828125,208.72999572753906,203.77000427246094,208.35000610351562,186.41217041015625,1728800
2023-04-11,208.32000732421875,212.50999450683594,207.3000030517578,210.3800048828125,188.2284393310547,2115100
2023-04-12,212.0,213.47999572753906,210.42999267578125,211.25999450683594,189.0157470703125,2306200
2023-04-13,210.1199951171875,211.9499969482422,208.80999755859375,210.80999755859375,190.0162811279297,1686100
2023-04-14,210.49000549316406,210.77000427246094,205.30999755859375,206.88999938964844,186.48292541503906,1174800
2023-04-17,207.77000427246094,211.94000244140625,207.0800018310547,208.8300018310547,188.23158264160156,1857900
2023-04-18,208.4499969482422,208.86000061035156,206.1699981689453,208.17999267578125,187.6457061767578,2116100
2023-04-19,207.1300048828125,210.63999938964844,206.77999877929688,208.1199951171875,187.5916290283203,1186700
2023-04-20,207.80999755859375,207.80999755859375,204.7100067138672,205.58999633789062,185.31117248535156,1472300
2023-04-21,206.58999633789062,206.58999633789062,202.8300018310547,204.13999938964844,184.0041961669922,2177300
2023-04-24,204.2899932861328,205.00999450683594,201.75,203.94000244140625,183.8238983154297,1356700
2023-04-25,203.3800048828125,205.1199951171875,201.58999633789062,201.74000549316406,181.84091186523438,1339900
2023-04-26,202.5500030517578,206.47000122070312,200.0800018310547,200.33999633789062,180.57901000976562,1789300
2023-04-27,200.33999633789062,205.9600067138672,200.33999633789062,205.63999938964844,185.35623168945312,1744600
2023-04-28,205.66000366210938,206.61000061035156,203.32000732421875,204.38999938964844,184.2295379638672,2082300
2023-05-01,203.2899932861328,203.99000549316406,199.36000061035156,199.5,179.82183837890625,2135800
2023-05-02,199.6699981689453,201.74000549316406,195.67999267578125,196.1300048828125,176.78427124023438,2133800
2023-05-03,196.4499969482422,197.4499969482422,191.60000610351562,191.97000122070312,173.03460693359375,1491300
2023-05-04,191.27000427246094,196.4199981689453,191.27000427246094,194.39999389648438,175.22491455078125,1984300
2023-05-05,194.94000244140625,197.63999938964844,193.63999938964844,196.75,177.3431396484375,1210800
2023-05-08,195.50999450683594,196.44000244140625,192.5500030517578,193.2100067138672,174.15231323242188,1311400
2023-05-09,192.30999755859375,194.94000244140625,190.85000610351562,193.52000427246094,174.43173217773438,1511500
2023-05-10,195.49000549316406,198.16000366210938,194.82000732421875,196.36000061035156,176.9915771484375,1628700
2023-05-11,195.64999389648438,195.97999572753906,192.7899932861328,195.69000244140625,176.38768005371094,1714500
2023-05-12,195.88999938964844,200.41000366210938,195.63999938964844,200.2899932861328,180.533935546875,2130700
2023-05-15,200.77000427246094,202.39999389648438,194.3000030517578,195.4600067138672,176.1803436279297,2134800
2023-05-16,195.22999572753906,196.14999389648438,190.97000122070312,191.0399932861328,172.1963348388672,1395300
2023-05-17,192.0,194.8699951171875,190.7899932861328,194.75999450683594,175.54940795898438,1181100
2023-05-18,193.74000549316406,194.25999450683594,187.57000732421875,191.02999877929688,172.18731689453125,2387500
2023-05-19,191.4199981689453,192.8800048828125,189.5800018310547,190.72999572753906,171.91690063476562,1250600
2023-05-22,191.0,195.02999877929688,190.27999877929688,193.47000122070312,174.38665771484375,1754000
2023-05-23,192.52000427246094,193.91000366210938,187.64999389648438,188.14999389648438,169.59141540527344,1755500
2023-05-24,187.75,188.1300048828125,183.1699981689453,183.38999938964844,165.30088806152344,2011400
2023-05-25,184.5800018310547,184.64999389648438,181.64999389648438,182.55999755859375,164.55279541015625,2597900
2023-05-26,182.0,183.0,180.16000366210938,182.17999267578125,164.2102508544922,2692100
2023-05-30,184.27000427246094,188.35000610351562,181.30999755859375,182.0,164.04803466796875,2483400
2023-05-31,182.25999450683594,185.63999938964844,178.52999877929688,184.44000244140625,166.24734497070312,7074800
2023-06-01,184.19000244140625,188.82000732421875,184.14999389648438,187.00999450683594,168.5638427734375,2618200
2023-06-02,190.27999877929688,192.07000732421875,189.07000732421875,191.14999389648438,172.2954864501953,2188200
2023-06-05,191.9199981689453,193.7100067138672,188.3699951171875,188.63999938964844,170.03306579589844,1383100
2023-06-06,189.7899932861328,189.7899932861328,186.27000427246094,189.11000061035156,170.45669555664062,1390400
2023-06-07,190.0,193.69000244140625,189.02999877929688,190.92999267578125,172.09719848632812,1823100
2023-06-08,190.2100067138672,191.1199951171875,187.66000366210938,190.02000427246094,171.27696228027344,1184500
2023-06-09,189.97999572753906,189.97999572753906,184.82000732421875,187.3000030517578,168.82525634765625,1825300
2023-06-12,187.5,188.7100067138672,185.88999938964844,188.55999755859375,169.96095275878906,1533300
2023-06-13,188.22999572753906,191.25,186.94000244140625,191.02000427246094,172.17831420898438,1946300
2023-06-14,192.25,193.77000427246094,190.2899932861328,193.02000427246094,173.9810333251953,2510000
2023-06-15,191.5500030517578,194.9499969482422,189.2899932861328,194.27000427246094,176.54371643066406,2432500
2023-06-16,192.2899932861328,194.44000244140625,191.5500030517578,192.88999938964844,175.28965759277344,3283300
2023-06-20,191.58999633789062,193.2100067138672,189.9499969482422,190.0500030517578,172.7088165283203,2139400
2023-06-21,188.8699951171875,190.07000732421875,185.99000549316406,189.33999633789062,172.0635528564453,2127600
2023-06-22,189.6199951171875,189.6199951171875,186.3000030517578,186.42999267578125,169.41909790039062,2431400
2023-06-23,186.00999450683594,189.24000549316406,185.24000549316406,186.02999877929688,169.0555877685547,4173300
2023-06-26,185.64999389648438,188.8300018310547,184.82000732421875,188.1300048828125,170.96397399902344,2308800
2023-06-27,188.97000122070312,189.4199981689453,187.17999267578125,187.72000122070312,170.5913848876953,1776300
2023-06-28,187.74000549316406,191.75,185.92999267578125,191.61000061035156,174.12643432617188,2600300
2023-06-29,189.80999755859375,193.02000427246094,188.67999267578125,192.72999572753906,175.14425659179688,2674200
2023-06-30,194.27000427246094,195.3000030517578,191.19000244140625,193.94000244140625,176.24383544921875,3243100
2023-07-03,193.39999389648438,196.32000732421875,192.66000366210938,195.0399932861328,177.24343872070312,971000
2023-07-05,195.0,199.32000732421875,194.82000732421875,198.36000061035156,180.2605438232422,2178900
2023-07-06,196.0,197.44000244140625,193.77000427246094,196.00999450683594,178.1249542236328,1605600
2023-07-07,194.88999938964844,197.11000061035156,191.88999938964844,195.5500030517578,177.70692443847656,1830200
2023-07-10,194.35000610351562,195.6300048828125,192.9499969482422,193.5500030517578,175.88943481445312,1615700
2023-07-11,193.63999938964844,195.02000427246094,192.6699981689453,194.60000610351562,176.84361267089844,1484200
2023-07-12,197.25999450683594,198.3300018310547,194.58999633789062,195.42999267578125,177.5978546142578,1649200
2023-07-13,195.0800018310547,196.9499969482422,192.8000030517578,196.83999633789062,178.87921142578125,1750000
2023-07-14,196.10000610351562,196.66000366210938,193.61000061035156,193.97000122070312,176.2711181640625,1712200
2023-07-17,192.92999267578125,193.2100067138672,184.89999389648438,186.25999450683594,169.26458740234375,4359800
2023-07-18,186.0,188.94000244140625,182.16000366210938,185.7899932861328,168.83750915527344,3090300
2023-07-19,189.3300018310547,193.61000061035156,188.6199951171875,189.11000061035156,171.85455322265625,3380800
2023-07-20,182.82000732421875,184.86000061035156,179.2100067138672,184.64999389648438,167.801513671875,4164000
2023-07-21,184.9199981689453,186.0399932861328,181.61000061035156,184.88999938964844,168.01959228515625,4474200
2023-07-24,185.9199981689453,191.32000732421875,184.02999877929688,190.8300018310547,173.41761779785156,3420600
2023-07-25,191.0,191.49000549316406,186.66000366210938,186.7899932861328,169.74623107910156,2353600
2023-07-26,187.0399932861328,190.24000549316406,186.85000610351562,189.97999572753906,172.64515686035156,3158600
2023-07-27,194.4199981689453,200.80999755859375,193.19000244140625,193.22999572753906,175.59861755371094,2969600
2023-07-28,194.92999267578125,196.17999267578125,188.94000244140625,188.97000122070312,171.7273406982422,1714400
2023-07-31,189.33999633789062,191.69000244140625,189.0,190.30999755859375,172.945068359375,1812500
2023-08-01,190.75,192.35000610351562,189.66000366210938,191.24000549316406,173.7902069091797,2243700
2023-08-02,190.1699981689453,191.94000244140625,188.1300048828125,190.6199951171875,173.22677612304688,2236400
2023-08-03,189.33999633789062,190.3000030517578,183.67999267578125,185.75,168.8011474609375,2493000
2023-08-04,184.1699981689453,187.8000030517578,183.35000610351562,184.77000427246094,167.9105682373047,1687500
2023-08-07,185.0,186.00999450683594,182.24000549316406,183.52000427246094,166.7746124267578,1559600
2023-08-08,182.1999969482422,184.88999938964844,179.85000610351562,184.61000061035156,167.76515197753906,2047300
2023-08-09,183.92999267578125,187.1999969482422,183.47000122070312,187.10000610351562,170.02798461914062,1475800
2023-08-10,187.1699981689453,189.3300018310547,186.5,186.94000244140625,169.882568359375,1618300
2023-08-11,185.8300018310547,187.89999389648438,185.82000732421875,187.11000061035156,170.03704833984375,1073100
2023-08-14,185.8699951171875,187.38999938964844,184.94000244140625,187.14999389648438,170.07339477539062,1342000
2023-08-15,185.33999633789062,187.14999389648438,184.19000244140625,185.64999389648438,168.7102508544922,1487800
2023-08-16,185.75,186.1699981689453,177.39999389648438,177.99000549316406,161.7492218017578,2200300
2023-08-17,177.64999389648438,179.66000366210938,175.9199981689453,176.30999755859375,160.2224884033203,2370100
2023-08-18,174.69000244140625,177.8800048828125,174.3000030517578,176.4499969482422,160.3497314453125,1511300
2023-08-21,175.22000122070312,175.8800048828125,172.5500030517578,175.02000427246094,159.05020141601562,1998500
2023-08-22,175.16000366210938,176.3800048828125,173.2100067138672,175.72999572753906,159.69541931152344,1658400
2023-08-23,177.4600067138672,178.49000549316406,176.72999572753906,177.83999633789062,161.6128692626953,1655700
2023-08-24,178.39999389648438,179.52999877929688,176.27999877929688,177.14999389648438,160.98582458496094,1055700
2023-08-25,177.08999633789062,178.5500030517578,175.6699981689453,177.52999877929688,161.3311767578125,1174700
2023-08-28,178.14999389648438,179.0500030517578,176.8000030517578,178.1699981689453,161.91275024414062,1381900
2023-08-29,178.67999267578125,181.64999389648438,177.77999877929688,181.5,164.9389190673828,1572900
2023-08-30,182.5,184.19000244140625,181.80999755859375,182.27999877929688,165.64776611328125,1858300
2023-08-31,183.0800018310547,183.52000427246094,180.72999572753906,181.32000732421875,164.77537536621094,1567100
2023-09-01,182.49000549316406,182.49000549316406,179.2899932861328,180.7899932861328,164.29373168945312,1654100
2023-09-05,180.55999755859375,182.44000244140625,179.5,180.4199981689453,163.9574737548828,1715200
2023-09-06,180.19000244140625,180.19000244140625,176.13999938964844,178.00999450683594,161.76739501953125,2313300
2023-09-07,177.6199951171875,183.52999877929688,177.33999633789062,182.5500030517578,165.8931427001953,2404500
2023-09-08,182.88999938964844,183.3000030517578,178.86000061035156,180.88999938964844,164.3845977783203,1645800
2023-09-11,180.75999450683594,181.0399932861328,177.5500030517578,180.27999877929688,163.8302459716797,1393100
2023-09-12,179.35000610351562,179.6199951171875,175.39999389648438,179.19000244140625,162.83969116210938,1341500
2023-09-13,178.47999572753906,178.92999267578125,176.3699951171875,176.9499969482422,160.80410766601562,1639000
2023-09-14,178.6300048828125,182.22000122070312,178.6300048828125,181.0800018310547,164.5572509765625,1444600
2023-09-15,180.97000122070312,182.42999267578125,179.24000549316406,180.13999938964844,163.70303344726562,3514500
2023-09-18,179.91000366210938,181.63999938964844,178.6999969482422,179.52999877929688,163.14869689941406,1499100
2023-09-19,178.47000122070312,179.99000549316406,177.07000732421875,177.36000061035156,161.17669677734375,1612600
2023-09-20,178.99000549316406,179.7100067138672,177.0399932861328,177.41000366210938,161.2221221923828,1885600
2023-09-21,176.75999450683594,176.75999450683594,169.14999389648438,169.32000732421875,153.8703155517578,2499200
2023-09-22,169.0399932861328,169.77000427246094,165.91000366210938,166.2100067138672,151.04409790039062,3732500
2023-09-25,165.0500030517578,165.91000366210938,163.0800018310547,165.72000122070312,150.5988006591797,2681100
2023-09-26,163.33999633789062,164.88999938964844,162.64999389648438,162.91000366210938,148.0452117919922,2702800
2023-09-27,162.91000366210938,163.4499969482422,158.1699981689453,159.69000244140625,145.11900329589844,3178700
2023-09-28,160.39999389648438,163.3000030517578,158.85000610351562,162.32000732421875,147.50901794433594,2694000
2023-09-29,165.61000061035156,165.99000549316406,163.7100067138672,164.4499969482422,149.44467163085938,2529300
2023-10-02,163.6300048828125,164.0,160.61000061035156,161.7100067138672,146.95468139648438,2061100
2023-10-03,161.0,161.97000122070312,157.72000122070312,158.10000610351562,143.6741180419922,1783300
2023-10-04,158.47000122070312,159.4499969482422,155.6300048828125,157.67999267578125,143.2924041748047,2217100
2023-10-05,156.97000122070312,159.2899932861328,155.61000061035156,158.7100067138672,144.2284393310547,1486000
2023-10-06,156.8000030517578,160.4600067138672,154.5800018310547,159.57000732421875,145.0099639892578,1878700
2023-10-09,158.75999450683594,162.72000122070312,158.75999450683594,162.02000427246094,147.23638916015625,1952100
2023-10-10,159.88999938964844,160.75,158.2899932861328,158.55999755859375,145.54739379882812,2793900
2023-10-11,159.69000244140625,165.8000030517578,158.8300018310547,165.6199951171875,152.02801513671875,2782300
2023-10-12,165.8699951171875,166.52000427246094,162.57000732421875,164.24000549316406,150.76126098632812,1765100
2023-10-13,166.1699981689453,168.5500030517578,165.47000122070312,166.9600067138672,153.25802612304688,1969200
2023-10-16,166.38999938964844,170.32000732421875,164.52000427246094,169.17999267578125,155.29583740234375,2062200
2023-10-17,167.32000732421875,169.9199981689453,165.77000427246094,166.91000366210938,153.21214294433594,1732500
2023-10-18,167.00999450683594,167.5500030517578,162.6999969482422,162.77999877929688,149.42108154296875,1728500
2023-10-19,158.47000122070312,162.5399932861328,158.00999450683594,159.42999267578125,146.34600830078125,2672200
2023-10-20,160.77000427246094,162.22000122070312,159.72000122070312,160.08999633789062,146.95184326171875,2560800
2023-10-23,158.50999450683594,161.25,157.25,159.2899932861328,146.2174835205078,2187700
2023-10-24,159.91000366210938,163.6999969482422,159.91000366210938,163.22999572753906,149.83413696289062,2404500
2023-10-25,162.22000122070312,163.3000030517578,160.49000549316406,161.92999267578125,148.64085388183594,2448200
2023-10-26,163.0,177.22000122070312,162.5500030517578,175.05999755859375,160.6932830810547,5013500
2023-10-27,175.5,176.02999877929688,170.1999969482422,171.99000549316406,157.87525939941406,2829500
2023-10-30,171.9199981689453,173.97000122070312,169.6999969482422,172.63999938964844,158.47189331054688,2568600
2023-10-31,174.07000732421875,178.66000366210938,174.0,178.19000244140625,163.56640625,2930700
2023-11-01,178.47999572753906,179.27000427246094,177.0,178.3800048828125,163.74081420898438,1781300
2023-11-02,181.32000732421875,186.5399932861328,180.6199951171875,184.14999389648438,169.03729248046875,2908000
2023-11-03,186.07000732421875,193.1999969482422,185.86000061035156,190.57000732421875,174.93045043945312,3417100
2023-11-06,189.94000244140625,190.75999450683594,185.27000427246094,186.6999969482422,171.37802124023438,1943800
2023-11-07,187.52000427246094,187.6300048828125,185.1699981689453,185.4499969482422,170.23062133789062,1544400
2023-11-08,185.69000244140625,185.69000244140625,183.17999267578125,184.4199981689453,169.28512573242188,1447300
2023-11-09,184.60000610351562,185.27000427246094,180.91000366210938,181.83999633789062,166.91688537597656,1949300
2023-11-10,183.5399932861328,184.5399932861328,179.32000732421875,183.7899932861328,168.70681762695312,1738700
2023-11-13,182.24000549316406,185.27999877929688,181.02999877929688,183.6199951171875,168.55081176757812,1425200
2023-11-14,192.9600067138672,195.97999572753906,190.88999938964844,194.1999969482422,178.2625274658203,2910400
2023-11-15,193.11000061035156,198.75,192.72000122070312,195.8800048828125,179.8046417236328,3803000
2023-11-16,196.8000030517578,199.85000610351562,195.14999389648438,199.11000061035156,182.76959228515625,3260600
2023-11-17,200.1199951171875,200.50999450683594,197.0500030517578,197.74000549316406,181.5120086669922,2593500
2023-11-20,197.4499969482422,199.8000030517578,195.33999633789062,199.63999938964844,183.25607299804688,1945500
2023-11-21,199.55999755859375,199.57000732421875,196.82000732421875,197.5399932861328,181.32838439941406,1989300
2023-11-22,200.17999267578125,200.5800018310547,197.8300018310547,198.7899932861328,182.475830078125,1393300
2023-11-24,197.99000549316406,199.3300018310547,196.39999389648438,199.32000732421875,182.9623565673828,614100
2023-11-27,200.47999572753906,202.83999633789062,199.02000427246094,201.2100067138672,184.6972198486328,2525200
2023-11-28,200.77999877929688,203.52000427246094,200.52999877929688,203.22000122070312,186.54226684570312,2105200
2023-11-29,205.0,208.82000732421875,203.99000549316406,206.17999267578125,189.2593231201172,2933400
2023-11-30,205.5399932861328,208.9600067138672,204.27999877929688,208.77999877929688,191.64596557617188,2943300
2023-12-01,208.39999389648438,210.83999633789062,206.1300048828125,210.47000122070312,193.19728088378906,2093300
2023-12-04,209.2100067138672,209.83999633789062,207.69000244140625,208.72999572753906,191.60006713867188,2668500
2023-12-05,208.9199981689453,211.05999755859375,207.41000366210938,210.41000366210938,193.14219665527344,1738000
2023-12-06,211.7899932861328,213.30999755859375,210.6199951171875,210.75999450683594,193.4634552001953,2037700
2023-12-07,211.60000610351562,212.0500030517578,210.25,210.72000122070312,193.4267578125,1964500
2023-12-08,209.8000030517578,210.2899932861328,204.0500030517578,206.4499969482422,189.50718688964844,2364300
2023-12-11,205.89999389648438,207.99000549316406,204.11000061035156,205.60000610351562,188.7269744873047,2468600
2023-12-12,205.85000610351562,205.97999572753906,203.5800018310547,205.0500030517578,188.22207641601562,1712900
2023-12-13,204.97999572753906,212.42999267578125,203.66000366210938,211.0399932861328,193.7205047607422,2244500
2023-12-14,215.4600067138672,218.47999572753906,211.24000549316406,212.1699981689453,194.7577667236328,2975000
2023-12-15,210.1300048828125,212.7899932861328,208.3300018310547,212.14999389648438,194.73939514160156,3722400
2023-12-18,212.0399932861328,214.0399932861328,209.91000366210938,210.69000244140625,193.3992156982422,1804900
2023-12-19,211.4499969482422,213.22999572753906,210.64999389648438,211.0,193.68377685546875,1776900
2023-12-20,211.50999450683594,214.50999450683594,209.27000427246094,211.11000061035156,193.7847442626953,2991200
2023-12-21,212.99000549316406,214.33999633789062,211.5399932861328,214.27999877929688,196.69459533691406,1685500
2023-12-22,214.9600067138672,217.11000061035156,213.66000366210938,215.19000244140625,197.52992248535156,1106400
2023-12-26,215.27999877929688,216.99000549316406,214.44000244140625,216.24000549316406,198.49375915527344,1053100
2023-12-27,214.00999450683594,217.11000061035156,214.00999450683594,216.72000122070312,200.51071166992188,1860500
2023-12-28,216.7100067138672,218.32000732421875,215.5800018310547,217.16000366210938,200.9177703857422,1125400
2023-12-29,215.97999572753906,216.8000030517578,215.0,215.8800048828125,199.73353576660156,1584400
2024-01-02,214.41000366210938,219.10000610351562,214.41000366210938,218.80999755859375,202.44436645507812,1566300
2024-01-03,217.49000549316406,218.99000549316406,214.61000061035156,214.69000244140625,198.63253784179688,1533500
2024-01-04,213.63999938964844,217.6699981689453,212.67999267578125,215.4600067138672,199.34495544433594,2033000
2024-01-05,213.6999969482422,216.25,213.0399932861328,214.27999877929688,198.25320434570312,1884000
2024-01-08,213.4199981689453,216.22000122070312,212.52000427246094,216.0800018310547,199.91854858398438,1703200
2024-01-09,214.35000610351562,214.4199981689453,210.27000427246094,211.86000061035156,196.01419067382812,1578800
2024-01-10,211.61000061035156,212.08999633789062,208.3699951171875,208.97000122070312,193.34036254882812,2088900
2024-01-11,208.2899932861328,208.74000549316406,206.08999633789062,207.64999389648438,192.1190643310547,2271600
2024-01-12,209.6699981689453,211.82000732421875,208.4600067138672,209.42999267578125,193.7659149169922,1763400
2024-01-16,208.97000122070312,210.83999633789062,207.5500030517578,208.0500030517578,192.48916625976562,2400000
2024-01-17,205.39999389648438,210.38999938964844,202.72000122070312,204.9499969482422,189.62100219726562,2629300
2024-01-18,205.25,206.7899932861328,202.5399932861328,203.91000366210938,188.65879821777344,2881000
2024-01-19,204.66000366210938,205.13999938964844,202.77999877929688,203.8699951171875,188.62181091308594,1986400
2024-01-22,204.10000610351562,206.69000244140625,201.9499969482422,204.02000427246094,188.76060485839844,2185500
2024-01-23,204.75999450683594,205.2899932861328,201.3800048828125,202.25999450683594,187.13221740722656,2108900
2024-01-24,203.10000610351562,203.39999389648438,195.9600067138672,196.75999450683594,182.04356384277344,3308500
2024-01-25,199.38999938964844,201.63999938964844,198.0,200.2100067138672,185.23556518554688,2510500
2024-01-26,199.1999969482422,199.8300018310547,197.0800018310547,197.2899932861328,182.533935546875,1831100
2024-01-29,197.0800018310547,199.3000030517578,195.75999450683594,199.11000061035156,184.2178192138672,2466000
2024-01-30,198.5,199.0,195.36000061035156,195.55999755859375,180.93333435058594,2428100
2024-01-31,196.89999389648438,200.8699951171875,194.75,195.64999389648438,181.0166015625,2454100
2024-02-01,195.33999633789062,198.42999267578125,193.3699951171875,198.38999938964844,183.55165100097656,2700800
2024-02-02,195.0,195.5500030517578,189.3300018310547,193.50999450683594,179.0366668701172,2914000
2024-02-05,191.0500030517578,191.69000244140625,187.82000732421875,189.47000122070312,175.298828125,2489100
2024-02-06,189.47000122070312,192.57000732421875,189.14999389648438,191.6699981689453,177.3342742919922,1777000
2024-02-07,192.2899932861328,193.86000061035156,190.5500030517578,193.6199951171875,179.13841247558594,2254800
2024-02-08,192.6300048828125,194.25,191.6300048828125,193.63999938964844,179.1569366455078,2001100
2024-02-09,193.39999389648438,194.50999450683594,191.63999938964844,194.44000244140625,179.89710998535156,1903900
2024-02-12,194.99000549316406,195.41000366210938,191.44000244140625,191.77000427246094,177.4268035888672,1589700
2024-02-13,188.1699981689453,188.6999969482422,184.0500030517578,188.4199981689453,174.3273468017578,3512500
2024-02-14,188.85000610351562,190.02999877929688,186.83999633789062,188.49000549316406,174.3921356201172,1818100
2024-02-15,189.97000122070312,190.72999572753906,187.74000549316406,189.4600067138672,175.28958129882812,2411900
2024-02-16,186.77999877929688,187.61000061035156,185.02000427246094,187.1300048828125,173.13385009765625,2127500
2024-02-20,187.08999633789062,188.7100067138672,185.77000427246094,188.39999389648438,174.30886840820312,2241000
2024-02-21,189.22000122070312,189.66000366210938,186.6300048828125,188.22000122070312,174.14231872558594,1863200
2024-02-22,189.00999450683594,189.00999450683594,185.61000061035156,188.00999450683594,173.94801330566406,2149700
2024-02-23,188.1199951171875,191.27000427246094,187.4499969482422,189.92999267578125,175.7244110107422,1458600
2024-02-26,189.1999969482422,191.3800048828125,186.72000122070312,187.72000122070312,173.67971801757812,3310700
2024-02-27,189.19000244140625,190.61000061035156,181.16000366210938,186.67999267578125,172.7174835205078,4672100
2024-02-28,186.5,195.8300018310547,186.5,193.75999450683594,179.26797485351562,4059100
2024-02-29,195.1999969482422,200.8000030517578,195.13999938964844,198.86000061035156,183.98651123046875,4676900
2024-03-01,198.89999389648438,202.0500030517578,196.14999389648438,201.75999450683594,186.66958618164062,3473500
2024-03-04,201.42999267578125,206.52000427246094,198.99000549316406,206.14999389648438,190.73126220703125,2851800
2024-03-05,205.94000244140625,209.61000061035156,204.63999938964844,205.4199981689453,190.05587768554688,2469900
2024-03-06,206.4600067138672,207.22999572753906,204.99000549316406,206.00999450683594,190.60174560546875,1865400
2024-03-07,207.6300048828125,207.92999267578125,203.8000030517578,204.72999572753906,189.41748046875,2085800
2024-03-08,206.60000610351562,209.16000366210938,205.88999938964844,207.30999755859375,191.8045196533203,2156000
2024-03-11,205.92999267578125,208.32000732421875,204.86000061035156,206.75,191.28639221191406,2006300
2024-03-12,205.7100067138672,206.24000549316406,201.5800018310547,204.17999267578125,188.90863037109375,1746100
2024-03-13,204.3000030517578,205.0500030517578,201.2899932861328,202.35000610351562,187.2154541015625,1690400
2024-03-14,201.02000427246094,202.5500030517578,196.2100067138672,199.19000244140625,184.29183959960938,2010400
2024-03-15,195.5800018310547,198.75,195.1300048828125,197.33999633789062,182.5802001953125,3346800
2024-03-18,196.60000610351562,197.8300018310547,195.50999450683594,195.91000366210938,181.2571563720703,1833500
2024-03-19,196.1699981689453,196.8800048828125,194.6999969482422,196.6300048828125,181.9232940673828,1463500
2024-03-20,195.4199981689453,196.72000122070312,193.80999755859375,194.6300048828125,180.0728759765625,2154800
2024-03-21,195.86000061035156,196.5500030517578,193.66000366210938,193.94000244140625,179.4345245361328,2658000
2024-03-22,194.74000549316406,194.74000549316406,191.5500030517578,192.7899932861328,178.37049865722656,2581900
2024-03-25,193.69000244140625,196.22000122070312,193.52999877929688,195.55999755859375,180.93333435058594,2144800
2024-03-26,195.25999450683594,195.47000122070312,193.89999389648438,194.10000610351562,179.58255004882812,1823400
2024-03-27,195.64999389648438,197.75,194.02000427246094,197.3800048828125,182.6171875,2494200
2024-03-28,198.3699951171875,198.3699951171875,196.00999450683594,197.58999633789062,182.81150817871094,2170500
2024-04-01,196.5500030517578,196.5800018310547,192.19000244140625,193.00999450683594,178.57406616210938,2195800
2024-04-02,191.8300018310547,193.8300018310547,191.33999633789062,192.17999267578125,177.80615234375,2321300
2024-04-03,191.3699951171875,193.25,190.17999267578125,192.30999755859375,177.92640686035156,2270400
2024-04-04,194.08999633789062,194.8000030517578,190.08999633789062,190.3000030517578,176.06675720214844,2265400
2024-04-05,189.25,192.24000549316406,188.77999877929688,190.1699981689453,175.9464874267578,2538800
2024-04-08,190.10000610351562,190.49000549316406,186.63999938964844,188.2100067138672,174.1331024169922,2296800
2024-04-09,189.3699951171875,192.99000549316406,188.83999633789062,192.80999755859375,178.38900756835938,1962900
2024-04-10,187.19000244140625,187.49000549316406,180.5399932861328,181.9600067138672,168.3505096435547,4136500
2024-04-11,182.00999450683594,182.27999877929688,178.3300018310547,178.63999938964844,166.7635498046875,3688600
2024-04-12,178.77999877929688,179.67999267578125,177.1300048828125,179.1999969482422,167.28631591796875,3839000
2024-04-15,179.1999969482422,180.27999877929688,176.02000427246094,178.1199951171875,166.2781219482422,2562800
2024-04-16,177.9499969482422,177.9499969482422,171.75999450683594,172.2100067138672,160.7610321044922,3848700
2024-04-17,172.9600067138672,173.36000061035156,171.0800018310547,172.02000427246094,160.58364868164062,2732800
2024-04-18,173.72999572753906,174.05999755859375,170.6699981689453,171.0,159.63145446777344,2276200
2024-04-19,171.8000030517578,173.00999450683594,170.69000244140625,171.3000030517578,159.91151428222656,2867400
2024-04-22,171.6300048828125,172.94000244140625,171.00999450683594,172.3000030517578,160.84503173828125,2603800
2024-04-23,172.49000549316406,176.07000732421875,171.42999267578125,174.17999267578125,162.6000518798828,2659000
2024-04-24,172.6699981689453,175.44000244140625,172.36000061035156,173.35000610351562,161.82522583007812,3029300
2024-04-25,171.75,173.22000122070312,171.27999877929688,172.89999389648438,161.40513610839844,1862300
2024-04-26,172.72000122070312,174.94000244140625,171.3300018310547,171.69000244140625,160.27560424804688,1701400
2024-04-29,173.25999450683594,175.55999755859375,173.1999969482422,174.99000549316406,163.35621643066406,2104800
2024-04-30,175.52999877929688,176.9199981689453,170.4600067138672,171.55999755859375,160.15423583984375,3710600
2024-05-01,173.27999877929688,178.80999755859375,171.5,176.83999633789062,165.0832061767578,3877100
2024-05-02,178.00999450683594,179.6999969482422,175.3699951171875,179.63999938964844,167.69705200195312,3278100
2024-05-03,183.5,184.88999938964844,181.1699981689453,181.74000549316406,169.65745544433594,3130300
2024-05-06,182.27999877929688,182.6999969482422,177.52000427246094,178.69000244140625,166.8102264404297,2297900
2024-05-07,179.97999572753906,181.4499969482422,179.22999572753906,181.27999877929688,169.22801208496094,2594800
2024-05-08,179.9499969482422,181.52000427246094,178.50999450683594,181.3300018310547,169.2747344970703,2014400
2024-05-09,182.63999938964844,187.75,181.9600067138672,186.3699951171875,173.9796142578125,2588000
2024-05-10,186.47000122070312,186.7100067138672,182.5,184.49000549316406,172.22462463378906,3158100
2024-05-13,185.36000061035156,186.22999572753906,183.0500030517578,185.0,172.7007293701172,1842700
2024-05-14,186.36000061035156,187.61000061035156,185.39999389648438,186.9600067138672,174.53041076660156,2008300
2024-05-15,191.14999389648438,194.25999450683594,191.14999389648438,192.02000427246094,179.25401306152344,2815200
2024-05-16,191.64999389648438,196.2100067138672,191.50999450683594,194.94000244140625,181.9798583984375,2616900
2024-05-17,195.55999755859375,195.55999755859375,193.19000244140625,194.50999450683594,181.5784912109375,2157300
2024-05-20,194.0,195.08999633789062,191.66000366210938,191.75999450683594,179.01129150390625,1733500
2024-05-21,191.5,194.3300018310547,190.27999877929688,194.1300048828125,181.22372436523438,1527300
2024-05-22,193.58999633789062,194.24000549316406,190.22000122070312,191.33999633789062,178.61920166015625,1681100
2024-05-23,189.77999877929688,191.57000732421875,186.50999450683594,186.60000610351562,174.19435119628906,1768800
2024-05-24,187.14999389648438,188.50999450683594,185.5399932861328,185.92999267578125,173.56884765625,1257900
2024-05-28,186.55999755859375,187.7100067138672,184.8699951171875,185.02999877929688,172.72874450683594,1828300
2024-05-29,183.35000610351562,186.47999572753906,183.0399932861328,185.32000732421875,172.99945068359375,1977700
2024-05-30,186.39999389648438,191.02000427246094,185.33999633789062,190.77999877929688,178.096435546875,2850400
2024-05-31,191.8800048828125,197.19000244140625,191.1699981689453,195.74000549316406,182.72669982910156,7331900
2024-06-03,196.0,197.8300018310547,194.99000549316406,196.97000122070312,183.8749237060547,2333200
2024-06-04,198.0,201.5800018310547,197.0,200.41000366210938,187.0862274169922,3236300
2024-06-05,200.25999450683594,200.88999938964844,197.6999969482422,198.19000244140625,185.01382446289062,1737100
2024-06-06,198.0,200.02999877929688,196.75999450683594,199.49000549316406,186.22738647460938,1865800
2024-06-07,195.8699951171875,196.47999572753906,191.75,194.25999450683594,181.34507751464844,2143300
2024-06-10,193.86000061035156,196.07000732421875,192.6999969482422,194.72000122070312,181.7744903564453,2874700
2024-06-11,194.72000122070312,196.33999633789062,193.13999938964844,193.27000427246094,180.42091369628906,2781800
2024-06-12,197.9499969482422,198.83999633789062,193.64999389648438,193.82000732421875,180.93434143066406,3331500
2024-06-13,194.02000427246094,197.5,193.99000549316406,196.77999877929688,183.69752502441406,1531300
2024-06-14,194.92999267578125,197.75,194.92999267578125,197.02999877929688,185.45770263671875,1933200
2024-06-17,194.86000061035156,194.97999572753906,192.19000244140625,192.27999877929688,180.98670959472656,1779700
2024-06-18,192.5800018310547,195.97999572753906,192.55999755859375,192.77999877929688,181.4573211669922,2407800
2024-06-20,191.83999633789062,194.64999389648438,191.52000427246094,194.1699981689453,182.76568603515625,2236300
2024-06-21,194.10000610351562,196.3699951171875,192.91000366210938,194.85000610351562,183.40574645996094,2828400
2024-06-24,194.6999969482422,198.7100067138672,193.72000122070312,196.38999938964844,184.85533142089844,1792200
2024-06-25,196.35000610351562,197.42999267578125,192.19000244140625,192.67999267578125,181.36318969726562,1345100
2024-06-26,191.35000610351562,193.25999450683594,190.3800048828125,192.6699981689453,181.3538055419922,1828500
2024-06-27,193.25,195.41000366210938,192.1699981689453,195.32000732421875,183.84812927246094,1599300
2024-06-28,196.17999267578125,197.8800048828125,193.7899932861328,194.3800048828125,182.96336364746094,2393900
2024-07-01,194.39999389648438,195.91000366210938,191.6199951171875,194.02000427246094,182.62449645996094,1691700
2024-07-02,194.35000610351562,195.24000549316406,191.5500030517578,192.27000427246094,180.97726440429688,1913600
2024-07-03,193.07000732421875,195.0800018310547,192.47000122070312,194.7899932861328,183.34927368164062,1182600
2024-07-05,194.97999572753906,196.36000061035156,193.47000122070312,195.63999938964844,184.14935302734375,1018500
2024-07-08,195.1300048828125,197.38999938964844,194.50999450683594,196.1699981689453,184.64822387695312,1508800
2024-07-09,195.5500030517578,196.22999572753906,192.74000549316406,195.9600067138672,184.45057678222656,1577100
2024-07-10,197.38999938964844,197.49000549316406,193.8000030517578,196.77000427246094,185.2130126953125,1576900
2024-07-11,201.08999633789062,207.38999938964844,200.0,207.1999969482422,195.03038024902344,2256000
2024-07-12,209.05999755859375,212.19000244140625,207.5,210.61000061035156,198.2401123046875,2238600
2024-07-15,210.0,211.2100067138672,206.92999267578125,208.83999633789062,196.57406616210938,1585400
2024-07-16,210.44000244140625,211.2100067138672,207.10000610351562,210.14999389648438,197.80711364746094,1329400
2024-07-17,210.3000030517578,213.17999267578125,209.61000061035156,213.1199951171875,200.60269165039062,1759700
2024-07-18,210.80999755859375,214.4600067138672,209.67999267578125,210.64999389648438,198.27777099609375,1736300
2024-07-19,211.8699951171875,211.8699951171875,209.32000732421875,210.13999938964844,197.7977294921875,1404100
2024-07-22,209.97000122070312,212.42999267578125,208.22999572753906,209.3699951171875,197.07293701171875,1476200
2024-07-23,209.55999755859375,212.19000244140625,208.97000122070312,209.52000427246094,197.21412658691406,1123600
2024-07-24,210.25,212.80999755859375,208.57000732421875,209.38999938964844,197.0917510986328,1922800
2024-07-25,210.5399932861328,215.86000061035156,209.1199951171875,209.9199981689453,197.59063720703125,1926600
2024-07-26,210.80999755859375,214.1199951171875,210.05999755859375,213.72000122070312,201.16746520996094,1548200
2024-07-29,213.72000122070312,215.58999633789062,211.0,214.92999267578125,202.30638122558594,1607800
2024-07-30,220.0,223.4600067138672,217.61000061035156,223.0500030517578,209.94947814941406,2447700
2024-07-31,221.5,222.3300018310547,218.0,220.39999389648438,207.45509338378906,2924200
2024-08-01,222.8000030517578,229.22000122070312,222.00999450683594,227.92999267578125,214.5428466796875,3047000
2024-08-02,230.0,236.0,228.7899932861328,234.63999938964844,220.85874938964844,4750500
2024-08-05,231.8800048828125,236.1300048828125,226.00999450683594,226.19000244140625,212.90504455566406,4329600
2024-08-06,225.02000427246094,230.64999389648438,224.30999755859375,228.16000366210938,214.75933837890625,2823200
2024-08-07,226.35000610351562,229.77000427246094,225.0500030517578,225.97000122070312,212.69796752929688,3315700
2024-08-08,223.86000061035156,225.5500030517578,221.5,223.61000061035156,210.47659301757812,2942100
2024-08-09,224.83999633789062,225.39999389648438,222.33999633789062,222.58999633789062,209.51649475097656,2071500
2024-08-12,221.5800018310547,225.66000366210938,219.7899932861328,225.5399932861328,212.29322814941406,1455700
2024-08-13,225.86000061035156,226.16000366210938,222.02999877929688,222.66000366210938,209.58236694335938,5449800
2024-08-14,223.22000122070312,225.22000122070312,222.8000030517578,223.17999267578125,210.0718231201172,2313700
2024-08-15,221.27000427246094,221.4499969482422,217.5,218.05999755859375,205.25254821777344,1858400
2024-08-16,217.89999389648438,220.44000244140625,217.0,219.85000610351562,206.93740844726562,1986200
2024-08-19,219.4199981689453,220.89999389648438,219.0399932861328,219.66000366210938,206.75856018066406,1261900
2024-08-20,219.66000366210938,220.97999572753906,218.3000030517578,220.3800048828125,207.43630981445312,1631000
2024-08-21,218.3699951171875,220.0,217.02000427246094,219.49000549316406,206.59857177734375,2262500
2024-08-22,219.00999450683594,220.6199951171875,218.4499969482422,220.10000610351562,207.17274475097656,1926500
2024-08-23,220.97000122070312,227.67999267578125,220.55999755859375,227.0,213.66746520996094,1804000
2024-08-26,227.72999572753906,228.38999938964844,225.02000427246094,225.30999755859375,212.07672119140625,1142400
2024-08-27,222.19000244140625,226.2899932861328,222.19000244140625,226.16000366210938,212.87680053710938,921500
2024-08-28,226.4499969482422,227.64999389648438,224.17999267578125,225.25,212.02024841308594,1105500
2024-08-29,224.24000549316406,226.25,221.25,223.52000427246094,210.391845703125,2003200
2024-08-30,223.8800048828125,225.67999267578125,221.42999267578125,224.05999755859375,210.900146484375,1796800
2024-09-03,222.85000610351562,231.69000244140625,222.80999755859375,230.3699951171875,216.83953857421875,2660100
2024-09-04,231.42999267578125,236.1300048828125,230.25999450683594,232.52000427246094,218.86328125,2261800
2024-09-05,234.38999938964844,235.42999267578125,232.1300048828125,233.63999938964844,219.91746520996094,1990800
2024-09-06,234.0,236.44000244140625,232.52999877929688,236.16000366210938,222.2894744873047,2750000
2024-09-09,235.39999389648438,239.22000122070312,235.0399932861328,238.52999877929688,224.520263671875,1984000
2024-09-10,239.35000610351562,243.55999755859375,239.14999389648438,242.8300018310547,228.56771850585938,2016800
2024-09-11,240.2100067138672,241.16000366210938,236.8000030517578,238.97000122070312,224.93443298339844,2216500
2024-09-12,239.0,239.5,233.94000244140625,237.13999938964844,223.2119140625,2003800
2024-09-13,237.77000427246094,238.77999877929688,235.36000061035156,238.5,224.4920196533203,1983400
2024-09-16,238.9199981689453,241.97000122070312,238.9199981689453,240.32000732421875,226.20518493652344,2255500
2024-09-17,240.17999267578125,241.4600067138672,239.16000366210938,239.4499969482422,225.38623046875,1526000
2024-09-18,238.86000061035156,240.27999877929688,235.36000061035156,235.9499969482422,222.09181213378906,1828100
2024-09-19,234.0,234.55999755859375,227.6999969482422,232.30999755859375,218.66558837890625,3434300
2024-09-20,231.66000366210938,235.33999633789062,230.74000549316406,235.05999755859375,221.25408935546875,3683000
2024-09-23,236.02999877929688,236.88999938964844,233.19000244140625,236.27000427246094,222.39300537109375,1762000
2024-09-24,234.24000549316406,237.02000427246094,233.74000549316406,236.47000122070312,222.5812530517578,1616100
2024-09-25,236.5800018310547,238.33999633789062,235.16000366210938,235.6300048828125,221.7906036376953,1447200
2024-09-26,233.1199951171875,234.02000427246094,230.25999450683594,231.77000427246094,218.15728759765625,2312500
2024-09-27,233.11000061035156,233.5,229.9199981689453,230.32000732421875,216.79248046875,3051000
2024-09-30,230.1300048828125,232.77999877929688,228.75,232.55999755859375,218.90090942382812,2256400
2024-10-01,233.49000549316406,234.47000122070312,231.10000610351562,232.07000732421875,218.43971252441406,2279900
2024-10-02,230.99000549316406,233.0500030517578,229.52000427246094,231.8800048828125,218.26084899902344,2229500
2024-10-03,231.60000610351562,231.7100067138672,227.7100067138672,229.27999877929688,215.8135528564453,1590900
2024-10-04,225.8699951171875,226.0,221.50999450683594,223.66000366210938,210.52365112304688,1942500
2024-10-07,222.27999877929688,223.5399932861328,221.3800048828125,223.3699951171875,210.2506866455078,1658000
2024-10-08,223.52999877929688,225.6199951171875,223.19000244140625,224.27999877929688,211.1072235107422,1630900
2024-10-09,222.0,222.69000244140625,219.41000366210938,220.77999877929688,209.32476806640625,1574000
2024-10-10,219.5800018310547,221.52000427246094,216.50999450683594,217.89999389648438,206.5941925048828,1924300
2024-10-11,219.05999755859375,219.67999267578125,217.58999633789062,219.27000427246094,207.89312744140625,1613900
2024-10-14,217.7100067138672,221.99000549316406,217.00999450683594,221.6999969482422,210.197021484375,1501800
2024-10-15,224.0,229.72999572753906,223.3699951171875,229.42999267578125,217.5259552001953,2310100
2024-10-16,228.25999450683594,231.0500030517578,226.80999755859375,227.52000427246094,215.71505737304688,1518100
2024-10-17,226.1999969482422,227.52000427246094,223.2899932861328,224.16000366210938,212.52940368652344,2021700
2024-10-18,225.8699951171875,227.05999755859375,224.19000244140625,226.3000030517578,214.558349609375,1441900
2024-10-21,225.08999633789062,228.0,220.27999877929688,221.47000122070312,209.9789581298828,1295700
2024-10-22,219.60000610351562,222.47999572753906,219.25,221.4600067138672,209.96951293945312,1971500
2024-10-23,221.5,226.75999450683594,221.5,226.27000427246094,214.52993774414062,2712800
2024-10-24,226.0,228.8000030517578,225.8000030517578,225.92999267578125,214.2075653076172,1618300
2024-10-25,225.66000366210938,227.91000366210938,221.88999938964844,222.8000030517578,211.23995971679688,2054200
2024-10-28,225.3300018310547,225.63999938964844,221.83999633789062,222.22000122070312,210.69004821777344,1935000
2024-10-29,215.16000366210938,220.0,211.5500030517578,212.91000366210938,201.8631134033203,3591100
2024-10-30,213.58999633789062,217.10000610351562,212.42999267578125,213.47999572753906,202.4035186767578,2437800
2024-10-31,211.27999877929688,216.2899932861328,209.6999969482422,213.5399932861328,202.46041870117188,1961500
2024-11-01,217.75999450683594,218.9199981689453,210.9199981689453,211.25999450683594,200.2987060546875,1989000
2024-11-04,213.0500030517578,214.44000244140625,209.66000366210938,212.11000061035156,201.1046142578125,2333800
2024-11-05,210.92999267578125,213.94000244140625,209.5,213.85000610351562,202.7543487548828,1302400
2024-11-06,200.8000030517578,203.14999389648438,194.4199981689453,197.47000122070312,187.22422790527344,8133500
2024-11-07,199.4600067138672,200.9199981689453,196.0399932861328,197.8699951171875,187.6034698486328,4924500
2024-11-08,199.1999969482422,203.22000122070312,198.1699981689453,201.8000030517578,191.32955932617188,3981600
2024-11-11,199.7100067138672,202.16000366210938,195.85000610351562,196.0800018310547,185.9063262939453,2699000
2024-11-12,195.11000061035156,195.99000549316406,191.74000549316406,193.72000122070312,183.66879272460938,2953300
2024-11-13,196.1999969482422,197.7899932861328,195.02000427246094,195.16000366210938,185.03407287597656,2354800
2024-11-14,194.91000366210938,196.80999755859375,193.5,194.77000427246094,184.66432189941406,2282800
2024-11-15,195.0,196.72999572753906,193.75,196.4499969482422,186.25714111328125,2587300
2024-11-18,194.64999389648438,199.11000061035156,194.1300048828125,198.83999633789062,188.5231170654297,2374200
2024-11-19,199.25,201.77000427246094,198.22999572753906,201.14999389648438,190.71327209472656,2514400
2024-11-20,200.0,201.5500030517578,198.9199981689453,200.8800048828125,190.45730590820312,2243400
2024-11-21,200.32000732421875,203.50999450683594,198.7100067138672,202.80999755859375,192.28713989257812,1961700
2024-11-22,203.10000610351562,205.19000244140625,202.8000030517578,204.30999755859375,193.70932006835938,2016000
2024-11-25,205.47000122070312,208.0399932861328,204.6999969482422,207.5500030517578,196.78123474121094,3605900
2024-11-26,206.57000732421875,208.8300018310547,205.3699951171875,208.0,197.20785522460938,1791400
2024-11-27,208.0,209.6699981689453,207.8300018310547,209.3000030517578,198.44041442871094,1669400
2024-11-29,209.3000030517578,209.77000427246094,207.52999877929688,209.0,198.15599060058594,1610200
2024-12-02,207.5399932861328,208.50999450683594,205.7100067138672,207.3300018310547,196.57261657714844,2374800
2024-12-03,208.42999267578125,209.3699951171875,206.52999877929688,207.7899932861328,197.00875854492188,2551200
2024-12-04,206.52999877929688,207.94000244140625,204.67999267578125,207.5,196.73382568359375,2529200
2024-12-05,205.3000030517578,209.30999755859375,205.3000030517578,209.16000366210938,198.30767822265625,2291100
2024-12-06,209.5800018310547,210.66000366210938,205.02000427246094,207.10000610351562,196.35458374023438,2677900
2024-12-09,206.69000244140625,210.0500030517578,206.10000610351562,209.0399932861328,198.19390869140625,2854200
2024-12-10,207.33999633789062,208.0399932861328,198.8000030517578,199.52999877929688,189.1773223876953,2653300
2024-12-11,199.52000427246094,200.58999633789062,198.0800018310547,199.58999633789062,189.23423767089844,2356800
2024-12-12,199.55999755859375,200.58999633789062,197.3800048828125,197.85000610351562,187.58450317382812,1922600
2024-12-13,197.17999267578125,198.5800018310547,196.1199951171875,197.16000366210938,186.93031311035156,1995500
2024-12-16,196.50999450683594,198.74000549316406,193.57000732421875,193.72999572753906,183.67825317382812,2218800
2024-12-17,191.1999969482422,196.75,190.41000366210938,193.25999450683594,183.2326202392578,2637400
2024-12-18,191.77000427246094,192.89999389648438,184.5399932861328,184.85000610351562,175.259033203125,4186100
2024-12-19,183.44000244140625,184.5,179.0399932861328,179.39999389648438,170.09176635742188,4709800
2024-12-20,182.0800018310547,186.50999450683594,181.8300018310547,183.72999572753906,174.1970977783203,5750200
2024-12-23,182.63999938964844,184.61000061035156,181.0399932861328,184.3800048828125,174.8134002685547,2594100
2024-12-24,182.6199951171875,184.75,182.5399932861328,184.7100067138672,175.12628173828125,788400
2024-12-26,184.39999389648438,184.39999389648438,182.58999633789062,183.97999572753906,174.4341583251953,1464600
2024-12-27,182.0,184.3300018310547,181.50999450683594,181.8699951171875,173.9654541015625,1640900
2024-12-30,181.8699951171875,182.22999572753906,179.85000610351562,181.9199981689453,174.01327514648438,1887000
2024-12-31,182.9499969482422,184.0500030517578,181.19000244140625,183.41000366210938,175.4385223388672,2115500
2025-01-02,184.08999633789062,184.69000244140625,180.57000732421875,181.02999877929688,173.1619415283203,3142800
2025-01-03,181.25,183.72999572753906,180.11000061035156,182.55999755859375,174.6254425048828,1817300
2025-01-06,181.57000732421875,183.47999572753906,179.8699951171875,180.25999450683594,172.42539978027344,2262400
2025-01-07,180.1300048828125,180.9600067138672,176.89999389648438,177.1699981689453,169.4697265625,2096000
2025-01-08,176.5500030517578,179.32000732421875,174.77999877929688,179.19000244140625,171.4019012451172,2048300
2025-01-10,173.55999755859375,176.52000427246094,172.50999450683594,173.4600067138672,165.9209747314453,3539200
2025-01-13,174.66000366210938,177.1999969482422,173.77999877929688,176.94000244140625,169.24972534179688,2409800
2025-01-14,176.8800048828125,180.3000030517578,176.25999450683594,178.8000030517578,171.02886962890625,2124300
2025-01-15,184.0500030517578,185.3000030517578,180.07000732421875,180.32000732421875,172.48281860351562,2230700
2025-01-16,181.0,190.52999877929688,180.41000366210938,190.07000732421875,181.80906677246094,3544800
2025-01-17,190.75999450683594,191.75,189.42999267578125,190.38999938964844,182.11512756347656,2882500
2025-01-21,191.30999755859375,193.77000427246094,189.3300018310547,189.92999267578125,181.67510986328125,2460800
2025-01-22,188.4600067138672,188.97000122070312,183.64999389648438,185.2899932861328,177.23681640625,2753700
2025-01-23,185.7899932861328,186.6199951171875,183.36000061035156,186.38999938964844,178.28900146484375,1684000
2025-01-24,186.0,186.9499969482422,184.88999938964844,185.0800018310547,177.03591918945312,1218200
2025-01-27,190.0,192.85000610351562,187.97000122070312,192.0399932861328,183.69342041015625,2862400
2025-01-28,190.22000122070312,191.30999755859375,186.1699981689453,186.92999267578125,178.80551147460938,1997200
2025-01-29,186.83999633789062,187.7899932861328,183.1199951171875,183.6300048828125,175.64894104003906,1735100
2025-01-30,186.22999572753906,187.30999755859375,184.0500030517578,185.82000732421875,177.7437744140625,1457000
2025-01-31,185.27999877929688,187.6300048828125,184.33999633789062,184.9499969482422,176.9115753173828,1570200
2025-02-03,184.82000732421875,186.5,182.14999389648438,185.3699951171875,177.3133087158203,1832100
2025-02-04,183.77000427246094,184.8300018310547,182.13999938964844,184.1300048828125,176.12721252441406,1450200
2025-02-05,186.80999755859375,188.22000122070312,184.82000732421875,187.4600067138672,179.31248474121094,1869700
2025-02-06,188.30999755859375,189.8699951171875,186.72000122070312,189.75,181.50296020507812,1407000
2025-02-07,189.77999877929688,189.77999877929688,186.69000244140625,188.83999633789062,180.6324920654297,1588200
2025-02-10,189.57000732421875,190.08999633789062,187.22999572753906,189.8800048828125,181.62730407714844,1957900
2025-02-11,189.17999267578125,193.5,189.0,193.4199981689453,185.013427734375,1825700
2025-02-12,189.39999389648438,190.50999450683594,187.07000732421875,189.52000427246094,181.282958984375,1766400
2025-02-13,189.91000366210938,190.75,189.13999938964844,189.99000549316406,181.7325439453125,1855000
2025-02-14,190.64999389648438,193.5500030517578,189.11000061035156,189.3800048828125,181.1490478515625,1776000
2025-02-18,188.55999755859375,190.64999389648438,188.17999267578125,189.5500030517578,181.3116455078125,2301200
2025-02-19,189.39999389648438,190.83999633789062,188.35000610351562,188.55999755859375,180.3646697998047,2470000
2025-02-20,188.52000427246094,192.97000122070312,187.02000427246094,192.3800048828125,184.01866149902344,2848500
2025-02-21,192.30999755859375,193.0,190.52999877929688,191.5500030517578,183.2247314453125,3304300
2025-02-24,190.6999969482422,193.6300048828125,189.4499969482422,192.0,183.65516662597656,2393200
2025-02-25,197.50999450683594,206.27000427246094,195.02000427246094,203.75,194.8944854736328,5179700
2025-02-26,204.58999633789062,205.39999389648438,199.58999633789062,200.72999572753906,192.0057373046875,2512100
2025-02-27,200.0500030517578,204.1699981689453,199.3300018310547,203.97000122070312,195.1049041748047,2553100
2025-02-28,205.0,206.33999633789062,202.61000061035156,205.6199951171875,196.68319702148438,3466800
2025-03-03,205.0,210.2899932861328,204.99000549316406,209.61000061035156,200.49978637695312,2229700
2025-03-04,211.75,215.14999389648438,206.94000244140625,207.1199951171875,198.11801147460938,4031300
2025-03-05,204.39999389648438,209.57000732421875,202.7100067138672,208.69000244140625,199.61976623535156,1969800
2025-03-06,208.3699951171875,209.02000427246094,204.27999877929688,206.92999267578125,197.93624877929688,2416200
2025-03-07,208.0,212.99000549316406,206.88999938964844,212.2899932861328,203.0633087158203,3599400
2025-03-10,213.49000549316406,217.32000732421875,212.30999755859375,213.07000732421875,203.80941772460938,4156600
2025-03-11,213.11000061035156,214.60000610351562,209.22000122070312,209.77999877929688,200.66238403320312,2698100
2025-03-12,208.00999450683594,208.8300018310547,205.19000244140625,206.69000244140625,197.7067108154297,2519800
2025-03-13,206.94000244140625,209.0,205.00999450683594,207.77000427246094,198.73976135253906,2691100
2025-03-14,207.77000427246094,211.22999572753906,205.97999572753906,210.92999267578125,201.76242065429688,3789000
2025-03-17,212.1999969482422,216.3300018310547,211.35000610351562,212.69000244140625,203.44590759277344,3097600
2025-03-18,212.69000244140625,216.2899932861328,211.3699951171875,214.8699951171875,205.53118896484375,3996500
2025-03-19,214.25999450683594,215.6199951171875,211.63999938964844,213.75999450683594,204.4694061279297,2244200
2025-03-20,214.89999389648438,215.1300048828125,212.66000366210938,214.27000427246094,204.95724487304688,1839300
2025-03-21,213.86000061035156,219.61000061035156,212.63999938964844,216.22999572753906,206.83206176757812,6326100
2025-03-24,213.91000366210938,217.00999450683594,212.41000366210938,212.8000030517578,203.55116271972656,2879900
2025-03-25,212.02000427246094,212.5800018310547,208.1999969482422,209.5,200.3945770263672,2646600
2025-03-26,209.5,211.5500030517578,207.64999389648438,210.02000427246094,200.89198303222656,1607400
2025-03-27,211.07000732421875,215.0500030517578,209.66000366210938,214.0399932861328,204.73724365234375,2458400
2025-03-28,215.63999938964844,215.82000732421875,213.36000061035156,215.55999755859375,206.19117736816406,1907500
2025-03-31,216.5500030517578,219.3699951171875,215.72000122070312,217.60000610351562,208.14251708984375,3281300
2025-04-01,220.0800018310547,220.6999969482422,217.60000610351562,219.44000244140625,209.9025421142578,2124800
2025-04-02,219.8800048828125,220.47999572753906,216.2899932861328,217.89999389648438,208.42945861816406,2794100
2025-04-03,225.0,231.02999877929688,220.0,228.19000244140625,218.27224731445312,5852900
2025-04-04,233.14999389648438,233.8000030517578,220.02999877929688,220.1699981689453,210.60081481933594,9877200
2025-04-07,217.35000610351562,221.91000366210938,211.63999938964844,213.38999938964844,204.11550903320312,5082200
2025-04-08,215.08999633789062,216.69000244140625,202.00999450683594,204.66000366210938,195.76492309570312,5455000
2025-04-09,202.11000061035156,211.94000244140625,197.5,207.47999572753906,198.4623565673828,5646900
2025-04-10,207.75,213.1699981689453,203.5,208.32000732421875,199.26585388183594,3565200
2025-04-11,206.52000427246094,213.75,205.14999389648438,213.22000122070312,205.63095092773438,2555400
2025-04-14,213.0,218.8300018310547,211.16000366210938,217.7899932861328,210.0382843017578,2080600
2025-04-15,219.27999877929688,220.82000732421875,216.02000427246094,218.00999450683594,210.2504425048828,3854900
2025-04-16,220.3000030517578,220.5399932861328,216.50999450683594,218.0,210.24081420898438,3376800
2025-04-17,218.94000244140625,224.36000061035156,218.25999450683594,222.66000366210938,214.7349395751953,2599000
2025-04-21,221.3300018310547,223.5500030517578,215.1300048828125,217.99000549316406,210.23117065429688,2781000
2025-04-22,219.77999877929688,222.22000122070312,217.8300018310547,220.97000122070312,213.1051025390625,2747400
2025-04-23,219.77000427246094,219.9199981689453,209.3699951171875,212.60000610351562,205.0330047607422,7046000
2025-04-24,214.3300018310547,215.27999877929688,210.75999450683594,210.91000366210938,203.40316772460938,2885500
2025-04-25,211.47999572753906,211.7899932861328,208.4499969482422,210.82000732421875,203.3163604736328,2464500
2025-04-28,210.4499969482422,213.60000610351562,209.36000061035156,211.3000030517578,203.77928161621094,3390200
2025-04-29,211.63999938964844,221.77000427246094,210.36000061035156,221.3300018310547,213.45228576660156,3174900
2025-04-30,221.36000061035156,226.08999633789062,220.58999633789062,225.41000366210938,217.3870849609375,3491100
2025-05-01,224.8699951171875,225.83999633789062,223.07000732421875,224.02999877929688,216.05618286132812,2253000
2025-05-02,225.52999877929688,225.97999572753906,221.19000244140625,223.60000610351562,215.64149475097656,2732600
2025-05-05,225.10000610351562,226.02000427246094,222.4499969482422,223.8699951171875,215.90187072753906,1832900
2025-05-06,224.30999755859375,225.6199951171875,222.36000061035156,223.80999755859375,215.84400939941406,1637100
2025-05-07,222.5800018310547,224.9600067138672,219.27000427246094,219.49000549316406,211.6777801513672,3571500
2025-05-08,218.94000244140625,219.89999389648438,217.5500030517578,217.8800048828125,210.12509155273438,3007500
2025-05-09,217.07000732421875,220.58999633789062,216.5800018310547,219.97000122070312,212.1407012939453,2499800
2025-05-12,217.44000244140625,217.44000244140625,206.9199981689453,207.9199981689453,200.51959228515625,4450800
2025-05-13,208.5,208.5,201.72000122070312,203.9600067138672,196.70054626464844,4525300
2025-05-14,202.89999389648438,205.19000244140625,201.00999450683594,204.5,197.2213134765625,4060300
2025-05-15,206.24000549316406,211.77000427246094,205.0,211.67999267578125,204.14573669433594,3115600
2025-05-16,212.9600067138672,213.4600067138672,211.39999389648438,213.3800048828125,205.78526306152344,2812700
2025-05-19,213.63999938964844,215.5,211.9499969482422,215.1300048828125,207.4729766845703,1733400
2025-05-20,213.50999450683594,215.86000061035156,213.4199981689453,215.39999389648438,207.7333526611328,1755900
2025-05-21,215.63999938964844,216.55999755859375,213.4600067138672,213.72999572753906,206.12277221679688,2231500
2025-05-22,214.42999267578125,215.66000366210938,209.07000732421875,210.27000427246094,202.78594970703125,1969800
2025-05-23,213.1199951171875,213.52999877929688,210.55999755859375,211.86000061035156,204.31935119628906,1573200
2025-05-27,211.02000427246094,214.99000549316406,211.02000427246094,213.6999969482422,206.09385681152344,1867000
2025-05-28,213.0,213.10000610351562,210.72999572753906,212.4600067138672,204.89801025390625,1787600
2025-05-29,211.66000366210938,214.10000610351562,210.64999389648438,213.7100067138672,206.103515625,1790600
2025-05-30,213.1199951171875,215.3699951171875,212.32000732421875,214.64999389648438,207.01004028320312,5861500
2025-06-02,213.3800048828125,214.44000244140625,210.89999389648438,214.11000061035156,206.48927307128906,2142600
2025-06-03,213.14999389648438,214.3800048828125,211.72999572753906,213.38999938964844,205.79489135742188,2035500
2025-06-04,213.25,216.47000122070312,212.19000244140625,214.36000061035156,206.73037719726562,1579000
2025-06-05,215.1300048828125,217.19000244140625,214.07000732421875,216.22000122070312,208.52415466308594,2526800
2025-06-06,215.32000732421875,216.1300048828125,212.08999633789062,212.5399932861328,204.9751434326172,2516300
2025-06-09,212.11000061035156,213.92999267578125,210.3800048828125,212.8300018310547,205.2548370361328,1777800
2025-06-10,213.94000244140625,215.39999389648438,212.72999572753906,214.61000061035156,206.97146606445312,1625000
2025-06-11,214.61000061035156,215.7100067138672,212.94000244140625,214.36000061035156,206.73037719726562,1577900
2025-06-12,215.77999877929688,217.77000427246094,214.5500030517578,217.6999969482422,209.95147705078125,1738000
2025-06-13,215.5,217.36000061035156,214.07000732421875,214.8000030517578,208.78509521484375,2455600
2025-06-16,213.0,217.32000732421875,213.0,214.97999572753906,208.96005249023438,2424500
2025-06-17,215.1199951171875,215.75999450683594,212.77999877929688,215.13999938964844,209.11557006835938,1659500
2025-06-18,215.61000061035156,216.66000366210938,213.58999633789062,215.47999572753906,209.446044921875,1665700
2025-06-20,215.13999938964844,218.85000610351562,214.3000030517578,217.47999572753906,211.39004516601562,4018600
2025-06-23,218.64999389648438,222.61000061035156,217.5500030517578,221.6300048828125,215.423828125,2618000
2025-06-24,220.8699951171875,225.02999877929688,219.0,223.91000366210938,217.63998413085938,2219000
2025-06-25,221.74000549316406,222.8300018310547,219.50999450683594,220.22000122070312,214.05332946777344,1727300
2025-06-26,220.7899932861328,221.5800018310547,215.82000732421875,217.52000427246094,211.42892456054688,2040100
2025-06-27,216.3000030517578,219.8800048828125,215.8699951171875,217.77999877929688,211.68165588378906,2086300
2025-06-30,217.38999938964844,221.1300048828125,215.25999450683594,221.02000427246094,214.8309326171875,2071800
2025-07-01,220.89999389648438,225.25999450683594,220.6199951171875,224.47000122070312,218.184326171875,2567600
2025-07-02,222.82000732421875,224.9600067138672,222.5399932861328,222.8300018310547,216.59024047851562,1937900
2025-07-03,222.47999572753906,223.16000366210938,217.89999389648438,221.75,215.54046630859375,1369100
2025-07-07,222.3000030517578,222.97999572753906,218.0500030517578,220.02000427246094,213.85891723632812,1894900
2025-07-08,218.02000427246094,221.16000366210938,217.6300048828125,220.6999969482422,214.51988220214844,2022600
2025-07-09,219.7100067138672,222.0,217.3699951171875,221.8300018310547,215.6182403564453,1712900
2025-07-10,220.49000549316406,223.67999267578125,220.1999969482422,221.00999450683594,214.82119750976562,1459200
2025-07-11,220.0800018310547,221.41000366210938,217.50999450683594,219.24000549316406,213.10076904296875,1358500
2025-07-14,218.9499969482422,222.3000030517578,218.8699951171875,221.77999877929688,215.56964111328125,1475900
2025-07-15,221.25,221.3000030517578,217.97999572753906,218.9199981689453,212.7897186279297,1754200
2025-07-16,219.66000366210938,223.44000244140625,219.10000610351562,223.36000061035156,217.1053924560547,2426500
2025-07-17,222.80999755859375,224.27999877929688,221.8300018310547,223.0399932861328,216.7943572998047,1522400
2025-07-18,223.4199981689453,225.77000427246094,223.1699981689453,224.77000427246094,218.47592163085938,1253800
2025-07-21,226.0,227.75,225.36000061035156,226.5,220.157470703125,1458800
2025-07-22,229.58999633789062,232.5500030517578,227.9600067138672,232.35000610351562,225.84365844726562,2274400
2025-07-23,230.94000244140625,232.47000122070312,229.58999633789062,230.17999267578125,223.73440551757812,1839700
2025-07-24,230.72000122070312,234.3300018310547,228.47999572753906,231.24000549316406,224.76473999023438,2034700
2025-07-25,230.6199951171875,231.5500030517578,228.25,229.8699951171875,223.43309020996094,1031300
2025-07-28,227.72000122070312,229.07000732421875,223.35000610351562,224.2100067138672,217.9315948486328,2176300
2025-07-29,219.0,219.0,211.8000030517578,214.7100067138672,208.6976318359375,3704000
2025-07-30,211.55999755859375,215.0800018310547,207.66000366210938,208.74000549316406,202.89479064941406,3693300
2025-07-31,207.22000122070312,209.60000610351562,205.7100067138672,208.38999938964844,202.55458068847656,2774000
2025-08-01,211.41000366210938,217.38999938964844,211.1300048828125,212.10000610351562,206.16070556640625,3232200
2025-08-04,211.36000061035156,214.33999633789062,211.0,212.97999572753906,207.01605224609375,2804500
2025-08-05,212.25999450683594,212.7899932861328,207.77999877929688,210.0500030517578,204.16812133789062,1854800
2025-08-06,210.5,211.5800018310547,208.5,208.89999389648438,203.05030822753906,1634100
2025-08-07,208.9199981689453,211.07000732421875,208.0,210.00999450683594,204.1292266845703,2025800
2025-08-08,210.3300018310547,210.88999938964844,205.80999755859375,206.50999450683594,200.72723388671875,1727500
2025-08-11,205.92999267578125,207.8800048828125,204.85000610351562,206.0800018310547,200.3092803955078,2339200
2025-08-12,206.14999389648438,206.77999877929688,203.22000122070312,204.6199951171875,198.89015197753906,1757100
2025-08-13,204.8800048828125,205.30999755859375,202.9499969482422,204.14999389648438,198.43331909179688,2717800
2025-08-14,203.1999969482422,204.19000244140625,200.7899932861328,203.4600067138672,197.76263427734375,2636900
2025-08-15,204.19000244140625,208.2100067138672,203.19000244140625,206.1199951171875,200.34815979003906,2640400
2025-08-18,206.60000610351562,207.02000427246094,202.66000366210938,203.1300048828125,197.44189453125,3227700
2025-08-19,203.5399932861328,206.8300018310547,203.22999572753906,206.64999389648438,200.86331176757812,1669400
2025-08-20,208.49000549316406,211.13999938964844,207.67999267578125,209.5,203.63351440429688,2217500
2025-08-21,208.3699951171875,211.0,208.3699951171875,209.72999572753906,203.8570556640625,1483300
2025-08-22,210.89999389648438,214.7899932861328,210.25,211.8800048828125,205.94686889648438,2343000
2025-08-25,211.0,211.9199981689453,209.91000366210938,211.1199951171875,205.20814514160156,1238900
2025-08-26,209.10000610351562,209.10000610351562,204.5500030517578,207.4499969482422,201.6409149169922,3538700
2025-08-27,207.75,208.02999877929688,203.2100067138672,203.27000427246094,197.5779571533203,3083500
2025-08-28,203.25999450683594,204.44000244140625,201.7100067138672,202.55999755859375,196.88784790039062,2978200
2025-08-29,203.0,203.86000061035156,201.67999267578125,203.85000610351562,198.1417236328125,2618100
2025-09-02,202.60000610351562,205.22000122070312,198.75,200.49000549316406,194.8758087158203,2601200
2025-09-03,201.49000549316406,202.8000030517578,195.1999969482422,196.25999450683594,190.76426696777344,3630500
2025-09-04,197.9199981689453,198.19000244140625,193.0500030517578,195.08999633789062,189.62701416015625,3523700
2025-09-05,197.07000732421875,199.39999389648438,196.27999877929688,198.32000732421875,192.76658630371094,4126100
2025-09-08,194.3800048828125,195.47000122070312,189.00999450683594,193.63999938964844,188.21762084960938,5376600
2025-09-09,193.92999267578125,194.77999877929688,192.0,194.60000610351562,189.15074157714844,3383900
2025-09-10,194.00999450683594,195.75,193.32000732421875,193.75999450683594,188.33425903320312,2539100
2025-09-11,194.32000732421875,197.08999633789062,193.07000732421875,196.5500030517578,191.04612731933594,2277400
2025-09-12,195.75,196.5500030517578,194.58999633789062,195.0800018310547,189.6173095703125,3096400
2025-09-15,196.05999755859375,196.72999572753906,188.5500030517578,192.5,187.1095428466797,3883400
2025-09-16,192.0,195.14999389648438,191.47999572753906,194.72999572753906,189.277099609375,3253800
2025-09-17,194.9600067138672,199.1300048828125,194.42999267578125,197.22000122070312,191.69737243652344,3041900
2025-09-18,195.22999572753906,196.4600067138672,192.22999572753906,193.02999877929688,187.6247100830078,2368700
2025-09-19,193.5500030517578,194.63999938964844,192.08999633789062,193.30999755859375,187.89686584472656,5329500
2025-09-22,194.2899932861328,196.5399932861328,191.9499969482422,193.2100067138672,187.7996826171875,3471300
2025-09-23,193.4199981689453,194.75,192.72000122070312,194.27999877929688,188.83970642089844,2774700
2025-09-24,193.74000549316406,195.55999755859375,192.5500030517578,192.92999267578125,187.52749633789062,2963500
2025-09-25,194.42999267578125,197.41000366210938,193.13999938964844,193.7100067138672,188.28567504882812,3022700
2025-09-26,194.3300018310547,195.4499969482422,193.3800048828125,194.27000427246094,188.82997131347656,2608300
2025-09-29,194.55999755859375,195.5,192.30999755859375,194.5500030517578,189.10215759277344,3314300
2025-09-30,192.88999938964844,193.8000030517578,191.1300048828125,192.32000732421875,188.5824432373047,3426900
2025-10-01,192.27999877929688,194.5,192.11000061035156,193.32000732421875,189.56300354003906,2960500
2025-10-02,190.9499969482422,193.2100067138672,188.8800048828125,191.1699981689453,187.4547882080078,2822300
2025-10-03,191.0,192.41000366210938,189.4600067138672,190.2100067138672,186.51344299316406,2863100
2025-10-06,189.4499969482422,189.4499969482422,185.3300018310547,185.57000732421875,181.963623046875,2968100
2025-10-07,186.25999450683594,186.99000549316406,183.9499969482422,186.97000122070312,183.33641052246094,2741700
2025-10-08,186.7100067138672,188.88999938964844,183.77000427246094,185.58999633789062,181.9832305908203,3329700
2025-10-09,186.3000030517578,186.50999450683594,183.99000549316406,185.32000732421875,181.71849060058594,2211000
2025-10-10,186.77000427246094,187.99000549316406,184.00999450683594,186.67999267578125,183.0520477294922,3154400
2025-10-13,184.36000061035156,186.07000732421875,182.5,183.1999969482422,179.63967895507812,3242800
2025-10-14,183.80999755859375,186.52000427246094,183.1300048828125,186.50999450683594,182.88534545898438,4174900
2025-10-15,185.9199981689453,190.19000244140625,185.75999450683594,190.02999877929688,186.33694458007812,3353900
2025-10-16,190.57000732421875,194.0800018310547,190.24000549316406,191.47000122070312,187.74896240234375,3394700
2025-10-17,192.0800018310547,192.50999450683594,188.16000366210938,191.2899932861328,187.57244873046875,1981400
2025-10-20,191.9499969482422,193.1199951171875,190.6199951171875,193.0800018310547,189.32766723632812,1782100
2025-10-21,192.14999389648438,194.39999389648438,190.85000610351562,192.3699951171875,188.63145446777344,1749500
2025-10-22,192.02999877929688,193.42999267578125,190.8699951171875,191.19000244140625,187.4744110107422,1535700
2025-10-23,191.27000427246094,192.22000122070312,187.47000122070312,190.3000030517578,186.60169982910156,2279900
2025-10-24,191.30999755859375,192.72999572753906,189.97000122070312,191.52000427246094,187.79798889160156,1721800
2025-10-27,190.0,191.08999633789062,188.74000549316406,189.72999572753906,186.0427703857422,2979100
2025-10-28,185.94000244140625,186.33999633789062,177.49000549316406,182.72000122070312,179.16900634765625,6047500
2025-10-29,182.6699981689453,183.9199981689453,178.75,179.0800018310547,175.59976196289062,4501500
2025-10-30,180.25,182.5800018310547,178.47000122070312,179.4499969482422,175.96255493164062,2954900
2025-10-31,177.1300048828125,180.05999755859375,176.88999938964844,178.97999572753906,175.50169372558594,2604700
2025-11-03,177.75,178.02000427246094,175.0,176.63999938964844,173.20716857910156,3481700
2025-11-04,178.64999389648438,180.77000427246094,177.44000244140625,180.35000610351562,176.84507751464844,2663800
2025-11-05,180.60000610351562,182.02999877929688,178.72000122070312,179.42999267578125,175.9429473876953,2330500
2025-11-06,178.8800048828125,182.11000061035156,177.85000610351562,178.08999633789062,174.6289825439453,1960500
2025-11-07,177.75,178.47999572753906,175.3800048828125,177.9499969482422,174.49169921875,4255800
2025-11-10,176.24000549316406,180.97000122070312,176.0,179.72000122070312,176.22731018066406,2911100
2025-11-11,181.47999572753906,184.9600067138672,180.80999755859375,184.7899932861328,181.19876098632812,2429500
2025-11-12,184.0,185.3800048828125,181.92999267578125,183.35000610351562,179.78677368164062,2947600
2025-11-13,183.02000427246094,184.24000549316406,180.85000610351562,181.1300048828125,177.6099090576172,3072000
2025-11-14,182.85000610351562,184.39999389648438,179.61000061035156,183.58999633789062,180.0220947265625,3807200
2025-11-17,183.69000244140625,184.6999969482422,179.9600067138672,180.47000122070312,176.96273803710938,3253600
2025-11-18,180.0,182.36000061035156,178.94000244140625,181.5500030517578,178.02175903320312,3436500
2025-11-19,181.5399932861328,182.36000061035156,178.9199981689453,180.5,176.99215698242188,2673200
2025-11-20,180.5,180.66000366210938,178.00999450683594,179.1199951171875,175.6389617919922,3094500
2025-11-21,180.3699951171875,181.99000549316406,179.00999450683594,179.55999755859375,176.07040405273438,2609900
2025-11-24,179.5800018310547,180.36000061035156,176.5800018310547,179.57000732421875,176.08023071289062,6032500
2025-11-25,180.22999572753906,182.0,179.47000122070312,179.75999450683594,176.2665252685547,2005100
2025-11-26,180.02000427246094,182.3000030517578,178.5,181.24000549316406,177.7177734375,1941700
2025-11-28,180.41000366210938,182.0500030517578,180.02000427246094,181.27000427246094,177.74717712402344,1088800
2025-12-01,178.5,179.10000610351562,174.91000366210938,176.27000427246094,172.8443603515625,3329600
2025-12-02,177.05999755859375,177.72999572753906,175.1999969482422,175.80999755859375,172.39329528808594,2467200
2025-12-03,176.02999877929688,176.77000427246094,174.35000610351562,176.17999267578125,172.756103515625,2693000
2025-12-04,175.57000732421875,179.11000061035156,175.39999389648438,178.8300018310547,175.35459899902344,2804200
2025-12-05,178.82000732421875,180.3699951171875,178.10000610351562,178.86000061035156,175.384033203125,2998000
2025-12-08,178.5399932861328,183.30999755859375,176.89999389648438,183.1999969482422,179.63967895507812,5804200
2025-12-09,183.1999969482422,184.61000061035156,179.35000610351562,179.5500030517578,176.0606231689453,3161100
2025-12-10,179.80999755859375,182.6300048828125,179.5500030517578,180.25999450683594,176.75680541992188,2500900
2025-12-11,181.66000366210938,183.2100067138672,180.74000549316406,181.7100067138672,178.17864990234375,4370000
2025-12-12,182.1699981689453,183.16000366210938,180.32000732421875,180.6999969482422,177.18824768066406,5329400
2025-12-15,181.74000549316406,181.94000244140625,177.91000366210938,180.25999450683594,176.75680541992188,5020800
2025-12-16,180.27000427246094,180.97999572753906,178.6999969482422,179.1300048828125,175.64877319335938,3198300
2025-12-17,178.5399932861328,180.77000427246094,177.8000030517578,178.49000549316406,175.02120971679688,4084700
2025-12-18,178.60000610351562,179.36000061035156,174.19000244140625,174.2899932861328,170.90283203125,3950800
2025-12-19,174.2100067138672,174.83999633789062,171.9499969482422,172.41000366210938,169.0593719482422,6033000
2025-12-22,171.6300048828125,173.3699951171875,170.77000427246094,172.52999877929688,169.17703247070312,4154500
2025-12-23,172.9499969482422,174.5800018310547,172.1300048828125,174.50999450683594,171.11856079101562,3358100
2025-12-24,174.72000122070312,175.17999267578125,174.2899932861328,174.8000030517578,171.40293884277344,1040000
2025-12-26,174.5,176.6999969482422,174.5,176.41000366210938,172.9816436767578,1463200
2025-12-29,175.07000732421875,176.50999450683594,174.8800048828125,175.8300018310547,174.09056091308594,2177300
2025-12-30,175.6699981689453,176.85000610351562,175.0,176.72000122070312,174.9717559814453,1718900
2025-12-31,175.9199981689453,176.75999450683594,175.39999389648438,175.57000732421875,173.8331298828125,1680100
2026-01-02,175.25999450683594,175.80999755859375,173.1699981689453,174.8000030517578,173.0707550048828,1786500
2026-01-05,174.25999450683594,176.27000427246094,171.0399932861328,176.25,174.5063934326172,3433400
2026-01-06,175.3800048828125,177.8000030517578,174.77000427246094,175.82000732421875,174.08065795898438,2362300
2026-01-07,176.99000549316406,177.0,169.39999389648438,169.44000244140625,167.76377868652344,2756800
2026-01-08,168.57000732421875,171.32000732421875,168.33999633789062,170.3300018310547,168.6449737548828,2714700
2026-01-09,169.44000244140625,170.07000732421875,166.8800048828125,168.50999450683594,166.8429718017578,2359900
2026-01-12,169.39999389648438,172.8800048828125,169.39999389648438,171.52999877929688,169.83309936523438,2732700
2026-01-13,171.39999389648438,174.1199951171875,169.7100067138672,173.9600067138672,172.2390594482422,2870300
2026-01-14,174.47999572753906,180.61000061035156,174.25999450683594,177.47999572753906,175.72422790527344,3604700
2026-01-15,177.4499969482422,181.80999755859375,176.3699951171875,181.5500030517578,179.75396728515625,3868300
2026-01-16,179.67999267578125,184.1699981689453,178.64999389648438,183.57000732421875,181.75399780273438,4130800
2026-01-20,182.89999389648438,183.9600067138672,177.6300048828125,177.75,175.99156188964844,5038500
2026-01-21,178.99000549316406,179.67999267578125,176.69000244140625,178.1699981689453,176.40740966796875,2755700
2026-01-22,177.2899932861328,181.0800018310547,176.52000427246094,176.9499969482422,175.19947814941406,3741500
2026-01-23,176.3800048828125,179.6999969482422,175.14999389648438,178.75,176.98167419433594,2869700
2026-01-26,179.82000732421875,182.63999938964844,178.99000549316406,179.4600067138672,177.6846466064453,4304100
2026-01-27,178.58999633789062,181.36000061035156,177.0800018310547,180.07000732421875,178.2886199951172,2867000
2026-01-28,180.07000732421875,180.8800048828125,176.22999572753906,177.50999450683594,175.75393676757812,3437700
2026-01-29,177.50999450683594,181.88999938964844,176.80999755859375,181.33999633789062,179.54603576660156,3496100
2026-01-30,181.2100067138672,181.2100067138672,175.3000030517578,179.27999877929688,177.5064239501953,3504300
2026-02-02,178.97999572753906,179.82000732421875,173.58999633789062,173.6999969482422,171.98162841796875,2968500
2026-02-03,173.0399932861328,174.22999572753906,171.44000244140625,173.1300048828125,171.41726684570312,3147200
2026-02-04,174.1300048828125,177.9199981689453,172.3800048828125,176.5500030517578,174.80343627929688,4518900
2026-02-05,172.5800018310547,173.72000122070312,169.3000030517578,171.49000549316406,169.7935028076172,4730000
2026-02-06,172.77000427246094,173.60000610351562,168.67999267578125,171.27000427246094,169.57566833496094,3481800
2026-02-09,171.0500030517578,174.25999450683594,169.32000732421875,173.7100067138672,171.9915313720703,2507800
2026-02-10,174.35000610351562,179.6699981689453,173.58999633789062,178.50999450683594,176.74403381347656,2680700
2026-02-11,177.50999450683594,180.5399932861328,175.60000610351562,180.47999572753906,178.69454956054688,2089100
2026-02-12,182.47000122070312,190.33999633789062,181.85000610351562,188.19000244140625,186.32827758789062,4537000
2026-02-13,188.6699981689453,192.2100067138672,188.10000610351562,192.10000610351562,190.19960021972656,3413100
2026-02-17,192.5,193.6199951171875,189.92999267578125,193.08999633789062,191.1798095703125,3166000
2026-02-18,192.07000732421875,192.17999267578125,185.6300048828125,186.6199951171875,184.7738037109375,2636100
2026-02-19,186.5800018310547,188.3800048828125,184.39999389648438,184.7899932861328,182.9619140625,2257500
2026-02-20,186.0,187.4199981689453,183.41000366210938,187.30999755859375,185.4569854736328,2484100
2026-02-23,187.5,191.49000549316406,186.67999267578125,190.0500030517578,188.1698760986328,2966400
2026-02-24,188.14999389648438,195.4499969482422,187.02999877929688,190.19000244140625,188.30850219726562,3535100
2026-02-25,191.60000610351562,191.64999389648438,182.2899932861328,182.47999572753906,180.6747589111328,3406300
2026-02-26,183.1699981689453,187.38999938964844,181.17999267578125,185.00999450683594,183.1797332763672,2918200
2026-02-27,186.16000366210938,191.97000122070312,184.67999267578125,191.86000061035156,189.96197509765625,4964400
2026-03-02,190.02000427246094,192.24000549316406,188.5399932861328,190.1999969482422,188.31838989257812,3390200
2026-03-03,187.52999877929688,191.17999267578125,186.25,190.25,188.36790466308594,2361100
2026-03-04,188.50999450683594,190.99000549316406,187.22000122070312,190.8000030517578,188.91246032714844,2457200
2026-03-05,189.0,189.02999877929688,185.02999877929688,187.63999938964844,185.78372192382812,3430400
2026-03-06,187.88999938964844,190.14999389648438,185.86000061035156,188.58999633789062,186.7243194580078,2747300
2026-03-09,188.22999572753906,189.52999877929688,185.3000030517578,186.63999938964844,184.79360961914062,2800900
2026-03-10,186.5,187.99000549316406,184.52999877929688,186.1199951171875,184.27874755859375,3288700
2026-03-11,185.61000061035156,185.61000061035156,182.49000549316406,182.85000610351562,181.04110717773438,1587900
2026-03-12,181.05999755859375,184.17999267578125,179.60000610351562,179.86000061035156,178.0806884765625,3070400
2026-03-13,182.10000610351562,184.5399932861328,181.00999450683594,184.41000366210938,182.58567810058594,3194200
2026-03-16,185.72999572753906,186.2100067138672,184.14999389648438,184.7100067138672,182.88272094726562,2267300
2026-03-17,185.60000610351562,187.83999633789062,184.13999938964844,185.07000732421875,183.23915100097656,2728900
2026-03-18,183.13999938964844,184.1999969482422,180.1999969482422,180.69000244140625,178.90248107910156,3654800
2026-03-19,180.2899932861328,183.07000732421875,178.35000610351562,182.75999450683594,180.95199584960938,3615200
2026-03-20,184.02000427246094,185.72000122070312,175.60000610351562,176.7899932861328,175.04104614257812,6368000
2026-03-23,179.1999969482422,179.6300048828125,173.14999389648438,176.5,174.75392150878906,4363100
2026-03-24,175.49000549316406,176.3800048828125,170.10000610351562,170.36000061035156,168.67466735839844,4558300
2026-03-25,169.47999572753906,171.99000549316406,165.0800018310547,167.27000427246094,165.615234375,4107600
2026-03-26,167.2899932861328,169.07000732421875,165.75,168.9199981689453,167.24891662597656,2890300
2026-03-27,168.7899932861328,171.66000366210938,167.97000122070312,169.52000427246094,167.84298706054688,2468500
2026-03-30,171.5399932861328,173.02999877929688,169.77999877929688,170.36000061035156,168.67466735839844,3106500
2026-03-31,172.6300048828125,173.11000061035156,170.47999572753906,172.5800018310547,170.87271118164062,4425800
2026-04-01,172.6699981689453,173.91000366210938,169.7899932861328,171.02000427246094,169.32814025878906,2311000
2026-04-02,171.49000549316406,176.47000122070312,170.33999633789062,173.72999572753906,172.01132202148438,4241600
2026-04-06,172.74000549316406,177.22999572753906,171.72000122070312,176.13999938964844,174.39749145507812,2898900
2026-04-07,175.82000732421875,176.3800048828125,172.88999938964844,174.0800018310547,172.3578643798828,3617100
2026-04-08,175.0,177.1999969482422,173.72999572753906,176.17999267578125,174.4370880126953,3465200
2026-04-09,175.24000549316406,182.36000061035156,175.24000549316406,179.92999267578125,178.14999389648438,3273800
2026-04-10,180.5500030517578,181.5800018310547,178.30999755859375,179.2899932861328,177.51632690429688,3179700
2026-04-13,179.47999572753906,181.2100067138672,178.47999572753906,180.94000244140625,179.15000915527344,2597700
2026-04-14,178.44000244140625,178.83999633789062,173.0,176.41000366210938,176.41000366210938,2887200
2026-04-15,177.77000427246094,178.6999969482422,176.22000122070312,176.99000549316406,176.99000549316406,2129100
2026-04-16,177.1699981689453,178.63999938964844,176.5800018310547,178.60000610351562,178.60000610351562,1915900
2026-04-17,178.2899932861328,183.07000732421875,177.41000366210938,182.36000061035156,182.36000061035156,4708600
2026-04-20,181.3699951171875,183.42999267578125,180.5,181.66000366210938,181.66000366210938,2778700
2026-04-21,181.74000549316406,181.8800048828125,174.30999755859375,174.75999450683594,174.75999450683594,3564000
2026-04-22,176.92999267578125,178.19000244140625,174.82000732421875,176.30999755859375,176.30999755859375,2269500
2026-04-23,177.5500030517578,179.2100067138672,176.3800048828125,179.00999450683594,179.00999450683594,2433900
2026-04-24,178.88999938964844,179.6199951171875,176.25999450683594,178.2100067138672,178.2100067138672,3065000
2026-04-27,178.63999938964844,178.89999389648438,174.6999969482422,175.3000030517578,175.3000030517578,3046500
2026-04-28,176.5,180.17999267578125,174.2899932861328,178.39999389648438,178.39999389648438,4484600
2026-04-29,177.5399932861328,179.22000122070312,176.58999633789062,178.19000244140625,178.19000244140625,2775000
2026-04-30,177.99000549316406,182.97999572753906,177.07000732421875,182.7100067138672,182.7100067138672,3006400
2026-05-01,183.77000427246094,184.11000061035156,180.8699951171875,181.61000061035156,181.61000061035156,1943200
2026-05-04,180.6699981689453,182.6300048828125,179.22999572753906,180.8800048828125,180.8800048828125,1625500
2026-05-05,180.0,180.67999267578125,176.7100067138672,178.1199951171875,178.1199951171875,2244200
2026-05-06,179.14999389648438,181.25,178.41000366210938,180.16000366210938,180.16000366210938,2116000
2026-05-07,179.5,180.97000122070312,178.42999267578125,179.77000427246094,179.77000427246094,2589500
2026-05-08,179.8300018310547,179.8300018310547,176.11000061035156,176.52999877929688,176.52999877929688,3510200
2026-05-11,177.0500030517578,178.99000549316406,176.14999389648438,177.47000122070312,177.47000122070312,2456400
2026-05-12,174.58999633789062,180.50999450683594,174.52999877929688,178.82000732421875,178.82000732421875,3384000
2026-05-13,176.77000427246094,176.80999755859375,171.00999450683594,173.8699951171875,173.8699951171875,3271000
2026-05-14,174.6300048828125,175.3000030517578,170.19000244140625,170.5,170.5,2922200
2026-05-15,170.17999267578125,172.35000610351562,167.3699951171875,170.6300048828125,170.6300048828125,4632900
2026-05-18,170.88999938964844,177.77999877929688,170.6300048828125,177.27999877929688,177.27999877929688,3242300
2026-05-19,178.80999755859375,184.1199951171875,177.6999969482422,183.0,183.0,4659700
2026-05-20,181.9600067138672,184.02000427246094,180.66000366210938,184.02000427246094,184.02000427246094,2812700
2026-05-21,183.1999969482422,184.83999633789062,181.99000549316406,183.77999877929688,183.77999877929688,2929200
2026-05-22,185.02000427246094,185.05999755859375,181.6199951171875,183.85000610351562,183.85000610351562,2069900
