Date,Open,High,Low,Close,Adj Close,Volume
2018-06-04,29.549999237060547,29.59000015258789,29.329999923706055,29.399999618530273,24.415756225585938,43777000.0
2018-06-05,29.309999465942383,29.34000015258789,29.059999465942383,29.1200008392334,24.18321990966797,47690800.0
2018-06-06,29.290000915527344,30.049999237060547,29.280000686645508,30.040000915527344,24.947254180908203,74995800.0
2018-06-07,30.200000762939453,30.309999465942383,29.889999389648438,30.09000015258789,24.988773345947266,68402700.0
2018-06-08,30.010000228881836,30.049999237060547,29.809999465942383,30.010000228881836,24.92234230041504,49572900.0
2018-06-11,30.1299991607666,30.40999984741211,30.059999465942383,30.059999465942383,24.96385955810547,46732800.0
2018-06-12,30.170000076293945,30.270000457763672,29.75,29.899999618530273,24.830982208251953,49644600.0
2018-06-13,29.979999542236328,30.360000610351562,29.700000762939453,29.84000015258789,24.781152725219727,68900200.0
2018-06-14,30.040000915527344,30.049999237060547,29.3799991607666,29.5,24.498798370361328,77863200.0
2018-06-15,29.25,29.40999984741211,28.8700008392334,29.280000686645508,24.31609535217285,105079500.0
2018-06-18,28.940000534057617,29.5,28.809999465942383,29.399999618530273,24.415756225585938,52644100.0
2018-06-19,29.040000915527344,29.3700008392334,28.950000762939453,29.260000228881836,24.29948616027832,65466200.0
2018-06-20,29.420000076293945,29.5,29.18000030517578,29.239999771118164,24.28287696838379,52256500.0
2018-06-21,29.209999084472656,29.450000762939453,29.0,29.290000915527344,24.324399948120117,68322600.0
2018-06-22,29.459999084472656,29.520000457763672,28.989999771118164,28.989999771118164,24.075254440307617,76079200.0
2018-06-25,28.860000610351562,28.90999984741211,28.260000228881836,28.479999542236328,23.65172576904297,73616400.0
2018-06-26,28.520000457763672,28.670000076293945,28.010000228881836,28.540000915527344,23.701553344726562,56369300.0
2018-06-27,28.510000228881836,28.850000381469727,28.239999771118164,28.239999771118164,23.45240592956543,61764400.0
2018-06-28,28.399999618530273,28.84000015258789,28.299999237060547,28.670000076293945,23.809511184692383,71292100.0
2018-06-29,29.09000015258789,29.170000076293945,28.18000030517578,28.190000534057617,23.410886764526367,102307600.0
2018-07-02,28.079999923706055,28.280000686645508,27.829999923706055,28.280000686645508,23.48563003540039,52534300.0
2018-07-03,28.329999923706055,28.43000030517578,27.739999771118164,27.780000686645508,23.070396423339844,40599000.0
2018-07-04,28.329999923706055,28.43000030517578,27.739999771118164,27.780000686645508,23.070396423339844,40599000.0
2018-07-05,27.950000762939453,28.079999923706055,27.809999465942383,27.920000076293945,23.186656951904297,44506800.0
2018-07-06,27.809999465942383,28.149999618530273,27.6299991607666,28.030000686645508,23.27801513671875,39424900.0
2018-07-09,28.229999542236328,29.09000015258789,28.219999313354492,29.049999237060547,24.125083923339844,61758900.0
2018-07-10,29.219999313354492,29.329999923706055,28.75,28.829999923706055,23.9423828125,58858400.0
2018-07-11,28.670000076293945,28.90999984741211,28.6200008392334,28.68000030517578,23.817821502685547,50218900.0
2018-07-12,28.899999618530273,28.969999313354492,28.65999984741211,28.770000457763672,23.892562866210938,51700700.0
2018-07-13,28.6200008392334,28.690000534057617,28.219999313354492,28.549999237060547,23.709854125976562,75178000.0
2018-07-16,28.780000686645508,29.850000381469727,28.729999542236328,29.780000686645508,24.731327056884766,129172000.0
2018-07-17,29.889999389648438,30.200000762939453,29.579999923706055,30.010000228881836,24.92234230041504,87778900.0
2018-07-18,29.920000076293945,30.290000915527344,29.84000015258789,30.1299991607666,25.021991729736328,59109200.0
2018-07-19,29.93000030517578,30.020000457763672,29.639999389648438,29.670000076293945,24.63998031616211,59260600.0
2018-07-20,29.6200008392334,30.15999984741211,29.459999084472656,30.1299991607666,25.021991729736328,80432700.0
2018-07-23,30.139999389648438,30.850000381469727,30.1299991607666,30.75,25.536882400512695,74080200.0
2018-07-24,30.850000381469727,31.110000610351562,30.649999618530273,30.829999923706055,25.60332679748535,64761500.0
2018-07-25,30.700000762939453,31.110000610351562,30.670000076293945,31.06999969482422,25.802635192871094,57644100.0
2018-07-26,31.190000534057617,31.209999084472656,30.889999389648438,30.940000534057617,25.694669723510742,46215000.0
2018-07-27,30.989999771118164,31.139999389648438,30.799999237060547,31.059999465942383,25.794328689575195,57198900.0
2018-07-30,31.139999389648438,31.450000762939453,31.1299991607666,31.309999465942383,26.001951217651367,58721000.0
2018-07-31,31.360000610351562,31.420000076293945,30.81999969482422,30.8799991607666,25.64484405517578,64066000.0
2018-08-01,31.219999313354492,31.549999237060547,31.170000076293945,31.25,25.952116012573242,69070700.0
2018-08-02,30.979999542236328,31.309999465942383,30.8700008392334,31.280000686645508,25.977033615112305,46427200.0
2018-08-03,31.18000030517578,31.510000228881836,31.15999984741211,31.510000228881836,26.16803550720215,50153800.0
2018-08-06,31.450000762939453,31.59000015258789,31.31999969482422,31.520000457763672,26.17634391784668,41261500.0
2018-08-07,31.549999237060547,31.799999237060547,31.489999771118164,31.510000228881836,26.16803550720215,43946200.0
2018-08-08,31.510000228881836,31.90999984741211,31.479999542236328,31.799999237060547,26.408876419067383,43689600.0
2018-08-09,31.729999542236328,31.790000915527344,31.549999237060547,31.600000381469727,26.242782592773438,38219100.0
2018-08-10,31.229999542236328,31.329999923706055,30.899999618530273,31.190000534057617,25.90229034423828,55679800.0
2018-08-13,31.079999923706055,31.1200008392334,30.450000762939453,30.479999542236328,25.312650680541992,63960600.0
2018-08-14,30.610000610351562,30.899999618530273,30.420000076293945,30.790000915527344,25.570104598999023,42521200.0
2018-08-15,30.479999542236328,30.6200008392334,30.15999984741211,30.360000610351562,25.213001251220703,59747900.0
2018-08-16,30.559999465942383,30.84000015258789,30.520000457763672,30.719999313354492,25.511972427368164,44015400.0
2018-08-17,30.65999984741211,30.860000610351562,30.549999237060547,30.739999771118164,25.528579711914062,39843500.0
2018-08-20,30.690000534057617,30.93000030517578,30.649999618530273,30.8700008392334,25.63654136657715,40011000.0
2018-08-21,30.90999984741211,31.25,30.829999923706055,31.020000457763672,25.761117935180664,53510600.0
2018-08-22,30.920000076293945,31.09000015258789,30.8799991607666,30.979999542236328,25.72789192199707,33062900.0
2018-08-23,30.940000534057617,30.979999542236328,30.739999771118164,30.84000015258789,25.61162567138672,38259100.0
2018-08-24,30.940000534057617,31.079999923706055,30.850000381469727,30.889999389648438,25.653152465820312,43585000.0
2018-08-27,31.030000686645508,31.489999771118164,30.989999771118164,31.309999465942383,26.001951217651367,47729300.0
2018-08-28,31.360000610351562,31.40999984741211,31.190000534057617,31.270000457763672,25.968725204467773,38539000.0
2018-08-29,31.239999771118164,31.309999465942383,31.06999969482422,31.139999389648438,25.860767364501953,46401800.0
2018-08-30,31.020000457763672,31.149999618530273,30.950000762939453,31.010000228881836,25.7528076171875,47358900.0
2018-08-31,30.8799991607666,30.950000762939453,30.6200008392334,30.93000030517578,25.686370849609375,49266000.0
2018-09-03,30.8799991607666,30.950000762939453,30.6200008392334,30.93000030517578,25.686370849609375,49266000.0
2018-09-04,30.90999984741211,31.15999984741211,30.81999969482422,31.139999389648438,25.860767364501953,44745600.0
2018-09-05,31.06999969482422,31.239999771118164,30.969999313354492,31.18000030517578,25.89398765563965,48516700.0
2018-09-06,31.049999237060547,31.110000610351562,30.729999542236328,30.850000381469727,25.7437801361084,42666000.0
2018-09-07,31.0,31.1200008392334,30.6299991607666,30.860000610351562,25.75212287902832,49103800.0
2018-09-10,30.8799991607666,31.0,30.75,30.81999969482422,25.71874237060547,34156200.0
2018-09-11,30.719999313354492,30.899999618530273,30.700000762939453,30.850000381469727,25.7437801361084,53071000.0
2018-09-12,30.8799991607666,30.959999084472656,30.3799991607666,30.43000030517578,25.393293380737305,59482300.0
2018-09-13,30.530000686645508,30.670000076293945,30.079999923706055,30.139999389648438,25.151294708251953,59219500.0
2018-09-14,30.1299991607666,30.389999389648438,30.110000610351562,30.3700008392334,25.343223571777344,33743900.0
2018-09-17,30.34000015258789,30.489999771118164,30.149999618530273,30.280000686645508,25.268125534057617,35026600.0
2018-09-18,30.329999923706055,30.399999618530273,30.1299991607666,30.209999084472656,25.20970916748047,49921700.0
2018-09-19,30.1299991607666,31.200000762939453,30.1299991607666,31.0,25.86895179748535,92666300.0
2018-09-20,31.299999237060547,31.3700008392334,31.139999389648438,31.190000534057617,26.027502059936523,83357400.0
2018-09-21,31.34000015258789,31.3700008392334,30.969999313354492,31.030000686645508,25.893983840942383,85992100.0
2018-09-24,30.979999542236328,31.200000762939453,30.65999984741211,30.739999771118164,25.65198516845703,45587700.0
2018-09-25,30.850000381469727,31.040000915527344,30.600000381469727,30.670000076293945,25.59357261657715,40949900.0
2018-09-26,30.709999084472656,30.739999771118164,30.059999465942383,30.1299991607666,25.1429500579834,57882400.0
2018-09-27,30.239999771118164,30.309999465942383,29.93000030517578,29.940000534057617,24.984392166137695,45879700.0
2018-09-28,29.649999618530273,29.850000381469727,29.420000076293945,29.459999084472656,24.583847045898438,74707600.0
2018-10-01,29.68000030517578,29.940000534057617,29.540000915527344,29.649999618530273,24.742399215698242,53900900.0
2018-10-02,29.579999923706055,29.719999313354492,29.270000457763672,29.579999923706055,24.683988571166992,42940300.0
2018-10-03,29.809999465942383,30.18000030517578,29.719999313354492,30.0,25.03447151184082,61080300.0
2018-10-04,30.170000076293945,30.790000915527344,30.139999389648438,30.43000030517578,25.393293380737305,72325700.0
2018-10-05,30.600000381469727,30.649999618530273,30.049999237060547,30.229999542236328,25.226394653320312,51931000.0
2018-10-08,30.049999237060547,30.420000076293945,29.90999984741211,30.270000457763672,25.259780883789062,47471600.0
2018-10-09,30.030000686645508,30.190000534057617,29.8700008392334,29.979999542236328,25.017778396606445,58868600.0
2018-10-10,29.979999542236328,30.1299991607666,29.209999084472656,29.239999771118164,24.40026092529297,88454400.0
2018-10-11,28.889999389648438,29.25,28.260000228881836,28.360000610351562,23.66591453552246,111417300.0
2018-10-12,28.989999771118164,29.040000915527344,27.729999542236328,28.459999084472656,23.749361038208008,102279200.0
2018-10-15,28.489999771118164,28.6200008392334,27.639999389648438,27.920000076293945,23.298742294311523,114636100.0
2018-10-16,28.239999771118164,28.579999923706055,27.899999618530273,28.530000686645508,23.807777404785156,87887800.0
2018-10-17,28.3700008392334,29.190000534057617,28.15999984741211,28.899999618530273,24.116533279418945,79068700.0
2018-10-18,28.670000076293945,28.899999618530273,28.139999389648438,28.25,23.574125289916992,77369200.0
2018-10-19,28.139999389648438,28.520000457763672,27.969999313354492,28.31999969482422,23.632539749145508,64305400.0
2018-10-22,28.31999969482422,28.350000381469727,27.309999465942383,27.3799991607666,22.848119735717773,89942900.0
2018-10-23,26.389999389648438,27.200000762939453,26.110000610351562,27.020000457763672,22.547710418701172,102392500.0
2018-10-24,26.860000610351562,26.899999618530273,26.079999923706055,26.190000534057617,21.855083465576172,86386600.0
2018-10-25,26.3799991607666,26.93000030517578,26.18000030517578,26.59000015258789,22.188884735107422,73780400.0
2018-10-26,26.329999923706055,26.579999923706055,25.8799991607666,26.389999389648438,22.02198600769043,91103500.0
2018-10-29,26.690000534057617,27.18000030517578,26.290000915527344,26.610000610351562,22.205570220947266,89367000.0
2018-10-30,26.760000228881836,26.860000610351562,26.31999969482422,26.780000686645508,22.347434997558594,79004800.0
2018-10-31,27.100000381469727,27.8799991607666,27.059999465942383,27.5,22.948261260986328,92296300.0
2018-11-01,27.770000457763672,28.0,27.610000610351562,27.809999465942383,23.206947326660156,49827300.0
2018-11-02,28.010000228881836,28.3799991607666,27.520000457763672,27.889999389648438,23.273704528808594,69010200.0
2018-11-05,27.950000762939453,28.239999771118164,27.889999389648438,28.059999465942383,23.415573120117188,41103100.0
2018-11-06,28.020000457763672,28.25,27.739999771118164,28.209999084472656,23.540746688842773,43514400.0
2018-11-07,28.420000076293945,28.670000076293945,28.139999389648438,28.540000915527344,23.81612777709961,56679200.0
2018-11-08,28.5,29.1200008392334,28.43000030517578,28.8700008392334,24.09150505065918,49421200.0
2018-11-09,28.75,28.889999389648438,28.3799991607666,28.520000457763672,23.799436569213867,43270600.0
2018-11-12,28.3799991607666,28.520000457763672,27.639999389648438,27.75,23.156879425048828,50307500.0
2018-11-13,27.75,28.139999389648438,27.690000534057617,27.760000228881836,23.16522789001465,57423400.0
2018-11-14,27.950000762939453,28.100000381469727,26.780000686645508,27.209999084472656,22.706260681152344,69213300.0
2018-11-15,27.139999389648438,27.969999313354492,26.8799991607666,27.899999618530273,23.282054901123047,66174800.0
2018-11-16,27.690000534057617,27.889999389648438,27.420000076293945,27.75,23.156879425048828,52456100.0
2018-11-19,27.780000686645508,28.020000457763672,27.540000915527344,27.75,23.156879425048828,46000000.0
2018-11-20,27.420000076293945,27.56999969482422,26.969999313354492,27.3799991607666,22.848119735717773,92330600.0
2018-11-21,27.59000015258789,27.760000228881836,27.25,27.270000457763672,22.756328582763672,40364400.0
2018-11-22,27.59000015258789,27.760000228881836,27.25,27.270000457763672,22.756328582763672,40364400.0
2018-11-23,27.079999923706055,27.170000076293945,26.8799991607666,26.969999313354492,22.5059871673584,22974100.0
2018-11-26,27.18000030517578,27.729999542236328,27.100000381469727,27.559999465942383,22.99833106994629,53210700.0
2018-11-27,27.43000030517578,27.899999618530273,27.389999389648438,27.739999771118164,23.148534774780273,43617100.0
2018-11-28,27.8799991607666,28.469999313354492,27.559999465942383,28.43000030517578,23.724327087402344,61388100.0
2018-11-29,28.18000030517578,28.350000381469727,27.969999313354492,28.040000915527344,23.398881912231445,46824600.0
2018-11-30,27.940000534057617,28.6299991607666,27.8700008392334,28.399999618530273,23.699298858642578,64284600.0
2018-12-03,28.989999771118164,29.040000915527344,28.360000610351562,28.540000915527344,23.81612777709961,59908700.0
2018-12-04,28.31999969482422,28.31999969482422,26.729999542236328,26.989999771118164,22.522676467895508,103565700.0
2018-12-05,28.31999969482422,28.31999969482422,26.729999542236328,26.989999771118164,22.522676467895508,103565700.0
2018-12-06,26.229999542236328,26.31999969482422,25.530000686645508,26.280000686645508,22.052757263183594,133294200.0
2018-12-07,26.149999618530273,26.540000915527344,25.299999237060547,25.43000030517578,21.3394832611084,107477600.0
2018-12-10,25.18000030517578,25.229999542236328,24.290000915527344,24.760000228881836,20.777252197265625,110166900.0
2018-12-11,25.209999084472656,25.399999618530273,24.530000686645508,24.579999923706055,20.626211166381836,78545000.0
2018-12-12,24.8700008392334,24.989999771118164,24.3700008392334,24.520000457763672,20.57585334777832,87191800.0
2018-12-13,24.65999984741211,24.81999969482422,24.280000686645508,24.399999618530273,20.47515869140625,64860100.0
2018-12-14,24.18000030517578,24.8700008392334,24.1200008392334,24.479999542236328,20.542293548583984,92762600.0
2018-12-17,24.260000228881836,24.93000030517578,24.15999984741211,24.469999313354492,20.533897399902344,98602800.0
2018-12-18,24.670000076293945,25.09000015258789,24.309999465942383,24.469999313354492,20.533897399902344,89046300.0
2018-12-19,24.450000762939453,25.239999771118164,24.06999969482422,24.18000030517578,20.290550231933594,121887600.0
2018-12-20,23.850000381469727,24.43000030517578,23.760000228881836,24.110000610351562,20.231807708740234,112594000.0
2018-12-21,23.90999984741211,24.510000228881836,23.260000228881836,23.3700008392334,19.610841751098633,160800400.0
2018-12-24,22.760000228881836,23.209999084472656,22.65999984741211,22.729999542236328,19.073787689208984,64859100.0
2018-12-25,22.760000228881836,23.209999084472656,22.65999984741211,22.729999542236328,19.073787689208984,64859100.0
2018-12-26,22.90999984741211,24.18000030517578,22.690000534057617,24.110000610351562,20.231807708740234,100877800.0
2018-12-27,23.780000686645508,24.3700008392334,23.389999389648438,24.3700008392334,20.44998550415039,91575400.0
2018-12-28,24.59000015258789,24.75,24.260000228881836,24.389999389648438,20.466764450073242,78693800.0
2018-12-31,24.56999969482422,24.969999313354492,24.3700008392334,24.639999389648438,20.67655372619629,56257300.0
2019-01-01,24.56999969482422,24.969999313354492,24.3700008392334,24.639999389648438,20.67655372619629,56257300.0
2019-01-02,24.079999923706055,25.139999389648438,24.010000228881836,24.959999084472656,20.945083618164062,71836300.0
2019-01-03,24.940000534057617,25.040000915527344,24.450000762939453,24.559999465942383,20.609420776367188,66599600.0
2019-01-04,25.100000381469727,25.649999618530273,25.030000686645508,25.579999923706055,21.465354919433594,83829100.0
2019-01-07,25.559999465942383,25.780000686645508,25.290000915527344,25.559999465942383,21.448566436767578,57016300.0
2019-01-08,25.719999313354492,25.790000915527344,25.09000015258789,25.510000228881836,21.406612396240234,67339400.0
2019-01-09,25.670000076293945,25.850000381469727,25.389999389648438,25.760000228881836,21.616395950317383,69707200.0
2019-01-10,25.559999465942383,25.780000686645508,25.420000076293945,25.729999542236328,21.59122085571289,65235800.0
2019-01-11,25.530000686645508,26.040000915527344,25.459999084472656,26.030000686645508,21.84296989440918,63476000.0
2019-01-14,25.770000457763672,26.479999542236328,25.610000610351562,26.3700008392334,22.128278732299805,76715400.0
2019-01-15,26.209999084472656,26.809999465942383,26.049999237060547,26.549999237060547,22.279325485229492,80625500.0
2019-01-16,28.1299991607666,28.719999313354492,27.860000610351562,28.450000762939453,23.873703002929688,163131700.0
2019-01-17,28.34000015258789,29.0,28.09000015258789,28.989999771118164,24.32683563232422,107428800.0
2019-01-18,29.020000457763672,29.459999084472656,28.709999084472656,29.299999237060547,24.58697509765625,97928200.0
2019-01-21,29.020000457763672,29.459999084472656,28.709999084472656,29.299999237060547,24.58697509765625,97928200.0
2019-01-22,28.979999542236328,29.299999237060547,28.889999389648438,29.09000015258789,24.41075897216797,84861400.0
2019-01-23,29.219999313354492,29.280000686645508,28.6200008392334,28.920000076293945,24.268102645874023,79425900.0
2019-01-24,28.75,29.200000762939453,28.739999771118164,29.079999923706055,24.402362823486328,59492300.0
2019-01-25,29.280000686645508,29.719999313354492,29.139999389648438,29.579999923706055,24.82193946838379,72182100.0
2019-01-28,29.31999969482422,29.670000076293945,29.290000915527344,29.6299991607666,24.863893508911133,59963800.0
2019-01-29,29.540000915527344,29.700000762939453,29.34000015258789,29.389999389648438,24.662498474121094,51451900.0
2019-01-30,29.420000076293945,29.469999313354492,28.950000762939453,29.06999969482422,24.393972396850586,66475800.0
2019-01-31,28.75,28.84000015258789,27.979999542236328,28.469999313354492,23.890485763549805,100201200.0
2019-02-01,28.600000381469727,28.84000015258789,28.309999465942383,28.3799991607666,23.81495475769043,64244100.0
2019-02-04,28.469999313354492,28.969999313354492,28.420000076293945,28.8799991607666,24.23453712463379,55195900.0
2019-02-05,28.850000381469727,28.8799991607666,28.56999969482422,28.780000686645508,24.150619506835938,46622600.0
2019-02-06,28.670000076293945,28.899999618530273,28.540000915527344,28.729999542236328,24.108665466308594,35606900.0
2019-02-07,28.540000915527344,28.639999389648438,27.899999618530273,28.239999771118164,23.697481155395508,62289200.0
2019-02-08,28.149999618530273,28.31999969482422,27.860000610351562,28.290000915527344,23.739437103271484,50031300.0
2019-02-11,28.34000015258789,28.459999084472656,28.209999084472656,28.40999984741211,23.840131759643555,47724400.0
2019-02-12,28.6200008392334,28.860000610351562,28.579999923706055,28.690000534057617,24.075098037719727,49178100.0
2019-02-13,28.8700008392334,28.989999771118164,28.65999984741211,28.700000762939453,24.083486557006836,48951200.0
2019-02-14,28.360000610351562,28.6200008392334,28.110000610351562,28.389999389648438,23.823354721069336,47756600.0
2019-02-15,28.760000228881836,29.309999465942383,28.670000076293945,29.110000610351562,24.427541732788086,65867000.0
2019-02-18,28.760000228881836,29.309999465942383,28.670000076293945,29.110000610351562,24.427541732788086,65867000.0
2019-02-19,28.93000030517578,29.260000228881836,28.75,29.1299991607666,24.44432258605957,40841300.0
2019-02-20,29.100000381469727,29.450000762939453,29.010000228881836,29.40999984741211,24.679279327392578,42806300.0
2019-02-21,29.329999923706055,29.450000762939453,29.110000610351562,29.290000915527344,24.578584671020508,42754100.0
2019-02-22,29.049999237060547,29.270000457763672,28.959999084472656,29.079999923706055,24.402362823486328,47887800.0
2019-02-25,29.1200008392334,29.59000015258789,29.1200008392334,29.270000457763672,24.561796188354492,61227400.0
2019-02-26,29.020000457763672,29.6299991607666,28.959999084472656,29.290000915527344,24.578584671020508,53153200.0
2019-02-27,29.299999237060547,29.670000076293945,29.209999084472656,29.530000686645508,24.779979705810547,48128600.0
2019-02-28,29.5,29.549999237060547,29.010000228881836,29.079999923706055,24.52695083618164,62358100.0
2019-03-01,29.329999923706055,29.649999618530273,29.209999084472656,29.309999465942383,24.72093963623047,45771500.0
2019-03-04,29.329999923706055,29.540000915527344,28.770000457763672,29.030000686645508,24.484777450561523,56893200.0
2019-03-05,29.020000457763672,29.190000534057617,28.700000762939453,29.079999923706055,24.52695083618164,39932500.0
2019-03-06,29.010000228881836,29.15999984741211,28.799999237060547,28.84000015258789,24.324525833129883,41672000.0
2019-03-07,28.670000076293945,28.719999313354492,28.260000228881836,28.549999237060547,24.079925537109375,53908600.0
2019-03-08,28.059999465942383,28.670000076293945,28.010000228881836,28.649999618530273,24.164274215698242,40860700.0
2019-03-11,28.700000762939453,29.059999465942383,28.700000762939453,28.940000534057617,24.40887451171875,40709300.0
2019-03-12,29.0,29.1200008392334,28.889999389648438,28.940000534057617,24.40887451171875,34450000.0
2019-03-13,29.049999237060547,29.510000228881836,28.979999542236328,29.290000915527344,24.70406723022461,54683300.0
2019-03-14,29.309999465942383,29.639999389648438,29.239999771118164,29.459999084472656,24.847450256347656,45219100.0
2019-03-15,29.440000534057617,29.610000610351562,29.260000228881836,29.299999237060547,24.712501525878906,82346200.0
2019-03-18,29.3799991607666,29.959999084472656,29.329999923706055,29.81999969482422,25.15108871459961,58568600.0
2019-03-19,30.010000228881836,30.139999389648438,29.540000915527344,29.649999618530273,25.007699966430664,55455100.0
2019-03-20,29.6200008392334,29.65999984741211,28.600000381469727,28.639999389648438,24.15583610534668,81689900.0
2019-03-21,28.450000762939453,28.600000381469727,28.040000915527344,28.18000030517578,23.76786231994629,77444400.0
2019-03-22,27.90999984741211,28.06999969482422,26.709999084472656,27.010000228881836,22.78104591369629,118851600.0
2019-03-25,26.90999984741211,27.3799991607666,26.610000610351562,26.84000015258789,22.637666702270508,65568000.0
2019-03-26,27.149999618530273,27.350000381469727,26.8799991607666,27.209999084472656,22.949735641479492,59878500.0
2019-03-27,27.09000015258789,27.3700008392334,26.950000762939453,27.030000686645508,22.797916412353516,57621700.0
2019-03-28,27.200000762939453,27.40999984741211,27.020000457763672,27.329999923706055,23.050945281982422,45872300.0
2019-03-29,27.549999237060547,27.68000030517578,27.299999237060547,27.59000015258789,23.270235061645508,83446300.0
2019-04-01,27.899999618530273,28.739999771118164,27.850000381469727,28.540000915527344,24.071500778198242,91751100.0
2019-04-02,28.469999313354492,28.8700008392334,28.350000381469727,28.8700008392334,24.34983253479004,66694000.0
2019-04-03,29.06999969482422,29.239999771118164,28.700000762939453,28.84000015258789,24.324525833129883,63110600.0
2019-04-04,28.850000381469727,29.309999465942383,28.84000015258789,29.149999618530273,24.58599090576172,53712100.0
2019-04-05,29.31999969482422,29.5,28.979999542236328,29.079999923706055,24.52695083618164,46383400.0
2019-04-08,28.889999389648438,29.200000762939453,28.8700008392334,29.170000076293945,24.602861404418945,35272800.0
2019-04-09,29.0,29.06999969482422,28.739999771118164,28.889999389648438,24.366697311401367,40535300.0
2019-04-10,28.899999618530273,29.149999618530273,28.75,29.06999969482422,24.51851463317871,42669700.0
2019-04-11,29.25,29.489999771118164,28.989999771118164,29.06999969482422,24.51851463317871,50440100.0
2019-04-12,29.559999465942383,30.219999313354492,29.559999465942383,30.170000076293945,25.446290969848633,100192000.0
2019-04-15,30.100000381469727,30.139999389648438,29.65999984741211,29.84000015258789,25.167959213256836,57438800.0
2019-04-16,29.299999237060547,30.049999237060547,29.0,29.8799991607666,25.20169448852539,105168400.0
2019-04-17,29.829999923706055,30.1200008392334,29.459999084472656,30.030000686645508,25.328210830688477,94831600.0
2019-04-18,29.950000762939453,30.15999984741211,29.81999969482422,30.030000686645508,25.328210830688477,61796600.0
2019-04-19,29.950000762939453,30.15999984741211,29.81999969482422,30.030000686645508,25.328210830688477,61796600.0
2019-04-22,29.93000030517578,30.100000381469727,29.780000686645508,30.049999237060547,25.345075607299805,34763400.0
2019-04-23,29.989999771118164,30.209999084472656,29.920000076293945,30.06999969482422,25.3619441986084,41889700.0
2019-04-24,29.950000762939453,30.170000076293945,29.850000381469727,30.020000457763672,25.319774627685547,40078100.0
2019-04-25,29.90999984741211,30.31999969482422,29.899999618530273,30.079999923706055,25.370378494262695,43243800.0
2019-04-26,30.170000076293945,30.389999389648438,30.049999237060547,30.350000381469727,25.598102569580078,40627500.0
2019-04-29,30.43000030517578,31.170000076293945,30.40999984741211,30.770000457763672,25.952346801757812,68408600.0
2019-04-30,30.799999237060547,30.8799991607666,30.40999984741211,30.579999923706055,25.792098999023438,47764200.0
2019-05-01,30.559999465942383,30.889999389648438,30.18000030517578,30.260000228881836,25.522199630737305,56161000.0
2019-05-02,30.260000228881836,30.559999465942383,30.149999618530273,30.5,25.72461700439453,40634100.0
2019-05-03,30.65999984741211,30.799999237060547,30.5,30.709999084472656,25.901742935180664,35256100.0
2019-05-06,30.110000610351562,30.610000610351562,30.06999969482422,30.469999313354492,25.69931411743164,39882000.0
2019-05-07,30.15999984741211,30.170000076293945,29.6299991607666,29.920000076293945,25.23543357849121,58528400.0
2019-05-08,29.729999542236328,30.110000610351562,29.670000076293945,29.799999237060547,25.134220123291016,39903400.0
2019-05-09,29.420000076293945,29.780000686645508,29.280000686645508,29.709999084472656,25.058311462402344,44173500.0
2019-05-10,29.459999084472656,29.709999084472656,29.190000534057617,29.579999923706055,24.94866180419922,59649900.0
2019-05-13,28.959999084472656,29.0,28.049999237060547,28.25,23.826904296875,72547000.0
2019-05-14,28.360000610351562,28.989999771118164,28.209999084472656,28.6200008392334,24.138975143432617,52216100.0
2019-05-15,28.100000381469727,28.489999771118164,28.010000228881836,28.290000915527344,23.860645294189453,51973200.0
2019-05-16,28.459999084472656,28.829999923706055,28.43000030517578,28.59000015258789,24.113672256469727,42791500.0
2019-05-17,28.25,28.639999389648438,28.219999313354492,28.399999618530273,23.953414916992188,43772500.0
2019-05-20,28.399999618530273,28.520000457763672,28.239999771118164,28.399999618530273,23.953414916992188,41717600.0
2019-05-21,28.56999969482422,28.75,28.450000762939453,28.690000534057617,24.19801139831543,39258700.0
2019-05-22,28.510000228881836,28.6299991607666,28.350000381469727,28.489999771118164,24.029327392578125,29177600.0
2019-05-23,28.1299991607666,28.200000762939453,27.5,27.760000228881836,23.413619995117188,59772900.0
2019-05-24,27.93000030517578,28.260000228881836,27.860000610351562,28.18000030517578,23.76786231994629,35524400.0
2019-05-27,27.93000030517578,28.260000228881836,27.860000610351562,28.18000030517578,23.76786231994629,35524400.0
2019-05-28,28.049999237060547,28.25,27.8799991607666,27.899999618530273,23.531702041625977,44273400.0
2019-05-29,27.530000686645508,27.850000381469727,27.3799991607666,27.75,23.405183792114258,49818900.0
2019-05-30,27.770000457763672,27.93000030517578,26.979999542236328,27.15999984741211,22.907567977905273,58649300.0
2019-05-31,26.5,26.8700008392334,26.479999542236328,26.600000381469727,22.43524169921875,68304200.0
2019-06-03,26.59000015258789,26.989999771118164,26.399999618530273,26.68000030517578,22.502721786499023,50109900.0
2019-06-04,27.18000030517578,27.950000762939453,27.139999389648438,27.920000076293945,23.548566818237305,58426400.0
2019-06-05,27.84000015258789,28.010000228881836,27.459999084472656,27.90999984741211,23.540138244628906,44874400.0
2019-06-06,27.760000228881836,28.040000915527344,27.540000915527344,27.8799991607666,23.64189338684082,38633600.0
2019-06-07,27.75,27.790000915527344,27.420000076293945,27.530000686645508,23.34510040283203,51317200.0
2019-06-10,27.860000610351562,28.469999313354492,27.84000015258789,28.06999969482422,23.803010940551758,48305800.0
2019-06-11,28.3799991607666,28.700000762939453,28.139999389648438,28.239999771118164,23.947168350219727,38691800.0
2019-06-12,28.200000762939453,28.270000457763672,27.860000610351562,27.950000762939453,23.701251983642578,33528900.0
2019-06-13,27.969999313354492,28.15999984741211,27.809999465942383,27.940000534057617,23.692773818969727,33404200.0
2019-06-14,27.90999984741211,28.170000076293945,27.780000686645508,28.040000915527344,23.777576446533203,37322100.0
2019-06-17,28.010000228881836,28.219999313354492,27.790000915527344,27.93000030517578,23.684295654296875,33410100.0
2019-06-18,28.020000457763672,28.799999237060547,27.829999923706055,28.6200008392334,24.2694034576416,60170700.0
2019-06-19,28.700000762939453,28.969999313354492,28.299999237060547,28.31999969482422,24.01500701904297,61953500.0
2019-06-20,28.59000015258789,28.610000610351562,27.850000381469727,28.270000457763672,23.972612380981445,60887200.0
2019-06-21,28.190000534057617,28.549999237060547,28.079999923706055,28.1200008392334,23.84541130065918,69444000.0
2019-06-24,28.079999923706055,28.3799991607666,27.889999389648438,27.979999542236328,23.726694107055664,40046400.0
2019-06-25,28.020000457763672,28.020000457763672,27.3799991607666,27.760000228881836,23.540138244628906,46901300.0
2019-06-26,27.940000534057617,28.18000030517578,27.850000381469727,27.90999984741211,23.667333602905273,42312300.0
2019-06-27,28.079999923706055,28.31999969482422,28.059999465942383,28.209999084472656,23.921730041503906,35575600.0
2019-06-28,29.010000228881836,29.270000457763672,28.729999542236328,29.0,24.591638565063477,101856900.0
2019-07-01,29.479999542236328,29.850000381469727,29.25,29.420000076293945,24.947792053222656,48029900.0
2019-07-02,29.34000015258789,29.43000030517578,28.93000030517578,29.149999618530273,24.71883773803711,32263500.0
2019-07-03,29.190000534057617,29.239999771118164,28.93000030517578,29.049999237060547,24.63404083251953,26642300.0
2019-07-04,29.190000534057617,29.239999771118164,28.93000030517578,29.049999237060547,24.63404083251953,26642300.0
2019-07-05,29.360000610351562,29.56999969482422,29.149999618530273,29.260000228881836,24.812114715576172,33092000.0
2019-07-08,29.010000228881836,29.299999237060547,28.940000534057617,29.200000762939453,24.7612361907959,30924400.0
2019-07-09,28.969999313354492,29.420000076293945,28.940000534057617,29.350000381469727,24.888439178466797,28750100.0
2019-07-10,29.170000076293945,29.399999618530273,28.959999084472656,29.020000457763672,24.608598709106445,40574800.0
2019-07-11,29.100000381469727,29.5,29.030000686645508,29.360000610351562,24.896909713745117,37376800.0
2019-07-12,29.440000534057617,29.530000686645508,29.360000610351562,29.450000762939453,24.973230361938477,29632900.0
2019-07-15,29.5,29.530000686645508,29.079999923706055,29.219999313354492,24.7781982421875,46462100.0
2019-07-16,29.170000076293945,29.200000762939453,28.860000610351562,28.989999771118164,24.58316421508789,54920400.0
2019-07-17,29.100000381469727,29.6200008392334,29.0,29.190000534057617,24.75275993347168,84958300.0
2019-07-18,29.280000686645508,29.579999923706055,29.18000030517578,29.479999542236328,24.998680114746094,49468800.0
2019-07-19,29.540000915527344,29.610000610351562,29.3799991607666,29.399999618530273,24.930837631225586,44863200.0
2019-07-22,29.290000915527344,29.610000610351562,29.280000686645508,29.56999969482422,25.07499122619629,31224300.0
2019-07-23,29.75,30.280000686645508,29.700000762939453,30.25,25.65162467956543,64030300.0
2019-07-24,30.06999969482422,30.75,30.040000915527344,30.670000076293945,26.00778579711914,53171900.0
2019-07-25,30.739999771118164,30.889999389648438,30.209999084472656,30.34000015258789,25.727943420410156,43251900.0
2019-07-26,30.56999969482422,30.989999771118164,30.420000076293945,30.770000457763672,26.092578887939453,46978800.0
2019-07-29,30.719999313354492,30.850000381469727,30.489999771118164,30.520000457763672,25.880582809448242,39176700.0
2019-07-30,30.209999084472656,30.899999618530273,30.149999618530273,30.889999389648438,26.194337844848633,37598300.0
2019-07-31,30.829999923706055,31.059999465942383,30.59000015258789,30.68000030517578,26.016260147094727,60607600.0
2019-08-01,30.549999237060547,31.06999969482422,29.360000610351562,29.489999771118164,25.007156372070312,76913400.0
2019-08-02,29.360000610351562,29.5,28.90999984741211,29.3799991607666,24.91387367248535,57492300.0
2019-08-05,28.530000686645508,28.639999389648438,27.709999084472656,28.079999923706055,23.811491012573242,96207700.0
2019-08-06,28.40999984741211,28.489999771118164,27.690000534057617,28.420000076293945,24.099807739257812,65115800.0
2019-08-07,27.610000610351562,27.93000030517578,27.1200008392334,27.889999389648438,23.65036964416504,75388500.0
2019-08-08,28.110000610351562,28.489999771118164,28.06999969482422,28.3799991607666,24.065881729125977,53141900.0
2019-08-09,28.270000457763672,28.520000457763672,27.969999313354492,28.329999923706055,24.02349090576172,53499600.0
2019-08-12,27.829999923706055,27.850000381469727,27.459999084472656,27.639999389648438,23.438379287719727,55674700.0
2019-08-13,27.56999969482422,28.25,27.3799991607666,27.719999313354492,23.50621223449707,69919200.0
2019-08-14,26.940000534057617,27.079999923706055,26.280000686645508,26.420000076293945,22.403833389282227,106591700.0
2019-08-15,26.579999923706055,26.829999923706055,26.209999084472656,26.25,22.259672164916992,70192000.0
2019-08-16,26.530000686645508,27.1200008392334,26.440000534057617,27.030000686645508,22.921104431152344,70841700.0
2019-08-19,27.639999389648438,27.700000762939453,27.139999389648438,27.270000457763672,23.124622344970703,44964800.0
2019-08-20,27.020000457763672,27.059999465942383,26.700000762939453,26.719999313354492,22.65822410583496,47665000.0
2019-08-21,26.93000030517578,27.079999923706055,26.790000915527344,26.93000030517578,22.836305618286133,47785400.0
2019-08-22,27.09000015258789,27.299999237060547,26.959999084472656,27.190000534057617,23.056785583496094,49353700.0
2019-08-23,26.950000762939453,27.219999313354492,26.260000228881836,26.469999313354492,22.446226119995117,81880700.0
2019-08-26,26.700000762939453,26.799999237060547,26.489999771118164,26.780000686645508,22.709104537963867,41499100.0
2019-08-27,26.860000610351562,26.899999618530273,26.280000686645508,26.469999313354492,22.446226119995117,52517000.0
2019-08-28,26.219999313354492,27.079999923706055,26.209999084472656,26.850000381469727,22.768468856811523,45897900.0
2019-08-29,27.0,27.450000762939453,26.920000076293945,27.329999923706055,23.17550277709961,55432900.0
2019-08-30,27.5,27.690000534057617,27.350000381469727,27.510000228881836,23.32814598083496,41326200.0
2019-09-02,27.5,27.690000534057617,27.350000381469727,27.510000228881836,23.32814598083496,41326200.0
2019-09-03,27.209999084472656,27.229999542236328,26.610000610351562,27.049999237060547,22.938064575195312,50743100.0
2019-09-04,27.31999969482422,27.579999923706055,27.15999984741211,27.489999771118164,23.31117820739746,40862500.0
2019-09-05,27.850000381469727,28.43000030517578,27.799999237060547,28.1200008392334,24.00257682800293,63413700.0
2019-09-06,28.020000457763672,28.09000015258789,27.56999969482422,27.729999542236328,23.6696834564209,56054100.0
2019-09-09,28.0,28.850000381469727,27.969999313354492,28.6299991607666,24.437898635864258,68629300.0
2019-09-10,28.889999389648438,29.350000381469727,28.809999465942383,29.350000381469727,25.052473068237305,71066200.0
2019-09-11,29.3700008392334,29.469999313354492,28.899999618530273,29.459999084472656,25.1463680267334,53982200.0
2019-09-12,29.219999313354492,29.799999237060547,28.90999984741211,29.670000076293945,25.325618743896484,72943900.0
2019-09-13,30.0,30.31999969482422,29.8700008392334,30.170000076293945,25.75240707397461,79657000.0
2019-09-16,29.68000030517578,30.170000076293945,29.639999389648438,30.1299991607666,25.718263626098633,43391300.0
2019-09-17,29.850000381469727,30.020000457763672,29.59000015258789,29.940000534057617,25.556081771850586,48284900.0
2019-09-18,29.770000457763672,30.149999618530273,29.549999237060547,30.0,25.607297897338867,66640400.0
2019-09-19,30.0,30.100000381469727,29.75,29.81999969482422,25.453655242919922,43035700.0
2019-09-20,29.969999313354492,30.1299991607666,29.56999969482422,29.59000015258789,25.257333755493164,167269000.0
2019-09-23,29.309999465942383,29.6200008392334,29.170000076293945,29.520000457763672,25.197586059570312,52048300.0
2019-09-24,29.600000381469727,29.639999389648438,28.739999771118164,28.940000534057617,24.702510833740234,64806900.0
2019-09-25,28.780000686645508,29.40999984741211,28.780000686645508,29.25,24.967113494873047,45807700.0
2019-09-26,29.209999084472656,29.329999923706055,29.049999237060547,29.1299991607666,24.864688873291016,33198100.0
2019-09-27,29.40999984741211,29.709999084472656,29.209999084472656,29.350000381469727,25.052473068237305,41336600.0
2019-09-30,29.489999771118164,29.520000457763672,29.079999923706055,29.170000076293945,24.898826599121094,39191000.0
2019-10-01,29.440000534057617,29.510000228881836,28.40999984741211,28.440000534057617,24.27572250366211,49434400.0
2019-10-02,28.200000762939453,28.299999237060547,27.809999465942383,27.84000015258789,23.76357078552246,52293100.0
2019-10-03,27.760000228881836,27.8799991607666,27.15999984741211,27.809999465942383,23.737966537475586,53015800.0
2019-10-04,27.850000381469727,28.399999618530273,27.84000015258789,28.3700008392334,24.215965270996094,42641800.0
2019-10-07,28.329999923706055,28.6200008392334,28.18000030517578,28.309999465942383,24.164756774902344,36742400.0
2019-10-08,27.8700008392334,27.920000076293945,27.459999084472656,27.6299991607666,23.584325790405273,58201100.0
2019-10-09,27.829999923706055,28.06999969482422,27.75,27.889999389648438,23.806251525878906,37511400.0
2019-10-10,28.040000915527344,28.75,28.040000915527344,28.450000762939453,24.284263610839844,48239300.0
2019-10-11,28.989999771118164,29.34000015258789,28.860000610351562,28.90999984741211,24.676902770996094,70008600.0
2019-10-14,28.739999771118164,29.15999984741211,28.729999542236328,29.139999389648438,24.873226165771484,36040100.0
2019-10-15,29.34000015258789,30.239999771118164,29.110000610351562,29.729999542236328,25.376834869384766,78656000.0
2019-10-16,30.3700008392334,30.719999313354492,30.149999618530273,30.170000076293945,25.75240707397461,87131700.0
2019-10-17,30.299999237060547,30.540000915527344,30.0,30.260000228881836,25.82923126220703,55575900.0
2019-10-18,30.1299991607666,30.489999771118164,30.100000381469727,30.350000381469727,25.906049728393555,48872900.0
2019-10-21,30.670000076293945,31.149999618530273,30.6299991607666,31.020000457763672,26.477947235107422,61087400.0
2019-10-22,30.969999313354492,31.3700008392334,30.75,31.200000762939453,26.631591796875,58662100.0
2019-10-23,31.1299991607666,31.440000534057617,31.09000015258789,31.420000076293945,26.819379806518555,47771200.0
2019-10-24,31.450000762939453,31.520000457763672,31.200000762939453,31.360000610351562,26.768163681030273,39491000.0
2019-10-25,31.360000610351562,31.850000381469727,31.34000015258789,31.719999313354492,27.075454711914062,43702000.0
2019-10-28,31.969999313354492,32.22999954223633,31.739999771118164,31.84000015258789,27.177886962890625,58790300.0
2019-10-29,31.940000534057617,32.13999938964844,31.809999465942383,32.06999969482422,27.374208450317383,48266600.0
2019-10-30,32.0099983215332,32.0099983215332,31.530000686645508,31.6200008392334,26.990097045898438,45262400.0
2019-10-31,31.40999984741211,31.6200008392334,30.81999969482422,31.270000457763672,26.69133949279785,49430900.0
2019-11-01,31.700000762939453,31.84000015258789,31.3700008392334,31.799999237060547,27.143733978271484,41985300.0
2019-11-04,32.2400016784668,32.5,32.099998474121094,32.400001525878906,27.655887603759766,54228600.0
2019-11-05,32.5099983215332,33.09000015258789,32.5,32.81999969482422,28.014385223388672,68785600.0
2019-11-06,32.7599983215332,33.060001373291016,32.66999816894531,32.790000915527344,27.988779067993164,47524500.0
2019-11-07,33.11000061035156,33.599998474121094,33.0099983215332,33.22999954223633,28.364356994628906,68310700.0
2019-11-08,33.06999969482422,33.27000045776367,32.93000030517578,33.2599983215332,28.38996124267578,38724000.0
2019-11-11,33.029998779296875,33.25,32.970001220703125,33.18000030517578,28.321674346923828,27784000.0
2019-11-12,33.130001068115234,33.31999969482422,32.9900016784668,33.09000015258789,28.244850158691406,37282200.0
2019-11-13,32.720001220703125,32.88999938964844,32.47999954223633,32.790000915527344,27.988779067993164,48887800.0
2019-11-14,32.689998626708984,32.86000061035156,32.4900016784668,32.70000076293945,27.911956787109375,35554600.0
2019-11-15,32.91999816894531,32.959999084472656,32.70000076293945,32.93000030517578,28.108280181884766,36398300.0
2019-11-18,32.86000061035156,33.029998779296875,32.75,32.959999084472656,28.133886337280273,31133700.0
2019-11-19,33.119998931884766,33.150001525878906,32.81999969482422,32.939998626708984,28.1168155670166,33183700.0
2019-11-20,32.790000915527344,32.83000183105469,32.41999816894531,32.689998626708984,27.903419494628906,43612200.0
2019-11-21,32.779998779296875,33.040000915527344,32.630001068115234,32.84000015258789,28.03145408630371,42787600.0
2019-11-22,32.959999084472656,33.31999969482422,32.939998626708984,33.18000030517578,28.321674346923828,38783900.0
2019-11-25,33.33000183105469,33.5099983215332,33.2599983215332,33.470001220703125,28.569215774536133,50238800.0
2019-11-26,33.380001068115234,33.400001525878906,33.119998931884766,33.349998474121094,28.466781616210938,50626600.0
2019-11-27,33.4900016784668,33.599998474121094,33.310001373291016,33.41999816894531,28.526521682739258,32097700.0
2019-11-28,33.4900016784668,33.599998474121094,33.310001373291016,33.41999816894531,28.526521682739258,32097700.0
2019-11-29,33.369998931884766,33.52000045776367,33.2400016784668,33.31999969482422,28.441173553466797,19503400.0
2019-12-02,33.45000076293945,33.75,33.34000015258789,33.43000030517578,28.535066604614258,47158800.0
2019-12-03,32.869998931884766,32.900001525878906,32.54999923706055,32.84000015258789,28.03145408630371,58745100.0
2019-12-04,33.08000183105469,33.29999923706055,32.849998474121094,33.150001525878906,28.296064376831055,46637900.0
2019-12-05,33.15999984741211,33.220001220703125,33.0,33.09000015258789,28.399057388305664,38304500.0
2019-12-06,33.68000030517578,33.79999923706055,33.56999969482422,33.66999816894531,28.896831512451172,50908500.0
2019-12-09,33.5,33.70000076293945,33.439998626708984,33.5099983215332,28.759510040283203,32974500.0
2019-12-10,33.400001525878906,33.630001068115234,33.29999923706055,33.529998779296875,28.77667808532715,41960100.0
2019-12-11,33.47999954223633,33.7599983215332,33.47999954223633,33.63999938964844,28.871084213256836,43107800.0
2019-12-12,33.779998779296875,34.810001373291016,33.68000030517578,34.68000030517578,29.76364517211914,64942500.0
2019-12-13,34.689998626708984,34.959999084472656,34.349998474121094,34.439998626708984,29.557668685913086,48539600.0
2019-12-16,34.95000076293945,35.09000015258789,34.70000076293945,34.70000076293945,29.780818939208984,50777100.0
2019-12-17,34.849998474121094,35.27000045776367,34.7400016784668,35.040000915527344,30.07262420654297,50840500.0
2019-12-18,35.11000061035156,35.27000045776367,35.04999923706055,35.11000061035156,30.13269805908203,48757900.0
2019-12-19,35.150001525878906,35.22999954223633,34.88999938964844,34.95000076293945,29.99537467956543,45409500.0
2019-12-20,35.2400016784668,35.2400016784668,34.90999984741211,34.959999084472656,30.003950119018555,109395500.0
2019-12-23,35.040000915527344,35.189998626708984,34.95000076293945,35.16999816894531,30.184179306030273,33995400.0
2019-12-24,35.189998626708984,35.279998779296875,35.119998931884766,35.220001220703125,30.227100372314453,13805400.0
2019-12-25,35.189998626708984,35.279998779296875,35.119998931884766,35.220001220703125,30.227100372314453,13805400.0
2019-12-26,35.31999969482422,35.560001373291016,35.290000915527344,35.52000045776367,30.48457145690918,26992100.0
2019-12-27,35.70000076293945,35.720001220703125,35.2599983215332,35.349998474121094,30.338672637939453,28111300.0
2019-12-30,35.56999969482422,35.650001525878906,35.09000015258789,35.150001525878906,30.167020797729492,30705100.0
2019-12-31,35.029998779296875,35.2599983215332,34.970001220703125,35.220001220703125,30.227100372314453,29630100.0
2020-01-01,35.029998779296875,35.2599983215332,34.970001220703125,35.220001220703125,30.227100372314453,29630100.0
2020-01-02,35.349998474121094,35.65999984741211,35.290000915527344,35.63999938964844,30.587560653686523,37614200.0
2020-01-03,34.97999954223633,35.150001525878906,34.7599983215332,34.900001525878906,29.95246696472168,50357900.0
2020-01-06,34.40999984741211,34.900001525878906,34.369998931884766,34.849998474121094,29.909547805786133,42185000.0
2020-01-07,34.70000076293945,34.91999816894531,34.529998779296875,34.619998931884766,29.712156295776367,34149000.0
2020-01-08,34.56999969482422,35.189998626708984,34.54999923706055,34.970001220703125,30.012537002563477,45311600.0
2020-01-09,35.29999923706055,35.33000183105469,34.939998626708984,35.029998779296875,30.06403160095215,39861600.0
2020-01-10,35.0,35.06999969482422,34.65999984741211,34.7400016784668,29.81515121459961,39730400.0
2020-01-13,34.84000015258789,35.06999969482422,34.65999984741211,35.060001373291016,30.089786529541016,37956100.0
2020-01-14,35.29999923706055,35.66999816894531,35.11000061035156,35.31999969482422,30.31292152404785,66719300.0
2020-01-15,34.77000045776367,34.790000915527344,34.34000015258789,34.66999816894531,29.755067825317383,74745500.0
2020-01-16,34.900001525878906,34.9900016784668,34.599998474121094,34.720001220703125,29.797990798950195,50368500.0
2020-01-17,34.91999816894531,34.95000076293945,34.599998474121094,34.709999084472656,29.789400100708008,54156100.0
2020-01-20,34.91999816894531,34.95000076293945,34.599998474121094,34.709999084472656,29.789400100708008,54156100.0
2020-01-21,34.41999816894531,34.52000045776367,34.220001220703125,34.2599983215332,29.403196334838867,50811000.0
2020-01-22,34.369998931884766,34.45000076293945,34.22999954223633,34.36000061035156,29.489011764526367,38879700.0
2020-01-23,34.09000015258789,34.2599983215332,33.72999954223633,34.119998931884766,29.283029556274414,45717100.0
2020-01-24,34.119998931884766,34.13999938964844,33.27000045776367,33.540000915527344,28.785263061523438,47797200.0
2020-01-27,32.56999969482422,33.130001068115234,32.470001220703125,32.849998474121094,28.193077087402344,57096200.0
2020-01-28,33.02000045776367,33.4900016784668,32.95000076293945,33.2400016784668,28.527795791625977,38834600.0
2020-01-29,33.33000183105469,33.439998626708984,32.97999954223633,33.0099983215332,28.330392837524414,37414700.0
2020-01-30,32.70000076293945,33.52000045776367,32.66999816894531,33.47999954223633,28.7337703704834,50542800.0
2020-01-31,33.06999969482422,33.16999816894531,32.650001525878906,32.83000183105469,28.175912857055664,54845300.0
2020-02-03,33.0,33.400001525878906,32.91999816894531,32.970001220703125,28.296064376831055,48485500.0
2020-02-04,33.560001373291016,33.900001525878906,33.529998779296875,33.619998931884766,28.85392189025879,45061600.0
2020-02-05,34.099998474121094,34.810001373291016,34.06999969482422,34.709999084472656,29.789400100708008,54604800.0
2020-02-06,34.939998626708984,35.0099983215332,34.599998474121094,34.66999816894531,29.755067825317383,39511500.0
2020-02-07,34.31999969482422,34.65999984741211,34.2400016784668,34.61000061035156,29.703571319580078,31263000.0
2020-02-10,34.439998626708984,34.689998626708984,34.380001068115234,34.689998626708984,29.77223777770996,24373800.0
2020-02-11,34.849998474121094,35.040000915527344,34.7599983215332,34.77000045776367,29.840892791748047,32476300.0
2020-02-12,35.08000183105469,35.45000076293945,34.779998779296875,34.91999816894531,29.969629287719727,36656700.0
2020-02-13,34.7599983215332,35.029998779296875,34.54999923706055,34.90999984741211,29.961040496826172,31775100.0
2020-02-14,34.880001068115234,34.959999084472656,34.70000076293945,34.849998474121094,29.909547805786133,26447700.0
2020-02-17,34.880001068115234,34.959999084472656,34.70000076293945,34.849998474121094,29.909547805786133,26447700.0
2020-02-18,34.77000045776367,34.83000183105469,34.0099983215332,34.27000045776367,29.411771774291992,40318000.0
2020-02-19,34.45000076293945,34.849998474121094,34.40999984741211,34.720001220703125,29.797990798950195,29632100.0
2020-02-20,34.459999084472656,35.08000183105469,34.459999084472656,34.849998474121094,29.909547805786133,42604100.0
2020-02-21,34.529998779296875,34.63999938964844,34.13999938964844,34.36000061035156,29.489011764526367,46675500.0
2020-02-24,33.18000030517578,33.209999084472656,32.52000045776367,32.72999954223633,28.090087890625,79159600.0
2020-02-25,32.689998626708984,32.7599983215332,30.84000015258789,31.079999923706055,26.674001693725586,91586800.0
2020-02-26,31.389999389648438,31.600000381469727,30.559999465942383,30.6299991607666,26.28779411315918,80012800.0
2020-02-27,29.549999237060547,30.299999237060547,28.90999984741211,29.1299991607666,25.00043487548828,121148300.0
2020-02-28,28.0,28.75,27.700000762939453,28.5,24.459749221801758,171198800.0
2020-03-02,28.350000381469727,29.3799991607666,27.440000534057617,29.3700008392334,25.20641326904297,147776300.0
2020-03-03,29.3700008392334,29.75,27.6200008392334,27.75,23.816070556640625,138698500.0
2020-03-04,28.25,28.420000076293945,27.399999618530273,28.389999389648438,24.365341186523438,111239800.0
2020-03-05,27.239999771118164,27.350000381469727,26.399999618530273,26.780000686645508,23.130231857299805,110878700.0
2020-03-06,25.469999313354492,26.209999084472656,25.100000381469727,25.709999084472656,22.2060604095459,119121200.0
2020-03-09,22.229999542236328,23.489999771118164,21.510000228881836,21.93000030517578,18.94122314453125,145196000.0
2020-03-10,23.25,23.68000030517578,21.59000015258789,23.610000610351562,20.392263412475586,134863600.0
2020-03-11,22.84000015258789,23.959999084472656,22.260000228881836,22.670000076293945,19.580373764038086,127347000.0
2020-03-12,20.59000015258789,22.8700008392334,20.149999618530273,20.510000228881836,17.714752197265625,139552600.0
2020-03-13,22.190000534057617,24.25,21.479999542236328,24.15999984741211,20.867305755615234,128357400.0
2020-03-16,19.850000381469727,21.729999542236328,19.579999923706055,20.440000534057617,17.6542911529541,121688800.0
2020-03-17,21.059999465942383,22.690000534057617,20.030000686645508,21.979999542236328,18.98441505432129,120065700.0
2020-03-18,20.270000457763672,20.969999313354492,19.700000762939453,20.790000915527344,17.956588745117188,148272500.0
2020-03-19,20.260000228881836,21.75,19.0,21.200000762939453,18.31071662902832,122461300.0
2020-03-20,21.760000228881836,21.84000015258789,19.559999465942383,19.670000076293945,16.989233016967773,150910400.0
2020-03-23,19.260000228881836,19.670000076293945,17.950000762939453,18.079999923706055,15.615933418273926,181898500.0
2020-03-24,19.420000076293945,21.149999618530273,19.010000228881836,21.030000686645508,18.16388702392578,147882400.0
2020-03-25,21.709999084472656,22.100000381469727,20.40999984741211,21.100000381469727,18.224346160888672,146991300.0
2020-03-26,21.309999465942383,22.950000762939453,21.170000076293945,22.719999313354492,19.62355613708496,116111400.0
2020-03-27,21.68000030517578,22.200000762939453,21.100000381469727,21.600000381469727,18.65620231628418,91522800.0
2020-03-30,21.649999618530273,22.350000381469727,21.270000457763672,22.040000915527344,19.036231994628906,80449100.0
2020-03-31,21.81999969482422,22.489999771118164,20.959999084472656,21.229999542236328,18.336626052856445,95213700.0
2020-04-01,19.93000030517578,20.350000381469727,19.510000228881836,19.770000457763672,17.075607299804688,83961300.0
2020-04-02,19.649999618530273,20.790000915527344,19.59000015258789,20.56999969482422,17.76657485961914,70007400.0
2020-04-03,20.399999618530273,20.739999771118164,19.68000030517578,20.030000686645508,17.3001708984375,68293500.0
2020-04-06,21.030000686645508,21.600000381469727,20.809999465942383,21.389999389648438,18.474821090698242,97766200.0
2020-04-07,22.799999237060547,22.8799991607666,21.850000381469727,22.139999389648438,19.122602462768555,94560300.0
2020-04-08,22.40999984741211,23.600000381469727,22.40999984741211,23.450000762939453,20.254066467285156,81212300.0
2020-04-09,24.06999969482422,25.31999969482422,24.049999237060547,24.860000610351562,21.471904754638672,125275700.0
2020-04-10,24.06999969482422,25.31999969482422,24.049999237060547,24.860000610351562,21.471904754638672,125275700.0
2020-04-13,24.780000686645508,24.850000381469727,23.780000686645508,23.920000076293945,20.660017013549805,83164700.0
2020-04-14,24.5,24.649999618530273,23.100000381469727,23.729999542236328,20.495906829833984,88991100.0
2020-04-15,22.15999984741211,22.649999618530273,21.90999984741211,22.190000534057617,19.16579246520996,99082200.0
2020-04-16,22.149999618530273,22.209999084472656,21.09000015258789,21.420000076293945,18.500730514526367,89213300.0
2020-04-17,22.34000015258789,23.399999618530273,22.309999465942383,23.280000686645508,20.107240676879883,92800300.0
2020-04-20,22.56999969482422,23.1299991607666,22.18000030517578,22.5,19.433544158935547,74446300.0
2020-04-21,21.899999618530273,22.3700008392334,21.5,21.639999389648438,18.69074821472168,78871300.0
2020-04-22,22.15999984741211,22.229999542236328,21.75,21.799999237060547,18.828947067260742,49669500.0
2020-04-23,21.959999084472656,22.389999389648438,21.850000381469727,21.8700008392334,18.889400482177734,50614800.0
2020-04-24,22.110000610351562,22.299999237060547,21.670000076293945,22.18000030517578,19.157155990600586,47633500.0
2020-04-27,22.520000457763672,23.649999618530273,22.450000762939453,23.469999313354492,20.271345138549805,66916700.0
2020-04-28,24.450000762939453,24.809999465942383,23.850000381469727,23.889999389648438,20.63410186767578,65504900.0
2020-04-29,24.90999984741211,25.110000610351562,24.510000228881836,24.780000686645508,21.402801513671875,73493900.0
2020-04-30,24.209999084472656,24.3799991607666,23.850000381469727,24.049999237060547,20.772294998168945,55244100.0
2020-05-01,23.3799991607666,23.459999084472656,22.809999465942383,23.079999923706055,19.934492111206055,51772600.0
2020-05-04,22.700000762939453,22.989999771118164,22.43000030517578,22.93000030517578,19.804935455322266,45886100.0
2020-05-05,23.479999542236328,23.520000457763672,22.6200008392334,22.65999984741211,19.57172966003418,45691900.0
2020-05-06,23.0,23.079999923706055,22.229999542236328,22.350000381469727,19.303985595703125,53874600.0
2020-05-07,22.65999984741211,23.3700008392334,22.610000610351562,22.84000015258789,19.727203369140625,51884300.0
2020-05-08,23.469999313354492,23.6200008392334,23.25,23.56999969482422,20.35771369934082,45181000.0
2020-05-11,23.110000610351562,23.1200008392334,22.559999465942383,22.579999923706055,19.50263786315918,68951800.0
2020-05-12,22.709999084472656,22.81999969482422,21.850000381469727,21.8700008392334,18.889400482177734,69588700.0
2020-05-13,21.65999984741211,21.75,20.719999313354492,20.8700008392334,18.025686264038086,112113400.0
2020-05-14,20.290000915527344,21.790000915527344,20.100000381469727,21.709999084472656,18.751211166381836,88359100.0
2020-05-15,21.399999618530273,21.700000762939453,21.229999542236328,21.440000534057617,18.518003463745117,64484000.0
2020-05-18,22.420000076293945,23.059999465942383,22.06999969482422,22.93000030517578,19.804935455322266,86589400.0
2020-05-19,22.65999984741211,23.0,22.190000534057617,22.209999084472656,19.183063507080078,62179000.0
2020-05-20,22.68000030517578,23.0,22.639999389648438,22.90999984741211,19.787660598754883,59789500.0
2020-05-21,22.809999465942383,23.270000457763672,22.780000686645508,22.899999618530273,19.779024124145508,57726000.0
2020-05-22,22.93000030517578,22.950000762939453,22.459999084472656,22.65999984741211,19.57172966003418,48107000.0
2020-05-25,22.93000030517578,22.950000762939453,22.459999084472656,22.65999984741211,19.57172966003418,48107000.0
2020-05-26,23.75,24.600000381469727,23.700000762939453,24.280000686645508,20.970949172973633,119485500.0
2020-05-27,26.06999969482422,26.170000076293945,24.969999313354492,25.979999542236328,22.439258575439453,117672700.0
2020-05-28,26.079999923706055,26.139999389648438,24.790000915527344,24.860000610351562,21.471904754638672,84340800.0
2020-05-29,24.420000076293945,24.90999984741211,24.059999465942383,24.1200008392334,20.832754135131836,113811100.0
2020-06-01,24.280000686645508,24.8700008392334,24.049999237060547,24.610000610351562,21.2559757232666,58375500.0
2020-06-02,24.959999084472656,25.389999389648438,24.559999465942383,24.84000015258789,21.454631805419922,71118100.0
2020-06-03,25.5,26.139999389648438,25.389999389648438,25.989999771118164,22.44790267944336,86744600.0
2020-06-04,25.709999084472656,26.829999923706055,25.56999969482422,26.780000686645508,23.291542053222656,94545300.0
2020-06-05,28.950000762939453,29.010000228881836,27.8799991607666,28.110000610351562,24.448291778564453,118767900.0
2020-06-08,28.59000015258789,28.899999618530273,28.139999389648438,28.540000915527344,24.822280883789062,79598500.0
2020-06-09,27.719999313354492,28.540000915527344,27.549999237060547,28.219999313354492,24.543962478637695,77773400.0
2020-06-10,27.969999313354492,28.100000381469727,26.510000228881836,26.600000381469727,23.134990692138672,90415300.0
2020-06-11,24.979999542236328,25.690000534057617,23.68000030517578,23.93000030517578,20.812795639038086,149875500.0
2020-06-12,25.030000686645508,25.049999237060547,24.040000915527344,24.780000686645508,21.55206871032715,73729700.0
2020-06-15,23.760000228881836,25.170000076293945,23.690000534057617,25.149999618530273,21.873868942260742,76538900.0
2020-06-16,26.18000030517578,26.239999771118164,24.860000610351562,25.799999237060547,22.439199447631836,96796500.0
2020-06-17,25.899999618530273,25.899999618530273,24.920000076293945,25.0,21.7434139251709,58349500.0
2020-06-18,24.700000762939453,25.489999771118164,24.579999923706055,25.040000915527344,21.778202056884766,53419000.0
2020-06-19,25.440000534057617,25.489999771118164,24.489999771118164,25.25,21.960847854614258,127563600.0
2020-06-22,24.889999389648438,25.030000686645508,24.610000610351562,24.6200008392334,21.412918090820312,55484300.0
2020-06-23,25.010000228881836,25.40999984741211,24.760000228881836,24.790000915527344,21.56077003479004,46108300.0
2020-06-24,24.540000915527344,24.540000915527344,23.68000030517578,23.809999465942383,20.70842742919922,75437100.0
2020-06-25,23.700000762939453,24.770000457763672,23.549999237060547,24.719999313354492,21.49988555908203,65031900.0
2020-06-26,24.09000015258789,24.110000610351562,23.020000457763672,23.149999618530273,20.1344051361084,118139200.0
2020-06-29,23.40999984741211,23.84000015258789,23.100000381469727,23.389999389648438,20.343141555786133,66269200.0
2020-06-30,23.200000762939453,23.90999984741211,23.100000381469727,23.75,20.656248092651367,61716200.0
2020-07-01,24.030000686645508,24.06999969482422,23.229999542236328,23.260000228881836,20.230070114135742,57379900.0
2020-07-02,23.84000015258789,23.989999771118164,23.219999313354492,23.290000915527344,20.256162643432617,56000200.0
2020-07-03,23.84000015258789,23.989999771118164,23.219999313354492,23.290000915527344,20.256162643432617,56000200.0
2020-07-06,23.81999969482422,24.079999923706055,23.459999084472656,23.65999984741211,20.577964782714844,59589000.0
2020-07-07,23.3799991607666,23.389999389648438,22.899999618530273,23.010000228881836,20.012632369995117,60645800.0
2020-07-08,23.030000686645508,23.190000534057617,22.700000762939453,23.100000381469727,20.090911865234375,52922600.0
2020-07-09,22.940000534057617,23.15999984741211,22.389999389648438,22.770000457763672,19.803903579711914,79385900.0
2020-07-10,22.709999084472656,24.049999237060547,22.68000030517578,24.020000457763672,20.891075134277344,81142900.0
2020-07-13,24.3700008392334,24.510000228881836,23.860000610351562,24.190000534057617,21.0389347076416,73598100.0
2020-07-14,23.889999389648438,24.149999618530273,23.450000762939453,24.139999389648438,20.99543571472168,67423100.0
2020-07-15,24.760000228881836,24.8700008392334,24.280000686645508,24.600000381469727,21.395519256591797,57384400.0
2020-07-16,23.75,24.219999313354492,23.540000915527344,23.93000030517578,20.812795639038086,78067100.0
2020-07-17,23.8799991607666,23.979999542236328,23.200000762939453,23.219999313354492,20.195283889770508,66659100.0
2020-07-20,23.190000534057617,23.700000762939453,23.110000610351562,23.579999923706055,20.508392333984375,61114000.0
2020-07-21,23.709999084472656,24.479999542236328,23.690000534057617,24.420000076293945,21.238969802856445,75499300.0
2020-07-22,24.239999771118164,24.329999923706055,23.969999313354492,24.309999465942383,21.14329719543457,52193700.0
2020-07-23,24.520000457763672,24.639999389648438,24.110000610351562,24.540000915527344,21.34333610534668,61047600.0
2020-07-24,24.559999465942383,24.829999923706055,24.270000457763672,24.350000381469727,21.178085327148438,50217600.0
2020-07-27,24.219999313354492,24.270000457763672,23.8799991607666,24.139999389648438,20.99543571472168,54721300.0
2020-07-28,24.1299991607666,24.559999465942383,24.079999923706055,24.360000610351562,21.186784744262695,48406500.0
2020-07-29,24.360000610351562,25.290000915527344,24.190000534057617,25.270000457763672,21.97824478149414,71393500.0
2020-07-30,24.719999313354492,24.950000762939453,24.350000381469727,24.84000015258789,21.604257583618164,61755900.0
2020-07-31,24.93000030517578,24.950000762939453,24.459999084472656,24.8799991607666,21.6390438079834,61955800.0
2020-08-03,25.030000686645508,25.309999465942383,24.690000534057617,24.989999771118164,21.734712600708008,58284000.0
2020-08-04,24.959999084472656,25.059999465942383,24.860000610351562,25.010000228881836,21.75210952758789,37985300.0
2020-08-05,25.31999969482422,25.59000015258789,25.25,25.389999389648438,22.082611083984375,51322600.0
2020-08-06,25.450000762939453,25.670000076293945,25.280000686645508,25.469999313354492,22.152189254760742,51999700.0
2020-08-07,25.34000015258789,26.190000534057617,25.260000228881836,26.110000610351562,22.708818435668945,63354500.0
2020-08-10,26.309999465942383,26.809999465942383,26.209999084472656,26.559999465942383,23.100202560424805,64051100.0
2020-08-11,27.280000686645508,27.75,26.780000686645508,26.920000076293945,23.413305282592773,81441000.0
2020-08-12,27.479999542236328,27.56999969482422,26.40999984741211,26.729999542236328,23.248058319091797,61971300.0
2020-08-13,26.489999771118164,26.670000076293945,26.139999389648438,26.350000381469727,22.917558670043945,55955500.0
2020-08-14,26.059999465942383,26.65999984741211,25.920000076293945,26.469999313354492,23.02192497253418,50931900.0
2020-08-17,26.309999465942383,26.40999984741211,25.84000015258789,25.899999618530273,22.526174545288086,57518700.0
2020-08-18,25.8700008392334,25.989999771118164,25.459999084472656,25.530000686645508,22.204376220703125,45850100.0
2020-08-19,25.65999984741211,26.079999923706055,25.389999389648438,25.5,22.178279876708984,59856000.0
2020-08-20,25.15999984741211,25.329999923706055,25.020000457763672,25.100000381469727,21.830387115478516,49403700.0
2020-08-21,24.979999542236328,25.43000030517578,24.899999618530273,24.979999542236328,21.726015090942383,55010700.0
2020-08-24,25.219999313354492,25.700000762939453,25.040000915527344,25.690000534057617,22.343530654907227,54579500.0
2020-08-25,26.040000915527344,26.190000534057617,25.729999542236328,26.0,22.6131534576416,57304700.0
2020-08-26,25.940000534057617,25.940000534057617,25.540000915527344,25.559999465942383,22.230464935302734,39478000.0
2020-08-27,25.489999771118164,26.219999313354492,25.440000534057617,26.049999237060547,22.656635284423828,52934800.0
2020-08-28,26.399999618530273,26.469999313354492,25.989999771118164,26.299999237060547,22.87407112121582,46466400.0
2020-08-31,26.09000015258789,26.139999389648438,25.690000534057617,25.739999771118164,22.387022018432617,49416200.0
2020-09-01,25.579999923706055,25.899999618530273,25.399999618530273,25.709999084472656,22.360925674438477,46109200.0
2020-09-02,25.530000686645508,26.15999984741211,25.489999771118164,26.020000457763672,22.63054656982422,57300900.0
2020-09-03,26.200000762939453,26.6200008392334,25.459999084472656,25.65999984741211,22.472900390625,86192500.0
2020-09-04,26.260000228881836,26.760000228881836,25.799999237060547,26.540000915527344,23.243602752685547,99621400.0
2020-09-07,26.260000228881836,26.760000228881836,25.799999237060547,26.540000915527344,23.243602752685547,99621400.0
2020-09-08,26.139999389648438,26.31999969482422,25.389999389648438,25.479999542236328,22.315263748168945,74978600.0
2020-09-09,25.639999389648438,25.719999313354492,25.229999542236328,25.510000228881836,22.34153175354004,53822700.0
2020-09-10,25.700000762939453,25.889999389648438,25.079999923706055,25.139999389648438,22.017486572265625,56609600.0
2020-09-11,25.219999313354492,25.579999923706055,25.09000015258789,25.5,22.332778930664062,47708300.0
2020-09-14,25.670000076293945,25.989999771118164,25.540000915527344,25.75,22.551725387573242,47802400.0
2020-09-15,25.770000457763672,25.829999923706055,25.190000534057617,25.280000686645508,22.14010238647461,63820200.0
2020-09-16,25.280000686645508,25.90999984741211,25.049999237060547,25.600000381469727,22.420360565185547,64598600.0
2020-09-17,25.1299991607666,25.479999542236328,25.100000381469727,25.350000381469727,22.201406478881836,48862000.0
2020-09-18,25.149999618530273,25.579999923706055,25.100000381469727,25.209999084472656,22.078792572021484,94055800.0
2020-09-21,24.56999969482422,24.780000686645508,24.030000686645508,24.469999313354492,21.430706024169922,75218600.0
2020-09-22,24.270000457763672,24.600000381469727,23.809999465942383,23.940000534057617,20.966535568237305,68665300.0
2020-09-23,24.100000381469727,24.260000228881836,23.260000228881836,23.260000228881836,20.37099266052246,59950300.0
2020-09-24,23.3799991607666,23.81999969482422,22.950000762939453,23.34000015258789,20.441057205200195,53570700.0
2020-09-25,23.280000686645508,23.549999237060547,23.1299991607666,23.489999771118164,20.572429656982422,42111300.0
2020-09-28,23.8799991607666,24.309999465942383,23.790000915527344,24.09000015258789,21.097904205322266,47996900.0
2020-09-29,23.979999542236328,23.989999771118164,23.530000686645508,23.770000457763672,20.81764793395996,45695200.0
2020-09-30,23.780000686645508,24.31999969482422,23.770000457763672,24.09000015258789,21.097904205322266,56226100.0
2020-10-01,24.270000457763672,24.40999984741211,23.860000610351562,24.100000381469727,21.106660842895508,44782200.0
2020-10-02,23.639999389648438,24.43000030517578,23.56999969482422,24.209999084472656,21.2029972076416,51682100.0
2020-10-05,24.520000457763672,24.709999084472656,24.3799991607666,24.6200008392334,21.56208038330078,44396800.0
2020-10-06,24.920000076293945,25.190000534057617,24.280000686645508,24.3700008392334,21.343130111694336,67541100.0
2020-10-07,24.6299991607666,25.110000610351562,24.600000381469727,24.8799991607666,21.789777755737305,47648000.0
2020-10-08,24.950000762939453,25.299999237060547,24.809999465942383,25.239999771118164,22.105066299438477,52080600.0
2020-10-09,25.34000015258789,25.489999771118164,25.040000915527344,25.360000610351562,22.210163116455078,44511500.0
2020-10-12,25.299999237060547,25.829999923706055,25.239999771118164,25.68000030517578,22.49041175842285,48362900.0
2020-10-13,25.639999389648438,25.68000030517578,24.84000015258789,24.950000762939453,21.851089477539062,61186900.0
2020-10-14,24.350000381469727,24.59000015258789,23.59000015258789,23.6200008392334,20.686283111572266,127409500.0
2020-10-15,23.59000015258789,24.200000762939453,23.479999542236328,24.149999618530273,21.150449752807617,66832400.0
2020-10-16,24.200000762939453,24.350000381469727,23.940000534057617,24.239999771118164,21.229270935058594,58357700.0
2020-10-19,24.299999237060547,24.31999969482422,23.690000534057617,23.719999313354492,20.773853302001953,51377900.0
2020-10-20,23.889999389648438,24.479999542236328,23.8799991607666,24.139999389648438,21.14168930053711,62476400.0
2020-10-21,24.219999313354492,24.34000015258789,24.010000228881836,24.049999237060547,21.062868118286133,41564900.0
2020-10-22,24.049999237060547,24.90999984741211,24.0,24.8700008392334,21.781024932861328,55402000.0
2020-10-23,25.239999771118164,25.260000228881836,24.709999084472656,24.899999618530273,21.807296752929688,51007400.0
2020-10-26,24.469999313354492,24.579999923706055,24.149999618530273,24.540000915527344,21.49201202392578,59450200.0
2020-10-27,24.290000915527344,24.389999389648438,23.809999465942383,23.850000381469727,20.88771629333496,55009300.0
2020-10-28,23.40999984741211,23.65999984741211,23.1200008392334,23.469999313354492,20.55490493774414,81942500.0
2020-10-29,23.360000610351562,23.75,23.1200008392334,23.540000915527344,20.61621856689453,57490400.0
2020-10-30,23.489999771118164,23.84000015258789,23.239999771118164,23.700000762939453,20.75634765625,66453400.0
2020-11-02,23.889999389648438,24.260000228881836,23.469999313354492,24.079999923706055,21.089143753051758,59756400.0
2020-11-03,24.579999923706055,24.940000534057617,24.510000228881836,24.690000534057617,21.623380661010742,65106200.0
2020-11-04,23.889999389648438,24.139999389648438,23.270000457763672,23.68000030517578,20.738826751708984,88845500.0
2020-11-05,23.899999618530273,24.790000915527344,23.860000610351562,24.610000610351562,21.553316116333008,74722600.0
2020-11-06,24.93000030517578,24.959999084472656,24.229999542236328,24.309999465942383,21.29058074951172,55454500.0
2020-11-09,26.600000381469727,28.270000457763672,26.299999237060547,27.760000228881836,24.31206703186035,178378800.0
2020-11-10,27.489999771118164,27.760000228881836,27.18000030517578,27.65999984741211,24.224491119384766,77694600.0
2020-11-11,27.75,27.770000457763672,27.1200008392334,27.34000015258789,23.944236755371094,48360900.0
2020-11-12,26.84000015258789,26.899999618530273,26.309999465942383,26.690000534057617,23.374969482421875,67912600.0
2020-11-13,26.8799991607666,27.209999084472656,26.760000228881836,27.0,23.646467208862305,52421000.0
2020-11-16,27.860000610351562,28.0,27.18000030517578,27.579999923706055,24.15443229675293,57396700.0
2020-11-17,27.25,27.600000381469727,27.010000228881836,27.549999237060547,24.12815284729004,46402300.0
2020-11-18,27.6299991607666,27.93000030517578,26.959999084472656,26.979999542236328,23.628952026367188,54416700.0
2020-11-19,26.93000030517578,27.010000228881836,26.649999618530273,26.979999542236328,23.628952026367188,46423000.0
2020-11-20,26.739999771118164,26.950000762939453,26.6299991607666,26.809999465942383,23.480064392089844,40538000.0
2020-11-23,27.110000610351562,27.520000457763672,27.059999465942383,27.389999389648438,23.988027572631836,45421200.0
2020-11-24,27.93000030517578,28.989999771118164,27.920000076293945,28.979999542236328,25.380544662475586,80387800.0
2020-11-25,28.709999084472656,29.040000915527344,28.479999542236328,29.030000686645508,25.42432975769043,57249900.0
2020-11-26,28.709999084472656,29.040000915527344,28.479999542236328,29.030000686645508,25.42432975769043,57249900.0
2020-11-27,28.969999313354492,29.100000381469727,28.809999465942383,28.989999771118164,25.389297485351562,25971600.0
2020-11-30,28.719999313354492,28.860000610351562,28.100000381469727,28.15999984741211,24.662391662597656,63567900.0
2020-12-01,28.739999771118164,29.040000915527344,28.670000076293945,28.690000534057617,25.12656593322754,50255100.0
2020-12-02,28.690000534057617,29.18000030517578,28.530000686645508,29.059999465942383,25.450603485107422,45257500.0
2020-12-03,28.940000534057617,29.100000381469727,28.6299991607666,28.90999984741211,25.477039337158203,54013700.0
2020-12-04,29.200000762939453,29.43000030517578,29.0,29.290000915527344,25.811920166015625,66188200.0
2020-12-07,28.899999618530273,29.149999618530273,28.690000534057617,29.09000015258789,25.635665893554688,42197800.0
2020-12-08,28.860000610351562,29.149999618530273,28.770000457763672,28.93000030517578,25.49466896057129,33869100.0
2020-12-09,29.25,29.25,28.75,28.799999237060547,25.380104064941406,54886300.0
2020-12-10,28.6299991607666,29.1299991607666,28.469999313354492,29.110000610351562,25.653295516967773,58859600.0
2020-12-11,28.68000030517578,28.75,28.299999237060547,28.56999969482422,25.177419662475586,40538400.0
2020-12-14,28.920000076293945,28.959999084472656,28.139999389648438,28.219999313354492,24.868972778320312,40267100.0
2020-12-15,28.350000381469727,28.81999969482422,28.25,28.639999389648438,25.239103317260742,43672700.0
2020-12-16,28.799999237060547,28.81999969482422,28.440000534057617,28.719999313354492,25.30960464477539,42463200.0
2020-12-17,28.709999084472656,28.920000076293945,28.530000686645508,28.829999923706055,25.40654182434082,43182700.0
2020-12-18,28.889999389648438,29.100000381469727,28.56999969482422,28.670000076293945,25.26554298400879,82817200.0
2020-12-21,29.100000381469727,29.989999771118164,28.729999542236328,29.739999771118164,26.20848274230957,93397400.0
2020-12-22,29.780000686645508,29.780000686645508,29.170000076293945,29.209999084472656,25.741416931152344,39054300.0
2020-12-23,29.389999389648438,30.350000381469727,29.329999923706055,30.049999237060547,26.481672286987305,52537200.0
2020-12-24,30.270000457763672,30.270000457763672,29.739999771118164,29.959999084472656,26.402359008789062,22632300.0
2020-12-25,30.270000457763672,30.270000457763672,29.739999771118164,29.959999084472656,26.402359008789062,22632300.0
2020-12-28,30.229999542236328,30.549999237060547,29.989999771118164,30.1299991607666,26.55217170715332,32861200.0
2020-12-29,30.170000076293945,30.25,29.93000030517578,30.010000228881836,26.44642448425293,33291900.0
2020-12-30,30.0,30.219999313354492,29.940000534057617,29.979999542236328,26.419981002807617,26370100.0
2020-12-31,30.010000228881836,30.389999389648438,29.899999618530273,30.309999465942383,26.710796356201172,28716000.0
2021-01-01,30.010000228881836,30.389999389648438,29.899999618530273,30.309999465942383,26.710796356201172,28716000.0
2021-01-04,30.459999084472656,30.56999969482422,29.75,30.030000686645508,26.464046478271484,51483900.0
2021-01-05,30.170000076293945,30.540000915527344,29.90999984741211,30.260000228881836,26.66673469543457,48507000.0
2021-01-06,31.899999618530273,32.619998931884766,31.360000610351562,32.150001525878906,28.332304000854492,107002800.0
2021-01-07,33.310001373291016,33.619998931884766,32.84000015258789,32.86000061035156,28.957992553710938,74358500.0
2021-01-08,32.91999816894531,33.0,32.11000061035156,32.529998779296875,28.66718101501465,44641400.0
2021-01-11,32.09000015258789,33.130001068115234,31.899999618530273,33.06999969482422,29.1430606842041,51868200.0
2021-01-12,33.41999816894531,33.970001220703125,33.20000076293945,33.65999984741211,29.662986755371094,68166200.0
2021-01-13,33.43000030517578,33.68000030517578,33.09000015258789,33.459999084472656,29.486740112304688,43172800.0
2021-01-14,33.47999954223633,34.369998931884766,33.41999816894531,33.9900016784668,29.953813552856445,48483500.0
2021-01-15,33.290000915527344,33.630001068115234,32.70000076293945,33.0099983215332,29.090177536010742,57684300.0
2021-01-18,33.290000915527344,33.630001068115234,32.70000076293945,33.0099983215332,29.090177536010742,57684300.0
2021-01-19,32.5,33.599998474121094,32.20000076293945,32.77000045776367,28.87868309020996,78130200.0
2021-01-20,32.7599983215332,32.790000915527344,32.15999984741211,32.34000015258789,28.499744415283203,53920000.0
2021-01-21,32.34000015258789,32.47999954223633,31.729999542236328,31.770000457763672,27.997425079345703,49626600.0
2021-01-22,31.360000610351562,31.75,31.25,31.549999237060547,27.803546905517578,45314500.0
2021-01-25,31.270000457763672,31.299999237060547,30.56999969482422,31.15999984741211,27.459863662719727,48078400.0
2021-01-26,31.399999618530273,31.43000030517578,30.90999984741211,30.940000534057617,27.265987396240234,36373000.0
2021-01-27,30.309999465942383,30.43000030517578,29.670000076293945,29.829999923706055,26.287796020507812,63809200.0
2021-01-28,30.420000076293945,30.75,29.920000076293945,30.31999969482422,26.71961212158203,51223300.0
2021-01-29,30.399999618530273,30.5,29.59000015258789,29.649999618530273,26.12917137145996,64019100.0
2021-02-01,29.8700008392334,30.040000915527344,29.56999969482422,29.959999084472656,26.402359008789062,40985300.0
2021-02-02,30.579999923706055,31.200000762939453,30.540000915527344,31.030000686645508,27.345300674438477,53527000.0
2021-02-03,30.90999984741211,31.729999542236328,30.8799991607666,31.579999923706055,27.82999038696289,49404900.0
2021-02-04,31.799999237060547,32.529998779296875,31.780000686645508,32.5,28.640745162963867,51751900.0
2021-02-05,32.88999938964844,32.90999984741211,32.31999969482422,32.369998931884766,28.52617645263672,42008800.0
2021-02-08,32.43000030517578,33.279998779296875,32.400001525878906,33.09000015258789,29.160676956176758,46014100.0
2021-02-09,32.970001220703125,33.02000045776367,32.59000015258789,32.95000076293945,29.03730583190918,35868600.0
2021-02-10,33.119998931884766,33.41999816894531,32.86000061035156,32.97999954223633,29.063743591308594,45031900.0
2021-02-11,32.970001220703125,33.310001373291016,32.54999923706055,32.880001068115234,28.975614547729492,29479900.0
2021-02-12,33.0,33.45000076293945,32.90999984741211,33.369998931884766,29.407438278198242,37468300.0
2021-02-15,33.0,33.45000076293945,32.90999984741211,33.369998931884766,29.407438278198242,37468300.0
2021-02-16,33.97999954223633,34.560001373291016,33.70000076293945,34.27000045776367,30.200563430786133,52802600.0
2021-02-17,34.040000915527344,34.560001373291016,33.790000915527344,34.40999984741211,30.323936462402344,45455300.0
2021-02-18,34.060001373291016,34.650001525878906,34.02000045776367,34.189998626708984,30.13005828857422,37541700.0
2021-02-19,34.20000076293945,34.72999954223633,34.18000030517578,34.540000915527344,30.43850326538086,54514100.0
2021-02-22,34.45000076293945,35.25,34.40999984741211,35.150001525878906,30.9760684967041,56783400.0
2021-02-23,35.41999816894531,35.88999938964844,35.13999938964844,35.52000045776367,31.30213165283203,67440700.0
2021-02-24,35.7400016784668,36.52000045776367,35.599998474121094,36.380001068115234,32.06001281738281,58139500.0
2021-02-25,36.959999084472656,37.029998779296875,35.7599983215332,35.93000030517578,31.66344451904297,74762000.0
2021-02-26,35.72999954223633,36.029998779296875,34.68000030517578,34.709999084472656,30.588315963745117,70933300.0
2021-03-01,35.52000045776367,36.04999923706055,35.2400016784668,35.790000915527344,31.540071487426758,45901700.0
2021-03-02,35.650001525878906,35.939998626708984,35.5,35.529998779296875,31.31093978881836,41167400.0
2021-03-03,35.970001220703125,36.970001220703125,35.84000015258789,36.41999816894531,32.09526062011719,66047000.0
2021-03-04,36.13999938964844,36.869998931884766,35.91999816894531,36.5,32.325523376464844,96512800.0
2021-03-05,37.029998779296875,37.599998474121094,36.16999816894531,36.93000030517578,32.706336975097656,74292300.0
2021-03-08,37.380001068115234,37.72999954223633,36.81999969482422,37.130001068115234,32.88346862792969,65335500.0
2021-03-09,36.54999923706055,37.15999984741211,35.810001373291016,36.31999969482422,32.166107177734375,63946000.0
2021-03-10,36.540000915527344,37.529998779296875,36.369998931884766,37.369998931884766,33.09602355957031,53365600.0
2021-03-11,37.27000045776367,37.790000915527344,36.849998474121094,37.2400016784668,32.980899810791016,45834000.0
2021-03-12,37.91999816894531,38.18000030517578,37.58000183105469,37.939998626708984,33.600833892822266,46069600.0
2021-03-15,38.029998779296875,38.06999969482422,37.220001220703125,37.75,33.43256378173828,50131600.0
2021-03-16,37.41999816894531,37.720001220703125,36.970001220703125,37.63999938964844,33.335140228271484,50300400.0
2021-03-17,38.0,38.36000061035156,37.33000183105469,37.95000076293945,33.60969161987305,63796000.0
2021-03-18,38.5099983215332,39.970001220703125,38.41999816894531,38.939998626708984,34.48645782470703,95439700.0
2021-03-19,38.290000915527344,38.91999816894531,37.529998779296875,38.529998779296875,34.12335205078125,106252700.0
2021-03-22,38.08000183105469,38.380001068115234,37.400001525878906,37.65999984741211,33.35284423828125,54701300.0
2021-03-23,37.36000061035156,37.81999969482422,36.779998779296875,36.900001525878906,32.679771423339844,49838000.0
2021-03-24,37.209999084472656,37.790000915527344,36.88999938964844,36.900001525878906,32.679771423339844,43896800.0
2021-03-25,36.869998931884766,37.75,36.630001068115234,37.65999984741211,33.35284423828125,47517900.0
2021-03-26,38.349998474121094,38.7599983215332,38.08000183105469,38.68000030517578,34.25619125366211,66846000.0
2021-03-29,38.04999923706055,38.630001068115234,37.86000061035156,38.310001373291016,33.92851638793945,45680000.0
2021-03-30,38.630001068115234,39.459999084472656,38.630001068115234,38.9900016784668,34.53074645996094,56705900.0
2021-03-31,38.619998931884766,38.9900016784668,38.459999084472656,38.689998626708984,34.26504898071289,49270000.0
2021-04-01,38.83000183105469,39.52000045776367,38.720001220703125,39.4900016784668,34.97357177734375,65587000.0
2021-04-02,38.83000183105469,39.52000045776367,38.720001220703125,39.4900016784668,34.97357177734375,65587000.0
2021-04-05,40.0,40.279998779296875,39.599998474121094,39.79999923706055,35.248104095458984,50328500.0
2021-04-06,39.529998779296875,40.150001525878906,39.459999084472656,39.689998626708984,35.15068435668945,42590100.0
2021-04-07,39.77000045776367,40.150001525878906,39.59000015258789,40.04999923706055,35.469512939453125,43136400.0
2021-04-08,39.79999923706055,39.849998474121094,39.220001220703125,39.70000076293945,35.15953063964844,45285900.0
2021-04-09,39.90999984741211,40.18000030517578,39.5099983215332,39.9900016784668,35.416378021240234,45872900.0
2021-04-12,39.9900016784668,40.380001068115234,39.849998474121094,40.060001373291016,35.478370666503906,45544600.0
2021-04-13,39.810001373291016,39.81999969482422,39.20000076293945,39.31999969482422,34.823001861572266,46770400.0
2021-04-14,38.97999954223633,40.33000183105469,38.91999816894531,39.880001068115234,35.31895446777344,52023800.0
2021-04-15,39.72999954223633,39.84000015258789,38.04999923706055,38.7400016784668,34.3093376159668,118128900.0
2021-04-16,39.310001373291016,39.41999816894531,38.90999984741211,39.150001525878906,34.672447204589844,60633400.0
2021-04-19,39.38999938964844,39.43000030517578,39.029998779296875,39.16999816894531,34.690147399902344,42321100.0
2021-04-20,39.0,39.0,37.88999938964844,38.08000183105469,33.72481918334961,50834100.0
2021-04-21,37.75,38.779998779296875,37.40999984741211,38.720001220703125,34.291622161865234,37851800.0
2021-04-22,38.75,38.77000045776367,38.16999816894531,38.36000061035156,33.972801208496094,48093400.0
2021-04-23,38.31999969482422,39.34000015258789,38.220001220703125,39.18000030517578,34.699005126953125,48674100.0
2021-04-26,39.349998474121094,39.849998474121094,39.279998779296875,39.40999984741211,34.9027099609375,34699800.0
2021-04-27,39.66999816894531,39.91999816894531,39.5099983215332,39.880001068115234,35.31895446777344,34304800.0
2021-04-28,39.93000030517578,40.220001220703125,39.880001068115234,40.029998779296875,35.45179748535156,34084400.0
2021-04-29,40.54999923706055,41.130001068115234,40.459999084472656,41.11000061035156,36.40827560424805,44008700.0
2021-04-30,40.84000015258789,40.900001525878906,40.470001220703125,40.529998779296875,35.89461135864258,39203400.0
2021-05-03,40.869998931884766,41.04999923706055,40.41999816894531,40.560001373291016,35.92118453979492,41940500.0
2021-05-04,40.2400016784668,41.08000183105469,39.779998779296875,41.0,36.31085205078125,53880000.0
2021-05-05,41.20000076293945,41.560001373291016,40.7599983215332,41.38999938964844,36.656253814697266,37471100.0
2021-05-06,41.47999954223633,42.060001373291016,41.2400016784668,42.0099983215332,37.20533752441406,39044400.0
2021-05-07,41.130001068115234,42.25,41.11000061035156,42.18000030517578,37.355899810791016,39249200.0
2021-05-10,42.5,42.939998626708984,42.029998779296875,42.04999923706055,37.24077606201172,41271500.0
2021-05-11,41.54999923706055,42.34000015258789,41.34000015258789,41.56999969482422,36.81566619873047,42964700.0
2021-05-12,42.380001068115234,42.560001373291016,41.040000915527344,41.18000030517578,36.470272064208984,47533000.0
2021-05-13,40.86000061035156,42.09000015258789,40.779998779296875,41.84000015258789,37.054786682128906,42026100.0
2021-05-14,42.060001373291016,42.47999954223633,41.91999816894531,42.36000061035156,37.515316009521484,30932600.0
2021-05-17,42.2400016784668,42.849998474121094,42.15999984741211,42.7400016784668,37.85185241699219,32656400.0
2021-05-18,42.70000076293945,42.95000076293945,42.13999938964844,42.15999984741211,37.33818817138672,37880300.0
2021-05-19,41.650001525878906,42.0,41.310001373291016,41.970001220703125,37.169921875,42672800.0
2021-05-20,41.900001525878906,42.130001068115234,41.459999084472656,41.869998931884766,37.081356048583984,36871100.0
2021-05-21,42.02000045776367,42.599998474121094,41.88999938964844,42.400001525878906,37.550743103027344,40243800.0
2021-05-24,42.58000183105469,42.779998779296875,42.25,42.630001068115234,37.754451751708984,31390800.0
2021-05-25,42.689998626708984,43.2599983215332,41.93000030517578,42.0099983215332,37.20533752441406,52657700.0
2021-05-26,42.02000045776367,42.25,41.65999984741211,42.040000915527344,37.231910705566406,41332800.0
2021-05-27,42.47999954223633,42.849998474121094,42.119998931884766,42.54999923706055,37.68358612060547,52981100.0
2021-05-28,42.65999984741211,42.709999084472656,42.04999923706055,42.38999938964844,37.54189682006836,38509700.0
2021-05-31,42.65999984741211,42.709999084472656,42.04999923706055,42.38999938964844,37.54189682006836,38509700.0
2021-06-01,42.95000076293945,43.279998779296875,42.77000045776367,42.91999816894531,38.01127624511719,42890700.0
2021-06-02,43.099998474121094,43.16999816894531,42.599998474121094,42.939998626708984,38.02898406982422,34180500.0
2021-06-03,42.77000045776367,43.4900016784668,42.68000030517578,43.25,38.46476745605469,46981200.0
2021-06-04,43.2400016784668,43.38999938964844,42.83000183105469,43.27000045776367,38.48255920410156,37192600.0
2021-06-07,43.27000045776367,43.38999938964844,43.060001373291016,43.119998931884766,38.34916305541992,28401900.0
2021-06-08,42.86000061035156,43.2400016784668,42.43000030517578,42.880001068115234,38.13570785522461,41871400.0
2021-06-09,42.470001220703125,42.72999954223633,42.11000061035156,42.31999969482422,37.63766098022461,42366300.0
2021-06-10,42.7599983215332,42.959999084472656,41.619998931884766,41.689998626708984,37.07736587524414,40123600.0
2021-06-11,41.810001373291016,41.88999938964844,41.5099983215332,41.86000061035156,37.22856521606445,31203600.0
2021-06-14,41.849998474121094,41.90999984741211,41.060001373291016,41.36000061035156,36.78388214111328,36050700.0
2021-06-15,41.279998779296875,41.560001373291016,40.900001525878906,41.38999938964844,36.81056213378906,39247900.0
2021-06-16,41.279998779296875,41.9900016784668,40.66999816894531,41.619998931884766,37.01511764526367,63859100.0
2021-06-17,42.02000045776367,42.099998474121094,39.720001220703125,39.79999923706055,35.39647674560547,80728200.0
2021-06-18,39.0099983215332,39.29999923706055,38.4900016784668,38.779998779296875,34.48933410644531,102774200.0
2021-06-21,39.119998931884766,39.779998779296875,39.029998779296875,39.75,35.352012634277344,48119400.0
2021-06-22,39.880001068115234,40.2599983215332,39.279998779296875,39.970001220703125,35.54766845703125,44113200.0
2021-06-23,40.15999984741211,40.41999816894531,40.06999969482422,40.20000076293945,35.752220153808594,32039900.0
2021-06-24,40.439998626708984,41.0099983215332,40.18000030517578,40.83000183105469,36.31252670288086,37161800.0
2021-06-25,41.27000045776367,41.83000183105469,40.84000015258789,41.619998931884766,37.01511764526367,53178800.0
2021-06-28,41.459999084472656,41.58000183105469,41.099998474121094,41.560001373291016,36.961753845214844,34416500.0
2021-06-29,41.630001068115234,41.95000076293945,40.75,40.88999938964844,36.365882873535156,38519600.0
2021-06-30,40.7599983215332,41.36000061035156,40.720001220703125,41.22999954223633,36.668270111083984,29159800.0
2021-07-01,41.560001373291016,41.70000076293945,41.209999084472656,41.540000915527344,36.9439697265625,28045100.0
2021-07-02,41.369998931884766,41.470001220703125,41.099998474121094,41.150001525878906,36.59712600708008,28980800.0
2021-07-05,41.369998931884766,41.470001220703125,41.099998474121094,41.150001525878906,36.59712600708008,28980800.0
2021-07-06,40.810001373291016,40.880001068115234,39.869998931884766,40.06999969482422,35.6365966796875,47578700.0
2021-07-07,39.56999969482422,40.0,39.36000061035156,39.75,35.352012634277344,43499900.0
2021-07-08,38.619998931884766,39.2400016784668,38.47999954223633,38.779998779296875,34.48933410644531,52793100.0
2021-07-09,39.650001525878906,40.2400016784668,39.400001525878906,40.040000915527344,35.609928131103516,43887200.0
2021-07-12,39.790000915527344,40.810001373291016,39.63999938964844,40.630001068115234,36.13465118408203,42624500.0
2021-07-13,40.47999954223633,40.47999954223633,39.58000183105469,39.86000061035156,35.44984436035156,54338100.0
2021-07-14,39.11000061035156,39.54999923706055,37.790000915527344,38.86000061035156,34.56047821044922,105651700.0
2021-07-15,38.38999938964844,39.33000183105469,38.31999969482422,38.83000183105469,34.53379821777344,54697300.0
2021-07-16,39.220001220703125,39.290000915527344,37.59000015258789,37.91999816894531,33.7244873046875,60469700.0
2021-07-19,36.75,37.25,36.5099983215332,36.93000030517578,32.844017028808594,83251500.0
2021-07-20,36.86000061035156,38.119998931884766,36.61000061035156,37.689998626708984,33.51993179321289,59462900.0
2021-07-21,38.04999923706055,38.77000045776367,37.97999954223633,38.459999084472656,34.204734802246094,49907400.0
2021-07-22,38.36000061035156,38.400001525878906,37.68000030517578,37.959999084472656,33.760066986083984,52715600.0
2021-07-23,38.20000076293945,38.27000045776367,37.560001373291016,37.70000076293945,33.52882766723633,48659400.0
2021-07-26,37.65999984741211,38.2400016784668,37.65999984741211,38.130001068115234,33.911251068115234,32258000.0
2021-07-27,37.720001220703125,38.2400016784668,37.459999084472656,37.97999954223633,33.77784729003906,39121400.0
2021-07-28,38.189998626708984,38.5,37.75,38.130001068115234,33.911251068115234,43331100.0
2021-07-29,38.54999923706055,38.97999954223633,38.369998931884766,38.68000030517578,34.40039825439453,43039100.0
2021-07-30,38.5099983215332,38.83000183105469,38.04999923706055,38.36000061035156,34.11581039428711,46210100.0
2021-08-02,38.400001525878906,38.95000076293945,37.90999984741211,37.959999084472656,33.760066986083984,49894000.0
2021-08-03,38.060001373291016,38.630001068115234,37.54999923706055,38.54999923706055,34.284786224365234,39680600.0
2021-08-04,38.029998779296875,38.77000045776367,37.86000061035156,38.27000045776367,34.0357551574707,42289800.0
2021-08-05,38.56999969482422,39.060001373291016,38.54999923706055,39.02000045776367,34.702789306640625,34754500.0
2021-08-06,39.470001220703125,40.40999984741211,39.470001220703125,40.150001525878906,35.70775604248047,58022300.0
2021-08-09,40.04999923706055,40.959999084472656,39.79999923706055,40.66999816894531,36.17021942138672,56340100.0
2021-08-10,40.709999084472656,41.619998931884766,40.58000183105469,41.43000030517578,36.84613800048828,44987300.0
2021-08-11,41.599998474121094,42.189998626708984,41.47999954223633,41.95000076293945,37.30860137939453,58458200.0
2021-08-12,42.22999954223633,42.290000915527344,41.77000045776367,42.150001525878906,37.486473083496094,37400100.0
2021-08-13,42.09000015258789,42.22999954223633,41.43000030517578,41.630001068115234,37.02400207519531,41344900.0
2021-08-16,41.15999984741211,41.29999923706055,40.61000061035156,41.290000915527344,36.72162628173828,38599100.0
2021-08-17,41.04999923706055,41.56999969482422,40.619998931884766,41.09000015258789,36.54375076293945,43526900.0
2021-08-18,40.77000045776367,41.529998779296875,40.65999984741211,40.790000915527344,36.27694320678711,50342500.0
2021-08-19,40.119998931884766,40.66999816894531,40.0099983215332,40.189998626708984,35.74333190917969,51883900.0
2021-08-20,40.09000015258789,40.470001220703125,39.90999984741211,40.369998931884766,35.90340805053711,40415000.0
2021-08-23,40.630001068115234,41.099998474121094,40.599998474121094,40.90999984741211,36.3836669921875,35364500.0
2021-08-24,41.099998474121094,41.68000030517578,41.040000915527344,41.47999954223633,36.89059829711914,35579300.0
2021-08-25,41.65999984741211,42.45000076293945,41.540000915527344,42.150001525878906,37.486473083496094,51219900.0
2021-08-26,42.5,42.84000015258789,42.02000045776367,42.040000915527344,37.388641357421875,41184500.0
2021-08-27,42.119998931884766,42.650001525878906,41.939998626708984,42.4900016784668,37.788856506347656,46468600.0
2021-08-30,42.630001068115234,42.630001068115234,41.630001068115234,41.65999984741211,37.050689697265625,44855600.0
2021-08-31,41.66999816894531,42.06999969482422,41.36000061035156,41.75,37.13072967529297,54654600.0
2021-09-01,41.75,41.779998779296875,41.029998779296875,41.189998626708984,36.6326904296875,52361900.0
2021-09-02,41.11000061035156,41.4900016784668,40.63999938964844,41.02000045776367,36.66844940185547,44538900.0
2021-09-03,41.02000045776367,41.189998626708984,40.68000030517578,41.04999923706055,36.69526290893555,41812400.0
2021-09-06,41.02000045776367,41.189998626708984,40.68000030517578,41.04999923706055,36.69526290893555,41812400.0
2021-09-07,41.25,41.849998474121094,41.18000030517578,41.31999969482422,36.93662643432617,43748600.0
2021-09-08,41.08000183105469,41.4900016784668,40.68000030517578,40.779998779296875,36.45391082763672,36064400.0
2021-09-09,40.65999984741211,41.349998474121094,40.560001373291016,40.93000030517578,36.58799743652344,36266400.0
2021-09-10,41.220001220703125,41.349998474121094,40.2400016784668,40.27000045776367,35.99800491333008,40514700.0
2021-09-13,40.599998474121094,40.959999084472656,40.349998474121094,40.939998626708984,36.596927642822266,42036300.0
2021-09-14,41.130001068115234,41.310001373291016,39.65999984741211,39.84000015258789,35.61363220214844,53820400.0
2021-09-15,39.72999954223633,40.34000015258789,39.66999816894531,40.13999938964844,35.88179397583008,52358200.0
2021-09-16,40.47999954223633,40.810001373291016,40.20000076293945,40.45000076293945,36.15892028808594,42922000.0
2021-09-17,40.34000015258789,40.66999816894531,40.08000183105469,40.5,36.20360565185547,92746000.0
2021-09-20,39.380001068115234,39.459999084472656,38.36000061035156,39.11000061035156,34.9610710144043,67566200.0
2021-09-21,39.27000045776367,39.599998474121094,38.939998626708984,39.130001068115234,34.97895050048828,38271100.0
2021-09-22,39.75,40.52000045776367,39.75,40.13999938964844,35.88179397583008,46261400.0
2021-09-23,40.7599983215332,41.880001068115234,40.650001525878906,41.689998626708984,37.267372131347656,49779800.0
2021-09-24,41.720001220703125,42.34000015258789,41.650001525878906,42.13999938964844,37.66963195800781,39042300.0
2021-09-27,42.68000030517578,43.43000030517578,42.63999938964844,43.2599983215332,38.67082214355469,49755400.0
2021-09-28,43.43000030517578,44.040000915527344,43.060001373291016,43.15999984741211,38.581417083740234,60781200.0
2021-09-29,43.18000030517578,43.31999969482422,42.7400016784668,43.06999969482422,38.500972747802734,44260200.0
2021-09-30,43.349998474121094,43.349998474121094,42.22999954223633,42.45000076293945,37.946746826171875,47410800.0
2021-10-01,42.47999954223633,43.43000030517578,42.38999938964844,43.08000183105469,38.509910583496094,40987100.0
2021-10-04,43.11000061035156,44.06999969482422,43.06999969482422,43.34000015258789,38.74233627319336,48273400.0
2021-10-05,43.77000045776367,44.75,43.66999816894531,44.220001220703125,39.52898406982422,54070700.0
2021-10-06,43.849998474121094,44.290000915527344,43.54999923706055,44.2400016784668,39.54685974121094,47031700.0
2021-10-07,44.790000915527344,44.869998931884766,44.029998779296875,44.119998931884766,39.43959045410156,46258800.0
2021-10-08,44.06999969482422,44.810001373291016,43.91999816894531,44.34000015258789,39.63624572753906,39389400.0
2021-10-11,44.599998474121094,44.810001373291016,43.75,43.779998779296875,39.135658264160156,36283500.0
2021-10-12,43.66999816894531,44.0,43.27000045776367,43.540000915527344,38.921119689941406,36898300.0
2021-10-13,43.54999923706055,43.63999938964844,42.33000183105469,43.13999938964844,38.56355285644531,43908000.0
2021-10-14,44.369998931884766,45.099998474121094,43.47999954223633,45.06999969482422,40.2888069152832,82201000.0
2021-10-15,45.77000045776367,46.66999816894531,45.36000061035156,46.369998931884766,41.450897216796875,64264900.0
2021-10-18,46.290000915527344,46.88999938964844,46.029998779296875,46.279998779296875,41.37043762207031,49542500.0
2021-10-19,46.5,46.630001068115234,46.20000076293945,46.47999954223633,41.549232482910156,32515500.0
2021-10-20,46.4900016784668,47.2400016784668,46.04999923706055,47.09000015258789,42.09451675415039,40411000.0
2021-10-21,47.099998474121094,47.47999954223633,46.61000061035156,46.83000183105469,41.86210632324219,36848600.0
2021-10-22,46.9900016784668,47.619998931884766,46.9900016784668,47.56999969482422,42.523597717285156,36225600.0
2021-10-25,47.79999923706055,47.97999954223633,47.20000076293945,47.5099983215332,42.4699592590332,31679500.0
2021-10-26,47.65999984741211,48.43000030517578,47.439998626708984,47.959999084472656,42.872230529785156,35674800.0
2021-10-27,47.47999954223633,48.16999816894531,47.029998779296875,47.040000915527344,42.049827575683594,45790800.0
2021-10-28,47.59000015258789,48.0,47.29999923706055,47.779998779296875,42.7113151550293,37209600.0
2021-10-29,47.75,48.130001068115234,47.52000045776367,47.779998779296875,42.7113151550293,31756200.0
2021-11-01,48.099998474121094,48.16999816894531,47.279998779296875,47.849998474121094,42.773887634277344,36937200.0
2021-11-02,47.56999969482422,48.41999816894531,47.349998474121094,47.880001068115234,42.80072021484375,36283400.0
2021-11-03,47.79999923706055,48.689998626708984,47.61000061035156,48.369998931884766,43.23873519897461,42553000.0
2021-11-04,48.150001525878906,48.150001525878906,46.880001068115234,47.33000183105469,42.30905532836914,47646300.0
2021-11-05,47.599998474121094,47.81999969482422,46.81999969482422,46.970001220703125,41.987247467041016,38271200.0
2021-11-08,47.349998474121094,47.79999923706055,47.25,47.34000015258789,42.31800079345703,33815500.0
2021-11-09,46.650001525878906,47.36000061035156,46.40999984741211,46.880001068115234,41.90679168701172,36900300.0
2021-11-10,46.75,47.52000045776367,46.650001525878906,47.22999954223633,42.21966552734375,39385600.0
2021-11-11,47.310001373291016,47.88999938964844,47.0099983215332,47.4900016784668,42.45208740234375,31194800.0
2021-11-12,47.5099983215332,47.529998779296875,46.7599983215332,46.90999984741211,41.93361282348633,44268500.0
2021-11-15,47.2599983215332,47.38999938964844,46.900001525878906,47.04999923706055,42.05876541137695,35335500.0
2021-11-16,47.18000030517578,47.279998779296875,46.689998626708984,47.08000183105469,42.0855827331543,35120800.0
2021-11-17,47.08000183105469,47.20000076293945,46.45000076293945,46.5099983215332,41.5760498046875,32963700.0
2021-11-18,46.709999084472656,46.810001373291016,46.209999084472656,46.31999969482422,41.40620422363281,30639000.0
2021-11-19,45.70000076293945,45.77000045776367,44.83000183105469,45.400001525878906,40.583797454833984,48429500.0
2021-11-22,46.720001220703125,46.869998931884766,45.90999984741211,46.279998779296875,41.37043762207031,53697100.0
2021-11-23,46.869998931884766,47.650001525878906,46.66999816894531,47.5,42.46102523803711,49362900.0
2021-11-24,47.41999816894531,47.97999954223633,47.209999084472656,47.630001068115234,42.577232360839844,40060000.0
2021-11-25,47.41999816894531,47.97999954223633,47.209999084472656,47.630001068115234,42.577232360839844,40060000.0
2021-11-26,45.52000045776367,46.040000915527344,44.75,45.7599983215332,40.90560531616211,55110100.0
2021-11-29,46.41999816894531,46.70000076293945,45.16999816894531,45.59000015258789,40.75364685058594,50231100.0
2021-11-30,44.7599983215332,45.220001220703125,44.36000061035156,44.470001220703125,39.75245666503906,77193600.0
2021-12-01,45.220001220703125,45.70000076293945,43.810001373291016,43.84000015258789,39.18928527832031,60601600.0
2021-12-02,44.33000183105469,45.5,44.0,44.88999938964844,40.321044921875,57821400.0
2021-12-03,45.0,45.06999969482422,43.599998474121094,43.869998931884766,39.40486526489258,74605300.0
2021-12-06,44.560001373291016,44.880001068115234,43.959999084472656,44.150001525878906,39.65636444091797,48193100.0
2021-12-07,44.560001373291016,44.90999984741211,44.43000030517578,44.709999084472656,40.159358978271484,40740800.0
2021-12-08,44.68000030517578,44.79999923706055,44.09000015258789,44.15999984741211,39.66535186767578,50560300.0
2021-12-09,43.90999984741211,44.72999954223633,43.650001525878906,44.4900016784668,39.961753845214844,37316700.0
2021-12-10,44.709999084472656,44.83000183105469,44.06999969482422,44.52000045776367,39.988704681396484,37700200.0
2021-12-13,44.27000045776367,44.400001525878906,43.38999938964844,43.58000183105469,39.14438247680664,38653900.0
2021-12-14,43.59000015258789,44.81999969482422,43.529998779296875,44.130001068115234,39.638404846191406,47099400.0
2021-12-15,44.369998931884766,44.45000076293945,43.619998931884766,43.939998626708984,39.467742919921875,60057100.0
2021-12-16,44.70000076293945,45.36000061035156,44.09000015258789,45.0,40.41984176635742,69487200.0
2021-12-17,44.5,44.70000076293945,43.619998931884766,43.880001068115234,39.41384506225586,124242400.0
2021-12-20,43.27000045776367,43.36000061035156,42.70000076293945,43.15999984741211,38.767120361328125,56455200.0
2021-12-21,43.540000915527344,44.47999954223633,43.540000915527344,44.189998626708984,39.692283630371094,47845600.0
2021-12-22,44.08000183105469,44.58000183105469,43.880001068115234,44.279998779296875,39.773136138916016,35715700.0
2021-12-23,44.68000030517578,45.06999969482422,44.400001525878906,44.41999816894531,39.89888000488281,34053500.0
2021-12-24,44.68000030517578,45.06999969482422,44.400001525878906,44.41999816894531,39.89888000488281,34053500.0
2021-12-27,44.54999923706055,44.81999969482422,44.310001373291016,44.63999938964844,40.096492767333984,33879200.0
2021-12-28,44.470001220703125,45.08000183105469,44.41999816894531,44.70000076293945,40.15038299560547,32492400.0
2021-12-29,44.849998474121094,45.119998931884766,44.599998474121094,44.630001068115234,40.08750915527344,25294900.0
2021-12-30,44.75,45.099998474121094,44.47999954223633,44.529998779296875,39.99768829345703,23852200.0
2021-12-31,44.52000045776367,44.720001220703125,44.279998779296875,44.4900016784668,39.961753845214844,24253900.0
2022-01-03,45.09000015258789,46.4900016784668,44.97999954223633,46.18000030517578,41.4797477722168,58587900.0
2022-01-04,47.060001373291016,48.43000030517578,47.040000915527344,47.9900016784668,43.10552978515625,74606700.0
2022-01-05,48.13999938964844,48.369998931884766,47.15999984741211,47.18000030517578,42.37796401977539,57791600.0
2022-01-06,47.97999954223633,48.15999984741211,47.189998626708984,48.130001068115234,43.23127365112305,52040900.0
2022-01-07,48.150001525878906,49.310001373291016,48.060001373291016,49.18000030517578,44.17440414428711,59082600.0
2022-01-10,49.90999984741211,50.08000183105469,48.34000015258789,48.93000030517578,43.94984817504883,66839500.0
2022-01-11,48.9900016784668,49.25,48.63999938964844,49.209999084472656,44.201351165771484,40454400.0
2022-01-12,49.16999816894531,49.380001068115234,48.68000030517578,48.86000061035156,43.88697052001953,41378000.0
2022-01-13,48.91999816894531,49.4900016784668,48.630001068115234,48.7599983215332,43.79714584350586,46337500.0
2022-01-14,47.52000045776367,48.22999954223633,47.189998626708984,47.90999984741211,43.03367614746094,72953300.0
2022-01-17,47.52000045776367,48.22999954223633,47.189998626708984,47.90999984741211,43.03367614746094,72953300.0
2022-01-18,47.849998474121094,47.91999816894531,46.04999923706055,46.2599983215332,41.55160140991211,65877400.0
2022-01-19,48.38999938964844,48.58000183105469,46.349998474121094,46.439998626708984,41.71329116821289,84451800.0
2022-01-20,46.689998626708984,47.04999923706055,45.65999984741211,45.75,41.0935173034668,46265300.0
2022-01-21,45.56999969482422,46.02000045776367,44.65999984741211,44.91999816894531,40.347991943359375,71303600.0
2022-01-24,43.900001525878906,44.689998626708984,42.59000015258789,44.54999923706055,40.015647888183594,90672700.0
2022-01-25,44.290000915527344,45.56999969482422,43.83000183105469,45.43000030517578,40.80607986450195,73555300.0
2022-01-26,45.779998779296875,46.459999084472656,45.2599983215332,45.900001525878906,41.22824478149414,63735800.0
2022-01-27,46.369998931884766,46.75,45.09000015258789,45.470001220703125,40.842018127441406,63402400.0
2022-01-28,45.33000183105469,45.88999938964844,44.45000076293945,45.869998931884766,41.201297760009766,51048300.0
2022-01-31,45.52000045776367,46.27000045776367,45.220001220703125,46.13999938964844,41.443817138671875,44793700.0
2022-02-01,46.209999084472656,47.099998474121094,45.900001525878906,46.939998626708984,42.16238784790039,40326600.0
2022-02-02,46.720001220703125,46.959999084472656,46.29999923706055,46.88999938964844,42.11748123168945,41125600.0
2022-02-03,47.220001220703125,47.290000915527344,46.349998474121094,46.43000030517578,41.70430374145508,35879900.0
2022-02-04,47.08000183105469,48.689998626708984,46.68000030517578,48.279998779296875,43.36601257324219,60297100.0
2022-02-07,48.560001373291016,48.7599983215332,47.9900016784668,48.5099983215332,43.57259750366211,44824800.0
2022-02-08,49.150001525878906,50.02000045776367,48.939998626708984,49.380001068115234,44.35404586791992,49560500.0
2022-02-09,49.220001220703125,49.790000915527344,49.029998779296875,49.279998779296875,44.26422882080078,33861100.0
2022-02-10,49.68000030517578,50.11000061035156,48.7599983215332,49.04999923706055,44.05763626098633,47082800.0
2022-02-11,48.630001068115234,49.439998626708984,47.5,47.91999816894531,43.04264450073242,61056000.0
2022-02-14,48.02000045776367,48.189998626708984,46.939998626708984,47.41999816894531,42.59353256225586,44791900.0
2022-02-15,48.0,48.369998931884766,47.56999969482422,47.790000915527344,42.92587661743164,42397600.0
2022-02-16,47.439998626708984,48.2400016784668,47.310001373291016,47.68000030517578,42.82707977294922,36664600.0
2022-02-17,47.0,47.290000915527344,45.95000076293945,46.06999969482422,41.38095474243164,49442400.0
2022-02-18,46.06999969482422,46.540000915527344,45.720001220703125,45.959999084472656,41.28213882446289,37856500.0
2022-02-21,46.06999969482422,46.540000915527344,45.720001220703125,45.959999084472656,41.28213882446289,37856500.0
2022-02-22,45.16999816894531,45.97999954223633,45.040000915527344,45.560001373291016,40.9228515625,51905600.0
2022-02-23,45.95000076293945,46.11000061035156,44.56999969482422,44.779998779296875,40.22223663330078,45704900.0
2022-02-24,43.0,43.68000030517578,42.04999923706055,43.599998474121094,39.16233444213867,80484800.0
2022-02-25,43.810001373291016,45.349998474121094,43.630001068115234,45.02000045776367,40.43781661987305,68530700.0
2022-02-28,43.720001220703125,44.2599983215332,43.439998626708984,44.20000076293945,39.70127868652344,69955300.0
2022-03-01,43.709999084472656,43.7400016784668,41.93000030517578,42.470001220703125,38.14735794067383,74895600.0
2022-03-02,42.7400016784668,43.540000915527344,42.619998931884766,43.15999984741211,38.767120361328125,70834600.0
2022-03-03,43.09000015258789,43.5,42.209999084472656,42.4900016784668,38.351924896240234,48733800.0
2022-03-04,41.43000030517578,41.439998626708984,40.31999969482422,40.95000076293945,36.96190643310547,75572800.0
2022-03-07,39.93000030517578,40.11000061035156,38.209999084472656,38.34000015258789,34.606082916259766,109779000.0
2022-03-08,39.06999969482422,39.65999984741211,38.16999816894531,38.59000015258789,34.831748962402344,76553800.0
2022-03-09,40.310001373291016,41.61000061035156,40.15999984741211,41.040000915527344,37.04314041137695,78207900.0
2022-03-10,40.290000915527344,41.47999954223633,40.11000061035156,40.66999816894531,36.70917510986328,48804400.0
2022-03-11,41.040000915527344,41.380001068115234,40.290000915527344,40.33000183105469,36.40229034423828,43946600.0
2022-03-14,40.900001525878906,42.18000030517578,40.900001525878906,41.20000076293945,37.18756103515625,54262400.0
2022-03-15,41.2599983215332,41.779998779296875,40.869998931884766,41.5,37.45833969116211,41395300.0
2022-03-16,42.2400016784668,43.04999923706055,41.91999816894531,42.79999923706055,38.631736755371094,59477600.0
2022-03-17,42.40999984741211,43.040000915527344,41.83000183105469,43.029998779296875,38.839332580566406,50260200.0
2022-03-18,42.7599983215332,42.93000030517578,42.2599983215332,42.900001525878906,38.72200012207031,74470600.0
2022-03-21,43.349998474121094,43.43000030517578,42.5099983215332,42.84000015258789,38.66783142089844,47106400.0
2022-03-22,43.81999969482422,44.630001068115234,43.70000076293945,44.18000030517578,39.8773307800293,52360600.0
2022-03-23,43.720001220703125,44.0099983215332,43.029998779296875,43.09000015258789,38.893489837646484,48539300.0
2022-03-24,43.380001068115234,43.43000030517578,42.88999938964844,43.06999969482422,38.87544250488281,30360800.0
2022-03-25,43.47999954223633,44.2599983215332,43.33000183105469,43.72999954223633,39.47116470336914,38968100.0
2022-03-28,43.709999084472656,43.75,42.83000183105469,43.54999923706055,39.308692932128906,37428600.0
2022-03-29,44.25,44.38999938964844,43.11000061035156,43.439998626708984,39.20940399169922,46355800.0
2022-03-30,43.439998626708984,43.650001525878906,42.75,43.0,38.812259674072266,36601800.0
2022-03-31,42.84000015258789,42.88999938964844,41.20000076293945,41.220001220703125,37.20560836791992,67902500.0
2022-04-01,41.689998626708984,41.7400016784668,40.349998474121094,40.900001525878906,36.916778564453125,61929200.0
2022-04-04,40.47999954223633,41.13999938964844,40.15999984741211,40.83000183105469,36.85359573364258,53761700.0
2022-04-05,40.439998626708984,40.7599983215332,40.040000915527344,40.13999938964844,36.23078536987305,51781700.0
2022-04-06,39.7400016784668,40.0099983215332,39.349998474121094,39.70000076293945,35.83363723754883,54159800.0
2022-04-07,39.88999938964844,39.97999954223633,38.849998474121094,39.38999938964844,35.55382537841797,54585000.0
2022-04-08,39.4900016784668,40.099998474121094,39.31999969482422,39.66999816894531,35.80656051635742,41018900.0
2022-04-11,39.47999954223633,40.400001525878906,39.38999938964844,39.59000015258789,35.73435592651367,34198700.0
2022-04-12,39.56999969482422,40.08000183105469,38.849998474121094,39.16999816894531,35.35525131225586,42855300.0
2022-04-13,38.5,39.0099983215332,38.36000061035156,38.81999969482422,35.039344787597656,45484200.0
2022-04-14,38.4900016784668,38.970001220703125,37.41999816894531,37.56999969482422,33.911075592041016,79032000.0
2022-04-15,38.4900016784668,38.970001220703125,37.41999816894531,37.56999969482422,33.911075592041016,79032000.0
2022-04-18,37.41999816894531,39.310001373291016,37.220001220703125,38.849998474121094,35.06642532348633,80080300.0
2022-04-19,39.209999084472656,39.880001068115234,39.11000061035156,39.56999969482422,35.71630096435547,53714200.0
2022-04-20,40.150001525878906,40.369998931884766,39.61000061035156,39.65999984741211,35.79753494262695,47064300.0
2022-04-21,40.0,40.209999084472656,38.619998931884766,38.90999984741211,35.12057876586914,46245900.0
2022-04-22,38.810001373291016,38.849998474121094,37.5,37.560001373291016,33.90205764770508,50409800.0
2022-04-25,36.88999938964844,37.400001525878906,35.93000030517578,37.290000915527344,33.658355712890625,64301100.0
2022-04-26,36.880001068115234,37.540000915527344,36.41999816894531,36.45000076293945,32.90016174316406,44809900.0
2022-04-27,36.27000045776367,36.90999984741211,36.16999816894531,36.25,32.719627380371094,39824900.0
2022-04-28,36.72999954223633,36.95000076293945,36.15999984741211,36.810001373291016,33.22509765625,39567800.0
2022-04-29,36.75,37.130001068115234,35.540000915527344,35.68000030517578,32.20515060424805,47385200.0
2022-05-02,36.029998779296875,36.279998779296875,35.400001525878906,36.13999938964844,32.62035369873047,46652200.0
2022-05-03,36.34000015258789,37.630001068115234,36.33000183105469,37.130001068115234,33.5139274597168,48926000.0
2022-05-04,37.369998931884766,38.75,37.279998779296875,38.619998931884766,34.858821868896484,57860300.0
2022-05-05,38.04999923706055,38.209999084472656,36.869998931884766,37.540000915527344,33.88400650024414,48860600.0
2022-05-06,37.369998931884766,37.619998931884766,36.61000061035156,37.45000076293945,33.80276870727539,50440100.0
2022-05-09,36.869998931884766,37.060001373291016,36.060001373291016,36.369998931884766,32.82794189453125,51242000.0
2022-05-10,36.75,37.130001068115234,35.18000030517578,35.7599983215332,32.27735137939453,60235300.0
2022-05-11,35.900001525878906,36.91999816894531,35.5099983215332,35.56999969482422,32.105857849121094,54969300.0
2022-05-12,35.0099983215332,35.43000030517578,34.2599983215332,35.06999969482422,31.65455436706543,61231500.0
2022-05-13,35.529998779296875,35.72999954223633,34.7599983215332,35.16999816894531,31.744813919067383,49117900.0
2022-05-16,35.0,35.16999816894531,34.40999984741211,34.810001373291016,31.419878005981445,39076500.0
2022-05-17,35.619998931884766,36.220001220703125,35.43000030517578,35.9900016784668,32.48495864868164,42635600.0
2022-05-18,35.619998931884766,35.689998626708984,34.599998474121094,34.880001068115234,31.483070373535156,47396900.0
2022-05-19,34.290000915527344,34.84000015258789,34.25,34.45000076293945,31.094938278198242,47002700.0
2022-05-20,34.79999923706055,34.97999954223633,32.959999084472656,33.86000061035156,30.562395095825195,62406500.0
2022-05-23,34.7599983215332,36.2599983215332,34.65999984741211,35.869998931884766,32.37664031982422,69081900.0
2022-05-24,35.470001220703125,35.959999084472656,34.959999084472656,35.650001525878906,32.17807388305664,46146700.0
2022-05-25,35.5,36.27000045776367,35.290000915527344,35.84000015258789,32.34956359863281,49343400.0
2022-05-26,36.5,36.84000015258789,36.34000015258789,36.66999816894531,33.09873580932617,60201200.0
2022-05-27,36.88999938964844,37.04999923706055,36.58000183105469,37.02000045776367,33.41464614868164,43365600.0
2022-05-30,36.88999938964844,37.04999923706055,36.58000183105469,37.02000045776367,33.41464614868164,43365600.0
2022-05-31,36.81999969482422,37.529998779296875,36.61000061035156,37.20000076293945,33.57711410522461,71609200.0
2022-06-01,37.459999084472656,37.470001220703125,36.16999816894531,36.66999816894531,33.09873580932617,35237900.0
2022-06-02,36.40999984741211,36.709999084472656,36.06999969482422,36.70000076293945,33.31660461425781,35341900.0
2022-06-03,36.47999954223633,36.68000030517578,36.130001068115234,36.189998626708984,32.85362243652344,25235200.0
2022-06-06,36.70000076293945,37.209999084472656,36.099998474121094,36.150001525878906,32.81731033325195,40394000.0
2022-06-07,35.900001525878906,36.40999984741211,35.7400016784668,36.349998474121094,32.99887466430664,29152200.0
2022-06-08,35.91999816894531,36.11000061035156,35.52000045776367,35.88999938964844,32.58128356933594,33590600.0
2022-06-09,35.7400016784668,35.84000015258789,34.5,34.5099983215332,31.3284969329834,49419000.0
2022-06-10,33.68000030517578,34.040000915527344,33.02000045776367,33.16999816894531,30.11203384399414,49318200.0
2022-06-13,32.38999938964844,32.77000045776367,31.739999771118164,32.02000045776367,29.068058013916016,61216600.0
2022-06-14,31.920000076293945,32.599998474121094,31.229999542236328,31.459999084472656,28.559682846069336,49349800.0
2022-06-15,31.979999542236328,32.4900016784668,31.420000076293945,32.04999923706055,29.09528923034668,51540100.0
2022-06-16,31.5,32.0,30.860000610351562,31.850000381469727,28.91373062133789,61363400.0
2022-06-17,32.029998779296875,32.58000183105469,31.639999389648438,31.920000076293945,28.977275848388672,80470300.0
2022-06-20,32.029998779296875,32.58000183105469,31.639999389648438,31.920000076293945,28.977275848388672,80470300.0
2022-06-21,32.88999938964844,33.290000915527344,32.619998931884766,32.849998474121094,29.821537017822266,53537200.0
2022-06-22,32.38999938964844,32.939998626708984,32.31999969482422,32.599998474121094,29.594587326049805,38305600.0
2022-06-23,32.380001068115234,32.40999984741211,31.260000228881836,32.08000183105469,29.122528076171875,44091500.0
2022-06-24,31.25,32.77000045776367,31.229999542236328,32.310001373291016,29.331323623657227,79504700.0
2022-06-27,32.41999816894531,32.599998474121094,31.90999984741211,32.349998474121094,29.367631912231445,47900300.0
2022-06-28,32.83000183105469,33.5,32.189998626708984,32.2599983215332,29.285930633544922,49863800.0
2022-06-29,32.22999954223633,32.439998626708984,31.65999984741211,31.860000610351562,28.922809600830078,35149700.0
2022-06-30,31.170000076293945,31.549999237060547,30.639999389648438,31.1299991607666,28.26010513305664,46312300.0
2022-07-01,30.979999542236328,31.670000076293945,30.6299991607666,31.559999465942383,28.650468826293945,40236100.0
2022-07-04,30.979999542236328,31.670000076293945,30.6299991607666,31.559999465942383,28.650468826293945,40236100.0
2022-07-05,30.799999237060547,31.239999771118164,30.450000762939453,31.239999771118164,28.359962463378906,47411800.0
2022-07-06,31.010000228881836,31.25,30.639999389648438,30.979999542236328,28.123937606811523,35933700.0
2022-07-07,31.5,32.0099983215332,31.469999313354492,31.860000610351562,28.922809600830078,40137900.0
2022-07-08,32.0099983215332,32.25,31.559999465942383,31.790000915527344,28.85926055908203,31153800.0
2022-07-11,31.549999237060547,31.790000915527344,31.290000915527344,31.459999084472656,28.559682846069336,29311900.0
2022-07-12,31.020000457763672,32.029998779296875,30.979999542236328,31.360000610351562,28.468904495239258,39527000.0
2022-07-13,31.06999969482422,31.149999618530273,30.399999618530273,30.84000015258789,27.996841430664062,44153700.0
2022-07-14,30.09000015258789,30.219999313354492,29.670000076293945,30.1299991607666,27.352294921875,51707800.0
2022-07-15,30.649999618530273,32.630001068115234,30.610000610351562,32.25,29.27685546875,77801700.0
2022-07-18,33.08000183105469,33.380001068115234,32.099998474121094,32.2599983215332,29.285930633544922,56382900.0
2022-07-19,32.900001525878906,33.619998931884766,32.68000030517578,33.349998474121094,30.275442123413086,46874900.0
2022-07-20,33.18000030517578,33.45000076293945,32.95000076293945,33.36000061035156,30.28451919555664,35514900.0
2022-07-21,33.09000015258789,33.66999816894531,32.95000076293945,33.650001525878906,30.547788619995117,31244000.0
2022-07-22,33.599998474121094,33.939998626708984,33.09000015258789,33.43000030517578,30.348072052001953,27115400.0
2022-07-25,33.779998779296875,33.97999954223633,33.439998626708984,33.72999954223633,30.620410919189453,30381000.0
2022-07-26,33.40999984741211,33.779998779296875,32.959999084472656,33.04999923706055,30.00309944152832,30645700.0
2022-07-27,33.2400016784668,33.77000045776367,32.95000076293945,33.59000015258789,30.493316650390625,30344800.0
2022-07-28,33.5,33.75,32.900001525878906,33.31999969482422,30.248210906982422,40176500.0
2022-07-29,33.470001220703125,33.939998626708984,33.349998474121094,33.810001373291016,30.693029403686523,48152500.0
2022-08-01,33.619998931884766,33.88999938964844,33.220001220703125,33.709999084472656,30.602252960205078,32336700.0
2022-08-02,33.599998474121094,33.720001220703125,33.0,33.040000915527344,29.99402618408203,37884100.0
2022-08-03,33.41999816894531,33.75,33.16999816894531,33.63999938964844,30.538705825805664,30065800.0
2022-08-04,33.52000045776367,33.66999816894531,33.16999816894531,33.400001525878906,30.320844650268555,28404500.0
2022-08-05,33.279998779296875,34.33000183105469,33.2400016784668,33.959999084472656,30.829208374023438,35874500.0
2022-08-08,34.16999816894531,34.290000915527344,33.45000076293945,33.4900016784668,30.40254020690918,33454300.0
2022-08-09,33.650001525878906,33.959999084472656,33.40999984741211,33.91999816894531,30.792898178100586,40196900.0
2022-08-10,34.5,35.43000030517578,34.45000076293945,35.06999969482422,31.836877822875977,61415800.0
2022-08-11,35.77000045776367,36.060001373291016,35.650001525878906,35.90999984741211,32.599430084228516,50420800.0
2022-08-12,36.15999984741211,36.310001373291016,35.689998626708984,36.29999923706055,32.9534797668457,31821700.0
2022-08-15,35.84000015258789,36.29999923706055,35.66999816894531,36.25,32.90808868408203,24908000.0
2022-08-16,36.189998626708984,36.939998626708984,36.099998474121094,36.63999938964844,33.26213455200195,31870200.0
2022-08-17,36.20000076293945,36.59000015258789,36.08000183105469,36.40999984741211,33.053340911865234,27125600.0
2022-08-18,36.25,36.400001525878906,36.0,36.279998779296875,32.93532180786133,23138300.0
2022-08-19,35.959999084472656,36.029998779296875,35.310001373291016,35.47999954223633,32.209075927734375,36485400.0
2022-08-22,34.75,34.81999969482422,34.45000076293945,34.720001220703125,31.519142150878906,31210300.0
2022-08-23,34.66999816894531,34.970001220703125,34.36000061035156,34.40999984741211,31.23772621154785,26588000.0
2022-08-24,34.25,34.79999923706055,34.04999923706055,34.52000045776367,31.33757781982422,31389400.0
2022-08-25,34.599998474121094,35.279998779296875,34.45000076293945,35.13999938964844,31.900426864624023,40576700.0
2022-08-26,35.439998626708984,35.47999954223633,34.02000045776367,34.029998779296875,30.892745971679688,36152600.0
2022-08-29,33.86000061035156,34.150001525878906,33.61000061035156,33.900001525878906,30.774736404418945,34931000.0
2022-08-30,34.18000030517578,34.279998779296875,33.540000915527344,34.09000015258789,30.94722557067871,48194900.0
2022-08-31,34.13999938964844,34.369998931884766,33.599998474121094,33.61000061035156,30.511474609375,44917600.0
2022-09-01,33.34000015258789,33.4900016784668,32.65999984741211,33.470001220703125,30.584583282470703,32848900.0
2022-09-02,33.93000030517578,34.47999954223633,33.27000045776367,33.43000030517578,30.54802703857422,44000800.0
2022-09-05,33.93000030517578,34.47999954223633,33.27000045776367,33.43000030517578,30.54802703857422,44000800.0
2022-09-06,33.63999938964844,33.72999954223633,32.61000061035156,33.060001373291016,30.20992660522461,40762400.0
2022-09-07,32.810001373291016,33.66999816894531,32.630001068115234,33.56999969482422,30.675954818725586,40742600.0
2022-09-08,33.459999084472656,34.72999954223633,33.27000045776367,34.650001525878906,31.66284942626953,44361800.0
2022-09-09,34.97999954223633,35.25,34.84000015258789,34.939998626708984,31.927846908569336,37295100.0
2022-09-12,35.20000076293945,35.630001068115234,35.029998779296875,35.27000045776367,32.22941207885742,30534000.0
2022-09-13,34.58000183105469,34.720001220703125,33.810001373291016,34.0,31.068885803222656,40959600.0
2022-09-14,34.20000076293945,34.41999816894531,33.540000915527344,33.869998931884766,30.95009422302246,32004400.0
2022-09-15,33.790000915527344,34.900001525878906,33.70000076293945,34.5099983215332,31.534915924072266,44863300.0
2022-09-16,34.189998626708984,34.22999954223633,33.65999984741211,34.119998931884766,31.178539276123047,54281800.0
2022-09-19,33.720001220703125,34.869998931884766,33.630001068115234,34.689998626708984,31.699403762817383,29782000.0
2022-09-20,34.5,34.779998779296875,33.880001068115234,34.16999816894531,31.224231719970703,33591100.0
2022-09-21,34.310001373291016,34.400001525878906,33.119998931884766,33.150001525878906,30.29216766357422,51667800.0
2022-09-22,33.310001373291016,33.41999816894531,32.38999938964844,32.5,29.698200225830078,47527500.0
2022-09-23,31.93000030517578,32.09000015258789,31.209999084472656,31.729999542236328,28.994585037231445,55316100.0
2022-09-26,31.31999969482422,31.81999969482422,30.68000030517578,31.030000686645508,28.354928970336914,40360200.0
2022-09-27,31.270000457763672,31.3700008392334,30.299999237060547,30.56999969482422,27.93458366394043,43396600.0
2022-09-28,30.530000686645508,31.309999465942383,30.389999389648438,31.06999969482422,28.3914794921875,38372900.0
2022-09-29,30.690000534057617,30.899999618530273,30.209999084472656,30.65999984741211,28.016828536987305,35220900.0
2022-09-30,30.760000228881836,31.190000534057617,30.170000076293945,30.200000762939453,27.596479415893555,42294100.0
2022-10-03,30.59000015258789,31.280000686645508,30.200000762939453,31.09000015258789,28.40975570678711,34591700.0
2022-10-04,31.719999313354492,32.52000045776367,31.65999984741211,32.380001068115234,29.58854866027832,39758700.0
2022-10-05,31.540000915527344,32.029998779296875,31.450000762939453,31.920000076293945,29.16819953918457,35791100.0
2022-10-06,31.600000381469727,31.8799991607666,31.360000610351562,31.459999084472656,28.747854232788086,40891900.0
2022-10-07,31.170000076293945,31.239999771118164,30.530000686645508,30.75,28.09906578063965,52304600.0
2022-10-10,30.899999618530273,31.049999237060547,30.350000381469727,30.65999984741211,28.016828536987305,37669100.0
2022-10-11,30.3700008392334,30.469999313354492,29.56999969482422,29.770000457763672,27.20355224609375,58124000.0
2022-10-12,29.639999389648438,30.309999465942383,29.479999542236328,29.860000610351562,27.285795211791992,36137900.0
2022-10-13,29.40999984741211,31.770000457763672,29.309999465942383,31.690000534057617,28.958026885986328,67671000.0
2022-10-14,31.809999465942383,32.630001068115234,31.56999969482422,31.700000762939453,28.967172622680664,58108500.0
2022-10-17,33.36000061035156,33.869998931884766,32.869998931884766,33.619998931884766,30.721641540527344,88896800.0
2022-10-18,34.97999954223633,35.36000061035156,34.279998779296875,34.880001068115234,31.873027801513672,81937900.0
2022-10-19,34.58000183105469,34.83000183105469,33.77000045776367,33.91999816894531,30.995786666870117,43139900.0
2022-10-20,33.97999954223633,34.630001068115234,33.59000015258789,33.70000076293945,30.794754028320312,39549100.0
2022-10-21,33.560001373291016,35.040000915527344,33.560001373291016,34.95000076293945,31.93698501586914,54870300.0
2022-10-24,35.11000061035156,35.2599983215332,34.709999084472656,35.06999969482422,32.04663848876953,33765600.0
2022-10-25,34.7400016784668,35.58000183105469,34.529998779296875,35.38999938964844,32.33905792236328,37132300.0
2022-10-26,35.41999816894531,36.09000015258789,35.349998474121094,35.70000076293945,32.62232971191406,41104600.0
2022-10-27,36.150001525878906,36.369998931884766,35.77000045776367,35.869998931884766,32.777679443359375,35261900.0
2022-10-28,36.040000915527344,36.29999923706055,35.63999938964844,36.18000030517578,33.060951232910156,31659100.0
2022-10-31,36.0,36.33000183105469,35.810001373291016,36.040000915527344,32.93301773071289,32565500.0
2022-11-01,36.439998626708984,36.7599983215332,36.11000061035156,36.20000076293945,33.07923126220703,29913200.0
2022-11-02,36.06999969482422,37.279998779296875,35.95000076293945,36.09000015258789,32.97870635986328,57380600.0
2022-11-03,35.70000076293945,36.13999938964844,35.40999984741211,35.88999938964844,32.79595184326172,30046500.0
2022-11-04,36.5,37.0,36.220001220703125,36.790000915527344,33.61836242675781,39369400.0
2022-11-07,37.0099983215332,37.34000015258789,36.72999954223633,37.0099983215332,33.81939697265625,37533700.0
2022-11-08,37.09000015258789,37.41999816894531,36.75,37.11000061035156,33.91077423095703,32664300.0
2022-11-09,36.880001068115234,36.959999084472656,36.38999938964844,36.52000045776367,33.371639251708984,30164400.0
2022-11-10,37.29999923706055,38.220001220703125,37.13999938964844,38.130001068115234,34.842838287353516,45702800.0
2022-11-11,38.189998626708984,38.599998474121094,37.970001220703125,38.40999984741211,35.09870147705078,35688700.0
2022-11-14,38.09000015258789,38.2599983215332,37.75,37.7599983215332,34.504737854003906,35541400.0
2022-11-15,38.189998626708984,38.29999923706055,37.29999923706055,37.70000076293945,34.44990539550781,46082800.0
2022-11-16,37.61000061035156,37.7400016784668,37.20000076293945,37.36000061035156,34.13923263549805,23813000.0
2022-11-17,36.880001068115234,37.20000076293945,36.560001373291016,37.16999816894531,33.965599060058594,23689700.0
2022-11-18,37.790000915527344,37.849998474121094,36.91999816894531,37.189998626708984,33.9838752746582,32041800.0
2022-11-21,37.09000015258789,37.52000045776367,37.060001373291016,37.310001373291016,34.093536376953125,27935700.0
2022-11-22,37.59000015258789,37.79999923706055,37.43000030517578,37.4900016784668,34.258018493652344,23499300.0
2022-11-23,37.4900016784668,37.65999984741211,37.369998931884766,37.61000061035156,34.36766815185547,18934700.0
2022-11-24,37.4900016784668,37.65999984741211,37.369998931884766,37.61000061035156,34.36766815185547,18934700.0
2022-11-25,37.720001220703125,37.869998931884766,37.560001373291016,37.70000076293945,34.44990539550781,16118500.0
2022-11-28,37.400001525878906,37.65999984741211,36.83000183105469,36.86000061035156,33.68232727050781,35428300.0
2022-11-29,36.97999954223633,37.150001525878906,36.720001220703125,37.0,33.81025695800781,27048800.0
2022-11-30,36.900001525878906,37.849998474121094,36.20000076293945,37.849998474121094,34.58697509765625,51747900.0
2022-12-01,37.5,37.689998626708984,36.400001525878906,36.54999923706055,33.59431838989258,46213200.0
2022-12-02,36.060001373291016,36.290000915527344,35.810001373291016,36.08000183105469,33.16232681274414,42295300.0
2022-12-05,35.810001373291016,35.88999938964844,34.13999938964844,34.470001220703125,31.68252182006836,71386600.0
2022-12-06,34.56999969482422,34.68000030517578,32.40999984741211,33.0,30.331390380859375,84085700.0
2022-12-07,32.59000015258789,32.91999816894531,32.349998474121094,32.7400016784668,30.092418670654297,49234100.0
2022-12-08,32.970001220703125,32.9900016784668,32.18000030517578,32.439998626708984,29.816675186157227,45491100.0
2022-12-09,32.11000061035156,32.599998474121094,32.08000183105469,32.380001068115234,29.761533737182617,36985500.0
2022-12-12,32.310001373291016,32.779998779296875,32.060001373291016,32.72999954223633,30.08322525024414,41060500.0
2022-12-13,33.54999923706055,33.66999816894531,32.56999969482422,32.75,30.101612091064453,54804800.0
2022-12-14,32.79999923706055,33.0,32.15999984741211,32.279998779296875,29.66961669921875,48819500.0
2022-12-15,31.75,31.989999771118164,31.489999771118164,31.770000457763672,29.200862884521484,49027600.0
2022-12-16,31.6200008392334,31.93000030517578,31.350000381469727,31.700000762939453,29.136524200439453,61795200.0
2022-12-19,31.760000228881836,32.22999954223633,31.729999542236328,32.060001373291016,29.467409133911133,38374100.0
2022-12-20,32.400001525878906,32.58000183105469,32.13999938964844,32.189998626708984,29.586896896362305,35561100.0
2022-12-21,32.52000045776367,32.869998931884766,32.40999984741211,32.68000030517578,30.037273406982422,32544000.0
2022-12-22,32.52000045776367,32.58000183105469,31.8700008392334,32.38999938964844,29.77072525024414,30234400.0
2022-12-23,32.400001525878906,32.58000183105469,32.189998626708984,32.470001220703125,29.844257354736328,21378600.0
2022-12-26,32.400001525878906,32.58000183105469,32.189998626708984,32.470001220703125,29.844257354736328,21378600.0
2022-12-27,32.5,32.66999816894531,32.279998779296875,32.529998779296875,29.899396896362305,22776100.0
2022-12-28,32.56999969482422,32.970001220703125,32.529998779296875,32.77000045776367,30.119997024536133,30541000.0
2022-12-29,32.88999938964844,33.15999984741211,32.75,33.13999938964844,30.46007537841797,22252900.0
2022-12-30,33.099998474121094,33.29999923706055,32.86000061035156,33.119998931884766,30.441686630249023,28198900.0
2023-01-02,33.099998474121094,33.29999923706055,32.86000061035156,33.119998931884766,30.441686630249023,28198900.0
2023-01-03,33.22999954223633,34.09000015258789,33.209999084472656,33.5099983215332,30.80014419555664,35221500.0
2023-01-04,33.900001525878906,34.81999969482422,33.83000183105469,34.13999938964844,31.379207611083984,41998500.0
2023-01-05,33.91999816894531,34.13999938964844,33.58000183105469,34.06999969482422,31.314868927001953,34177000.0
2023-01-06,34.09000015258789,34.58000183105469,33.540000915527344,34.40999984741211,31.62736701965332,34068700.0
2023-01-09,34.75,34.7599983215332,33.709999084472656,33.88999938964844,31.14942169189453,43818800.0
2023-01-10,33.7400016784668,34.27000045776367,33.63999938964844,34.119998931884766,31.36082649230957,35096000.0
2023-01-11,34.119998931884766,34.439998626708984,34.0,34.380001068115234,31.59979820251465,36783700.0
2023-01-12,34.599998474121094,34.869998931884766,34.36000061035156,34.470001220703125,31.68252182006836,44230400.0
2023-01-13,34.20000076293945,35.38999938964844,33.09000015258789,35.22999954223633,32.38105773925781,89667800.0
2023-01-16,34.20000076293945,35.38999938964844,33.09000015258789,35.22999954223633,32.38105773925781,89667800.0
2023-01-17,34.689998626708984,34.83000183105469,34.150001525878906,34.52000045776367,31.728479385375977,56458400.0
2023-01-18,34.33000183105469,34.34000015258789,33.5099983215332,33.720001220703125,30.993179321289062,54517800.0
2023-01-19,33.279998779296875,33.54999923706055,32.88999938964844,33.22999954223633,30.542797088623047,42707100.0
2023-01-20,33.29999923706055,33.88999938964844,33.09000015258789,33.849998474121094,31.11266326904297,45004400.0
2023-01-23,33.810001373291016,34.5099983215332,33.75,34.31999969482422,31.544647216796875,33683300.0
2023-01-24,34.220001220703125,34.790000915527344,33.95000076293945,34.56999969482422,31.77442741394043,26716700.0
2023-01-25,34.29999923706055,34.959999084472656,34.25,34.869998931884766,32.05017852783203,28859700.0
2023-01-26,35.04999923706055,35.349998474121094,34.790000915527344,35.34000015258789,32.4821662902832,30035500.0
2023-01-27,35.439998626708984,35.779998779296875,35.27000045776367,35.45000076293945,32.58327102661133,29964900.0
2023-01-30,35.209999084472656,35.560001373291016,35.18000030517578,35.29999923706055,32.445396423339844,27353500.0
2023-01-31,35.16999816894531,35.47999954223633,35.0,35.47999954223633,32.61084747314453,38917400.0
2023-02-01,35.20000076293945,36.2599983215332,35.11000061035156,35.91999816894531,33.0152587890625,44438700.0
2023-02-02,36.099998474121094,36.380001068115234,35.439998626708984,36.130001068115234,33.20827865600586,33729100.0
2023-02-03,36.02000045776367,36.7599983215332,35.900001525878906,36.43000030517578,33.484012603759766,37411700.0
2023-02-06,36.25,36.439998626708984,35.97999954223633,36.369998931884766,33.42886734008789,29463200.0
2023-02-07,36.16999816894531,37.0,36.130001068115234,36.77000045776367,33.79652786254883,44100200.0
2023-02-08,36.40999984741211,36.84000015258789,36.34000015258789,36.5,33.54835510253906,28032800.0
2023-02-09,36.27000045776367,36.349998474121094,35.560001373291016,35.720001220703125,32.83142852783203,35257100.0
2023-02-10,35.54999923706055,35.59000015258789,35.029998779296875,35.58000183105469,32.702754974365234,32898900.0
2023-02-13,35.47999954223633,35.779998779296875,35.38999938964844,35.650001525878906,32.767093658447266,29163900.0
2023-02-14,35.630001068115234,35.9900016784668,35.459999084472656,35.619998931884766,32.7395133972168,33625200.0
2023-02-15,35.31999969482422,35.61000061035156,35.15999984741211,35.560001373291016,32.68437957763672,23500100.0
2023-02-16,35.41999816894531,35.65999984741211,35.220001220703125,35.279998779296875,32.42702102661133,22681100.0
2023-02-17,35.08000183105469,35.38999938964844,34.7400016784668,35.349998474121094,32.49135208129883,28562700.0
2023-02-20,35.08000183105469,35.38999938964844,34.7400016784668,35.349998474121094,32.49135208129883,28562700.0
2023-02-21,34.90999984741211,35.04999923706055,34.27000045776367,34.52000045776367,31.728479385375977,37068900.0
2023-02-22,34.36000061035156,34.54999923706055,34.06999969482422,34.290000915527344,31.51707649230957,38550400.0
2023-02-23,34.400001525878906,34.599998474121094,33.86000061035156,34.2599983215332,31.489500045776367,28488000.0
2023-02-24,33.86000061035156,34.290000915527344,33.84000015258789,34.209999084472656,31.44355010986328,27046600.0
2023-02-27,34.45000076293945,34.689998626708984,34.16999816894531,34.209999084472656,31.44355010986328,30137500.0
2023-02-28,34.349998474121094,34.4900016784668,34.18000030517578,34.29999923706055,31.526268005371094,32620600.0
2023-03-01,34.150001525878906,34.4900016784668,33.97999954223633,34.13999938964844,31.379207611083984,29281600.0
2023-03-02,33.65999984741211,33.70000076293945,33.0,33.4900016784668,30.981416702270508,44607200.0
2023-03-03,33.650001525878906,34.290000915527344,33.650001525878906,34.15999984741211,31.601234436035156,39109100.0
2023-03-06,34.2400016784668,34.560001373291016,33.9900016784668,34.09000015258789,31.53647232055664,36646700.0
2023-03-07,33.849998474121094,33.900001525878906,32.79999923706055,33.0,30.528121948242188,52855300.0
2023-03-08,32.65999984741211,32.970001220703125,32.439998626708984,32.560001373291016,30.121078491210938,40045600.0
2023-03-09,32.279998779296875,32.38999938964844,30.309999465942383,30.540000915527344,28.25238609313965,112457900.0
2023-03-10,30.31999969482422,31.040000915527344,28.920000076293945,30.270000457763672,28.002607345581055,165330900.0
2023-03-13,28.920000076293945,29.719999313354492,27.8700008392334,28.510000228881836,26.37444496154785,218403300.0
2023-03-14,29.989999771118164,30.09000015258789,28.469999313354492,28.760000228881836,26.605714797973633,154255800.0
2023-03-15,27.8799991607666,28.559999465942383,27.68000030517578,28.489999771118164,26.355941772460938,131104400.0
2023-03-16,28.3799991607666,29.469999313354492,28.110000610351562,28.969999313354492,26.79998779296875,108348800.0
2023-03-17,28.65999984741211,28.65999984741211,27.6200008392334,27.81999969482422,25.736127853393555,130665500.0
2023-03-20,28.239999771118164,28.43000030517578,27.649999618530273,27.75,25.67137336730957,81441200.0
2023-03-21,28.6299991607666,28.979999542236328,28.510000228881836,28.59000015258789,26.448453903198242,84854800.0
2023-03-22,28.709999084472656,28.739999771118164,27.639999389648438,27.639999389648438,25.569608688354492,76925900.0
2023-03-23,28.0,28.09000015258789,26.790000915527344,26.969999313354492,24.94979476928711,105335900.0
2023-03-24,26.600000381469727,27.290000915527344,26.31999969482422,27.139999389648438,25.10706329345703,96872700.0
2023-03-27,27.93000030517578,28.649999618530273,27.90999984741211,28.489999771118164,26.355941772460938,102469800.0
2023-03-28,28.3799991607666,28.649999618530273,27.979999542236328,28.1200008392334,26.01365852355957,63416500.0
2023-03-29,28.489999771118164,28.770000457763672,28.239999771118164,28.670000076293945,26.5224609375,62666400.0
2023-03-30,28.920000076293945,29.059999465942383,28.110000610351562,28.299999237060547,26.180171966552734,67427100.0
2023-03-31,28.6200008392334,28.68000030517578,28.260000228881836,28.600000381469727,26.457700729370117,56482100.0
2023-04-03,28.639999389648438,28.979999542236328,28.329999923706055,28.59000015258789,26.448453903198242,51996800.0
2023-04-04,28.549999237060547,28.649999618530273,27.65999984741211,27.979999542236328,25.884140014648438,56233300.0
2023-04-05,27.65999984741211,27.90999984741211,27.459999084472656,27.639999389648438,25.569608688354492,47799400.0
2023-04-06,27.719999313354492,28.010000228881836,27.6200008392334,27.84000015258789,25.754629135131836,41216600.0
2023-04-07,27.719999313354492,28.010000228881836,27.6200008392334,27.84000015258789,25.754629135131836,41216600.0
2023-04-10,27.670000076293945,28.100000381469727,27.649999618530273,27.940000534057617,25.847137451171875,40572700.0
2023-04-11,28.020000457763672,28.75,27.959999084472656,28.709999084472656,26.55946159362793,58761200.0
2023-04-12,28.68000030517578,29.010000228881836,28.3700008392334,28.479999542236328,26.346689224243164,44313300.0
2023-04-13,28.559999465942383,28.639999389648438,28.239999771118164,28.559999465942383,26.420696258544922,52261400.0
2023-04-14,29.299999237060547,29.8700008392334,29.25,29.520000457763672,27.308792114257812,81110800.0
2023-04-17,29.770000457763672,30.40999984741211,29.399999618530273,30.3700008392334,28.095121383666992,83704400.0
2023-04-18,30.799999237060547,30.93000030517578,29.799999237060547,30.559999465942383,28.270883560180664,114498800.0
2023-04-19,30.1299991607666,30.200000762939453,29.790000915527344,30.059999465942383,27.80833625793457,65594200.0
2023-04-20,29.84000015258789,30.229999542236328,29.770000457763672,29.899999618530273,27.660322189331055,43193800.0
2023-04-21,29.75,29.979999542236328,29.40999984741211,29.8700008392334,27.632572174072266,44759000.0
2023-04-24,29.790000915527344,29.899999618530273,29.59000015258789,29.760000228881836,27.530813217163086,28020300.0
2023-04-25,29.450000762939453,29.530000686645508,28.81999969482422,28.84000015258789,26.679725646972656,49718800.0
2023-04-26,28.760000228881836,28.940000534057617,28.299999237060547,28.440000534057617,26.309688568115234,45848400.0
2023-04-27,28.520000457763672,29.079999923706055,28.520000457763672,28.889999389648438,26.725980758666992,33060100.0
2023-04-28,28.530000686645508,29.43000030517578,28.510000228881836,29.280000686645508,27.086767196655273,45592500.0
2023-05-01,29.5,29.540000915527344,29.0,29.040000915527344,26.864744186401367,34076800.0
2023-05-02,28.850000381469727,28.860000610351562,27.709999084472656,28.15999984741211,26.0506591796875,70797700.0
2023-05-03,28.15999984741211,28.5,27.809999465942383,27.860000610351562,25.77313232421875,51139500.0
2023-05-04,27.579999923706055,27.809999465942383,26.829999923706055,26.989999771118164,24.968303680419922,82173800.0
2023-05-05,27.6200008392334,27.889999389648438,27.469999313354492,27.709999084472656,25.634366989135742,50087100.0
2023-05-08,28.079999923706055,28.149999618530273,27.65999984741211,27.690000534057617,25.615867614746094,34245500.0
2023-05-09,27.420000076293945,27.829999923706055,27.239999771118164,27.65999984741211,25.58811378479004,32188800.0
2023-05-10,27.959999084472656,28.0,27.020000457763672,27.31999969482422,25.273582458496094,44446400.0
2023-05-11,27.010000228881836,27.489999771118164,26.8799991607666,27.389999389648438,25.338336944580078,34897300.0
2023-05-12,27.520000457763672,27.549999237060547,26.8799991607666,27.09000015258789,25.06081199645996,38142000.0
2023-05-15,27.100000381469727,27.81999969482422,27.030000686645508,27.649999618530273,25.578861236572266,38722800.0
2023-05-16,27.780000686645508,27.899999618530273,27.329999923706055,27.360000610351562,25.310583114624023,33347500.0
2023-05-17,27.739999771118164,28.670000076293945,27.729999542236328,28.56999969482422,26.429948806762695,61750400.0
2023-05-18,28.440000534057617,28.5,28.0,28.469999313354492,26.337440490722656,51146100.0
2023-05-19,28.459999084472656,28.670000076293945,28.030000686645508,28.110000610351562,26.004405975341797,50062500.0
2023-05-22,28.299999237060547,28.450000762939453,28.010000228881836,28.34000015258789,26.217178344726562,36473700.0
2023-05-23,28.31999969482422,29.079999923706055,28.299999237060547,28.579999923706055,26.439199447631836,51400400.0
2023-05-24,28.329999923706055,28.510000228881836,28.0,28.100000381469727,25.995153427124023,50606900.0
2023-05-25,27.989999771118164,28.239999771118164,27.8799991607666,28.170000076293945,26.059913635253906,40517800.0
2023-05-26,28.200000762939453,28.399999618530273,27.790000915527344,28.309999465942383,26.189424514770508,57879100.0
2023-05-29,28.200000762939453,28.399999618530273,27.790000915527344,28.309999465942383,26.189424514770508,57879100.0
2023-05-30,28.31999969482422,28.489999771118164,27.950000762939453,28.260000228881836,26.143171310424805,41819600.0
2023-05-31,28.100000381469727,28.15999984741211,27.479999542236328,27.790000915527344,25.7083740234375,61905200.0
2023-06-01,27.760000228881836,27.979999542236328,27.34000015258789,27.780000686645508,25.904191970825195,57426100.0
2023-06-02,28.15999984741211,28.950000762939453,28.1200008392334,28.709999084472656,26.771398544311523,66578100.0
2023-06-05,28.81999969482422,28.81999969482422,28.299999237060547,28.540000915527344,26.612878799438477,34757800.0
2023-06-06,28.459999084472656,29.43000030517578,28.450000762939453,29.229999542236328,27.25628662109375,46297900.0
2023-06-07,29.299999237060547,29.649999618530273,29.010000228881836,29.479999542236328,27.48940658569336,44502600.0
2023-06-08,29.280000686645508,29.3799991607666,28.989999771118164,29.229999542236328,27.25628662109375,41483100.0
2023-06-09,29.200000762939453,29.399999618530273,29.079999923706055,29.270000457763672,27.293588638305664,32692000.0
2023-06-12,29.299999237060547,29.559999465942383,28.90999984741211,29.1299991607666,27.16303825378418,41011300.0
2023-06-13,29.1299991607666,29.799999237060547,29.030000686645508,29.399999618530273,27.414806365966797,42718800.0
2023-06-14,29.56999969482422,29.729999542236328,28.989999771118164,29.1200008392334,27.153717041015625,38322800.0
2023-06-15,28.899999618530273,29.469999313354492,28.690000534057617,29.3700008392334,27.386831283569336,42044900.0
2023-06-16,29.530000686645508,29.68000030517578,29.15999984741211,29.190000534057617,27.21898651123047,53050200.0
2023-06-19,29.530000686645508,29.68000030517578,29.15999984741211,29.190000534057617,27.21898651123047,53050200.0
2023-06-20,29.010000228881836,29.040000915527344,28.579999923706055,28.8700008392334,26.920595169067383,39040900.0
2023-06-21,28.780000686645508,29.0,28.540000915527344,28.56999969482422,26.64084815979004,39553400.0
2023-06-22,28.5,28.530000686645508,27.899999618530273,27.959999084472656,26.072040557861328,50742900.0
2023-06-23,27.739999771118164,27.889999389648438,27.59000015258789,27.75,25.876222610473633,55181100.0
2023-06-26,27.799999237060547,28.280000686645508,27.790000915527344,28.09000015258789,26.193265914916992,47519300.0
2023-06-27,28.100000381469727,28.399999618530273,27.950000762939453,28.239999771118164,26.33313751220703,39081800.0
2023-06-28,28.25,28.270000457763672,27.899999618530273,28.06999969482422,26.17461395263672,37803800.0
2023-06-29,28.5,29.0,28.399999618530273,28.65999984741211,26.724775314331055,68376400.0
2023-06-30,28.940000534057617,29.110000610351562,28.670000076293945,28.690000534057617,26.752748489379883,50479000.0
2023-07-03,28.700000762939453,29.350000381469727,28.649999618530273,29.200000762939453,27.228313446044922,30995800.0
2023-07-04,28.700000762939453,29.350000381469727,28.649999618530273,29.200000762939453,27.228313446044922,30995800.0
2023-07-05,29.139999389648438,29.420000076293945,28.950000762939453,29.079999923706055,27.11641502380371,37492000.0
2023-07-06,28.799999237060547,28.81999969482422,28.100000381469727,28.280000686645508,26.370433807373047,52098000.0
2023-07-07,28.299999237060547,28.81999969482422,28.290000915527344,28.530000686645508,26.603551864624023,34288000.0
2023-07-10,28.59000015258789,28.850000381469727,28.469999313354492,28.65999984741211,26.724775314331055,36086000.0
2023-07-11,28.65999984741211,29.079999923706055,28.420000076293945,29.020000457763672,27.060466766357422,40978700.0
2023-07-12,29.510000228881836,29.889999389648438,29.270000457763672,29.360000610351562,27.37751007080078,41855500.0
2023-07-13,29.520000457763672,29.8700008392334,29.40999984741211,29.670000076293945,27.666574478149414,39589000.0
2023-07-14,30.0,30.100000381469727,29.049999237060547,29.110000610351562,27.144392013549805,58720300.0
2023-07-17,29.149999618530273,29.559999465942383,29.1200008392334,29.399999618530273,27.414806365966797,49477200.0
2023-07-18,30.0,30.860000610351562,29.920000076293945,30.700000762939453,28.627031326293945,98253800.0
2023-07-19,30.889999389648438,31.700000762939453,30.690000534057617,31.530000686645508,29.400985717773438,70619800.0
2023-07-20,31.329999923706055,31.799999237060547,31.260000228881836,31.690000534057617,29.55017852783203,42128800.0
2023-07-21,31.8700008392334,32.11000061035156,31.420000076293945,31.979999542236328,29.82059669494629,70872400.0
2023-07-24,32.0,32.849998474121094,31.979999542236328,32.650001525878906,30.445358276367188,64548600.0
2023-07-25,32.7599983215332,32.790000915527344,32.06999969482422,32.150001525878906,29.97911834716797,51208800.0
2023-07-26,32.2400016784668,32.540000915527344,32.150001525878906,32.40999984741211,30.221559524536133,41814600.0
2023-07-27,32.43000030517578,32.7400016784668,31.81999969482422,31.950000762939453,29.792627334594727,45529500.0
2023-07-28,32.150001525878906,32.15999984741211,31.709999084472656,31.899999618530273,29.745996475219727,33296500.0
2023-07-31,31.899999618530273,32.25,31.780000686645508,32.0,29.83924674987793,29093400.0
2023-08-01,31.84000015258789,31.940000534057617,31.420000076293945,31.6200008392334,29.484907150268555,32712000.0
2023-08-02,31.15999984741211,31.280000686645508,30.780000686645508,31.190000534057617,29.083938598632812,38855100.0
2023-08-03,30.940000534057617,31.549999237060547,30.8799991607666,31.40999984741211,29.289085388183594,27933400.0
2023-08-04,31.360000610351562,31.670000076293945,31.170000076293945,31.299999237060547,29.186511993408203,30768100.0
2023-08-07,31.40999984741211,31.899999618530273,31.40999984741211,31.8799991607666,29.727346420288086,31745200.0
2023-08-08,31.299999237060547,31.309999465942383,30.479999542236328,31.270000457763672,29.15854263305664,45951800.0
2023-08-09,31.219999313354492,31.280000686645508,30.829999923706055,30.860000610351562,28.776226043701172,30732100.0
2023-08-10,31.010000228881836,31.31999969482422,30.799999237060547,30.940000534057617,28.850820541381836,26062600.0
2023-08-11,30.799999237060547,31.399999618530273,30.75,31.290000915527344,29.177186965942383,35720700.0
2023-08-14,31.049999237060547,31.110000610351562,30.75,30.93000030517578,28.841495513916016,32563700.0
2023-08-15,30.5,30.549999237060547,29.84000015258789,29.940000534057617,27.918346405029297,43406100.0
2023-08-16,29.75,29.84000015258789,29.209999084472656,29.290000915527344,27.31223487854004,47220400.0
2023-08-17,29.440000534057617,29.540000915527344,29.110000610351562,29.280000686645508,27.30291175842285,37202200.0
2023-08-18,29.040000915527344,29.350000381469727,28.979999542236328,29.110000610351562,27.144392013549805,31430400.0
2023-08-21,29.219999313354492,29.299999237060547,28.799999237060547,29.149999618530273,27.18168830871582,34959000.0
2023-08-22,29.1299991607666,29.239999771118164,28.420000076293945,28.440000534057617,26.519634246826172,37564200.0
2023-08-23,28.450000762939453,28.510000228881836,28.18000030517578,28.450000762939453,26.52895736694336,44686600.0
2023-08-24,28.399999618530273,28.790000915527344,28.3700008392334,28.6200008392334,26.687477111816406,31934800.0
2023-08-25,28.639999389648438,28.790000915527344,28.299999237060547,28.5,26.575578689575195,34253200.0
2023-08-28,28.690000534057617,29.0,28.56999969482422,28.760000228881836,26.818023681640625,33075200.0
2023-08-29,28.889999389648438,29.260000228881836,28.719999313354492,29.170000076293945,27.200336456298828,30428200.0
2023-08-30,29.219999313354492,29.270000457763672,28.93000030517578,29.040000915527344,27.079118728637695,33366400.0
2023-08-31,28.93000030517578,28.969999313354492,28.530000686645508,28.670000076293945,26.956884384155273,37243000.0
2023-09-01,28.760000228881836,29.1299991607666,28.760000228881836,28.979999542236328,27.24835968017578,35228600.0
2023-09-04,28.760000228881836,29.1299991607666,28.760000228881836,28.979999542236328,27.24835968017578,35228600.0
2023-09-05,28.940000534057617,29.1200008392334,28.5,28.649999618530273,26.938077926635742,46543600.0
2023-09-06,28.399999618530273,28.559999465942383,28.1200008392334,28.389999389648438,26.693618774414062,45022600.0
2023-09-07,28.40999984741211,28.549999237060547,28.059999465942383,28.1299991607666,26.449148178100586,35023600.0
2023-09-08,28.1200008392334,28.3799991607666,27.959999084472656,28.360000610351562,26.665407180786133,36513900.0
2023-09-11,28.510000228881836,28.760000228881836,28.399999618530273,28.479999542236328,26.778236389160156,34168300.0
2023-09-12,28.459999084472656,29.139999389648438,28.399999618530273,28.969999313354492,27.23895835876465,42284000.0
2023-09-13,29.1200008392334,29.190000534057617,28.700000762939453,28.8799991607666,27.154333114624023,37215700.0
2023-09-14,29.170000076293945,29.440000534057617,29.100000381469727,29.200000762939453,27.45521354675293,44634800.0
2023-09-15,28.950000762939453,29.09000015258789,28.75,28.84000015258789,27.11672592163086,61661100.0
2023-09-18,28.799999237060547,28.799999237060547,28.489999771118164,28.760000228881836,27.041507720947266,25752300.0
2023-09-19,28.760000228881836,28.940000534057617,28.510000228881836,28.649999618530273,26.938077926635742,34888100.0
2023-09-20,28.809999465942383,28.969999313354492,28.530000686645508,28.549999237060547,26.84405517578125,26641100.0
2023-09-21,28.360000610351562,28.59000015258789,28.020000457763672,28.049999237060547,26.373929977416992,39906000.0
2023-09-22,28.06999969482422,28.190000534057617,27.600000381469727,27.639999389648438,25.988428115844727,41284400.0
2023-09-25,27.5,27.6200008392334,27.350000381469727,27.600000381469727,25.95081901550293,32749200.0
2023-09-26,27.34000015258789,27.5,27.010000228881836,27.170000076293945,25.5465145111084,42237400.0
2023-09-27,27.229999542236328,27.610000610351562,27.06999969482422,27.270000457763672,25.640539169311523,38296300.0
2023-09-28,27.170000076293945,27.639999389648438,27.170000076293945,27.559999465942383,25.913209915161133,36734300.0
2023-09-29,27.889999389648438,27.989999771118164,27.270000457763672,27.3799991607666,25.74396324157715,40645900.0
2023-10-02,27.270000457763672,27.360000610351562,26.579999923706055,26.700000762939453,25.10460090637207,50388600.0
2023-10-03,26.489999771118164,26.520000457763672,25.81999969482422,25.90999984741211,24.36180305480957,62144500.0
2023-10-04,25.8799991607666,26.010000228881836,25.579999923706055,25.940000534057617,24.390010833740234,55696400.0
2023-10-05,25.780000686645508,26.09000015258789,25.559999465942383,26.059999465942383,24.502840042114258,49044100.0
2023-10-06,25.770000457763672,26.229999542236328,25.469999313354492,26.06999969482422,24.512239456176758,58177300.0
2023-10-09,25.760000228881836,26.360000610351562,25.719999313354492,26.309999465942383,24.737899780273438,39953700.0
2023-10-10,26.610000610351562,27.299999237060547,26.56999969482422,27.010000228881836,25.396074295043945,51960100.0
2023-10-11,27.170000076293945,27.440000534057617,26.899999618530273,27.020000457763672,25.40547752380371,38508200.0
2023-10-12,26.969999313354492,27.079999923706055,26.610000610351562,26.899999618530273,25.292646408081055,44249800.0
2023-10-13,27.43000030517578,27.719999313354492,26.520000457763672,26.760000228881836,25.161012649536133,55089700.0
2023-10-16,27.15999984741211,27.18000030517578,26.770000457763672,26.989999771118164,25.377267837524414,56817500.0
2023-10-17,27.049999237060547,27.8700008392334,26.719999313354492,27.6200008392334,25.969627380371094,95344200.0
2023-10-18,27.540000915527344,28.040000915527344,27.209999084472656,27.309999465942383,25.678146362304688,68371100.0
2023-10-19,27.25,27.780000686645508,26.8799991607666,26.959999084472656,25.34906005859375,58611000.0
2023-10-20,26.799999237060547,26.940000534057617,26.239999771118164,26.309999465942383,24.737899780273438,62058400.0
2023-10-23,26.1299991607666,26.209999084472656,25.520000457763672,25.56999969482422,24.042118072509766,59857200.0
2023-10-24,25.739999771118164,25.8700008392334,25.399999618530273,25.469999313354492,23.948091506958008,55975700.0
2023-10-25,25.3799991607666,25.649999618530273,25.18000030517578,25.549999237060547,24.023311614990234,45522400.0
2023-10-26,25.489999771118164,26.360000610351562,25.440000534057617,26.1200008392334,24.55925178527832,60921000.0
2023-10-27,26.06999969482422,26.06999969482422,24.959999084472656,25.170000076293945,23.6660213470459,64709300.0
2023-10-30,25.31999969482422,25.780000686645508,25.280000686645508,25.690000534057617,24.154945373535156,41891900.0
2023-10-31,25.739999771118164,26.3799991607666,25.719999313354492,26.34000015258789,24.766109466552734,50106700.0
2023-11-01,26.440000534057617,26.6200008392334,26.149999618530273,26.399999618530273,24.822525024414062,44046300.0
2023-11-02,26.709999084472656,27.65999984741211,26.59000015258789,27.6200008392334,25.969627380371094,63278300.0
2023-11-03,28.15999984741211,28.93000030517578,28.1299991607666,28.420000076293945,26.721824645996094,62613600.0
2023-11-06,28.559999465942383,28.770000457763672,28.020000457763672,28.329999923706055,26.6372013092041,45548000.0
2023-11-07,28.049999237060547,28.260000228881836,27.950000762939453,28.15999984741211,26.477357864379883,33081900.0
2023-11-08,28.15999984741211,28.200000762939453,27.670000076293945,27.889999389648438,26.223491668701172,31896000.0
2023-11-09,28.06999969482422,28.079999923706055,27.399999618530273,27.530000686645508,25.8850040435791,32267900.0
2023-11-10,27.760000228881836,27.770000457763672,27.34000015258789,27.68000030517578,26.026039123535156,32858500.0
2023-11-13,27.540000915527344,27.850000381469727,27.420000076293945,27.700000762939453,26.044843673706055,28521800.0
2023-11-14,28.5,29.40999984741211,28.469999313354492,29.219999313354492,27.474021911621094,66676300.0
2023-11-15,29.200000762939453,29.729999542236328,29.200000762939453,29.6200008392334,27.85011863708496,46968900.0
2023-11-16,29.43000030517578,29.700000762939453,29.219999313354492,29.540000915527344,27.77490234375,36952800.0
2023-11-17,29.709999084472656,30.0,29.549999237060547,29.979999542236328,28.188608169555664,38493300.0
2023-11-20,29.979999542236328,30.25,29.75,30.010000228881836,28.21681785583496,46783400.0
2023-11-21,29.989999771118164,29.989999771118164,29.549999237060547,29.65999984741211,27.887731552124023,41611900.0
2023-11-22,29.739999771118164,29.790000915527344,29.520000457763672,29.6299991607666,27.859519958496094,41422700.0
2023-11-23,29.739999771118164,29.790000915527344,29.520000457763672,29.6299991607666,27.859519958496094,41422700.0
2023-11-24,29.479999542236328,29.889999389648438,29.479999542236328,29.729999542236328,27.95354652404785,15815600.0
2023-11-27,29.600000381469727,29.690000534057617,29.510000228881836,29.559999465942383,27.793704986572266,42039500.0
2023-11-28,29.530000686645508,29.649999618530273,29.31999969482422,29.530000686645508,27.765499114990234,29705800.0
2023-11-29,29.8799991607666,30.610000610351562,29.809999465942383,30.309999465942383,28.498889923095703,57954900.0
2023-11-30,30.209999084472656,30.549999237060547,30.040000915527344,30.489999771118164,28.896944046020508,52547700.0
2023-12-01,30.399999618530273,31.049999237060547,30.350000381469727,30.959999084472656,29.342388153076172,46133300.0
2023-12-04,30.530000686645508,31.0,30.520000457763672,30.81999969482422,29.209699630737305,37811300.0
2023-12-05,30.68000030517578,30.790000915527344,30.329999923706055,30.579999923706055,28.982242584228516,45723100.0
2023-12-06,30.780000686645508,31.520000457763672,30.440000534057617,30.530000686645508,28.93485450744629,49803100.0
2023-12-07,30.59000015258789,30.93000030517578,30.540000915527344,30.65999984741211,29.058061599731445,32699600.0
2023-12-08,30.670000076293945,31.139999389648438,30.610000610351562,30.959999084472656,29.342388153076172,34794300.0
2023-12-11,30.920000076293945,31.079999923706055,30.709999084472656,30.850000381469727,29.238136291503906,32254000.0
2023-12-12,30.770000457763672,30.860000610351562,30.450000762939453,30.739999771118164,29.133882522583008,34566700.0
2023-12-13,30.75,32.130001068115234,30.6299991607666,32.040000915527344,30.36595916748047,60311100.0
2023-12-14,32.619998931884766,34.06999969482422,32.56999969482422,33.939998626708984,32.16668701171875,107190000.0
2023-12-15,33.81999969482422,34.02000045776367,33.290000915527344,33.599998474121094,31.844453811645508,83771800.0
2023-12-18,33.709999084472656,33.790000915527344,33.40999984741211,33.43000030517578,31.683340072631836,40694700.0
2023-12-19,33.029998779296875,33.66999816894531,32.79999923706055,33.5099983215332,31.759153366088867,44534800.0
2023-12-20,33.380001068115234,33.709999084472656,32.95000076293945,32.97999954223633,31.25684928894043,44711400.0
2023-12-21,33.2400016784668,33.45000076293945,32.88999938964844,33.20000076293945,31.465354919433594,32325700.0
2023-12-22,33.209999084472656,33.66999816894531,33.20000076293945,33.43000030517578,31.683340072631836,37265900.0
2023-12-25,33.209999084472656,33.66999816894531,33.20000076293945,33.43000030517578,31.683340072631836,37265900.0
2023-12-26,33.45000076293945,33.959999084472656,33.369998931884766,33.86000061035156,32.09086990356445,24845400.0
2023-12-27,33.79999923706055,33.95000076293945,33.65999984741211,33.84000015258789,32.07191467285156,24498600.0
2023-12-28,33.81999969482422,33.970001220703125,33.77000045776367,33.880001068115234,32.10982131958008,21799600.0
2023-12-29,33.939998626708984,33.9900016784668,33.54999923706055,33.66999816894531,31.910797119140625,28060700.0
2024-01-01,33.939998626708984,33.9900016784668,33.54999923706055,33.66999816894531,31.910797119140625,28060700.0
2024-01-02,33.38999938964844,34.06999969482422,33.27000045776367,33.900001525878906,32.1287841796875,36668600.0
2024-01-03,33.650001525878906,33.77000045776367,33.2400016784668,33.529998779296875,31.778106689453125,45988700.0
2024-01-04,33.56999969482422,34.310001373291016,33.540000915527344,33.79999923706055,32.034000396728516,39834600.0
2024-01-05,33.79999923706055,34.689998626708984,33.709999084472656,34.43000030517578,32.6310920715332,49242400.0
2024-01-08,34.29999923706055,34.29999923706055,33.63999938964844,34.15999984741211,32.37519073486328,40253900.0
2024-01-09,33.81999969482422,33.84000015258789,33.5099983215332,33.630001068115234,31.872882843017578,39268800.0
2024-01-10,33.5,33.630001068115234,33.2400016784668,33.599998474121094,31.844453811645508,34904000.0
2024-01-11,33.36000061035156,33.5,32.779998779296875,33.150001525878906,31.417964935302734,48790600.0
2024-01-12,32.25,33.189998626708984,31.959999084472656,32.79999923706055,31.086254119873047,74344300.0
2024-01-15,32.25,33.189998626708984,31.959999084472656,32.79999923706055,31.086254119873047,74344300.0
2024-01-16,32.40999984741211,32.5099983215332,31.81999969482422,32.119998931884766,30.441781997680664,58420800.0
2024-01-17,31.719999313354492,31.989999771118164,31.270000457763672,31.799999237060547,30.13850212097168,48811300.0
2024-01-18,31.75,31.770000457763672,31.399999618530273,31.729999542236328,30.072158813476562,35484400.0
2024-01-19,31.799999237060547,32.22999954223633,31.56999969482422,32.220001220703125,30.53656005859375,49493600.0
2024-01-22,32.36000061035156,32.9900016784668,32.31999969482422,32.54999923706055,30.84931182861328,43903400.0
2024-01-23,32.540000915527344,32.81999969482422,32.38999938964844,32.77000045776367,31.057819366455078,30003400.0
2024-01-24,33.029998779296875,33.34000015258789,32.90999984741211,32.97999954223633,31.25684928894043,36403900.0
2024-01-25,33.209999084472656,33.45000076293945,32.83000183105469,33.38999938964844,31.645423889160156,46204000.0
2024-01-26,33.400001525878906,33.66999816894531,33.31999969482422,33.43000030517578,31.683340072631836,30839800.0
2024-01-29,33.400001525878906,33.650001525878906,33.2400016784668,33.61000061035156,31.853933334350586,30269300.0
2024-01-30,33.900001525878906,34.88999938964844,33.84000015258789,34.790000915527344,32.9722785949707,60315700.0
2024-01-31,34.56999969482422,35.099998474121094,34.0,34.0099983215332,32.233028411865234,54716000.0
2024-02-01,33.93000030517578,34.25,32.93000030517578,33.54999923706055,31.79706573486328,57084800.0
2024-02-02,33.369998931884766,33.709999084472656,33.16999816894531,33.470001220703125,31.721248626708984,40416000.0
2024-02-05,33.11000061035156,33.290000915527344,32.86000061035156,32.9900016784668,31.266326904296875,43573000.0
2024-02-06,32.91999816894531,33.36000061035156,32.880001068115234,33.040000915527344,31.31371307373047,27188000.0
2024-02-07,33.060001373291016,33.2599983215332,32.630001068115234,33.18000030517578,31.44640350341797,29660100.0
2024-02-08,33.04999923706055,33.279998779296875,32.79999923706055,33.119998931884766,31.389530181884766,36852200.0
2024-02-09,33.099998474121094,33.25,32.84000015258789,33.06999969482422,31.342144012451172,36176000.0
2024-02-12,33.0,33.970001220703125,32.97999954223633,33.619998931884766,31.863412857055664,34160400.0
2024-02-13,33.119998931884766,33.310001373291016,32.349998474121094,32.75,31.038862228393555,43801500.0
2024-02-14,32.97999954223633,33.18000030517578,32.869998931884766,33.130001068115234,31.399011611938477,27833900.0
2024-02-15,33.31999969482422,34.2400016784668,33.31999969482422,34.06999969482422,32.28989791870117,41683100.0
2024-02-16,33.91999816894531,34.150001525878906,32.4900016784668,34.09000015258789,32.3088493347168,33290700.0
2024-02-19,33.91999816894531,34.150001525878906,32.4900016784668,34.09000015258789,32.3088493347168,33290700.0
2024-02-20,33.779998779296875,34.09000015258789,33.77000045776367,33.959999084472656,32.18564224243164,30372900.0
2024-02-21,33.36000061035156,33.7400016784668,33.16999816894531,33.70000076293945,31.93922996520996,37847100.0
2024-02-22,33.369998931884766,34.06999969482422,33.369998931884766,33.61000061035156,31.853933334350586,42756900.0
2024-02-23,33.72999954223633,34.04999923706055,33.4900016784668,33.91999816894531,32.14773178100586,30586000.0
2024-02-26,33.790000915527344,34.220001220703125,33.529998779296875,33.61000061035156,31.853933334350586,31129200.0
2024-02-27,33.72999954223633,34.43000030517578,33.709999084472656,34.279998779296875,32.48891830444336,40536300.0
2024-02-28,34.220001220703125,34.599998474121094,34.11000061035156,34.310001373291016,32.51736068725586,39548600.0
2024-02-29,34.33000183105469,34.650001525878906,34.150001525878906,34.52000045776367,32.94685363769531,43863400.0
2024-03-01,34.529998779296875,34.650001525878906,34.029998779296875,34.349998474121094,32.78459548950195,38432300.0
2024-03-04,34.290000915527344,35.41999816894531,34.25,35.150001525878906,33.54813766479492,49136400.0
2024-03-05,34.93000030517578,35.720001220703125,34.869998931884766,35.38999938964844,33.777198791503906,47591600.0
2024-03-06,35.650001525878906,35.790000915527344,35.06999969482422,35.41999816894531,33.80582809448242,49149700.0
2024-03-07,35.599998474121094,35.900001525878906,35.25,35.630001068115234,34.006263732910156,35900700.0
2024-03-08,35.869998931884766,36.130001068115234,35.5,35.599998474121094,33.97762680053711,42769900.0
2024-03-11,35.38999938964844,35.93000030517578,35.27000045776367,35.88999938964844,34.25441360473633,34131500.0
2024-03-12,35.900001525878906,36.150001525878906,35.779998779296875,35.959999084472656,34.32122802734375,29260400.0
2024-03-13,35.959999084472656,36.45000076293945,35.959999084472656,36.08000183105469,34.43575668334961,38289600.0
2024-03-14,35.91999816894531,36.220001220703125,35.47999954223633,35.689998626708984,34.06352615356445,40178100.0
2024-03-15,35.279998779296875,36.0099983215332,35.2400016784668,35.40999984741211,33.796287536621094,69646400.0
2024-03-18,35.65999984741211,36.09000015258789,35.38999938964844,36.0099983215332,34.36894607543945,50617900.0
2024-03-19,35.88999938964844,36.38999938964844,35.849998474121094,36.029998779296875,34.388031005859375,46113800.0
2024-03-20,35.84000015258789,36.880001068115234,35.72999954223633,36.75,35.07522201538086,40519000.0
2024-03-21,36.93000030517578,37.599998474121094,36.880001068115234,37.5099983215332,35.80058670043945,43219500.0
2024-03-22,37.40999984741211,37.61000061035156,37.0,37.04999923706055,35.36155319213867,29001100.0
2024-03-25,37.099998474121094,37.279998779296875,36.84000015258789,36.86000061035156,35.180213928222656,30480200.0
2024-03-26,37.0,37.2400016784668,36.79999923706055,37.09000015258789,35.39973068237305,33673400.0
2024-03-27,37.25,37.849998474121094,37.2400016784668,37.810001373291016,36.08692169189453,36350200.0
2024-03-28,37.720001220703125,38.0,37.41999816894531,37.91999816894531,36.19190216064453,42262500.0
2024-03-29,37.720001220703125,38.0,37.41999816894531,37.91999816894531,36.19190216064453,42262500.0
2024-04-01,37.939998626708984,38.349998474121094,37.439998626708984,37.52000045776367,35.81013107299805,33908000.0
2024-04-02,37.189998626708984,37.58000183105469,37.15999984741211,37.29999923706055,35.60015869140625,34806800.0
2024-04-03,37.400001525878906,38.02000045776367,37.27000045776367,37.439998626708984,35.73377227783203,33338500.0
2024-04-04,37.70000076293945,37.959999084472656,36.869998931884766,36.91999816894531,35.23747634887695,42888200.0
2024-04-05,36.810001373291016,37.34000015258789,36.72999954223633,37.11000061035156,35.418819427490234,30823500.0
2024-04-08,37.20000076293945,37.58000183105469,37.130001068115234,37.5,35.79104232788086,29470300.0
2024-04-09,37.5099983215332,37.77000045776367,37.20000076293945,37.72999954223633,36.01055908203125,30967300.0
2024-04-10,37.18000030517578,37.22999954223633,36.54999923706055,36.650001525878906,34.97978973388672,37610700.0
2024-04-11,36.75,36.75,36.04999923706055,36.349998474121094,34.693443298339844,38604000.0
2024-04-12,35.810001373291016,36.09000015258789,35.529998779296875,35.790000915527344,34.158973693847656,47126100.0
2024-04-15,36.33000183105469,36.7599983215332,35.7599983215332,35.95000076293945,34.31167984008789,44392000.0
2024-04-16,36.099998474121094,36.16999816894531,34.150001525878906,34.68000030517578,33.09955596923828,95566100.0
2024-04-17,34.88999938964844,35.75,34.75,35.22999954223633,33.624488830566406,65951400.0
2024-04-18,35.540000915527344,35.9900016784668,35.18000030517578,35.77000045776367,34.13988494873047,44506200.0
2024-04-19,36.099998474121094,37.119998931884766,36.060001373291016,36.970001220703125,35.28520202636719,56273700.0
2024-04-22,37.0,37.90999984741211,36.869998931884766,37.72999954223633,36.01055908203125,43867100.0
2024-04-23,37.939998626708984,38.41999816894531,37.83000183105469,38.369998931884766,36.621395111083984,39180300.0
2024-04-24,38.02000045776367,38.4900016784668,38.0,38.31999969482422,36.573673248291016,28670600.0
2024-04-25,37.93000030517578,38.27000045776367,37.380001068115234,37.90999984741211,36.1823616027832,41116000.0
2024-04-26,37.93000030517578,38.310001373291016,37.779998779296875,37.83000183105469,36.10600662231445,28668700.0
2024-04-29,37.84000015258789,38.060001373291016,37.45000076293945,37.54999923706055,35.838768005371094,26438800.0
2024-04-30,37.349998474121094,37.66999816894531,36.97999954223633,37.0099983215332,35.3233757019043,30283800.0
2024-05-01,37.209999084472656,37.5099983215332,36.77000045776367,36.95000076293945,35.26611328125,32272000.0
2024-05-02,37.369998931884766,37.4900016784668,36.650001525878906,36.880001068115234,35.19929504394531,34860300.0
2024-05-03,37.25,37.529998779296875,37.08000183105469,37.25,35.55243682861328,34082700.0
2024-05-06,37.65999984741211,37.790000915527344,37.36000061035156,37.689998626708984,35.97238540649414,28422300.0
2024-05-07,37.70000076293945,38.150001525878906,37.70000076293945,37.84000015258789,36.11554718017578,29119500.0
2024-05-08,37.70000076293945,37.81999969482422,37.52000045776367,37.709999084472656,35.991477966308594,32803300.0
2024-05-09,37.529998779296875,38.41999816894531,37.459999084472656,38.279998779296875,36.53549575805664,26855400.0
2024-05-10,38.47999954223633,38.779998779296875,38.33000183105469,38.45000076293945,36.697750091552734,27359100.0
2024-05-13,38.619998931884766,38.779998779296875,38.18000030517578,38.209999084472656,36.46868896484375,24060600.0
2024-05-14,38.400001525878906,38.790000915527344,38.369998931884766,38.4900016784668,36.735931396484375,27594800.0
2024-05-15,38.79999923706055,39.2400016784668,38.779998779296875,38.90999984741211,37.13678741455078,34084400.0
2024-05-16,38.91999816894531,39.36000061035156,38.709999084472656,39.220001220703125,37.43265914916992,32554200.0
2024-05-17,39.45000076293945,39.4900016784668,39.15999984741211,39.290000915527344,37.49946594238281,25537300.0
2024-05-20,39.2599983215332,39.470001220703125,38.790000915527344,38.81999969482422,37.050880432128906,28369800.0
2024-05-21,38.77000045776367,39.75,38.77000045776367,39.650001525878906,37.84306335449219,31799200.0
2024-05-22,39.40999984741211,39.810001373291016,39.34000015258789,39.7599983215332,37.94804763793945,42837600.0
2024-05-23,39.77000045776367,39.84000015258789,38.939998626708984,39.16999816894531,37.38493728637695,39033900.0
2024-05-24,39.15999984741211,39.779998779296875,39.06999969482422,39.70000076293945,37.89078903198242,22166300.0
2024-05-27,39.15999984741211,39.779998779296875,39.06999969482422,39.70000076293945,37.89078903198242,22166300.0
2024-05-28,39.650001525878906,39.7400016784668,39.11000061035156,39.31999969482422,37.528099060058594,31217900.0
2024-05-29,38.84000015258789,38.900001525878906,38.560001373291016,38.720001220703125,36.9554443359375,26677500.0
2024-05-30,38.72999954223633,39.119998931884766,37.59000015258789,38.630001068115234,36.869544982910156,50989100.0
2024-05-31,38.70000076293945,40.08000183105469,38.65999984741211,39.9900016784668,38.167572021484375,58188400.0
2024-06-03,40.040000915527344,40.189998626708984,39.36000061035156,39.880001068115234,38.06258773803711,31898600.0
2024-06-04,39.619998931884766,40.13999938964844,39.41999816894531,39.68000030517578,37.87169647216797,26974200.0
2024-06-05,39.81999969482422,39.9900016784668,39.52000045776367,39.959999084472656,38.138938903808594,34140300.0
2024-06-06,39.90999984741211,40.0,39.41999816894531,39.70000076293945,37.89078903198242,38676400.0
2024-06-07,39.279998779296875,39.959999084472656,39.279998779296875,39.779998779296875,38.198055267333984,25928700.0
2024-06-10,39.58000183105469,39.84000015258789,39.209999084472656,39.66999816894531,38.092430114746094,37176200.0
2024-06-11,39.33000183105469,39.349998474121094,38.459999084472656,38.86000061035156,37.31464767456055,44629000.0
2024-06-12,39.79999923706055,39.880001068115234,39.099998474121094,39.40999984741211,37.84276580810547,38964700.0
2024-06-13,39.290000915527344,39.349998474121094,38.93000030517578,39.2599983215332,37.69873809814453,40018700.0
2024-06-14,39.099998474121094,39.47999954223633,38.90999984741211,39.2400016784668,37.679534912109375,32347900.0
2024-06-17,39.09000015258789,39.529998779296875,38.97999954223633,39.5099983215332,37.93878936767578,26135400.0
2024-06-18,39.560001373291016,40.02000045776367,39.459999084472656,39.9900016784668,38.39971160888672,30804500.0
2024-06-19,39.560001373291016,40.02000045776367,39.459999084472656,39.9900016784668,38.39971160888672,30804500.0
2024-06-20,39.779998779296875,40.310001373291016,39.75,39.9900016784668,38.39971160888672,29383300.0
2024-06-21,39.849998474121094,39.90999984741211,39.369998931884766,39.4900016784668,37.919593811035156,72244900.0
2024-06-24,39.77000045776367,40.34000015258789,39.650001525878906,40.02000045776367,38.42851638793945,31064900.0
2024-06-25,39.779998779296875,40.06999969482422,39.349998474121094,39.380001068115234,37.81396484375,30596000.0
2024-06-26,39.16999816894531,39.349998474121094,38.470001220703125,39.0,37.44907760620117,44310200.0
2024-06-27,38.70000076293945,39.349998474121094,38.34000015258789,39.25,37.68913269042969,29464200.0
2024-06-28,39.7400016784668,40.060001373291016,39.31999969482422,39.77000045776367,38.188453674316406,52028200.0
2024-07-01,39.90999984741211,40.34000015258789,39.66999816894531,40.0099983215332,38.418907165527344,26770500.0
2024-07-02,40.0,40.959999084472656,39.959999084472656,40.93000030517578,39.302330017089844,35626100.0
2024-07-03,41.02000045776367,41.20000076293945,40.75,40.900001525878906,39.273521423339844,17100700.0
2024-07-04,41.02000045776367,41.20000076293945,40.75,40.900001525878906,39.273521423339844,17100700.0
2024-07-05,40.93000030517578,40.959999084472656,40.290000915527344,40.40999984741211,38.80300521850586,23489000.0
2024-07-08,40.599998474121094,41.040000915527344,40.43000030517578,40.619998931884766,39.00465393066406,26728500.0
2024-07-09,40.7599983215332,41.83000183105469,40.599998474121094,41.41999816894531,39.77283477783203,34697200.0
2024-07-10,41.279998779296875,41.7599983215332,41.06999969482422,41.7400016784668,40.080116271972656,25333400.0
2024-07-11,41.77000045776367,41.900001525878906,41.38999938964844,41.810001373291016,40.14733123779297,33824600.0
2024-07-12,41.4900016784668,41.91999816894531,41.09000015258789,41.59000015258789,39.93608474731445,31856600.0
2024-07-15,41.849998474121094,42.22999954223633,41.70000076293945,41.88999938964844,40.22415542602539,36648100.0
2024-07-16,42.52000045776367,44.400001525878906,42.220001220703125,44.130001068115234,42.37507247924805,75953300.0
2024-07-17,43.650001525878906,44.439998626708984,43.650001525878906,43.97999954223633,42.23103713989258,65713600.0
2024-07-18,43.619998931884766,44.2400016784668,42.93000030517578,43.0099983215332,41.29961013793945,48549200.0
2024-07-19,42.86000061035156,43.560001373291016,42.689998626708984,42.900001525878906,41.1939811706543,43903000.0
2024-07-22,42.63999938964844,42.869998931884766,41.959999084472656,42.29999923706055,40.61784362792969,42838300.0
2024-07-23,42.220001220703125,42.779998779296875,42.150001525878906,42.40999984741211,40.723472595214844,36705100.0
2024-07-24,42.279998779296875,42.75,42.06999969482422,42.189998626708984,40.51221466064453,36567200.0
2024-07-25,42.02000045776367,42.29999923706055,41.65999984741211,41.68000030517578,40.02250289916992,41593900.0
2024-07-26,41.58000183105469,41.959999084472656,41.40999984741211,41.66999816894531,40.01289749145508,52049300.0
2024-07-29,41.779998779296875,41.880001068115234,40.97999954223633,41.09000015258789,39.45596694946289,37133100.0
2024-07-30,41.04999923706055,41.88999938964844,40.810001373291016,41.279998779296875,39.63841247558594,44163200.0
2024-07-31,41.22999954223633,41.380001068115234,40.220001220703125,40.310001373291016,38.70698547363281,50851600.0
2024-08-01,40.439998626708984,40.45000076293945,38.97999954223633,39.5,37.92919158935547,60107800.0
2024-08-02,38.0,38.529998779296875,37.18000030517578,37.58000183105469,36.08554458618164,76728000.0
2024-08-05,35.650001525878906,36.959999084472656,35.13999938964844,36.650001525878906,35.19253921508789,76075200.0
2024-08-06,36.650001525878906,37.310001373291016,36.540000915527344,36.91999816894531,35.4517936706543,40614100.0
2024-08-07,38.099998474121094,38.59000015258789,37.27000045776367,37.29999923706055,35.816680908203125,44952400.0
2024-08-08,37.81999969482422,38.41999816894531,37.65999984741211,38.209999084472656,36.690494537353516,36557800.0
2024-08-09,38.15999984741211,38.45000076293945,37.90999984741211,38.279998779296875,36.75770950317383,26411200.0
2024-08-12,38.5,38.72999954223633,38.0099983215332,38.16999816894531,36.65208053588867,33040600.0
2024-08-13,38.369998931884766,38.47999954223633,38.119998931884766,38.459999084472656,36.93054962158203,21553500.0
2024-08-14,38.52000045776367,38.91999816894531,38.43000030517578,38.810001373291016,37.26663589477539,25658900.0
2024-08-15,39.43000030517578,39.68000030517578,38.970001220703125,39.029998779296875,37.477882385253906,37379800.0
2024-08-16,39.0,39.41999816894531,38.9900016784668,39.34000015258789,37.77555847167969,26886600.0
2024-08-19,39.47999954223633,39.7400016784668,39.45000076293945,39.66999816894531,38.092430114746094,27268900.0
2024-08-20,39.119998931884766,39.2400016784668,38.34000015258789,38.689998626708984,37.15140151977539,44440800.0
2024-08-21,38.869998931884766,38.9900016784668,38.38999938964844,38.75,37.209022521972656,33751100.0
2024-08-22,38.779998779296875,39.290000915527344,38.56999969482422,39.2400016784668,37.679534912109375,35421600.0
2024-08-23,39.27000045776367,40.16999816894531,39.27000045776367,39.77000045776367,38.188453674316406,45616600.0
2024-08-26,40.0,40.20000076293945,39.65999984741211,39.91999816894531,38.332489013671875,44659500.0
2024-08-27,40.0,40.130001068115234,39.61000061035156,39.66999816894531,38.092430114746094,32323900.0
2024-08-28,39.34000015258789,40.27000045776367,39.33000183105469,39.95000076293945,38.36129379272461,40700500.0
2024-08-29,40.04999923706055,40.34000015258789,39.529998779296875,40.16999816894531,38.572547912597656,34810800.0
2024-08-30,40.16999816894531,40.86000061035156,40.130001068115234,40.75,39.12948989868164,49098200.0
2024-09-02,40.16999816894531,40.86000061035156,40.130001068115234,40.75,39.12948989868164,49098200.0
2024-09-03,40.58000183105469,40.900001525878906,40.22999954223633,40.70000076293945,39.08147430419922,48489300.0
2024-09-04,40.65999984741211,40.95000076293945,40.279998779296875,40.5,38.88943099975586,39629600.0
2024-09-05,40.79999923706055,40.939998626708984,40.0099983215332,40.13999938964844,38.54374313354492,34214500.0
2024-09-06,39.77000045776367,39.880001068115234,38.560001373291016,38.7599983215332,37.461265563964844,47007600.0
2024-09-09,39.25,39.709999084472656,39.099998474121094,39.470001220703125,38.14748001098633,37610200.0
2024-09-10,39.84000015258789,39.84000015258789,38.33000183105469,39.279998779296875,37.96384811401367,53983900.0
2024-09-11,38.9900016784668,39.029998779296875,38.0099983215332,39.0,37.69322967529297,41190000.0
2024-09-12,39.04999923706055,39.33000183105469,38.529998779296875,38.779998779296875,37.48059844970703,39921600.0
2024-09-13,38.880001068115234,39.09000015258789,38.439998626708984,38.650001525878906,37.35495376586914,31887300.0
2024-09-16,38.810001373291016,39.209999084472656,38.790000915527344,39.099998474121094,37.789878845214844,26336400.0
2024-09-17,39.279998779296875,39.79999923706055,39.209999084472656,39.54999923706055,38.22480010986328,27769400.0
2024-09-18,39.619998931884766,40.119998931884766,39.41999816894531,39.619998931884766,38.29245376586914,42527800.0
2024-09-19,40.040000915527344,41.04999923706055,40.0099983215332,40.869998931884766,39.50056838989258,57977800.0
2024-09-20,40.619998931884766,40.72999954223633,40.2400016784668,40.27000045776367,38.920677185058594,70725000.0
2024-09-23,40.209999084472656,40.439998626708984,39.75,39.869998931884766,38.53407669067383,31714800.0
2024-09-24,39.849998474121094,39.97999954223633,39.25,39.45000076293945,38.128150939941406,32534900.0
2024-09-25,39.25,39.40999984741211,38.939998626708984,39.25,37.93485641479492,28866000.0
2024-09-26,39.38999938964844,39.720001220703125,39.11000061035156,39.52000045776367,38.19580841064453,39601400.0
2024-09-27,39.650001525878906,39.900001525878906,39.349998474121094,39.400001525878906,38.079833984375,27861100.0
2024-09-30,39.22999954223633,39.790000915527344,39.02000045776367,39.68000030517578,38.350440979003906,35055200.0
2024-10-01,39.5099983215332,39.560001373291016,38.939998626708984,39.220001220703125,37.90585708618164,26291200.0
2024-10-02,39.25,39.540000915527344,39.04999923706055,39.22999954223633,37.915523529052734,23302700.0
2024-10-03,38.97999954223633,39.27000045776367,38.72999954223633,39.25,37.93485641479492,26030200.0
2024-10-04,39.93000030517578,40.25,39.619998931884766,40.11000061035156,38.76604080200195,34209900.0
2024-10-07,40.209999084472656,40.439998626708984,39.709999084472656,39.959999084472656,38.62106704711914,27177500.0
2024-10-08,40.04999923706055,40.150001525878906,39.810001373291016,39.93000030517578,38.59206771850586,26023600.0
2024-10-09,39.869998931884766,40.38999938964844,39.720001220703125,40.189998626708984,38.843353271484375,27421000.0
2024-10-10,40.0099983215332,40.130001068115234,39.77000045776367,39.970001220703125,38.63072967529297,26182300.0
2024-10-11,40.5,42.16999816894531,40.400001525878906,41.95000076293945,40.54438400268555,50660700.0
2024-10-14,41.959999084472656,42.18000030517578,41.720001220703125,41.90999984741211,40.5057258605957,28098900.0
2024-10-15,43.22999954223633,43.36000061035156,42.04999923706055,42.13999938964844,40.72801971435547,61490000.0
2024-10-16,42.209999084472656,43.099998474121094,42.150001525878906,42.79999923706055,41.365901947021484,42437800.0
2024-10-17,42.83000183105469,43.0,42.470001220703125,42.599998474121094,41.172607421875,31708600.0
2024-10-18,42.43000030517578,42.650001525878906,42.11000061035156,42.31999969482422,40.901981353759766,30593500.0
2024-10-21,42.25,42.40999984741211,41.7400016784668,41.7599983215332,40.360748291015625,26589500.0
2024-10-22,41.650001525878906,42.40999984741211,41.56999969482422,42.29999923706055,40.882652282714844,37104400.0
2024-10-23,42.20000076293945,42.470001220703125,42.02000045776367,42.34000015258789,40.92131423950195,28569400.0
2024-10-24,42.31999969482422,42.65999984741211,41.970001220703125,42.650001525878906,41.2209358215332,28392000.0
2024-10-25,42.91999816894531,42.97999954223633,41.790000915527344,41.88999938964844,40.48639678955078,27466900.0
2024-10-28,42.06999969482422,42.75,42.0099983215332,42.619998931884766,41.191932678222656,24527600.0
2024-10-29,42.59000015258789,42.810001373291016,42.470001220703125,42.529998779296875,41.10495376586914,22313500.0
2024-10-30,41.709999084472656,42.900001525878906,41.63999938964844,42.310001373291016,40.89232635498047,38100500.0
2024-10-31,42.290000915527344,42.54999923706055,41.79999923706055,41.81999969482422,40.418739318847656,28138200.0
2024-11-01,42.150001525878906,42.43000030517578,41.75,41.7599983215332,40.360748291015625,31220000.0
2024-11-04,41.61000061035156,42.02000045776367,41.11000061035156,41.33000183105469,39.94515609741211,31110100.0
2024-11-05,41.5099983215332,42.0099983215332,41.380001068115234,41.880001068115234,40.47673034667969,30851400.0
2024-11-06,44.79999923706055,45.54999923706055,44.0,45.40999984741211,43.88845443725586,110086700.0
2024-11-07,45.040000915527344,45.22999954223633,44.5099983215332,44.77000045776367,43.2698974609375,48339700.0
2024-11-08,45.13999938964844,45.5,44.95000076293945,45.130001068115234,43.61783218383789,38331800.0
2024-11-11,45.599998474121094,46.52000045776367,45.58000183105469,46.08000183105469,44.536006927490234,43293500.0
2024-11-12,46.13999938964844,46.45000076293945,45.84000015258789,45.86000061035156,44.3233757019043,38155900.0
2024-11-13,46.20000076293945,46.47999954223633,45.83000183105469,45.869998931884766,44.33303451538086,36903900.0
2024-11-14,45.95000076293945,46.15999984741211,45.72999954223633,45.900001525878906,44.36203384399414,35733100.0
2024-11-15,45.619998931884766,46.84000015258789,45.619998931884766,46.75,45.18354797363281,40488900.0
2024-11-18,46.75,47.02000045776367,46.4900016784668,46.720001220703125,45.15455627441406,32360300.0
2024-11-19,45.9900016784668,46.619998931884766,45.95000076293945,46.40999984741211,44.854942321777344,28534100.0
2024-11-20,46.56999969482422,46.63999938964844,45.91999816894531,46.060001373291016,44.51667785644531,28021000.0
2024-11-21,46.38999938964844,47.04999923706055,46.29999923706055,46.459999084472656,44.90326690673828,45336500.0
2024-11-22,46.369998931884766,47.220001220703125,46.279998779296875,47.0,45.42517852783203,37996200.0
2024-11-25,47.2599983215332,47.7400016784668,47.15999984741211,47.5,45.908424377441406,42718600.0
2024-11-26,47.5099983215332,47.84000015258789,47.209999084472656,47.75,46.15004348754883,30301500.0
2024-11-27,47.81999969482422,47.97999954223633,47.650001525878906,47.77000045776367,46.16937255859375,23278400.0
2024-11-28,47.81999969482422,47.97999954223633,47.650001525878906,47.77000045776367,46.16937255859375,23278400.0
2024-11-29,47.79999923706055,48.08000183105469,47.5,47.5099983215332,45.918087005615234,23262000.0
2024-12-02,47.7400016784668,47.81999969482422,46.849998474121094,47.040000915527344,45.46384048461914,35891500.0
2024-12-03,47.369998931884766,47.47999954223633,46.650001525878906,46.81999969482422,45.25120544433594,38123800.0
2024-12-04,46.689998626708984,46.779998779296875,46.130001068115234,46.369998931884766,44.8162841796875,24941300.0
2024-12-05,46.560001373291016,47.2400016784668,46.5,47.0,45.42517852783203,31572100.0
2024-12-06,47.060001373291016,47.060001373291016,46.400001525878906,46.75,45.43489456176758,28931700.0
2024-12-09,46.560001373291016,46.75,45.900001525878906,45.90999984741211,44.61852264404297,34660900.0
2024-12-10,45.90999984741211,46.290000915527344,45.59000015258789,45.75,44.4630241394043,35665800.0
2024-12-11,46.0,46.15999984741211,45.470001220703125,46.08000183105469,44.78374099731445,36790500.0
2024-12-12,46.13999938964844,46.470001220703125,45.91999816894531,46.08000183105469,44.78374099731445,24017300.0
2024-12-13,46.09000015258789,46.099998474121094,45.380001068115234,45.66999816894531,44.38527297973633,32902300.0
2024-12-16,45.59000015258789,45.68000030517578,45.15999984741211,45.470001220703125,44.19089889526367,27330400.0
2024-12-17,45.189998626708984,45.189998626708984,44.619998931884766,45.04999923706055,43.78271484375,33054600.0
2024-12-18,45.13999938964844,45.43000030517578,43.349998474121094,43.5,42.27632141113281,41771900.0
2024-12-19,43.970001220703125,44.47999954223633,43.310001373291016,43.380001068115234,42.15969467163086,38583600.0
2024-12-20,43.20000076293945,44.400001525878906,43.099998474121094,44.16999816894531,42.92747497558594,74222200.0
2024-12-23,43.900001525878906,44.11000061035156,42.779998779296875,43.88999938964844,42.65534591674805,35374800.0
2024-12-24,43.93000030517578,44.41999816894531,43.93000030517578,44.380001068115234,43.131561279296875,12054400.0
2024-12-25,43.93000030517578,44.41999816894531,43.93000030517578,44.380001068115234,43.131561279296875,12054400.0
2024-12-26,44.209999084472656,44.58000183105469,44.11000061035156,44.54999923706055,43.296783447265625,16077400.0
2024-12-27,44.2400016784668,44.779998779296875,44.060001373291016,44.34000015258789,43.09268569946289,17972500.0
2024-12-30,43.88999938964844,44.13999938964844,43.54999923706055,43.90999984741211,42.674781799316406,16109800.0
2024-12-31,44.040000915527344,44.22999954223633,43.709999084472656,43.95000076293945,42.71365737915039,16110400.0
2025-01-01,44.040000915527344,44.22999954223633,43.709999084472656,43.95000076293945,42.71365737915039,16110400.0
2025-01-02,44.13999938964844,44.59000015258789,43.79999923706055,44.290000915527344,43.044097900390625,25610600.0
2025-01-03,44.75,44.849998474121094,44.150001525878906,44.810001373291016,43.549468994140625,23455700.0
2025-01-06,45.15999984741211,46.150001525878906,45.099998474121094,45.400001525878906,44.12287521362305,30518500.0
2025-01-07,46.279998779296875,46.650001525878906,45.650001525878906,46.08000183105469,44.78374099731445,41111200.0
2025-01-08,45.900001525878906,46.2599983215332,45.689998626708984,46.209999084472656,44.91008377075195,40246000.0
2025-01-09,45.900001525878906,46.2599983215332,45.689998626708984,46.209999084472656,44.91008377075195,40246000.0
2025-01-10,46.0,46.04999923706055,44.7400016784668,45.11000061035156,43.841026306152344,40741300.0
2025-01-13,45.099998474121094,45.34000015258789,44.689998626708984,45.060001373291016,43.79243469238281,34353600.0
2025-01-14,45.599998474121094,45.91999816894531,45.22999954223633,45.779998779296875,44.49217987060547,36379000.0
2025-01-15,47.119998931884766,47.459999084472656,46.84000015258789,47.099998474121094,45.775047302246094,57154800.0
2025-01-16,47.0,47.5099983215332,45.81999969482422,46.63999938964844,45.32798385620117,56339300.0
2025-01-17,46.61000061035156,46.880001068115234,46.08000183105469,46.529998779296875,45.22107696533203,44486100.0
2025-01-20,46.61000061035156,46.880001068115234,46.08000183105469,46.529998779296875,45.22107696533203,44486100.0
2025-01-21,46.619998931884766,47.150001525878906,46.540000915527344,46.65999984741211,45.34742736816406,52089100.0
2025-01-22,46.599998474121094,46.72999954223633,45.7599983215332,45.790000915527344,44.50189971923828,40296200.0
2025-01-23,46.04999923706055,46.88999938964844,46.04999923706055,46.38999938964844,45.085018157958984,35324100.0
2025-01-24,46.22999954223633,46.86000061035156,46.150001525878906,46.52000045776367,45.21136474609375,24655100.0
2025-01-27,46.54999923706055,47.13999938964844,46.380001068115234,47.09000015258789,45.76533126831055,44260000.0
2025-01-28,47.08000183105469,47.439998626708984,46.709999084472656,46.84000015258789,45.52236557006836,27156600.0
2025-01-29,46.75,47.38999938964844,46.63999938964844,46.75,45.43489456176758,23681500.0
2025-01-30,47.11000061035156,47.16999816894531,46.400001525878906,46.720001220703125,45.40574264526367,31199900.0
2025-01-31,46.70000076293945,46.83000183105469,46.15999984741211,46.29999923706055,44.997554779052734,30388900.0
2025-02-03,45.41999816894531,46.47999954223633,45.11000061035156,46.209999084472656,44.91008377075195,36497700.0
2025-02-04,46.349998474121094,47.130001068115234,46.27000045776367,46.709999084472656,45.39601516723633,32894000.0
2025-02-05,46.97999954223633,47.130001068115234,46.63999938964844,47.11000061035156,45.784767150878906,27696600.0
2025-02-06,47.439998626708984,47.97999954223633,47.16999816894531,47.7400016784668,46.39704513549805,39793400.0
2025-02-07,47.84000015258789,47.970001220703125,47.380001068115234,47.400001525878906,46.06660461425781,26504700.0
2025-02-10,47.47999954223633,47.560001373291016,46.400001525878906,46.66999816894531,45.35713577270508,26725200.0
2025-02-11,46.54999923706055,46.93000030517578,46.279998779296875,46.790000915527344,45.4737663269043,20314900.0
2025-02-12,46.56999969482422,46.58000183105469,45.939998626708984,46.209999084472656,44.91008377075195,29777100.0
2025-02-13,46.52000045776367,46.56999969482422,45.970001220703125,46.33000183105469,45.026710510253906,26815400.0
2025-02-14,46.47999954223633,47.09000015258789,46.47999954223633,46.959999084472656,45.638980865478516,25960500.0
2025-02-17,46.47999954223633,47.09000015258789,46.47999954223633,46.959999084472656,45.638980865478516,25960500.0
2025-02-18,46.560001373291016,46.650001525878906,46.15999984741211,46.529998779296875,45.22107696533203,37824100.0
2025-02-19,45.880001068115234,46.060001373291016,45.41999816894531,46.0099983215332,44.7157096862793,38967800.0
2025-02-20,45.900001525878906,46.189998626708984,45.040000915527344,45.29999923706055,44.02568054199219,40001100.0
2025-02-21,45.25,45.5099983215332,44.540000915527344,44.810001373291016,43.549468994140625,43485900.0
2025-02-24,45.029998779296875,45.38999938964844,44.439998626708984,44.459999084472656,43.209312438964844,35512200.0
2025-02-25,44.529998779296875,44.84000015258789,43.349998474121094,43.939998626708984,42.70393371582031,38119000.0
2025-02-26,44.040000915527344,44.54999923706055,43.86000061035156,43.939998626708984,42.70393371582031,32251700.0
2025-02-27,44.09000015258789,44.779998779296875,43.939998626708984,44.119998931884766,42.87887191772461,28477700.0
2025-02-28,44.31999969482422,46.20000076293945,44.20000076293945,46.099998474121094,44.80317687988281,62621100.0
2025-03-03,46.209999084472656,46.959999084472656,45.220001220703125,45.560001373291016,44.27836990356445,46946000.0
2025-03-04,44.72999954223633,44.84000015258789,42.029998779296875,42.66999816894531,41.46966552734375,78278100.0
2025-03-05,42.650001525878906,42.72999954223633,41.709999084472656,42.290000915527344,41.1003532409668,52588900.0
2025-03-06,41.59000015258789,41.88999938964844,40.959999084472656,41.459999084472656,40.293701171875,58103500.0
2025-03-07,41.310001373291016,41.72999954223633,40.61000061035156,41.400001525878906,40.48930740356445,50651400.0
2025-03-10,40.400001525878906,40.619998931884766,39.18000030517578,39.83000183105469,38.95384216308594,77498400.0
2025-03-11,39.70000076293945,40.65999984741211,39.27000045776367,39.61000061035156,38.738685607910156,50608400.0
2025-03-12,40.310001373291016,40.5,39.20000076293945,39.90999984741211,39.032081604003906,42290700.0
2025-03-13,39.970001220703125,40.189998626708984,39.33000183105469,39.66999816894531,38.797359466552734,37766100.0
2025-03-14,40.2599983215332,41.02000045776367,40.16999816894531,40.88999938964844,39.99052047729492,35979900.0
2025-03-17,40.91999816894531,41.77000045776367,40.59000015258789,41.439998626708984,40.52842330932617,37242800.0
2025-03-18,41.720001220703125,41.83000183105469,41.290000915527344,41.650001525878906,40.73380661010742,37644500.0
2025-03-19,41.720001220703125,42.70000076293945,41.29999923706055,42.209999084472656,41.2814826965332,42471100.0
2025-03-20,41.7599983215332,42.720001220703125,41.650001525878906,42.47999954223633,41.54554748535156,41018100.0
2025-03-21,42.15999984741211,42.65999984741211,41.88999938964844,42.470001220703125,41.5357666015625,65011000.0
2025-03-24,42.93000030517578,43.150001525878906,42.75,43.06999969482422,42.1225700378418,30646100.0
2025-03-25,43.349998474121094,43.529998779296875,43.040000915527344,43.279998779296875,42.32795333862305,25445300.0
2025-03-26,43.459999084472656,43.720001220703125,42.72999954223633,42.81999969482422,41.87806701660156,30012100.0
2025-03-27,42.81999969482422,43.09000015258789,42.52000045776367,42.560001373291016,41.6237907409668,25619200.0
2025-03-28,42.439998626708984,42.619998931884766,40.9900016784668,41.25,40.34260559082031,34253000.0
2025-03-31,40.779998779296875,41.900001525878906,40.599998474121094,41.72999954223633,40.81204605102539,36390000.0
2025-04-01,41.31999969482422,41.70000076293945,40.970001220703125,41.4900016784668,40.577327728271484,25578500.0
2025-04-02,40.880001068115234,41.970001220703125,40.81999969482422,41.849998474121094,40.929405212402344,28216100.0
2025-04-03,38.630001068115234,38.84000015258789,37.02000045776367,37.220001220703125,36.4012565612793,115497900.0
2025-04-04,35.290000915527344,35.790000915527344,33.66999816894531,34.38999938964844,33.633506774902344,107761200.0
2025-04-07,34.970001220703125,36.630001068115234,33.540000915527344,35.58000183105469,34.79732894897461,137329100.0
2025-04-08,36.86000061035156,37.33000183105469,34.33000183105469,35.029998779296875,34.259429931640625,79116300.0
2025-04-09,34.04999923706055,37.849998474121094,33.06999969482422,37.150001525878906,36.332794189453125,161173500.0
2025-04-10,36.31999969482422,36.400001525878906,34.630001068115234,35.849998474121094,35.06138610839844,90451800.0
2025-04-11,35.20000076293945,36.22999954223633,34.810001373291016,35.95000076293945,35.15919494628906,63671900.0
2025-04-14,36.4900016784668,36.9900016784668,36.27000045776367,36.66999816894531,35.86335372924805,46830600.0
2025-04-15,37.79999923706055,38.75,37.79999923706055,37.9900016784668,37.154319763183594,84677800.0
2025-04-16,37.86000061035156,38.15999984741211,36.970001220703125,37.33000183105469,36.50883865356445,52872700.0
2025-04-17,37.5099983215332,37.869998931884766,37.2400016784668,37.40999984741211,36.587074279785156,47144400.0
2025-04-18,37.5099983215332,37.869998931884766,37.2400016784668,37.40999984741211,36.587074279785156,47144400.0
2025-04-21,37.06999969482422,37.279998779296875,36.4900016784668,36.91999816894531,36.107852935791016,34928300.0
2025-04-22,37.56999969482422,38.4900016784668,37.400001525878906,38.31999969482422,37.47705841064453,42288900.0
2025-04-23,39.40999984741211,40.130001068115234,38.66999816894531,38.75,37.89759826660156,54428400.0
2025-04-24,38.65999984741211,39.70000076293945,38.599998474121094,39.58000183105469,38.70934295654297,42457100.0
2025-04-25,39.540000915527344,39.790000915527344,39.31999969482422,39.689998626708984,38.81692123413086,32694200.0
2025-04-28,39.79999923706055,40.08000183105469,39.459999084472656,39.779998779296875,38.904937744140625,37428000.0
2025-04-29,39.630001068115234,40.13999938964844,39.47999954223633,39.9900016784668,39.11032485961914,33792500.0
2025-04-30,39.36000061035156,40.0,38.81999969482422,39.880001068115234,39.002742767333984,40994600.0
2025-05-01,39.81999969482422,40.439998626708984,39.58000183105469,40.16999816894531,39.28636169433594,33569100.0
2025-05-02,40.90999984741211,41.22999954223633,40.70000076293945,41.06999969482422,40.16656494140625,41613000.0
2025-05-05,40.849998474121094,41.4900016784668,40.619998931884766,41.119998931884766,40.21546173095703,32829200.0
2025-05-06,40.650001525878906,41.27000045776367,40.560001373291016,40.84000015258789,39.941627502441406,29541800.0
2025-05-07,41.040000915527344,41.34000015258789,40.86000061035156,40.93000030517578,40.02964401245117,30925900.0
2025-05-08,41.290000915527344,42.150001525878906,41.25,41.599998474121094,40.68490219116211,41861700.0
2025-05-09,41.72999954223633,41.97999954223633,41.689998626708984,41.790000915527344,40.8707275390625,27222800.0
2025-05-12,43.31999969482422,43.959999084472656,42.939998626708984,43.36000061035156,42.40618896484375,44875100.0
2025-05-13,43.41999816894531,44.4900016784668,43.41999816894531,44.279998779296875,43.30595397949219,43232500.0
2025-05-14,44.189998626708984,44.91999816894531,44.130001068115234,44.7400016784668,43.75583267211914,42419500.0
2025-05-15,44.599998474121094,44.97999954223633,44.0099983215332,44.380001068115234,43.403751373291016,47379400.0
2025-05-16,44.34000015258789,44.790000915527344,43.65999984741211,44.689998626708984,43.706932067871094,49488100.0
2025-05-19,44.11000061035156,45.13999938964844,44.11000061035156,44.77000045776367,43.78517150878906,37915700.0
2025-05-20,44.59000015258789,44.90999984741211,44.40999984741211,44.689998626708984,43.706932067871094,33424300.0
2025-05-21,44.369998931884766,44.4900016784668,43.150001525878906,43.25,42.29861068725586,55594100.0
2025-05-22,43.18000030517578,43.56999969482422,42.959999084472656,43.310001373291016,42.35729217529297,29026200.0
2025-05-23,42.47999954223633,43.43000030517578,42.349998474121094,43.20000076293945,42.24971008300781,34875100.0
2025-05-26,42.47999954223633,43.43000030517578,42.349998474121094,43.20000076293945,42.24971008300781,34875100.0
2025-05-27,43.790000915527344,44.220001220703125,43.29999923706055,44.220001220703125,43.247276306152344,36322000.0
2025-05-28,44.209999084472656,44.439998626708984,43.959999084472656,44.060001373291016,43.09079360961914,35673800.0
2025-05-29,44.369998931884766,44.459999084472656,43.900001525878906,44.2400016784668,43.2668342590332,28545100.0
2025-05-30,44.189998626708984,44.29999923706055,43.720001220703125,44.130001068115234,43.15925598144531,66537500.0
2025-06-02,43.880001068115234,44.150001525878906,43.36000061035156,44.08000183105469,43.110355377197266,28582600.0
2025-06-03,44.0099983215332,44.72999954223633,43.939998626708984,44.650001525878906,43.667816162109375,31320200.0
2025-06-04,44.599998474121094,45.09000015258789,44.34000015258789,44.36000061035156,43.384193420410156,30591700.0
2025-06-05,44.45000076293945,44.58000183105469,44.0099983215332,44.380001068115234,43.403751373291016,32020900.0
2025-06-06,44.689998626708984,45.16999816894531,44.63999938964844,44.970001220703125,44.239952087402344,37013000.0
2025-06-09,45.11000061035156,45.400001525878906,44.779998779296875,44.869998931884766,44.14157485961914,32414000.0
2025-06-10,44.79999923706055,45.20000076293945,44.75,45.09000015258789,44.35800552368164,32229100.0
2025-06-11,45.20000076293945,45.40999984741211,44.54999923706055,44.72999954223633,44.003849029541016,47873500.0
2025-06-12,44.400001525878906,44.650001525878906,44.02000045776367,44.619998931884766,43.895633697509766,30165400.0
2025-06-13,44.0,44.459999084472656,43.65999984741211,44.09000015258789,43.37424087524414,43281700.0
2025-06-16,44.63999938964844,44.88999938964844,44.349998474121094,44.40999984741211,43.68904113769531,34103600.0
2025-06-17,44.27000045776367,44.66999816894531,44.060001373291016,44.22999954223633,43.511966705322266,27489600.0
2025-06-18,44.2599983215332,45.20000076293945,44.209999084472656,45.060001373291016,44.3284912109375,37684700.0
2025-06-19,44.2599983215332,45.20000076293945,44.209999084472656,45.060001373291016,44.3284912109375,37684700.0
2025-06-20,45.310001373291016,45.650001525878906,45.27000045776367,45.5,44.761348724365234,64591600.0
2025-06-23,45.400001525878906,46.369998931884766,45.11000061035156,46.29999923706055,45.548362731933594,42683600.0
2025-06-24,46.75,47.189998626708984,46.56999969482422,46.65999984741211,45.90251541137695,45437600.0
2025-06-25,46.58000183105469,46.97999954223633,46.459999084472656,46.849998474121094,46.08943176269531,33532400.0
2025-06-26,46.95000076293945,47.58000183105469,46.900001525878906,47.459999084472656,46.68952941894531,40127000.0
2025-06-27,47.45000076293945,47.66999816894531,46.90999984741211,47.119998931884766,46.35505294799805,56705000.0
2025-06-30,47.619998931884766,47.619998931884766,47.029998779296875,47.31999969482422,46.55180358886719,47921200.0
2025-07-01,47.02000045776367,48.41999816894531,46.939998626708984,48.150001525878906,47.36833190917969,48540900.0
2025-07-02,48.36000061035156,48.72999954223633,48.060001373291016,48.709999084472656,47.91923904418945,48003600.0
2025-07-03,48.95000076293945,49.310001373291016,48.810001373291016,48.93000030517578,48.13566970825195,21620300.0
2025-07-04,48.95000076293945,49.310001373291016,48.810001373291016,48.93000030517578,48.13566970825195,21620300.0
2025-07-07,48.7400016784668,49.209999084472656,48.369998931884766,48.65999984741211,47.87004852294922,35567900.0
2025-07-08,47.5,47.790000915527344,46.7599983215332,47.150001525878906,46.38456344604492,88086500.0
2025-07-09,47.15999984741211,47.45000076293945,46.709999084472656,46.84000015258789,46.07959747314453,46227900.0
2025-07-10,46.900001525878906,47.220001220703125,46.779998779296875,46.970001220703125,46.20748519897461,44225000.0
2025-07-11,46.63999938964844,46.810001373291016,46.25,46.72999954223633,45.971378326416016,31653000.0
2025-07-14,46.810001373291016,47.06999969482422,46.54999923706055,47.06999969482422,46.30585861206055,36381200.0
2025-07-15,46.880001068115234,47.0099983215332,45.95000076293945,46.150001525878906,45.40079879760742,55145000.0
2025-07-16,46.25,46.560001373291016,45.0099983215332,46.029998779296875,45.282745361328125,61296600.0
2025-07-17,45.63999938964844,47.220001220703125,45.439998626708984,47.02000045776367,46.25667190551758,56480700.0
2025-07-18,47.0099983215332,47.380001068115234,46.900001525878906,47.31999969482422,46.55180358886719,48314200.0
2025-07-21,47.540000915527344,48.040000915527344,47.20000076293945,47.47999954223633,46.709205627441406,32199700.0
2025-07-22,47.599998474121094,48.16999816894531,47.459999084472656,47.77000045776367,46.99449920654297,34749400.0
2025-07-23,48.0099983215332,48.310001373291016,47.810001373291016,48.13999938964844,47.358489990234375,31380100.0
2025-07-24,48.4900016784668,49.0,48.209999084472656,48.38999938964844,47.60443115234375,42967600.0
2025-07-25,48.38999938964844,48.54999923706055,47.939998626708984,48.45000076293945,47.66345977783203,24461200.0
2025-07-28,48.45000076293945,48.540000915527344,48.08000183105469,48.22999954223633,47.44702911376953,20590400.0
2025-07-29,48.38999938964844,48.5099983215332,47.88999938964844,47.95000076293945,47.17157745361328,26216500.0
2025-07-30,48.2599983215332,48.5,47.7400016784668,47.959999084472656,47.18141174316406,32265900.0
2025-07-31,47.7599983215332,48.029998779296875,47.189998626708984,47.27000045776367,46.50261306762695,40016300.0
2025-08-01,46.36000061035156,46.40999984741211,45.31999969482422,45.65999984741211,44.91875076293945,52310400.0
2025-08-04,45.959999084472656,46.11000061035156,45.63999938964844,45.849998474121094,45.10566711425781,31038900.0
2025-08-05,45.95000076293945,46.0,44.75,45.560001373291016,44.820377349853516,36798300.0
2025-08-06,45.709999084472656,45.939998626708984,45.38999938964844,45.41999816894531,44.682647705078125,27916800.0
2025-08-07,45.709999084472656,45.7599983215332,44.779998779296875,44.91999816894531,44.19076156616211,30609900.0
2025-08-08,45.150001525878906,46.29999923706055,44.97999954223633,46.0099983215332,45.26306915283203,37131600.0
2025-08-11,46.060001373291016,46.52000045776367,45.810001373291016,46.15999984741211,45.41063690185547,35559400.0
2025-08-12,46.47999954223633,47.65999984741211,46.36000061035156,47.5,46.728885650634766,35481200.0
2025-08-13,47.68000030517578,47.7599983215332,46.9900016784668,47.2400016784668,46.473106384277344,29465100.0
2025-08-14,47.09000015258789,47.72999954223633,46.88999938964844,47.709999084472656,46.93547058105469,21073800.0
2025-08-15,47.75,47.81999969482422,46.900001525878906,46.939998626708984,46.17797088623047,26276900.0
2025-08-18,46.91999816894531,48.040000915527344,46.790000915527344,47.91999816894531,47.142059326171875,43125100.0
2025-08-19,47.81999969482422,48.119998931884766,47.630001068115234,48.08000183105469,47.299468994140625,33783400.0
2025-08-20,48.16999816894531,48.5,47.869998931884766,48.349998474121094,47.56507873535156,30822200.0
2025-08-21,48.27000045776367,48.4900016784668,47.810001373291016,48.2599983215332,47.47654342651367,28713200.0
2025-08-22,48.52000045776367,49.65999984741211,48.459999084472656,49.47999954223633,48.676734924316406,45078900.0
2025-08-25,49.38999938964844,49.65999984741211,49.209999084472656,49.47999954223633,48.676734924316406,34715700.0
2025-08-26,49.25,50.2599983215332,49.25,50.25,49.43423843383789,40609300.0
2025-08-27,50.029998779296875,50.630001068115234,49.9900016784668,50.380001068115234,49.562129974365234,42428200.0
2025-08-28,50.54999923706055,50.63999938964844,50.279998779296875,50.4900016784668,49.67034149169922,32949400.0
2025-08-29,50.5099983215332,50.91999816894531,50.5099983215332,50.7400016784668,49.91628646850586,32496500.0
2025-09-01,50.5099983215332,50.91999816894531,50.5099983215332,50.7400016784668,49.91628646850586,32496500.0
2025-09-02,50.220001220703125,50.470001220703125,49.66999816894531,50.41999816894531,49.60147476196289,52719800.0
2025-09-03,50.400001525878906,50.56999969482422,49.70000076293945,50.060001373291016,49.24732208251953,38344200.0
2025-09-04,50.2400016784668,50.83000183105469,50.119998931884766,50.619998931884766,49.7982292175293,34796900.0
2025-09-05,50.439998626708984,50.790000915527344,49.22999954223633,49.77000045776367,49.23436737060547,40063300.0
2025-09-08,49.79999923706055,49.90999984741211,48.880001068115234,49.459999084472656,48.92770004272461,48033100.0
2025-09-09,49.5,50.560001373291016,49.459999084472656,50.290000915527344,49.7487678527832,40060100.0
2025-09-10,50.369998931884766,50.630001068115234,49.970001220703125,50.130001068115234,49.590492248535156,31706300.0
2025-09-11,50.13999938964844,50.959999084472656,49.9900016784668,50.75,50.203819274902344,28055200.0
2025-09-12,50.70000076293945,50.93000030517578,50.459999084472656,50.58000183105469,50.035648345947266,27851100.0
2025-09-15,50.849998474121094,51.09000015258789,50.459999084472656,50.59000015258789,50.0455436706543,29043600.0
2025-09-16,50.63999938964844,50.880001068115234,50.209999084472656,50.65999984741211,50.11478805541992,31624400.0
2025-09-17,50.86000061035156,51.630001068115234,50.790000915527344,51.400001525878906,50.846824645996094,38337900.0
2025-09-18,51.4900016784668,52.189998626708984,51.29999923706055,52.130001068115234,51.5689697265625,35246900.0
2025-09-19,52.150001525878906,52.65999984741211,51.7599983215332,52.25,51.68767547607422,98970700.0
2025-09-22,51.7599983215332,52.349998474121094,51.7599983215332,51.91999816894531,51.36122512817383,27468000.0
2025-09-23,52.0,52.880001068115234,51.52000045776367,51.70000076293945,51.14359664916992,28278200.0
2025-09-24,51.849998474121094,52.25,51.459999084472656,51.70000076293945,51.14359664916992,27010400.0
2025-09-25,51.47999954223633,52.33000183105469,51.439998626708984,51.849998474121094,51.29197692871094,22957900.0
2025-09-26,52.11000061035156,52.619998931884766,51.97999954223633,52.209999084472656,51.64810562133789,20025800.0
2025-09-29,52.36000061035156,52.54999923706055,52.11000061035156,52.41999816894531,51.8558464050293,23701000.0
2025-09-30,52.47999954223633,52.56999969482422,51.02000045776367,51.59000015258789,51.03478240966797,29945000.0
2025-10-01,51.29999923706055,51.68000030517578,50.560001373291016,50.68000030517578,50.13457489013672,27709100.0
2025-10-02,50.650001525878906,50.849998474121094,50.06999969482422,50.47999954223633,49.93672561645508,22757200.0
2025-10-03,50.619998931884766,51.130001068115234,50.54999923706055,50.63999938964844,50.095001220703125,24565700.0
2025-10-06,50.93000030517578,51.31999969482422,49.88999938964844,50.38999938964844,49.847694396972656,25386300.0
2025-10-07,50.54999923706055,50.90999984741211,50.130001068115234,50.290000915527344,49.7487678527832,24107300.0
2025-10-08,50.400001525878906,50.5099983215332,49.779998779296875,49.84000015258789,49.303611755371094,24014200.0
2025-10-09,50.0,50.279998779296875,49.66999816894531,49.790000915527344,49.254150390625,21816900.0
2025-10-10,49.93000030517578,50.13999938964844,48.54999923706055,48.650001525878906,48.12642288208008,31831900.0
2025-10-13,49.20000076293945,49.400001525878906,48.810001373291016,48.86000061035156,48.33415985107422,34462800.0
2025-10-14,48.849998474121094,50.5,48.529998779296875,50.09000015258789,49.550926208496094,42462600.0
2025-10-15,51.56999969482422,52.849998474121094,51.22999954223633,52.279998779296875,51.71735382080078,69992200.0
2025-10-16,52.599998474121094,52.7599983215332,50.0,50.439998626708984,49.897151947021484,49027700.0
2025-10-17,50.95000076293945,51.77000045776367,50.33000183105469,51.279998779296875,50.72811508178711,48915400.0
2025-10-20,51.439998626708984,52.279998779296875,51.369998931884766,52.040000915527344,51.47993850708008,25786000.0
2025-10-21,52.09000015258789,52.369998931884766,51.439998626708984,51.52000045776367,50.96553421020508,27303400.0
2025-10-22,51.5,51.58000183105469,50.439998626708984,51.099998474121094,50.550052642822266,34955000.0
2025-10-23,51.47999954223633,51.79999923706055,51.11000061035156,51.7599983215332,51.202945709228516,26028800.0
2025-10-24,51.849998474121094,52.81999969482422,51.849998474121094,52.56999969482422,52.004234313964844,38923900.0
2025-10-27,52.79999923706055,53.06999969482422,52.529998779296875,53.02000045776367,52.44939041137695,27345800.0
2025-10-28,53.0,53.279998779296875,52.34000015258789,52.869998931884766,52.301002502441406,29575200.0
2025-10-29,52.65999984741211,53.0099983215332,52.31999969482422,52.58000183105469,52.01412582397461,29158800.0
2025-10-30,52.66999816894531,53.439998626708984,52.560001373291016,53.029998779296875,52.45927810668945,37548600.0
2025-10-31,52.790000915527344,53.63999938964844,52.77000045776367,53.45000076293945,52.87476348876953,39295700.0
2025-11-03,53.2599983215332,53.63999938964844,52.709999084472656,53.560001373291016,52.98358154296875,31252300.0
2025-11-04,53.02000045776367,54.0,52.720001220703125,53.540000915527344,52.96379470825195,47226600.0
2025-11-05,52.959999084472656,53.06999969482422,51.7400016784668,52.45000076293945,51.88552474975586,54353600.0
2025-11-06,53.41999816894531,53.75,52.77000045776367,53.290000915527344,52.71648406982422,55296000.0
2025-11-07,53.150001525878906,53.58000183105469,52.709999084472656,53.20000076293945,52.6274528503418,40537700.0
2025-11-10,53.40999984741211,53.9900016784668,53.34000015258789,53.41999816894531,52.84508514404297,26094600.0
2025-11-11,53.75,53.97999954223633,53.279998779296875,53.630001068115234,53.052825927734375,22244300.0
2025-11-12,53.88999938964844,54.689998626708984,53.77000045776367,54.11000061035156,53.52765655517578,40536700.0
2025-11-13,53.790000915527344,54.209999084472656,52.77000045776367,52.869998931884766,52.301002502441406,37716100.0
2025-11-14,52.86000061035156,52.900001525878906,52.029998779296875,52.61000061035156,52.043800354003906,32363100.0
2025-11-17,52.58000183105469,52.58000183105469,51.38999938964844,51.47999954223633,50.92596435546875,35546800.0
2025-11-18,51.279998779296875,52.18000030517578,51.150001525878906,51.63999938964844,51.0842399597168,35189500.0
2025-11-19,51.66999816894531,52.4900016784668,51.66999816894531,52.02000045776367,51.46015167236328,28112300.0
2025-11-20,52.5,52.95000076293945,50.970001220703125,51.0,50.45112609863281,36661600.0
2025-11-21,51.290000915527344,51.779998779296875,50.70000076293945,51.560001373291016,51.005104064941406,43867200.0
2025-11-24,51.650001525878906,52.2400016784668,51.400001525878906,51.93000030517578,51.37112045288086,52852100.0
2025-11-25,52.25,52.880001068115234,51.86000061035156,52.47999954223633,51.915199279785156,41310100.0
2025-11-26,52.70000076293945,53.25,52.54999923706055,52.9900016784668,52.41971206665039,32045600.0
2025-11-27,52.70000076293945,53.25,52.54999923706055,52.9900016784668,52.41971206665039,32045600.0
2025-11-28,53.11000061035156,53.939998626708984,53.04999923706055,53.650001525878906,53.07261276245117,18920800.0
2025-12-01,53.5,53.900001525878906,53.209999084472656,53.2400016784668,52.667022705078125,30536500.0
2025-12-02,53.529998779296875,53.63999938964844,52.970001220703125,53.189998626708984,52.617557525634766,46073500.0
2025-12-03,53.25,54.2400016784668,53.18000030517578,54.09000015258789,53.507877349853516,37134400.0
2025-12-04,54.209999084472656,54.689998626708984,54.0,54.15999984741211,53.57712173461914,38529600.0
2025-12-05,53.93000030517578,54.83000183105469,53.7400016784668,53.95000076293945,53.646728515625,33986500.0
2025-12-08,53.900001525878906,54.209999084472656,53.4900016784668,53.900001525878906,53.597007751464844,34386600.0
2025-12-09,53.970001220703125,54.279998779296875,53.27000045776367,53.540000915527344,53.23903274536133,47189300.0
2025-12-10,53.59000015258789,54.54999923706055,53.34000015258789,54.08000183105469,53.775997161865234,54424400.0
2025-12-11,53.95000076293945,54.650001525878906,53.75,54.560001373291016,54.253299713134766,35686900.0
2025-12-12,54.779998779296875,55.29999923706055,54.349998474121094,55.13999938964844,54.83003616333008,40539400.0
2025-12-15,55.40999984741211,56.06999969482422,55.06999969482422,55.33000183105469,55.01897048950195,32881300.0
2025-12-16,55.13999938964844,55.349998474121094,54.689998626708984,54.810001373291016,54.50189208984375,32931900.0
2025-12-17,55.119998931884766,55.56999969482422,54.459999084472656,54.54999923706055,54.24335479736328,35304100.0
2025-12-18,54.79999923706055,55.150001525878906,53.77000045776367,54.2599983215332,53.95498275756836,87452700.0
2025-12-19,54.52000045776367,55.310001373291016,54.380001068115234,55.27000045776367,54.95930862426758,73001900.0
2025-12-22,55.369998931884766,56.11000061035156,55.34000015258789,55.880001068115234,55.565879821777344,33408800.0
2025-12-23,55.810001373291016,56.220001220703125,55.810001373291016,55.970001220703125,55.655372619628906,22274600.0
2025-12-24,56.130001068115234,56.5,55.88999938964844,56.25,55.93379592895508,13634400.0
2025-12-25,56.130001068115234,56.5,55.88999938964844,56.25,55.93379592895508,13634400.0
2025-12-26,56.279998779296875,56.54999923706055,56.029998779296875,56.16999816894531,55.854244232177734,15259400.0
2025-12-29,56.11000061035156,56.25,55.27000045776367,55.349998474121094,55.038856506347656,21040100.0
2025-12-30,55.4900016784668,55.63999938964844,55.16999816894531,55.279998779296875,54.9692497253418,17427600.0
2025-12-31,55.31999969482422,55.41999816894531,54.93000030517578,55.0,54.69082260131836,16293000.0
2026-01-01,55.31999969482422,55.41999816894531,54.93000030517578,55.0,54.69082260131836,16293000.0
2026-01-02,55.029998779296875,55.9900016784668,54.880001068115234,55.95000076293945,55.6354866027832,25503600.0
2026-01-05,56.16999816894531,57.54999923706055,56.13999938964844,56.88999938964844,56.57019805908203,36096600.0
2026-01-06,57.0099983215332,57.40999984741211,56.75,57.25,56.92817687988281,31791900.0
2026-01-07,56.689998626708984,56.810001373291016,55.439998626708984,55.63999938964844,55.32722473144531,49695500.0
2026-01-08,55.47999954223633,56.58000183105469,55.470001220703125,56.18000030517578,55.864192962646484,30933700.0
2026-01-09,56.16999816894531,56.61000061035156,55.790000915527344,55.849998474121094,55.53604507446289,30768800.0
2026-01-12,55.290000915527344,55.45000076293945,54.72999954223633,55.189998626708984,54.879756927490234,45860600.0
2026-01-13,55.27000045776367,55.52000045776367,54.29999923706055,54.540000915527344,54.2334098815918,43542200.0
2026-01-14,52.880001068115234,53.47999954223633,51.65999984741211,52.47999954223633,52.18498992919922,84750000.0
2026-01-15,52.720001220703125,53.040000915527344,52.22999954223633,52.59000015258789,52.29437255859375,51018300.0
2026-01-16,52.689998626708984,53.380001068115234,52.25,52.970001220703125,52.672237396240234,52178400.0
2026-01-19,52.689998626708984,53.380001068115234,52.25,52.970001220703125,52.672237396240234,52178400.0
2026-01-20,52.31999969482422,53.47999954223633,51.959999084472656,52.099998474121094,51.807125091552734,49172700.0
2026-01-21,52.22999954223633,52.86000061035156,52.04999923706055,52.06999969482422,51.77729415893555,36340000.0
2026-01-22,52.470001220703125,53.130001068115234,52.33000183105469,52.45000076293945,52.15515899658203,31229200.0
2026-01-23,52.11000061035156,52.20000076293945,51.380001068115234,51.720001220703125,51.429264068603516,34553500.0
2026-01-26,51.79999923706055,52.279998779296875,51.66999816894531,52.02000045776367,51.727577209472656,27728400.0
2026-01-27,52.209999084472656,52.25,51.810001373291016,52.16999816894531,51.876731872558594,26494300.0
2026-01-28,51.95000076293945,52.13999938964844,51.310001373291016,51.810001373291016,51.51875686645508,35030200.0
2026-01-29,51.97999954223633,53.09000015258789,51.95000076293945,53.08000183105469,52.781620025634766,35200500.0
2026-01-30,52.869998931884766,53.40999984741211,52.77000045776367,53.20000076293945,52.900943756103516,34549100.0
2026-02-02,53.20000076293945,54.09000015258789,52.95000076293945,54.029998779296875,53.72627639770508,34624500.0
2026-02-03,54.20000076293945,55.119998931884766,53.68000030517578,54.45000076293945,54.143917083740234,41208400.0
2026-02-04,54.779998779296875,56.040000915527344,54.709999084472656,55.380001068115234,55.06869125366211,54522500.0
2026-02-05,55.02000045776367,55.290000915527344,54.25,54.939998626708984,54.631160736083984,32959700.0
2026-02-06,55.54999923706055,56.869998931884766,55.290000915527344,56.529998779296875,56.212223052978516,42468000.0
2026-02-09,56.38999938964844,56.720001220703125,56.18000030517578,56.40999984741211,56.092899322509766,31968400.0
2026-02-10,56.439998626708984,56.83000183105469,54.27000045776367,55.38999938964844,55.07863235473633,48304700.0
2026-02-11,55.970001220703125,56.11000061035156,53.2400016784668,53.849998474121094,53.54728698730469,48973500.0
2026-02-12,53.90999984741211,53.939998626708984,51.790000915527344,52.52000045776367,52.22476577758789,55481600.0
2026-02-13,51.90999984741211,52.81999969482422,51.439998626708984,52.54999923706055,52.25459671020508,31772100.0
2026-02-16,51.90999984741211,52.81999969482422,51.439998626708984,52.54999923706055,52.25459671020508,31772100.0
2026-02-17,53.040000915527344,53.54999923706055,52.619998931884766,52.7400016784668,52.44353103637695,35542400.0
2026-02-18,52.9900016784668,53.61000061035156,52.790000915527344,53.36000061035156,53.06004333496094,30698900.0
2026-02-19,51.90999984741211,52.810001373291016,51.83000183105469,52.77000045776367,52.47336196899414,47148600.0
2026-02-20,52.529998779296875,53.09000015258789,51.83000183105469,53.060001373291016,52.7617301940918,33552000.0
2026-02-23,52.84000015258789,53.2599983215332,50.88999938964844,51.06999969482422,50.78291702270508,50602500.0
2026-02-24,50.7400016784668,50.880001068115234,49.470001220703125,50.40999984741211,50.126625061035156,53062700.0
2026-02-25,50.33000183105469,51.77000045776367,50.310001373291016,51.689998626708984,51.39942932128906,41375000.0
2026-02-26,51.880001068115234,52.66999816894531,51.7400016784668,52.29999923706055,52.00600051879883,52418500.0
2026-02-27,51.08000183105469,51.40999984741211,49.31999969482422,49.83000183105469,49.549888610839844,77728700.0
2026-03-02,48.779998779296875,50.41999816894531,48.58000183105469,49.810001373291016,49.53000259399414,40595200.0
2026-03-03,48.7599983215332,50.5099983215332,48.5,49.970001220703125,49.68910217285156,51242900.0
2026-03-04,49.88999938964844,50.40999984741211,49.209999084472656,50.29999923706055,50.017242431640625,34208500.0
2026-03-05,49.81999969482422,50.43000030517578,49.33000183105469,49.810001373291016,49.53000259399414,39073900.0
2026-03-06,48.54999923706055,48.70000076293945,47.619998931884766,48.63999938964844,48.63999938964844,47016000.0
2026-03-09,47.939998626708984,48.150001525878906,46.77000045776367,47.900001525878906,47.900001525878906,62752800.0
2026-03-10,48.279998779296875,49.150001525878906,47.599998474121094,48.560001373291016,48.560001373291016,50271100.0
2026-03-11,48.36000061035156,48.650001525878906,47.779998779296875,48.52000045776367,48.52000045776367,42185800.0
2026-03-12,47.70000076293945,47.779998779296875,46.790000915527344,47.130001068115234,47.130001068115234,58354500.0
2026-03-13,47.52000045776367,47.81999969482422,46.65999984741211,46.720001220703125,46.720001220703125,45473100.0
2026-03-16,47.119998931884766,47.68000030517578,46.900001525878906,47.060001373291016,47.060001373291016,38055600.0
2026-03-17,47.65999984741211,48.08000183105469,47.20000076293945,47.279998779296875,47.279998779296875,33427800.0
2026-03-18,47.220001220703125,47.880001068115234,46.689998626708984,46.83000183105469,46.83000183105469,40251800.0
2026-03-19,46.41999816894531,47.189998626708984,46.119998931884766,47.0099983215332,47.0099983215332,38601400.0
2026-03-20,47.130001068115234,47.459999084472656,46.689998626708984,47.15999984741211,47.15999984741211,78060900.0
2026-03-23,48.34000015258789,48.38999938964844,47.47999954223633,47.52000045776367,47.52000045776367,42333200.0
2026-03-24,47.04999923706055,48.459999084472656,47.02000045776367,48.13999938964844,48.13999938964844,39804100.0
2026-03-25,48.52000045776367,49.11000061035156,48.18000030517578,48.75,48.75,29988300.0
2026-03-26,48.709999084472656,48.869998931884766,48.029998779296875,48.2400016784668,48.2400016784668,32502600.0
2026-03-27,48.06999969482422,48.25,46.84000015258789,46.970001220703125,46.970001220703125,36781900.0
2026-03-30,47.54999923706055,47.86000061035156,46.93000030517578,47.22999954223633,47.22999954223633,43375900.0
2026-03-31,47.68000030517578,48.77000045776367,47.369998931884766,48.75,48.75,49060600.0
2026-04-01,49.70000076293945,50.04999923706055,48.779998779296875,49.27000045776367,49.27000045776367,32947000.0
2026-04-02,48.75,49.56999969482422,48.15999984741211,49.380001068115234,49.380001068115234,27548200.0
2026-04-03,48.75,49.56999969482422,48.15999984741211,49.380001068115234,49.380001068115234,27548200.0
2026-04-06,49.43000030517578,50.119998931884766,49.25,50.060001373291016,50.060001373291016,28507200.0
2026-04-07,49.79999923706055,50.47999954223633,49.619998931884766,50.279998779296875,50.279998779296875,28473200.0
2026-04-08,51.939998626708984,52.2599983215332,51.369998931884766,51.880001068115234,51.880001068115234,36473500.0
2026-04-09,51.630001068115234,52.84000015258789,51.630001068115234,52.709999084472656,52.709999084472656,32008000.0
2026-04-10,52.79999923706055,52.83000183105469,52.20000076293945,52.540000915527344,52.540000915527344,25225300.0
2026-04-13,52.18000030517578,53.439998626708984,51.849998474121094,53.349998474121094,53.349998474121094,27835300.0
2026-04-14,53.099998474121094,53.56999969482422,52.79999923706055,53.349998474121094,53.349998474121094,40178500.0
2026-04-15,54.25,55.400001525878906,53.709999084472656,54.31999969482422,54.31999969482422,63838200.0
2026-04-16,54.040000915527344,54.5099983215332,53.470001220703125,53.5099983215332,53.5099983215332,35206700.0
2026-04-17,54.15999984741211,54.599998474121094,53.75,53.90999984741211,53.90999984741211,43484700.0
2026-04-20,53.5,53.95000076293945,53.18000030517578,53.95000076293945,53.95000076293945,43999200.0
2026-04-21,54.0,54.650001525878906,53.209999084472656,53.47999954223633,53.47999954223633,34266300.0
2026-04-22,53.66999816894531,53.79999923706055,53.0,53.119998931884766,53.119998931884766,24097600.0
2026-04-23,53.060001373291016,53.52000045776367,52.25,52.470001220703125,52.470001220703125,31956300.0
2026-04-24,52.31999969482422,52.5099983215332,51.93000030517578,52.04999923706055,52.04999923706055,30265400.0
2026-04-27,51.9900016784668,52.93000030517578,51.83000183105469,52.630001068115234,52.630001068115234,28043700.0
2026-04-28,53.02000045776367,53.43000030517578,52.630001068115234,52.65999984741211,52.65999984741211,21164100.0
2026-04-29,52.43000030517578,53.02000045776367,51.83000183105469,52.880001068115234,52.880001068115234,26250700.0
2026-04-30,52.61000061035156,53.65999984741211,52.150001525878906,53.459999084472656,53.459999084472656,27089200.0
2026-05-01,53.689998626708984,54.060001373291016,53.09000015258789,53.2400016784668,53.2400016784668,24825000.0
2026-05-04,53.06999969482422,53.06999969482422,52.0,52.189998626708984,52.189998626708984,42929000.0
2026-05-05,52.56999969482422,53.36000061035156,52.279998779296875,53.119998931884766,53.119998931884766,28458600.0
2026-05-06,53.81999969482422,54.20000076293945,53.470001220703125,53.599998474121094,53.599998474121094,27541200.0
2026-05-07,53.54999923706055,54.0,52.5,52.75,52.75,28682100.0
2026-05-08,52.97999954223633,53.0099983215332,51.099998474121094,51.310001373291016,51.310001373291016,36111200.0
2026-05-11,51.209999084472656,51.38999938964844,50.27000045776367,50.54999923706055,50.54999923706055,33132200.0
2026-05-12,50.86000061035156,51.08000183105469,49.84000015258789,50.779998779296875,50.779998779296875,33518800.0
2026-05-13,50.36000061035156,50.779998779296875,49.79999923706055,49.84000015258789,49.84000015258789,29838000.0
2026-05-14,50.060001373291016,50.470001220703125,49.4900016784668,49.849998474121094,49.849998474121094,37671800.0
2026-05-15,49.619998931884766,49.9900016784668,49.29999923706055,49.77000045776367,49.77000045776367,46282300.0
2026-05-18,49.720001220703125,50.91999816894531,49.720001220703125,50.689998626708984,50.689998626708984,33404100.0
2026-05-19,50.72999954223633,51.279998779296875,50.380001068115234,50.70000076293945,50.70000076293945,44154600.0
2026-05-20,50.9900016784668,51.58000183105469,50.4900016784668,51.22999954223633,51.22999954223633,47739400.0
2026-05-21,51.0,51.5,50.7599983215332,51.4900016784668,51.4900016784668,27461900.0
2026-05-22,51.689998626708984,52.150001525878906,51.650001525878906,51.79999923706055,51.79999923706055,26683700.0
2026-05-25,51.689998626708984,52.150001525878906,51.650001525878906,51.79999923706055,51.79999923706055,26683700.0
2026-05-26,52.220001220703125,52.5,51.880001068115234,52.20000076293945,52.20000076293945,27397600.0
2026-05-27,52.38999938964844,52.4900016784668,50.7599983215332,51.099998474121094,51.099998474121094,48581500.0
2026-05-28,50.91999816894531,51.5,50.63999938964844,50.77000045776367,50.77000045776367,48550100.0
2026-05-29,50.970001220703125,51.79999923706055,50.61000061035156,51.599998474121094,51.599998474121094,57930600.0
2026-06-01,51.310001373291016,51.83000183105469,50.849998474121094,51.5099983215332,51.5099983215332,34303700.0
2026-06-02,51.2599983215332,52.709999084472656,51.2599983215332,52.47999954223633,52.47999954223633,42126500.0
2026-06-03,52.2599983215332,52.54999923706055,51.220001220703125,52.400001525878906,52.400001525878906,48055500.0
2026-06-04,53.130001068115234,54.33000183105469,52.79999923706055,53.8849983215332,53.8849983215332,22563502.0
