Date,Open,High,Low,Close,Adj Close,Volume
2018-06-04,154.7899932861328,154.92999267578125,152.0800018310547,152.5,128.7349090576172,2470900.0
2018-06-05,152.39999389648438,153.10000610351562,152.02000427246094,153.00999450683594,129.16546630859375,2916600.0
2018-06-06,153.64999389648438,156.5399932861328,153.00999450683594,156.50999450683594,132.1199951171875,3689300.0
2018-06-07,157.11000061035156,157.92999267578125,155.52999877929688,156.2899932861328,131.93423461914062,3149100.0
2018-06-08,156.19000244140625,156.64999389648438,155.0399932861328,155.32000732421875,131.1154327392578,3254100.0
2018-06-11,155.19000244140625,157.0800018310547,154.72000122070312,156.3000030517578,131.9427032470703,2758300.0
2018-06-12,156.4499969482422,159.19000244140625,156.38999938964844,157.49000549316406,132.94729614257812,2595600.0
2018-06-13,157.17999267578125,157.35000610351562,154.50999450683594,154.7100067138672,130.6005859375,4189300.0
2018-06-14,155.6999969482422,157.36000061035156,152.75999450683594,153.13999938964844,129.27516174316406,3967600.0
2018-06-15,150.85000610351562,151.0,148.42999267578125,150.02000427246094,126.64141845703125,8852500.0
2018-06-18,148.4199981689453,149.4600067138672,147.72000122070312,148.67999267578125,125.51019287109375,3651600.0
2018-06-19,146.0,146.3000030517578,142.32000732421875,143.3000030517578,120.96862030029297,6792000.0
2018-06-20,144.22000122070312,144.69000244140625,141.82000732421875,143.1300048828125,120.82511138916016,4128300.0
2018-06-21,142.25,142.38999938964844,139.1199951171875,139.52999877929688,117.78612518310547,5914900.0
2018-06-22,140.89999389648438,142.5,139.77000427246094,139.94000244140625,118.13219451904297,5114700.0
2018-06-25,138.86000061035156,138.97999572753906,135.17999267578125,136.5800018310547,115.29582214355469,6078200.0
2018-06-26,136.75,137.3300018310547,135.27999877929688,135.5399932861328,114.41790771484375,4285300.0
2018-06-27,136.77000427246094,139.4600067138672,134.5800018310547,134.61000061035156,113.63282012939453,5665000.0
2018-06-28,134.17999267578125,136.72000122070312,132.67999267578125,136.02999877929688,114.83153533935547,4215900.0
2018-06-29,136.61000061035156,137.85000610351562,135.5800018310547,135.6699981689453,114.52764892578125,4107900.0
2018-07-02,133.8000030517578,136.42999267578125,133.1999969482422,136.2899932861328,115.05104064941406,3172600.0
2018-07-03,137.0,137.35000610351562,133.3300018310547,133.8300018310547,112.97438049316406,1837400.0
2018-07-04,137.0,137.35000610351562,133.3300018310547,133.8300018310547,112.97438049316406,1837400.0
2018-07-05,135.00999450683594,136.08999633789062,134.08999633789062,135.80999755859375,114.64583587646484,3366300.0
2018-07-06,135.11000061035156,135.86000061035156,133.32000732421875,135.41000366210938,114.30816650390625,3179600.0
2018-07-09,136.22000122070312,141.0500030517578,136.10000610351562,140.97000122070312,119.00170135498047,5562300.0
2018-07-10,141.61000061035156,141.86000061035156,140.13999938964844,141.25,119.23808288574219,3761700.0
2018-07-11,138.1300048828125,139.38999938964844,135.83999633789062,136.75999450683594,115.44775390625,5231700.0
2018-07-12,138.5,139.72999572753906,136.8300018310547,139.4199981689453,117.69322967529297,4250800.0
2018-07-13,139.5399932861328,141.25,139.07000732421875,140.75,118.81599426269531,2838700.0
2018-07-16,140.8800048828125,140.8800048828125,137.89999389648438,138.0800018310547,116.56210327148438,3723100.0
2018-07-17,136.97999572753906,139.3300018310547,136.52999877929688,138.9499969482422,117.29651641845703,3306000.0
2018-07-18,139.0,141.5,138.3300018310547,141.1199951171875,119.12833404541016,4394800.0
2018-07-19,139.57000732421875,140.5399932861328,139.0500030517578,139.4199981689453,118.41486358642578,3576700.0
2018-07-20,138.36000061035156,138.5800018310547,136.63999938964844,136.82000732421875,116.20661926269531,5247000.0
2018-07-23,136.6199951171875,136.8000030517578,135.60000610351562,136.27999877929688,115.74799346923828,3542300.0
2018-07-24,138.89999389648438,140.60000610351562,137.36000061035156,137.97000122070312,117.18335723876953,5064700.0
2018-07-25,138.0,141.0500030517578,136.6699981689453,140.47999572753906,119.31520080566406,5041800.0
2018-07-26,140.75,143.5500030517578,140.07000732421875,142.5800018310547,121.09880065917969,5385600.0
2018-07-27,143.9499969482422,143.9499969482422,140.77999877929688,142.55999755859375,121.08181762695312,4649400.0
2018-07-30,145.7100067138672,146.6999969482422,139.05999755859375,139.75,118.69515228271484,13837700.0
2018-07-31,141.97000122070312,144.77999877929688,140.1699981689453,143.8000030517578,122.1349868774414,7608700.0
2018-08-01,142.97000122070312,143.07000732421875,138.11000061035156,138.5399932861328,117.66746520996094,6364500.0
2018-08-02,137.07000732421875,138.7100067138672,135.69000244140625,138.00999450683594,117.21732330322266,4195000.0
2018-08-03,138.1999969482422,138.60000610351562,137.07000732421875,138.50999450683594,117.64199829101562,3594100.0
2018-08-06,138.52000427246094,140.6699981689453,137.97000122070312,139.47999572753906,118.4658203125,3125200.0
2018-08-07,140.61000061035156,143.32000732421875,140.3000030517578,142.3800048828125,120.92894744873047,4813000.0
2018-08-08,142.32000732421875,142.39999389648438,139.25999450683594,139.7100067138672,118.66117095947266,3435100.0
2018-08-09,140.10000610351562,140.89999389648438,138.25,138.52000427246094,117.6504898071289,3338500.0
2018-08-10,137.52000427246094,137.52000427246094,134.72999572753906,135.9199981689453,115.44219207763672,6268600.0
2018-08-13,135.9199981689453,136.72999572753906,134.72000122070312,135.02000427246094,114.67779541015625,3879400.0
2018-08-14,135.60000610351562,136.4499969482422,134.6699981689453,134.9199981689453,114.59288024902344,3537900.0
2018-08-15,133.25,133.25,129.42999267578125,132.02000427246094,112.1297836303711,5682200.0
2018-08-16,133.72000122070312,136.5500030517578,133.64999389648438,136.25999450683594,115.73095703125,5539400.0
2018-08-17,135.64999389648438,140.2100067138672,135.44000244140625,139.33999633789062,118.34695434570312,6611700.0
2018-08-20,139.82000732421875,140.5500030517578,138.55999755859375,138.6699981689453,117.77786254882812,3311100.0
2018-08-21,139.07000732421875,140.9600067138672,139.07000732421875,139.99000549316406,118.89900970458984,3021400.0
2018-08-22,140.32000732421875,140.6999969482422,139.36000061035156,139.6300048828125,118.59326171875,2209500.0
2018-08-23,139.0500030517578,139.1699981689453,136.4199981689453,136.7899932861328,116.1811294555664,3905300.0
2018-08-24,137.82000732421875,138.5500030517578,136.88999938964844,138.2100067138672,117.38716125488281,2565400.0
2018-08-27,139.39999389648438,142.3800048828125,139.3000030517578,142.0399932861328,120.64015197753906,4770900.0
2018-08-28,143.4199981689453,143.77000427246094,141.49000549316406,142.0,120.6061782836914,3234000.0
2018-08-29,142.42999267578125,142.58999633789062,141.2899932861328,141.86000061035156,120.48725128173828,3369900.0
2018-08-30,141.02999877929688,141.47000122070312,138.4499969482422,139.05999755859375,118.10916900634766,4773300.0
2018-08-31,138.52000427246094,140.22000122070312,138.3800048828125,138.85000610351562,117.93074798583984,4552200.0
2018-09-03,138.52000427246094,140.22000122070312,138.3800048828125,138.85000610351562,117.93074798583984,4552200.0
2018-09-04,137.86000061035156,139.0,136.92999267578125,138.24000549316406,117.41266632080078,3955600.0
2018-09-05,138.3300018310547,141.10000610351562,137.67999267578125,140.58999633789062,119.40865325927734,4579400.0
2018-09-06,140.33999633789062,141.8699951171875,140.05999755859375,141.57000732421875,120.24095916748047,4588100.0
2018-09-07,140.72999572753906,142.13999938964844,140.0500030517578,141.32000732421875,120.02863311767578,4173400.0
2018-09-10,141.77000427246094,142.50999450683594,141.69000244140625,142.0500030517578,120.64861297607422,3069100.0
2018-09-11,140.61000061035156,142.4499969482422,140.3699951171875,142.02999877929688,120.63162231445312,2583200.0
2018-09-12,141.5800018310547,144.75,140.6199951171875,144.27999877929688,122.54267883300781,5630600.0
2018-09-13,145.0500030517578,146.4600067138672,144.52000427246094,145.5399932861328,123.61283874511719,3670700.0
2018-09-14,145.6300048828125,147.1999969482422,143.22999572753906,144.89999389648438,123.06926727294922,4699600.0
2018-09-17,144.85000610351562,148.05999755859375,144.5500030517578,146.22000122070312,124.1904067993164,3827100.0
2018-09-18,147.0,149.27999877929688,146.27000427246094,149.07000732421875,126.61100769042969,4496400.0
2018-09-19,149.75999450683594,153.11000061035156,149.3699951171875,152.75999450683594,129.7450714111328,6000100.0
2018-09-20,155.41000366210938,157.72000122070312,154.4600067138672,156.0,132.49696350097656,6774100.0
2018-09-21,156.6300048828125,157.2899932861328,154.8000030517578,156.3800048828125,132.8197021484375,5932100.0
2018-09-24,156.0,156.10000610351562,153.77000427246094,154.0,130.79824829101562,3844500.0
2018-09-25,154.1199951171875,154.5,152.80999755859375,154.08999633789062,130.8746795654297,3454600.0
2018-09-26,153.9499969482422,155.14999389648438,152.88999938964844,153.1699981689453,130.09329223632812,3096100.0
2018-09-27,153.02000427246094,154.0500030517578,151.1999969482422,152.47000122070312,129.49874877929688,2674100.0
2018-09-28,152.0,152.91000366210938,150.55999755859375,152.49000549316406,129.51576232910156,3599900.0
2018-10-01,153.61000061035156,154.5,151.67999267578125,152.27999877929688,129.33738708496094,3736300.0
2018-10-02,152.2899932861328,155.3800048828125,151.5,154.82000732421875,131.49472045898438,4344000.0
2018-10-03,156.0,159.3699951171875,155.7899932861328,158.22000122070312,134.3824920654297,6043300.0
2018-10-04,158.02999877929688,158.5500030517578,155.1999969482422,156.75,133.13397216796875,4130800.0
2018-10-05,156.50999450683594,156.80999755859375,151.61000061035156,153.30999755859375,130.21217346191406,4955100.0
2018-10-08,151.9499969482422,153.66000366210938,150.8800048828125,153.35000610351562,130.2462158203125,3463200.0
2018-10-09,152.61000061035156,152.61000061035156,149.0800018310547,149.4600067138672,126.9422378540039,4996900.0
2018-10-10,148.6999969482422,149.1699981689453,143.72000122070312,143.72000122070312,122.06703186035156,9419300.0
2018-10-11,142.9499969482422,145.88999938964844,139.83999633789062,140.97000122070312,119.73138427734375,7608300.0
2018-10-12,144.02000427246094,144.39999389648438,139.75,142.07000732421875,120.66563415527344,5596200.0
2018-10-15,142.0,143.17999267578125,141.1199951171875,141.8000030517578,120.43632507324219,3741700.0
2018-10-16,143.35000610351562,143.88999938964844,141.27000427246094,143.7100067138672,122.05854797363281,3573400.0
2018-10-17,143.0800018310547,143.52000427246094,141.11000061035156,141.33999633789062,120.04558563232422,4807500.0
2018-10-18,140.16000366210938,140.8000030517578,134.47000122070312,135.8000030517578,115.34028625488281,10250200.0
2018-10-19,136.19000244140625,136.92999267578125,131.27000427246094,131.32000732421875,112.24606323242188,7055100.0
2018-10-22,132.67999267578125,133.1300048828125,128.66000366210938,128.7100067138672,110.01516723632812,7858900.0
2018-10-23,119.68000030517578,122.5,115.62000274658203,118.9800033569336,101.69842529296875,24113300.0
2018-10-24,120.0,121.63999938964844,112.25,112.33999633789062,96.02287292480469,15304200.0
2018-10-25,114.83000183105469,117.08999633789062,112.5,115.62999725341797,98.83499908447266,13568900.0
2018-10-26,114.0999984741211,116.43000030517578,112.36000061035156,115.05000305175781,98.33924865722656,10820400.0
2018-10-29,116.87999725341797,118.3499984741211,112.05999755859375,113.9800033569336,97.4246597290039,8069600.0
2018-10-30,114.0,117.73999786376953,113.0999984741211,117.45999908447266,100.39920806884766,8057600.0
2018-10-31,119.41000366210938,122.88999938964844,119.26000213623047,121.31999969482422,103.69855499267578,10341300.0
2018-11-01,122.58999633789062,125.2300033569336,120.94000244140625,124.69999694824219,106.58758544921875,10138900.0
2018-11-02,127.05000305175781,128.3000030517578,124.26000213623047,125.79000091552734,107.519287109375,7683900.0
2018-11-05,126.08999633789062,126.94999694824219,124.55000305175781,126.41000366210938,108.04924011230469,4844200.0
2018-11-06,126.4000015258789,129.5,126.30999755859375,129.3300018310547,110.54510498046875,4728200.0
2018-11-07,133.52000427246094,135.22000122070312,130.8800048828125,135.10000610351562,115.47705078125,7551900.0
2018-11-08,133.8300018310547,134.6999969482422,130.89999389648438,131.38999938964844,112.30591583251953,6269400.0
2018-11-09,129.58999633789062,129.60000610351562,125.7300033569336,126.91000366210938,108.47660064697266,7248400.0
2018-11-12,127.18000030517578,128.41000366210938,124.58999633789062,125.0,106.84403228759766,5870100.0
2018-11-13,125.5,129.7899932861328,125.27999877929688,125.95999908447266,107.66458892822266,5820200.0
2018-11-14,127.2699966430664,129.0,123.7300033569336,125.0999984741211,106.92948913574219,5516300.0
2018-11-15,124.31999969482422,130.27999877929688,123.12999725341797,129.4199981689453,110.62203979492188,5815200.0
2018-11-16,128.7899932861328,131.9199981689453,128.0500030517578,129.9600067138672,111.08360290527344,5957700.0
2018-11-19,129.14999389648438,129.49000549316406,125.5999984741211,125.9800033569336,107.68170928955078,5385600.0
2018-11-20,123.8499984741211,123.97000122070312,121.2300033569336,122.2699966430664,104.51056671142578,7746200.0
2018-11-21,122.81999969482422,126.22000122070312,122.51000213623047,123.87000274658203,105.87816619873047,4759500.0
2018-11-22,122.81999969482422,126.22000122070312,122.51000213623047,123.87000274658203,105.87816619873047,4759500.0
2018-11-23,121.95999908447266,124.05000305175781,121.56999969482422,122.31999969482422,104.55330657958984,3130100.0
2018-11-26,123.6500015258789,125.79000091552734,123.16000366210938,124.80000305175781,106.67308807373047,4696600.0
2018-11-27,124.0,124.5999984741211,122.38999938964844,124.5999984741211,106.50214385986328,4049400.0
2018-11-28,125.30000305175781,130.77999877929688,123.83999633789062,130.77000427246094,111.7759780883789,5745200.0
2018-11-29,130.8000030517578,130.91000366210938,127.58999633789062,130.22999572753906,111.31438446044922,4999600.0
2018-11-30,130.0500030517578,135.97000122070312,129.83999633789062,135.6699981689453,115.9642562866211,8458200.0
2018-12-03,141.8800048828125,142.41000366210938,138.52999877929688,138.9499969482422,118.7677993774414,9365800.0
2018-12-04,138.0800018310547,138.0800018310547,129.0399932861328,129.32000732421875,110.53654479980469,8113400.0
2018-12-05,138.0800018310547,138.0800018310547,129.0399932861328,129.32000732421875,110.53654479980469,8113400.0
2018-12-06,125.22000122070312,128.69000244140625,124.05000305175781,128.3699951171875,109.72455596923828,6595200.0
2018-12-07,129.10000610351562,129.97999572753906,122.75,123.55000305175781,105.60465240478516,6413700.0
2018-12-10,122.41000366210938,124.37000274658203,121.16000366210938,123.38999938964844,105.46790313720703,5970900.0
2018-12-11,127.18000030517578,127.9800033569336,122.25,123.23999786376953,105.33968353271484,4449900.0
2018-12-12,125.73999786376953,127.97000122070312,125.0999984741211,125.37000274658203,107.16030883789062,5544100.0
2018-12-13,126.44999694824219,129.11000061035156,125.04000091552734,125.9000015258789,107.61333465576172,4544100.0
2018-12-14,123.41999816894531,127.73999786376953,123.1500015258789,126.7699966430664,108.35696411132812,4483300.0
2018-12-17,126.80000305175781,127.6500015258789,123.68000030517578,124.47000122070312,106.39105224609375,5662300.0
2018-12-18,125.87000274658203,128.75,123.5999984741211,124.2699966430664,106.2200698852539,5377900.0
2018-12-19,125.06999969482422,128.9499969482422,120.80000305175781,122.33000183105469,104.56183624267578,6416500.0
2018-12-20,121.73999786376953,124.54000091552734,120.76000213623047,121.55000305175781,103.89515686035156,7563500.0
2018-12-21,121.7300033569336,123.7300033569336,119.56999969482422,120.06999969482422,102.630126953125,10034100.0
2018-12-24,118.16999816894531,119.58999633789062,116.66999816894531,116.94999694824219,99.96329498291016,2986600.0
2018-12-25,118.16999816894531,119.58999633789062,116.66999816894531,116.94999694824219,99.96329498291016,2986600.0
2018-12-26,118.0,124.7699966430664,116.08999633789062,124.76000213623047,106.6388931274414,5093700.0
2018-12-27,121.80000305175781,126.69000244140625,120.93000030517578,126.66999816894531,108.27146911621094,4599000.0
2018-12-28,127.12999725341797,128.25,125.05000305175781,125.61000061035156,107.36542510986328,3813500.0
2018-12-31,126.5999984741211,128.11000061035156,124.5,127.06999969482422,108.61338806152344,3455200.0
2019-01-01,126.5999984741211,128.11000061035156,124.5,127.06999969482422,108.61338806152344,3455200.0
2019-01-02,124.02999877929688,127.87999725341797,123.0,126.37999725341797,108.02359771728516,4783200.0
2019-01-03,125.30999755859375,125.5,120.44000244140625,121.51000213623047,103.8609390258789,6165800.0
2019-01-04,124.16999816894531,128.58999633789062,123.69999694824219,128.14999389648438,109.53651428222656,5456600.0
2019-01-07,128.58999633789062,129.60000610351562,126.69999694824219,128.22999572753906,109.60488891601562,4653400.0
2019-01-08,129.89999389648438,131.5,128.22999572753906,129.77000427246094,110.92121124267578,4202600.0
2019-01-09,131.08999633789062,132.22000122070312,129.91000366210938,130.27000427246094,111.34857940673828,4865600.0
2019-01-10,128.61000061035156,133.1199951171875,127.25,132.9600067138672,113.64787292480469,3418500.0
2019-01-11,131.0800018310547,132.32000732421875,130.0500030517578,132.10000610351562,112.91281127929688,2908600.0
2019-01-14,130.30999755859375,132.38999938964844,129.1300048828125,131.8000030517578,112.65635681152344,4482300.0
2019-01-15,132.11000061035156,133.11000061035156,129.55999755859375,130.69000244140625,111.70758056640625,3224100.0
2019-01-16,130.75999450683594,132.52000427246094,130.24000549316406,131.66000366210938,112.53666687011719,3636900.0
2019-01-17,130.47000122070312,135.89999389648438,129.16000366210938,134.5399932861328,114.99837493896484,6878500.0
2019-01-18,135.10000610351562,137.72000122070312,133.66000366210938,136.60000610351562,117.51030731201172,6122400.0
2019-01-21,135.10000610351562,137.72000122070312,133.66000366210938,136.60000610351562,117.51030731201172,6122400.0
2019-01-22,134.92999267578125,134.94000244140625,131.1699981689453,132.24000549316406,113.7596435546875,5188700.0
2019-01-23,133.0399932861328,133.49000549316406,130.14999389648438,131.82000732421875,113.3983154296875,3123600.0
2019-01-24,131.41000366210938,132.99000549316406,131.1999969482422,132.72999572753906,114.18114471435547,3943600.0
2019-01-25,134.77000427246094,136.88999938964844,133.88999938964844,136.86000061035156,117.73401641845703,6417400.0
2019-01-28,126.98999786376953,127.80000305175781,123.1500015258789,124.37000274658203,106.98944854736328,17421400.0
2019-01-29,125.61000061035156,128.38999938964844,125.61000061035156,126.52999877929688,108.84761047363281,8550800.0
2019-01-30,127.93000030517578,131.35000610351562,126.30999755859375,130.11000061035156,111.92728424072266,7181600.0
2019-01-31,130.32000732421875,133.33999633789062,129.0399932861328,133.16000366210938,114.5510482788086,6643300.0
2019-02-01,133.02999877929688,133.86000061035156,130.11000061035156,130.91000366210938,112.61547088623047,5646700.0
2019-02-04,130.8800048828125,131.30999755859375,130.10000610351562,130.8800048828125,112.58967590332031,4541700.0
2019-02-05,130.6300048828125,132.10000610351562,130.60000610351562,132.0,113.55313873291016,3614500.0
2019-02-06,131.27000427246094,132.10000610351562,130.36000061035156,130.5399932861328,112.29717254638672,3098200.0
2019-02-07,129.2899932861328,130.44000244140625,127.36000061035156,128.77999877929688,110.78314208984375,3682100.0
2019-02-08,127.4800033569336,128.60000610351562,126.55000305175781,128.60000610351562,110.62832641601562,3135000.0
2019-02-11,128.9499969482422,130.07000732421875,128.69000244140625,128.92999267578125,110.91217041015625,2648100.0
2019-02-12,130.25999450683594,133.55999755859375,130.0,132.6699981689453,114.12953186035156,4505600.0
2019-02-13,134.1999969482422,134.30999755859375,132.4499969482422,133.10000610351562,114.49942016601562,3189600.0
2019-02-14,131.77999877929688,133.25,131.27000427246094,132.6199951171875,114.08650970458984,2877500.0
2019-02-15,134.10000610351562,136.25,133.67999267578125,136.1999969482422,117.16619873046875,5217500.0
2019-02-18,134.10000610351562,136.25,133.67999267578125,136.1999969482422,117.16619873046875,5217500.0
2019-02-19,135.35000610351562,136.97999572753906,135.0,135.8000030517578,116.82211303710938,3881300.0
2019-02-20,136.38999938964844,140.69000244140625,136.33999633789062,140.30999755859375,120.70185852050781,6199000.0
2019-02-21,139.75,140.97999572753906,138.41000366210938,138.8800048828125,119.4716796875,4051100.0
2019-02-22,138.77999877929688,139.69000244140625,137.92999267578125,138.67999267578125,119.29960632324219,3485000.0
2019-02-25,140.99000549316406,142.5500030517578,140.17999267578125,141.41000366210938,121.64811706542969,4444100.0
2019-02-26,136.52999877929688,139.02999877929688,135.27000427246094,137.97999572753906,118.69744110107422,7275600.0
2019-02-27,137.86000061035156,139.63999938964844,137.13999938964844,139.5800018310547,120.07386779785156,3441000.0
2019-02-28,138.5500030517578,139.0,137.13999938964844,137.33999633789062,118.14690399169922,4024000.0
2019-03-01,138.86000061035156,139.5,136.94000244140625,137.47000122070312,118.25875091552734,3811000.0
2019-03-04,138.8000030517578,139.77000427246094,137.10000610351562,138.35000610351562,119.01576232910156,3859800.0
2019-03-05,138.05999755859375,138.4600067138672,137.0,137.13999938964844,117.974853515625,3122900.0
2019-03-06,137.5399932861328,137.66000366210938,134.72999572753906,134.8300018310547,115.98765563964844,3886000.0
2019-03-07,134.3800048828125,134.80999755859375,131.6199951171875,132.8000030517578,114.24138641357422,4290800.0
2019-03-08,130.5,132.1300048828125,130.22999572753906,131.35000610351562,112.9940185546875,4238000.0
2019-03-11,131.91000366210938,133.39999389648438,131.60000610351562,133.11000061035156,114.508056640625,3914800.0
2019-03-12,133.24000549316406,133.3800048828125,131.9199981689453,132.47999572753906,113.96607208251953,4208800.0
2019-03-13,133.97999572753906,134.30999755859375,132.69000244140625,133.5,114.84354400634766,4285200.0
2019-03-14,132.83999633789062,134.07000732421875,132.02000427246094,133.69000244140625,115.00697326660156,3742200.0
2019-03-15,133.8699951171875,134.52999877929688,131.97999572753906,132.6699981689453,114.12953186035156,7049900.0
2019-03-18,132.6999969482422,134.1999969482422,132.52999877929688,134.10000610351562,115.3597183227539,4095400.0
2019-03-19,135.35000610351562,135.7100067138672,133.50999450683594,134.14999389648438,115.4026870727539,3315900.0
2019-03-20,133.8300018310547,134.14999389648438,132.05999755859375,133.00999450683594,114.42200469970703,3522100.0
2019-03-21,132.16000366210938,134.60000610351562,132.00999450683594,134.05999755859375,115.32527160644531,2635700.0
2019-03-22,132.99000549316406,133.3000030517578,129.49000549316406,129.77000427246094,111.63480377197266,5745800.0
2019-03-25,129.58999633789062,132.0,129.22999572753906,131.3800048828125,113.01982116699219,3199800.0
2019-03-26,132.69000244140625,133.55999755859375,131.1300048828125,131.83999633789062,113.41549682617188,2638200.0
2019-03-27,132.27000427246094,132.47000122070312,130.25,131.1999969482422,112.86498260498047,2378300.0
2019-03-28,131.89999389648438,132.8000030517578,131.16000366210938,132.3699951171875,113.87144470214844,2487200.0
2019-03-29,134.0,136.27999877929688,133.6199951171875,135.49000549316406,116.55545806884766,4681600.0
2019-04-01,137.69000244140625,140.3699951171875,136.32000732421875,140.25,120.65020751953125,5081500.0
2019-04-02,140.14999389648438,140.69000244140625,139.22999572753906,140.19000244140625,120.59862518310547,2529000.0
2019-04-03,139.85000610351562,140.5500030517578,138.41000366210938,139.25999450683594,119.798583984375,4821800.0
2019-04-04,139.13999938964844,140.8699951171875,139.0,140.1300048828125,120.54698944091797,2988900.0
2019-04-05,141.10000610351562,141.14999389648438,139.9199981689453,140.36000061035156,120.744873046875,2812300.0
2019-04-08,140.0,140.1199951171875,138.61000061035156,139.82000732421875,120.28031921386719,2497300.0
2019-04-09,138.64999389648438,138.91000366210938,136.07000732421875,136.35000610351562,117.29525756835938,3316500.0
2019-04-10,137.16000366210938,138.2100067138672,136.27999877929688,137.52999877929688,118.31034851074219,3310600.0
2019-04-11,137.58999633789062,139.58999633789062,136.97999572753906,138.8699951171875,119.46308898925781,2762900.0
2019-04-12,141.0,141.9199981689453,139.80999755859375,141.1999969482422,121.46746826171875,4383000.0
2019-04-15,141.6699981689453,142.42999267578125,139.6699981689453,140.25,120.65020751953125,3030200.0
2019-04-16,140.55999755859375,142.2100067138672,139.58999633789062,142.02999877929688,122.1814956665039,2672800.0
2019-04-17,143.0,144.5,142.4600067138672,142.74000549316406,122.79228973388672,3469400.0
2019-04-18,142.8000030517578,144.77000427246094,142.4199981689453,143.36000061035156,124.07315063476562,4504500.0
2019-04-19,142.8000030517578,144.77000427246094,142.4199981689453,143.36000061035156,124.07315063476562,4504500.0
2019-04-22,142.9499969482422,143.17999267578125,141.42999267578125,142.3800048828125,123.22499084472656,3637500.0
2019-04-23,142.0,143.1300048828125,141.44000244140625,142.02999877929688,122.92203521728516,5930500.0
2019-04-24,139.75,140.3000030517578,136.55999755859375,137.72999572753906,119.2005615234375,8694400.0
2019-04-25,137.0500030517578,137.4600067138672,134.08999633789062,136.1300048828125,117.8158187866211,5094700.0
2019-04-26,136.55999755859375,139.02999877929688,135.88999938964844,139.02999877929688,120.32569122314453,5119200.0
2019-04-29,139.5,140.4499969482422,138.82000732421875,139.02000427246094,120.31704711914062,3374300.0
2019-04-30,139.99000549316406,140.0,137.5800018310547,139.4199981689453,120.66322326660156,3862000.0
2019-05-01,139.5800018310547,139.92999267578125,137.63999938964844,138.14999389648438,119.56405639648438,3652000.0
2019-05-02,138.52000427246094,138.5399932861328,134.3800048828125,135.1699981689453,116.9849853515625,5405700.0
2019-05-03,136.1199951171875,139.1999969482422,135.8000030517578,139.05999755859375,120.35166931152344,4154800.0
2019-05-06,134.77999877929688,137.49000549316406,134.30999755859375,136.75999450683594,118.361083984375,4866500.0
2019-05-07,135.1999969482422,136.0,132.05999755859375,133.6699981689453,115.686767578125,5622900.0
2019-05-08,133.02000427246094,134.4199981689453,131.7899932861328,131.9499969482422,114.19818878173828,4140500.0
2019-05-09,130.22000122070312,131.67999267578125,128.17999267578125,131.1999969482422,113.5490951538086,5906200.0
2019-05-10,130.52999877929688,131.72999572753906,127.91999816894531,131.33999633789062,113.67024230957031,5240600.0
2019-05-13,127.51000213623047,127.5199966430664,124.08000183105469,125.30000305175781,108.44284057617188,8580700.0
2019-05-14,126.5,128.55999755859375,125.69999694824219,127.47000122070312,110.32090759277344,4019100.0
2019-05-15,125.91000366210938,127.95999908447266,124.9800033569336,127.30000305175781,110.17376708984375,2875900.0
2019-05-16,128.42999267578125,128.52999877929688,126.41999816894531,126.61000061035156,109.57660675048828,4316600.0
2019-05-17,124.37999725341797,125.52999877929688,122.31999969482422,122.76000213623047,106.24458312988281,6122600.0
2019-05-20,121.55999755859375,123.02999877929688,121.30999755859375,122.43000030517578,105.95893096923828,6312500.0
2019-05-21,123.33000183105469,125.06999969482422,122.72000122070312,124.94999694824219,108.13992309570312,5492900.0
2019-05-22,124.25,125.44000244140625,123.5199966430664,123.55999755859375,106.93694305419922,4620400.0
2019-05-23,122.0999984741211,123.76000213623047,121.41000366210938,122.26000213623047,105.81180572509766,4964900.0
2019-05-24,123.5199966430664,124.08000183105469,122.20999908447266,122.9000015258789,106.36571502685547,3802500.0
2019-05-27,123.5199966430664,124.08000183105469,122.20999908447266,122.9000015258789,106.36571502685547,3802500.0
2019-05-28,122.9000015258789,123.45999908447266,121.51000213623047,121.58999633789062,105.2319564819336,4889400.0
2019-05-29,120.5,122.83000183105469,120.26000213623047,121.4800033569336,105.13674926757812,5330000.0
2019-05-30,121.61000061035156,122.68000030517578,121.27999877929688,121.83999633789062,105.44830322265625,2878300.0
2019-05-31,119.79000091552734,120.75,118.73999786376953,119.80999755859375,103.69141387939453,4711500.0
2019-06-03,119.91000366210938,121.69000244140625,119.76000213623047,120.6500015258789,104.41839599609375,4161800.0
2019-06-04,121.80999755859375,122.7699966430664,120.75,122.08000183105469,105.65603637695312,4060400.0
2019-06-05,123.4000015258789,123.63999938964844,121.95999908447266,123.12000274658203,106.5561294555664,3598400.0
2019-06-06,123.0999984741211,123.94999694824219,122.2300033569336,123.38999938964844,106.7898178100586,3295700.0
2019-06-07,124.37999725341797,125.62999725341797,124.08000183105469,124.45999908447266,107.71585083007812,2547500.0
2019-06-10,125.47000122070312,127.27999877929688,125.23999786376953,125.73999786376953,108.82363891601562,3705000.0
2019-06-11,129.0,129.60000610351562,126.95999908447266,127.27999877929688,110.15646362304688,4516200.0
2019-06-12,126.75,127.5199966430664,126.08000183105469,127.0999984741211,110.00068664550781,3034600.0
2019-06-13,127.3499984741211,128.39999389648438,126.76000213623047,127.16999816894531,110.06126403808594,3495200.0
2019-06-14,126.61000061035156,127.6500015258789,125.5,127.2300033569336,110.11316680908203,2530100.0
2019-06-17,127.20999908447266,128.22999572753906,126.68000030517578,127.31999969482422,110.19107055664062,2607900.0
2019-06-18,128.39999389648438,131.35000610351562,128.2100067138672,130.3300018310547,112.79613494873047,4756100.0
2019-06-19,130.32000732421875,131.5399932861328,129.8699951171875,130.61000061035156,113.03846740722656,3847200.0
2019-06-20,132.89999389648438,133.8000030517578,131.50999450683594,133.6300048828125,115.65216064453125,3803600.0
2019-06-21,133.35000610351562,135.25,132.5500030517578,133.88999938964844,115.87718963623047,5742500.0
2019-06-24,133.63999938964844,134.9499969482422,133.5500030517578,134.3699951171875,116.2926025390625,3197700.0
2019-06-25,134.5800018310547,134.91000366210938,132.6300048828125,133.7100067138672,115.72138977050781,3751800.0
2019-06-26,134.25999450683594,135.64999389648438,134.17999267578125,135.14999389648438,116.96765899658203,3343700.0
2019-06-27,135.6999969482422,136.00999450683594,133.97000122070312,135.5,117.2706298828125,3594400.0
2019-06-28,136.0,137.27000427246094,136.0,136.2899932861328,117.95429229736328,10469400.0
2019-07-01,139.3000030517578,140.1699981689453,134.97000122070312,136.60000610351562,118.22262573242188,4834800.0
2019-07-02,136.60000610351562,136.99000549316406,135.07000732421875,135.85000610351562,117.57347106933594,3204900.0
2019-07-03,136.44000244140625,136.47999572753906,134.3300018310547,135.58999633789062,117.34847259521484,2538600.0
2019-07-04,136.44000244140625,136.47999572753906,134.3300018310547,135.58999633789062,117.34847259521484,2538600.0
2019-07-05,134.42999267578125,135.58999633789062,133.22000122070312,135.49000549316406,117.26195526123047,3071800.0
2019-07-08,135.14999389648438,136.1300048828125,134.42999267578125,134.83999633789062,116.69937133789062,2742100.0
2019-07-09,134.11000061035156,134.44000244140625,133.35000610351562,134.2899932861328,116.22337341308594,2618700.0
2019-07-10,134.72999572753906,135.49000549316406,132.5500030517578,132.63999938964844,114.79534149169922,3933300.0
2019-07-11,133.1999969482422,134.00999450683594,132.58999633789062,133.9600067138672,115.93777465820312,3164200.0
2019-07-12,134.7100067138672,138.3800048828125,134.60000610351562,138.36000061035156,119.74581146240234,4149800.0
2019-07-15,138.3800048828125,139.99000549316406,138.25999450683594,139.63999938964844,120.85359954833984,4498700.0
2019-07-16,139.41000366210938,140.6199951171875,138.16000366210938,139.08999633789062,120.37760162353516,4051600.0
2019-07-17,138.1999969482422,138.50999450683594,135.72999572753906,135.72999572753906,117.4696273803711,3750200.0
2019-07-18,134.8699951171875,135.92999267578125,134.0399932861328,134.88999938964844,116.74268341064453,3548200.0
2019-07-19,134.22000122070312,137.0500030517578,134.22000122070312,136.22999572753906,118.8095932006836,4837100.0
2019-07-22,136.3699951171875,136.66000366210938,134.60000610351562,135.24000549316406,117.9461898803711,3267800.0
2019-07-23,135.92999267578125,138.22999572753906,135.52999877929688,138.10000610351562,120.4404525756836,4122200.0
2019-07-24,130.97999572753906,134.30999755859375,128.4499969482422,131.91000366210938,115.04198455810547,12664900.0
2019-07-25,131.0800018310547,134.89999389648438,131.00999450683594,134.7100067138672,117.4839859008789,4823200.0
2019-07-26,134.4499969482422,134.72999572753906,132.6300048828125,132.9199981689453,115.9228744506836,4238000.0
2019-07-29,133.49000549316406,134.64999389648438,132.85000610351562,134.4600067138672,117.26592254638672,2715600.0
2019-07-30,133.32000732421875,133.57000732421875,131.49000549316406,132.9499969482422,115.94898986816406,3257200.0
2019-07-31,132.89999389648438,134.3699951171875,131.00999450683594,131.6699981689453,114.83268737792969,4322000.0
2019-08-01,131.63999938964844,133.19000244140625,126.41999816894531,126.79000091552734,110.57672882080078,5530100.0
2019-08-02,126.55000305175781,126.80000305175781,123.5,124.54000091552734,108.61447143554688,5968600.0
2019-08-05,122.11000061035156,122.80999755859375,120.33000183105469,121.6500015258789,106.09400939941406,5482500.0
2019-08-06,122.77999877929688,123.6500015258789,120.63999938964844,122.08000183105469,106.4690170288086,3713900.0
2019-08-07,120.0,121.19999694824219,118.6500015258789,120.77999877929688,105.33525848388672,5048700.0
2019-08-08,121.0,122.0999984741211,120.37000274658203,122.0199966430664,106.41668701171875,3734800.0
2019-08-09,121.51000213623047,121.69999694824219,118.80999755859375,119.37999725341797,104.1142807006836,3805600.0
2019-08-12,118.94999694824219,119.02999877929688,116.06999969482422,116.72000122070312,101.79441833496094,4321500.0
2019-08-13,116.94000244140625,122.0,116.79000091552734,119.01000213623047,103.7916030883789,4331900.0
2019-08-14,116.58000183105469,116.9000015258789,115.04000091552734,115.20999908447266,100.47753143310547,5543100.0
2019-08-15,115.08000183105469,115.5999984741211,113.97000122070312,115.25,100.51241302490234,4171900.0
2019-08-16,116.25,117.87000274658203,115.91999816894531,116.43000030517578,101.54149627685547,3551900.0
2019-08-19,118.22000122070312,118.48999786376953,116.70999908447266,117.36000061035156,102.35258483886719,2630900.0
2019-08-20,117.58999633789062,117.79000091552734,116.47000122070312,116.66999816894531,101.75081634521484,2402000.0
2019-08-21,118.0,119.31999969482422,117.54000091552734,117.68000030517578,102.63168334960938,2783000.0
2019-08-22,118.33000183105469,118.94000244140625,117.22000122070312,117.88999938964844,102.81480407714844,2118200.0
2019-08-23,116.25,116.9000015258789,113.31999969482422,114.05999755859375,99.47456359863281,6102000.0
2019-08-26,115.05999755859375,115.66999816894531,113.83999633789062,114.41999816894531,99.78853607177734,5200400.0
2019-08-27,115.16000366210938,115.45999908447266,113.1500015258789,113.37999725341797,98.88152313232422,3160700.0
2019-08-28,112.86000061035156,114.94999694824219,111.75,114.86000061035156,100.17227172851562,3187900.0
2019-08-29,116.62000274658203,118.12999725341797,116.48999786376953,117.7699966430664,102.71013641357422,3442900.0
2019-08-30,119.0199966430664,119.58999633789062,118.44999694824219,119.0,103.78287506103516,2912000.0
2019-09-02,119.0199966430664,119.58999633789062,118.44999694824219,119.0,103.78287506103516,2912000.0
2019-09-03,117.9000015258789,117.9000015258789,115.4000015258789,117.02999877929688,102.06478118896484,3780600.0
2019-09-04,118.41999816894531,119.23999786376953,118.26000213623047,119.0999984741211,103.87007141113281,3688400.0
2019-09-05,120.5,124.23999786376953,120.5,122.98999786376953,107.26265716552734,5355100.0
2019-09-06,123.70999908447266,124.33999633789062,122.45999908447266,122.69999694824219,107.00973510742188,3315700.0
2019-09-09,123.38999938964844,127.38999938964844,123.19999694824219,127.25,110.97791290283203,4433300.0
2019-09-10,127.26000213623047,130.2899932861328,127.22000122070312,130.2899932861328,113.62915802001953,8479700.0
2019-09-11,130.85000610351562,133.19000244140625,129.47000122070312,133.08999633789062,116.07109832763672,7592600.0
2019-09-12,132.0,132.69000244140625,130.07000732421875,131.75,114.90248107910156,5594600.0
2019-09-13,132.8000030517578,133.99000549316406,131.1300048828125,133.77999877929688,116.67288208007812,3704900.0
2019-09-16,132.99000549316406,133.8000030517578,131.99000549316406,133.14999389648438,116.12344360351562,2876500.0
2019-09-17,132.58999633789062,132.75999450683594,131.19000244140625,132.1699981689453,115.26876068115234,2888900.0
2019-09-18,131.6300048828125,132.22000122070312,129.72000122070312,131.07000732421875,114.3094482421875,3005700.0
2019-09-19,131.47000122070312,132.02999877929688,129.8699951171875,130.1199951171875,113.48089599609375,2725700.0
2019-09-20,130.00999450683594,130.99000549316406,127.87000274658203,128.16000366210938,111.77153778076172,6412300.0
2019-09-23,127.33999633789062,128.8800048828125,126.33999633789062,128.4199981689453,111.99828338623047,2723500.0
2019-09-24,128.74000549316406,129.0,125.56999969482422,125.98999786376953,109.8790283203125,3370700.0
2019-09-25,125.8499984741211,126.81999969482422,125.0199966430664,126.61000061035156,110.41975402832031,2354100.0
2019-09-26,126.79000091552734,126.91999816894531,125.6500015258789,126.38999938964844,110.22787475585938,2227400.0
2019-09-27,127.0,127.37999725341797,125.66000366210938,126.58999633789062,110.40231323242188,2214300.0
2019-09-30,126.33999633789062,127.0999984741211,125.87999725341797,126.30999755859375,110.15811157226562,2795300.0
2019-10-01,127.4000015258789,128.5,122.30000305175781,122.37000274658203,106.721923828125,3718200.0
2019-10-02,121.1500015258789,121.8499984741211,119.33999633789062,119.95999908447266,104.6201171875,4255800.0
2019-10-03,119.33999633789062,120.05999755859375,117.25,120.04000091552734,104.68987274169922,3110200.0
2019-10-04,119.72000122070312,121.1500015258789,119.3499984741211,121.04000091552734,105.56201171875,2442300.0
2019-10-07,120.8499984741211,121.69999694824219,119.75,120.25,104.87301635742188,2334500.0
2019-10-08,118.79000091552734,119.19999694824219,117.69000244140625,117.97000122070312,102.88458251953125,3530000.0
2019-10-09,119.48999786376953,120.05999755859375,118.0,119.44000244140625,104.16661071777344,2557300.0
2019-10-10,120.04000091552734,123.02999877929688,119.76000213623047,122.69000244140625,107.00102996826172,3242900.0
2019-10-11,125.61000061035156,130.3800048828125,125.4000015258789,128.39999389648438,111.98082733154297,6747800.0
2019-10-14,126.80999755859375,128.55999755859375,126.01000213623047,128.3800048828125,111.96339416503906,2851500.0
2019-10-15,127.98999786376953,131.67999267578125,127.6500015258789,131.02999877929688,114.2745361328125,3289000.0
2019-10-16,131.0,132.80999755859375,130.11000061035156,130.19000244140625,113.54195404052734,3038300.0
2019-10-17,130.97000122070312,132.86000061035156,130.17999267578125,132.07000732421875,115.18155670166016,3418300.0
2019-10-18,130.14999389648438,132.02999877929688,129.99000549316406,130.7100067138672,114.89149475097656,4329200.0
2019-10-21,131.9499969482422,133.4499969482422,131.5,132.22999572753906,116.22755432128906,4225200.0
2019-10-22,132.58999633789062,134.25999450683594,130.94000244140625,133.69000244140625,117.51082611083984,4681600.0
2019-10-23,134.22999572753906,135.99000549316406,130.6999969482422,135.33999633789062,118.9611587524414,11295900.0
2019-10-24,135.08999633789062,135.2899932861328,132.3800048828125,133.85000610351562,117.6514892578125,3916200.0
2019-10-25,135.0,139.97999572753906,134.85000610351562,139.72999572753906,122.81986236572266,8319500.0
2019-10-28,139.97000122070312,141.6300048828125,138.8699951171875,140.05999755859375,123.10991668701172,6174000.0
2019-10-29,139.3800048828125,141.4499969482422,138.77000427246094,141.3300018310547,124.22627258300781,4427900.0
2019-10-30,141.0,141.0,139.61000061035156,140.33999633789062,123.35604858398438,3948100.0
2019-10-31,139.3699951171875,140.33999633789062,136.38999938964844,137.8000030517578,121.12345123291016,4037600.0
2019-11-01,139.3699951171875,144.61000061035156,139.22999572753906,144.49000549316406,127.00381469726562,6220200.0
2019-11-04,145.35000610351562,147.0,145.02000427246094,146.9199981689453,129.13978576660156,5437800.0
2019-11-05,146.86000061035156,148.0,145.6699981689453,146.3699951171875,128.65634155273438,4516700.0
2019-11-06,146.47000122070312,146.47000122070312,144.66000366210938,145.49000549316406,127.88284301757812,3736600.0
2019-11-07,147.38999938964844,148.41000366210938,146.75,147.00999450683594,129.2188262939453,3816700.0
2019-11-08,146.66000366210938,148.17999267578125,145.8000030517578,148.16000366210938,130.22970581054688,2776600.0
2019-11-11,146.74000549316406,148.14999389648438,146.61000061035156,148.0,130.0890655517578,2205100.0
2019-11-12,148.11000061035156,148.47000122070312,146.02000427246094,146.33999633789062,128.6299285888672,2843100.0
2019-11-13,144.36000061035156,145.86000061035156,143.69000244140625,144.49000549316406,127.00381469726562,3194400.0
2019-11-14,144.2100067138672,145.33999633789062,143.2100067138672,143.44000244140625,126.08088684082031,2581700.0
2019-11-15,144.55999755859375,145.8800048828125,144.50999450683594,145.30999755859375,127.72462463378906,2827400.0
2019-11-18,144.24000549316406,144.77999877929688,143.02000427246094,143.58999633789062,126.21277618408203,2638600.0
2019-11-19,144.35000610351562,144.75999450683594,142.75999450683594,143.17999267578125,125.85236358642578,2085100.0
2019-11-20,142.4499969482422,142.6999969482422,140.10000610351562,141.52000427246094,124.39327239990234,3484700.0
2019-11-21,141.5500030517578,143.94000244140625,140.9499969482422,143.36000061035156,126.01058197021484,3297700.0
2019-11-22,143.9199981689453,144.4600067138672,143.02999877929688,143.8800048828125,126.46765899658203,2258300.0
2019-11-25,144.75,146.57000732421875,143.8000030517578,146.4199981689453,128.70025634765625,3085200.0
2019-11-26,146.39999389648438,146.64999389648438,145.49000549316406,146.08999633789062,128.4102020263672,2468100.0
2019-11-27,145.02000427246094,145.72000122070312,143.6999969482422,145.69000244140625,128.05862426757812,2660200.0
2019-11-28,145.02000427246094,145.72000122070312,143.6999969482422,145.69000244140625,128.05862426757812,2660200.0
2019-11-29,144.19000244140625,145.4600067138672,143.7899932861328,144.72999572753906,127.21479797363281,1652500.0
2019-12-02,145.1999969482422,146.0399932861328,142.83999633789062,142.9600067138672,125.65899658203125,2896200.0
2019-12-03,140.0500030517578,140.42999267578125,138.55999755859375,140.05999755859375,123.10991668701172,3839600.0
2019-12-04,140.97999572753906,142.27999877929688,140.0,140.1199951171875,123.16265106201172,2484600.0
2019-12-05,140.5800018310547,141.1199951171875,139.52999877929688,141.0500030517578,123.98014068603516,2277700.0
2019-12-06,142.91000366210938,143.4199981689453,142.1699981689453,142.72000122070312,125.44803619384766,2271400.0
2019-12-09,142.97000122070312,143.27999877929688,142.3699951171875,142.8300018310547,125.54472351074219,1585100.0
2019-12-10,142.69000244140625,143.58999633789062,141.75,142.8699951171875,125.57986450195312,1888900.0
2019-12-11,143.77000427246094,144.6199951171875,143.2899932861328,144.0,126.5731201171875,2265700.0
2019-12-12,143.5399932861328,147.39999389648438,143.0,146.77999877929688,129.01673889160156,3714100.0
2019-12-13,146.8000030517578,148.39999389648438,145.14999389648438,145.52999877929688,127.91798400878906,3311700.0
2019-12-16,147.7100067138672,148.3000030517578,145.22999572753906,145.36000061035156,127.76854705810547,2414800.0
2019-12-17,145.5,146.99000549316406,145.4600067138672,146.3699951171875,128.65634155273438,2850800.0
2019-12-18,146.5,147.3000030517578,145.60000610351562,147.1199951171875,129.31556701660156,2629500.0
2019-12-19,146.97999572753906,146.97999572753906,144.3000030517578,145.02000427246094,127.46968078613281,3576800.0
2019-12-20,147.3800048828125,147.77000427246094,145.24000549316406,147.57000732421875,129.7111053466797,6805400.0
2019-12-23,147.67999267578125,148.52999877929688,146.77999877929688,148.5,130.528564453125,2346500.0
2019-12-24,148.6999969482422,148.8000030517578,147.2899932861328,147.47999572753906,129.63198852539062,966200.0
2019-12-25,148.6999969482422,148.8000030517578,147.2899932861328,147.47999572753906,129.63198852539062,966200.0
2019-12-26,147.89999389648438,148.22999572753906,146.99000549316406,148.22000122070312,130.2823944091797,1576900.0
2019-12-27,148.63999938964844,148.92999267578125,147.99000549316406,148.27999877929688,130.3351287841797,1544500.0
2019-12-30,148.4199981689453,148.47000122070312,147.00999450683594,147.52000427246094,129.6671600341797,1789200.0
2019-12-31,147.42999267578125,148.22999572753906,146.7899932861328,147.67999267578125,129.80776977539062,1952500.0
2020-01-01,147.42999267578125,148.22999572753906,146.7899932861328,147.67999267578125,129.80776977539062,1952500.0
2020-01-02,149.0,150.5500030517578,147.97999572753906,150.52999877929688,132.3128662109375,3311900.0
2020-01-03,148.77000427246094,149.9600067138672,147.4499969482422,148.44000244140625,130.47579956054688,3100600.0
2020-01-06,147.27000427246094,148.55999755859375,146.5399932861328,148.33999633789062,130.38790893554688,2549600.0
2020-01-07,147.35000610351562,147.57000732421875,145.50999450683594,146.3800048828125,128.66510009765625,2841900.0
2020-01-08,146.8300018310547,148.57000732421875,146.4600067138672,147.67999267578125,129.80776977539062,2153200.0
2020-01-09,147.80999755859375,147.97000122070312,146.50999450683594,147.30999755859375,129.4825439453125,2272500.0
2020-01-10,147.4499969482422,147.72000122070312,145.8300018310547,146.1300048828125,128.44537353515625,2393700.0
2020-01-13,146.52999877929688,146.8300018310547,145.5500030517578,146.82000732421875,129.0518341064453,3355200.0
2020-01-14,147.4499969482422,147.97999572753906,146.30999755859375,146.67999267578125,128.92880249023438,2742200.0
2020-01-15,146.22000122070312,146.74000549316406,145.1999969482422,145.57000732421875,127.95313262939453,2640500.0
2020-01-16,146.42999267578125,147.92999267578125,146.24000549316406,147.8699951171875,129.97474670410156,3070900.0
2020-01-17,147.2100067138672,148.27000427246094,146.60000610351562,147.77999877929688,130.8068084716797,3331500.0
2020-01-20,147.2100067138672,148.27000427246094,146.60000610351562,147.77999877929688,130.8068084716797,3331500.0
2020-01-21,147.1999969482422,147.8699951171875,145.69000244140625,145.85000610351562,129.09849548339844,2476700.0
2020-01-22,146.25,146.55999755859375,142.52000427246094,142.6300048828125,126.24833679199219,3602400.0
2020-01-23,141.80999755859375,143.2100067138672,139.8000030517578,142.75,126.35452270507812,3182700.0
2020-01-24,142.5500030517578,142.6999969482422,139.25999450683594,140.3800048828125,124.25675964355469,2526200.0
2020-01-27,136.89999389648438,137.80999755859375,135.57000732421875,135.72999572753906,120.14080047607422,2920500.0
2020-01-28,137.02000427246094,137.60000610351562,135.6199951171875,136.74000549316406,121.03482055664062,2763800.0
2020-01-29,137.58999633789062,137.75999450683594,135.6699981689453,135.77999877929688,120.18506622314453,2620000.0
2020-01-30,134.75999450683594,135.97000122070312,132.91000366210938,135.3699951171875,119.82218170166016,3862600.0
2020-01-31,133.82000732421875,134.99000549316406,130.5399932861328,131.35000610351562,116.26387786865234,6785700.0
2020-02-03,131.44000244140625,133.16000366210938,129.3000030517578,129.77000427246094,114.8653564453125,4385300.0
2020-02-04,133.0,134.77999877929688,132.67999267578125,133.50999450683594,118.17578887939453,3501600.0
2020-02-05,135.5500030517578,137.47000122070312,135.44000244140625,137.44000244140625,121.6544418334961,4448100.0
2020-02-06,138.1999969482422,138.3300018310547,136.1300048828125,137.25,121.48623657226562,2283800.0
2020-02-07,136.0399932861328,136.49000549316406,133.0,133.3699951171875,118.05187225341797,3812300.0
2020-02-10,133.0399932861328,134.3300018310547,132.77999877929688,134.32000732421875,118.89274597167969,2331600.0
2020-02-11,135.49000549316406,137.22999572753906,135.05999755859375,136.19000244140625,120.54798889160156,2381900.0
2020-02-12,138.39999389648438,139.94000244140625,138.08999633789062,139.58999633789062,123.55744171142578,3222000.0
2020-02-13,140.0,140.5,138.42999267578125,139.72000122070312,123.67252349853516,3318800.0
2020-02-14,139.49000549316406,139.6199951171875,136.88999938964844,137.99000549316406,122.14125061035156,2813400.0
2020-02-17,139.49000549316406,139.6199951171875,136.88999938964844,137.99000549316406,122.14125061035156,2813400.0
2020-02-18,137.4600067138672,138.57000732421875,135.0800018310547,136.5800018310547,120.89318084716797,3869700.0
2020-02-19,136.7899932861328,137.2100067138672,136.05999755859375,136.86000061035156,121.14102172851562,2134900.0
2020-02-20,136.25999450683594,138.88999938964844,136.1999969482422,136.92999267578125,121.20298767089844,2678200.0
2020-02-21,136.5,137.44000244140625,135.11000061035156,137.2100067138672,121.45079803466797,2855600.0
2020-02-24,132.52999877929688,133.86000061035156,132.0500030517578,132.1699981689453,116.98970794677734,4964800.0
2020-02-25,132.97000122070312,133.13999938964844,128.25,129.0,114.18379211425781,4840200.0
2020-02-26,129.64999389648438,130.99000549316406,127.55000305175781,128.25,113.51995086669922,3902500.0
2020-02-27,125.5999984741211,128.52999877929688,123.22000122070312,123.2699966430664,109.11190795898438,7369000.0
2020-02-28,119.56999969482422,124.23999786376953,119.02999877929688,124.23999786376953,109.97047424316406,8300700.0
2020-03-02,125.05000305175781,127.87999725341797,123.01000213623047,127.5999984741211,112.94457244873047,6100200.0
2020-03-03,127.0,129.55999755859375,123.77999877929688,124.37999725341797,110.09441375732422,6358100.0
2020-03-04,126.06999969482422,127.44000244140625,124.30999755859375,127.4000015258789,112.76757049560547,5074700.0
2020-03-05,123.1500015258789,124.8499984741211,121.23999786376953,121.97000122070312,107.96121215820312,6015300.0
2020-03-06,119.0,121.8499984741211,118.83000183105469,121.41000366210938,107.46553802490234,5767900.0
2020-03-09,112.98999786376953,112.98999786376953,104.02999877929688,104.06999969482422,92.11711883544922,8636200.0
2020-03-10,108.63999938964844,109.05999755859375,99.11000061035156,106.48999786376953,94.2591552734375,8293200.0
2020-03-11,103.80000305175781,104.75,100.06999969482422,100.69000244140625,89.12531280517578,6543600.0
2020-03-12,93.5,94.27999877929688,87.5,92.26000213623047,81.66354370117188,10285900.0
2020-03-13,98.38999938964844,99.91000366210938,90.13999938964844,99.63999938964844,88.19589233398438,8718600.0
2020-03-16,89.0,105.8499984741211,88.5,93.41000366210938,82.68147277832031,9899000.0
2020-03-17,96.01000213623047,100.44000244140625,92.97000122070312,100.19999694824219,88.69159698486328,7206100.0
2020-03-18,93.98999786376953,102.94999694824219,93.11000061035156,100.12000274658203,88.62077331542969,6995100.0
2020-03-19,99.2300033569336,104.4000015258789,97.25,103.01000213623047,91.17884826660156,6870800.0
2020-03-20,103.12000274658203,103.98999786376953,94.16000366210938,95.5,84.53140258789062,7650300.0
2020-03-23,93.9000015258789,96.23999786376953,90.63999938964844,91.8499984741211,81.30062866210938,6737500.0
2020-03-24,96.05999755859375,102.02999877929688,95.16999816894531,101.33999633789062,89.70065307617188,7417100.0
2020-03-25,101.16999816894531,108.5,98.5,104.66999816894531,92.64818572998047,6578100.0
2020-03-26,104.8499984741211,110.97000122070312,102.88999938964844,110.5,97.80859375,6059600.0
2020-03-27,104.43000030517578,109.63999938964844,103.4000015258789,105.44000244140625,93.32975006103516,5746500.0
2020-03-30,106.33000183105469,112.83999633789062,104.93000030517578,111.70999908447266,98.87962341308594,5725600.0
2020-03-31,110.7300033569336,116.91000366210938,110.26000213623047,116.04000091552734,102.71229553222656,8970800.0
2020-04-01,112.08999633789062,116.75,109.5,111.3499984741211,98.56098175048828,6847000.0
2020-04-02,111.2300033569336,118.5199966430664,111.12999725341797,116.73999786376953,103.33190155029297,8106500.0
2020-04-03,115.5,116.83999633789062,112.12000274658203,114.66999816894531,101.49962615966797,5036400.0
2020-04-06,120.04000091552734,121.7300033569336,118.12999725341797,120.43000030517578,106.59811401367188,5785600.0
2020-04-07,122.88999938964844,128.8000030517578,120.51000213623047,121.91999816894531,107.91694641113281,8489900.0
2020-04-08,122.98999786376953,128.17999267578125,121.04000091552734,127.4000015258789,112.76757049560547,4686100.0
2020-04-09,128.64999389648438,129.60000610351562,123.1500015258789,125.02999877929688,110.66976928710938,4752100.0
2020-04-10,128.64999389648438,129.60000610351562,123.1500015258789,125.02999877929688,110.66976928710938,4752100.0
2020-04-13,119.94999694824219,120.05000305175781,113.58000183105469,114.13999938964844,101.030517578125,10519600.0
2020-04-14,116.5,117.83999633789062,114.51000213623047,116.4800033569336,103.10179138183594,7166300.0
2020-04-15,112.95999908447266,113.0999984741211,109.80000305175781,111.52999877929688,98.72029113769531,5652800.0
2020-04-16,111.8499984741211,113.47000122070312,108.86000061035156,113.22000122070312,100.2161865234375,5926400.0
2020-04-17,114.44999694824219,116.54000091552734,113.8499984741211,116.30000305175781,103.88754272460938,4132300.0
2020-04-20,114.44000244140625,117.06999969482422,112.12000274658203,114.5999984741211,102.36897277832031,4083800.0
2020-04-21,111.04000091552734,111.04000091552734,108.5999984741211,109.8499984741211,98.12592315673828,5743300.0
2020-04-22,112.02999877929688,112.0999984741211,109.20999908447266,110.63999938964844,98.83161926269531,3794000.0
2020-04-23,111.33000183105469,115.2300033569336,110.94999694824219,112.91000366210938,100.8593521118164,3545400.0
2020-04-24,113.98999786376953,114.37999725341797,111.20999908447266,114.04000091552734,101.86872863769531,3045300.0
2020-04-27,110.8499984741211,116.12999725341797,109.7300033569336,115.19999694824219,102.90492248535156,5344800.0
2020-04-28,117.86000061035156,118.0,113.37000274658203,115.45999908447266,103.13719177246094,5604600.0
2020-04-29,116.95999908447266,120.81999969482422,116.52999877929688,120.05999755859375,107.24623107910156,4261100.0
2020-04-30,118.0,118.25,115.33000183105469,116.37999725341797,103.9590072631836,4040500.0
2020-05-01,114.0,114.58999633789062,110.56999969482422,110.87999725341797,99.0459976196289,3960400.0
2020-05-04,110.0199966430664,110.27999877929688,106.58000183105469,107.72000122070312,96.22325134277344,4500700.0
2020-05-05,109.23999786376953,111.08999633789062,108.73999786376953,108.91000366210938,97.28624725341797,3477400.0
2020-05-06,110.02999877929688,110.23999786376953,106.69999694824219,107.66999816894531,96.17859649658203,4465300.0
2020-05-07,109.0199966430664,110.05000305175781,106.77999877929688,107.29000091552734,95.83915710449219,4377900.0
2020-05-08,108.97000122070312,112.19999694824219,108.30000305175781,112.11000061035156,100.14472198486328,3911300.0
2020-05-11,110.16000366210938,110.7699966430664,108.18000030517578,108.61000061035156,97.01828002929688,4207300.0
2020-05-12,109.11000061035156,109.33000183105469,105.0,105.0,93.79354858398438,3874100.0
2020-05-13,105.13999938964844,105.29000091552734,102.55000305175781,104.4800033569336,93.32907104492188,5376100.0
2020-05-14,102.5,106.27999877929688,100.22000122070312,106.19000244140625,94.85657501220703,5542400.0
2020-05-15,105.18000030517578,107.98999786376953,104.27999877929688,107.91999816894531,96.40191650390625,6583100.0
2020-05-18,112.22000122070312,115.66000366210938,112.01000213623047,115.0199966430664,102.74413299560547,5603500.0
2020-05-19,114.94999694824219,115.44000244140625,112.01000213623047,112.08000183105469,100.11792755126953,3404900.0
2020-05-20,113.30999755859375,117.4800033569336,113.05000305175781,115.69000244140625,103.34263610839844,3735700.0
2020-05-21,114.94999694824219,115.68000030517578,113.81999969482422,114.05999755859375,101.88660430908203,2342300.0
2020-05-22,114.12999725341797,114.16000366210938,111.47000122070312,112.47000122070312,100.46630096435547,2735100.0
2020-05-25,114.12999725341797,114.16000366210938,111.47000122070312,112.47000122070312,100.46630096435547,2735100.0
2020-05-26,115.9800033569336,118.55999755859375,115.9800033569336,117.41000366210938,104.87905883789062,4185100.0
2020-05-27,119.72000122070312,122.48999786376953,119.52999877929688,122.41999816894531,109.3543472290039,4462700.0
2020-05-28,124.75,124.83000183105469,120.27999877929688,120.73999786376953,107.85367584228516,3743700.0
2020-05-29,119.62999725341797,120.70999908447266,117.56999969482422,120.12999725341797,107.30875396728516,4219000.0
2020-06-01,119.86000061035156,121.19999694824219,117.61000061035156,120.5,107.63929748535156,2131300.0
2020-06-02,121.83999633789062,123.81999969482422,121.27999877929688,123.31999969482422,110.15831756591797,2977500.0
2020-06-03,125.44999694824219,127.3499984741211,125.01000213623047,127.08999633789062,113.52593994140625,3712600.0
2020-06-04,125.41000366210938,129.02999877929688,124.73999786376953,128.9600067138672,115.19634246826172,3076700.0
2020-06-05,137.85000610351562,139.3699951171875,133.38999938964844,135.1199951171875,120.69889831542969,5591900.0
2020-06-08,135.32000732421875,139.94000244140625,135.32000732421875,137.72000122070312,123.02141571044922,4139200.0
2020-06-09,135.02000427246094,135.41000366210938,133.2100067138672,134.19000244140625,119.8681640625,3819600.0
2020-06-10,133.72000122070312,135.3800048828125,130.55999755859375,132.44000244140625,118.30494689941406,4018700.0
2020-06-11,126.41000366210938,126.83999633789062,121.5199966430664,121.55000305175781,108.57720184326172,5969300.0
2020-06-12,124.4000015258789,125.16999816894531,119.3499984741211,123.1500015258789,110.00643157958984,4492700.0
2020-06-15,118.51000213623047,124.37999725341797,118.01000213623047,123.61000061035156,110.41735076904297,4093100.0
2020-06-16,131.3699951171875,132.44000244140625,126.38999938964844,130.11000061035156,116.2236328125,6892400.0
2020-06-17,130.16000366210938,130.47000122070312,127.76000213623047,128.22999572753906,114.54427337646484,3228100.0
2020-06-18,127.13999938964844,128.97999572753906,126.69999694824219,127.58999633789062,113.97257232666016,2467700.0
2020-06-19,130.0,130.0,125.7300033569336,127.45999908447266,113.85643768310547,6488000.0
2020-06-22,126.36000061035156,126.4800033569336,124.5999984741211,125.79000091552734,112.36469268798828,2806300.0
2020-06-23,127.38999938964844,127.56999969482422,125.83000183105469,126.25,112.77558135986328,2357100.0
2020-06-24,124.79000091552734,124.83999633789062,121.83000183105469,122.05999755859375,109.03277587890625,3766500.0
2020-06-25,121.61000061035156,124.83000183105469,120.80000305175781,124.70999908447266,111.39996337890625,2903400.0
2020-06-26,124.33000183105469,124.44000244140625,121.44999694824219,122.38999938964844,109.32756805419922,3645800.0
2020-06-29,123.72000122070312,126.04000091552734,123.27999877929688,125.25,111.88230895996094,2798700.0
2020-06-30,124.01000213623047,127.05999755859375,124.01000213623047,126.5,112.99891662597656,2778800.0
2020-07-01,129.3800048828125,129.39999389648438,125.87999725341797,126.05999755859375,112.60587310791016,2807800.0
2020-07-02,128.25,130.33999633789062,127.19000244140625,127.72000122070312,114.08869934082031,2527500.0
2020-07-03,128.25,130.33999633789062,127.19000244140625,127.72000122070312,114.08869934082031,2527500.0
2020-07-06,130.1300048828125,130.5,128.1699981689453,129.42999267578125,115.61616516113281,2491900.0
2020-07-07,127.73999786376953,128.75,126.80000305175781,127.19999694824219,113.62420654296875,2018100.0
2020-07-08,129.3300018310547,129.3300018310547,126.47000122070312,128.1300048828125,114.45494842529297,2279500.0
2020-07-09,127.54000091552734,128.35000610351562,125.12000274658203,125.7300033569336,112.31108856201172,2663500.0
2020-07-10,125.97000122070312,128.22999572753906,125.81999969482422,128.00999450683594,114.34774780273438,2691400.0
2020-07-13,129.4199981689453,132.08999633789062,128.85000610351562,130.57000732421875,116.63453674316406,3708400.0
2020-07-14,130.32000732421875,137.30999755859375,129.22999572753906,136.8800048828125,122.27106475830078,6540800.0
2020-07-15,140.1699981689453,140.1699981689453,137.11000061035156,138.36000061035156,123.59309387207031,4915200.0
2020-07-16,138.3000030517578,140.99000549316406,137.60000610351562,138.55999755859375,123.77176666259766,3621500.0
2020-07-17,137.8699951171875,138.42999267578125,136.52999877929688,136.89999389648438,123.20475769042969,2458200.0
2020-07-20,135.75999450683594,136.9499969482422,134.25999450683594,134.6300048828125,121.16184997558594,2478000.0
2020-07-21,134.77000427246094,137.17999267578125,134.42999267578125,135.8699951171875,122.27783966064453,3221100.0
2020-07-22,135.25,137.8699951171875,135.19000244140625,136.97999572753906,123.27679443359375,2156800.0
2020-07-23,136.89999389648438,137.52000427246094,135.7100067138672,136.60000610351562,122.934814453125,1613700.0
2020-07-24,137.1999969482422,138.69000244140625,136.85000610351562,137.5800018310547,123.81678009033203,2036300.0
2020-07-27,137.14999389648438,140.33999633789062,137.05999755859375,139.88999938964844,125.89570617675781,2506900.0
2020-07-28,138.94000244140625,139.99000549316406,137.9199981689453,138.02999877929688,124.22173309326172,2029900.0
2020-07-29,138.5800018310547,141.0800018310547,137.8000030517578,140.52999877929688,126.4716796875,2338300.0
2020-07-30,139.0800018310547,139.10000610351562,135.97000122070312,136.72999572753906,123.0517578125,3063500.0
2020-07-31,132.42999267578125,135.14999389648438,130.2100067138672,132.8800048828125,119.58694458007812,6780900.0
2020-08-03,132.3000030517578,133.0,131.10000610351562,131.77999877929688,118.59699249267578,2851100.0
2020-08-04,131.3699951171875,132.44000244140625,130.6699981689453,131.52000427246094,118.36299133300781,2301800.0
2020-08-05,132.77999877929688,135.94000244140625,132.61000061035156,134.97000122070312,121.46788787841797,2767800.0
2020-08-06,134.52000427246094,135.2100067138672,133.6999969482422,134.38999938964844,120.94585418701172,2446400.0
2020-08-07,134.0,135.11000061035156,132.52000427246094,134.9199981689453,121.42285919189453,2223700.0
2020-08-10,135.72999572753906,142.16000366210938,135.67999267578125,142.02000427246094,127.8126220703125,5181600.0
2020-08-11,144.02000427246094,146.1999969482422,142.2899932861328,142.52999877929688,128.27154541015625,4206000.0
2020-08-12,143.9499969482422,144.1699981689453,141.3300018310547,142.57000732421875,128.30755615234375,2541200.0
2020-08-13,141.60000610351562,142.74000549316406,139.77000427246094,140.6699981689453,126.59767150878906,2939900.0
2020-08-14,139.4499969482422,140.88999938964844,138.77000427246094,139.9600067138672,125.95870208740234,2038500.0
2020-08-17,140.14999389648438,140.60000610351562,138.3000030517578,138.72000122070312,124.84271240234375,2284000.0
2020-08-18,138.9499969482422,140.11000061035156,138.0800018310547,138.3699951171875,124.52774810791016,1563200.0
2020-08-19,138.5,139.9199981689453,137.4600067138672,138.02000427246094,124.21273040771484,1849500.0
2020-08-20,136.02000427246094,137.97999572753906,135.64999389648438,137.47999572753906,123.72677612304688,2279700.0
2020-08-21,136.8000030517578,139.0,136.8000030517578,138.42999267578125,124.58173370361328,2524600.0
2020-08-24,139.75999450683594,142.25,139.0800018310547,141.67999267578125,127.5066146850586,2921700.0
2020-08-25,142.6699981689453,144.92999267578125,140.5399932861328,141.14999389648438,127.02963256835938,2467500.0
2020-08-26,140.47999572753906,142.44000244140625,139.80999755859375,141.8300018310547,127.6416244506836,2379900.0
2020-08-27,142.1300048828125,144.33999633789062,141.27999877929688,143.3699951171875,129.0275421142578,3010300.0
2020-08-28,144.27999877929688,145.85000610351562,142.69000244140625,143.6300048828125,129.26153564453125,3698700.0
2020-08-31,143.5,143.60000610351562,142.27000427246094,142.30999755859375,128.07357788085938,2886500.0
2020-09-01,141.6699981689453,146.1199951171875,140.91000366210938,146.0500030517578,131.43943786621094,2673900.0
2020-09-02,146.8699951171875,149.5500030517578,146.39999389648438,149.27000427246094,134.3373260498047,4515500.0
2020-09-03,148.58999633789062,151.1999969482422,145.3000030517578,146.75999450683594,132.07839965820312,4479100.0
2020-09-04,148.6999969482422,150.77999877929688,146.0399932861328,148.17999267578125,133.35635375976562,5129400.0
2020-09-07,148.6999969482422,150.77999877929688,146.0399932861328,148.17999267578125,133.35635375976562,5129400.0
2020-09-08,147.0,150.75999450683594,145.72000122070312,148.52000427246094,133.66232299804688,4775200.0
2020-09-09,149.8000030517578,155.47999572753906,149.2100067138672,152.69000244140625,137.4152069091797,5345100.0
2020-09-10,152.00999450683594,153.25,148.75,149.86000061035156,134.86830139160156,4387000.0
2020-09-11,150.47999572753906,154.39999389648438,150.24000549316406,153.8300018310547,138.44114685058594,3237100.0
2020-09-14,154.0,154.8000030517578,152.2100067138672,153.50999450683594,138.1531524658203,2569300.0
2020-09-15,154.1999969482422,154.47000122070312,148.36000061035156,148.60000610351562,133.73435974121094,4092400.0
2020-09-16,150.0,151.97999572753906,148.3699951171875,151.11000061035156,135.99325561523438,3302000.0
2020-09-17,149.85000610351562,156.25,149.14999389648438,153.8699951171875,138.47714233398438,4487000.0
2020-09-18,153.67999267578125,156.2100067138672,152.05999755859375,152.38999938964844,137.1452178955078,5113500.0
2020-09-21,148.55999755859375,149.5,143.8699951171875,145.3300018310547,130.79148864746094,4278200.0
2020-09-22,145.00999450683594,147.5,144.5,147.14999389648438,132.42938232421875,2579500.0
2020-09-23,147.47999572753906,148.91000366210938,143.60000610351562,144.3800048828125,129.93653869628906,2420100.0
2020-09-24,144.02000427246094,147.44000244140625,142.72999572753906,145.13999938964844,130.62046813964844,2138800.0
2020-09-25,143.88999938964844,146.6999969482422,143.00999450683594,145.91000366210938,131.3134765625,1848900.0
2020-09-28,148.0,150.30999755859375,147.41000366210938,147.67999267578125,132.90634155273438,2212700.0
2020-09-29,148.3699951171875,148.97000122070312,146.2100067138672,147.41000366210938,132.6633758544922,1605600.0
2020-09-30,148.0,150.9499969482422,147.74000549316406,149.14999389648438,134.22935485839844,3642800.0
2020-10-01,149.9199981689453,150.30999755859375,145.64999389648438,146.7100067138672,132.03343200683594,2157400.0
2020-10-02,144.27000427246094,151.25,143.75,149.94000244140625,134.9403076171875,3220500.0
2020-10-05,152.1699981689453,154.4499969482422,151.6199951171875,153.49000549316406,138.13516235351562,2597700.0
2020-10-06,154.0,155.4499969482422,151.27999877929688,151.52999877929688,136.37123107910156,2559800.0
2020-10-07,153.27999877929688,156.05999755859375,153.1999969482422,154.77000427246094,139.2871551513672,2334200.0
2020-10-08,155.75,156.72999572753906,154.24000549316406,156.66000366210938,140.98805236816406,1842900.0
2020-10-09,157.8699951171875,159.38999938964844,157.39999389648438,158.94000244140625,143.03997802734375,4084200.0
2020-10-12,159.97000122070312,163.1999969482422,159.52000427246094,162.61000061035156,146.34283447265625,4279800.0
2020-10-13,161.72000122070312,163.17999267578125,161.1199951171875,162.1199951171875,145.90179443359375,3319000.0
2020-10-14,162.66000366210938,164.82000732421875,162.5,163.61000061035156,147.2427520751953,4087100.0
2020-10-15,160.27000427246094,165.77999877929688,160.14999389648438,165.0399932861328,148.52972412109375,2958500.0
2020-10-16,167.25,170.50999450683594,166.6199951171875,168.75,151.8685302734375,5569000.0
2020-10-19,168.74000549316406,170.02000427246094,166.8000030517578,167.52999877929688,150.77059936523438,2757700.0
2020-10-20,168.1999969482422,171.25999450683594,167.91000366210938,168.99000549316406,152.08457946777344,3007100.0
2020-10-21,169.80999755859375,170.52000427246094,166.74000549316406,167.39999389648438,150.6536407470703,2502000.0
2020-10-22,167.97999572753906,169.85000610351562,166.88999938964844,169.66000366210938,152.6875762939453,2356800.0
2020-10-23,169.3699951171875,170.64999389648438,167.55999755859375,168.58999633789062,152.65133666992188,2857300.0
2020-10-26,166.63999938964844,166.63999938964844,160.8300018310547,163.1999969482422,147.77090454101562,4506600.0
2020-10-27,160.9600067138672,161.85000610351562,157.00999450683594,157.91000366210938,142.98101806640625,4857900.0
2020-10-28,153.8000030517578,155.42999267578125,150.52000427246094,151.16000366210938,136.8691864013672,5645100.0
2020-10-29,150.60000610351562,155.50999450683594,149.6300048828125,154.6699981689453,140.04733276367188,3867200.0
2020-10-30,153.9600067138672,157.2899932861328,153.0399932861328,157.0500030517578,142.2023468017578,4373500.0
2020-11-02,159.1999969482422,163.85000610351562,157.64999389648438,163.27000427246094,147.8342742919922,4072400.0
2020-11-03,165.0,169.0,163.07000732421875,167.69000244140625,151.83641052246094,4843600.0
2020-11-04,159.17999267578125,162.3800048828125,155.22999572753906,155.22999572753906,140.55438232421875,9081700.0
2020-11-05,157.6699981689453,164.9600067138672,157.60000610351562,163.08999633789062,147.67127990722656,4821600.0
2020-11-06,163.94000244140625,165.5399932861328,160.75999450683594,161.2899932861328,146.0414581298828,2983000.0
2020-11-09,174.02999877929688,176.3699951171875,170.1199951171875,170.82000732421875,154.6704864501953,5969600.0
2020-11-10,171.89999389648438,174.99000549316406,170.77000427246094,172.3000030517578,156.0105743408203,3499100.0
2020-11-11,172.3800048828125,172.74000549316406,167.47000122070312,169.4600067138672,153.43911743164062,2345500.0
2020-11-12,168.8300018310547,171.10000610351562,167.64999389648438,169.1300048828125,153.14028930664062,2185500.0
2020-11-13,170.3000030517578,172.22000122070312,169.19000244140625,171.7100067138672,155.47637939453125,2120200.0
2020-11-16,175.0,175.0,171.8300018310547,173.19000244140625,156.81646728515625,3902400.0
2020-11-17,172.1699981689453,172.47999572753906,170.19000244140625,171.91000366210938,155.65745544433594,2110800.0
2020-11-18,172.0399932861328,175.3800048828125,172.0399932861328,172.74000549316406,156.40896606445312,3165100.0
2020-11-19,172.5,173.25,170.7100067138672,172.89999389648438,156.5538787841797,2012100.0
2020-11-20,172.4499969482422,173.1199951171875,171.30999755859375,172.22999572753906,155.9472198486328,2449800.0
2020-11-23,173.75999450683594,175.5,173.24000549316406,174.77999877929688,158.25613403320312,2403500.0
2020-11-24,176.25,178.32000732421875,175.27000427246094,176.89999389648438,160.1757049560547,3447000.0
2020-11-25,176.4600067138672,176.47999572753906,172.77999877929688,174.6300048828125,158.1202850341797,2506400.0
2020-11-26,176.4600067138672,176.47999572753906,172.77999877929688,174.6300048828125,158.1202850341797,2506400.0
2020-11-27,174.41000366210938,175.9199981689453,173.8800048828125,175.0800018310547,158.5277557373047,976900.0
2020-11-30,173.61000061035156,174.8800048828125,172.42999267578125,173.58999633789062,157.17861938476562,2382600.0
2020-12-01,175.38999938964844,176.57000732421875,172.94000244140625,173.25999450683594,156.87982177734375,2710200.0
2020-12-02,173.25999450683594,174.4199981689453,172.27999877929688,173.8699951171875,157.43215942382812,1971000.0
2020-12-03,173.8699951171875,175.0800018310547,173.27999877929688,174.6300048828125,158.1202850341797,2903900.0
2020-12-04,175.9199981689453,183.80999755859375,175.6199951171875,182.2100067138672,164.98365783691406,6086200.0
2020-12-07,180.38999938964844,180.38999938964844,176.55999755859375,178.7100067138672,161.81460571289062,4587400.0
2020-12-08,177.66000366210938,180.74000549316406,177.5,178.83999633789062,161.93228149414062,2001600.0
2020-12-09,179.6199951171875,180.47999572753906,177.0,180.07000732421875,163.0460205078125,2915500.0
2020-12-10,179.24000549316406,179.52999877929688,177.13999938964844,178.85000610351562,161.9413604736328,3109400.0
2020-12-11,176.99000549316406,179.77999877929688,176.22999572753906,179.2899932861328,162.33973693847656,2673400.0
2020-12-14,180.60000610351562,183.3300018310547,177.77999877929688,178.0500030517578,161.21694946289062,2533600.0
2020-12-15,179.92999267578125,182.75999450683594,179.02000427246094,181.74000549316406,164.55810546875,2360300.0
2020-12-16,180.85000610351562,181.27000427246094,178.36000061035156,179.5,162.52989196777344,2031800.0
2020-12-17,180.6699981689453,180.72999572753906,178.5800018310547,179.1699981689453,162.2310791015625,2296500.0
2020-12-18,180.07000732421875,181.3000030517578,177.47000122070312,180.9600067138672,163.85182189941406,5262700.0
2020-12-21,176.94000244140625,180.88999938964844,176.32000732421875,180.16000366210938,163.12747192382812,2071000.0
2020-12-22,179.2899932861328,180.16000366210938,176.47999572753906,176.5800018310547,159.88597106933594,2493300.0
2020-12-23,177.4499969482422,179.2899932861328,177.00999450683594,178.4199981689453,161.55197143554688,1862500.0
2020-12-24,179.4499969482422,179.85000610351562,178.35000610351562,179.55999755859375,162.58419799804688,585700.0
2020-12-25,179.4499969482422,179.85000610351562,178.35000610351562,179.55999755859375,162.58419799804688,585700.0
2020-12-28,180.47999572753906,181.1199951171875,178.30999755859375,178.3699951171875,161.50668334960938,1508800.0
2020-12-29,179.1699981689453,179.3800048828125,175.11000061035156,176.64999389648438,159.94931030273438,1490300.0
2020-12-30,179.77000427246094,182.22999572753906,178.69000244140625,180.0399932861328,163.018798828125,2720600.0
2020-12-31,180.25,182.10000610351562,178.75,182.02000427246094,164.81163024902344,1717800.0
2021-01-01,180.25,182.10000610351562,178.75,182.02000427246094,164.81163024902344,1717800.0
2021-01-04,183.0,185.97999572753906,180.25,182.14999389648438,164.92933654785156,4078300.0
2021-01-05,181.2100067138672,185.8000030517578,181.2100067138672,183.63999938964844,166.2785186767578,2933700.0
2021-01-06,187.14999389648438,197.27999877929688,186.14999389648438,193.86000061035156,175.53228759765625,8034700.0
2021-01-07,196.85000610351562,197.3699951171875,192.1999969482422,194.22999572753906,175.86729431152344,5297500.0
2021-01-08,193.85000610351562,195.25999450683594,191.32000732421875,194.25999450683594,175.8944549560547,3186600.0
2021-01-11,191.55999755859375,195.4600067138672,190.30999755859375,193.86000061035156,175.53228759765625,2540800.0
2021-01-12,194.67999267578125,198.0,193.30999755859375,197.5399932861328,178.8643798828125,2466100.0
2021-01-13,198.7899932861328,200.1699981689453,195.8000030517578,195.88999938964844,177.37034606933594,3154700.0
2021-01-14,196.10000610351562,197.91000366210938,195.36000061035156,197.39999389648438,178.73764038085938,2486600.0
2021-01-15,195.66000366210938,195.7100067138672,190.8800048828125,194.6199951171875,176.22044372558594,3317100.0
2021-01-18,195.66000366210938,195.7100067138672,190.8800048828125,194.6199951171875,176.22044372558594,3317100.0
2021-01-19,194.2899932861328,196.11000061035156,193.44000244140625,194.05999755859375,176.64828491210938,2361200.0
2021-01-20,192.66000366210938,193.89999389648438,190.4199981689453,192.33999633789062,175.0825653076172,2501100.0
2021-01-21,192.35000610351562,193.72000122070312,190.0500030517578,192.19000244140625,174.94602966308594,1951200.0
2021-01-22,190.85000610351562,192.82000732421875,189.30999755859375,191.94000244140625,174.71849060058594,2027000.0
2021-01-25,190.55999755859375,191.3699951171875,186.97000122070312,187.33999633789062,170.53121948242188,3837100.0
2021-01-26,187.60000610351562,189.41000366210938,186.8300018310547,187.2100067138672,170.41287231445312,2506000.0
2021-01-27,184.1999969482422,185.5500030517578,179.33999633789062,180.6300048828125,164.42324829101562,4095300.0
2021-01-28,182.25999450683594,187.61000061035156,181.30999755859375,184.33999633789062,167.80038452148438,3445400.0
2021-01-29,183.5,188.82000732421875,180.72999572753906,182.83999633789062,166.43495178222656,4541400.0
2021-02-01,185.9600067138672,186.8000030517578,182.02000427246094,184.72000122070312,168.14627075195312,2738200.0
2021-02-02,186.5,192.77999877929688,185.63999938964844,192.5,175.22824096679688,5265400.0
2021-02-03,190.91000366210938,191.52999877929688,189.05999755859375,191.4499969482422,174.27247619628906,2979000.0
2021-02-04,192.0,192.61000061035156,190.1999969482422,191.64999389648438,174.4544677734375,2253800.0
2021-02-05,192.52000427246094,194.3300018310547,190.00999450683594,193.0,175.68338012695312,2240000.0
2021-02-08,195.0,197.5399932861328,194.6699981689453,197.4499969482422,179.7340850830078,2725700.0
2021-02-09,197.5399932861328,198.66000366210938,194.88999938964844,197.27999877929688,179.579345703125,2331600.0
2021-02-10,198.5,199.7100067138672,196.25999450683594,197.72000122070312,179.97988891601562,2816400.0
2021-02-11,197.58999633789062,198.4199981689453,194.38999938964844,198.35000610351562,180.5533447265625,2178200.0
2021-02-12,197.97999572753906,198.75999450683594,196.75999450683594,197.99000549316406,180.2256622314453,1804200.0
2021-02-15,197.97999572753906,198.75999450683594,196.75999450683594,197.99000549316406,180.2256622314453,1804200.0
2021-02-16,199.75,205.17999267578125,199.24000549316406,202.3800048828125,184.2217254638672,3722700.0
2021-02-17,202.38999938964844,202.89999389648438,199.7899932861328,202.3000030517578,184.1489715576172,2290400.0
2021-02-18,201.5500030517578,202.8800048828125,198.5800018310547,199.9199981689453,181.98251342773438,2345800.0
2021-02-19,203.25,211.4600067138672,202.6999969482422,209.91000366210938,191.0761260986328,4937300.0
2021-02-22,209.6300048828125,218.8699951171875,209.33999633789062,218.05999755859375,198.49490356445312,4578300.0
2021-02-23,219.52999877929688,220.74000549316406,213.27999877929688,220.17999267578125,200.4246826171875,4125100.0
2021-02-24,220.41000366210938,226.6699981689453,219.8800048828125,222.47000122070312,202.5092010498047,4925000.0
2021-02-25,223.6199951171875,224.39999389648438,219.72000122070312,221.82000732421875,201.91757202148438,4313000.0
2021-02-26,220.75,222.39999389648438,215.82000732421875,215.8800048828125,196.51048278808594,4461300.0
2021-03-01,219.30999755859375,222.5800018310547,218.89999389648438,219.75999450683594,200.04238891601562,2871200.0
2021-03-02,218.69000244140625,219.33999633789062,215.00999450683594,215.82000732421875,196.4558563232422,2854300.0
2021-03-03,212.13999938964844,217.5500030517578,212.00999450683594,214.91000366210938,195.6275177001953,2664000.0
2021-03-04,214.47999572753906,216.6699981689453,208.47000122070312,212.77000427246094,193.6795196533203,3568400.0
2021-03-05,214.33999633789062,220.77999877929688,211.5,220.16000366210938,200.406494140625,3602300.0
2021-03-08,220.97000122070312,224.3000030517578,218.2100067138672,221.5800018310547,201.6990509033203,3048700.0
2021-03-09,221.3800048828125,222.3300018310547,216.13999938964844,216.8000030517578,197.347900390625,2902400.0
2021-03-10,217.72999572753906,222.0500030517578,217.19000244140625,221.05999755859375,201.22572326660156,2435800.0
2021-03-11,223.0,223.60000610351562,219.14999389648438,219.75999450683594,200.04238891601562,2960000.0
2021-03-12,219.0,229.02000427246094,218.1199951171875,229.0,208.4533233642578,4756500.0
2021-03-15,228.8699951171875,231.8000030517578,225.8300018310547,230.74000549316406,210.03720092773438,4215300.0
2021-03-16,227.72000122070312,231.2100067138672,224.77000427246094,226.4600067138672,206.14120483398438,3539200.0
2021-03-17,228.1300048828125,234.3000030517578,227.1300048828125,233.6300048828125,212.66790771484375,3518500.0
2021-03-18,234.0,237.77999877929688,229.74000549316406,230.67999267578125,209.9825897216797,4336200.0
2021-03-19,228.75,229.64999389648438,224.0500030517578,225.2899932861328,205.07620239257812,7485100.0
2021-03-22,226.6199951171875,227.17999267578125,223.57000732421875,226.02000427246094,205.74069213867188,2211600.0
2021-03-23,222.05999755859375,225.24000549316406,216.64999389648438,218.25,198.66783142089844,4017600.0
2021-03-24,220.50999450683594,227.11000061035156,220.50999450683594,221.22999572753906,201.3804473876953,4258000.0
2021-03-25,219.22999572753906,224.97000122070312,216.0399932861328,224.25,204.12948608398438,2901800.0
2021-03-26,226.35000610351562,229.83999633789062,225.2100067138672,229.5,208.90843200683594,3040100.0
2021-03-29,228.10000610351562,231.85000610351562,227.7100067138672,230.22000122070312,209.5638427734375,3003200.0
2021-03-30,231.1999969482422,234.72000122070312,231.13999938964844,233.0800018310547,212.16725158691406,3139100.0
2021-03-31,234.35000610351562,237.00999450683594,228.85000610351562,231.8699951171875,211.0657958984375,4512300.0
2021-04-01,231.3000030517578,235.0,227.58999633789062,232.74000549316406,211.85775756835938,3787100.0
2021-04-02,231.3000030517578,235.0,227.58999633789062,232.74000549316406,211.85775756835938,3787100.0
2021-04-05,235.0,235.66000366210938,232.3699951171875,233.7100067138672,212.74073791503906,2323400.0
2021-04-06,232.5,236.67999267578125,230.22999572753906,230.63999938964844,209.9461669921875,2614500.0
2021-04-07,231.9600067138672,234.19000244140625,229.35000610351562,230.41000366210938,209.73681640625,2449600.0
2021-04-08,230.1300048828125,231.0500030517578,227.1699981689453,230.47999572753906,209.80052185058594,2158900.0
2021-04-09,231.3000030517578,232.1999969482422,227.5399932861328,230.75,210.0463104248047,2482900.0
2021-04-12,230.3000030517578,231.3000030517578,228.92999267578125,230.92999267578125,210.2101287841797,1688200.0
2021-04-13,233.41000366210938,233.5,228.0500030517578,229.35000610351562,208.77194213867188,2286400.0
2021-04-14,229.60000610351562,234.22000122070312,229.5500030517578,232.5800018310547,211.7121124267578,2491000.0
2021-04-15,233.14999389648438,233.44000244140625,230.74000549316406,232.52000427246094,211.657470703125,1860200.0
2021-04-16,234.6199951171875,235.94000244140625,232.27000427246094,233.36000061035156,212.422119140625,2128400.0
2021-04-19,232.89999389648438,233.10000610351562,229.91000366210938,232.38999938964844,211.53915405273438,1712600.0
2021-04-20,230.89999389648438,231.3000030517578,225.60000610351562,227.6300048828125,207.2062530517578,2815800.0
2021-04-21,227.32000732421875,232.61000061035156,226.02000427246094,232.4600067138672,211.6029052734375,1977700.0
2021-04-22,233.25,233.42999267578125,228.77000427246094,228.88999938964844,208.35316467285156,2410700.0
2021-04-23,229.36000061035156,231.64999389648438,227.8800048828125,230.11000061035156,210.41055297851562,3458300.0
2021-04-26,230.57000732421875,232.85000610351562,229.9600067138672,230.55999755859375,210.82205200195312,1864800.0
2021-04-27,230.2899932861328,230.86000061035156,228.0800018310547,230.33999633789062,210.6208953857422,1959300.0
2021-04-28,230.0500030517578,233.72000122070312,229.3800048828125,232.3000030517578,212.41305541992188,2965300.0
2021-04-29,235.0,235.1999969482422,223.1999969482422,227.47000122070312,207.99656677246094,5442400.0
2021-04-30,225.52000427246094,228.38999938964844,224.8800048828125,228.11000061035156,208.58175659179688,3953500.0
2021-05-03,230.0,230.92999267578125,227.2100067138672,228.1699981689453,208.6366729736328,3182900.0
2021-05-04,227.0,234.0,225.35000610351562,233.41000366210938,213.42807006835938,4040700.0
2021-05-05,234.6199951171875,239.3300018310547,231.85000610351562,237.8800048828125,217.515380859375,3690600.0
2021-05-06,238.0,240.97999572753906,236.0,237.07000732421875,216.7747344970703,4527000.0
2021-05-07,235.63999938964844,241.88999938964844,233.16000366210938,240.99000549316406,220.35914611816406,3327900.0
2021-05-10,243.5,245.77999877929688,242.58999633789062,242.61000061035156,221.8404541015625,3752900.0
2021-05-11,238.77999877929688,242.99000549316406,236.5399932861328,239.3000030517578,218.81381225585938,3163100.0
2021-05-12,241.27000427246094,243.22999572753906,236.44000244140625,237.32000732421875,217.0033416748047,3668500.0
2021-05-13,236.0399932861328,240.99000549316406,234.57000732421875,240.07000732421875,219.5178680419922,2228100.0
2021-05-14,242.0,243.35000610351562,240.0800018310547,242.22999572753906,221.49293518066406,2041600.0
2021-05-17,242.74000549316406,245.4499969482422,241.1199951171875,244.7899932861328,223.83384704589844,1998400.0
2021-05-18,244.7899932861328,245.5399932861328,239.41000366210938,239.47000122070312,218.96926879882812,2436200.0
2021-05-19,236.10000610351562,237.0800018310547,231.94000244140625,236.8699951171875,216.59185791015625,3143100.0
2021-05-20,237.47999572753906,237.60000610351562,232.58999633789062,234.99000549316406,214.87281799316406,3339200.0
2021-05-21,236.60000610351562,239.39999389648438,235.00999450683594,237.24000549316406,216.93019104003906,2479100.0
2021-05-24,237.69000244140625,239.7100067138672,236.22000122070312,239.0500030517578,218.58522033691406,2372700.0
2021-05-25,239.50999450683594,241.88999938964844,236.74000549316406,237.1699981689453,216.8661651611328,2265700.0
2021-05-26,237.41000366210938,239.5,236.6199951171875,237.7100067138672,217.35989379882812,2070000.0
2021-05-27,241.5,243.3699951171875,238.92999267578125,241.27999877929688,220.62432861328125,3594700.0
2021-05-28,241.91000366210938,242.25999450683594,238.7899932861328,241.0800018310547,220.44143676757812,2290700.0
2021-05-31,241.91000366210938,242.25999450683594,238.7899932861328,241.0800018310547,220.44143676757812,2290700.0
2021-06-01,244.00999450683594,244.92999267578125,241.80999755859375,242.75999450683594,221.97763061523438,2476000.0
2021-06-02,243.07000732421875,245.10000610351562,240.6999969482422,243.4600067138672,222.61767578125,2348500.0
2021-06-03,242.42999267578125,246.44000244140625,240.8699951171875,243.83999633789062,222.96514892578125,1923200.0
2021-06-04,245.1199951171875,246.69000244140625,242.32000732421875,244.02000427246094,223.12974548339844,1837900.0
2021-06-07,244.0500030517578,244.3300018310547,238.6199951171875,239.75999450683594,219.23443603515625,2330700.0
2021-06-08,239.39999389648438,241.2100067138672,236.05999755859375,240.16000366210938,219.60018920898438,2212300.0
2021-06-09,239.0,239.19000244140625,234.4499969482422,234.64999389648438,214.5618896484375,2919600.0
2021-06-10,236.13999938964844,236.64999389648438,225.5800018310547,225.72999572753906,206.40553283691406,6281800.0
2021-06-11,226.3000030517578,227.9199981689453,220.02999877929688,220.6999969482422,201.80616760253906,8734900.0
2021-06-14,220.07000732421875,221.97000122070312,215.60000610351562,219.00999450683594,200.26083374023438,7213300.0
2021-06-15,219.88999938964844,220.77999877929688,216.25999450683594,219.4600067138672,200.67234802246094,5055900.0
2021-06-16,219.00999450683594,219.38999938964844,216.6999969482422,217.16000366210938,198.56922912597656,4156900.0
2021-06-17,216.97000122070312,218.27000427246094,207.8800048828125,209.4499969482422,191.5192413330078,7995300.0
2021-06-18,206.17999267578125,211.80999755859375,205.5,208.86000061035156,190.97970581054688,7156400.0
2021-06-21,211.5500030517578,215.22999572753906,211.39999389648438,213.2100067138672,194.95738220214844,5633900.0
2021-06-22,213.49000549316406,214.8300018310547,211.17999267578125,213.1300048828125,194.88421630859375,3776400.0
2021-06-23,213.60000610351562,216.77000427246094,212.5800018310547,213.7899932861328,195.48765563964844,3283400.0
2021-06-24,216.5399932861328,221.92999267578125,215.3300018310547,219.33999633789062,200.5625457763672,6827600.0
2021-06-25,221.17999267578125,221.75,215.27000427246094,216.30999755859375,197.79196166992188,11274200.0
2021-06-28,216.4499969482422,216.77999877929688,213.55999755859375,216.27000427246094,197.7554168701172,3172000.0
2021-06-29,218.0399932861328,218.6999969482422,214.58999633789062,215.10000610351562,196.6855926513672,3443400.0
2021-06-30,214.6199951171875,217.9499969482422,214.05999755859375,217.6300048828125,198.9989471435547,3249500.0
2021-07-01,219.16000366210938,219.7899932861328,216.14999389648438,216.7100067138672,198.15777587890625,2426300.0
2021-07-02,217.66000366210938,218.3699951171875,215.5800018310547,217.75999450683594,199.11781311035156,2433600.0
2021-07-05,217.66000366210938,218.3699951171875,215.5800018310547,217.75999450683594,199.11781311035156,2433600.0
2021-07-06,217.41000366210938,217.55999755859375,211.33999633789062,213.52000427246094,195.24081420898438,4348100.0
2021-07-07,212.69000244140625,215.05999755859375,211.16000366210938,214.69000244140625,196.31068420410156,2707700.0
2021-07-08,210.0,213.89999389648438,209.92999267578125,212.11000061035156,193.95150756835938,3723800.0
2021-07-09,215.89999389648438,218.58999633789062,214.39999389648438,217.4199981689453,198.8069610595703,3163800.0
2021-07-12,216.02000427246094,218.9499969482422,214.85000610351562,218.5800018310547,199.8676300048828,2509000.0
2021-07-13,218.9600067138672,219.0500030517578,214.6999969482422,215.19000244140625,196.76783752441406,2373300.0
2021-07-14,215.25999450683594,215.63999938964844,211.22000122070312,211.63999938964844,193.521728515625,3185200.0
2021-07-15,210.27999877929688,213.38999938964844,210.1199951171875,211.41000366210938,193.3114471435547,2737500.0
2021-07-16,212.4600067138672,212.6999969482422,207.00999450683594,207.9499969482422,190.14764404296875,4368800.0
2021-07-19,202.27000427246094,203.75,199.22999572753906,203.0800018310547,186.69107055664062,5391100.0
2021-07-20,203.0399932861328,208.6300048828125,202.30999755859375,207.9600067138672,191.17727661132812,3934300.0
2021-07-21,208.72000122070312,210.9600067138672,207.5800018310547,210.72999572753906,193.72372436523438,3407300.0
2021-07-22,211.0,211.3800048828125,208.5399932861328,209.16000366210938,192.28045654296875,1931500.0
2021-07-23,209.5,210.3699951171875,207.86000061035156,209.52999877929688,192.62054443359375,2302600.0
2021-07-26,209.83999633789062,212.07000732421875,209.5,211.02999877929688,193.99951171875,2157600.0
2021-07-27,207.52999877929688,211.05999755859375,207.0,209.89999389648438,192.96070861816406,2472000.0
2021-07-28,210.0,212.69000244140625,208.10000610351562,211.44000244140625,194.3764190673828,3246900.0
2021-07-29,214.0,214.50999450683594,209.69000244140625,212.55999755859375,195.4060516357422,3419700.0
2021-07-30,207.89999389648438,208.6699981689453,203.14999389648438,206.75,190.06491088867188,5834900.0
2021-08-02,208.0,210.89999389648438,204.9499969482422,205.16000366210938,188.60324096679688,3977100.0
2021-08-03,205.30999755859375,209.2899932861328,203.42999267578125,208.5,191.67369079589844,3580500.0
2021-08-04,208.22000122070312,209.58999633789062,204.3699951171875,204.52000427246094,188.01487731933594,2948700.0
2021-08-05,205.25,207.66000366210938,204.6999969482422,207.19000244140625,190.4694366455078,2685800.0
2021-08-06,209.00999450683594,210.38999938964844,207.64999389648438,208.35000610351562,191.53582763671875,2677100.0
2021-08-09,207.2899932861328,209.8800048828125,206.1199951171875,208.88999938964844,192.03221130371094,2747200.0
2021-08-10,210.0,214.89999389648438,208.9600067138672,214.07000732421875,196.794189453125,4193600.0
2021-08-11,215.72999572753906,222.57000732421875,214.57000732421875,221.66000366210938,203.7716827392578,7794100.0
2021-08-12,222.24000549316406,223.75999450683594,218.47000122070312,220.24000549316406,202.46627807617188,4444500.0
2021-08-13,219.8800048828125,220.5500030517578,217.72999572753906,218.57000732421875,200.93099975585938,2049400.0
2021-08-16,217.36000061035156,218.0,214.33999633789062,217.7100067138672,200.14041137695312,3132500.0
2021-08-17,216.22000122070312,216.38999938964844,210.5800018310547,213.44000244140625,196.2150421142578,4022800.0
2021-08-18,212.5,213.5500030517578,209.72000122070312,209.80999755859375,192.87796020507812,2947700.0
2021-08-19,208.1699981689453,208.9600067138672,203.2100067138672,204.4499969482422,187.95053100585938,4788100.0
2021-08-20,205.4199981689453,207.25999450683594,203.58999633789062,204.94000244140625,188.40098571777344,2765500.0
2021-08-23,207.25,209.75,205.8300018310547,209.13999938964844,192.26202392578125,2827400.0
2021-08-24,209.75,213.27000427246094,209.52999877929688,212.58999633789062,195.43360900878906,2485900.0
2021-08-25,213.1699981689453,215.6999969482422,212.14999389648438,214.75999450683594,197.42845153808594,2599800.0
2021-08-26,214.50999450683594,214.50999450683594,210.47999572753906,211.24000549316406,194.1925811767578,2513900.0
2021-08-27,212.25999450683594,214.02999877929688,212.22000122070312,212.8300018310547,195.6542205810547,2511400.0
2021-08-30,213.22000122070312,213.74000549316406,210.8000030517578,211.4499969482422,194.38563537597656,1922100.0
2021-08-31,211.27999877929688,212.3000030517578,210.4199981689453,210.8699951171875,193.85243225097656,2857900.0
2021-09-01,210.8699951171875,210.99000549316406,206.61000061035156,207.9600067138672,191.17727661132812,4122900.0
2021-09-02,208.9199981689453,212.9499969482422,208.9199981689453,211.77999877929688,194.68899536132812,2921600.0
2021-09-03,211.14999389648438,212.8000030517578,210.0,210.3699951171875,193.3927764892578,2512000.0
2021-09-06,211.14999389648438,212.8000030517578,210.0,210.3699951171875,193.3927764892578,2512000.0
2021-09-07,210.0399932861328,210.33999633789062,207.85000610351562,208.22999572753906,191.4254913330078,2641100.0
2021-09-08,207.1199951171875,208.1199951171875,204.77000427246094,206.77000427246094,190.0832977294922,2603100.0
2021-09-09,206.5,208.14999389648438,204.89999389648438,205.4199981689453,188.84225463867188,2777900.0
2021-09-10,207.10000610351562,207.8800048828125,204.82000732421875,205.00999450683594,188.46531677246094,2551200.0
2021-09-13,207.16000366210938,207.86000061035156,203.92999267578125,206.1999969482422,189.559326171875,2699100.0
2021-09-14,206.0399932861328,206.10000610351562,201.63999938964844,202.3300018310547,186.00164794921875,3757600.0
2021-09-15,202.1699981689453,206.58999633789062,201.8699951171875,205.72999572753906,189.12721252441406,3342700.0
2021-09-16,205.4499969482422,206.38999938964844,202.82000732421875,203.60000610351562,187.1691436767578,3120100.0
2021-09-17,202.6300048828125,203.27000427246094,199.4499969482422,199.75,183.62982177734375,6351100.0
2021-09-20,193.05999755859375,193.99000549316406,188.47999572753906,190.82000732421875,175.42051696777344,9151100.0
2021-09-21,192.0,192.7100067138672,186.97999572753906,189.83999633789062,174.5196075439453,5699900.0
2021-09-22,192.0,194.5,191.16000366210938,191.35000610351562,175.90769958496094,3924400.0
2021-09-23,192.91000366210938,197.60000610351562,192.85000610351562,196.6199951171875,180.75244140625,3367800.0
2021-09-24,195.64999389648438,197.7899932861328,194.92999267578125,196.82000732421875,180.93630981445312,2199500.0
2021-09-27,197.60000610351562,201.99000549316406,197.60000610351562,200.0,183.8596649169922,3033100.0
2021-09-28,200.1999969482422,201.88999938964844,198.75,200.5500030517578,184.36526489257812,3247500.0
2021-09-29,200.47999572753906,201.16000366210938,197.6999969482422,197.8699951171875,181.90155029296875,2954700.0
2021-09-30,198.6199951171875,198.8699951171875,191.6300048828125,191.97000122070312,176.4777069091797,4978100.0
2021-10-01,192.89999389648438,195.8699951171875,191.24000549316406,194.3300018310547,178.64723205566406,3695500.0
2021-10-04,194.74000549316406,195.91000366210938,192.41000366210938,193.1300048828125,177.54405212402344,2864600.0
2021-10-05,192.75999450683594,194.39999389648438,190.72999572753906,192.5,176.96490478515625,3074600.0
2021-10-06,190.0,192.38999938964844,187.8000030517578,191.86000061035156,176.37655639648438,3777700.0
2021-10-07,193.72999572753906,196.38999938964844,193.61000061035156,195.75,179.95266723632812,3510500.0
2021-10-08,195.8000030517578,196.5800018310547,194.74000549316406,195.16000366210938,179.4102325439453,2713200.0
2021-10-11,196.33999633789062,197.1699981689453,192.67999267578125,192.88999938964844,177.323486328125,2015200.0
2021-10-12,192.32000732421875,193.5800018310547,189.5800018310547,189.9199981689453,174.59312438964844,4706700.0
2021-10-13,190.5,191.25,187.72000122070312,188.94000244140625,173.69219970703125,3253200.0
2021-10-14,193.5500030517578,194.8000030517578,192.61000061035156,194.3300018310547,178.64723205566406,5212900.0
2021-10-15,195.9600067138672,199.4499969482422,195.3000030517578,199.02000427246094,182.95872497558594,4736300.0
2021-10-18,197.3800048828125,198.67999267578125,195.5500030517578,198.17999267578125,182.18653869628906,2809400.0
2021-10-19,198.60000610351562,201.47999572753906,198.4600067138672,201.13999938964844,184.9076385498047,2626900.0
2021-10-20,201.16000366210938,205.17999267578125,200.52999877929688,204.19000244140625,187.71151733398438,2936000.0
2021-10-21,201.60000610351562,202.3000030517578,199.74000549316406,202.13999938964844,185.8269500732422,3071300.0
2021-10-22,200.63999938964844,202.35000610351562,199.1999969482422,200.64999389648438,185.47567749023438,2632400.0
2021-10-25,201.27999877929688,203.30999755859375,200.50999450683594,202.2100067138672,186.91773986816406,3294700.0
2021-10-26,202.75,202.7899932861328,199.47000122070312,199.63999938964844,184.54209899902344,2933600.0
2021-10-27,200.25,200.42999267578125,195.9199981689453,196.1300048828125,181.29754638671875,3406700.0
2021-10-28,197.36000061035156,204.5,197.0500030517578,204.08999633789062,188.65554809570312,4462700.0
2021-10-29,207.99000549316406,209.75,203.24000549316406,204.00999450683594,188.58160400390625,4292200.0
2021-11-01,204.2899932861328,206.8800048828125,203.80999755859375,205.3800048828125,189.84799194335938,3215200.0
2021-11-02,205.75,207.80999755859375,203.0,207.1199951171875,191.45643615722656,3429600.0
2021-11-03,206.25999450683594,206.5800018310547,201.82000732421875,203.5500030517578,188.15635681152344,3137000.0
2021-11-04,204.0,204.88999938964844,202.61000061035156,203.58999633789062,188.19332885742188,2543500.0
2021-11-05,205.47999572753906,208.8800048828125,205.22999572753906,205.8800048828125,190.3101806640625,2591300.0
2021-11-08,215.88999938964844,216.47000122070312,211.25,214.25,198.0471954345703,5944700.0
2021-11-09,215.17999267578125,215.57000732421875,208.9600067138672,209.80999755859375,193.94296264648438,3310300.0
2021-11-10,209.27000427246094,209.9499969482422,206.42999267578125,206.6699981689453,191.0404510498047,3261800.0
2021-11-11,207.8800048828125,210.44000244140625,207.8800048828125,208.52999877929688,192.75975036621094,4819800.0
2021-11-12,209.35000610351562,210.69000244140625,208.3000030517578,209.27000427246094,193.44381713867188,2018000.0
2021-11-15,210.0,210.69000244140625,206.75999450683594,207.7100067138672,192.0017852783203,2392600.0
2021-11-16,208.0,208.17999267578125,205.25999450683594,205.42999267578125,189.8941650390625,2138000.0
2021-11-17,205.0,205.19000244140625,200.85000610351562,202.97999572753906,187.62950134277344,3135700.0
2021-11-18,203.27000427246094,203.7100067138672,200.66000366210938,201.4199981689453,186.18748474121094,2119900.0
2021-11-19,200.9199981689453,202.9199981689453,199.66000366210938,200.44000244140625,185.28155517578125,2980100.0
2021-11-22,201.49000549316406,204.52999877929688,200.08999633789062,202.3800048828125,187.07489013671875,2596500.0
2021-11-23,203.0500030517578,205.57000732421875,201.58999633789062,205.3300018310547,189.80177307128906,3127100.0
2021-11-24,203.66000366210938,208.25999450683594,203.0800018310547,207.07000732421875,191.41015625,3880500.0
2021-11-25,203.66000366210938,208.25999450683594,203.0800018310547,207.07000732421875,191.41015625,3880500.0
2021-11-26,201.0,201.4499969482422,196.61000061035156,198.72999572753906,183.7008819580078,3496000.0
2021-11-29,201.22999572753906,201.5,193.27999877929688,195.9199981689453,181.10337829589844,4559900.0
2021-11-30,193.83999633789062,196.77999877929688,191.5500030517578,193.35000610351562,178.72776794433594,6358000.0
2021-12-01,197.5800018310547,198.42999267578125,191.36000061035156,191.47000122070312,176.98995971679688,3425300.0
2021-12-02,192.30999755859375,197.6199951171875,191.80999755859375,196.7899932861328,181.9075927734375,3445700.0
2021-12-03,197.6699981689453,199.38999938964844,195.74000549316406,197.8000030517578,182.8412322998047,3250900.0
2021-12-06,199.5800018310547,203.25999450683594,198.33999633789062,201.27999877929688,186.05801391601562,2838400.0
2021-12-07,203.2899932861328,206.2100067138672,203.07000732421875,204.49000549316406,189.02532958984375,2818000.0
2021-12-08,204.41000366210938,206.1999969482422,203.61000061035156,204.19000244140625,188.7480010986328,2341200.0
2021-12-09,203.10000610351562,204.97000122070312,200.8800048828125,204.1300048828125,188.69253540039062,1646600.0
2021-12-10,205.39999389648438,205.89999389648438,202.11000061035156,203.4600067138672,188.07318115234375,3315200.0
2021-12-13,203.82000732421875,204.25,200.4499969482422,201.25,186.0303192138672,1868500.0
2021-12-14,200.0,203.97999572753906,199.8000030517578,201.63999938964844,186.39085388183594,2248800.0
2021-12-15,201.0,202.60000610351562,198.63999938964844,202.5500030517578,187.23199462890625,2193700.0
2021-12-16,205.0,208.22999572753906,204.64999389648438,206.1699981689453,190.57823181152344,2856800.0
2021-12-17,204.9499969482422,205.25,201.22999572753906,201.3699951171875,186.1412353515625,6079600.0
2021-12-20,197.5500030517578,197.5500030517578,193.05999755859375,195.4600067138672,180.67820739746094,3605100.0
2021-12-21,197.0,199.02000427246094,196.74000549316406,198.30999755859375,183.31268310546875,2303400.0
2021-12-22,200.97999572753906,203.39999389648438,200.8300018310547,202.14999389648438,186.86228942871094,3558700.0
2021-12-23,203.4199981689453,207.3000030517578,203.2899932861328,206.1999969482422,190.60597229003906,2669600.0
2021-12-24,203.4199981689453,207.3000030517578,203.2899932861328,206.1999969482422,190.60597229003906,2669600.0
2021-12-27,205.94000244140625,206.89999389648438,205.13999938964844,206.3800048828125,190.77236938476562,1711200.0
2021-12-28,206.17999267578125,208.25999450683594,206.13999938964844,206.6199951171875,190.9942169189453,1393000.0
2021-12-29,206.27000427246094,208.5500030517578,206.0800018310547,207.3300018310547,191.6505126953125,1334900.0
2021-12-30,207.3300018310547,208.91000366210938,205.92999267578125,206.0800018310547,190.4950714111328,1465900.0
2021-12-31,206.1999969482422,207.74000549316406,205.6699981689453,206.74000549316406,191.10513305664062,1374500.0
2022-01-03,207.3300018310547,208.60000610351562,205.8000030517578,207.0,191.34547424316406,2055600.0
2022-01-04,208.27999877929688,218.9199981689453,207.94000244140625,218.0800018310547,201.58753967285156,5242300.0
2022-01-05,218.17999267578125,223.36000061035156,218.17999267578125,219.75,203.13125610351562,5378200.0
2022-01-06,221.49000549316406,222.7100067138672,218.05999755859375,221.99000549316406,205.2018585205078,3913200.0
2022-01-07,222.5,225.97000122070312,222.22999572753906,224.19000244140625,207.23545837402344,3673400.0
2022-01-10,224.9499969482422,225.75,220.61000061035156,221.63999938964844,204.8782958984375,3734900.0
2022-01-11,222.0,222.08999633789062,216.58999633789062,219.9499969482422,203.31613159179688,2944300.0
2022-01-12,222.1199951171875,223.69000244140625,220.07000732421875,222.39999389648438,205.58084106445312,2506900.0
2022-01-13,222.88999938964844,227.8800048828125,222.63999938964844,227.0,209.8329620361328,5002300.0
2022-01-14,224.72000122070312,229.63999938964844,223.5800018310547,228.94000244140625,211.6262664794922,3970600.0
2022-01-17,224.72000122070312,229.63999938964844,223.5800018310547,228.94000244140625,211.6262664794922,3970600.0
2022-01-18,227.7100067138672,230.42999267578125,226.86000061035156,229.8699951171875,212.4859161376953,5411900.0
2022-01-19,229.66000366210938,229.80999755859375,220.92999267578125,221.66000366210938,205.8910369873047,4991700.0
2022-01-20,221.0800018310547,221.8699951171875,216.0399932861328,216.6300048828125,201.21884155273438,3545600.0
2022-01-21,217.50999450683594,217.50999450683594,212.4199981689453,214.08999633789062,198.8595428466797,3754700.0
2022-01-24,211.16000366210938,214.97000122070312,206.66000366210938,214.3300018310547,199.0824737548828,5107300.0
2022-01-25,212.0800018310547,216.8300018310547,207.10000610351562,214.30999755859375,199.0638885498047,4554300.0
2022-01-26,215.0,218.8800048828125,212.24000549316406,214.2899932861328,199.04531860351562,3558500.0
2022-01-27,215.2100067138672,217.89999389648438,210.14999389648438,212.1699981689453,197.07611083984375,3678100.0
2022-01-28,205.58999633789062,208.0,196.8000030517578,201.16000366210938,186.84938049316406,10747300.0
2022-01-31,199.4499969482422,201.60000610351562,194.67999267578125,201.55999755859375,187.22091674804688,6179000.0
2022-02-01,200.8000030517578,205.7899932861328,200.5399932861328,205.35000610351562,190.74130249023438,4026400.0
2022-02-02,203.1999969482422,205.8000030517578,201.39999389648438,204.94000244140625,190.36048889160156,3492300.0
2022-02-03,205.0,205.8699951171875,200.08999633789062,200.58999633789062,186.3199462890625,2748200.0
2022-02-04,200.2100067138672,201.00999450683594,196.49000549316406,198.41000366210938,184.2950439453125,3930800.0
2022-02-07,198.83999633789062,201.52999877929688,198.02999877929688,199.82000732421875,185.60470581054688,2402000.0
2022-02-08,200.25999450683594,202.30999755859375,199.22999572753906,201.5,187.1652069091797,2407100.0
2022-02-09,202.63999938964844,204.10000610351562,202.08999633789062,203.60000610351562,189.11582946777344,2743700.0
2022-02-10,202.57000732421875,206.75,201.55999755859375,203.07000732421875,188.62351989746094,3538500.0
2022-02-11,203.4199981689453,204.64999389648438,200.1300048828125,201.24000549316406,186.92367553710938,3826700.0
2022-02-14,200.9499969482422,201.6999969482422,198.11000061035156,199.88999938964844,185.66973876953125,2730500.0
2022-02-15,200.6999969482422,204.4499969482422,200.00999450683594,203.41000366210938,188.93934631347656,2752600.0
2022-02-16,203.11000061035156,205.4199981689453,203.0,203.63999938964844,189.15293884277344,2253900.0
2022-02-17,201.0,201.75999450683594,194.44000244140625,194.74000549316406,180.88613891601562,4699600.0
2022-02-18,193.36000061035156,195.6199951171875,191.17999267578125,191.9499969482422,178.29461669921875,4385200.0
2022-02-21,193.36000061035156,195.6199951171875,191.17999267578125,191.9499969482422,178.29461669921875,4385200.0
2022-02-22,191.9499969482422,194.89999389648438,190.5500030517578,191.2100067138672,177.60723876953125,3488000.0
2022-02-23,191.72000122070312,192.32000732421875,186.3699951171875,186.6699981689453,173.39016723632812,3550400.0
2022-02-24,182.02999877929688,185.27000427246094,179.6699981689453,184.69000244140625,171.55108642578125,5919500.0
2022-02-25,184.94000244140625,187.92999267578125,184.1199951171875,187.05999755859375,173.75244140625,3594600.0
2022-02-28,184.33999633789062,188.77000427246094,183.6699981689453,187.5800018310547,174.2354736328125,5168500.0
2022-03-01,187.77000427246094,188.22000122070312,180.63999938964844,182.8300018310547,169.8234100341797,5110600.0
2022-03-02,185.1999969482422,193.55999755859375,185.0,192.61000061035156,178.90760803222656,5849900.0
2022-03-03,193.32000732421875,196.5800018310547,192.33999633789062,194.85000610351562,180.98829650878906,4429700.0
2022-03-04,191.10000610351562,196.00999450683594,190.30999755859375,195.66000366210938,181.7406768798828,4334700.0
2022-03-07,194.7899932861328,203.5,193.6199951171875,196.6999969482422,182.7066650390625,6912300.0
2022-03-08,203.8699951171875,214.88999938964844,203.0,210.0,195.06048583984375,9318600.0
2022-03-09,212.57000732421875,213.60000610351562,207.4499969482422,209.77999877929688,194.85614013671875,4798300.0
2022-03-10,209.38999938964844,217.52000427246094,208.17999267578125,211.7899932861328,196.72314453125,4886300.0
2022-03-11,212.3000030517578,217.77000427246094,212.3000030517578,214.8300018310547,199.546875,4045500.0
2022-03-14,216.3000030517578,218.47999572753906,212.92999267578125,215.44000244140625,200.11349487304688,3530700.0
2022-03-15,216.1199951171875,217.3800048828125,210.50999450683594,216.4600067138672,201.0609588623047,4364200.0
2022-03-16,217.5,219.49000549316406,212.32000732421875,216.0800018310547,200.7080078125,4378700.0
2022-03-17,215.32000732421875,221.77999877929688,214.33999633789062,221.6999969482422,205.9281463623047,3600400.0
2022-03-18,219.47999572753906,221.6999969482422,218.0,220.91000366210938,205.19436645507812,4105100.0
2022-03-21,221.0,227.0500030517578,220.99000549316406,223.7100067138672,207.79518127441406,2902200.0
2022-03-22,224.4600067138672,225.85000610351562,221.33999633789062,222.7100067138672,206.86630249023438,2461500.0
2022-03-23,221.69000244140625,224.77999877929688,221.69000244140625,222.1699981689453,206.36471557617188,2001700.0
2022-03-24,222.5399932861328,225.0,221.50999450683594,222.2100067138672,206.40188598632812,2110900.0
2022-03-25,222.08999633789062,223.8000030517578,221.13999938964844,223.36000061035156,207.47007751464844,1581100.0
2022-03-28,222.33999633789062,222.67999267578125,219.0399932861328,221.85000610351562,206.0675048828125,3072500.0
2022-03-29,220.8000030517578,221.42999267578125,216.5399932861328,221.0399932861328,205.3151092529297,3667800.0
2022-03-30,222.0,225.8800048828125,220.6999969482422,223.0800018310547,207.2099609375,2507400.0
2022-03-31,223.2100067138672,225.19000244140625,222.42999267578125,222.82000732421875,206.96847534179688,3152100.0
2022-04-01,224.35000610351562,225.52000427246094,218.1699981689453,219.77000427246094,204.13546752929688,2618300.0
2022-04-04,219.16000366210938,221.35000610351562,216.60000610351562,220.80999755859375,205.1014862060547,2181300.0
2022-04-05,220.0,222.3699951171875,215.13999938964844,216.02000427246094,200.65223693847656,3582100.0
2022-04-06,215.1199951171875,217.1300048828125,213.5500030517578,216.2100067138672,200.82872009277344,2783300.0
2022-04-07,215.4600067138672,216.30999755859375,213.55999755859375,215.89999389648438,200.54080200195312,2253600.0
2022-04-08,215.7899932861328,217.8800048828125,214.02999877929688,217.02999877929688,201.59039306640625,2450200.0
2022-04-11,217.02999877929688,218.75999450683594,215.75,216.0500030517578,200.68014526367188,2494700.0
2022-04-12,215.4499969482422,219.47999572753906,214.97999572753906,216.6999969482422,201.2838592529297,2508200.0
2022-04-13,216.92999267578125,219.67999267578125,216.39999389648438,218.27000427246094,202.74217224121094,1898900.0
2022-04-14,219.91000366210938,229.22000122070312,218.61000061035156,227.80999755859375,211.60350036621094,5337900.0
2022-04-15,219.91000366210938,229.22000122070312,218.61000061035156,227.80999755859375,211.60350036621094,5337900.0
2022-04-18,228.0,234.3800048828125,228.0,229.9199981689453,213.5634002685547,3644000.0
2022-04-19,230.25,232.94000244140625,227.57000732421875,232.16000366210938,215.64405822753906,2689400.0
2022-04-20,233.5500030517578,236.3699951171875,232.5800018310547,235.0800018310547,218.35630798339844,2907700.0
2022-04-21,237.24000549316406,237.89999389648438,231.64999389648438,232.57000732421875,216.0248565673828,3571400.0
2022-04-22,228.39999389648438,229.7899932861328,215.60000610351562,216.3000030517578,201.8758544921875,5053700.0
2022-04-25,215.30999755859375,217.0,209.57000732421875,216.6999969482422,202.2491455078125,4145500.0
2022-04-26,216.1300048828125,218.1999969482422,209.35000610351562,210.3000030517578,196.27597045898438,4176700.0
2022-04-27,211.11000061035156,215.5500030517578,207.3000030517578,213.9600067138672,199.69186401367188,3358300.0
2022-04-28,207.42999267578125,212.9600067138672,202.0,212.44000244140625,198.27322387695312,6092800.0
2022-04-29,212.6999969482422,217.2100067138672,210.16000366210938,210.5399932861328,196.4999542236328,3404000.0
2022-05-02,210.0,212.77000427246094,207.66000366210938,212.07000732421875,197.92791748046875,2639500.0
2022-05-03,211.89999389648438,215.36000061035156,210.7899932861328,213.6199951171875,199.37457275390625,2121100.0
2022-05-04,214.9499969482422,223.2899932861328,213.8300018310547,222.58999633789062,207.7463836669922,3023700.0
2022-05-05,222.39999389648438,223.14999389648438,213.77000427246094,215.92999267578125,201.53050231933594,3005600.0
2022-05-06,217.00999450683594,217.00999450683594,210.35000610351562,214.64999389648438,200.3358612060547,2268400.0
2022-05-09,212.02999877929688,212.0500030517578,205.44000244140625,206.2899932861328,192.53338623046875,2929900.0
2022-05-10,208.24000549316406,209.52000427246094,201.38999938964844,202.99000549316406,189.45339965820312,3040400.0
2022-05-11,205.55999755859375,209.7100067138672,203.58999633789062,205.2100067138672,191.52537536621094,2552400.0
2022-05-12,203.61000061035156,205.33999633789062,199.3000030517578,203.02999877929688,189.49075317382812,3282000.0
2022-05-13,205.14999389648438,206.4600067138672,202.9199981689453,204.3300018310547,190.70407104492188,2323800.0
2022-05-16,205.02000427246094,209.2100067138672,203.67999267578125,207.19000244140625,193.37335205078125,2540800.0
2022-05-17,212.8000030517578,213.77000427246094,209.13999938964844,213.08999633789062,198.87991333007812,2275900.0
2022-05-18,213.83999633789062,217.89999389648438,207.52000427246094,207.94000244140625,194.07333374023438,4723300.0
2022-05-19,205.86000061035156,209.27999877929688,201.7100067138672,206.75999450683594,192.97201538085938,2887700.0
2022-05-20,206.4499969482422,206.6300048828125,194.0399932861328,197.82000732421875,184.62818908691406,5404500.0
2022-05-23,199.92999267578125,205.49000549316406,199.16000366210938,204.14999389648438,190.5360565185547,3246600.0
2022-05-24,202.00999450683594,205.6999969482422,201.2899932861328,205.64999389648438,191.93601989746094,2467800.0
2022-05-25,205.0,210.08999633789062,204.82000732421875,209.30999755859375,195.35195922851562,3080200.0
2022-05-26,211.5500030517578,213.63999938964844,210.39999389648438,212.99000549316406,198.78659057617188,2016000.0
2022-05-27,215.0,217.6300048828125,214.16000366210938,217.13999938964844,202.65980529785156,2020400.0
2022-05-30,215.0,217.6300048828125,214.16000366210938,217.13999938964844,202.65980529785156,2020400.0
2022-05-31,214.7899932861328,218.08999633789062,213.49000549316406,215.85000610351562,201.45584106445312,3773500.0
2022-06-01,218.4600067138672,219.0,214.3000030517578,217.57000732421875,203.06117248535156,2314000.0
2022-06-02,219.58999633789062,220.83999633789062,217.25,220.0,205.3291015625,1784100.0
2022-06-03,218.25,224.10000610351562,218.25,222.89999389648438,208.0356903076172,2222500.0
2022-06-06,222.89999389648438,224.75999450683594,222.25,223.6300048828125,208.71701049804688,1565400.0
2022-06-07,222.0,227.27000427246094,221.64999389648438,227.10000610351562,211.95559692382812,1799000.0
2022-06-08,225.2899932861328,232.35000610351562,224.6199951171875,229.8000030517578,214.47555541992188,4171300.0
2022-06-09,227.42999267578125,228.2100067138672,223.6199951171875,223.6699981689453,208.75436401367188,3045700.0
2022-06-10,219.5,220.22000122070312,215.00999450683594,215.17999267578125,200.8305206298828,2604100.0
2022-06-13,209.5800018310547,209.8699951171875,204.89999389648438,206.8800048828125,193.08399963378906,3559400.0
2022-06-14,208.05999755859375,209.72999572753906,205.27000427246094,206.69000244140625,192.9066925048828,2359000.0
2022-06-15,207.47999572753906,208.64999389648438,203.1300048828125,206.0,192.2626953125,2343100.0
2022-06-16,201.07000732421875,201.25,193.25,194.7899932861328,181.8002471923828,4789900.0
2022-06-17,195.67999267578125,197.74000549316406,190.8699951171875,192.63999938964844,179.7936553955078,7226100.0
2022-06-20,195.67999267578125,197.74000549316406,190.8699951171875,192.63999938964844,179.7936553955078,7226100.0
2022-06-21,197.10000610351562,198.4199981689453,193.8699951171875,196.3699951171875,183.27488708496094,2755400.0
2022-06-22,190.0,192.7899932861328,187.7100067138672,187.8300018310547,175.3043975830078,4008700.0
2022-06-23,186.5800018310547,187.22999572753906,176.02000427246094,178.6699981689453,166.75521850585938,6667900.0
2022-06-24,181.33999633789062,185.60000610351562,179.3699951171875,185.49000549316406,173.1204376220703,4868900.0
2022-06-27,188.0800018310547,190.0800018310547,185.82000732421875,187.58999633789062,175.08038330078125,3061100.0
2022-06-28,189.97000122070312,193.10000610351562,187.42999267578125,187.44000244140625,174.94039916992188,3327200.0
2022-06-29,187.32000732421875,187.57000732421875,182.1300048828125,183.47999572753906,171.24444580078125,2436900.0
2022-06-30,180.25999450683594,182.13999938964844,177.1199951171875,178.75999450683594,166.83920288085938,4197100.0
2022-07-01,179.30999755859375,181.32000732421875,173.72000122070312,178.2899932861328,166.40057373046875,3423100.0
2022-07-04,179.30999755859375,181.32000732421875,173.72000122070312,178.2899932861328,166.40057373046875,3423100.0
2022-07-05,173.77000427246094,174.4199981689453,170.60000610351562,173.75999450683594,162.17262268066406,3724900.0
2022-07-06,173.47999572753906,174.6699981689453,169.2899932861328,172.30999755859375,160.81935119628906,3190600.0
2022-07-07,182.5,182.5,176.3300018310547,180.27999877929688,168.25787353515625,4677600.0
2022-07-08,180.22999572753906,181.24000549316406,176.38999938964844,179.10000610351562,167.1565399169922,2491100.0
2022-07-11,177.41000366210938,179.77000427246094,174.6199951171875,175.02000427246094,163.34861755371094,2773300.0
2022-07-12,174.74000549316406,177.24000549316406,172.60000610351562,174.49000549316406,162.8539581298828,2718400.0
2022-07-13,172.25,175.25,171.86000061035156,173.8699951171875,162.2753448486328,2389000.0
2022-07-14,169.75,170.6999969482422,167.0800018310547,169.94000244140625,158.60739135742188,2531200.0
2022-07-15,172.25,173.3800048828125,169.1999969482422,173.3800048828125,161.81800842285156,2282100.0
2022-07-18,176.1300048828125,176.6999969482422,172.7100067138672,173.49000549316406,161.92063903808594,2476400.0
2022-07-19,173.89999389648438,179.6999969482422,172.8800048828125,179.49000549316406,168.6873321533203,2671400.0
2022-07-20,178.77999877929688,180.8000030517578,177.07000732421875,179.97000122070312,169.13844299316406,2175900.0
2022-07-21,178.4199981689453,181.07000732421875,176.47999572753906,180.99000549316406,170.09706115722656,2214500.0
2022-07-22,181.49000549316406,182.8000030517578,177.33999633789062,178.6199951171875,167.86968994140625,1961500.0
2022-07-25,179.1699981689453,182.60000610351562,177.77000427246094,181.80999755859375,170.86769104003906,1845600.0
2022-07-26,181.16000366210938,183.64999389648438,180.5800018310547,181.22999572753906,170.3225860595703,1767700.0
2022-07-27,182.9199981689453,186.17999267578125,180.32000732421875,185.25,174.10064697265625,1856500.0
2022-07-28,186.85000610351562,189.52000427246094,184.1999969482422,187.83999633789062,176.53477478027344,2229200.0
2022-07-29,189.19000244140625,199.49000549316406,189.1199951171875,198.25,186.31825256347656,5188100.0
2022-08-01,195.0800018310547,197.19000244140625,193.39999389648438,194.86000061035156,183.13223266601562,3185100.0
2022-08-02,188.0,189.47000122070312,183.16000366210938,183.50999450683594,172.4653778076172,8193100.0
2022-08-03,183.32000732421875,185.44000244140625,181.60000610351562,182.8699951171875,171.86387634277344,4155900.0
2022-08-04,182.86000061035156,185.92999267578125,181.1199951171875,183.63999938964844,172.58755493164062,2478900.0
2022-08-05,183.5800018310547,186.10000610351562,183.22999572753906,185.38999938964844,174.23223876953125,1908500.0
2022-08-08,186.77000427246094,188.0,184.16000366210938,185.80999755859375,174.62693786621094,2655000.0
2022-08-09,185.9499969482422,187.8800048828125,185.16000366210938,186.02999877929688,174.8336944580078,2460000.0
2022-08-10,188.72999572753906,191.52000427246094,187.4499969482422,190.72000122070312,179.24142456054688,2304300.0
2022-08-11,192.8300018310547,195.5800018310547,191.91000366210938,194.0,182.32398986816406,2538900.0
2022-08-12,194.88999938964844,196.97000122070312,193.8000030517578,196.83999633789062,184.9930877685547,1864800.0
2022-08-15,193.39999389648438,196.5,193.07000732421875,195.9499969482422,184.1566619873047,1752400.0
2022-08-16,195.32000732421875,198.39999389648438,194.9499969482422,197.52000427246094,185.63217163085938,1959300.0
2022-08-17,195.0,196.89999389648438,193.8699951171875,195.92999267578125,184.1378631591797,1576200.0
2022-08-18,197.0500030517578,197.6300048828125,195.25,197.35000610351562,185.47239685058594,1750900.0
2022-08-19,195.27000427246094,197.22000122070312,193.80999755859375,195.60000610351562,183.82772827148438,2003600.0
2022-08-22,193.11000061035156,193.92999267578125,191.5500030517578,191.75999450683594,180.21884155273438,2008900.0
2022-08-23,192.75,198.13999938964844,192.47999572753906,197.2100067138672,185.34085083007812,2444900.0
2022-08-24,197.55999755859375,198.67999267578125,193.4499969482422,194.16000366210938,182.4744110107422,2503200.0
2022-08-25,195.49000549316406,198.91000366210938,194.57000732421875,198.8800048828125,186.91033935546875,1888700.0
2022-08-26,199.39999389648438,200.3699951171875,191.72999572753906,191.9199981689453,180.36923217773438,2560400.0
2022-08-29,190.0,193.1699981689453,189.0,191.77999877929688,180.2376251220703,1996600.0
2022-08-30,191.5,191.9600067138672,184.58999633789062,186.94000244140625,175.68894958496094,2691200.0
2022-08-31,186.6300048828125,188.05999755859375,184.5,184.7100067138672,173.59317016601562,2656600.0
2022-09-01,182.27000427246094,183.2100067138672,180.10000610351562,182.44000244140625,171.45977783203125,2686200.0
2022-09-02,184.85000610351562,185.74000549316406,179.85000610351562,180.8300018310547,169.94668579101562,2185400.0
2022-09-05,184.85000610351562,185.74000549316406,179.85000610351562,180.8300018310547,169.94668579101562,2185400.0
2022-09-06,182.89999389648438,183.66000366210938,179.58999633789062,180.66000366210938,169.78688049316406,2141700.0
2022-09-07,179.11000061035156,181.83999633789062,178.19000244140625,180.86000061035156,169.9748992919922,2166900.0
2022-09-08,179.67999267578125,183.27999877929688,178.0800018310547,183.14999389648438,172.12701416015625,2245700.0
2022-09-09,187.5500030517578,189.75999450683594,187.22000122070312,189.49000549316406,178.08544921875,2279600.0
2022-09-12,190.85000610351562,192.6999969482422,190.61000061035156,192.39999389648438,180.8203125,1937200.0
2022-09-13,187.85000610351562,190.0500030517578,183.5,184.30999755859375,173.21722412109375,2207500.0
2022-09-14,183.9199981689453,185.13999938964844,181.8699951171875,184.64999389648438,173.53677368164062,2295000.0
2022-09-15,184.6699981689453,186.5399932861328,181.67999267578125,182.49000549316406,171.5067596435547,1933100.0
2022-09-16,180.0,180.33999633789062,177.77000427246094,179.47000122070312,168.6685333251953,5088300.0
2022-09-19,177.25,182.72999572753906,176.8000030517578,182.11000061035156,171.14964294433594,2923700.0
2022-09-20,180.58999633789062,180.72000122070312,176.30999755859375,177.99000549316406,167.27760314941406,2512400.0
2022-09-21,179.27999877929688,180.49000549316406,171.8800048828125,171.9499969482422,161.6011199951172,4061900.0
2022-09-22,172.6999969482422,174.6199951171875,170.2899932861328,170.5500030517578,160.28538513183594,2508400.0
2022-09-23,168.66000366210938,169.44000244140625,161.72999572753906,164.24000549316406,154.3551483154297,4047200.0
2022-09-26,164.0,165.85000610351562,162.22000122070312,162.6199951171875,152.83265686035156,3213400.0
2022-09-27,164.4600067138672,164.57000732421875,160.60000610351562,162.44000244140625,152.66348266601562,2753500.0
2022-09-28,164.5,168.47999572753906,163.5399932861328,167.75999450683594,157.6632843017578,3694800.0
2022-09-29,165.6999969482422,166.58999633789062,163.5399932861328,165.89999389648438,155.9152374267578,3518100.0
2022-09-30,165.88999938964844,167.77999877929688,163.88999938964844,164.0800018310547,154.2047882080078,2963000.0
2022-10-03,167.42999267578125,173.3699951171875,166.0500030517578,171.22999572753906,160.92445373535156,3444700.0
2022-10-04,174.3000030517578,180.19000244140625,174.2100067138672,179.6300048828125,168.81890869140625,4008200.0
2022-10-05,177.14999389648438,180.25999450683594,176.69000244140625,178.3800048828125,167.6441192626953,3067400.0
2022-10-06,177.41000366210938,180.97999572753906,176.88999938964844,178.80999755859375,168.0482177734375,2415000.0
2022-10-07,176.72000122070312,178.9600067138672,175.13999938964844,177.5500030517578,166.86407470703125,2759200.0
2022-10-10,179.80999755859375,181.16000366210938,176.07000732421875,178.6699981689453,167.91665649414062,2633900.0
2022-10-11,176.82000732421875,183.0800018310547,176.6699981689453,179.75,168.93170166015625,2542400.0
2022-10-12,179.47999572753906,181.1199951171875,178.77999877929688,179.5,168.69671630859375,2260800.0
2022-10-13,173.75,184.9499969482422,172.7100067138672,183.13999938964844,172.11764526367188,3745900.0
2022-10-14,183.75,184.3300018310547,177.52999877929688,178.19000244140625,167.46556091308594,2830200.0
2022-10-17,182.3000030517578,184.30999755859375,179.1999969482422,180.8000030517578,169.91848754882812,2940000.0
2022-10-18,184.89999389648438,185.52999877929688,180.91000366210938,183.5500030517578,172.5029754638672,2674000.0
2022-10-19,182.94000244140625,185.6999969482422,182.0,184.41000366210938,173.3112030029297,2088700.0
2022-10-20,184.5399932861328,185.74000549316406,180.4600067138672,180.5399932861328,169.67408752441406,2953900.0
2022-10-21,179.72999572753906,190.41000366210938,179.2100067138672,190.22000122070312,179.9677276611328,3483800.0
2022-10-24,188.64999389648438,192.13999938964844,188.4499969482422,191.3000030517578,180.9895477294922,2919500.0
2022-10-25,190.2899932861328,195.6699981689453,188.9199981689453,194.83999633789062,184.33872985839844,2545000.0
2022-10-26,198.3000030517578,199.5800018310547,194.57000732421875,196.9600067138672,186.3444366455078,3546000.0
2022-10-27,210.14999389648438,217.1300048828125,207.3699951171875,212.13999938964844,200.70631408691406,7872200.0
2022-10-28,212.5,219.5,211.2100067138672,219.33999633789062,207.5182647705078,5161000.0
2022-10-31,215.33999633789062,218.8699951171875,215.00999450683594,216.4600067138672,204.7935028076172,3786100.0
2022-11-01,218.6300048828125,219.47000122070312,216.7100067138672,218.5,206.72352600097656,2717500.0
2022-11-02,217.60000610351562,221.6999969482422,213.92999267578125,214.5399932861328,202.97695922851562,3150000.0
2022-11-03,211.5399932861328,221.7899932861328,211.36000061035156,219.25999450683594,207.44253540039062,3570400.0
2022-11-04,224.02000427246094,229.72999572753906,223.60000610351562,227.85000610351562,215.56959533691406,4973800.0
2022-11-07,228.0,229.1300048828125,222.6699981689453,228.61000061035156,216.28863525390625,3405600.0
2022-11-08,228.61000061035156,232.6300048828125,226.6699981689453,229.80999755859375,217.42396545410156,3676600.0
2022-11-09,226.07000732421875,229.13999938964844,225.05999755859375,225.5399932861328,213.3840789794922,6248300.0
2022-11-10,232.22000122070312,232.58999633789062,226.3300018310547,232.4499969482422,219.92166137695312,4590800.0
2022-11-11,233.0,238.39999389648438,232.0,236.49000549316406,223.74392700195312,3585400.0
2022-11-14,236.0,239.85000610351562,234.5,236.5,223.7533721923828,3217700.0
2022-11-15,237.10000610351562,239.39999389648438,232.75,234.58999633789062,221.9463348388672,3371000.0
2022-11-16,234.0,234.66000366210938,230.83999633789062,232.4199981689453,219.8932647705078,3062000.0
2022-11-17,227.75,230.52999877929688,225.50999450683594,230.44000244140625,218.02000427246094,3256900.0
2022-11-18,230.85000610351562,231.83999633789062,227.6300048828125,231.42999267578125,218.95663452148438,2868700.0
2022-11-21,231.5500030517578,233.6699981689453,228.27000427246094,232.1699981689453,219.65673828125,2522600.0
2022-11-22,234.0,237.47999572753906,233.36000061035156,237.25999450683594,224.47238159179688,2523300.0
2022-11-23,237.6300048828125,239.6300048828125,235.61000061035156,236.9199981689453,224.15072631835938,2311300.0
2022-11-24,237.6300048828125,239.6300048828125,235.61000061035156,236.9199981689453,224.15072631835938,2311300.0
2022-11-25,237.0,237.49000549316406,235.19000244140625,235.6999969482422,222.99649047851562,1034800.0
2022-11-28,233.94000244140625,234.9600067138672,231.57000732421875,232.3000030517578,219.77975463867188,2862100.0
2022-11-29,233.3000030517578,235.72999572753906,231.5500030517578,235.1199951171875,222.44778442382812,2277900.0
2022-11-30,235.89999389648438,236.75999450683594,230.7899932861328,236.41000366210938,223.66824340820312,3850000.0
2022-12-01,236.89999389648438,237.0,231.94000244140625,235.69000244140625,222.987060546875,2504700.0
2022-12-02,233.88999938964844,238.47000122070312,233.58999633789062,236.1300048828125,223.40335083007812,2218300.0
2022-12-05,234.8000030517578,235.91000366210938,232.25999450683594,232.57000732421875,220.03521728515625,2064500.0
2022-12-06,232.58999633789062,233.0500030517578,225.55999755859375,228.2899932861328,215.9858856201172,3633800.0
2022-12-07,227.0,229.83999633789062,225.77999877929688,228.97999572753906,216.638671875,3044000.0
2022-12-08,230.91000366210938,232.5,229.5399932861328,230.9199981689453,218.47412109375,2189400.0
2022-12-09,232.0,232.80999755859375,227.19000244140625,227.2899932861328,215.03976440429688,2257000.0
2022-12-12,227.5500030517578,233.39999389648438,227.02000427246094,233.05999755859375,220.49876403808594,2709200.0
2022-12-13,237.82000732421875,237.9199981689453,232.1300048828125,235.49000549316406,222.79783630371094,2945200.0
2022-12-14,236.05999755859375,238.22000122070312,233.1199951171875,234.47999572753906,221.8422393798828,3513800.0
2022-12-15,232.16000366210938,232.92999267578125,227.72000122070312,230.66000366210938,218.22816467285156,2953200.0
2022-12-16,228.6300048828125,233.22000122070312,228.0500030517578,232.72000122070312,220.17710876464844,7610700.0
2022-12-19,233.89999389648438,236.92999267578125,230.92999267578125,232.2899932861328,219.77029418945312,2622400.0
2022-12-20,232.44000244140625,235.72000122070312,231.86000061035156,235.13999938964844,222.46664428710938,2649900.0
2022-12-21,237.66000366210938,241.91000366210938,237.66000366210938,241.72999572753906,228.70147705078125,4143600.0
2022-12-22,240.14999389648438,240.8000030517578,233.0399932861328,237.5399932861328,224.73731994628906,3129900.0
2022-12-23,236.9499969482422,240.5399932861328,236.5,239.8699951171875,226.9417266845703,1959900.0
2022-12-26,236.9499969482422,240.5399932861328,236.5,239.8699951171875,226.9417266845703,1959900.0
2022-12-27,240.69000244140625,245.0500030517578,239.72000122070312,243.13999938964844,230.03549194335938,3381500.0
2022-12-28,243.13999938964844,243.82000732421875,238.27999877929688,239.3800048828125,226.47816467285156,2270000.0
2022-12-29,241.2100067138672,241.61000061035156,238.27000427246094,240.1999969482422,227.2539520263672,1652500.0
2022-12-30,239.38999938964844,240.16000366210938,237.6999969482422,239.55999755859375,226.64846801757812,1521100.0
2023-01-02,239.38999938964844,240.16000366210938,237.6999969482422,239.55999755859375,226.64846801757812,1521100.0
2023-01-03,240.67999267578125,240.67999267578125,236.1999969482422,238.8800048828125,226.005126953125,2651900.0
2023-01-04,240.0,242.1300048828125,238.5500030517578,241.36000061035156,228.35145568847656,2387900.0
2023-01-05,240.52999877929688,241.5399932861328,237.55999755859375,240.27999877929688,227.32968139648438,2355900.0
2023-01-06,242.88999938964844,249.91000366210938,242.24000549316406,248.86000061035156,235.44723510742188,3945100.0
2023-01-09,249.00999450683594,250.97000122070312,246.0,246.6199951171875,233.3279266357422,3417100.0
2023-01-10,246.9499969482422,250.83999633789062,246.4499969482422,250.50999450683594,237.00827026367188,3011900.0
2023-01-11,251.49000549316406,251.88999938964844,247.1300048828125,250.72999572753906,237.2164306640625,2402400.0
2023-01-12,252.0,257.3800048828125,251.00999450683594,255.07000732421875,241.32254028320312,3881500.0
2023-01-13,256.79998779296875,258.5799865722656,255.22999572753906,258.4599914550781,244.52978515625,3067800.0
2023-01-16,256.79998779296875,258.5799865722656,255.22999572753906,258.4599914550781,244.52978515625,3067800.0
2023-01-17,258.8599853515625,260.5,255.94000244140625,256.260009765625,242.44839477539062,4100100.0
2023-01-18,257.2799987792969,258.9100036621094,252.07000732421875,252.82000732421875,239.19378662109375,3361400.0
2023-01-19,250.47999572753906,251.25,244.3000030517578,245.75,233.6136474609375,4885200.0
2023-01-20,246.8699951171875,249.9199981689453,244.75999450683594,249.7100067138672,237.3781280517578,2964100.0
2023-01-23,250.75,253.67999267578125,249.27000427246094,252.6999969482422,240.22044372558594,2610200.0
2023-01-24,252.8800048828125,259.04998779296875,249.75,257.6099853515625,244.88795471191406,3505100.0
2023-01-25,254.52999877929688,259.19000244140625,254.32000732421875,258.44000244140625,245.67697143554688,2424900.0
2023-01-26,260.0,262.260009765625,256.8900146484375,262.1199951171875,249.1752166748047,2677200.0
2023-01-27,262.4599914550781,266.0400085449219,262.1199951171875,264.5400085449219,251.47572326660156,2783000.0
2023-01-30,263.3399963378906,265.0,261.30999755859375,261.5,248.58584594726562,3426900.0
2023-01-31,257.0,257.3900146484375,246.41000366210938,252.2899932861328,239.83067321777344,10992100.0
2023-02-01,251.75,252.6999969482422,245.30999755859375,249.5399932861328,237.2165069580078,6022000.0
2023-02-02,249.3300018310547,249.52999877929688,241.8000030517578,244.89999389648438,232.80563354492188,6130300.0
2023-02-03,244.0,250.9499969482422,243.1300048828125,247.75999450683594,235.52442932128906,4134700.0
2023-02-06,248.11000061035156,252.13999938964844,248.0,251.4199981689453,239.00367736816406,3528800.0
2023-02-07,250.5500030517578,252.0,245.35000610351562,249.66000366210938,237.33058166503906,3467900.0
2023-02-08,248.10000610351562,251.55999755859375,247.0800018310547,248.8699951171875,236.57957458496094,2300300.0
2023-02-09,250.0,251.97000122070312,245.47999572753906,246.27999877929688,234.11749267578125,2464900.0
2023-02-10,246.27999877929688,248.6300048828125,244.63999938964844,247.6699981689453,235.43882751464844,2820300.0
2023-02-13,243.5,248.3800048828125,242.64999389648438,248.14999389648438,235.89512634277344,3068100.0
2023-02-14,247.00999450683594,247.30999755859375,241.64999389648438,244.36000061035156,232.2923126220703,2512900.0
2023-02-15,244.1999969482422,248.77000427246094,243.22999572753906,248.6999969482422,236.41799926757812,2398200.0
2023-02-16,246.5,248.52999877929688,244.52000427246094,246.52000427246094,234.34564208984375,1934900.0
2023-02-17,247.86000061035156,250.86000061035156,245.6300048828125,247.7899932861328,235.55291748046875,3759300.0
2023-02-20,247.86000061035156,250.86000061035156,245.6300048828125,247.7899932861328,235.55291748046875,3759300.0
2023-02-21,244.5,248.0,239.75,240.7100067138672,228.82254028320312,3105900.0
2023-02-22,241.19000244140625,242.22999572753906,236.4199981689453,237.88999938964844,226.141845703125,3145200.0
2023-02-23,240.6699981689453,240.8300018310547,235.60000610351562,237.9499969482422,226.19886779785156,3219000.0
2023-02-24,235.22999572753906,236.69000244140625,233.02000427246094,236.1699981689453,224.5067901611328,2105500.0
2023-02-27,239.10000610351562,241.25,238.72000122070312,239.97999572753906,228.1286163330078,1720900.0
2023-02-28,240.94000244140625,241.10000610351562,238.7100067138672,239.5500030517578,227.7198486328125,2647700.0
2023-03-01,242.00999450683594,249.6999969482422,241.57000732421875,248.6699981689453,236.3894500732422,4117700.0
2023-03-02,246.50999450683594,252.49000549316406,246.1300048828125,252.17999267578125,239.72610473632812,2676500.0
2023-03-03,252.38999938964844,255.39999389648438,249.91000366210938,255.30999755859375,242.70156860351562,2314700.0
2023-03-06,255.64999389648438,255.6999969482422,251.5800018310547,253.97999572753906,241.43724060058594,2317100.0
2023-03-07,254.0500030517578,254.75,245.9499969482422,246.13999938964844,233.9844207763672,3018400.0
2023-03-08,247.99000549316406,251.11000061035156,246.75,248.72000122070312,236.43699645996094,2068600.0
2023-03-09,248.9499969482422,250.1300048828125,240.61000061035156,240.9600067138672,229.06021118164062,2518800.0
2023-03-10,236.30999755859375,238.1300048828125,225.8000030517578,227.00999450683594,215.79913330078125,5767500.0
2023-03-13,222.5800018310547,228.3300018310547,221.5399932861328,224.6999969482422,213.60321044921875,4885100.0
2023-03-14,228.99000549316406,229.58999633789062,222.1999969482422,225.6699981689453,214.5253143310547,3754900.0
2023-03-15,219.39999389648438,221.17999267578125,212.57000732421875,217.25999450683594,206.53060913085938,5471700.0
2023-03-16,215.6699981689453,219.80999755859375,213.32000732421875,218.7100067138672,207.90902709960938,3555000.0
2023-03-17,217.39999389648438,217.39999389648438,211.42999267578125,215.00999450683594,204.39175415039062,7203000.0
2023-03-20,217.35000610351562,221.8699951171875,216.47999572753906,220.30999755859375,209.43003845214844,3464200.0
2023-03-21,224.05999755859375,226.0,223.61000061035156,224.9199981689453,213.8123321533203,3074600.0
2023-03-22,225.1699981689453,226.58999633789062,219.86000061035156,219.9499969482422,209.08778381347656,2930200.0
2023-03-23,220.50999450683594,225.3000030517578,217.60000610351562,219.44000244140625,208.6029815673828,2957400.0
2023-03-24,216.85000610351562,217.42999267578125,213.13999938964844,217.00999450683594,206.29298400878906,2976800.0
2023-03-27,214.92999267578125,218.9600067138672,213.9199981689453,218.0,207.23406982421875,3209500.0
2023-03-28,218.14999389648438,220.55999755859375,217.7100067138672,220.16000366210938,209.28744506835938,1802000.0
2023-03-29,222.74000549316406,223.22000122070312,221.5,223.0,211.98716735839844,1857300.0
2023-03-30,225.0500030517578,226.33999633789062,223.99000549316406,224.5399932861328,213.4510955810547,1921100.0
2023-03-31,226.3800048828125,229.05999755859375,224.89999389648438,228.83999633789062,217.53878784179688,2746700.0
2023-04-03,230.00999450683594,233.85000610351562,228.86000061035156,229.8699951171875,218.5178985595703,2242500.0
2023-04-04,228.89999389648438,229.49000549316406,216.25,217.4499969482422,206.7112274169922,4282100.0
2023-04-05,216.1999969482422,217.8800048828125,211.5500030517578,213.52999877929688,202.98483276367188,4265300.0
2023-04-06,212.6699981689453,213.0,208.94000244140625,209.1699981689453,198.84017944335938,4180100.0
2023-04-07,212.6699981689453,213.0,208.94000244140625,209.1699981689453,198.84017944335938,4180100.0
2023-04-10,210.22000122070312,216.08999633789062,209.32000732421875,215.52999877929688,204.88607788085938,3839000.0
2023-04-11,216.1699981689453,222.89999389648438,216.1699981689453,220.60000610351562,209.7056884765625,3882000.0
2023-04-12,222.14999389648438,223.22000122070312,219.88999938964844,220.5,209.61062622070312,2385100.0
2023-04-13,219.94000244140625,222.17999267578125,216.66000366210938,221.6699981689453,210.7228546142578,2909100.0
2023-04-14,222.99000549316406,225.8300018310547,221.44000244140625,223.67999267578125,212.63356018066406,2246900.0
2023-04-17,225.00999450683594,226.9199981689453,224.3000030517578,225.24000549316406,214.11654663085938,1751800.0
2023-04-18,225.55999755859375,227.5,224.05999755859375,225.1999969482422,214.07852172851562,2567100.0
2023-04-19,224.8000030517578,225.14999389648438,222.41000366210938,224.64999389648438,213.55567932128906,2078400.0
2023-04-20,222.4199981689453,224.22000122070312,220.92999267578125,222.27000427246094,211.29324340820312,2826800.0
2023-04-21,220.6699981689453,220.99000549316406,217.5,220.27000427246094,210.5286102294922,2712500.0
2023-04-24,220.52999877929688,223.69000244140625,220.52999877929688,223.42999267578125,213.54884338378906,2790700.0
2023-04-25,222.36000061035156,223.22999572753906,218.27000427246094,218.6300048828125,208.9611358642578,2505600.0
2023-04-26,217.72999572753906,220.38999938964844,216.1199951171875,216.19000244140625,206.6290283203125,3254700.0
2023-04-27,210.47999572753906,216.0800018310547,204.0399932861328,214.3300018310547,204.851318359375,7711100.0
2023-04-28,213.24000549316406,220.55999755859375,213.0,218.8000030517578,209.1236114501953,4669500.0
2023-05-01,219.33999633789062,221.9600067138672,216.52999877929688,217.27000427246094,207.6613006591797,2876400.0
2023-05-02,217.11000061035156,217.11000061035156,210.58999633789062,215.14999389648438,205.635009765625,2858000.0
2023-05-03,215.63999938964844,219.1699981689453,214.86000061035156,215.63999938964844,206.10336303710938,2635100.0
2023-05-04,216.0500030517578,216.92999267578125,209.3300018310547,210.3800048828125,201.0760040283203,3211000.0
2023-05-05,213.58999633789062,215.67999267578125,212.39999389648438,215.08999633789062,205.5776824951172,2716600.0
2023-05-08,216.44000244140625,218.11000061035156,213.6300048828125,214.7899932861328,205.29095458984375,2414100.0
2023-05-09,213.74000549316406,215.38999938964844,211.9499969482422,213.49000549316406,204.04847717285156,4111900.0
2023-05-10,215.42999267578125,215.99000549316406,210.19000244140625,213.1699981689453,203.74258422851562,2446100.0
2023-05-11,209.0,210.27999877929688,208.4199981689453,210.02999877929688,200.74148559570312,3263300.0
2023-05-12,211.7100067138672,212.5500030517578,207.92999267578125,209.5399932861328,200.27310180664062,2172600.0
2023-05-15,210.30999755859375,213.30999755859375,209.14999389648438,211.2899932861328,201.94573974609375,1925600.0
2023-05-16,210.0500030517578,210.27000427246094,207.0500030517578,207.1999969482422,198.03662109375,2771500.0
2023-05-17,209.27999877929688,213.83999633789062,208.64999389648438,212.10000610351562,202.71990966796875,2897400.0
2023-05-18,211.0,215.66000366210938,210.22999572753906,214.72000122070312,205.2240447998047,2643600.0
2023-05-19,219.4600067138672,219.88999938964844,212.9499969482422,214.77999877929688,205.2814178466797,4402100.0
2023-05-22,214.25,217.16000366210938,211.88999938964844,214.25999450683594,204.7843780517578,2540600.0
2023-05-23,213.1999969482422,215.25999450683594,211.35000610351562,212.7100067138672,203.30294799804688,2298300.0
2023-05-24,211.80999755859375,212.47999572753906,209.22000122070312,209.6999969482422,200.4260711669922,2964000.0
2023-05-25,209.69000244140625,211.7899932861328,208.60000610351562,209.97999572753906,200.69366455078125,2243600.0
2023-05-26,211.74000549316406,213.27999877929688,210.2100067138672,211.8000030517578,202.43316650390625,1973900.0
2023-05-29,211.74000549316406,213.27999877929688,210.2100067138672,211.8000030517578,202.43316650390625,1973900.0
2023-05-30,211.17999267578125,212.88999938964844,208.25,209.89999389648438,200.61720275878906,2885900.0
2023-05-31,209.1300048828125,210.77999877929688,205.60000610351562,205.75,196.65077209472656,5937000.0
2023-06-01,207.67999267578125,210.57000732421875,206.0399932861328,209.07000732421875,199.8239288330078,2989100.0
2023-06-02,214.9499969482422,227.77999877929688,214.00999450683594,226.6300048828125,216.60733032226562,8358200.0
2023-06-05,226.99000549316406,226.99000549316406,220.75,222.47000122070312,212.6313018798828,3438400.0
2023-06-06,221.86000061035156,228.27000427246094,221.4499969482422,226.67999267578125,216.6551055908203,3230100.0
2023-06-07,227.80999755859375,236.36000061035156,226.27999877929688,235.5500030517578,225.13284301757812,5586400.0
2023-06-08,234.5399932861328,236.27999877929688,231.74000549316406,234.4499969482422,224.0814971923828,3546800.0
2023-06-09,235.6999969482422,235.80999755859375,231.42999267578125,235.02999877929688,224.63583374023438,2488500.0
2023-06-12,235.22999572753906,238.88999938964844,233.32000732421875,237.89999389648438,227.3789520263672,3644200.0
2023-06-13,240.0800018310547,246.67999267578125,239.67999267578125,245.44000244140625,234.58546447753906,4335100.0
2023-06-14,246.8000030517578,248.32000732421875,241.57000732421875,243.32000732421875,232.5592498779297,3122400.0
2023-06-15,244.0,248.3800048828125,243.47999572753906,247.6699981689453,236.71681213378906,2743900.0
2023-06-16,249.39999389648438,250.88999938964844,244.97000122070312,245.27000427246094,234.42295837402344,5261200.0
2023-06-19,249.39999389648438,250.88999938964844,244.97000122070312,245.27000427246094,234.42295837402344,5261200.0
2023-06-20,242.3300018310547,243.22000122070312,240.5500030517578,241.14999389648438,230.4851837158203,2979800.0
2023-06-21,238.83999633789062,245.25999450683594,238.02999877929688,241.47999572753906,230.80059814453125,2892500.0
2023-06-22,240.22999572753906,240.97999572753906,235.9499969482422,237.33999633789062,226.8437042236328,2421600.0
2023-06-23,234.44000244140625,235.86000061035156,231.27999877929688,234.44000244140625,224.07196044921875,3354000.0
2023-06-26,235.4600067138672,239.6199951171875,235.1300048828125,236.9499969482422,226.47091674804688,1748300.0
2023-06-27,237.47999572753906,240.83999633789062,235.32000732421875,240.69000244140625,230.0455322265625,2283000.0
2023-06-28,239.2899932861328,242.0500030517578,237.86000061035156,241.8699951171875,231.17333984375,2200100.0
2023-06-29,241.94000244140625,246.86000061035156,241.3699951171875,244.24000549316406,233.43853759765625,2070000.0
2023-06-30,246.57000732421875,246.92999267578125,243.88999938964844,246.0500030517578,235.16847229003906,2377900.0
2023-07-03,245.9499969482422,248.38999938964844,245.27000427246094,247.3300018310547,236.39187622070312,1045700.0
2023-07-04,245.9499969482422,248.38999938964844,245.27000427246094,247.3300018310547,236.39187622070312,1045700.0
2023-07-05,245.0,247.5,244.1199951171875,244.8300018310547,234.00244140625,1820600.0
2023-07-06,242.75,243.8699951171875,238.83999633789062,240.5800018310547,229.94041442871094,3079700.0
2023-07-07,240.19000244140625,247.8000030517578,240.11000061035156,245.17999267578125,234.33697509765625,2903900.0
2023-07-10,244.50999450683594,249.36000061035156,244.08999633789062,248.80999755859375,237.80642700195312,2771900.0
2023-07-11,249.83999633789062,254.47000122070312,249.83999633789062,252.85000610351562,241.66775512695312,3293300.0
2023-07-12,255.49000549316406,257.6400146484375,251.44000244140625,253.60000610351562,242.38458251953125,2986200.0
2023-07-13,254.55999755859375,256.4599914550781,252.74000549316406,255.86000061035156,244.54466247558594,1949400.0
2023-07-14,256.4800109863281,256.4800109863281,252.91000366210938,255.6199951171875,244.3152618408203,1936800.0
2023-07-17,254.27000427246094,258.8500061035156,252.00999450683594,257.4599914550781,246.07388305664062,2674500.0
2023-07-18,257.6300048828125,264.1600036621094,256.92999267578125,263.80999755859375,252.14306640625,3832400.0
2023-07-19,260.1400146484375,262.9200134277344,259.70001220703125,262.75,252.37359619140625,2771900.0
2023-07-20,264.1700134277344,265.3999938964844,260.44000244140625,261.0899963378906,250.7791748046875,2102300.0
2023-07-21,261.75,261.760009765625,257.510009765625,257.6499938964844,247.4749755859375,2249900.0
2023-07-24,258.29998779296875,262.44000244140625,258.1000061035156,259.3699951171875,249.12710571289062,2195300.0
2023-07-25,260.1000061035156,263.8800048828125,259.44000244140625,262.05999755859375,251.71083068847656,2016600.0
2023-07-26,260.5299987792969,262.5400085449219,257.25,258.32000732421875,248.11854553222656,2622800.0
2023-07-27,258.9700012207031,261.1000061035156,256.82000732421875,258.29998779296875,248.09930419921875,2284400.0
2023-07-28,259.92999267578125,262.9800109863281,258.989990234375,260.42999267578125,250.1451873779297,2101200.0
2023-07-31,262.75,265.2099914550781,261.6600036621094,265.1700134277344,254.69801330566406,3568700.0
2023-08-01,272.75,288.7799987792969,270.5,288.6499938964844,277.2507629394531,11823200.0
2023-08-02,287.75,293.8800048828125,286.0899963378906,287.57000732421875,276.2134094238281,6288300.0
2023-08-03,285.5400085449219,287.94000244140625,281.04998779296875,281.45001220703125,270.3350830078125,4743500.0
2023-08-04,283.20001220703125,283.5,275.3599853515625,276.44000244140625,265.52294921875,3888200.0
2023-08-07,277.1199951171875,281.9599914550781,275.8900146484375,281.6499938964844,270.5271911621094,2438200.0
2023-08-08,278.0,283.95001220703125,274.7799987792969,282.8900146484375,271.7182312011719,2519500.0
2023-08-09,284.6600036621094,287.1199951171875,283.8800048828125,284.5299987792969,273.29345703125,3088600.0
2023-08-10,284.489990234375,287.6600036621094,281.19000244140625,283.82000732421875,272.6114501953125,2647100.0
2023-08-11,283.94000244140625,286.0400085449219,282.6099853515625,285.2200012207031,273.9562072753906,1874100.0
2023-08-14,284.05999755859375,285.6000061035156,281.2699890136719,284.5400085449219,273.3030700683594,2194000.0
2023-08-15,282.5199890136719,282.6400146484375,277.04998779296875,277.3699951171875,266.4161682128906,2593600.0
2023-08-16,277.0,281.7099914550781,274.0799865722656,274.510009765625,263.6692199707031,2831300.0
2023-08-17,277.0199890136719,279.54998779296875,274.6600036621094,275.1700134277344,264.3030700683594,2534700.0
2023-08-18,273.010009765625,275.69000244140625,271.1099853515625,273.79998779296875,262.9872131347656,2533000.0
2023-08-21,274.75,276.239990234375,268.79998779296875,272.75,261.9786682128906,2207400.0
2023-08-22,273.94000244140625,274.1300048828125,269.6700134277344,270.20001220703125,259.52935791015625,1668800.0
2023-08-23,270.29998779296875,273.760009765625,269.1099853515625,273.0299987792969,262.2475891113281,1677800.0
2023-08-24,271.6000061035156,274.69000244140625,269.20001220703125,269.29998779296875,258.6649169921875,1433600.0
2023-08-25,271.5199890136719,273.6199951171875,268.8299865722656,272.55999755859375,261.7961120605469,1291700.0
2023-08-28,273.5,277.0,273.0400085449219,274.7900085449219,263.9381408691406,1550700.0
2023-08-29,275.0,280.1300048828125,273.42999267578125,280.0299987792969,268.9711608886719,2065800.0
2023-08-30,280.0299987792969,283.80999755859375,279.80999755859375,282.3299865722656,271.1802978515625,1431000.0
2023-08-31,283.6400146484375,284.80999755859375,280.8399963378906,281.1300048828125,270.0277099609375,2579000.0
2023-09-01,284.79998779296875,287.07000732421875,283.6499938964844,286.25,274.9455261230469,2336600.0
2023-09-04,284.79998779296875,287.07000732421875,283.6499938964844,286.25,274.9455261230469,2336600.0
2023-09-05,286.3399963378906,289.4100036621094,281.3800048828125,281.6300048828125,270.5079650878906,2515600.0
2023-09-06,280.4200134277344,284.4700012207031,279.0400085449219,282.8999938964844,271.7277526855469,1688900.0
2023-09-07,280.92999267578125,283.4800109863281,277.6499938964844,281.42999267578125,270.31585693359375,1593200.0
2023-09-08,281.57000732421875,283.3900146484375,279.1199951171875,282.2799987792969,271.13226318359375,1240100.0
2023-09-11,284.55999755859375,285.0,279.95001220703125,282.04998779296875,270.9113464355469,1515300.0
2023-09-12,280.260009765625,284.7099914550781,279.82000732421875,281.80999755859375,270.68084716796875,1587300.0
2023-09-13,280.2099914550781,282.739990234375,273.0299987792969,275.9200134277344,265.0234375,2119300.0
2023-09-14,279.0,283.17999267578125,277.8299865722656,282.55999755859375,271.40118408203125,2660500.0
2023-09-15,281.8699951171875,281.8699951171875,277.3299865722656,279.1499938964844,268.1258850097656,4940900.0
2023-09-18,279.05999755859375,282.75,278.8500061035156,280.94000244140625,269.8452453613281,1363200.0
2023-09-19,280.0799865722656,283.5,277.6499938964844,279.6700134277344,268.6253967285156,2313500.0
2023-09-20,281.5,286.6000061035156,278.0799865722656,278.6099853515625,267.60723876953125,2380300.0
2023-09-21,276.2099914550781,276.2099914550781,271.6000061035156,272.0299987792969,261.287109375,2277600.0
2023-09-22,272.010009765625,275.1000061035156,271.6099853515625,273.05999755859375,262.2764587402344,1707800.0
2023-09-25,270.75,274.8299865722656,270.07000732421875,274.2699890136719,263.4386291503906,1257400.0
2023-09-26,271.1499938964844,273.4200134277344,269.1499938964844,269.5199890136719,258.8762512207031,1756400.0
2023-09-27,271.0,274.2300109863281,269.20001220703125,272.7099914550781,261.94024658203125,1991600.0
2023-09-28,273.489990234375,278.25,272.2200012207031,276.239990234375,265.3308410644531,1994700.0
2023-09-29,279.0799865722656,279.54998779296875,271.3599853515625,273.0,262.21881103515625,2257800.0
2023-10-02,272.6400146484375,276.80999755859375,270.239990234375,271.7200012207031,260.9893493652344,1778200.0
2023-10-03,271.2099914550781,273.5799865722656,267.5400085449219,268.9700012207031,258.34796142578125,2187900.0
2023-10-04,267.5,267.82000732421875,262.7799987792969,265.0299987792969,254.56353759765625,2970100.0
2023-10-05,263.8999938964844,265.94000244140625,260.42999267578125,260.79998779296875,250.50057983398438,2639300.0
2023-10-06,261.57000732421875,268.4200134277344,258.2699890136719,266.0400085449219,255.53369140625,2293400.0
2023-10-09,266.0400085449219,271.6099853515625,264.6499938964844,271.29998779296875,260.5859069824219,1640800.0
2023-10-10,272.6499938964844,275.1000061035156,271.8299865722656,273.2099914550781,262.42047119140625,2009000.0
2023-10-11,273.5299987792969,274.4100036621094,269.8999938964844,272.8299865722656,262.0555725097656,1538200.0
2023-10-12,273.79998779296875,273.79998779296875,266.19000244140625,269.6099853515625,258.962646484375,1910500.0
2023-10-13,270.489990234375,273.94000244140625,266.1000061035156,267.94000244140625,257.3586120605469,1918300.0
2023-10-16,272.1199951171875,273.9700012207031,269.5799865722656,270.7900085449219,260.0960693359375,1678600.0
2023-10-17,268.5799865722656,275.55999755859375,268.5799865722656,272.6499938964844,261.88262939453125,2110100.0
2023-10-18,268.5,269.0,258.75,259.2200012207031,248.98297119140625,4257100.0
2023-10-19,257.9100036621094,260.0,251.75999450683594,252.88999938964844,242.90293884277344,3850000.0
2023-10-20,251.30999755859375,253.49000549316406,248.16000366210938,249.1999969482422,240.59548950195312,3103500.0
2023-10-23,247.6300048828125,251.61000061035156,246.55999755859375,247.32000732421875,238.78042602539062,3193200.0
2023-10-24,250.25,251.72000122070312,247.25,249.5500030517578,240.93341064453125,2304600.0
2023-10-25,249.8699951171875,250.77000427246094,244.5,244.94000244140625,236.4826202392578,2542400.0
2023-10-26,245.52999877929688,246.72999572753906,240.41000366210938,242.42999267578125,234.0592498779297,3859200.0
2023-10-27,243.0500030517578,243.9199981689453,237.86000061035156,238.55999755859375,230.32289123535156,3229900.0
2023-10-30,240.94000244140625,243.60000610351562,239.17999267578125,242.16000366210938,233.79859924316406,4478300.0
2023-10-31,227.64999389648438,230.5399932861328,223.75999450683594,226.0500030517578,218.24484252929688,12093300.0
2023-11-01,225.11000061035156,232.64999389648438,223.9199981689453,231.8300018310547,223.8252716064453,4932800.0
2023-11-02,235.8000030517578,239.58999633789062,232.8800048828125,239.1199951171875,230.86354064941406,7749900.0
2023-11-03,241.50999450683594,244.24000549316406,238.17999267578125,240.75,232.43727111816406,3929500.0
2023-11-06,241.50999450683594,242.9199981689453,236.36000061035156,238.27999877929688,230.05255126953125,2891500.0
2023-11-07,234.5800018310547,237.13999938964844,233.57000732421875,234.9199981689453,226.8085479736328,4074000.0
2023-11-08,236.0,237.7899932861328,234.4499969482422,234.82000732421875,226.71202087402344,2532500.0
2023-11-09,237.44000244140625,239.27999877929688,233.82000732421875,234.14999389648438,226.06512451171875,2708800.0
2023-11-10,235.33999633789062,240.14999389648438,234.6199951171875,239.67999267578125,231.40420532226562,2525200.0
2023-11-13,238.8800048828125,243.30999755859375,238.8800048828125,241.6699981689453,233.3254852294922,3035700.0
2023-11-14,246.75,249.5500030517578,244.69000244140625,247.86000061035156,239.30177307128906,3441800.0
2023-11-15,249.52000427246094,252.92999267578125,248.60000610351562,251.08999633789062,242.4202423095703,3739900.0
2023-11-16,250.5,252.9199981689453,246.60000610351562,248.2100067138672,239.63967895507812,2625000.0
2023-11-17,250.08999633789062,254.25999450683594,250.0,253.07000732421875,244.3318634033203,2792500.0
2023-11-20,252.61000061035156,252.89999389648438,248.66000366210938,250.4499969482422,241.80230712890625,2661400.0
2023-11-21,249.44000244140625,249.85000610351562,248.32000732421875,249.41000366210938,240.7982635498047,1765500.0
2023-11-22,241.83999633789062,247.6300048828125,241.80999755859375,246.00999450683594,237.515625,3593700.0
2023-11-23,241.83999633789062,247.6300048828125,241.80999755859375,246.00999450683594,237.515625,3593700.0
2023-11-24,246.75,248.89999389648438,246.6999969482422,247.36000061035156,238.8190155029297,982200.0
2023-11-27,246.9600067138672,248.22000122070312,246.32000732421875,247.38999938964844,238.8479766845703,1743300.0
2023-11-28,247.74000549316406,248.8699951171875,246.00999450683594,247.5,238.95419311523438,2149900.0
2023-11-29,249.67999267578125,251.5800018310547,248.30999755859375,249.4499969482422,240.83685302734375,2224700.0
2023-11-30,251.0399932861328,251.5,247.83999633789062,250.72000122070312,242.06301879882812,3210500.0
2023-12-01,251.91000366210938,257.44000244140625,251.00999450683594,256.760009765625,247.8944854736328,3731500.0
2023-12-04,253.57000732421875,255.52999877929688,252.4199981689453,254.75,245.953857421875,3028700.0
2023-12-05,253.77999877929688,257.20001220703125,253.77999877929688,255.19000244140625,246.378662109375,2682200.0
2023-12-06,256.79998779296875,261.010009765625,255.57000732421875,255.97000122070312,247.13172912597656,3632600.0
2023-12-07,257.2099914550781,259.3800048828125,255.80999755859375,257.4100036621094,248.52203369140625,2162500.0
2023-12-08,257.3800048828125,261.6400146484375,257.0,259.5,250.53982543945312,3258200.0
2023-12-11,259.8399963378906,262.239990234375,259.5,260.9200134277344,251.91082763671875,2898300.0
2023-12-12,259.989990234375,262.489990234375,259.1199951171875,261.42999267578125,252.40321350097656,2375700.0
2023-12-13,261.3999938964844,268.2300109863281,259.2799987792969,267.9700012207031,258.7174072265625,3708300.0
2023-12-14,272.45001220703125,285.4599914550781,270.54998779296875,285.1700134277344,275.3235168457031,6464100.0
2023-12-15,280.1000061035156,286.8500061035156,279.9800109863281,285.739990234375,275.8738098144531,7321200.0
2023-12-18,286.739990234375,288.8800048828125,284.57000732421875,285.7099914550781,275.8448791503906,2691700.0
2023-12-19,286.79998779296875,293.0299987792969,286.1600036621094,292.9599914550781,282.84454345703125,3659600.0
2023-12-20,291.92999267578125,298.2699890136719,289.5199890136719,289.7099914550781,279.706787109375,3818400.0
2023-12-21,289.8999938964844,290.7300109863281,286.6000061035156,290.07000732421875,280.0542907714844,3209300.0
2023-12-22,290.30999755859375,292.8299865722656,288.9100036621094,290.3599853515625,280.33428955078125,2833800.0
2023-12-25,290.30999755859375,292.8299865722656,288.9100036621094,290.3599853515625,280.33428955078125,2833800.0
2023-12-26,291.5899963378906,297.0899963378906,291.0,295.6300048828125,285.42230224609375,2019000.0
2023-12-27,295.6300048828125,299.1499938964844,294.7300109863281,298.1199951171875,287.8263854980469,1876500.0
2023-12-28,297.1000061035156,299.20001220703125,296.0400085449219,296.8800048828125,286.629150390625,2267400.0
2023-12-29,296.8500061035156,298.239990234375,293.20001220703125,295.6700134277344,285.4609680175781,2300600.0
2024-01-01,296.8500061035156,298.239990234375,293.20001220703125,295.6700134277344,285.4609680175781,2300600.0
2024-01-02,293.42999267578125,296.6400146484375,291.3500061035156,292.7099914550781,282.60308837890625,2433100.0
2024-01-03,288.3900146484375,288.92999267578125,283.32000732421875,284.29998779296875,274.4835205078125,3043400.0
2024-01-04,284.4100036621094,288.2200012207031,283.7900085449219,286.1000061035156,276.221435546875,2995400.0
2024-01-05,286.25,291.0,285.4700012207031,288.92999267578125,278.95367431640625,2684800.0
2024-01-08,287.55999755859375,292.67999267578125,285.239990234375,292.25,282.1590270996094,2369100.0
2024-01-09,289.2300109863281,292.3599853515625,288.0,292.2900085449219,282.19769287109375,1974500.0
2024-01-10,292.1499938964844,294.54998779296875,291.4599914550781,293.3500061035156,283.2210693359375,2048000.0
2024-01-11,294.6000061035156,295.6000061035156,289.4100036621094,292.05999755859375,281.9755859375,1941400.0
2024-01-12,295.2699890136719,295.8299865722656,288.92999267578125,290.4100036621094,280.3825378417969,1955600.0
2024-01-15,295.2699890136719,295.8299865722656,288.92999267578125,290.4100036621094,280.3825378417969,1955600.0
2024-01-16,288.8800048828125,290.2099914550781,285.6000061035156,287.2300109863281,277.3123779296875,3140100.0
2024-01-17,278.8299865722656,282.0199890136719,276.94000244140625,278.6300048828125,269.0093078613281,3789200.0
2024-01-18,280.0199890136719,282.5299987792969,277.6600036621094,281.8999938964844,272.1663818359375,2479300.0
2024-01-19,282.32000732421875,286.0799865722656,278.95001220703125,285.2799987792969,276.70574951171875,3116000.0
2024-01-22,286.1000061035156,290.5899963378906,286.1000061035156,288.6700134277344,279.9938659667969,2072200.0
2024-01-23,290.5,292.8800048828125,287.5199890136719,288.8299865722656,280.1490478515625,1866300.0
2024-01-24,290.8399963378906,292.6099853515625,288.3399963378906,290.67999267578125,281.9434509277344,2765900.0
2024-01-25,294.0,303.30999755859375,293.1300048828125,300.7699890136719,291.73016357421875,4647100.0
2024-01-26,301.0,302.9800109863281,298.6600036621094,299.42999267578125,290.43048095703125,2920500.0
2024-01-29,299.0199890136719,303.70001220703125,297.45001220703125,303.25,294.1356506347656,2101400.0
2024-01-30,300.510009765625,305.7300109863281,300.510009765625,304.760009765625,295.6002502441406,2150200.0
2024-01-31,305.57000732421875,305.75,299.92999267578125,300.30999755859375,291.28399658203125,2813000.0
2024-02-01,303.239990234375,308.07000732421875,301.94000244140625,307.69000244140625,298.44219970703125,3196300.0
2024-02-02,307.0,317.3699951171875,306.0,315.0899963378906,305.61981201171875,4661500.0
2024-02-05,334.8699951171875,334.8699951171875,315.9100036621094,321.3999938964844,311.7400817871094,6557500.0
2024-02-06,323.19000244140625,327.42999267578125,319.07000732421875,322.7200012207031,313.02044677734375,2825700.0
2024-02-07,322.94000244140625,327.82000732421875,321.1000061035156,323.5899963378906,313.86431884765625,3203000.0
2024-02-08,324.6700134277344,326.42999267578125,321.4200134277344,322.0,312.3221130371094,1986100.0
2024-02-09,322.0,322.3299865722656,315.57000732421875,317.1600036621094,307.6275329589844,2823000.0
2024-02-12,317.2099914550781,323.0899963378906,316.510009765625,321.6300048828125,311.9632568359375,2483600.0
2024-02-13,315.7900085449219,316.0,310.7900085449219,312.8399963378906,303.4374084472656,2923200.0
2024-02-14,316.010009765625,317.8500061035156,313.9700012207031,316.7099914550781,307.1910705566406,1887100.0
2024-02-15,315.95001220703125,323.2099914550781,315.4599914550781,323.07000732421875,313.3599548339844,2362900.0
2024-02-16,323.7200012207031,328.29998779296875,321.44000244140625,321.9100036621094,312.23486328125,2513200.0
2024-02-19,323.7200012207031,328.29998779296875,321.44000244140625,321.9100036621094,312.23486328125,2513200.0
2024-02-20,317.260009765625,319.0,312.739990234375,313.739990234375,304.31036376953125,2701600.0
2024-02-21,312.8999938964844,317.82000732421875,312.8999938964844,317.1400146484375,307.6081848144531,1779700.0
2024-02-22,321.0,323.3699951171875,320.3399963378906,322.0899963378906,312.409423828125,1875800.0
2024-02-23,323.0,325.0799865722656,322.04998779296875,323.8800048828125,314.1455993652344,1575000.0
2024-02-26,323.6499938964844,327.239990234375,322.25,325.3800048828125,315.60052490234375,1650000.0
2024-02-27,326.9800109863281,327.95001220703125,323.7699890136719,327.6300048828125,317.7828674316406,1640900.0
2024-02-28,327.3900146484375,331.67999267578125,326.989990234375,329.55999755859375,319.6549072265625,1471000.0
2024-02-29,331.0,334.8900146484375,330.1000061035156,333.9599914550781,323.9226379394531,2699800.0
2024-03-01,334.0,337.7699890136719,333.6000061035156,336.70001220703125,326.580322265625,1815500.0
2024-03-04,335.6000061035156,340.260009765625,334.7900085449219,338.6499938964844,328.4716796875,1551000.0
2024-03-05,335.4200134277344,338.989990234375,331.739990234375,333.5299987792969,323.50555419921875,2030000.0
2024-03-06,336.25,337.7300109863281,334.1600036621094,335.6300048828125,325.54248046875,1542300.0
2024-03-07,338.510009765625,342.3399963378906,338.42999267578125,340.2200012207031,329.9944763183594,1732500.0
2024-03-08,342.07000732421875,344.5,338.1000061035156,339.19000244140625,328.9954528808594,2307400.0
2024-03-11,337.0,338.2099914550781,331.5299987792969,334.9700012207031,324.90228271484375,1868000.0
2024-03-12,335.2799987792969,338.3900146484375,332.739990234375,337.239990234375,327.10406494140625,1645900.0
2024-03-13,338.1400146484375,343.1000061035156,337.3900146484375,341.5199890136719,331.2554626464844,1818800.0
2024-03-14,344.54998779296875,346.8399963378906,338.94000244140625,341.9200134277344,331.6434326171875,2110200.0
2024-03-15,342.9700012207031,347.2900085449219,341.1499938964844,346.9700012207031,336.5415954589844,4406000.0
2024-03-18,348.0799865722656,353.3399963378906,347.8599853515625,351.8999938964844,341.3234558105469,2528200.0
2024-03-19,351.6000061035156,354.0,349.6199951171875,353.8999938964844,343.2633056640625,2207600.0
2024-03-20,351.1199951171875,358.17999267578125,348.1400146484375,356.45001220703125,345.73675537109375,2563900.0
2024-03-21,357.6700134277344,365.20001220703125,356.7200012207031,364.55999755859375,353.6029357910156,2616300.0
2024-03-22,364.6000061035156,365.5199890136719,357.8599853515625,358.1099853515625,347.3468322753906,2052000.0
2024-03-25,356.9599914550781,358.8699951171875,355.0299987792969,355.95001220703125,345.2517395019531,1774800.0
2024-03-26,356.4599914550781,359.5899963378906,356.0,356.3900146484375,345.6784973144531,1637200.0
2024-03-27,358.7200012207031,364.80999755859375,357.8800048828125,364.6499938964844,353.6902160644531,2262800.0
2024-03-28,364.6199951171875,367.2200012207031,363.5299987792969,366.42999267578125,355.416748046875,2028600.0
2024-03-29,364.6199951171875,367.2200012207031,363.5299987792969,366.42999267578125,355.416748046875,2028600.0
2024-04-01,367.4800109863281,367.92999267578125,362.6400146484375,363.739990234375,352.80755615234375,1953800.0
2024-04-02,362.30999755859375,364.989990234375,361.4800109863281,364.8299865722656,353.86480712890625,1968900.0
2024-04-03,365.489990234375,376.07000732421875,364.6000061035156,375.7900085449219,364.4955139160156,2623700.0
2024-04-04,377.3699951171875,381.0299987792969,368.8800048828125,369.7900085449219,358.6757507324219,2492200.0
2024-04-05,372.5,381.0,371.7900085449219,379.29998779296875,367.8999328613281,2068300.0
2024-04-08,379.1099853515625,382.010009765625,372.8900146484375,373.4700012207031,362.24517822265625,2690000.0
2024-04-09,375.0299987792969,377.1600036621094,365.510009765625,371.8999938964844,360.7222900390625,2042700.0
2024-04-10,366.20001220703125,372.6199951171875,364.3900146484375,372.07000732421875,360.8872375488281,2148500.0
2024-04-11,372.6300048828125,373.3699951171875,366.8999938964844,371.9800109863281,360.7999572753906,2535700.0
2024-04-12,368.6400146484375,372.8399963378906,362.67999267578125,365.6300048828125,354.6407775878906,2072900.0
2024-04-15,372.9700012207031,374.4599914550781,362.1099853515625,363.9100036621094,352.9725036621094,2171000.0
2024-04-16,363.0199890136719,363.4599914550781,357.17999267578125,359.8800048828125,349.0636291503906,2513900.0
2024-04-17,362.6499938964844,362.9100036621094,352.8800048828125,358.32000732421875,347.5505065917969,2313800.0
2024-04-18,361.1499938964844,363.4800109863281,356.1700134277344,357.92999267578125,347.1722412109375,2380700.0
2024-04-19,358.2900085449219,360.95001220703125,352.1400146484375,354.6600036621094,345.25445556640625,2929600.0
2024-04-22,356.1000061035156,362.0,353.239990234375,357.6099853515625,348.126220703125,2085400.0
2024-04-23,360.0,365.5199890136719,359.0400085449219,363.25,353.61669921875,1810700.0
2024-04-24,363.95001220703125,368.1700134277344,358.8999938964844,363.5199890136719,353.8794860839844,3032700.0
2024-04-25,330.44000244140625,341.94000244140625,330.32000732421875,338.0,329.0362548828125,6459600.0
2024-04-26,338.44000244140625,345.5,338.3299865722656,343.3800048828125,334.2736511230469,3324600.0
2024-04-29,343.9800109863281,350.95001220703125,343.9800109863281,349.79998779296875,340.5233459472656,2171400.0
2024-04-30,347.0199890136719,347.7699890136719,333.1199951171875,334.57000732421875,325.69720458984375,4201700.0
2024-05-01,333.3800048828125,338.5,330.739990234375,331.07000732421875,322.29010009765625,3520600.0
2024-05-02,333.5199890136719,336.1600036621094,329.25,335.44000244140625,326.544189453125,2492000.0
2024-05-03,338.0899963378906,341.6099853515625,334.9800109863281,336.75,327.8194274902344,1977100.0
2024-05-06,340.8699951171875,342.54998779296875,339.70001220703125,342.1000061035156,333.027587890625,1653900.0
2024-05-07,344.4700012207031,348.5400085449219,343.3999938964844,345.0,335.8506164550781,1965600.0
2024-05-08,340.0,346.2699890136719,338.739990234375,344.5,335.3638610839844,2260300.0
2024-05-09,345.9200134277344,352.8800048828125,345.42999267578125,351.7799987792969,342.4508056640625,3208900.0
2024-05-10,355.0,357.510009765625,353.5199890136719,354.7900085449219,345.3809814453125,2210600.0
2024-05-13,354.79998779296875,358.54998779296875,354.3699951171875,356.67999267578125,347.22088623046875,2051200.0
2024-05-14,357.7200012207031,360.6099853515625,357.0299987792969,358.17999267578125,348.68109130859375,1563400.0
2024-05-15,361.4700012207031,363.30999755859375,358.1199951171875,360.0400085449219,350.4917907714844,1913900.0
2024-05-16,356.75,358.7699890136719,349.6099853515625,350.7200012207031,341.4189758300781,2821700.0
2024-05-17,352.9700012207031,356.4100036621094,351.55999755859375,356.2699890136719,346.8217468261719,2104300.0
2024-05-20,356.3999938964844,364.42999267578125,354.7699890136719,362.75,353.1298828125,2247900.0
2024-05-21,362.260009765625,363.239990234375,357.5,359.07000732421875,349.5474853515625,1841100.0
2024-05-22,358.5,359.20001220703125,352.55999755859375,355.94000244140625,346.50054931640625,2104200.0
2024-05-23,360.3999938964844,361.3399963378906,348.7900085449219,350.70001220703125,341.39947509765625,2749200.0
2024-05-24,352.6400146484375,353.9100036621094,346.67999267578125,348.8999938964844,339.6472473144531,2635200.0
2024-05-27,352.6400146484375,353.9100036621094,346.67999267578125,348.8999938964844,339.6472473144531,2635200.0
2024-05-28,348.0,349.2300109863281,344.3999938964844,346.4700012207031,337.28167724609375,2264900.0
2024-05-29,345.0,345.30999755859375,337.7200012207031,338.1099853515625,329.14337158203125,3040000.0
2024-05-30,338.4700012207031,344.54998779296875,338.4700012207031,339.25,330.2531433105469,2745800.0
2024-05-31,339.3399963378906,340.8900146484375,335.05999755859375,338.5199890136719,329.54248046875,8319400.0
2024-06-03,340.8699951171875,341.3999938964844,325.75,331.3599853515625,322.5723876953125,3878600.0
2024-06-04,328.7099914550781,330.3299865722656,324.5,327.57000732421875,318.8829040527344,3706600.0
2024-06-05,329.4800109863281,331.2699890136719,326.70001220703125,329.45001220703125,320.7130432128906,2616300.0
2024-06-06,330.2200012207031,331.0299987792969,327.0899963378906,328.2900085449219,319.58380126953125,2452100.0
2024-06-07,326.20001220703125,332.8800048828125,323.7200012207031,328.94000244140625,320.216552734375,2499100.0
2024-06-10,328.7099914550781,331.9100036621094,328.44000244140625,329.6099853515625,320.8687438964844,2640500.0
2024-06-11,327.760009765625,328.6400146484375,323.7300109863281,327.30999755859375,318.6297607421875,3247000.0
2024-06-12,333.1499938964844,335.1700134277344,326.0,328.7300109863281,320.01214599609375,4817300.0
2024-06-13,327.5,327.8900146484375,321.45001220703125,326.3599853515625,317.7049560546875,3183900.0
2024-06-14,321.3900146484375,322.67999267578125,315.8500061035156,321.4700012207031,312.9446716308594,4195300.0
2024-06-17,321.4700012207031,323.8399963378906,318.8800048828125,322.3999938964844,313.8499755859375,3198900.0
2024-06-18,323.04998779296875,325.6000061035156,321.0,325.1400146484375,316.517333984375,3275300.0
2024-06-19,323.04998779296875,325.6000061035156,321.0,325.1400146484375,316.517333984375,3275300.0
2024-06-20,325.05999755859375,331.1000061035156,324.5799865722656,329.1300048828125,320.4015197753906,4463300.0
2024-06-21,330.5299987792969,330.54998779296875,326.17999267578125,327.8399963378906,319.1457214355469,8265100.0
2024-06-24,329.3599853515625,333.6700134277344,326.07000732421875,330.0,321.2484436035156,2447300.0
2024-06-25,328.010009765625,329.4700012207031,324.3699951171875,327.3999938964844,318.7173767089844,2990400.0
2024-06-26,326.25,327.7099914550781,323.7799987792969,326.7300109863281,318.0652160644531,2198600.0
2024-06-27,326.0299987792969,329.2300109863281,324.6700134277344,327.4599914550781,318.7757873535156,1995100.0
2024-06-28,328.510009765625,334.19000244140625,328.32000732421875,333.1000061035156,324.2662658691406,8891500.0
2024-07-01,335.1099853515625,335.2900085449219,325.3699951171875,329.0799865722656,320.35284423828125,2950200.0
2024-07-02,328.0,330.0899963378906,325.5799865722656,327.760009765625,319.06787109375,2119800.0
2024-07-03,328.260009765625,331.4100036621094,328.260009765625,330.6099853515625,321.84222412109375,1352200.0
2024-07-04,328.260009765625,331.4100036621094,328.260009765625,330.6099853515625,321.84222412109375,1352200.0
2024-07-05,331.57000732421875,333.44000244140625,326.6300048828125,328.3500061035156,319.6421813964844,2280900.0
2024-07-08,330.3599853515625,333.260009765625,327.1400146484375,329.05999755859375,320.3333435058594,1913400.0
2024-07-09,328.5400085449219,330.1199951171875,325.8299865722656,326.05999755859375,317.4129333496094,1896100.0
2024-07-10,326.1000061035156,328.4800109863281,321.6400146484375,328.4800109863281,319.76873779296875,2904400.0
2024-07-11,330.0,334.42999267578125,329.29998779296875,331.1300048828125,322.3485107421875,3016400.0
2024-07-12,334.95001220703125,338.2300109863281,333.42999267578125,335.5899963378906,326.690185546875,2451300.0
2024-07-15,339.1000061035156,347.8999938964844,337.8399963378906,345.7699890136719,336.6001892089844,3394300.0
2024-07-16,346.8299865722656,362.2799987792969,345.260009765625,360.5799865722656,351.0174865722656,4637000.0
2024-07-17,358.9700012207031,362.69000244140625,356.20001220703125,357.79998779296875,348.3111877441406,3061000.0
2024-07-18,356.5,369.2300109863281,355.75,356.0299987792969,346.5881042480469,3876300.0
2024-07-19,355.3500061035156,356.489990234375,346.69000244140625,347.6300048828125,338.410888671875,3462700.0
2024-07-22,348.0,348.7300109863281,341.3800048828125,347.8699951171875,340.023681640625,2659600.0
2024-07-23,345.7300109863281,348.6600036621094,341.3800048828125,344.1700134277344,336.4071350097656,2027800.0
2024-07-24,342.95001220703125,344.82000732421875,335.45001220703125,336.0400085449219,328.4605407714844,2835800.0
2024-07-25,335.510009765625,348.20001220703125,333.95001220703125,344.29998779296875,336.5341796875,3291300.0
2024-07-26,348.6400146484375,352.94000244140625,346.8800048828125,350.4800109863281,342.5747985839844,1894900.0
2024-07-29,350.17999267578125,351.3800048828125,343.1300048828125,344.5299987792969,336.759033203125,2190300.0
2024-07-30,343.6600036621094,345.7200012207031,338.6199951171875,341.7200012207031,334.0123596191406,1970800.0
2024-07-31,345.3500061035156,350.989990234375,340.8500061035156,346.20001220703125,338.391357421875,2568100.0
2024-08-01,346.29998779296875,349.8299865722656,328.0799865722656,331.5199890136719,324.0424499511719,3747900.0
2024-08-02,322.75,323.3999938964844,317.6600036621094,320.8699951171875,313.6326599121094,4246700.0
2024-08-05,309.0,320.5799865722656,307.04998779296875,316.79998779296875,309.65447998046875,4681300.0
2024-08-06,314.04998779296875,332.1700134277344,310.5,326.44000244140625,319.0770568847656,5071700.0
2024-08-07,333.510009765625,335.17999267578125,324.45001220703125,325.79998779296875,318.45147705078125,3011700.0
2024-08-08,330.0,336.42999267578125,327.6099853515625,336.1600036621094,328.57781982421875,2268300.0
2024-08-09,336.0,338.5,332.4800109863281,338.260009765625,330.6304626464844,1668100.0
2024-08-12,338.260009765625,339.8500061035156,333.6000061035156,336.0299987792969,328.45074462890625,2127600.0
2024-08-13,337.17999267578125,339.5199890136719,333.7300109863281,338.79998779296875,331.1582336425781,1503800.0
2024-08-14,339.6000061035156,341.7900085449219,334.6000061035156,337.5899963378906,329.9756164550781,1610900.0
2024-08-15,344.5,347.6400146484375,340.7900085449219,345.6400146484375,337.8439636230469,3232600.0
2024-08-16,345.25,345.8399963378906,340.760009765625,343.4800109863281,335.73272705078125,2483800.0
2024-08-19,343.67999267578125,346.1000061035156,343.29998779296875,344.6499938964844,336.8763427734375,2252600.0
2024-08-20,345.0,346.1700134277344,341.82000732421875,343.29998779296875,335.5567321777344,1479500.0
2024-08-21,344.5799865722656,345.6000061035156,341.8500061035156,342.9700012207031,335.2342224121094,1433200.0
2024-08-22,343.0,345.1400146484375,341.7699890136719,342.3599853515625,334.637939453125,2021400.0
2024-08-23,344.9700012207031,349.5400085449219,343.07000732421875,348.4100036621094,340.551513671875,2183900.0
2024-08-26,349.80999755859375,354.4100036621094,348.94000244140625,351.1600036621094,343.2394714355469,1718100.0
2024-08-27,350.3500061035156,351.7200012207031,347.1000061035156,351.1199951171875,343.20037841796875,1210800.0
2024-08-28,350.5899963378906,354.42999267578125,345.8399963378906,348.20001220703125,340.34625244140625,1514500.0
2024-08-29,351.2200012207031,356.4599914550781,347.489990234375,351.6400146484375,343.70867919921875,1664500.0
2024-08-30,352.5899963378906,356.239990234375,349.8299865722656,356.1000061035156,348.0680847167969,2974100.0
2024-09-02,352.5899963378906,356.239990234375,349.8299865722656,356.1000061035156,348.0680847167969,2974100.0
2024-09-03,352.2099914550781,352.6300048828125,338.3999938964844,340.239990234375,332.5657958984375,3107200.0
2024-09-04,338.5899963378906,340.8500061035156,335.2900085449219,336.75,329.15447998046875,2782500.0
2024-09-05,336.0199890136719,336.489990234375,330.55999755859375,333.55999755859375,326.03643798828125,2525500.0
2024-09-06,334.20001220703125,338.6199951171875,328.1199951171875,329.3599853515625,321.93115234375,2676600.0
2024-09-09,333.9100036621094,336.3599853515625,332.9700012207031,334.0400085449219,326.5056457519531,2355800.0
2024-09-10,335.1099853515625,335.75,329.3900146484375,334.1600036621094,326.6228942871094,1869200.0
2024-09-11,333.0,335.4800109863281,326.1099853515625,335.0,327.4439697265625,1934700.0
2024-09-12,335.2799987792969,341.0400085449219,333.67999267578125,339.5799865722656,331.92059326171875,1747000.0
2024-09-13,342.4200134277344,347.2200012207031,340.3500061035156,345.30999755859375,337.52142333984375,2518600.0
2024-09-16,348.3500061035156,351.4599914550781,344.2900085449219,347.9599914550781,340.11163330078125,1648200.0
2024-09-17,350.0,354.5799865722656,349.239990234375,353.69000244140625,345.7124328613281,2088400.0
2024-09-18,355.0,361.6300048828125,352.32000732421875,355.1199951171875,347.1101379394531,1990700.0
2024-09-19,363.0,374.69000244140625,361.2699890136719,373.30999755859375,364.889892578125,4066600.0
2024-09-20,370.3999938964844,371.45001220703125,365.8399963378906,368.82000732421875,360.5011291503906,5440500.0
2024-09-23,368.989990234375,372.9700012207031,366.9800109863281,371.1700134277344,362.79815673828125,2442700.0
2024-09-24,380.0,389.42999267578125,379.5,385.92999267578125,377.2251892089844,4024300.0
2024-09-25,387.0,388.6400146484375,377.9200134277344,378.25,369.7184753417969,2661500.0
2024-09-26,390.010009765625,397.2200012207031,386.20001220703125,390.9599914550781,382.1417236328125,3906800.0
2024-09-27,391.0,395.55999755859375,389.1400146484375,391.0799865722656,382.2590637207031,2683700.0
2024-09-30,389.3800048828125,392.760009765625,386.82000732421875,391.1199951171875,382.2981262207031,2251300.0
2024-10-01,391.2699890136719,395.489990234375,386.6300048828125,392.3900146484375,383.5395202636719,2091400.0
2024-10-02,391.9800109863281,395.6600036621094,388.6400146484375,394.04998779296875,385.1620788574219,1767900.0
2024-10-03,392.3399963378906,394.0,388.7200012207031,391.0899963378906,382.2688293457031,1866100.0
2024-10-04,396.7200012207031,397.4599914550781,391.8500061035156,397.0899963378906,388.1335144042969,1675100.0
2024-10-07,396.45001220703125,401.1700134277344,396.1400146484375,398.25,389.2673645019531,2224500.0
2024-10-08,394.260009765625,395.0,384.8500061035156,387.9599914550781,379.20941162109375,2438800.0
2024-10-09,388.1700134277344,396.6000061035156,387.5,396.19000244140625,387.2538146972656,1757900.0
2024-10-10,395.17999267578125,396.9599914550781,390.5,396.6400146484375,387.6937255859375,1331700.0
2024-10-11,396.6400146484375,403.6000061035156,396.6400146484375,402.0199890136719,392.9523010253906,2110400.0
2024-10-14,393.3900146484375,396.2900085449219,386.8699951171875,393.95001220703125,385.0643310546875,3006100.0
2024-10-15,390.6300048828125,392.4700012207031,387.5899963378906,387.989990234375,379.23876953125,2715100.0
2024-10-16,387.3999938964844,394.6000061035156,386.92999267578125,393.6199951171875,384.74176025390625,1551600.0
2024-10-17,395.1499938964844,397.1199951171875,393.1600036621094,394.489990234375,385.5921630859375,1561500.0
2024-10-18,396.25,396.45001220703125,389.7200012207031,393.8599853515625,384.97637939453125,3024100.0
2024-10-21,392.2900085449219,393.1499938964844,389.239990234375,390.4800109863281,383.04388427734375,2375900.0
2024-10-22,389.7300109863281,391.2900085449219,385.7300109863281,388.4599914550781,381.06231689453125,1523900.0
2024-10-23,386.95001220703125,390.0299987792969,382.69000244140625,385.7300109863281,378.38433837890625,1500900.0
2024-10-24,386.95001220703125,388.3599853515625,382.2200012207031,387.05999755859375,379.6889953613281,1844100.0
2024-10-25,389.6099853515625,392.0299987792969,384.30999755859375,385.9700012207031,378.6197814941406,1606800.0
2024-10-28,388.3900146484375,391.57000732421875,387.3699951171875,390.6099853515625,383.17138671875,3213900.0
2024-10-29,389.5,389.6000061035156,385.54998779296875,387.510009765625,380.1304626464844,2186400.0
2024-10-30,374.0,388.260009765625,367.20001220703125,379.239990234375,372.01788330078125,4037500.0
2024-10-31,377.3500061035156,378.9100036621094,372.75,376.20001220703125,369.0358581542969,2394500.0
2024-11-01,378.07000732421875,383.2699890136719,376.94000244140625,379.6300048828125,372.4004821777344,1633300.0
2024-11-04,378.1000061035156,381.489990234375,375.29998779296875,376.5199890136719,369.3497009277344,1793600.0
2024-11-05,377.1300048828125,386.07000732421875,375.6499938964844,383.3699951171875,376.0693054199219,1724100.0
2024-11-06,405.1700134277344,418.29998779296875,404.010009765625,416.8800048828125,408.9411315917969,4720000.0
2024-11-07,414.9200134277344,418.5,407.5400085449219,408.2099914550781,400.4362487792969,3211100.0
2024-11-08,400.9599914550781,403.05999755859375,392.3999938964844,393.3699951171875,385.8788146972656,3345900.0
2024-11-11,397.9100036621094,402.0799865722656,395.010009765625,396.5400085449219,388.9884948730469,1858900.0
2024-11-12,397.7900085449219,398.7300109863281,391.1499938964844,393.010009765625,385.5257263183594,1737100.0
2024-11-13,388.95001220703125,391.20001220703125,385.6700134277344,387.07000732421875,379.6988220214844,2001900.0
2024-11-14,388.5,390.17999267578125,386.2099914550781,387.3599853515625,379.9833068847656,1372500.0
2024-11-15,385.989990234375,388.489990234375,382.20001220703125,384.07000732421875,376.7559814453125,2165500.0
2024-11-18,386.0,386.29998779296875,382.9200134277344,384.4599914550781,377.1385192871094,1626200.0
2024-11-19,378.0299987792969,383.25,378.0299987792969,382.3299865722656,375.0491027832031,1793200.0
2024-11-20,384.010009765625,386.20001220703125,378.4700012207031,381.5,374.23492431640625,1859600.0
2024-11-21,383.9200134277344,392.0199890136719,379.0,389.5899963378906,382.1708679199219,1833500.0
2024-11-22,390.3599853515625,398.1600036621094,387.8900146484375,397.489990234375,389.9203796386719,1893000.0
2024-11-25,400.0,407.1499938964844,400.0,405.6499938964844,397.92498779296875,4398000.0
2024-11-26,403.6499938964844,408.4100036621094,401.760009765625,407.8299865722656,400.0635070800781,1796600.0
2024-11-27,408.3999938964844,412.1199951171875,403.239990234375,403.70001220703125,396.01214599609375,1371900.0
2024-11-28,408.3999938964844,412.1199951171875,403.239990234375,403.70001220703125,396.01214599609375,1371900.0
2024-11-29,407.3299865722656,411.19000244140625,405.0,406.1099853515625,398.376220703125,1962100.0
2024-12-02,407.4599914550781,408.1499938964844,400.7900085449219,402.510009765625,394.84478759765625,1548500.0
2024-12-03,403.5199890136719,405.5299987792969,396.6000061035156,399.260009765625,391.65673828125,1716200.0
2024-12-04,398.57000732421875,401.4700012207031,396.1300048828125,399.510009765625,391.9019470214844,1193800.0
2024-12-05,400.5,401.42999267578125,394.2099914550781,394.9800109863281,387.45819091796875,1291400.0
2024-12-06,398.1499938964844,399.739990234375,392.739990234375,395.0299987792969,387.5072326660156,1331000.0
2024-12-09,402.5400085449219,409.7099914550781,398.44000244140625,399.260009765625,391.65673828125,1739800.0
2024-12-10,390.7200012207031,395.4700012207031,385.6099853515625,388.3900146484375,380.99371337890625,2251000.0
2024-12-11,390.4800109863281,391.3500061035156,387.42999267578125,388.8699951171875,381.46453857421875,1651600.0
2024-12-12,389.04998779296875,389.8699951171875,380.1499938964844,380.7799987792969,373.5285949707031,1804600.0
2024-12-13,380.6000061035156,382.8900146484375,378.8900146484375,380.510009765625,373.26373291015625,2034800.0
2024-12-16,381.7699890136719,382.32000732421875,377.760009765625,378.9200134277344,371.70404052734375,1311100.0
2024-12-17,376.0299987792969,378.8900146484375,373.8299865722656,375.79998779296875,368.6434020996094,2138700.0
2024-12-18,378.70001220703125,381.1600036621094,363.0299987792969,363.8900146484375,356.9602355957031,2820700.0
2024-12-19,368.44000244140625,369.57000732421875,360.010009765625,360.3699951171875,353.50726318359375,2616700.0
2024-12-20,358.5,371.489990234375,357.239990234375,366.0400085449219,359.0693359375,5142000.0
2024-12-23,364.8699951171875,366.3500061035156,361.5,365.3900146484375,358.43170166015625,1804900.0
2024-12-24,364.45001220703125,367.57000732421875,362.6600036621094,367.57000732421875,360.5701904296875,886000.0
2024-12-25,364.45001220703125,367.57000732421875,362.6600036621094,367.57000732421875,360.5701904296875,886000.0
2024-12-26,365.04998779296875,367.489990234375,363.8699951171875,367.1199951171875,360.12872314453125,1097900.0
2024-12-27,363.3900146484375,367.3999938964844,361.75,364.8599853515625,357.9117736816406,1245800.0
2024-12-30,360.42999267578125,364.82000732421875,358.739990234375,363.010009765625,356.09698486328125,1422200.0
2024-12-31,363.5,365.7699890136719,361.79998779296875,362.760009765625,355.851806640625,1168100.0
2025-01-01,363.5,365.7699890136719,361.79998779296875,362.760009765625,355.851806640625,1168100.0
2025-01-02,365.510009765625,368.8500061035156,358.0899963378906,359.7699890136719,352.9187316894531,1802600.0
2025-01-03,361.5899963378906,364.4800109863281,359.489990234375,363.7900085449219,356.8621520996094,1390800.0
2025-01-06,367.0,370.8399963378906,362.5799865722656,364.20001220703125,357.26434326171875,1590700.0
2025-01-07,364.1300048828125,366.0899963378906,361.0899963378906,363.0,356.08721923828125,1607400.0
2025-01-08,362.45001220703125,362.8800048828125,357.70001220703125,361.07000732421875,354.1939697265625,1828800.0
2025-01-09,362.45001220703125,362.8800048828125,357.70001220703125,361.07000732421875,354.1939697265625,1828800.0
2025-01-10,357.8299865722656,359.8500061035156,349.79998779296875,351.0,344.315673828125,2773900.0
2025-01-13,352.9599914550781,363.20001220703125,351.79998779296875,362.5,355.5967102050781,2746000.0
2025-01-14,365.489990234375,372.0,365.17999267578125,371.57000732421875,364.4940185546875,2331700.0
2025-01-15,379.1400146484375,379.94000244140625,374.3299865722656,374.8900146484375,367.75079345703125,1984500.0
2025-01-16,376.30999755859375,381.4200134277344,374.7200012207031,380.54998779296875,373.302978515625,1974700.0
2025-01-17,384.70001220703125,386.8500061035156,382.0,386.0199890136719,378.6687927246094,2605900.0
2025-01-20,384.70001220703125,386.8500061035156,382.0,386.0199890136719,378.6687927246094,2605900.0
2025-01-21,391.0,402.5799865722656,390.79998779296875,398.3599853515625,392.2063903808594,3144500.0
2025-01-22,398.67999267578125,400.4800109863281,395.1099853515625,397.6099853515625,391.4679260253906,1994800.0
2025-01-23,397.3699951171875,409.5899963378906,397.2699890136719,406.3999938964844,400.1222229003906,2587400.0
2025-01-24,405.7300109863281,409.3999938964844,405.2799987792969,407.6300048828125,401.33319091796875,1938200.0
2025-01-27,397.19000244140625,399.5400085449219,389.9200134277344,394.9800109863281,388.87860107421875,2964400.0
2025-01-28,394.0400085449219,396.8800048828125,386.4800109863281,390.2900085449219,384.2610778808594,1788900.0
2025-01-29,391.94000244140625,399.3599853515625,391.1199951171875,393.2300109863281,387.1556396484375,2675800.0
2025-01-30,373.5,380.80999755859375,373.1600036621094,374.9800109863281,369.1875915527344,4234600.0
2025-01-31,377.4599914550781,378.0,371.2799987792969,371.44000244140625,365.7022399902344,2858000.0
2025-02-03,364.1400146484375,368.54998779296875,359.69000244140625,361.54998779296875,355.96502685546875,3079300.0
2025-02-04,369.6600036621094,369.6600036621094,359.4100036621094,361.95001220703125,356.35888671875,2709800.0
2025-02-05,362.8699951171875,363.0,357.20001220703125,358.8500061035156,353.3067626953125,2134200.0
2025-02-06,363.8999938964844,367.5400085449219,362.5199890136719,365.45001220703125,359.80474853515625,3007000.0
2025-02-07,369.25,369.5299987792969,362.5799865722656,363.8800048828125,358.2590637207031,1804800.0
2025-02-10,365.3299865722656,366.239990234375,361.54998779296875,363.2200012207031,357.6092224121094,1944400.0
2025-02-11,361.739990234375,364.4200134277344,360.9800109863281,362.2300109863281,356.6345520019531,1516900.0
2025-02-12,357.0,358.92999267578125,351.44000244140625,352.0400085449219,346.6019287109375,2833100.0
2025-02-13,352.57000732421875,357.5899963378906,350.4200134277344,353.70001220703125,348.2362976074219,3547200.0
2025-02-14,356.6000061035156,358.8800048828125,352.79998779296875,353.32000732421875,347.8622131347656,2045300.0
2025-02-17,356.6000061035156,358.8800048828125,352.79998779296875,353.32000732421875,347.8622131347656,2045300.0
2025-02-18,355.4700012207031,356.92999267578125,351.1099853515625,354.0,348.53167724609375,3120200.0
2025-02-19,351.8699951171875,353.8500061035156,349.5899963378906,353.0,347.5470886230469,2211000.0
2025-02-20,355.0,356.8500061035156,347.45001220703125,349.1499938964844,343.7565612792969,2174100.0
2025-02-21,350.5299987792969,352.0,337.6000061035156,340.0400085449219,334.787353515625,3225200.0
2025-02-24,343.3900146484375,345.45001220703125,336.2300109863281,338.9200134277344,333.68463134765625,2513300.0
2025-02-25,341.0,344.2300109863281,336.3800048828125,342.3599853515625,337.07147216796875,3323500.0
2025-02-26,345.45001220703125,348.7799987792969,340.1199951171875,342.5799865722656,337.28802490234375,2397800.0
2025-02-27,343.6499938964844,346.9200134277344,338.4599914550781,340.0,334.7478942871094,1971000.0
2025-02-28,341.9800109863281,344.8999938964844,338.739990234375,343.95001220703125,338.63690185546875,3210300.0
2025-03-03,347.6300048828125,348.1499938964844,330.0299987792969,332.0400085449219,326.910888671875,2569700.0
2025-03-04,327.3900146484375,331.9200134277344,318.67999267578125,326.75,321.70257568359375,3500200.0
2025-03-05,329.1199951171875,339.510009765625,328.6499938964844,338.489990234375,333.26123046875,3189100.0
2025-03-06,335.2699890136719,341.9100036621094,332.5199890136719,341.010009765625,335.74237060546875,2234100.0
2025-03-07,339.3999938964844,352.1199951171875,339.3999938964844,350.29998779296875,344.8888244628906,3063800.0
2025-03-10,345.0,352.4100036621094,341.8500061035156,345.2099914550781,339.8774108886719,2809100.0
2025-03-11,343.9200134277344,345.1499938964844,336.3699951171875,339.7699890136719,334.5214538574219,3190900.0
2025-03-12,343.0299987792969,344.9100036621094,335.45001220703125,338.1300048828125,332.9068298339844,1816700.0
2025-03-13,336.0299987792969,340.6499938964844,331.6700134277344,333.30999755859375,328.1612548828125,2490300.0
2025-03-14,337.7200012207031,341.989990234375,336.95001220703125,339.6400146484375,334.39349365234375,1936100.0
2025-03-17,339.739990234375,344.3599853515625,339.0,342.6400146484375,337.34716796875,1683800.0
2025-03-18,342.0,342.0,335.3500061035156,336.7099914550781,331.50872802734375,3310000.0
2025-03-19,336.92999267578125,342.0,336.6700134277344,338.6199951171875,333.38922119140625,2407200.0
2025-03-20,334.57000732421875,339.7799987792969,333.6099853515625,336.25,331.05584716796875,2782900.0
2025-03-21,331.2099914550781,335.95001220703125,329.2099914550781,335.7799987792969,330.5931091308594,6766100.0
2025-03-24,340.54998779296875,343.1499938964844,339.2900085449219,341.6700134277344,336.39208984375,2277200.0
2025-03-25,343.5799865722656,344.80999755859375,340.8299865722656,342.6199951171875,337.3274230957031,1678000.0
2025-03-26,343.3599853515625,347.2699890136719,338.7900085449219,341.1099853515625,335.84075927734375,1703200.0
2025-03-27,341.0799865722656,342.0,336.6300048828125,339.29998779296875,334.0587158203125,1481100.0
2025-03-28,337.0,338.25,328.04998779296875,329.69000244140625,324.59716796875,1965200.0
2025-03-31,325.6300048828125,331.9800109863281,322.0,329.79998779296875,324.7054748535156,2837500.0
2025-04-01,327.010009765625,332.2099914550781,323.8900146484375,330.57000732421875,325.46356201171875,1955300.0
2025-04-02,326.1300048828125,336.3500061035156,326.1000061035156,334.6600036621094,329.49041748046875,1747600.0
2025-04-03,319.6700134277344,324.70001220703125,305.0,305.760009765625,301.0368347167969,4638700.0
2025-04-04,285.0,294.2900085449219,281.5,288.0799865722656,283.62994384765625,7216800.0
2025-04-07,276.0,294.3500061035156,267.29998779296875,280.05999755859375,275.7337951660156,7824700.0
2025-04-08,289.8900146484375,291.7799987792969,268.2699890136719,273.94000244140625,269.7083435058594,4989000.0
2025-04-09,270.760009765625,301.8599853515625,269.1300048828125,301.010009765625,296.3602294921875,6457300.0
2025-04-10,296.67999267578125,298.2699890136719,279.79998779296875,289.1600036621094,284.69329833984375,4116800.0
2025-04-11,288.95001220703125,295.4100036621094,284.1400146484375,293.45001220703125,288.9169921875,3197900.0
2025-04-14,298.6700134277344,302.4800109863281,295.7099914550781,298.1199951171875,293.5148620605469,2758400.0
2025-04-15,296.8299865722656,301.7300109863281,292.3900146484375,293.42999267578125,288.8973388671875,3611300.0
2025-04-16,292.7099914550781,295.7300109863281,287.6099853515625,290.1400146484375,285.6581115722656,3017200.0
2025-04-17,292.1700134277344,297.70001220703125,291.8999938964844,294.25,289.7046203613281,2717600.0
2025-04-18,292.1700134277344,297.70001220703125,291.8999938964844,294.25,289.7046203613281,2717600.0
2025-04-21,289.3299865722656,291.0,282.4599914550781,284.739990234375,281.69134521484375,2978300.0
2025-04-22,287.5,293.2300109863281,287.0,291.1700134277344,288.052490234375,2231200.0
2025-04-23,301.3399963378906,305.3599853515625,295.17999267578125,295.7699890136719,292.603271484375,2458300.0
2025-04-24,297.42999267578125,308.2099914550781,297.07000732421875,306.8599853515625,303.5744934082031,2874400.0
2025-04-25,305.1000061035156,307.989990234375,303.9100036621094,306.45001220703125,303.1689147949219,2162400.0
2025-04-28,306.45001220703125,311.42999267578125,303.8500061035156,307.05999755859375,303.7723693847656,2189600.0
2025-04-29,305.0,308.6700134277344,302.9100036621094,307.3999938964844,304.1087646484375,2651000.0
2025-04-30,315.2099914550781,316.04998779296875,302.17999267578125,309.2699890136719,305.9587097167969,5124800.0
2025-05-01,311.3800048828125,318.8900146484375,311.0199890136719,313.9599914550781,310.5985107421875,2961000.0
2025-05-02,318.4800109863281,324.6700134277344,318.4800109863281,323.67999267578125,320.21441650390625,3765200.0
2025-05-05,319.3800048828125,326.4700012207031,319.3800048828125,323.1099853515625,319.6505432128906,1829100.0
2025-05-06,321.54998779296875,324.1000061035156,319.8500061035156,320.8900146484375,317.4543151855469,1724200.0
2025-05-07,322.739990234375,322.79998779296875,318.1099853515625,320.2900085449219,316.8607482910156,1555500.0
2025-05-08,324.8800048828125,328.8699951171875,322.8999938964844,324.25,320.7783203125,2553400.0
2025-05-09,325.6499938964844,327.739990234375,323.30999755859375,325.6199951171875,322.1336669921875,1646200.0
2025-05-12,343.1099853515625,351.0,339.7300109863281,342.54998779296875,338.88238525390625,4592000.0
2025-05-13,348.92999267578125,355.3299865722656,348.07000732421875,352.5400085449219,348.7654724121094,4132500.0
2025-05-14,351.7200012207031,352.42999267578125,348.7799987792969,349.6600036621094,345.916259765625,2052200.0
2025-05-15,349.44000244140625,351.3399963378906,348.5,349.80999755859375,346.064697265625,1580400.0
2025-05-16,351.5400085449219,354.2200012207031,348.239990234375,353.5799865722656,349.7943115234375,2561700.0
2025-05-19,349.70001220703125,352.9599914550781,348.5400085449219,352.57000732421875,348.7951354980469,2277700.0
2025-05-20,350.8399963378906,352.4599914550781,347.489990234375,349.489990234375,345.74810791015625,2266000.0
2025-05-21,346.6400146484375,348.4200134277344,341.6499938964844,342.510009765625,338.8428649902344,2093400.0
2025-05-22,342.0,347.3699951171875,340.5899963378906,345.19000244140625,341.494140625,2174100.0
2025-05-23,337.6300048828125,344.94000244140625,336.239990234375,343.3900146484375,339.71343994140625,1936600.0
2025-05-26,337.6300048828125,344.94000244140625,336.239990234375,343.3900146484375,339.71343994140625,1936600.0
2025-05-27,349.95001220703125,353.3399963378906,346.6199951171875,351.510009765625,347.74652099609375,2240100.0
2025-05-28,352.489990234375,352.79998779296875,348.8599853515625,349.489990234375,345.74810791015625,1924400.0
2025-05-29,352.20001220703125,353.0899963378906,348.739990234375,351.7900085449219,348.0234375,2290300.0
2025-05-30,351.8299865722656,353.239990234375,347.0199890136719,348.0299987792969,344.3037414550781,4867100.0
2025-06-02,346.4700012207031,346.4700012207031,339.5,344.6700134277344,340.979736328125,2552700.0
2025-06-03,346.0,350.8399963378906,344.9200134277344,349.3999938964844,345.6590270996094,2614300.0
2025-06-04,350.29998779296875,351.7300109863281,349.3299865722656,349.3299865722656,345.5898132324219,1616300.0
2025-06-05,351.0,351.510009765625,345.8500061035156,348.9599914550781,345.2237854003906,1753300.0
2025-06-06,353.57000732421875,357.44000244140625,352.260009765625,353.3500061035156,349.5667724609375,1608000.0
2025-06-09,355.2200012207031,360.4599914550781,353.92999267578125,358.07000732421875,354.23626708984375,2147100.0
2025-06-10,359.44000244140625,360.3599853515625,356.0899963378906,358.57000732421875,354.73089599609375,1894300.0
2025-06-11,360.94000244140625,364.2900085449219,357.75,363.1400146484375,359.251953125,2551700.0
2025-06-12,359.8500061035156,362.0,357.8699951171875,360.9599914550781,357.09527587890625,1571800.0
2025-06-13,357.2300109863281,360.3800048828125,355.70001220703125,357.04998779296875,353.2271728515625,1609600.0
2025-06-16,361.0,364.6099853515625,360.20001220703125,362.44000244140625,358.5594482421875,1579800.0
2025-06-17,360.7200012207031,362.3900146484375,357.0299987792969,357.67999267578125,353.85040283203125,1560100.0
2025-06-18,357.1300048828125,364.2300109863281,356.9599914550781,359.79998779296875,355.9477233886719,2000500.0
2025-06-19,357.1300048828125,364.2300109863281,356.9599914550781,359.79998779296875,355.9477233886719,2000500.0
2025-06-20,362.95001220703125,364.25,359.1400146484375,360.5199890136719,356.65997314453125,6268300.0
2025-06-23,359.9200134277344,367.1000061035156,357.7300109863281,366.2300109863281,362.30889892578125,2927400.0
2025-06-24,369.8900146484375,374.1099853515625,367.9200134277344,373.0199890136719,369.026123046875,3841800.0
2025-06-25,373.0,374.19000244140625,369.510009765625,371.5799865722656,367.6015625,1737700.0
2025-06-26,374.0,382.3299865722656,373.0400085449219,381.8800048828125,377.79132080078125,2575100.0
2025-06-27,383.0199890136719,387.489990234375,382.75,384.7099914550781,380.5909729003906,4455000.0
2025-06-30,386.30999755859375,389.1499938964844,384.80999755859375,388.2099914550781,384.0534973144531,2791400.0
2025-07-01,386.5899963378906,393.8900146484375,384.25,390.9200134277344,386.7345275878906,2393600.0
2025-07-02,392.70001220703125,398.6400146484375,389.4200134277344,398.42999267578125,394.16412353515625,2713700.0
2025-07-03,398.9200134277344,402.4200134277344,397.5899963378906,397.8599853515625,393.6001892089844,1737800.0
2025-07-04,398.9200134277344,402.4200134277344,397.5899963378906,397.8599853515625,393.6001892089844,1737800.0
2025-07-07,398.05999755859375,398.05999755859375,388.0899963378906,391.510009765625,387.3182067871094,3012900.0
2025-07-08,392.42999267578125,395.95001220703125,391.5199890136719,394.2900085449219,390.06842041015625,2003600.0
2025-07-09,399.7200012207031,403.760009765625,396.8800048828125,402.17999267578125,397.87396240234375,3101000.0
2025-07-10,404.6600036621094,412.0,403.44000244140625,408.3299865722656,403.9580993652344,3382800.0
2025-07-11,405.45001220703125,406.8800048828125,401.70001220703125,405.9200134277344,401.57391357421875,2072600.0
2025-07-14,404.0,406.7900085449219,402.2300109863281,405.7699890136719,401.42547607421875,2497500.0
2025-07-15,406.260009765625,408.75,403.0199890136719,404.6400146484375,400.3076171875,2167000.0
2025-07-16,405.0,413.07000732421875,403.32000732421875,412.8800048828125,408.45941162109375,3242100.0
2025-07-17,414.8599853515625,419.8999938964844,412.8800048828125,418.07000732421875,413.5938415527344,2444700.0
2025-07-18,418.70001220703125,419.8999938964844,412.1600036621094,413.7099914550781,409.2804870605469,2526600.0
2025-07-21,417.2200012207031,417.42999267578125,409.8399963378906,410.07000732421875,407.16558837890625,1833300.0
2025-07-22,410.3800048828125,418.5199890136719,410.3800048828125,417.19000244140625,414.23516845703125,2185000.0
2025-07-23,420.0,428.1600036621094,419.45001220703125,427.5899963378906,424.5614929199219,3254900.0
2025-07-24,427.0400085449219,430.1600036621094,424.5,429.5199890136719,426.4778137207031,2511400.0
2025-07-25,429.69000244140625,434.8699951171875,428.6199951171875,433.75,430.6778564453125,2218400.0
2025-07-28,431.25,436.3999938964844,431.1199951171875,432.94000244140625,429.8736267089844,2550300.0
2025-07-29,434.54998779296875,435.2099914550781,424.79998779296875,430.04998779296875,427.0040588378906,2383700.0
2025-07-30,430.0,436.8299865722656,426.42999267578125,434.1199951171875,431.04522705078125,3172600.0
2025-07-31,434.1300048828125,441.1499938964844,433.67999267578125,438.0199890136719,434.9176330566406,4116400.0
2025-08-01,426.9700012207031,430.8599853515625,421.2900085449219,428.69000244140625,425.6537170410156,4027300.0
2025-08-04,430.8599853515625,436.8900146484375,429.989990234375,433.70001220703125,430.62823486328125,4059500.0
2025-08-05,427.6499938964844,439.739990234375,426.57000732421875,434.2300109863281,431.15447998046875,4329900.0
2025-08-06,433.3399963378906,434.7099914550781,425.5400085449219,427.7200012207031,424.6905822753906,2630800.0
2025-08-07,426.8399963378906,427.3299865722656,409.9599914550781,417.1199951171875,414.1656188964844,4261100.0
2025-08-08,420.5199890136719,421.8999938964844,415.760009765625,416.5199890136719,413.5699157714844,2965200.0
2025-08-11,416.9800109863281,418.2900085449219,406.79998779296875,408.5400085449219,405.64642333984375,3416000.0
2025-08-12,411.0,418.19000244140625,409.6400146484375,412.7099914550781,409.7868957519531,2765100.0
2025-08-13,415.17999267578125,415.5400085449219,410.5400085449219,413.70001220703125,410.7698974609375,4403000.0
2025-08-14,409.29998779296875,419.239990234375,407.0,417.5,414.54296875,3676000.0
2025-08-15,415.7200012207031,416.55999755859375,407.1000061035156,407.7900085449219,404.9017639160156,3107400.0
2025-08-18,407.0,413.1400146484375,405.4599914550781,412.6400146484375,409.7174072265625,3185200.0
2025-08-19,419.30999755859375,421.8800048828125,414.05999755859375,416.0899963378906,413.1429443359375,3543600.0
2025-08-20,414.79998779296875,421.9200134277344,412.04998779296875,420.5899963378906,417.611083984375,4060200.0
2025-08-21,419.92999267578125,420.5799865722656,414.1600036621094,417.8900146484375,414.93023681640625,2504300.0
2025-08-22,421.6099853515625,437.8399963378906,420.04998779296875,435.6700134277344,432.5842590332031,3785100.0
2025-08-25,435.0,436.8999938964844,432.1700134277344,432.29998779296875,429.2381286621094,1857900.0
2025-08-26,431.3999938964844,432.19000244140625,427.239990234375,431.260009765625,428.2055358886719,2792200.0
2025-08-27,429.7300109863281,435.05999755859375,428.95001220703125,432.6700134277344,429.60552978515625,1970900.0
2025-08-28,434.9100036621094,435.9800109863281,432.6300048828125,434.9100036621094,431.82965087890625,1651700.0
2025-08-29,425.4100036621094,428.1000061035156,414.3699951171875,419.0400085449219,416.0720520019531,3673800.0
2025-09-01,425.4100036621094,428.1000061035156,414.3699951171875,419.0400085449219,416.0720520019531,3673800.0
2025-09-02,413.9100036621094,417.2099914550781,410.5199890136719,416.04998779296875,413.1032409667969,2329500.0
2025-09-03,418.1300048828125,418.1300048828125,411.3699951171875,415.1199951171875,412.1798095703125,1496700.0
2025-09-04,415.80999755859375,420.7900085449219,414.2900085449219,420.2200012207031,417.24371337890625,1634600.0
2025-09-05,420.8399963378906,424.8999938964844,417.9100036621094,423.0799865722656,420.0834045410156,1843200.0
2025-09-08,422.6499938964844,423.9100036621094,416.7799987792969,422.7799987792969,419.7855529785156,1876700.0
2025-09-09,423.1600036621094,423.54998779296875,416.44000244140625,418.0899963378906,415.1287841796875,1710700.0
2025-09-10,419.82000732421875,426.5,419.5,422.9100036621094,419.9146423339844,2221000.0
2025-09-11,423.9200134277344,435.7900085449219,423.32000732421875,431.3800048828125,428.32464599609375,2737900.0
2025-09-12,429.05999755859375,432.6099853515625,427.75,431.5199890136719,428.4636535644531,2341800.0
2025-09-15,433.8299865722656,438.75,430.6099853515625,435.94000244140625,432.85235595703125,2255800.0
2025-09-16,436.1300048828125,440.79998779296875,434.2799987792969,440.6700134277344,437.5488586425781,2366300.0
2025-09-17,445.0,452.3399963378906,443.0,450.6600036621094,447.4681091308594,4512200.0
2025-09-18,450.9599914550781,467.7099914550781,448.8699951171875,466.9599914550781,463.65264892578125,4331900.0
2025-09-19,470.260009765625,472.1199951171875,462.7099914550781,466.5400085449219,463.2356262207031,5069300.0
2025-09-22,467.30999755859375,473.239990234375,459.6099853515625,472.1000061035156,468.7562561035156,3180000.0
2025-09-23,473.260009765625,485.3399963378906,468.19000244140625,471.260009765625,467.9222106933594,3856600.0
2025-09-24,472.70001220703125,476.5199890136719,468.6300048828125,469.7900085449219,466.462646484375,2776700.0
2025-09-25,464.7099914550781,468.0,459.5799865722656,463.7200012207031,460.43560791015625,2979200.0
2025-09-26,465.4800109863281,468.45001220703125,462.3800048828125,465.760009765625,462.461181640625,2329000.0
2025-09-29,468.0799865722656,472.489990234375,467.4599914550781,471.6099853515625,468.2696838378906,2892100.0
2025-09-30,471.6199951171875,477.44000244140625,470.239990234375,477.1499938964844,473.7704772949219,2315300.0
2025-10-01,474.010009765625,483.92999267578125,471.1400146484375,480.82000732421875,477.41448974609375,2964700.0
2025-10-02,486.8599853515625,495.9800109863281,484.19000244140625,490.57000732421875,487.095458984375,2648600.0
2025-10-03,493.25,504.4800109863281,492.5299987792969,497.8500061035156,494.3238525390625,2996500.0
2025-10-06,500.4200134277344,505.5899963378906,493.0400085449219,495.3800048828125,491.8713684082031,2629200.0
2025-10-07,497.92999267578125,498.3800048828125,483.54998779296875,486.7099914550781,483.2627258300781,2135400.0
2025-10-08,490.989990234375,509.4800109863281,489.3399963378906,502.1199951171875,498.5636291503906,3959400.0
2025-10-09,504.05999755859375,506.5299987792969,497.1400146484375,500.3599853515625,496.8160400390625,3113900.0
2025-10-10,503.1199951171875,511.5,491.29998779296875,491.29998779296875,487.8202209472656,3889100.0
2025-10-13,502.1499938964844,506.3800048828125,495.45001220703125,504.760009765625,501.1849365234375,2618400.0
2025-10-14,500.5799865722656,531.5599975585938,499.010009765625,527.469970703125,523.7340698242188,5459800.0
2025-10-15,534.2000122070312,538.4500122070312,527.2100219726562,534.0499877929688,530.2674560546875,3447100.0
2025-10-16,538.0599975585938,544.989990234375,534.7000122070312,540.9600219726562,537.1285400390625,3463100.0
2025-10-17,537.3800048828125,542.2100219726562,526.969970703125,527.0800170898438,523.3468627929688,2814700.0
2025-10-20,529.5599975585938,534.2000122070312,526.9400024414062,531.1799926757812,528.9330444335938,2170800.0
2025-10-21,525.0700073242188,533.3800048828125,522.0399780273438,524.6500244140625,522.4307250976562,2259100.0
2025-10-22,525.72998046875,525.7999877929688,510.2099914550781,513.9099731445312,511.73614501953125,4149000.0
2025-10-23,518.3300170898438,522.8900146484375,513.010009765625,520.5,518.2982788085938,2619400.0
2025-10-24,522.8599853515625,527.22998046875,521.02001953125,522.72998046875,520.5188598632812,2392000.0
2025-10-27,527.0499877929688,529.469970703125,521.4299926757812,527.0700073242188,524.8405151367188,2493800.0
2025-10-28,525.9600219726562,530.2899780273438,521.6699829101562,524.469970703125,522.25146484375,2775400.0
2025-10-29,558.1799926757812,596.2100219726562,558.0,585.489990234375,583.0133666992188,6948500.0
2025-10-30,577.8900146484375,593.77001953125,575.77001953125,583.1500244140625,580.6832885742188,2574800.0
2025-10-31,584.030029296875,587.0499877929688,571.3499755859375,577.260009765625,574.8181762695312,2974800.0
2025-11-03,575.9299926757812,576.219970703125,565.3900146484375,570.5900268554688,568.1763916015625,2439400.0
2025-11-04,565.0,566.5,545.2000122070312,547.5800170898438,545.2637329101562,3440700.0
2025-11-05,551.9400024414062,574.010009765625,550.3599853515625,569.1500244140625,566.7424926757812,2701300.0
2025-11-06,573.2000122070312,583.989990234375,564.22998046875,569.780029296875,567.369873046875,2245800.0
2025-11-07,563.5499877929688,565.5800170898438,550.3300170898438,563.0999755859375,560.7180786132812,2320100.0
2025-11-10,570.0,574.1799926757812,561.510009765625,570.8499755859375,568.4352416992188,1829900.0
2025-11-11,568.719970703125,570.4500122070312,560.260009765625,567.9299926757812,565.5276489257812,1517400.0
2025-11-12,570.5,581.27001953125,570.5,573.02001953125,570.5961303710938,2645100.0
2025-11-13,572.77001953125,576.8200073242188,544.6300048828125,553.5499877929688,551.20849609375,3458700.0
2025-11-14,548.9600219726562,558.3099975585938,541.0,554.030029296875,551.6865234375,2764500.0
2025-11-17,552.5900268554688,561.5900268554688,547.5700073242188,552.0499877929688,549.7147827148438,1941100.0
2025-11-18,543.3499755859375,551.5700073242188,538.0499877929688,546.8800048828125,544.5667114257812,1918600.0
2025-11-19,550.0,560.9099731445312,547.6400146484375,553.1099853515625,550.7703247070312,1880900.0
2025-11-20,565.9500122070312,568.8699951171875,541.0,546.1300048828125,543.8198852539062,3195000.0
2025-11-21,545.8200073242188,554.989990234375,537.0800170898438,550.4299926757812,548.1016845703125,2921600.0
2025-11-24,552.1300048828125,565.739990234375,550.6699829101562,559.5999755859375,557.23291015625,4653500.0
2025-11-25,564.5900268554688,567.1400146484375,547.5499877929688,566.6099853515625,564.2131958007812,3105100.0
2025-11-26,566.6099853515625,574.8800048828125,566.02001953125,573.72998046875,571.3031005859375,1995100.0
2025-11-27,566.6099853515625,574.8800048828125,566.02001953125,573.72998046875,571.3031005859375,1995100.0
2025-11-28,573.7899780273438,577.3599853515625,572.4000244140625,575.760009765625,573.3245849609375,1019500.0
2025-12-01,570.4099731445312,575.5900268554688,567.0,568.0599975585938,565.6571044921875,1764500.0
2025-12-02,571.3300170898438,585.5599975585938,569.0599975585938,582.469970703125,580.006103515625,2749500.0
2025-12-03,581.4000244140625,593.239990234375,562.2100219726562,591.489990234375,588.9879760742188,2545700.0
2025-12-04,590.1799926757812,602.719970703125,587.0,599.1500244140625,596.6156005859375,2313600.0
2025-12-05,604.0,607.0,597.739990234375,603.1699829101562,600.6185302734375,2177300.0
2025-12-08,604.6599731445312,604.8499755859375,591.9299926757812,596.5,593.976806640625,1822500.0
2025-12-09,593.0499877929688,599.989990234375,592.22998046875,594.3599853515625,591.8458251953125,1755300.0
2025-12-10,600.1300048828125,617.22998046875,598.6900024414062,615.3499755859375,612.7470092773438,2797900.0
2025-12-11,610.4500122070312,626.8099975585938,604.260009765625,625.6099853515625,622.963623046875,2779500.0
2025-12-12,626.0,627.5,595.780029296875,597.8900146484375,595.3609008789062,4581100.0
2025-12-15,602.530029296875,604.1500244140625,587.8900146484375,589.760009765625,587.2653198242188,3968600.0
2025-12-16,590.7000122070312,598.6599731445312,586.280029296875,588.9299926757812,586.4388427734375,2319400.0
2025-12-17,587.5900268554688,591.0,557.4600219726562,561.8900146484375,559.5132446289062,3753300.0
2025-12-18,568.5,574.6599731445312,561.9099731445312,565.8300170898438,563.4365234375,2193000.0
2025-12-19,572.6900024414062,581.72998046875,570.3300170898438,576.219970703125,573.7825927734375,5355600.0
2025-12-22,584.489990234375,585.7899780273438,575.6900024414062,582.4099731445312,579.9463500976562,2387700.0
2025-12-23,580.5,588.7100219726562,580.5,582.4199829101562,579.9563598632812,1731000.0
2025-12-24,582.6599731445312,587.1300048828125,581.0,583.760009765625,581.2907104492188,947000.0
2025-12-25,582.6599731445312,587.1300048828125,581.0,583.760009765625,581.2907104492188,947000.0
2025-12-26,583.2100219726562,583.8300170898438,578.6500244140625,583.0,580.533935546875,954400.0
2025-12-29,580.0900268554688,583.969970703125,574.6400146484375,578.6099853515625,576.1624755859375,2585700.0
2025-12-30,580.010009765625,580.97998046875,575.510009765625,577.3900146484375,574.9476318359375,1216700.0
2025-12-31,577.2999877929688,578.9400024414062,572.0499877929688,572.8699951171875,570.44677734375,1163900.0
2026-01-01,577.2999877929688,578.9400024414062,572.0499877929688,572.8699951171875,570.44677734375,1163900.0
2026-01-02,577.5900268554688,599.6099853515625,575.3099975585938,598.4099731445312,595.878662109375,2761600.0
2026-01-05,607.8800048828125,621.75,606.219970703125,616.0999755859375,613.493896484375,3444800.0
2026-01-06,616.0,626.77001953125,608.9000244140625,623.0900268554688,620.454345703125,2706800.0
2026-01-07,623.0,625.0,595.780029296875,596.52001953125,593.9967651367188,3312400.0
2026-01-08,596.52001953125,609.5800170898438,594.1699829101562,608.1300048828125,605.5576171875,2075400.0
2026-01-09,609.969970703125,619.1500244140625,608.2000122070312,617.6199951171875,615.0075073242188,1822000.0
2026-01-12,614.6500244140625,630.97998046875,612.9600219726562,629.77001953125,627.1060791015625,1856800.0
2026-01-13,633.2000122070312,644.5900268554688,633.0,636.530029296875,633.8374633789062,1959100.0
2026-01-14,634.0999755859375,639.72998046875,623.0700073242188,638.75,636.048095703125,2105700.0
2026-01-15,644.9400024414062,652.3599853515625,644.0399780273438,647.1799926757812,644.4423828125,2052800.0
2026-01-16,651.969970703125,655.6799926757812,641.010009765625,646.8900146484375,644.1536865234375,2554900.0
2026-01-19,651.969970703125,655.6799926757812,641.010009765625,646.8900146484375,644.1536865234375,2554900.0
2026-01-20,642.0,644.0999755859375,625.1199951171875,629.0,627.8047485351562,2659000.0
2026-01-21,633.6699829101562,647.2000122070312,627.3200073242188,645.3800048828125,644.1536865234375,2490700.0
2026-01-22,649.1099853515625,655.780029296875,640.9000244140625,648.4099731445312,647.1778564453125,1565700.0
2026-01-23,644.1199951171875,646.5,623.5700073242188,626.6199951171875,625.4293212890625,2267800.0
2026-01-26,628.0,639.0,619.260009765625,635.9199829101562,634.7116088867188,2532900.0
2026-01-27,640.0,644.1300048828125,633.22998046875,638.9099731445312,637.6959228515625,1827500.0
2026-01-28,637.969970703125,647.280029296875,628.97998046875,643.280029296875,642.0576782226562,2720700.0
2026-01-29,655.1699829101562,679.989990234375,642.72998046875,665.239990234375,663.9758911132812,4441900.0
2026-01-30,655.6500244140625,677.8300170898438,650.3099975585938,657.3599853515625,656.1109008789062,3300100.0
2026-02-02,659.8200073242188,691.3800048828125,657.4299926757812,690.9099731445312,689.5971069335938,4450000.0
2026-02-03,694.3599853515625,710.030029296875,691.4000244140625,702.8900146484375,701.5543823242188,3524700.0
2026-02-04,707.0,723.1599731445312,675.0,691.8200073242188,690.5054321289062,7146700.0
2026-02-05,681.5399780273438,686.5,665.0700073242188,678.3099975585938,677.0210571289062,2792800.0
2026-02-06,692.5700073242188,727.4000244140625,690.52001953125,726.2000122070312,724.820068359375,3359700.0
2026-02-09,724.5,743.5,721.6099853515625,742.1199951171875,740.7098388671875,2496800.0
2026-02-10,742.75,752.0,737.6699829101562,742.3699951171875,740.9593505859375,4008700.0
2026-02-11,758.6799926757812,775.5399780273438,756.0999755859375,775.0,773.52734375,3926300.0
2026-02-12,776.6900024414062,789.8099975585938,756.010009765625,758.2899780273438,756.8490600585938,4893400.0
2026-02-13,765.0,784.0,747.4199829101562,774.2000122070312,772.7288818359375,3232800.0
2026-02-16,765.0,784.0,747.4199829101562,774.2000122070312,772.7288818359375,3232800.0
2026-02-17,765.0,774.4199829101562,750.0,764.760009765625,763.3068237304688,3450300.0
2026-02-18,765.1099853515625,772.7000122070312,750.3800048828125,751.969970703125,750.5410766601562,2563700.0
2026-02-19,752.0,762.0,744.1500244140625,760.530029296875,759.0848999023438,2908000.0
2026-02-20,755.0,771.969970703125,752.1099853515625,759.739990234375,758.2963256835938,2095100.0
2026-02-23,758.9500122070312,767.97998046875,752.780029296875,756.469970703125,755.0325317382812,2289600.0
2026-02-24,755.0,773.9400024414062,751.6900024414062,768.22998046875,766.7702026367188,2615300.0
2026-02-25,772.5,777.5999755859375,756.739990234375,766.6099853515625,765.1532592773438,2606500.0
2026-02-26,770.6099853515625,770.6099853515625,728.4000244140625,752.9299926757812,751.499267578125,3350900.0
2026-02-27,745.219970703125,751.489990234375,731.0399780273438,742.8300170898438,741.4185180664062,3441900.0
2026-03-02,733.489990234375,755.72998046875,725.0599975585938,752.3200073242188,750.8904418945312,2473100.0
2026-03-03,728.27001953125,731.6699829101562,706.5999755859375,722.1799926757812,720.8077392578125,3332700.0
2026-03-04,737.0900268554688,746.010009765625,730.8400268554688,731.969970703125,730.5791015625,2823700.0
2026-03-05,720.0,728.0700073242188,693.5800170898438,706.0800170898438,704.7383422851562,3713200.0
2026-03-06,682.469970703125,696.3300170898438,675.0700073242188,680.9000244140625,679.606201171875,3564400.0
2026-03-09,665.219970703125,708.6300048828125,662.8499755859375,704.8200073242188,703.480712890625,3584400.0
2026-03-10,712.780029296875,730.7899780273438,710.280029296875,716.6799926757812,715.3181762695312,3089100.0
2026-03-11,713.5,720.4199829101562,703.6300048828125,707.5900268554688,706.2454833984375,1947500.0
2026-03-12,693.0,703.77001953125,679.760009765625,700.6900024414062,699.3585815429688,3231800.0
2026-03-13,704.3400268554688,706.9299926757812,687.1799926757812,693.989990234375,692.6712646484375,2042200.0
2026-03-16,705.3699951171875,710.0,694.5999755859375,699.780029296875,698.4503173828125,2145500.0
2026-03-17,707.3599853515625,709.0,694.9099731445312,702.0,700.6660766601562,1824900.0
2026-03-18,701.3099975585938,711.8400268554688,692.7000122070312,693.6199951171875,692.302001953125,1796200.0
2026-03-19,676.489990234375,693.489990234375,669.0,688.6500244140625,687.3414306640625,2240200.0
2026-03-20,686.6300048828125,694.0599975585938,670.4400024414062,680.8800048828125,679.586181640625,5131100.0
2026-03-23,699.0,712.0,694.5599975585938,701.7000122070312,700.3666381835938,2981000.0
2026-03-24,693.7999877929688,721.1500244140625,693.030029296875,716.6300048828125,715.2682495117188,2098300.0
2026-03-25,727.25,729.3499755859375,717.0,719.0399780273438,717.6736450195312,1591500.0
2026-03-26,710.0700073242188,717.969970703125,696.4299926757812,703.1900024414062,701.8538208007812,2428700.0
2026-03-27,694.469970703125,708.3599853515625,692.3300170898438,695.4000244140625,694.07861328125,2059800.0
2026-03-30,702.2100219726562,702.989990234375,664.5700073242188,667.4299926757812,666.1617431640625,2610000.0
2026-03-31,680.0,708.8900146484375,672.0,708.4600219726562,707.1138305664062,3002200.0
2026-04-01,722.0,740.010009765625,719.739990234375,730.3200073242188,728.9322509765625,2435800.0
2026-04-02,705.5700073242188,735.4099731445312,705.4500122070312,717.219970703125,715.8571166992188,1764300.0
2026-04-03,705.5700073242188,735.4099731445312,705.4500122070312,717.219970703125,715.8571166992188,1764300.0
2026-04-06,716.739990234375,722.5700073242188,704.27001953125,721.239990234375,719.8695068359375,1246500.0
2026-04-07,719.5900268554688,725.72998046875,708.9299926757812,724.4400024414062,723.0634155273438,1549100.0
2026-04-08,764.6199951171875,774.4000244140625,753.0999755859375,771.5800170898438,770.1138916015625,3014000.0
2026-04-09,773.0,795.52001953125,772.989990234375,787.0700073242188,785.5744018554688,2801900.0
2026-04-10,790.6699829101562,797.8499755859375,786.239990234375,790.6599731445312,789.1575927734375,1872000.0
2026-04-13,788.4199829101562,798.5399780273438,785.3300170898438,791.72998046875,790.2255249023438,1820100.0
2026-04-14,796.0,798.0,782.0399780273438,794.25,792.7407836914062,1866300.0
2026-04-15,787.0999755859375,789.969970703125,756.6500244140625,770.1699829101562,768.7064819335938,2764700.0
2026-04-16,768.0,772.8099975585938,754.4500122070312,772.6599731445312,771.1917724609375,2005100.0
2026-04-17,780.510009765625,801.77001953125,776.0,794.6500244140625,793.1400146484375,2818800.0
2026-04-20,790.9000244140625,799.6300048828125,786.8300170898438,798.4000244140625,798.4000244140625,1454100.0
2026-04-21,804.8800048828125,820.2000122070312,797.7899780273438,800.4500122070312,800.4500122070312,2293500.0
2026-04-22,812.5,817.8499755859375,805.47998046875,808.8699951171875,808.8699951171875,1628400.0
2026-04-23,817.1099853515625,845.27001953125,815.4600219726562,835.239990234375,835.239990234375,2601800.0
2026-04-24,839.260009765625,839.5,826.6500244140625,830.7899780273438,830.7899780273438,2253900.0
2026-04-27,829.760009765625,836.02001953125,816.719970703125,828.7899780273438,828.7899780273438,1986700.0
2026-04-28,814.3499755859375,825.0,805.0,817.8699951171875,817.8699951171875,1875600.0
2026-04-29,822.9299926757812,823.2100219726562,809.0999755859375,810.0499877929688,810.0499877929688,2566300.0
2026-04-30,856.6300048828125,896.97998046875,850.7999877929688,890.1099853515625,890.1099853515625,5203300.0
2026-05-01,896.8400268554688,905.0,879.5800170898438,889.6699829101562,889.6699829101562,2376500.0
2026-05-04,887.280029296875,892.8400268554688,869.5900268554688,874.780029296875,874.780029296875,2669900.0
2026-05-05,888.0999755859375,908.9000244140625,888.0999755859375,904.5900268554688,904.5900268554688,2581100.0
2026-05-06,913.5,930.5399780273438,905.3499755859375,926.9299926757812,926.9299926757812,3010600.0
2026-05-07,929.9600219726562,931.3499755859375,886.8800048828125,895.6900024414062,895.6900024414062,2957300.0
2026-05-08,911.0,914.77001953125,893.8499755859375,897.4500122070312,897.4500122070312,2030300.0
2026-05-11,903.6099853515625,929.0,895.0599975585938,926.7899780273438,926.7899780273438,2811700.0
2026-05-12,912.0,915.0900268554688,894.510009765625,912.1400146484375,912.1400146484375,2348900.0
2026-05-13,912.5,922.989990234375,897.3800048828125,902.2999877929688,902.2999877929688,1957100.0
2026-05-14,910.0,920.3499755859375,902.5,920.219970703125,920.219970703125,2095600.0
2026-05-15,898.75,899.72998046875,880.2000122070312,888.3099975585938,888.3099975585938,2907900.0
2026-05-18,893.3200073242188,893.3200073242188,850.8300170898438,863.9500122070312,863.9500122070312,2720500.0
2026-05-19,861.5900268554688,869.8599853515625,845.5499877929688,860.1500244140625,860.1500244140625,3239700.0
2026-05-20,871.219970703125,877.760009765625,857.0599975585938,872.5599975585938,872.5599975585938,2415600.0
2026-05-21,864.9000244140625,872.6699829101562,858.5999755859375,865.9500122070312,865.9500122070312,1860700.0
2026-05-22,878.0,893.8400268554688,861.0599975585938,879.8900146484375,879.8900146484375,1987600.0
2026-05-25,878.0,893.8400268554688,861.0599975585938,879.8900146484375,879.8900146484375,1987600.0
2026-05-26,884.9500122070312,909.5599975585938,878.02001953125,908.5499877929688,908.5499877929688,2255700.0
2026-05-27,905.1799926757812,911.6699829101562,889.8300170898438,909.9299926757812,909.9299926757812,2463400.0
2026-05-28,898.5599975585938,905.0,880.469970703125,887.6699829101562,887.6699829101562,2750600.0
2026-05-29,886.6900024414062,890.8099975585938,866.1900024414062,875.8699951171875,875.8699951171875,5195400.0
2026-06-01,860.1599731445312,873.77001953125,853.3699951171875,865.3599853515625,865.3599853515625,2675000.0
2026-06-02,876.6699829101562,911.9600219726562,873.1199951171875,909.8099975585938,909.8099975585938,2822600.0
2026-06-03,914.4299926757812,936.7100219726562,912.3900146484375,926.1799926757812,926.1799926757812,2509300.0
2026-06-04,913.9849853515625,943.2625122070312,903.0,938.9199829101562,938.9199829101562,1544990.0
