Date,Open,High,Low,Close,Adj Close,Volume
2018-06-04,68.94999694824219,69.4000015258789,67.5999984741211,67.9000015258789,52.094966888427734,5599200.0
2018-06-05,67.72000122070312,68.55999755859375,67.5199966430664,67.55999755859375,51.83409881591797,6333100.0
2018-06-06,67.70999908447266,68.41999816894531,67.30999755859375,67.87999725341797,52.07960891723633,6412200.0
2018-06-07,68.5,69.68000030517578,68.26000213623047,69.4800033569336,53.30718231201172,7693500.0
2018-06-08,69.9800033569336,70.37000274658203,68.93000030517578,69.43000030517578,53.268829345703125,6656100.0
2018-06-11,69.95999908447266,70.98999786376953,69.5199966430664,70.48999786376953,54.08208465576172,6237300.0
2018-06-12,70.06999969482422,70.31999969482422,69.12999725341797,69.43000030517578,53.268829345703125,8329000.0
2018-06-13,69.3499984741211,69.93000030517578,68.66999816894531,69.62000274658203,53.414588928222656,6741100.0
2018-06-14,69.98999786376953,70.0199966430664,67.83999633789062,68.12999725341797,52.271419525146484,5694600.0
2018-06-15,67.44999694824219,67.80000305175781,65.20999908447266,65.36000061035156,50.146202087402344,15982700.0
2018-06-18,65.56999969482422,67.76000213623047,65.38999938964844,66.5999984741211,51.0975456237793,7680100.0
2018-06-19,65.72000122070312,67.04000091552734,65.43000030517578,66.26000213623047,50.836700439453125,5211500.0
2018-06-20,67.16000366210938,67.62999725341797,66.79000091552734,67.47000122070312,51.76506042480469,6323400.0
2018-06-21,66.86000061035156,66.95999908447266,64.79000091552734,65.11000061035156,49.95438766479492,7439700.0
2018-06-22,67.47000122070312,68.41000366210938,67.25,67.77999877929688,52.00288391113281,10945200.0
2018-06-25,67.79000091552734,68.12999725341797,65.37000274658203,66.13999938964844,50.744632720947266,5274300.0
2018-06-26,66.41000366210938,67.63999938964844,66.16999816894531,67.33999633789062,51.66530227661133,4956700.0
2018-06-27,68.2300033569336,69.5199966430664,68.08999633789062,68.73999786376953,52.73942565917969,7625000.0
2018-06-28,69.30000305175781,69.5,67.94000244140625,68.41000366210938,52.486244201660156,3958100.0
2018-06-29,68.94000244140625,70.62999725341797,68.70999908447266,69.62000274658203,53.414588928222656,7132000.0
2018-07-02,68.91000366210938,69.33000183105469,68.19999694824219,68.58999633789062,52.62433624267578,4952800.0
2018-07-03,69.36000061035156,71.44000244140625,69.36000061035156,69.55999755859375,53.36854934692383,5338400.0
2018-07-04,69.36000061035156,71.44000244140625,69.36000061035156,69.55999755859375,53.36854934692383,5338400.0
2018-07-05,70.05000305175781,70.56999969482422,68.63999938964844,68.93000030517578,52.88521194458008,5719800.0
2018-07-06,68.69000244140625,69.80999755859375,68.47000122070312,69.6500015258789,53.43760299682617,4429600.0
2018-07-09,70.1500015258789,71.0,69.87999725341797,71.0,54.47337341308594,5271400.0
2018-07-10,71.48999786376953,72.0,71.36000061035156,71.73999786376953,55.041107177734375,5246400.0
2018-07-11,70.91999816894531,71.76000213623047,69.43000030517578,70.05000305175781,53.74452209472656,5636400.0
2018-07-12,70.86000061035156,71.69999694824219,70.41000366210938,71.44999694824219,54.818634033203125,6386700.0
2018-07-13,71.37000274658203,72.56999969482422,71.3499984741211,72.0,55.2406120300293,6313300.0
2018-07-16,70.87999725341797,71.58999633789062,69.54000091552734,70.58000183105469,54.1511344909668,6216200.0
2018-07-17,70.22000122070312,70.69000244140625,69.0999984741211,70.27999877929688,53.920963287353516,5724000.0
2018-07-18,69.4800033569336,70.5,68.80999755859375,70.3499984741211,53.97465896606445,5667700.0
2018-07-19,70.12999725341797,70.44000244140625,69.48999786376953,69.69000244140625,53.468292236328125,5959200.0
2018-07-20,69.75,70.13999938964844,69.69000244140625,70.01000213623047,53.93437194824219,5617200.0
2018-07-23,70.5,70.62000274658203,69.88999938964844,69.9800033569336,53.911277770996094,7936900.0
2018-07-24,70.69999694824219,71.55000305175781,70.37000274658203,70.8499984741211,54.58150100708008,4709100.0
2018-07-25,70.91999816894531,71.5999984741211,70.48999786376953,71.51000213623047,55.08994674682617,5148300.0
2018-07-26,71.22000122070312,71.94000244140625,70.61000061035156,71.80000305175781,55.31336212158203,7360100.0
2018-07-27,71.4800033569336,72.2699966430664,71.19000244140625,71.44999694824219,55.043731689453125,5587200.0
2018-07-30,72.30000305175781,72.94000244140625,72.13999938964844,72.2699966430664,55.67544174194336,4934100.0
2018-07-31,72.54000091552734,72.77999877929688,71.87999725341797,72.16999816894531,55.59841537475586,5422200.0
2018-08-01,71.5199966430664,72.05000305175781,70.91000366210938,71.80999755859375,55.321067810058594,5313200.0
2018-08-02,71.36000061035156,71.68000030517578,70.9800033569336,71.55999755859375,55.12845993041992,4669400.0
2018-08-03,71.25,71.4800033569336,70.61000061035156,71.29000091552734,54.920467376708984,4028500.0
2018-08-06,71.44000244140625,72.1500015258789,71.06999969482422,71.7300033569336,55.25944900512695,7177600.0
2018-08-07,72.55000305175781,73.76000213623047,72.38999938964844,72.9000015258789,56.1607666015625,5631400.0
2018-08-08,72.2300033569336,72.54000091552734,70.7300033569336,71.38999938964844,54.997501373291016,5784400.0
2018-08-09,72.19999694824219,72.63999938964844,71.5199966430664,71.75,55.27482986450195,5975600.0
2018-08-10,71.5999984741211,72.02999877929688,71.23999786376953,71.94000244140625,55.42121887207031,4855500.0
2018-08-13,71.91000366210938,72.5199966430664,71.01000213623047,71.06999969482422,54.750980377197266,4322200.0
2018-08-14,71.93000030517578,72.69000244140625,71.70999908447266,72.1500015258789,55.583003997802734,5223300.0
2018-08-15,71.27999877929688,71.37000274658203,67.70999908447266,67.81999969482422,52.24723815917969,7944500.0
2018-08-16,68.2699966430664,69.66000366210938,68.22000122070312,69.41000366210938,53.472164154052734,5453000.0
2018-08-17,69.87000274658203,70.11000061035156,69.31999969482422,69.7699966430664,53.749488830566406,4435200.0
2018-08-20,69.68000030517578,71.06999969482422,69.68000030517578,70.5199966430664,54.32728576660156,4659000.0
2018-08-21,71.04000091552734,71.55999755859375,70.79000091552734,70.88999938964844,54.612327575683594,3717600.0
2018-08-22,71.45999908447266,72.51000213623047,71.37999725341797,72.0,55.467437744140625,5019300.0
2018-08-23,71.55000305175781,72.11000061035156,71.22000122070312,72.05000305175781,55.50596237182617,3995500.0
2018-08-24,72.73999786376953,73.55999755859375,72.33999633789062,72.61000061035156,55.937381744384766,4934000.0
2018-08-27,72.61000061035156,73.18000030517578,72.61000061035156,72.83999633789062,56.11455535888672,3389300.0
2018-08-28,72.83999633789062,73.08999633789062,71.91999816894531,72.05000305175781,55.50596237182617,4072200.0
2018-08-29,72.7699966430664,73.73999786376953,72.4800033569336,73.54000091552734,56.65380859375,4887000.0
2018-08-30,73.68000030517578,74.43000030517578,73.26000213623047,73.55999755859375,56.66923522949219,5141200.0
2018-08-31,73.08000183105469,73.54000091552734,72.97000122070312,73.43000030517578,56.56906509399414,4152300.0
2018-09-03,73.08000183105469,73.54000091552734,72.97000122070312,73.43000030517578,56.56906509399414,4152300.0
2018-09-04,73.93000030517578,74.13999938964844,72.83000183105469,73.11000061035156,56.32257080078125,3447600.0
2018-09-05,72.83999633789062,73.11000061035156,72.04000091552734,73.0,56.23784255981445,5080200.0
2018-09-06,72.16999816894531,72.47000122070312,70.51000213623047,70.54000091552734,54.34266662597656,5443700.0
2018-09-07,69.93000030517578,70.62000274658203,69.41999816894531,70.22000122070312,54.09614944458008,4370600.0
2018-09-10,70.55999755859375,71.6500015258789,70.5199966430664,71.1500015258789,54.81260299682617,5188600.0
2018-09-11,70.98999786376953,72.08000183105469,70.5999984741211,71.47000122070312,55.059112548828125,4172200.0
2018-09-12,72.1500015258789,72.52999877929688,71.69000244140625,71.97000122070312,55.44432830810547,6137200.0
2018-09-13,71.98999786376953,72.58000183105469,71.12000274658203,72.55000305175781,55.891151428222656,4038600.0
2018-09-14,72.41000366210938,73.93000030517578,72.41000366210938,73.5,56.623023986816406,4618500.0
2018-09-17,73.70999908447266,74.9000015258789,73.62000274658203,74.23999786376953,57.19308090209961,6010100.0
2018-09-18,74.75,75.7300033569336,74.62999725341797,75.04000091552734,57.80939483642578,5989500.0
2018-09-19,75.0,75.86000061035156,74.6500015258789,75.52999877929688,58.1868782043457,3952800.0
2018-09-20,75.0999984741211,76.1500015258789,74.80999755859375,75.36000061035156,58.05592727661133,5220300.0
2018-09-21,75.7699966430664,76.66000366210938,75.36000061035156,76.27999877929688,58.764671325683594,15114300.0
2018-09-24,77.0,77.9000015258789,76.79000091552734,77.05999755859375,59.365562438964844,6377300.0
2018-09-25,77.94999694824219,78.61000061035156,77.63999938964844,78.11000061035156,60.174468994140625,6145100.0
2018-09-26,77.73999786376953,78.38999938964844,77.19999694824219,77.27999877929688,59.53501892089844,6148000.0
2018-09-27,77.72000122070312,77.98999786376953,77.30999755859375,77.5199966430664,59.71992111206055,4367000.0
2018-09-28,77.31999969482422,78.68000030517578,77.31999969482422,77.4000015258789,59.627498626708984,6190100.0
2018-10-01,77.7699966430664,80.23999786376953,77.73999786376953,79.88999938964844,61.545738220214844,6407200.0
2018-10-02,79.29000091552734,79.47000122070312,78.22000122070312,78.27999877929688,60.30542755126953,4534600.0
2018-10-03,78.62999725341797,78.91000366210938,77.88999938964844,78.56999969482422,60.52882766723633,6825500.0
2018-10-04,78.41000366210938,78.87999725341797,77.58999633789062,78.27999877929688,60.30542755126953,4457100.0
2018-10-05,78.0,78.56999969482422,77.58999633789062,78.38999938964844,60.39015579223633,6535600.0
2018-10-08,77.7300033569336,78.7699966430664,77.2699966430664,78.27999877929688,60.30542755126953,4034400.0
2018-10-09,78.58999633789062,79.95999908447266,78.13999938964844,79.4000015258789,61.168277740478516,4869600.0
2018-10-10,79.56999969482422,79.6500015258789,75.01000213623047,75.08999633789062,57.847923278808594,8332100.0
2018-10-11,74.16000366210938,74.7699966430664,71.93000030517578,72.79000091552734,56.0760383605957,9326500.0
2018-10-12,73.72000122070312,74.25,72.58999633789062,73.83000183105469,57.1165657043457,6296100.0
2018-10-15,73.83000183105469,74.19000244140625,73.01000213623047,73.2699966430664,56.68333435058594,6125000.0
2018-10-16,73.76000213623047,74.18000030517578,73.2300033569336,73.80000305175781,57.09335708618164,5726200.0
2018-10-17,74.06999969482422,74.06999969482422,72.22000122070312,72.4800033569336,56.072181701660156,7302700.0
2018-10-18,71.62000274658203,73.18000030517578,71.51000213623047,72.58999633789062,56.15727233886719,7800900.0
2018-10-19,72.66999816894531,73.9000015258789,72.26000213623047,72.48999786376953,56.07990264892578,5658000.0
2018-10-22,72.61000061035156,72.7699966430664,71.26000213623047,72.05000305175781,55.73951721191406,5385700.0
2018-10-23,70.54000091552734,70.58999633789062,68.20999908447266,69.22000122070312,53.55016326904297,7502000.0
2018-10-24,69.69999694824219,70.0199966430664,65.0,65.69000244140625,50.819278717041016,9260000.0
2018-10-25,67.87999725341797,68.69000244140625,66.54000091552734,68.0199966430664,52.621826171875,8727300.0
2018-10-26,66.95999908447266,69.06999969482422,66.66999816894531,68.4800033569336,52.977684020996094,8193800.0
2018-10-29,69.18000030517578,69.70999908447266,66.22000122070312,67.3499984741211,52.10348892211914,6853100.0
2018-10-30,67.18000030517578,69.70999908447266,66.86000061035156,69.5199966430664,53.78224563598633,6506900.0
2018-10-31,70.38999938964844,71.81999969482422,69.75,69.9000015258789,54.07622528076172,6591400.0
2018-11-01,70.19999694824219,70.94999694824219,68.48999786376953,69.58000183105469,53.82867431640625,7826500.0
2018-11-02,69.69000244140625,70.25,67.37999725341797,67.83999633789062,52.48256301879883,5725200.0
2018-11-05,68.69000244140625,69.5,68.25,69.02999877929688,53.40317916870117,4955500.0
2018-11-06,69.3499984741211,69.56999969482422,68.25,69.5,53.766780853271484,6150200.0
2018-11-07,70.73999786376953,71.26000213623047,69.25,70.02999877929688,54.17679977416992,6585500.0
2018-11-08,69.76000213623047,70.30999755859375,66.66999816894531,66.91000366210938,51.76309585571289,9826900.0
2018-11-09,65.7300033569336,67.20999908447266,64.79000091552734,66.7300033569336,51.62384796142578,9190700.0
2018-11-12,67.58999633789062,68.06999969482422,65.13999938964844,65.13999938964844,50.39378356933594,6766600.0
2018-11-13,64.77999877929688,65.58000183105469,62.599998474121094,63.720001220703125,49.29524612426758,11213800.0
2018-11-14,64.81999969482422,66.01000213623047,63.52000045776367,64.12000274658203,49.60469055175781,9708500.0
2018-11-15,63.58000183105469,65.29000091552734,63.25,65.20999908447266,50.44793701171875,7782600.0
2018-11-16,65.58999633789062,66.44000244140625,65.37999725341797,66.12000274658203,51.15193557739258,7993600.0
2018-11-19,65.37000274658203,66.7300033569336,65.02999877929688,66.44000244140625,51.39948654174805,7793900.0
2018-11-20,65.55999755859375,65.55999755859375,63.220001220703125,63.9900016784668,49.50411605834961,7453900.0
2018-11-21,64.41000366210938,66.1500015258789,64.22000122070312,65.4800033569336,50.65681457519531,6392600.0
2018-11-22,64.41000366210938,66.1500015258789,64.22000122070312,65.4800033569336,50.65681457519531,6392600.0
2018-11-23,62.880001068115234,63.93000030517578,62.40999984741211,63.79999923706055,49.35710906982422,5361000.0
2018-11-26,64.69999694824219,65.5999984741211,64.52999877929688,64.69999694824219,50.053382873535156,6355100.0
2018-11-27,64.7300033569336,65.5999984741211,64.1500015258789,65.27999877929688,50.502098083496094,6116400.0
2018-11-28,65.11000061035156,66.62999725341797,65.08999633789062,66.3499984741211,51.32985305786133,5602100.0
2018-11-29,66.45999908447266,67.51000213623047,66.20999908447266,66.87000274658203,51.73215866088867,4606000.0
2018-11-30,66.02999877929688,66.94000244140625,65.43000030517578,66.18000030517578,51.19834518432617,7175400.0
2018-12-03,68.0999984741211,69.26000213623047,67.55999755859375,69.11000061035156,53.46506881713867,7497100.0
2018-12-04,69.43000030517578,69.72000122070312,66.79000091552734,66.91999816894531,51.77082824707031,7532200.0
2018-12-05,69.43000030517578,69.72000122070312,66.79000091552734,66.91999816894531,51.77082824707031,7532200.0
2018-12-06,64.91999816894531,66.61000061035156,64.30999755859375,66.61000061035156,51.53101348876953,8412000.0
2018-12-07,68.23999786376953,69.12000274658203,65.80999755859375,65.91000366210938,50.989463806152344,8095500.0
2018-12-10,65.08999633789062,65.79000091552734,63.29999923706055,65.19999694824219,50.44020080566406,8750900.0
2018-12-11,66.13999938964844,66.75,64.7300033569336,65.44000244140625,50.62586975097656,5569200.0
2018-12-12,66.05000305175781,67.05999755859375,65.22000122070312,65.2699966430664,50.49435043334961,5544900.0
2018-12-13,65.12000274658203,67.08000183105469,64.88999938964844,66.12999725341797,51.159664154052734,6417200.0
2018-12-14,66.12000274658203,66.29000091552734,64.30999755859375,64.55000305175781,49.93734359741211,6445900.0
2018-12-17,64.56999969482422,64.83999633789062,62.689998626708984,63.119998931884766,48.831058502197266,7018300.0
2018-12-18,63.029998779296875,63.619998931884766,61.470001220703125,61.90999984741211,47.89497756958008,6806200.0
2018-12-19,62.560001373291016,63.7599983215332,60.81999969482422,61.279998779296875,47.407596588134766,7699800.0
2018-12-20,60.27000045776367,61.720001220703125,59.66999816894531,60.0,46.417362213134766,8372900.0
2018-12-21,59.209999084472656,60.970001220703125,58.810001373291016,59.79999923706055,46.26263427734375,15043600.0
2018-12-24,58.83000183105469,59.68000030517578,57.0099983215332,57.0099983215332,44.104225158691406,3842800.0
2018-12-25,58.83000183105469,59.68000030517578,57.0099983215332,57.0099983215332,44.104225158691406,3842800.0
2018-12-26,57.68000030517578,61.529998779296875,56.75,61.5,47.577796936035156,7263900.0
2018-12-27,60.630001068115234,62.2400016784668,59.45000076293945,62.22999954223633,48.14253616333008,6131000.0
2018-12-28,62.75,62.869998931884766,61.150001525878906,61.66999816894531,47.70930099487305,5053700.0
2018-12-31,62.130001068115234,62.72999954223633,61.689998626708984,62.349998474121094,48.23537826538086,5290800.0
2019-01-01,62.130001068115234,62.72999954223633,61.689998626708984,62.349998474121094,48.23537826538086,5290800.0
2019-01-02,60.689998626708984,63.849998474121094,60.43000030517578,63.380001068115234,49.0322151184082,5735400.0
2019-01-03,63.540000915527344,63.709999084472656,61.65999984741211,62.18000030517578,48.103858947753906,4727300.0
2019-01-04,63.08000183105469,63.90999984741211,62.65999984741211,63.75,49.31844711303711,7700100.0
2019-01-07,63.90999984741211,64.2699966430664,62.689998626708984,63.470001220703125,49.101837158203125,6272200.0
2019-01-08,64.20999908447266,64.58000183105469,63.459999084472656,64.31999969482422,49.7594108581543,5774900.0
2019-01-09,65.06999969482422,66.75,64.5999984741211,66.44999694824219,51.4072265625,8350300.0
2019-01-10,65.87000274658203,68.01000213623047,65.43000030517578,67.94000244140625,52.55994415283203,8811100.0
2019-01-11,67.27999877929688,67.33999633789062,65.79000091552734,66.38999938964844,51.36079788208008,6018300.0
2019-01-14,65.62000274658203,66.31999969482422,65.33000183105469,65.61000061035156,50.75738525390625,4972000.0
2019-01-15,66.04000091552734,66.77999877929688,65.76000213623047,66.02999877929688,51.082313537597656,4504100.0
2019-01-16,65.73999786376953,66.2699966430664,65.48999786376953,65.66000366210938,50.79606246948242,5402300.0
2019-01-17,65.05999755859375,67.16999816894531,65.01000213623047,67.05999755859375,51.87914276123047,5997400.0
2019-01-18,67.63999938964844,68.30999755859375,67.16999816894531,67.9000015258789,52.528987884521484,6073800.0
2019-01-21,67.63999938964844,68.30999755859375,67.16999816894531,67.9000015258789,52.528987884521484,6073800.0
2019-01-22,67.0,67.23999786376953,65.58000183105469,65.75,50.86568832397461,6915500.0
2019-01-23,66.22000122070312,66.45999908447266,65.1500015258789,65.86000061035156,50.9507942199707,5938700.0
2019-01-24,65.97000122070312,66.7300033569336,65.44999694824219,66.12000274658203,51.15193557739258,5789900.0
2019-01-25,66.6500015258789,67.61000061035156,66.5199966430664,66.98999786376953,51.82498550415039,4504500.0
2019-01-28,65.87000274658203,65.87000274658203,64.87999725341797,65.3499984741211,50.55624008178711,5942800.0
2019-01-29,66.20999908447266,66.29000091552734,65.25,65.30000305175781,50.517574310302734,5308800.0
2019-01-30,65.80000305175781,66.0999984741211,65.11000061035156,65.69000244140625,50.819278717041016,8087400.0
2019-01-31,66.54000091552734,68.30999755859375,65.9000015258789,67.69000244140625,52.36652374267578,9927700.0
2019-02-01,68.33999633789062,69.44999694824219,68.0999984741211,68.68000030517578,53.13240051269531,7486400.0
2019-02-04,68.19000244140625,70.01000213623047,68.19000244140625,69.93000030517578,54.099422454833984,5593100.0
2019-02-05,69.6500015258789,69.95999908447266,69.11000061035156,69.26000213623047,53.58109664916992,4483900.0
2019-02-06,68.66000366210938,69.55000305175781,68.51000213623047,69.11000061035156,53.46506881713867,4071300.0
2019-02-07,68.37000274658203,68.83000183105469,67.25,67.4800033569336,52.20405197143555,6230300.0
2019-02-08,66.80000305175781,67.08000183105469,65.26000213623047,66.26000213623047,51.492984771728516,6554900.0
2019-02-11,65.58000183105469,67.06999969482422,65.58000183105469,66.73999786376953,51.86600112915039,5200400.0
2019-02-12,68.01000213623047,68.30000305175781,67.23999786376953,67.44999694824219,52.41776657104492,3958000.0
2019-02-13,67.70999908447266,68.83000183105469,67.63999938964844,67.77999877929688,52.67422866821289,5839800.0
2019-02-14,67.5,69.69000244140625,67.5,69.0999984741211,53.700035095214844,5442800.0
2019-02-15,69.94000244140625,70.31999969482422,69.4800033569336,70.18000030517578,54.53934860229492,5173500.0
2019-02-18,69.94000244140625,70.31999969482422,69.4800033569336,70.18000030517578,54.53934860229492,5173500.0
2019-02-19,69.5199966430664,70.01000213623047,69.18000030517578,69.48999786376953,54.00312423706055,5189600.0
2019-02-20,69.45999908447266,70.75,69.44999694824219,70.6500015258789,54.904605865478516,5837100.0
2019-02-21,70.23999786376953,70.83999633789062,69.93000030517578,70.23999786376953,54.585975646972656,5984300.0
2019-02-22,70.8499984741211,71.01000213623047,69.87000274658203,69.97000122070312,54.376155853271484,5225500.0
2019-02-25,69.66000366210938,70.01000213623047,69.2300033569336,69.25,53.816627502441406,5160900.0
2019-02-26,69.0999984741211,69.52999877929688,68.73999786376953,68.91999816894531,53.56016540527344,4689900.0
2019-02-27,69.29000091552734,70.33999633789062,68.76000213623047,69.22000122070312,53.79330825805664,5355700.0
2019-02-28,69.1500015258789,69.19000244140625,67.66000366210938,67.8499984741211,52.72862243652344,8154300.0
2019-03-01,68.08999633789062,69.11000061035156,68.08999633789062,68.93000030517578,53.56793212890625,7372600.0
2019-03-04,69.5999984741211,70.05999755859375,68.7300033569336,69.9000015258789,54.321746826171875,6625800.0
2019-03-05,70.0,70.05999755859375,68.5199966430664,69.01000213623047,53.63010787963867,7635500.0
2019-03-06,68.61000061035156,68.63999938964844,67.94000244140625,68.29000091552734,53.07056427001953,7296300.0
2019-03-07,68.36000061035156,68.4000015258789,67.55000305175781,67.94999694824219,52.806339263916016,6964300.0
2019-03-08,66.69999694824219,66.69999694824219,64.91000366210938,65.43000030517578,50.847957611083984,8068800.0
2019-03-11,66.19999694824219,66.33999633789062,65.33999633789062,65.87000274658203,51.18989944458008,8703500.0
2019-03-12,66.16999816894531,66.41999816894531,65.1500015258789,65.62999725341797,51.00338363647461,11790200.0
2019-03-13,66.08999633789062,67.36000061035156,66.02999877929688,67.3499984741211,52.34005355834961,8324800.0
2019-03-14,67.27999877929688,67.86000061035156,66.97000122070312,67.0199966430664,52.0836067199707,7315500.0
2019-03-15,66.55999755859375,67.93000030517578,66.52999877929688,67.58999633789062,52.52656936645508,16733200.0
2019-03-18,67.87999725341797,68.30000305175781,67.30000305175781,67.61000061035156,52.542110443115234,7712200.0
2019-03-19,68.13999938964844,68.5,67.0999984741211,67.3499984741211,52.34005355834961,6456400.0
2019-03-20,67.38999938964844,68.16000366210938,66.66999816894531,67.54000091552734,52.48770523071289,7117300.0
2019-03-21,67.7300033569336,68.27999877929688,67.26000213623047,68.13999938964844,52.9539909362793,5580900.0
2019-03-22,67.45999908447266,67.75,65.38999938964844,66.06999969482422,51.34531784057617,5182100.0
2019-03-25,66.04000091552734,67.48999786376953,65.5199966430664,67.06999969482422,52.12245559692383,8070000.0
2019-03-26,67.97000122070312,69.5999984741211,67.91000366210938,68.55999755859375,53.2804069519043,7245200.0
2019-03-27,68.30000305175781,69.08000183105469,67.58000183105469,67.91000366210938,52.77524948120117,5015600.0
2019-03-28,67.4000015258789,67.61000061035156,66.76000213623047,67.37999725341797,52.36337661743164,5122100.0
2019-03-29,68.27999877929688,68.54000091552734,66.58000183105469,66.73999786376953,51.86600112915039,6810900.0
2019-04-01,67.48999786376953,68.12000274658203,67.30999755859375,67.69000244140625,52.60429382324219,5309000.0
2019-04-02,67.58999633789062,67.83000183105469,66.08999633789062,66.3499984741211,51.56290817260742,5833000.0
2019-04-03,66.80999755859375,66.95999908447266,65.16999816894531,65.51000213623047,50.910118103027344,5490800.0
2019-04-04,65.56999969482422,65.7699966430664,64.97000122070312,65.16000366210938,50.638126373291016,6397900.0
2019-04-05,65.51000213623047,66.19000244140625,65.26000213623047,66.12000274658203,51.384185791015625,8337800.0
2019-04-08,66.51000213623047,67.5199966430664,66.19000244140625,66.55000305175781,51.71834945678711,5705200.0
2019-04-09,66.20999908447266,66.27999877929688,65.44999694824219,65.69999694824219,51.05778503417969,4707300.0
2019-04-10,66.08000183105469,67.18000030517578,66.02999877929688,66.97000122070312,52.044742584228516,6629000.0
2019-04-11,66.63999938964844,67.5999984741211,65.72000122070312,66.37000274658203,51.57845687866211,9486900.0
2019-04-12,67.55999755859375,68.22000122070312,67.25,67.37000274658203,52.35560607910156,9913100.0
2019-04-15,67.05999755859375,67.2300033569336,66.20999908447266,66.33999633789062,51.55516052246094,7284800.0
2019-04-16,66.76000213623047,66.91000366210938,65.83999633789062,65.83999633789062,51.16658401489258,7790500.0
2019-04-17,66.48999786376953,67.0,65.77999877929688,65.77999877929688,51.119956970214844,7907100.0
2019-04-18,65.94000244140625,66.38999938964844,65.5199966430664,65.9000015258789,51.21322250366211,6033400.0
2019-04-19,65.94000244140625,66.38999938964844,65.5199966430664,65.9000015258789,51.21322250366211,6033400.0
2019-04-22,66.69999694824219,67.30000305175781,66.33000183105469,66.95999908447266,52.0369873046875,9061600.0
2019-04-23,66.98999786376953,67.41999816894531,66.43000030517578,66.44999694824219,51.64063262939453,8133500.0
2019-04-24,67.0,67.0,64.69000244140625,64.69999694824219,50.2806510925293,7624600.0
2019-04-25,64.62999725341797,64.6500015258789,63.93000030517578,63.970001220703125,49.71334457397461,7305000.0
2019-04-26,63.58000183105469,63.650001525878906,62.08000183105469,62.779998779296875,48.788551330566406,9216800.0
2019-04-29,62.77000045776367,63.119998931884766,62.36000061035156,62.650001525878906,48.68752670288086,6769300.0
2019-04-30,63.54999923706055,63.970001220703125,62.54999923706055,63.119998931884766,49.05276870727539,9358300.0
2019-05-01,63.72999954223633,64.52999877929688,62.66999816894531,62.66999816894531,48.70306396484375,12032000.0
2019-05-02,62.20000076293945,63.310001373291016,61.279998779296875,61.290000915527344,47.630619049072266,12614200.0
2019-05-03,61.900001525878906,62.880001068115234,61.52000045776367,62.0099983215332,48.190155029296875,6883800.0
2019-05-06,61.25,62.349998474121094,60.97999954223633,61.880001068115234,48.089115142822266,7402400.0
2019-05-07,61.15999984741211,61.34000015258789,60.29999923706055,61.0,47.405242919921875,6452200.0
2019-05-08,61.040000915527344,62.13999938964844,60.959999084472656,61.43000030517578,47.739410400390625,4809000.0
2019-05-09,60.83000183105469,61.83000183105469,60.650001525878906,61.540000915527344,47.82490539550781,7799800.0
2019-05-10,61.27000045776367,62.279998779296875,60.470001220703125,61.91999816894531,48.35988998413086,6411500.0
2019-05-13,61.4900016784668,61.90999984741211,60.81999969482422,61.189998626708984,47.78975296020508,6280300.0
2019-05-14,61.4900016784668,62.88999938964844,61.439998626708984,62.31999969482422,48.67229080200195,5259000.0
2019-05-15,62.0,62.31999969482422,61.29999923706055,62.040000915527344,48.453609466552734,6316300.0
2019-05-16,62.599998474121094,63.130001068115234,62.5,62.56999969482422,48.8675422668457,5312500.0
2019-05-17,61.970001220703125,62.56999969482422,61.81999969482422,62.099998474121094,48.500465393066406,4906100.0
2019-05-20,62.029998779296875,62.560001373291016,61.880001068115234,62.45000076293945,48.77382278442383,4794800.0
2019-05-21,62.70000076293945,63.959999084472656,62.689998626708984,63.619998931884766,49.68760681152344,5855300.0
2019-05-22,63.06999969482422,63.709999084472656,62.7400016784668,63.04999923706055,49.24242401123047,5156300.0
2019-05-23,61.84000015258789,61.970001220703125,59.220001220703125,59.5,46.46986770629883,8896800.0
2019-05-24,60.02000045776367,60.40999984741211,58.93000030517578,59.880001068115234,46.76663589477539,6070700.0
2019-05-27,60.02000045776367,60.40999984741211,58.93000030517578,59.880001068115234,46.76663589477539,6070700.0
2019-05-28,60.029998779296875,60.63999938964844,59.779998779296875,60.04999923706055,46.89940643310547,5685800.0
2019-05-29,59.290000915527344,60.349998474121094,58.939998626708984,60.13999938964844,46.969696044921875,6828300.0
2019-05-30,60.06999969482422,60.310001373291016,58.599998474121094,58.95000076293945,46.0402946472168,5817900.0
2019-05-31,58.04999923706055,59.400001525878906,57.81999969482422,58.959999084472656,46.04811477661133,6939500.0
2019-06-03,59.06999969482422,60.20000076293945,59.02000045776367,59.41999816894531,46.407371520996094,6541500.0
2019-06-04,59.869998931884766,60.0,58.959999084472656,59.099998474121094,46.15745162963867,7260500.0
2019-06-05,59.209999084472656,59.29999923706055,56.97999954223633,57.08000183105469,44.579830169677734,11839200.0
2019-06-06,57.380001068115234,58.529998779296875,57.290000915527344,58.20000076293945,45.45454788208008,7370600.0
2019-06-07,58.310001373291016,59.310001373291016,58.150001525878906,58.959999084472656,46.04811477661133,5893000.0
2019-06-10,59.33000183105469,59.689998626708984,58.790000915527344,59.2599983215332,46.282413482666016,5268400.0
2019-06-11,59.689998626708984,59.869998931884766,58.65999984741211,58.72999954223633,45.86848068237305,5280300.0
2019-06-12,58.16999816894531,58.61000061035156,57.880001068115234,58.54999923706055,45.727901458740234,5677400.0
2019-06-13,59.349998474121094,59.619998931884766,58.86000061035156,59.060001373291016,46.126216888427734,5174200.0
2019-06-14,59.060001373291016,59.38999938964844,58.689998626708984,58.81999969482422,45.93877029418945,3590500.0
2019-06-17,58.349998474121094,59.11000061035156,58.279998779296875,59.0099983215332,46.087162017822266,4575000.0
2019-06-18,59.43000030517578,60.220001220703125,59.209999084472656,59.83000183105469,46.727577209472656,4980000.0
2019-06-19,59.75,60.290000915527344,59.38999938964844,59.650001525878906,46.587013244628906,4469100.0
2019-06-20,60.72999954223633,61.20000076293945,60.400001525878906,60.70000076293945,47.407073974609375,9437900.0
2019-06-21,60.70000076293945,60.9900016784668,60.27000045776367,60.33000183105469,47.11809539794922,9147100.0
2019-06-24,60.31999969482422,60.779998779296875,60.27000045776367,60.52000045776367,47.26648712158203,3701800.0
2019-06-25,60.29999923706055,60.880001068115234,59.7599983215332,59.77000045776367,46.68072509765625,5024000.0
2019-06-26,60.83000183105469,63.29999923706055,60.81999969482422,62.75,49.00812530517578,9509900.0
2019-06-27,62.58000183105469,62.86000061035156,60.880001068115234,61.27000045776367,47.852237701416016,6004700.0
2019-06-28,61.27000045776367,61.689998626708984,60.68000030517578,61.0,47.641361236572266,6108800.0
2019-07-01,62.0,62.810001373291016,61.709999084472656,62.25,48.61760711669922,6272200.0
2019-07-02,62.22999954223633,62.33000183105469,59.90999984741211,60.099998474121094,46.93845748901367,8132300.0
2019-07-03,60.52000045776367,60.7599983215332,59.9900016784668,60.5,47.2508659362793,4881900.0
2019-07-04,60.52000045776367,60.7599983215332,59.9900016784668,60.5,47.2508659362793,4881900.0
2019-07-05,60.189998626708984,60.58000183105469,59.59000015258789,59.900001525878906,46.782249450683594,4584300.0
2019-07-08,59.79999923706055,60.54999923706055,59.75,59.88999938964844,46.77444839477539,7176000.0
2019-07-09,59.97999954223633,60.18000030517578,59.0,59.88999938964844,46.77444839477539,6057000.0
2019-07-10,60.47999954223633,61.27000045776367,60.25,61.209999084472656,47.805362701416016,5983900.0
2019-07-11,61.04999923706055,61.470001220703125,60.7599983215332,61.459999084472656,48.00062942504883,4194600.0
2019-07-12,61.45000076293945,61.959999084472656,61.279998779296875,61.7599983215332,48.23493957519531,4806300.0
2019-07-15,61.849998474121094,61.90999984741211,60.58000183105469,60.650001525878906,47.368019104003906,5051000.0
2019-07-16,60.650001525878906,60.83000183105469,59.56999969482422,59.75,46.66511154174805,6011300.0
2019-07-17,60.11000061035156,60.540000915527344,59.77000045776367,59.779998779296875,46.688533782958984,7055900.0
2019-07-18,60.060001373291016,60.439998626708984,59.790000915527344,60.31999969482422,47.11027526855469,5711600.0
2019-07-19,59.93000030517578,60.58000183105469,59.36000061035156,60.33000183105469,47.35755157470703,5136000.0
2019-07-22,60.459999084472656,60.95000076293945,59.970001220703125,60.439998626708984,47.44389343261719,3320500.0
2019-07-23,60.34000015258789,60.459999084472656,59.84000015258789,60.279998779296875,47.31830596923828,4431900.0
2019-07-24,60.130001068115234,60.720001220703125,59.88999938964844,60.08000183105469,47.16131591796875,4405000.0
2019-07-25,60.59000015258789,60.599998474121094,58.900001525878906,59.040000915527344,46.34493637084961,5019300.0
2019-07-26,58.900001525878906,59.36000061035156,58.439998626708984,58.75,46.117286682128906,6704100.0
2019-07-29,58.689998626708984,58.810001373291016,57.47999954223633,58.189998626708984,45.67770004272461,6597500.0
2019-07-30,57.099998474121094,59.86000061035156,57.02000045776367,59.5099983215332,46.713863372802734,5927800.0
2019-07-31,59.47999954223633,59.7400016784668,58.380001068115234,59.08000183105469,46.37632751464844,8268500.0
2019-08-01,58.08000183105469,60.279998779296875,57.88999938964844,58.79999923706055,46.156532287597656,7924200.0
2019-08-02,58.939998626708984,59.310001373291016,56.31999969482422,56.470001220703125,44.327537536621094,7697700.0
2019-08-05,55.54999923706055,55.709999084472656,54.22999954223633,54.68000030517578,42.92243957519531,7474600.0
2019-08-06,55.02000045776367,55.029998779296875,53.91999816894531,54.22999954223633,42.56919860839844,6166900.0
2019-08-07,53.279998779296875,53.720001220703125,52.29999923706055,53.31999969482422,41.85486602783203,9289600.0
2019-08-08,53.779998779296875,55.09000015258789,53.29999923706055,55.06999969482422,43.228572845458984,7444800.0
2019-08-09,54.959999084472656,55.470001220703125,53.97999954223633,54.0099983215332,42.396507263183594,5391700.0
2019-08-12,53.790000915527344,53.93000030517578,52.849998474121094,53.119998931884766,41.6978874206543,4726100.0
2019-08-13,52.84000015258789,54.83000183105469,52.439998626708984,53.869998931884766,42.28661346435547,6461800.0
2019-08-14,52.459999084472656,52.86000061035156,51.5099983215332,51.779998779296875,40.64600372314453,7851800.0
2019-08-15,51.400001525878906,52.0099983215332,50.59000015258789,50.90999984741211,39.963077545166016,6069800.0
2019-08-16,51.04999923706055,51.79999923706055,50.79999923706055,51.470001220703125,40.40266799926758,5273200.0
2019-08-19,52.56999969482422,54.29999923706055,52.459999084472656,53.939998626708984,42.341556549072266,9315400.0
2019-08-20,53.5099983215332,53.599998474121094,52.650001525878906,52.709999084472656,41.37603759765625,5297700.0
2019-08-21,53.33000183105469,53.66999816894531,52.38999938964844,52.630001068115234,41.3132438659668,6044600.0
2019-08-22,52.90999984741211,53.349998474121094,52.22999954223633,52.2599983215332,41.022796630859375,4316200.0
2019-08-23,51.650001525878906,52.189998626708984,50.130001068115234,50.41999816894531,39.57844161987305,7133400.0
2019-08-26,51.04999923706055,51.709999084472656,50.689998626708984,51.369998931884766,40.32416915893555,4989100.0
2019-08-27,51.72999954223633,51.849998474121094,50.52000045776367,50.97999954223633,40.018035888671875,5342100.0
2019-08-28,51.40999984741211,52.2400016784668,51.25,51.95000076293945,40.77945327758789,4880300.0
2019-08-29,52.310001373291016,52.95000076293945,52.209999084472656,52.290000915527344,41.04635238647461,6401900.0
2019-08-30,52.36000061035156,52.939998626708984,51.619998931884766,52.18000030517578,40.959999084472656,5131500.0
2019-09-02,52.36000061035156,52.939998626708984,51.619998931884766,52.18000030517578,40.959999084472656,5131500.0
2019-09-03,51.04999923706055,52.119998931884766,50.7400016784668,52.040000915527344,40.850101470947266,5142300.0
2019-09-04,52.790000915527344,53.47999954223633,52.599998474121094,53.29999923706055,41.839168548583984,5803100.0
2019-09-05,53.59000015258789,54.2400016784668,53.290000915527344,53.439998626708984,41.949073791503906,6014500.0
2019-09-06,53.08000183105469,53.790000915527344,52.68000030517578,53.630001068115234,42.09821319580078,4635000.0
2019-09-09,54.20000076293945,55.04999923706055,53.869998931884766,54.970001220703125,43.15008544921875,6176800.0
2019-09-10,55.540000915527344,57.4900016784668,55.38999938964844,56.31999969482422,44.20979690551758,8567700.0
2019-09-11,56.72999954223633,57.47999954223633,56.290000915527344,57.20000076293945,44.900577545166016,7940300.0
2019-09-12,55.9900016784668,56.970001220703125,55.58000183105469,56.349998474121094,44.23334503173828,5712300.0
2019-09-13,56.97999954223633,57.70000076293945,56.869998931884766,57.34000015258789,45.01046371459961,7885300.0
2019-09-16,61.45000076293945,63.150001525878906,60.5099983215332,62.529998779296875,49.084495544433594,17898000.0
2019-09-17,62.470001220703125,63.220001220703125,60.20000076293945,61.220001220703125,48.05618667602539,13487100.0
2019-09-18,60.0,60.369998931884766,59.27000045776367,60.0099983215332,47.10634994506836,7412500.0
2019-09-19,60.47999954223633,60.689998626708984,59.75,59.970001220703125,47.0749626159668,6270700.0
2019-09-20,60.25,61.220001220703125,60.130001068115234,60.81999969482422,47.742183685302734,18124800.0
2019-09-23,60.0,60.66999816894531,59.86000061035156,60.18000030517578,47.239803314208984,6729300.0
2019-09-24,59.9900016784668,60.060001373291016,58.349998474121094,59.29999923706055,46.54903030395508,9370200.0
2019-09-25,58.459999084472656,59.5,58.29999923706055,59.47999954223633,46.69031524658203,5788200.0
2019-09-26,59.060001373291016,59.130001068115234,57.290000915527344,57.68000030517578,45.277366638183594,6655400.0
2019-09-27,57.060001373291016,58.34000015258789,56.959999084472656,57.900001525878906,45.45005798339844,4329300.0
2019-09-30,57.56999969482422,57.90999984741211,56.689998626708984,56.97999954223633,44.72789001464844,5923700.0
2019-10-01,57.5,57.70000076293945,55.029998779296875,55.150001525878906,43.291378021240234,6329000.0
2019-10-02,54.790000915527344,55.040000915527344,53.0,53.06999969482422,41.65863037109375,6135600.0
2019-10-03,52.790000915527344,53.810001373291016,52.29999923706055,53.65999984741211,42.12176513671875,4238200.0
2019-10-04,53.529998779296875,53.9900016784668,52.70000076293945,53.5,41.99616622924805,5148300.0
2019-10-07,54.150001525878906,55.630001068115234,53.79999923706055,54.599998474121094,42.85963439941406,8158600.0
2019-10-08,53.900001525878906,55.380001068115234,53.72999954223633,53.900001525878906,42.31016159057617,6968700.0
2019-10-09,54.59000015258789,55.349998474121094,54.290000915527344,54.939998626708984,43.126529693603516,5632100.0
2019-10-10,55.0,56.0099983215332,55.0,55.880001068115234,43.86440658569336,5426500.0
2019-10-11,56.47999954223633,56.9900016784668,56.20000076293945,56.43000030517578,44.296142578125,6810600.0
2019-10-14,55.83000183105469,56.45000076293945,55.63999938964844,56.130001068115234,44.0606575012207,4402900.0
2019-10-15,55.790000915527344,56.4900016784668,55.40999984741211,55.95000076293945,43.91936111450195,6226000.0
2019-10-16,55.43000030517578,55.7400016784668,54.560001373291016,54.61000061035156,43.19172286987305,5190700.0
2019-10-17,54.7599983215332,54.86000061035156,53.97999954223633,54.529998779296875,43.12845230102539,4364300.0
2019-10-18,54.65999984741211,54.880001068115234,53.95000076293945,53.95000076293945,42.66971969604492,5160400.0
2019-10-21,54.25,56.11000061035156,54.08000183105469,55.959999084472656,44.25944900512695,6734100.0
2019-10-22,55.939998626708984,57.650001525878906,55.93000030517578,56.540000915527344,44.718177795410156,6187300.0
2019-10-23,56.619998931884766,56.81999969482422,55.56999969482422,56.25,44.48881149291992,5252400.0
2019-10-24,56.56999969482422,56.900001525878906,55.72999954223633,56.15999984741211,44.417640686035156,4552100.0
2019-10-25,56.09000015258789,56.70000076293945,55.59000015258789,56.349998474121094,44.56790542602539,3046000.0
2019-10-28,56.47999954223633,56.95000076293945,54.86000061035156,55.68000030517578,44.037994384765625,7574600.0
2019-10-29,55.79999923706055,57.970001220703125,54.38999938964844,57.09000015258789,45.15317916870117,8699200.0
2019-10-30,57.439998626708984,57.459999084472656,54.95000076293945,55.040000915527344,43.53181076049805,7907800.0
2019-10-31,54.869998931884766,55.20000076293945,54.130001068115234,55.20000076293945,43.658363342285156,6346400.0
2019-11-01,55.650001525878906,57.4900016784668,55.470001220703125,57.150001525878906,45.20063781738281,6483600.0
2019-11-04,57.7599983215332,58.56999969482422,57.209999084472656,58.0,45.87291717529297,5667900.0
2019-11-05,58.619998931884766,59.33000183105469,58.36000061035156,58.5099983215332,46.27627944946289,7545200.0
2019-11-06,58.25,59.08000183105469,57.349998474121094,57.630001068115234,45.58026885986328,5464900.0
2019-11-07,58.29999923706055,59.630001068115234,58.29999923706055,59.540000915527344,47.09091567993164,9492200.0
2019-11-08,58.88999938964844,59.29999923706055,57.91999816894531,59.15999984741211,46.790382385253906,4769000.0
2019-11-11,58.65999984741211,59.2400016784668,58.29999923706055,58.90999984741211,46.592647552490234,3716200.0
2019-11-12,58.97999954223633,59.45000076293945,57.939998626708984,58.22999954223633,46.05482864379883,4939900.0
2019-11-13,57.84000015258789,58.02000045776367,57.220001220703125,57.560001373291016,45.52490997314453,4644200.0
2019-11-14,57.7599983215332,58.04999923706055,56.959999084472656,57.25,45.27972412109375,3971200.0
2019-11-15,57.560001373291016,58.290000915527344,57.54999923706055,58.25,46.07064437866211,4261900.0
2019-11-18,57.70000076293945,57.779998779296875,56.38999938964844,56.70000076293945,44.844722747802734,5793300.0
2019-11-19,56.83000183105469,57.529998779296875,56.29999923706055,57.16999816894531,45.21645736694336,6588000.0
2019-11-20,57.099998474121094,59.54999923706055,56.91999816894531,59.36000061035156,46.94855880737305,10097500.0
2019-11-21,59.54999923706055,60.54999923706055,59.400001525878906,60.209999084472656,47.62082290649414,10527300.0
2019-11-22,60.4900016784668,61.38999938964844,59.63999938964844,59.900001525878906,47.375648498535156,6575300.0
2019-11-25,60.0,61.15999984741211,59.209999084472656,61.04999923706055,48.28519058227539,7721200.0
2019-11-26,60.79999923706055,61.36000061035156,60.06999969482422,60.11000061035156,47.54173278808594,8151100.0
2019-11-27,60.349998474121094,60.47999954223633,59.27000045776367,60.34000015258789,47.723636627197266,5998400.0
2019-11-28,60.349998474121094,60.47999954223633,59.27000045776367,60.34000015258789,47.723636627197266,5998400.0
2019-11-29,59.61000061035156,60.29999923706055,59.43000030517578,59.939998626708984,47.40727996826172,2707100.0
2019-12-02,60.2400016784668,61.29999923706055,60.02000045776367,60.369998931884766,47.747371673583984,7171500.0
2019-12-03,59.7400016784668,59.90999984741211,58.61000061035156,58.88999938964844,46.576812744140625,6110000.0
2019-12-04,59.36000061035156,61.04999923706055,59.18000030517578,60.630001068115234,47.9530143737793,8036700.0
2019-12-05,61.0,61.27000045776367,59.439998626708984,59.84000015258789,47.32820129394531,5047000.0
2019-12-06,60.310001373291016,62.130001068115234,60.130001068115234,61.970001220703125,49.01283645629883,8311100.0
2019-12-09,61.58000183105469,62.220001220703125,61.380001068115234,61.83000183105469,48.902099609375,5256500.0
2019-12-10,61.84000015258789,62.0099983215332,61.33000183105469,61.7599983215332,48.846744537353516,4630200.0
2019-12-11,61.369998931884766,61.84000015258789,61.029998779296875,61.68000030517578,48.78348159790039,3959200.0
2019-12-12,61.4900016784668,62.95000076293945,61.369998931884766,62.59000015258789,49.503204345703125,5162700.0
2019-12-13,63.45000076293945,64.06999969482422,62.4900016784668,62.70000076293945,49.5902099609375,6965000.0
2019-12-16,63.04999923706055,63.56999969482422,62.529998779296875,62.81999969482422,49.68510818481445,5590000.0
2019-12-17,62.900001525878906,63.779998779296875,62.900001525878906,63.52000045776367,50.238746643066406,6211100.0
2019-12-18,63.470001220703125,63.959999084472656,63.150001525878906,63.20000076293945,49.98565673828125,5598400.0
2019-12-19,62.97999954223633,63.369998931884766,62.90999984741211,63.189998626708984,49.977745056152344,5197100.0
2019-12-20,63.93000030517578,64.0199966430664,63.22999954223633,63.720001220703125,50.396934509277344,11008000.0
2019-12-23,63.66999816894531,64.83000183105469,63.459999084472656,64.5999984741211,51.092933654785156,7019800.0
2019-12-24,64.76000213623047,65.51000213623047,64.61000061035156,64.66999816894531,51.148292541503906,3188400.0
2019-12-25,64.76000213623047,65.51000213623047,64.61000061035156,64.66999816894531,51.148292541503906,3188400.0
2019-12-26,65.08999633789062,65.73999786376953,64.8499984741211,65.0,51.409297943115234,4835200.0
2019-12-27,65.19999694824219,65.62999725341797,64.61000061035156,64.9800033569336,51.39347457885742,5414300.0
2019-12-30,65.06999969482422,65.25,64.52999877929688,64.61000061035156,51.10083770751953,3665200.0
2019-12-31,64.1500015258789,65.16999816894531,63.900001525878906,65.02999877929688,51.433021545410156,3639800.0
2020-01-01,64.1500015258789,65.16999816894531,63.900001525878906,65.02999877929688,51.433021545410156,3639800.0
2020-01-02,65.27999877929688,65.68000030517578,64.8499984741211,65.45999908447266,51.77311325073242,4122800.0
2020-01-03,67.04000091552734,67.12999725341797,65.06999969482422,65.69999694824219,51.96294021606445,6333200.0
2020-01-06,66.27999877929688,66.94000244140625,65.87999725341797,66.4800033569336,52.579856872558594,8823800.0
2020-01-07,66.44000244140625,66.48999786376953,65.73999786376953,66.4800033569336,52.579856872558594,5974800.0
2020-01-08,66.44999694824219,66.62999725341797,64.5199966430664,64.94000244140625,51.361839294433594,6470100.0
2020-01-09,64.56999969482422,66.1500015258789,64.29000091552734,66.06999969482422,52.255584716796875,6005100.0
2020-01-10,65.86000061035156,66.19999694824219,65.33000183105469,65.41999816894531,51.74147415161133,7233100.0
2020-01-13,65.36000061035156,65.51000213623047,64.87999725341797,65.12999725341797,51.51211929321289,3675300.0
2020-01-14,65.22000122070312,65.33000183105469,64.66000366210938,65.13999938964844,51.5200309753418,6119400.0
2020-01-15,65.0,65.33000183105469,64.44000244140625,65.0,51.409297943115234,3933300.0
2020-01-16,65.38999938964844,65.61000061035156,64.76000213623047,65.06999969482422,51.46466827392578,4315200.0
2020-01-17,65.27999877929688,65.43000030517578,64.83999633789062,65.06999969482422,51.46466827392578,4765500.0
2020-01-20,65.27999877929688,65.43000030517578,64.83999633789062,65.06999969482422,51.46466827392578,4765500.0
2020-01-21,64.56999969482422,64.8499984741211,63.939998626708984,64.02999877929688,50.64210891723633,6974000.0
2020-01-22,63.79999923706055,63.79999923706055,62.83000183105469,63.0099983215332,49.83538055419922,6755800.0
2020-01-23,62.0099983215332,63.36000061035156,61.619998931884766,63.13999938964844,49.93818664550781,6199900.0
2020-01-24,62.70000076293945,62.70000076293945,62.04999923706055,62.619998931884766,49.52694320678711,5689500.0
2020-01-27,61.369998931884766,61.83000183105469,60.84000015258789,61.040000915527344,48.27727508544922,7321100.0
2020-01-28,61.61000061035156,61.68000030517578,60.900001525878906,61.18000030517578,48.38801574707031,4824700.0
2020-01-29,61.59000015258789,61.68000030517578,60.27000045776367,60.4900016784668,47.84228515625,4102500.0
2020-01-30,59.75,60.9900016784668,59.59000015258789,60.88999938964844,48.15864562988281,6931500.0
2020-01-31,60.0,60.40999984741211,59.119998931884766,59.43000030517578,47.0039176940918,7673000.0
2020-02-03,59.40999984741211,60.34000015258789,58.86000061035156,59.18000030517578,46.806182861328125,7015300.0
2020-02-04,58.93000030517578,59.81999969482422,56.43000030517578,56.4900016784668,44.67863845825195,13403000.0
2020-02-05,57.279998779296875,58.95000076293945,56.81999969482422,58.779998779296875,46.48982238769531,12891800.0
2020-02-06,59.06999969482422,59.06999969482422,57.93000030517578,58.40999984741211,46.197181701660156,5901700.0
2020-02-07,57.810001373291016,58.369998931884766,57.560001373291016,57.9900016784668,45.86499786376953,5081800.0
2020-02-10,57.459999084472656,58.13999938964844,57.209999084472656,57.869998931884766,45.77008056640625,6756300.0
2020-02-11,58.849998474121094,59.0099983215332,58.209999084472656,58.709999084472656,46.43446350097656,6143000.0
2020-02-12,59.900001525878906,61.150001525878906,59.540000915527344,59.7599983215332,47.264915466308594,5906800.0
2020-02-13,59.09000015258789,59.45000076293945,58.599998474121094,58.81999969482422,46.85073471069336,5995600.0
2020-02-14,58.869998931884766,59.099998474121094,58.18000030517578,58.619998931884766,46.69142532348633,4204500.0
2020-02-17,58.869998931884766,59.099998474121094,58.18000030517578,58.619998931884766,46.69142532348633,4204500.0
2020-02-18,58.40999984741211,58.56999969482422,57.709999084472656,58.29999923706055,46.436553955078125,3937800.0
2020-02-19,58.75,59.36000061035156,58.68000030517578,59.2599983215332,47.201202392578125,5267400.0
2020-02-20,59.25,59.54999923706055,58.58000183105469,58.880001068115234,46.89851379394531,5755000.0
2020-02-21,58.31999969482422,58.61000061035156,57.77000045776367,58.439998626708984,46.548057556152344,5216300.0
2020-02-24,56.150001525878906,56.939998626708984,55.9900016784668,56.380001068115234,44.90724563598633,10350200.0
2020-02-25,56.52000045776367,56.689998626708984,53.540000915527344,53.83000183105469,42.876163482666016,10447900.0
2020-02-26,54.02000045776367,54.25,51.11000061035156,51.16999816894531,40.75742721557617,11646700.0
2020-02-27,49.599998474121094,49.61000061035156,47.130001068115234,47.130001068115234,37.539527893066406,14676100.0
2020-02-28,45.41999816894531,48.439998626708984,45.119998931884766,48.41999816894531,38.567020416259766,16558800.0
2020-03-02,49.31999969482422,49.380001068115234,46.880001068115234,49.22999954223633,39.212196350097656,10672800.0
2020-03-03,49.529998779296875,51.4900016784668,47.45000076293945,48.119998931884766,38.32807922363281,11785400.0
2020-03-04,48.75,49.54999923706055,47.7400016784668,49.43000030517578,39.37150573730469,8924200.0
2020-03-05,47.97999954223633,48.63999938964844,46.779998779296875,47.70000076293945,37.99353790283203,9603800.0
2020-03-06,45.97999954223633,46.4900016784668,44.68000030517578,45.33000183105469,36.105812072753906,14504800.0
2020-03-09,33.95000076293945,36.20000076293945,32.0,34.06999969482422,27.13710594177246,29828600.0
2020-03-10,36.63999938964844,37.41999816894531,33.0,34.880001068115234,27.78227996826172,20337700.0
2020-03-11,33.59000015258789,33.95000076293945,31.510000228881836,32.560001373291016,25.93437957763672,18460700.0
2020-03-12,30.34000015258789,31.40999984741211,27.81999969482422,28.200000762939453,22.461584091186523,16581700.0
2020-03-13,30.600000381469727,31.739999771118164,27.59000015258789,31.3799991607666,24.99448585510254,17506900.0
2020-03-16,27.489999771118164,31.149999618530273,25.90999984741211,26.079999923706055,20.772985458374023,13774100.0
2020-03-17,26.360000610351562,26.850000381469727,24.389999389648438,26.25,20.90839958190918,18692900.0
2020-03-18,24.25,25.600000381469727,20.84000015258789,22.670000076293945,18.056884765625,17039700.0
2020-03-19,23.1299991607666,25.989999771118164,21.0,25.59000015258789,20.3826961517334,15655100.0
2020-03-20,27.059999465942383,28.389999389648438,25.889999389648438,26.84000015258789,21.378332138061523,23790200.0
2020-03-23,26.75,26.969999313354492,23.350000381469727,24.549999237060547,19.5543212890625,16239400.0
2020-03-24,26.450000762939453,30.8700008392334,26.450000762939453,30.739999771118164,24.484725952148438,16724400.0
2020-03-25,31.229999542236328,32.560001373291016,29.489999771118164,30.940000534057617,24.644025802612305,14295900.0
2020-03-26,31.1200008392334,32.459999084472656,30.399999618530273,32.09000015258789,25.560016632080078,13576900.0
2020-03-27,30.1200008392334,30.270000457763672,28.799999237060547,29.25,23.29792594909668,10647200.0
2020-03-30,28.510000228881836,30.139999389648438,27.520000457763672,29.290000915527344,23.329788208007812,11089600.0
2020-03-31,30.030000686645508,31.920000076293945,29.709999084472656,30.799999237060547,24.532514572143555,13481100.0
2020-04-01,29.31999969482422,30.530000686645508,28.829999923706055,29.6200008392334,23.592632293701172,11101400.0
2020-04-02,31.25,35.41999816894531,30.709999084472656,33.86000061035156,26.969839096069336,14693200.0
2020-04-03,34.61000061035156,34.97999954223633,31.610000610351562,32.90999984741211,26.213153839111328,11505000.0
2020-04-06,33.47999954223633,33.79999923706055,31.790000915527344,32.79999923706055,26.125537872314453,13532900.0
2020-04-07,34.880001068115234,35.939998626708984,33.02000045776367,33.27000045776367,26.499900817871094,11704200.0
2020-04-08,34.04999923706055,35.88999938964844,33.869998931884766,35.68000030517578,28.41948127746582,8171100.0
2020-04-09,37.93000030517578,37.97999954223633,33.290000915527344,34.72999954223633,27.662803649902344,14176800.0
2020-04-10,37.93000030517578,37.97999954223633,33.290000915527344,34.72999954223633,27.662803649902344,14176800.0
2020-04-13,35.939998626708984,35.97999954223633,33.77000045776367,34.29999923706055,27.3203067779541,10222000.0
2020-04-14,34.369998931884766,34.470001220703125,33.66999816894531,34.08000183105469,27.145076751708984,11082200.0
2020-04-15,32.16999816894531,33.0,30.729999542236328,32.20000076293945,25.647632598876953,11354700.0
2020-04-16,31.84000015258789,32.22999954223633,30.520000457763672,31.06999969482422,24.747575759887695,13220600.0
2020-04-17,31.979999542236328,35.369998931884766,31.850000381469727,35.2599983215332,28.08494758605957,13162600.0
2020-04-20,32.470001220703125,35.66999816894531,32.400001525878906,34.56999969482422,27.535362243652344,13226400.0
2020-04-21,32.95000076293945,34.130001068115234,32.61000061035156,33.189998626708984,26.436174392700195,13639500.0
2020-04-22,35.20000076293945,35.529998779296875,34.540000915527344,34.97999954223633,27.86192512512207,12048400.0
2020-04-23,36.61000061035156,37.20000076293945,35.369998931884766,36.18000030517578,28.81774139404297,9849600.0
2020-04-24,36.970001220703125,37.29999923706055,35.779998779296875,36.09000015258789,28.74605369567871,8683900.0
2020-04-27,35.869998931884766,37.40999984741211,34.68000030517578,37.150001525878906,29.590362548828125,8302500.0
2020-04-28,37.88999938964844,38.9900016784668,37.560001373291016,38.47999954223633,30.649709701538086,9445700.0
2020-04-29,40.06999969482422,42.54999923706055,39.63999938964844,42.209999084472656,33.62070083618164,12958100.0
2020-04-30,42.58000183105469,43.58000183105469,40.84000015258789,42.099998474121094,33.53307342529297,11760700.0
2020-05-01,40.540000915527344,41.29999923706055,38.709999084472656,39.13999938964844,31.175416946411133,9256700.0
2020-05-04,38.619998931884766,40.400001525878906,38.150001525878906,40.36000061035156,32.147151947021484,12515600.0
2020-05-05,43.099998474121094,43.56999969482422,40.65999984741211,40.91999816894531,32.59319305419922,10096700.0
2020-05-06,41.09000015258789,41.83000183105469,39.81999969482422,40.4900016784668,32.250709533691406,8213000.0
2020-05-07,42.0,43.349998474121094,41.90999984741211,42.41999816894531,33.78797149658203,9520700.0
2020-05-08,43.119998931884766,43.349998474121094,42.060001373291016,43.08000183105469,34.656795501708984,6974200.0
2020-05-11,42.22999954223633,43.279998779296875,42.08000183105469,42.27000045776367,34.00516891479492,7076800.0
2020-05-12,42.619998931884766,43.150001525878906,41.529998779296875,41.58000183105469,33.450077056884766,7375900.0
2020-05-13,41.02000045776367,41.18000030517578,39.540000915527344,39.88999938964844,32.09052276611328,7666400.0
2020-05-14,38.93000030517578,40.459999084472656,37.779998779296875,39.93000030517578,32.12269973754883,6718700.0
2020-05-15,39.869998931884766,41.54999923706055,39.720001220703125,40.869998931884766,32.87890625,7242300.0
2020-05-18,43.45000076293945,44.61000061035156,43.16999816894531,43.599998474121094,35.07511901855469,9047300.0
2020-05-19,43.70000076293945,43.880001068115234,42.61000061035156,42.66999816894531,34.32695770263672,6126300.0
2020-05-20,43.59000015258789,44.79999923706055,43.29999923706055,44.150001525878906,35.517581939697266,7203000.0
2020-05-21,44.38999938964844,44.869998931884766,43.619998931884766,43.720001220703125,35.171661376953125,6646000.0
2020-05-22,42.90999984741211,43.36000061035156,42.29999923706055,43.279998779296875,34.81769561767578,4674000.0
2020-05-25,42.90999984741211,43.36000061035156,42.29999923706055,43.279998779296875,34.81769561767578,4674000.0
2020-05-26,44.810001373291016,45.119998931884766,43.5,43.66999816894531,35.131431579589844,7702600.0
2020-05-27,44.34000015258789,44.68000030517578,42.959999084472656,44.66999816894531,35.935916900634766,5768100.0
2020-05-28,44.720001220703125,44.720001220703125,42.779998779296875,43.0099983215332,34.600486755371094,5871500.0
2020-05-29,42.61000061035156,42.779998779296875,41.66999816894531,42.18000030517578,33.932769775390625,10172200.0
2020-06-01,42.2599983215332,43.70000076293945,41.63999938964844,43.38999938964844,34.906192779541016,6344300.0
2020-06-02,44.02000045776367,44.689998626708984,43.70000076293945,44.20000076293945,35.55781555175781,5858300.0
2020-06-03,45.11000061035156,45.22999954223633,44.02000045776367,45.119998931884766,36.29792785644531,8024200.0
2020-06-04,44.68000030517578,45.130001068115234,44.18000030517578,44.709999084472656,35.968101501464844,5577000.0
2020-06-05,47.38999938964844,48.779998779296875,47.029998779296875,48.59000015258789,39.08945083618164,11578800.0
2020-06-08,50.209999084472656,50.790000915527344,48.810001373291016,50.310001373291016,40.4731559753418,10242200.0
2020-06-09,48.25,49.189998626708984,47.880001068115234,48.630001068115234,39.12163162231445,8203600.0
2020-06-10,48.040000915527344,48.290000915527344,45.869998931884766,45.90999984741211,36.93345260620117,7882300.0
2020-06-11,42.08000183105469,44.25,41.79999923706055,42.119998931884766,33.88450622558594,8435200.0
2020-06-12,45.310001373291016,45.40999984741211,42.11000061035156,43.72999954223633,35.17970657348633,8928400.0
2020-06-15,41.06999969482422,43.90999984741211,40.849998474121094,43.349998474121094,34.87400817871094,7992100.0
2020-06-16,45.29999923706055,45.68000030517578,43.599998474121094,45.11000061035156,36.28987121582031,6932400.0
2020-06-17,44.9900016784668,45.099998474121094,43.90999984741211,44.02000045776367,35.412994384765625,5967200.0
2020-06-18,43.529998779296875,44.84000015258789,43.18000030517578,44.45000076293945,35.7589225769043,7293700.0
2020-06-19,45.900001525878906,45.900001525878906,43.380001068115234,43.70000076293945,35.155574798583984,13702800.0
2020-06-22,43.2400016784668,43.97999954223633,42.65999984741211,43.560001373291016,35.04294967651367,5009100.0
2020-06-23,44.119998931884766,44.529998779296875,43.59000015258789,43.810001373291016,35.24407196044922,4962200.0
2020-06-24,43.0,43.16999816894531,40.93000030517578,40.9900016784668,32.9754524230957,7137200.0
2020-06-25,40.65999984741211,42.119998931884766,40.5099983215332,42.060001373291016,33.83623123168945,5981000.0
2020-06-26,41.56999969482422,41.619998931884766,40.15999984741211,40.349998474121094,32.460567474365234,8399400.0
2020-06-29,40.400001525878906,41.349998474121094,39.91999816894531,41.29999923706055,33.224822998046875,5764800.0
2020-06-30,40.869998931884766,42.34000015258789,40.279998779296875,42.02000045776367,33.80405044555664,6313900.0
2020-07-01,42.349998474121094,42.83000183105469,40.68000030517578,40.7400016784668,32.77433395385742,5600000.0
2020-07-02,41.81999969482422,42.5099983215332,41.58000183105469,41.779998779296875,33.610984802246094,4775000.0
2020-07-03,41.81999969482422,42.5099983215332,41.58000183105469,41.779998779296875,33.610984802246094,4775000.0
2020-07-06,42.630001068115234,42.869998931884766,41.36000061035156,41.630001068115234,33.49029541015625,5825100.0
2020-07-07,41.150001525878906,41.630001068115234,40.56999969482422,40.63999938964844,32.693870544433594,5995100.0
2020-07-08,40.58000183105469,41.56999969482422,40.29999923706055,41.040000915527344,33.01566696166992,4896800.0
2020-07-09,40.65999984741211,40.88999938964844,38.290000915527344,38.349998474121094,30.851625442504883,9189500.0
2020-07-10,38.36000061035156,39.81999969482422,38.220001220703125,39.689998626708984,31.929616928100586,9218300.0
2020-07-13,40.130001068115234,40.5099983215332,39.0,39.65999984741211,31.905485153198242,5887000.0
2020-07-14,39.439998626708984,41.34000015258789,39.27000045776367,41.310001373291016,33.232879638671875,4953500.0
2020-07-15,42.189998626708984,42.41999816894531,41.04999923706055,41.619998931884766,33.48226547241211,5777100.0
2020-07-16,41.290000915527344,42.060001373291016,40.65999984741211,41.59000015258789,33.458133697509766,4655700.0
2020-07-17,41.349998474121094,41.66999816894531,39.779998779296875,39.959999084472656,32.47477722167969,6699300.0
2020-07-20,39.959999084472656,40.34000015258789,39.2400016784668,39.33000183105469,31.962793350219727,6407600.0
2020-07-21,40.099998474121094,42.08000183105469,40.0,41.65999984741211,33.85633087158203,7950900.0
2020-07-22,41.06999969482422,41.25,40.31999969482422,40.88999938964844,33.230587005615234,5158400.0
2020-07-23,40.529998779296875,41.130001068115234,40.22999954223633,40.459999084472656,32.88113021850586,5953500.0
2020-07-24,40.7400016784668,41.36000061035156,40.15999984741211,40.279998779296875,32.73483657836914,5202600.0
2020-07-27,39.91999816894531,40.47999954223633,39.439998626708984,39.77000045776367,32.32037353515625,5312400.0
2020-07-28,39.56999969482422,39.959999084472656,38.79999923706055,38.959999084472656,31.66209602355957,6188300.0
2020-07-29,38.970001220703125,39.939998626708984,38.599998474121094,39.939998626708984,32.45853805541992,6305200.0
2020-07-30,38.119998931884766,38.470001220703125,35.900001525878906,37.63999938964844,30.589357376098633,13421000.0
2020-07-31,37.04999923706055,37.599998474121094,36.709999084472656,37.38999938964844,30.38619041442871,7719900.0
2020-08-03,37.27000045776367,37.38999938964844,36.689998626708984,36.709999084472656,29.833566665649414,8064700.0
2020-08-04,36.65999984741211,38.06999969482422,36.470001220703125,37.63999938964844,30.589357376098633,5808100.0
2020-08-05,38.5,38.689998626708984,37.709999084472656,38.02000045776367,30.89818000793457,7315000.0
2020-08-06,37.63999938964844,38.43000030517578,37.61000061035156,38.04999923706055,30.92255401611328,6588700.0
2020-08-07,37.869998931884766,38.38999938964844,37.349998474121094,38.29999923706055,31.1257381439209,4445300.0
2020-08-10,38.5099983215332,39.66999816894531,38.45000076293945,39.63999938964844,32.214725494384766,5612600.0
2020-08-11,40.56999969482422,41.150001525878906,39.58000183105469,39.709999084472656,32.2716178894043,7975900.0
2020-08-12,40.369998931884766,41.68000030517578,40.25,41.65999984741211,33.85633087158203,11822500.0
2020-08-13,41.150001525878906,41.83000183105469,40.619998931884766,40.630001068115234,33.01927185058594,8286400.0
2020-08-14,40.220001220703125,41.0,39.959999084472656,40.81999969482422,33.17367935180664,3349800.0
2020-08-17,40.75,40.97999954223633,39.90999984741211,40.70000076293945,33.076175689697266,6089300.0
2020-08-18,40.619998931884766,41.33000183105469,40.130001068115234,40.33000183105469,32.77547836303711,5711500.0
2020-08-19,40.11000061035156,40.31999969482422,39.52000045776367,39.650001525878906,32.22285079956055,4526200.0
2020-08-20,39.060001373291016,39.310001373291016,38.72999954223633,38.77000045776367,31.5076961517334,3943200.0
2020-08-21,38.63999938964844,38.810001373291016,37.95000076293945,38.15999984741211,31.011951446533203,5034200.0
2020-08-24,38.34000015258789,39.560001373291016,38.09000015258789,38.869998931884766,31.588958740234375,5357400.0
2020-08-25,39.40999984741211,39.45000076293945,38.45000076293945,38.849998474121094,31.57270622253418,4160600.0
2020-08-26,38.83000183105469,38.959999084472656,37.52000045776367,37.560001373291016,30.52435302734375,6753300.0
2020-08-27,37.77000045776367,38.279998779296875,37.5,38.150001525878906,31.003826141357422,6231600.0
2020-08-28,38.33000183105469,38.459999084472656,37.880001068115234,38.380001068115234,31.190750122070312,5058100.0
2020-08-31,38.349998474121094,38.45000076293945,37.56999969482422,37.88999938964844,30.79253578186035,6165700.0
2020-09-01,37.41999816894531,37.599998474121094,36.619998931884766,37.15999984741211,30.199268341064453,6267700.0
2020-09-02,37.0,37.16999816894531,36.380001068115234,36.380001068115234,29.565380096435547,7441600.0
2020-09-03,36.029998779296875,36.869998931884766,35.84000015258789,35.9900016784668,29.248441696166992,8733400.0
2020-09-04,36.36000061035156,36.689998626708984,35.66999816894531,35.86000061035156,29.142789840698242,8285300.0
2020-09-07,36.36000061035156,36.689998626708984,35.66999816894531,35.86000061035156,29.142789840698242,8285300.0
2020-09-08,35.29999923706055,35.29999923706055,33.7400016784668,34.060001373291016,27.679962158203125,9338600.0
2020-09-09,34.849998474121094,34.849998474121094,34.220001220703125,34.459999084472656,28.005027770996094,6440000.0
2020-09-10,34.43000030517578,34.52000045776367,32.86000061035156,32.91999816894531,26.753501892089844,8582800.0
2020-09-11,32.880001068115234,33.439998626708984,32.63999938964844,33.11000061035156,26.90790367126465,6769100.0
2020-09-14,33.2400016784668,33.869998931884766,33.0099983215332,33.52000045776367,27.241111755371094,5436000.0
2020-09-15,33.72999954223633,34.220001220703125,33.61000061035156,33.79999923706055,27.46866226196289,8333400.0
2020-09-16,34.119998931884766,35.529998779296875,33.650001525878906,35.08000183105469,28.508895874023438,9240700.0
2020-09-17,34.400001525878906,36.11000061035156,34.15999984741211,36.09000015258789,29.32970428466797,13147700.0
2020-09-18,35.79999923706055,36.45000076293945,35.400001525878906,35.869998931884766,29.15091323852539,12409800.0
2020-09-21,34.810001373291016,35.08000183105469,34.09000015258789,34.36000061035156,27.92375946044922,11316000.0
2020-09-22,34.34000015258789,34.810001373291016,34.0099983215332,34.29999923706055,27.875009536743164,7963000.0
2020-09-23,34.36000061035156,34.59000015258789,32.880001068115234,32.91999816894531,26.753501892089844,7714500.0
2020-09-24,32.810001373291016,34.2599983215332,32.459999084472656,33.599998474121094,27.30612564086914,7084000.0
2020-09-25,33.09000015258789,33.9900016784668,32.97999954223633,33.70000076293945,27.387393951416016,5240900.0
2020-09-28,34.34000015258789,34.7400016784668,33.619998931884766,33.709999084472656,27.39552116394043,8958400.0
2020-09-29,33.720001220703125,33.779998779296875,32.16999816894531,32.459999084472656,26.379667282104492,6662600.0
2020-09-30,32.72999954223633,33.290000915527344,32.54999923706055,32.84000015258789,26.688486099243164,8111700.0
2020-10-01,32.22999954223633,32.7400016784668,31.690000534057617,32.43000030517578,26.355283737182617,7929600.0
2020-10-02,31.579999923706055,33.290000915527344,31.450000762939453,33.06999969482422,26.875398635864258,7069100.0
2020-10-05,33.560001373291016,34.310001373291016,33.22999954223633,34.279998779296875,27.858745574951172,5652500.0
2020-10-06,34.880001068115234,35.08000183105469,33.119998931884766,33.29999923706055,27.06232452392578,6645600.0
2020-10-07,33.470001220703125,34.529998779296875,33.31999969482422,34.33000183105469,27.89937973022461,6633200.0
2020-10-08,34.5,35.619998931884766,34.29999923706055,35.529998779296875,28.874591827392578,6758800.0
2020-10-09,35.939998626708984,35.970001220703125,34.84000015258789,35.130001068115234,28.549524307250977,6382000.0
2020-10-12,35.06999969482422,35.84000015258789,34.72999954223633,35.59000015258789,28.923362731933594,7214600.0
2020-10-13,35.529998779296875,36.0,34.70000076293945,34.880001068115234,28.346363067626953,8121000.0
2020-10-14,34.040000915527344,35.529998779296875,34.040000915527344,34.529998779296875,28.06191635131836,9817400.0
2020-10-15,33.869998931884766,35.470001220703125,33.66999816894531,35.400001525878906,28.76896095275879,8633700.0
2020-10-16,34.810001373291016,34.970001220703125,33.75,33.77000045776367,27.78173828125,8312900.0
2020-10-19,34.119998931884766,34.20000076293945,32.68000030517578,32.70000076293945,26.901485443115234,21684100.0
2020-10-20,32.90999984741211,33.04999923706055,32.06999969482422,32.58000183105469,26.802759170532227,19243000.0
2020-10-21,32.16999816894531,32.40999984741211,30.579999923706055,30.639999389648438,25.20676612854004,19210200.0
2020-10-22,30.6200008392334,31.969999313354492,30.469999313354492,31.90999984741211,26.25156593322754,15029400.0
2020-10-23,32.27000045776367,33.189998626708984,31.920000076293945,32.540000915527344,26.769851684570312,15335200.0
2020-10-26,31.760000228881836,31.93000030517578,30.079999923706055,30.31999969482422,24.943510055541992,11522800.0
2020-10-27,30.15999984741211,30.690000534057617,29.959999084472656,30.260000228881836,24.89415168762207,13017800.0
2020-10-28,29.360000610351562,29.809999465942383,28.549999237060547,28.790000915527344,23.6848201751709,15274500.0
2020-10-29,28.1200008392334,29.190000534057617,27.530000686645508,29.15999984741211,23.989213943481445,15560100.0
2020-10-30,28.93000030517578,28.969999313354492,27.6299991607666,28.6200008392334,23.544967651367188,15681700.0
2020-11-02,29.420000076293945,30.549999237060547,28.510000228881836,30.229999542236328,24.869470596313477,13762900.0
2020-11-03,30.719999313354492,30.739999771118164,29.139999389648438,29.309999465942383,24.11260986328125,12131300.0
2020-11-04,29.59000015258789,30.6200008392334,29.209999084472656,30.3799991607666,24.992874145507812,15178400.0
2020-11-05,30.100000381469727,30.90999984741211,30.040000915527344,30.1200008392334,24.778976440429688,10316600.0
2020-11-06,30.1299991607666,30.649999618530273,28.780000686645508,29.190000534057617,24.013893127441406,10484500.0
2020-11-09,33.15999984741211,34.83000183105469,32.869998931884766,33.380001068115234,27.46090316772461,17614500.0
2020-11-10,34.349998474121094,35.540000915527344,33.59000015258789,35.529998779296875,29.229650497436523,20650600.0
2020-11-11,35.959999084472656,36.20000076293945,35.060001373291016,35.279998779296875,29.023977279663086,17225000.0
2020-11-12,34.599998474121094,35.209999084472656,33.599998474121094,34.0099983215332,27.979175567626953,10944500.0
2020-11-13,34.349998474121094,35.560001373291016,34.25,35.36000061035156,29.08979606628418,11997500.0
2020-11-16,36.95000076293945,38.130001068115234,36.400001525878906,38.08000183105469,31.327470779418945,18701200.0
2020-11-17,37.52000045776367,39.130001068115234,37.2400016784668,38.849998474121094,31.960926055908203,14466800.0
2020-11-18,38.959999084472656,40.869998931884766,38.650001525878906,39.18000030517578,32.23241424560547,23319600.0
2020-11-19,38.709999084472656,39.61000061035156,38.380001068115234,39.470001220703125,32.47100067138672,12504100.0
2020-11-20,39.310001373291016,39.93000030517578,39.13999938964844,39.650001525878906,32.61906433105469,12037800.0
2020-11-23,40.36000061035156,42.84000015258789,40.27000045776367,42.709999084472656,35.13646697998047,14643900.0
2020-11-24,44.08000183105469,45.36000061035156,43.779998779296875,44.40999984741211,36.535003662109375,15439200.0
2020-11-25,44.0,44.439998626708984,43.36000061035156,43.630001068115234,35.89332962036133,15644800.0
2020-11-26,44.0,44.439998626708984,43.36000061035156,43.630001068115234,35.89332962036133,15644800.0
2020-11-27,43.400001525878906,43.90999984741211,42.400001525878906,42.779998779296875,35.19404983520508,4694000.0
2020-11-30,41.93000030517578,42.040000915527344,39.540000915527344,39.560001373291016,32.545040130615234,20248600.0
2020-12-01,40.900001525878906,40.95000076293945,39.220001220703125,39.27000045776367,32.30645751953125,12424900.0
2020-12-02,39.18000030517578,40.970001220703125,38.83000183105469,39.970001220703125,32.88232421875,12460200.0
2020-12-03,40.04999923706055,42.150001525878906,39.630001068115234,41.20000076293945,33.894222259521484,16215400.0
2020-12-04,42.290000915527344,44.349998474121094,42.11000061035156,44.27000045776367,36.419830322265625,12730500.0
2020-12-07,43.349998474121094,43.439998626708984,42.52000045776367,42.81999969482422,35.226951599121094,10586100.0
2020-12-08,42.0,43.439998626708984,41.70000076293945,42.68000030517578,35.11177062988281,10575500.0
2020-12-09,43.279998779296875,43.5,41.720001220703125,42.70000076293945,35.12822341918945,10773100.0
2020-12-10,42.61000061035156,44.220001220703125,42.45000076293945,44.0,36.19770812988281,14997800.0
2020-12-11,43.5099983215332,43.81999969482422,43.16999816894531,43.47999954223633,35.769920349121094,14242300.0
2020-12-14,44.08000183105469,44.25,42.2599983215332,42.31999969482422,34.81561279296875,17094500.0
2020-12-15,42.65999984741211,42.97999954223633,41.709999084472656,42.79999923706055,35.21049499511719,9853600.0
2020-12-16,42.849998474121094,42.939998626708984,42.130001068115234,42.31999969482422,34.81561279296875,9311000.0
2020-12-17,42.77000045776367,42.77000045776367,41.619998931884766,41.970001220703125,34.527679443359375,9294200.0
2020-12-18,41.9900016784668,42.20000076293945,40.72999954223633,40.97999954223633,33.71323013305664,20819300.0
2020-12-21,39.40999984741211,40.91999816894531,38.93000030517578,40.2400016784668,33.104469299316406,10998100.0
2020-12-22,40.20000076293945,40.279998779296875,38.880001068115234,39.029998779296875,32.1090087890625,9189600.0
2020-12-23,39.40999984741211,40.709999084472656,39.33000183105469,40.08000183105469,32.97282791137695,6137600.0
2020-12-24,40.0099983215332,40.0099983215332,38.959999084472656,39.4900016784668,32.48744201660156,3530300.0
2020-12-25,40.0099983215332,40.0099983215332,38.959999084472656,39.4900016784668,32.48744201660156,3530300.0
2020-12-28,39.560001373291016,40.470001220703125,39.099998474121094,39.29999923706055,32.33112716674805,6178200.0
2020-12-29,39.36000061035156,39.939998626708984,38.77000045776367,39.06999969482422,32.14191436767578,7003100.0
2020-12-30,38.9900016784668,40.040000915527344,38.810001373291016,40.0099983215332,32.91524124145508,6268900.0
2020-12-31,39.90999984741211,40.290000915527344,39.61000061035156,39.9900016784668,32.89878845214844,7612500.0
2021-01-01,39.90999984741211,40.290000915527344,39.61000061035156,39.9900016784668,32.89878845214844,7612500.0
2021-01-04,40.5,40.650001525878906,39.18000030517578,39.56999969482422,32.553260803222656,8597600.0
2021-01-05,40.2400016784668,42.869998931884766,40.0,41.84000015258789,34.42073059082031,12393600.0
2021-01-06,42.529998779296875,43.95000076293945,41.91999816894531,43.5099983215332,35.79458999633789,11035300.0
2021-01-07,44.04999923706055,44.9900016784668,43.599998474121094,44.70000076293945,36.77358627319336,9648200.0
2021-01-08,45.0,45.47999954223633,44.189998626708984,44.70000076293945,36.77358627319336,9448700.0
2021-01-11,44.099998474121094,45.709999084472656,43.310001373291016,45.36000061035156,37.31655502319336,10839600.0
2021-01-12,46.02000045776367,47.66999816894531,45.720001220703125,47.41999816894531,39.01125717163086,13013700.0
2021-01-13,47.349998474121094,47.470001220703125,46.599998474121094,47.029998779296875,38.6904182434082,11839900.0
2021-01-14,47.41999816894531,48.290000915527344,46.77000045776367,47.869998931884766,39.3814582824707,12857900.0
2021-01-15,47.279998779296875,47.279998779296875,44.529998779296875,45.119998931884766,37.11911392211914,30004600.0
2021-01-18,47.279998779296875,47.279998779296875,44.529998779296875,45.119998931884766,37.11911392211914,30004600.0
2021-01-19,45.150001525878906,46.150001525878906,44.86000061035156,46.0,37.84305953979492,14498800.0
2021-01-20,46.369998931884766,46.4900016784668,45.29999923706055,45.36000061035156,37.31655502319336,21178000.0
2021-01-21,45.40999984741211,45.70000076293945,42.70000076293945,43.189998626708984,35.53133773803711,16897000.0
2021-01-22,42.060001373291016,42.97999954223633,41.75,42.689998626708984,35.12000274658203,9535400.0
2021-01-25,42.130001068115234,42.630001068115234,41.2400016784668,42.58000183105469,35.02952194213867,10739700.0
2021-01-26,43.06999969482422,43.70000076293945,41.61000061035156,41.68000030517578,34.28910446166992,7616300.0
2021-01-27,40.97999954223633,42.09000015258789,40.209999084472656,40.650001525878906,33.44174575805664,8841600.0
2021-01-28,41.11000061035156,41.63999938964844,40.380001068115234,41.11000061035156,33.8201789855957,10283300.0
2021-01-29,40.61000061035156,41.459999084472656,39.97999954223633,40.029998779296875,32.93168258666992,11660400.0
2021-02-01,40.43000030517578,40.97999954223633,39.70000076293945,40.709999084472656,33.491111755371094,9229400.0
2021-02-02,41.54999923706055,42.29999923706055,40.900001525878906,40.970001220703125,33.70500564575195,8834000.0
2021-02-03,41.25,43.630001068115234,41.0099983215332,43.209999084472656,35.547794342041016,11133600.0
2021-02-04,43.61000061035156,44.02000045776367,42.59000015258789,44.0099983215332,36.2059326171875,11372300.0
2021-02-05,44.88999938964844,44.91999816894531,44.09000015258789,44.41999816894531,36.54323196411133,9543400.0
2021-02-08,45.25,47.22999954223633,45.099998474121094,46.779998779296875,38.4847412109375,12181600.0
2021-02-09,46.220001220703125,47.439998626708984,45.86000061035156,46.880001068115234,38.567012786865234,8990300.0
2021-02-10,47.189998626708984,48.0,46.40999984741211,47.25,38.871402740478516,10853200.0
2021-02-11,46.5,46.52000045776367,45.209999084472656,46.439998626708984,38.55591583251953,8939100.0
2021-02-12,46.11000061035156,47.220001220703125,45.95000076293945,47.15999984741211,39.1536865234375,8805400.0
2021-02-15,46.11000061035156,47.220001220703125,45.95000076293945,47.15999984741211,39.1536865234375,8805400.0
2021-02-16,48.0,49.22999954223633,47.81999969482422,48.849998474121094,40.556766510009766,11066700.0
2021-02-17,49.189998626708984,49.47999954223633,48.2599983215332,49.36000061035156,40.98019790649414,9055700.0
2021-02-18,49.0,49.130001068115234,47.630001068115234,47.689998626708984,39.59370422363281,8382200.0
2021-02-19,47.650001525878906,48.56999969482422,47.5099983215332,48.41999816894531,40.199771881103516,8502500.0
2021-02-22,49.16999816894531,51.68000030517578,48.810001373291016,50.880001068115234,42.24214172363281,12331000.0
2021-02-23,52.0,52.5,49.65999984741211,52.099998474121094,43.25502395629883,10796500.0
2021-02-24,52.0,54.88999938964844,51.459999084472656,54.66999816894531,45.388729095458984,12286600.0
2021-02-25,54.970001220703125,55.5099983215332,52.02000045776367,53.029998779296875,44.027137756347656,12864500.0
2021-02-26,52.599998474121094,52.86000061035156,50.86000061035156,52.0099983215332,43.18030548095703,13234100.0
2021-03-01,53.470001220703125,53.959999084472656,52.16999816894531,52.61000061035156,43.67845916748047,7182500.0
2021-03-02,52.5099983215332,53.290000915527344,52.2400016784668,52.279998779296875,43.40446472167969,7741100.0
2021-03-03,52.65999984741211,54.7599983215332,52.54999923706055,53.65999984741211,44.55018997192383,8007500.0
2021-03-04,53.959999084472656,56.9900016784668,53.68000030517578,55.619998931884766,46.17743682861328,15181000.0
2021-03-05,58.0,59.4900016784668,57.11000061035156,58.34000015258789,48.4356689453125,18699600.0
2021-03-08,58.77000045776367,59.939998626708984,57.689998626708984,58.779998779296875,48.800968170166016,11283400.0
2021-03-09,58.630001068115234,59.599998474121094,57.45000076293945,57.900001525878906,48.07036590576172,10193200.0
2021-03-10,57.86000061035156,59.77000045776367,57.380001068115234,59.41999816894531,49.332305908203125,12002400.0
2021-03-11,59.5099983215332,61.13999938964844,59.400001525878906,59.83000183105469,49.67271041870117,9328100.0
2021-03-12,60.2400016784668,60.470001220703125,58.97999954223633,59.189998626708984,49.14136505126953,6758400.0
2021-03-15,57.88999938964844,58.56999969482422,56.970001220703125,58.15999984741211,48.28622055053711,9825200.0
2021-03-16,57.08000183105469,57.400001525878906,55.970001220703125,56.58000183105469,46.974449157714844,9399900.0
2021-03-17,56.31999969482422,57.130001068115234,55.52000045776367,56.83000183105469,47.18202590942383,9461700.0
2021-03-18,56.40999984741211,56.58000183105469,53.11000061035156,53.380001068115234,44.317718505859375,12297200.0
2021-03-19,53.290000915527344,54.119998931884766,52.349998474121094,52.599998474121094,43.67013168334961,26925500.0
2021-03-22,52.86000061035156,53.0099983215332,52.040000915527344,52.2400016784668,43.371253967285156,11003000.0
2021-03-23,51.119998931884766,52.779998779296875,50.529998779296875,51.709999084472656,42.93124008178711,11853800.0
2021-03-24,52.7599983215332,53.95000076293945,52.68000030517578,53.209999084472656,44.176570892333984,9671100.0
2021-03-25,52.060001373291016,53.79999923706055,51.56999969482422,53.56999969482422,44.4754638671875,9275200.0
2021-03-26,54.65999984741211,55.119998931884766,54.029998779296875,55.040000915527344,45.695899963378906,8723100.0
2021-03-29,54.5,54.52000045776367,53.119998931884766,53.84000015258789,44.69962692260742,7901000.0
2021-03-30,53.20000076293945,54.15999984741211,53.040000915527344,53.43000030517578,44.35923767089844,7910200.0
2021-03-31,53.310001373291016,53.689998626708984,52.650001525878906,52.970001220703125,43.97732925415039,9293100.0
2021-04-01,53.119998931884766,54.040000915527344,52.529998779296875,54.02000045776367,44.84906768798828,10165000.0
2021-04-02,53.119998931884766,54.040000915527344,52.529998779296875,54.02000045776367,44.84906768798828,10165000.0
2021-04-05,53.90999984741211,53.90999984741211,51.95000076293945,52.209999084472656,43.34635543823242,10460000.0
2021-04-06,52.619998931884766,53.65999984741211,52.40999984741211,52.58000183105469,43.65354537963867,6253600.0
2021-04-07,52.790000915527344,53.15999984741211,52.13999938964844,52.380001068115234,43.48748779296875,12408400.0
2021-04-08,51.619998931884766,51.81999969482422,51.040000915527344,51.2400016784668,42.5410270690918,10040800.0
2021-04-09,51.369998931884766,51.9900016784668,50.91999816894531,51.22999954223633,42.53273010253906,6665300.0
2021-04-12,51.75,52.2400016784668,50.81999969482422,50.86000061035156,42.22554397583008,8564000.0
2021-04-13,50.47999954223633,51.33000183105469,50.38999938964844,50.790000915527344,42.167423248291016,6980000.0
2021-04-14,51.380001068115234,53.560001373291016,51.380001068115234,52.689998626708984,43.7448616027832,8342200.0
2021-04-15,52.70000076293945,52.810001373291016,51.77000045776367,51.900001525878906,43.0889778137207,6763700.0
2021-04-16,52.2400016784668,52.29999923706055,51.040000915527344,51.09000015258789,42.41649627685547,7665500.0
2021-04-19,51.290000915527344,51.72999954223633,50.58000183105469,50.88999938964844,42.25044250488281,6587700.0
2021-04-20,50.5,50.63999938964844,48.41999816894531,48.650001525878906,40.390724182128906,11928600.0
2021-04-21,48.029998779296875,50.130001068115234,47.849998474121094,50.040000915527344,41.54475402832031,7718900.0
2021-04-22,50.040000915527344,50.08000183105469,49.189998626708984,49.459999084472656,41.063209533691406,6582700.0
2021-04-23,49.43000030517578,50.0,49.15999984741211,49.720001220703125,41.279075622558594,5670100.0
2021-04-26,49.63999938964844,50.91999816894531,49.599998474121094,50.25,41.71909713745117,6642400.0
2021-04-27,50.439998626708984,51.689998626708984,50.2599983215332,51.29999923706055,42.590850830078125,8309600.0
2021-04-28,51.70000076293945,53.349998474121094,51.66999816894531,53.040000915527344,44.03544235229492,8897100.0
2021-04-29,54.0,54.5,52.849998474121094,53.130001068115234,44.110164642333984,9446900.0
2021-04-30,52.18000030517578,53.0099983215332,50.970001220703125,51.13999938964844,42.45800018310547,9448200.0
2021-05-03,51.91999816894531,52.93000030517578,51.560001373291016,52.7400016784668,43.78636932373047,9325100.0
2021-05-04,51.72999954223633,53.029998779296875,51.63999938964844,52.56999969482422,43.645225524902344,12834300.0
2021-05-05,54.349998474121094,55.66999816894531,53.220001220703125,55.439998626708984,46.027984619140625,12715300.0
2021-05-06,55.5,55.720001220703125,53.689998626708984,55.70000076293945,46.24385070800781,9648200.0
2021-05-07,55.06999969482422,57.34000015258789,54.81999969482422,57.099998474121094,47.40617370605469,9645500.0
2021-05-10,58.209999084472656,59.34000015258789,56.959999084472656,57.0,47.32316207885742,8801700.0
2021-05-11,55.790000915527344,56.720001220703125,55.150001525878906,55.720001220703125,46.260467529296875,9741400.0
2021-05-12,56.11000061035156,57.709999084472656,55.459999084472656,55.689998626708984,46.23555374145508,7925100.0
2021-05-13,54.61000061035156,55.43000030517578,53.56999969482422,54.2400016784668,45.38212585449219,7581500.0
2021-05-14,55.040000915527344,56.650001525878906,55.029998779296875,56.52000045776367,47.289791107177734,6419900.0
2021-05-17,56.06999969482422,58.33000183105469,56.06999969482422,58.29999923706055,48.779090881347656,11441900.0
2021-05-18,58.27000045776367,58.63999938964844,56.959999084472656,57.290000915527344,47.93403625488281,10322000.0
2021-05-19,55.939998626708984,56.529998779296875,54.81999969482422,55.58000183105469,46.5032958984375,9406200.0
2021-05-20,55.650001525878906,55.65999984741211,54.630001068115234,55.38999938964844,46.344329833984375,8798800.0
2021-05-21,56.060001373291016,56.43000030517578,55.56999969482422,55.650001525878906,46.561859130859375,6032300.0
2021-05-24,56.119998931884766,56.2599983215332,55.2599983215332,56.099998474121094,46.93836975097656,6372800.0
2021-05-25,56.0,56.380001068115234,54.77000045776367,54.880001068115234,45.91761779785156,8090600.0
2021-05-26,55.06999969482422,55.560001373291016,54.66999816894531,55.41999816894531,46.36941909790039,6716000.0
2021-05-27,55.72999954223633,56.31999969482422,55.119998931884766,55.529998779296875,46.461456298828125,7484100.0
2021-05-28,55.79999923706055,55.95000076293945,55.31999969482422,55.7400016784668,46.63716125488281,5745400.0
2021-05-31,55.79999923706055,55.95000076293945,55.31999969482422,55.7400016784668,46.63716125488281,5745400.0
2021-06-01,57.08000183105469,58.47999954223633,57.04999923706055,58.27000045776367,48.75400161743164,9943600.0
2021-06-02,58.65999984741211,59.40999984741211,57.7400016784668,58.9900016784668,49.35641098022461,6103300.0
2021-06-03,58.720001220703125,60.0,58.560001373291016,59.470001220703125,49.758026123046875,8280800.0
2021-06-04,59.81999969482422,60.130001068115234,58.900001525878906,59.849998474121094,50.075958251953125,6504800.0
2021-06-07,59.810001373291016,60.529998779296875,59.59000015258789,59.810001373291016,50.0424919128418,5405100.0
2021-06-08,59.43000030517578,60.619998931884766,58.630001068115234,60.470001220703125,50.59471130371094,7345200.0
2021-06-09,60.630001068115234,60.880001068115234,59.58000183105469,59.68000030517578,49.93372344970703,7026300.0
2021-06-10,61.0099983215332,61.279998779296875,59.279998779296875,60.16999816894531,50.34369659423828,9396000.0
2021-06-11,60.5,60.93000030517578,59.79999923706055,59.970001220703125,50.17636489868164,8117000.0
2021-06-14,60.650001525878906,61.06999969482422,59.849998474121094,60.310001373291016,50.46084213256836,7744300.0
2021-06-15,60.70000076293945,61.560001373291016,60.470001220703125,61.16999816894531,51.18039321899414,7835700.0
2021-06-16,61.09000015258789,61.779998779296875,60.560001373291016,61.130001068115234,51.14693069458008,9745800.0
2021-06-17,60.900001525878906,61.56999969482422,58.54999923706055,59.0099983215332,49.373130798339844,13667200.0
2021-06-18,57.880001068115234,59.209999084472656,57.47999954223633,57.529998779296875,48.13483810424805,18583800.0
2021-06-21,58.22999954223633,60.529998779296875,58.209999084472656,60.45000076293945,50.57797622680664,8234300.0
2021-06-22,60.150001525878906,61.119998931884766,59.63999938964844,60.790000915527344,50.86246109008789,6745100.0
2021-06-23,61.099998474121094,62.349998474121094,60.75,60.7599983215332,50.83735275268555,8184000.0
2021-06-24,60.970001220703125,61.5099983215332,60.31999969482422,61.38999938964844,51.36446762084961,6424400.0
2021-06-25,61.70000076293945,61.75,61.02000045776367,61.310001373291016,51.29753112792969,8099200.0
2021-06-28,61.119998931884766,61.16999816894531,59.369998931884766,59.59000015258789,49.85841369628906,7647300.0
2021-06-29,60.099998474121094,60.20000076293945,58.84000015258789,59.04999923706055,49.40660858154297,6437000.0
2021-06-30,60.47999954223633,60.95000076293945,59.810001373291016,60.900001525878906,50.95449447631836,9309600.0
2021-07-01,62.689998626708984,63.56999969482422,62.349998474121094,62.880001068115234,52.61113739013672,11637200.0
2021-07-02,62.459999084472656,63.16999816894531,61.59000015258789,62.75,52.50237274169922,7635000.0
2021-07-05,62.459999084472656,63.16999816894531,61.59000015258789,62.75,52.50237274169922,7635000.0
2021-07-06,62.779998779296875,62.88999938964844,60.209999084472656,60.279998779296875,50.43573760986328,11699400.0
2021-07-07,60.0,60.779998779296875,58.630001068115234,59.0099983215332,49.373130798339844,8239600.0
2021-07-08,58.25,59.63999938964844,57.9900016784668,59.209999084472656,49.54047775268555,10551500.0
2021-07-09,59.75,60.459999084472656,59.34000015258789,60.130001068115234,50.31024169921875,6973700.0
2021-07-12,58.90999984741211,60.439998626708984,58.72999954223633,59.79999923706055,50.03413391113281,6063100.0
2021-07-13,59.4900016784668,59.9900016784668,58.79999923706055,59.459999084472656,49.74964904785156,6510400.0
2021-07-14,59.88999938964844,60.61000061035156,57.34000015258789,57.66999816894531,48.25197982788086,8489600.0
2021-07-15,57.0,58.220001220703125,56.790000915527344,57.08000183105469,47.758331298828125,8723300.0
2021-07-16,57.70000076293945,57.900001525878906,55.310001373291016,55.5,46.43634796142578,8805300.0
2021-07-19,53.43000030517578,54.29999923706055,52.81999969482422,53.70000076293945,44.93031311035156,13342100.0
2021-07-20,53.5,55.25,53.279998779296875,54.470001220703125,45.574562072753906,9358200.0
2021-07-21,55.72999954223633,57.41999816894531,55.61000061035156,57.02000045776367,47.708133697509766,9378000.0
2021-07-22,57.02000045776367,57.209999084472656,56.18000030517578,56.66999816894531,47.415283203125,6765500.0
2021-07-23,56.0,56.279998779296875,54.7400016784668,55.34000015258789,46.65651321411133,10623800.0
2021-07-26,55.709999084472656,57.349998474121094,55.56999969482422,56.869998931884766,47.94643020629883,8756300.0
2021-07-27,56.15999984741211,56.619998931884766,55.34000015258789,56.33000183105469,47.49115753173828,7363600.0
2021-07-28,56.47999954223633,57.150001525878906,55.810001373291016,56.720001220703125,47.81996536254883,6167200.0
2021-07-29,57.41999816894531,57.84000015258789,56.86000061035156,57.08000183105469,48.12348175048828,6306400.0
2021-07-30,56.7599983215332,56.900001525878906,55.720001220703125,56.060001373291016,47.2635383605957,8660100.0
2021-08-02,56.529998779296875,57.7599983215332,55.33000183105469,55.380001068115234,46.69023132324219,8469500.0
2021-08-03,55.09000015258789,56.77000045776367,54.5099983215332,56.63999938964844,47.75251770019531,9888200.0
2021-08-04,55.33000183105469,56.5,54.90999984741211,54.93000030517578,46.310848236083984,7629600.0
2021-08-05,55.459999084472656,56.619998931884766,55.04999923706055,55.95000076293945,47.17079162597656,6573100.0
2021-08-06,56.59000015258789,57.16999816894531,56.099998474121094,56.5,47.63448715209961,5038900.0
2021-08-09,55.66999816894531,56.16999816894531,55.22999954223633,55.45000076293945,46.74925231933594,5410600.0
2021-08-10,55.849998474121094,56.779998779296875,55.7599983215332,56.47999954223633,47.61763381958008,6781800.0
2021-08-11,56.380001068115234,57.36000061035156,55.95000076293945,57.189998626708984,48.216224670410156,6071800.0
2021-08-12,57.13999938964844,57.58000183105469,56.529998779296875,57.040000915527344,48.08976364135742,4729200.0
2021-08-13,56.95000076293945,57.22999954223633,55.849998474121094,55.970001220703125,47.18765640258789,7399800.0
2021-08-16,55.220001220703125,55.58000183105469,54.599998474121094,54.810001373291016,46.20966720581055,7464600.0
2021-08-17,54.40999984741211,55.439998626708984,54.25,54.52000045776367,45.965171813964844,6497900.0
2021-08-18,54.380001068115234,55.060001373291016,53.459999084472656,53.529998779296875,45.13052749633789,6647700.0
2021-08-19,52.66999816894531,52.97999954223633,51.40999984741211,52.439998626708984,44.2115478515625,11306400.0
2021-08-20,51.869998931884766,52.9900016784668,51.59000015258789,52.77000045776367,44.48977279663086,7068200.0
2021-08-23,54.150001525878906,55.130001068115234,54.02000045776367,54.790000915527344,46.192813873291016,8022200.0
2021-08-24,55.18000030517578,55.689998626708984,54.63999938964844,55.40999984741211,46.71551513671875,6245500.0
2021-08-25,55.45000076293945,56.38999938964844,55.04999923706055,56.02000045776367,47.22980880737305,6125200.0
2021-08-26,55.75,56.09000015258789,54.959999084472656,55.130001068115234,46.479461669921875,5209000.0
2021-08-27,55.790000915527344,57.119998931884766,55.52000045776367,56.7400016784668,47.836830139160156,6549100.0
2021-08-30,56.97999954223633,57.13999938964844,56.18000030517578,56.20000076293945,47.381561279296875,4838600.0
2021-08-31,55.75,56.33000183105469,55.29999923706055,55.529998779296875,46.816688537597656,10500500.0
2021-09-01,55.560001373291016,55.91999816894531,54.41999816894531,54.650001525878906,46.074771881103516,9319800.0
2021-09-02,55.2599983215332,56.97999954223633,55.209999084472656,56.599998474121094,47.71879959106445,6696600.0
2021-09-03,56.34000015258789,56.95000076293945,55.939998626708984,56.2400016784668,47.41529083251953,7954200.0
2021-09-06,56.34000015258789,56.95000076293945,55.939998626708984,56.2400016784668,47.41529083251953,7954200.0
2021-09-07,55.88999938964844,56.47999954223633,55.31999969482422,55.97999954223633,47.19609451293945,6632600.0
2021-09-08,56.31999969482422,56.61000061035156,55.189998626708984,55.279998779296875,46.605926513671875,5228900.0
2021-09-09,55.150001525878906,56.540000915527344,54.83000183105469,55.58000183105469,46.85885238647461,6285800.0
2021-09-10,56.61000061035156,56.7400016784668,55.459999084472656,55.72999954223633,46.985313415527344,5055200.0
2021-09-13,56.56999969482422,58.08000183105469,56.56999969482422,57.59000015258789,48.5534553527832,8456500.0
2021-09-14,58.220001220703125,58.290000915527344,56.61000061035156,56.939998626708984,48.00545120239258,7880700.0
2021-09-15,58.09000015258789,59.459999084472656,58.060001373291016,59.31999969482422,50.01200485229492,10766000.0
2021-09-16,59.279998779296875,59.65999984741211,58.7599983215332,59.22999954223633,49.93612289428711,8773100.0
2021-09-17,59.06999969482422,59.90999984741211,58.779998779296875,58.91999816894531,49.67475509643555,13741300.0
2021-09-20,57.4900016784668,58.0099983215332,56.29999923706055,57.06999969482422,48.115047454833984,10001800.0
2021-09-21,58.470001220703125,59.83000183105469,57.720001220703125,59.33000183105469,50.02042770385742,13923100.0
2021-09-22,60.209999084472656,62.88999938964844,60.209999084472656,62.2599983215332,52.49066925048828,15753000.0
2021-09-23,62.25,64.12000274658203,62.25,63.709999084472656,53.71316146850586,11886800.0
2021-09-24,63.790000915527344,65.69000244140625,63.540000915527344,65.0199966430664,54.817604064941406,11128300.0
2021-09-27,66.69999694824219,66.94999694824219,65.80000305175781,66.70999908447266,56.242408752441406,13508700.0
2021-09-28,67.55000305175781,68.63999938964844,67.16999816894531,67.80000305175781,57.16139221191406,14995200.0
2021-09-29,67.62999725341797,68.4800033569336,66.61000061035156,68.04000091552734,57.36371994018555,10563700.0
2021-09-30,68.22000122070312,68.88999938964844,67.72000122070312,67.7699966430664,57.13609313964844,15845900.0
2021-10-01,68.37999725341797,70.33000183105469,68.30999755859375,70.0999984741211,59.10049057006836,13482300.0
2021-10-04,70.8499984741211,72.61000061035156,70.62999725341797,71.48999786376953,60.27237319946289,12423500.0
2021-10-05,72.0999984741211,72.86000061035156,70.70999908447266,71.7300033569336,60.474727630615234,11270100.0
2021-10-06,70.4000015258789,72.11000061035156,69.79000091552734,71.80999755859375,60.542179107666016,10613500.0
2021-10-07,72.01000213623047,72.12999725341797,70.61000061035156,71.51000213623047,60.289241790771484,11521300.0
2021-10-08,72.19000244140625,75.0999984741211,72.19000244140625,74.91999816894531,63.16415786743164,12310500.0
2021-10-11,75.12999725341797,75.5199966430664,73.75,73.97000122070312,62.36322784423828,9585200.0
2021-10-12,74.13999938964844,74.61000061035156,73.0199966430664,73.41000366210938,61.8911247253418,7635600.0
2021-10-13,72.44999694824219,73.76000213623047,71.45999908447266,73.2300033569336,61.7393798828125,8517500.0
2021-10-14,74.29000091552734,74.61000061035156,72.83999633789062,73.8499984741211,62.26207733154297,8152600.0
2021-10-15,74.62999725341797,74.93000030517578,74.12999725341797,74.13999938964844,62.506561279296875,6945100.0
2021-10-18,74.7699966430664,75.75,74.12999725341797,74.5,62.8100700378418,9917700.0
2021-10-19,74.83999633789062,75.8499984741211,74.37999725341797,75.31999969482422,63.501407623291016,6589400.0
2021-10-20,74.72000122070312,76.0999984741211,74.54000091552734,76.0199966430664,64.091552734375,5506000.0
2021-10-21,75.6500015258789,75.6500015258789,74.11000061035156,74.58999633789062,62.88594436645508,5836300.0
2021-10-22,75.12000274658203,76.08000183105469,74.98999786376953,75.72000122070312,63.83863830566406,7170200.0
2021-10-25,76.55999755859375,77.9800033569336,76.19999694824219,76.5199966430664,64.51311492919922,7471200.0
2021-10-26,76.69000244140625,77.62999725341797,76.47000122070312,77.02999877929688,64.94307708740234,5898200.0
2021-10-27,75.55999755859375,76.66000366210938,74.25,74.43000030517578,63.12803649902344,9025600.0
2021-10-28,74.37000274658203,75.33999633789062,74.12000274658203,75.1500015258789,63.73870086669922,5195900.0
2021-10-29,74.43000030517578,75.30000305175781,73.97000122070312,74.48999786376953,63.178932189941406,8079300.0
2021-11-01,74.94999694824219,75.41000366210938,74.41999816894531,74.58999633789062,63.26372528076172,11944600.0
2021-11-02,74.54000091552734,75.25,72.80999755859375,73.02999877929688,61.94061279296875,10891900.0
2021-11-03,72.6500015258789,73.69000244140625,72.25,72.73999786376953,61.69465637207031,9311800.0
2021-11-04,74.0,74.77999877929688,72.87000274658203,73.30999755859375,62.1781120300293,8573500.0
2021-11-05,74.55999755859375,75.80999755859375,73.91999816894531,75.44999694824219,63.99314498901367,6987600.0
2021-11-08,75.66999816894531,77.1500015258789,75.45999908447266,75.93000030517578,64.40026092529297,6957700.0
2021-11-09,75.80999755859375,75.98999786376953,74.72000122070312,75.75,64.24760437011719,6049800.0
2021-11-10,74.5,74.97000122070312,72.93000030517578,73.0,61.915184020996094,7484700.0
2021-11-11,73.30000305175781,73.66000366210938,71.98999786376953,72.13999938964844,61.18577575683594,7784500.0
2021-11-12,71.58999633789062,72.54000091552734,71.5,72.36000061035156,61.37236022949219,5329600.0
2021-11-15,72.2300033569336,73.38999938964844,71.73999786376953,72.72000122070312,61.677711486816406,6181400.0
2021-11-16,73.0,73.80999755859375,72.56999969482422,72.63999938964844,61.60984420776367,7451100.0
2021-11-17,72.12000274658203,73.93000030517578,71.7300033569336,71.97000122070312,61.041603088378906,7628600.0
2021-11-18,72.12000274658203,73.20999908447266,71.61000061035156,72.72000122070312,61.677711486816406,6548800.0
2021-11-19,70.91999816894531,71.30000305175781,69.41000366210938,69.61000061035156,59.039947509765625,8817100.0
2021-11-22,69.63999938964844,72.83000183105469,69.61000061035156,71.88999938964844,60.973716735839844,7445600.0
2021-11-23,72.91000366210938,74.72000122070312,72.83999633789062,73.77999877929688,62.57674026489258,9107200.0
2021-11-24,73.2300033569336,75.48999786376953,73.19999694824219,74.83000183105469,63.46730041503906,7215800.0
2021-11-25,73.2300033569336,75.48999786376953,73.19999694824219,74.83000183105469,63.46730041503906,7215800.0
2021-11-26,70.52999877929688,71.62000274658203,69.33999633789062,71.4800033569336,60.62598419189453,10258700.0
2021-11-29,73.4800033569336,74.69999694824219,71.94999694824219,72.1500015258789,61.19424057006836,9191600.0
2021-11-30,70.69000244140625,72.23999786376953,70.01000213623047,70.12999725341797,59.48097610473633,15723700.0
2021-12-01,72.01000213623047,72.18000030517578,69.1500015258789,69.19999694824219,58.69219970703125,10070500.0
2021-12-02,69.19000244140625,71.6500015258789,68.23999786376953,71.26000213623047,60.43940734863281,8410900.0
2021-12-03,72.16999816894531,72.94000244140625,70.18000030517578,71.11000061035156,60.312171936035156,6995700.0
2021-12-06,72.5,73.51000213623047,71.62999725341797,72.80999755859375,61.7540397644043,6200100.0
2021-12-07,74.16000366210938,75.95999908447266,74.0999984741211,74.56999969482422,63.24677658081055,8136600.0
2021-12-08,74.62000274658203,75.37000274658203,73.58999633789062,74.11000061035156,62.85662841796875,6313200.0
2021-12-09,73.95999908447266,73.95999908447266,72.45999908447266,72.55000305175781,61.533531188964844,6511600.0
2021-12-10,73.38999938964844,73.6500015258789,71.58999633789062,73.48999786376953,62.33077621459961,6065000.0
2021-12-13,72.87000274658203,73.12999725341797,70.5199966430664,71.0199966430664,60.2358512878418,5719100.0
2021-12-14,70.55999755859375,71.73999786376953,70.02999877929688,70.68000030517578,59.94746780395508,6669300.0
2021-12-15,70.61000061035156,71.22000122070312,68.66999816894531,70.70999908447266,59.97290802001953,6805600.0
2021-12-16,71.7300033569336,73.05999755859375,71.31999969482422,71.69999694824219,60.81258010864258,7068200.0
2021-12-17,70.9000015258789,71.0999984741211,68.5,68.61000061035156,58.1917724609375,22913100.0
2021-12-20,67.05000305175781,68.63999938964844,66.05999755859375,68.5999984741211,58.18332290649414,11485000.0
2021-12-21,69.43000030517578,70.83999633789062,69.30000305175781,70.68000030517578,59.94746780395508,6324800.0
2021-12-22,70.5,71.62000274658203,69.86000061035156,71.08000183105469,60.2867317199707,3775100.0
2021-12-23,71.29000091552734,72.13999938964844,71.04000091552734,71.19000244140625,60.38003158569336,3902700.0
2021-12-24,71.29000091552734,72.13999938964844,71.04000091552734,71.19000244140625,60.38003158569336,3902700.0
2021-12-27,71.19000244140625,73.25,70.45999908447266,73.20999908447266,62.09328842163086,3967800.0
2021-12-28,73.41000366210938,73.91999816894531,72.88999938964844,73.12000274658203,62.016963958740234,3383700.0
2021-12-29,73.26000213623047,73.77999877929688,72.44000244140625,72.91999816894531,61.84733581542969,3947300.0
2021-12-30,73.08000183105469,73.69999694824219,72.19999694824219,72.27999877929688,61.304508209228516,3340200.0
2021-12-31,71.80999755859375,72.66999816894531,71.68000030517578,72.18000030517578,61.38957214355469,3453900.0
2022-01-03,72.02999877929688,73.95999908447266,72.0199966430664,73.7699966430664,62.74185562133789,5769900.0
2022-01-04,74.55999755859375,77.37999725341797,74.27999877929688,76.97000122070312,65.46349334716797,9189300.0
2022-01-05,77.9800033569336,78.2699966430664,75.5199966430664,75.6500015258789,64.34082794189453,9034500.0
2022-01-06,77.81999969482422,78.79000091552734,76.9000015258789,78.48999786376953,66.75625610351562,8679000.0
2022-01-07,78.87000274658203,80.93000030517578,78.37999725341797,80.63999938964844,68.58484649658203,10838800.0
2022-01-10,80.6500015258789,81.16000366210938,79.20999908447266,81.02999877929688,68.91654205322266,9125400.0
2022-01-11,81.61000061035156,83.7699966430664,80.62999725341797,83.58999633789062,71.0938491821289,8510600.0
2022-01-12,84.0,84.54000091552734,83.0999984741211,84.4000015258789,71.78276824951172,7740100.0
2022-01-13,83.94000244140625,84.86000061035156,83.19000244140625,83.62000274658203,71.119384765625,6814000.0
2022-01-14,84.22000122070312,86.87000274658203,83.87000274658203,86.73999786376953,73.77293395996094,7946600.0
2022-01-17,84.22000122070312,86.87000274658203,83.87000274658203,86.73999786376953,73.77293395996094,7946600.0
2022-01-18,88.0,89.11000061035156,85.81999969482422,87.51000213623047,74.42784118652344,10782900.0
2022-01-19,87.88999938964844,88.44000244140625,85.72000122070312,87.27999877929688,74.2322006225586,7370100.0
2022-01-20,86.05000305175781,88.47000122070312,85.4000015258789,85.62999725341797,72.82888793945312,7707700.0
2022-01-21,84.91000366210938,85.11000061035156,82.1500015258789,82.72000122070312,70.3539047241211,10625600.0
2022-01-24,80.69999694824219,83.44999694824219,78.77999877929688,83.0199966430664,70.60905456542969,9505400.0
2022-01-25,83.12000274658203,87.26000213623047,81.31999969482422,87.11000061035156,74.08763885498047,8514800.0
2022-01-26,88.72000122070312,89.19000244140625,86.36000061035156,87.05999755859375,74.04510498046875,9416400.0
2022-01-27,88.94999694824219,89.73999786376953,87.80999755859375,89.66000366210938,76.25640869140625,9624600.0
2022-01-28,87.9800033569336,89.72000122070312,87.69999694824219,89.22000122070312,75.88219451904297,11561400.0
2022-01-31,88.77999877929688,89.43000030517578,86.91999816894531,88.62000274658203,75.37189483642578,7539800.0
2022-02-01,87.4000015258789,91.88999938964844,87.22000122070312,91.54000091552734,77.85539245605469,9424900.0
2022-02-02,90.44999694824219,92.61000061035156,88.9800033569336,92.20999908447266,78.42521667480469,8803400.0
2022-02-03,92.77999877929688,92.94999694824219,89.47000122070312,90.87000274658203,77.2855224609375,13258500.0
2022-02-04,92.0,94.93000030517578,91.75,91.87000274658203,78.13603973388672,12035300.0
2022-02-07,90.41999816894531,94.2300033569336,89.68000030517578,92.94000244140625,79.04608154296875,8420600.0
2022-02-08,91.94999694824219,93.1500015258789,90.0,91.33000183105469,77.67676544189453,7481500.0
2022-02-09,91.52999877929688,94.04000091552734,91.25,92.94999694824219,79.0545654296875,6973200.0
2022-02-10,92.23999786376953,94.33000183105469,91.29000091552734,91.91000366210938,78.17005920410156,7149900.0
2022-02-11,91.83999633789062,93.69000244140625,91.3499984741211,93.5199966430664,79.9394760131836,9580800.0
2022-02-14,92.5,92.72000122070312,90.20999908447266,91.55000305175781,78.25553131103516,7274400.0
2022-02-15,88.68000030517578,89.91999816894531,87.7300033569336,89.68000030517578,76.65706634521484,8379300.0
2022-02-16,89.7699966430664,91.9000015258789,89.63999938964844,90.20999908447266,77.11012268066406,6854400.0
2022-02-17,90.16000366210938,91.8499984741211,90.16000366210938,91.16000366210938,77.92216491699219,6842800.0
2022-02-18,89.61000061035156,90.63999938964844,88.69999694824219,89.62999725341797,76.61434936523438,6574800.0
2022-02-21,89.61000061035156,90.63999938964844,88.69999694824219,89.62999725341797,76.61434936523438,6574800.0
2022-02-22,92.7300033569336,92.8499984741211,86.41999816894531,87.83000183105469,75.07573699951172,9267500.0
2022-02-23,88.0,89.4800033569336,87.3499984741211,88.2300033569336,75.41764831542969,7355000.0
2022-02-24,90.0,90.25,85.29000091552734,87.7300033569336,74.9902572631836,11509300.0
2022-02-25,88.37999725341797,91.5199966430664,87.81999969482422,91.2699966430664,78.01619720458984,10563000.0
2022-02-28,90.66999816894531,95.06999969482422,89.8499984741211,94.86000061035156,81.0848617553711,15096000.0
2022-03-01,95.8499984741211,98.45999908447266,94.80000305175781,96.95999908447266,82.87991333007812,14453500.0
2022-03-02,98.37000274658203,99.97000122070312,97.19000244140625,98.04000091552734,83.8030776977539,16168000.0
2022-03-03,97.19999694824219,98.19000244140625,95.62999725341797,97.41000366210938,83.26460266113281,8704900.0
2022-03-04,97.61000061035156,100.33999633789062,97.44000244140625,100.2699966430664,85.70924377441406,10977300.0
2022-03-07,101.48999786376953,103.7699966430664,99.12000274658203,101.2699966430664,86.56403350830078,13788800.0
2022-03-08,101.51000213623047,104.44000244140625,95.86000061035156,98.80000305175781,84.4527587890625,17231400.0
2022-03-09,95.36000061035156,98.72000122070312,92.76000213623047,96.20999908447266,82.23883819580078,12656200.0
2022-03-10,97.27999877929688,99.83000183105469,96.44000244140625,99.72000122070312,85.2391357421875,9481000.0
2022-03-11,98.83000183105469,101.05999755859375,98.16000366210938,98.41000366210938,84.11936950683594,7666500.0
2022-03-14,97.37999725341797,97.55000305175781,94.20999908447266,96.55000305175781,82.52946472167969,10532200.0
2022-03-15,92.86000061035156,95.81999969482422,92.31999969482422,95.05000305175781,81.24727630615234,8863600.0
2022-03-16,95.19999694824219,95.76000213623047,94.0999984741211,94.81999969482422,81.0506820678711,9314200.0
2022-03-17,96.6500015258789,99.06999969482422,96.51000213623047,98.83000183105469,84.47837829589844,8868300.0
2022-03-18,99.11000061035156,100.1500015258789,98.47000122070312,99.5999984741211,85.13655090332031,16146900.0
2022-03-21,101.16999816894531,103.97000122070312,100.87000274658203,102.76000213623047,87.8376693725586,8107400.0
2022-03-22,102.66999816894531,102.87000274658203,100.31999969482422,101.7699966430664,86.9914321899414,6377500.0
2022-03-23,103.22000122070312,105.0199966430664,103.19000244140625,104.37000274658203,89.21387481689453,7681500.0
2022-03-24,104.97000122070312,105.8499984741211,103.75,104.54000091552734,89.35919189453125,6192500.0
2022-03-25,104.16999816894531,107.5199966430664,103.81999969482422,107.5,91.88935089111328,7833800.0
2022-03-28,105.05999755859375,105.13999938964844,103.01000213623047,103.5,88.47021484375,6091100.0
2022-03-29,99.98999786376953,100.94000244140625,97.83999633789062,100.69000244140625,86.0682601928711,10977600.0
2022-03-30,101.33999633789062,102.76000213623047,100.5999984741211,101.0999984741211,86.67697143554688,6069200.0
2022-03-31,100.0,102.44999694824219,99.4000015258789,100.0,85.73391723632812,9777900.0
2022-04-01,100.1500015258789,101.66000366210938,99.27999877929688,100.58000183105469,86.23118591308594,6934100.0
2022-04-04,101.41000366210938,101.91000366210938,99.62000274658203,100.55000305175781,86.20545196533203,4946500.0
2022-04-05,100.8499984741211,101.66000366210938,97.9000015258789,98.05000305175781,84.06210327148438,5708100.0
2022-04-06,99.75,100.16999816894531,96.81999969482422,97.54000091552734,83.6248550415039,5680000.0
2022-04-07,98.7300033569336,100.19999694824219,96.91000366210938,99.95999908447266,85.69962310791016,6285300.0
2022-04-08,100.69000244140625,103.30999755859375,100.52999877929688,103.05000305175781,88.34879302978516,6175200.0
2022-04-11,101.9000015258789,102.0,97.79000091552734,97.9800033569336,84.0020751953125,7002200.0
2022-04-12,100.05000305175781,101.87999725341797,99.41000366210938,100.0,85.73391723632812,7412100.0
2022-04-13,101.08000183105469,101.7300033569336,98.91999816894531,100.2300033569336,85.93109130859375,7365100.0
2022-04-14,100.19000244140625,102.37999725341797,99.83999633789062,101.37000274658203,86.90847778320312,6337800.0
2022-04-15,100.19000244140625,102.37999725341797,99.83999633789062,101.37000274658203,86.90847778320312,6337800.0
2022-04-18,102.70999908447266,104.11000061035156,101.69999694824219,103.47000122070312,88.70887756347656,4867000.0
2022-04-19,102.83000183105469,103.58000183105469,101.0199966430664,101.55999755859375,87.07135772705078,5331700.0
2022-04-20,102.0999984741211,103.47000122070312,101.37999725341797,102.66999816894531,88.02300262451172,6059200.0
2022-04-21,103.12000274658203,103.76000213623047,98.30999755859375,98.66999816894531,84.5936508178711,6290600.0
2022-04-22,97.87000274658203,99.44999694824219,95.7699966430664,96.01000213623047,82.31312561035156,6483900.0
2022-04-25,93.0,93.41999816894531,88.80000305175781,91.66000366210938,78.58370208740234,11913400.0
2022-04-26,92.51000213623047,94.29000091552734,91.30000305175781,91.31999969482422,78.29218292236328,5970100.0
2022-04-27,91.72000122070312,93.93000030517578,88.7699966430664,93.05999755859375,79.78396606445312,6765800.0
2022-04-28,93.04000091552734,98.45999908447266,91.19999694824219,97.55000305175781,83.6334228515625,9520600.0
2022-04-29,97.75,98.80999755859375,94.91999816894531,95.5199966430664,81.89302062988281,8777700.0
2022-05-02,94.2699966430664,96.05000305175781,92.58000183105469,95.91999816894531,82.23596954345703,6980500.0
2022-05-03,96.68000030517578,99.52999877929688,96.13999938964844,98.93000030517578,84.81656646728516,5748000.0
2022-05-04,101.0,104.19000244140625,99.11000061035156,103.86000061035156,89.04322814941406,7989800.0
2022-05-05,104.58999633789062,106.58999633789062,100.52999877929688,102.86000061035156,88.18590545654297,10593000.0
2022-05-06,104.16999816894531,107.70999908447266,102.80000305175781,107.69000244140625,92.32685852050781,9213100.0
2022-05-09,105.16999816894531,105.5,96.4800033569336,97.19999694824219,83.33334350585938,9750900.0
2022-05-10,98.87999725341797,101.5199966430664,95.97000122070312,98.0,84.01923370361328,7845900.0
2022-05-11,99.70999908447266,102.88999938964844,98.80000305175781,99.04000091552734,84.91087341308594,6651600.0
2022-05-12,98.44999694824219,99.66000366210938,95.47000122070312,99.5999984741211,85.39098358154297,7244400.0
2022-05-13,100.83000183105469,103.80999755859375,100.69999694824219,102.91000366210938,88.228759765625,6549900.0
2022-05-16,103.08000183105469,107.08999633789062,102.63999938964844,105.5,90.85540008544922,7990600.0
2022-05-17,107.08000183105469,108.30000305175781,105.70999908447266,107.0199966430664,92.16439819335938,6577500.0
2022-05-18,107.72000122070312,108.0999984741211,102.76000213623047,104.4800033569336,89.97698211669922,8957000.0
2022-05-19,101.83000183105469,106.70999908447266,101.83000183105469,104.61000061035156,90.08894348144531,6784100.0
2022-05-20,105.12999725341797,107.55000305175781,102.19000244140625,105.0199966430664,90.44202423095703,6717700.0
2022-05-23,106.04000091552734,109.43000030517578,105.7699966430664,109.0199966430664,93.88676452636719,8646900.0
2022-05-24,107.94999694824219,109.9800033569336,106.30000305175781,109.4800033569336,94.28292846679688,6859100.0
2022-05-25,109.94999694824219,111.52999877929688,109.55000305175781,111.19999694824219,95.76416015625,6707000.0
2022-05-26,112.62999725341797,114.5999984741211,112.18000030517578,113.1500015258789,97.4434814453125,6159000.0
2022-05-27,112.1500015258789,114.5999984741211,111.87000274658203,114.5999984741211,98.69219207763672,6788700.0
2022-05-30,112.1500015258789,114.5999984741211,111.87000274658203,114.5999984741211,98.69219207763672,6788700.0
2022-05-31,116.2300033569336,117.98999786376953,111.31999969482422,112.36000061035156,96.76313018798828,17278500.0
2022-06-01,114.36000061035156,117.30000305175781,114.18000030517578,115.75,99.68255615234375,7246600.0
2022-06-02,114.26000213623047,115.94999694824219,113.11000061035156,114.95999908447266,99.00223541259766,5042700.0
2022-06-03,115.44999694824219,118.41999816894531,115.12000274658203,118.12000274658203,101.72359466552734,5387100.0
2022-06-06,118.19000244140625,118.80999755859375,116.62000274658203,117.37999725341797,101.08631896972656,5608400.0
2022-06-07,117.18000030517578,122.70999908447266,117.12999725341797,122.70999908447266,105.67642211914062,8559000.0
2022-06-08,122.72000122070312,124.08000183105469,121.5,121.86000061035156,104.94442749023438,7010900.0
2022-06-09,120.62000274658203,121.77999877929688,118.43000030517578,118.55999755859375,102.10250091552734,6643000.0
2022-06-10,117.0,119.63999938964844,115.30000305175781,116.83000183105469,100.61265563964844,7298800.0
2022-06-13,112.44999694824219,114.0199966430664,108.37000274658203,111.76000213623047,96.24642181396484,9516900.0
2022-06-14,114.0199966430664,116.16000366210938,110.04000091552734,111.48999786376953,96.01390838623047,7737700.0
2022-06-15,111.48999786376953,112.05999755859375,107.58999633789062,109.33000183105469,94.15372467041016,7681400.0
2022-06-16,105.01000213623047,106.20999908447266,101.12999725341797,102.41999816894531,88.20292663574219,11848400.0
2022-06-17,101.48999786376953,102.33999633789062,92.80999755859375,93.73999786376953,80.7278060913086,24455100.0
2022-06-20,101.48999786376953,102.33999633789062,92.80999755859375,93.73999786376953,80.7278060913086,24455100.0
2022-06-21,96.0199966430664,100.0999984741211,95.9800033569336,99.27999877929688,85.49879455566406,10454900.0
2022-06-22,92.8499984741211,95.05000305175781,91.45999908447266,93.05999755859375,80.1421890258789,11284200.0
2022-06-23,93.75,94.19999694824219,87.26000213623047,87.88999938964844,75.68986511230469,13554900.0
2022-06-24,90.0,92.05000305175781,88.36000061035156,90.91000366210938,78.29065704345703,12282400.0
2022-06-27,91.58000183105469,93.79000091552734,90.94999694824219,92.2300033569336,80.04373931884766,8986100.0
2022-06-28,94.9800033569336,97.06999969482422,93.55000305175781,95.22000122070312,82.63867950439453,8903000.0
2022-06-29,96.88999938964844,97.44999694824219,91.27999877929688,91.45999908447266,79.37548828125,7990100.0
2022-06-30,88.55999755859375,91.70999908447266,87.83000183105469,89.80999755859375,77.94348907470703,12748900.0
2022-07-01,91.93000030517578,92.30999755859375,88.30999755859375,90.9800033569336,78.95891571044922,6005000.0
2022-07-04,91.93000030517578,92.30999755859375,88.30999755859375,90.9800033569336,78.95891571044922,6005000.0
2022-07-05,89.3499984741211,89.3499984741211,83.05999755859375,84.63999938964844,73.45661926269531,13483600.0
2022-07-06,83.70999908447266,85.69000244140625,80.44000244140625,83.33999633789062,72.32836151123047,12130900.0
2022-07-07,86.19000244140625,87.20999908447266,85.68000030517578,86.3499984741211,74.94065856933594,8072400.0
2022-07-08,87.52999877929688,87.86000061035156,84.66999816894531,86.45999908447266,75.03611755371094,5615500.0
2022-07-11,85.58999633789062,86.5999984741211,84.19000244140625,85.55000305175781,74.24636840820312,4685700.0
2022-07-12,82.55999755859375,84.04000091552734,81.61000061035156,83.44999694824219,72.42384338378906,5573100.0
2022-07-13,82.36000061035156,85.19000244140625,82.36000061035156,83.11000061035156,72.1287841796875,5535300.0
2022-07-14,79.83000183105469,81.7699966430664,78.30000305175781,81.61000061035156,70.82696533203125,8890200.0
2022-07-15,83.87000274658203,83.94000244140625,81.81999969482422,82.88999938964844,71.93782043457031,5899000.0
2022-07-18,84.73999786376953,86.38999938964844,84.6500015258789,85.06999969482422,73.82978057861328,7057600.0
2022-07-19,85.41000366210938,88.70999908447266,84.87999725341797,88.4800033569336,76.78923797607422,6674800.0
2022-07-20,87.75,91.22000122070312,87.22000122070312,90.70999908447266,78.72460174560547,7720500.0
2022-07-21,87.3499984741211,89.05999755859375,86.87000274658203,88.93000030517578,77.17975616455078,8016700.0
2022-07-22,89.20999908447266,90.19000244140625,87.54000091552734,88.12999725341797,76.4854736328125,6243500.0
2022-07-25,89.45999908447266,92.13999938964844,87.79000091552734,92.05000305175781,79.88753509521484,5815100.0
2022-07-26,93.44000244140625,94.18000030517578,89.97000122070312,91.08999633789062,79.05436706542969,7127000.0
2022-07-27,92.04000091552734,93.66000366210938,91.29000091552734,93.2699966430664,80.94632720947266,6237800.0
2022-07-28,94.22000122070312,95.26000213623047,92.5999984741211,94.05999755859375,81.63195037841797,4656100.0
2022-07-29,96.18000030517578,97.91999816894531,95.4000015258789,97.43000030517578,84.55668640136719,7394800.0
2022-08-01,95.30999755859375,96.05999755859375,93.68000030517578,95.0999984741211,82.53453063964844,5598900.0
2022-08-02,95.0999984741211,95.8499984741211,93.93000030517578,94.70999908447266,82.19607543945312,4653000.0
2022-08-03,95.3499984741211,95.68000030517578,90.43000030517578,91.31999969482422,79.25398254394531,6783300.0
2022-08-04,92.73999786376953,93.0,89.27999877929688,89.87999725341797,78.00424194335938,7810500.0
2022-08-05,88.22000122070312,93.41999816894531,88.0,92.8499984741211,80.58181762695312,5848000.0
2022-08-08,93.0199966430664,94.69000244140625,92.8499984741211,93.62999725341797,81.2587661743164,4788100.0
2022-08-09,95.30000305175781,97.27999877929688,94.86000061035156,95.51000213623047,82.890380859375,7477700.0
2022-08-10,95.38999938964844,96.30999755859375,93.16000366210938,95.9800033569336,83.29827117919922,5625500.0
2022-08-11,98.12000274658203,101.31999969482422,97.5199966430664,100.36000061035156,87.09954071044922,6481600.0
2022-08-12,99.75,102.95999908447266,99.3499984741211,102.75,89.17372131347656,6683800.0
2022-08-15,98.38999938964844,101.45999908447266,97.55000305175781,100.7699966430664,87.84866333007812,6585900.0
2022-08-16,101.20999908447266,102.05000305175781,98.93000030517578,100.0999984741211,87.26456451416016,6924400.0
2022-08-17,100.0999984741211,102.69000244140625,99.7699966430664,101.36000061035156,88.36300659179688,5346500.0
2022-08-18,102.6500015258789,105.11000061035156,102.22000122070312,104.87999725341797,91.431640625,5966500.0
2022-08-19,104.58999633789062,105.69000244140625,103.52999877929688,105.13999938964844,91.6583023071289,7067100.0
2022-08-22,103.66999816894531,105.69999694824219,102.54000091552734,105.23999786376953,91.7454833984375,6701700.0
2022-08-23,107.2300033569336,110.68000030517578,106.73999786376953,108.44999694824219,94.54386138916016,8253000.0
2022-08-24,108.11000061035156,110.76000213623047,107.83999633789062,110.5199966430664,96.34843444824219,6286100.0
2022-08-25,111.44999694824219,112.13999938964844,110.6500015258789,112.08000183105469,97.70840454101562,5241000.0
2022-08-26,112.62000274658203,114.25,111.48999786376953,112.12000274658203,97.74329376220703,6508800.0
2022-08-29,112.08999633789062,115.47000122070312,111.88999938964844,113.41999816894531,98.8765869140625,6479700.0
2022-08-30,111.16999816894531,111.51000213623047,108.9000015258789,110.5,96.33100891113281,7746900.0
2022-08-31,107.8499984741211,111.86000061035156,107.05000305175781,109.44999694824219,95.4156494140625,6775700.0
2022-09-01,107.77999877929688,108.94000244140625,105.75,107.52999877929688,93.7418441772461,6717300.0
2022-09-02,109.63999938964844,112.0,109.0,110.26000213623047,96.12178802490234,6096400.0
2022-09-05,109.63999938964844,112.0,109.0,110.26000213623047,96.12178802490234,6096400.0
2022-09-06,111.0,111.68000030517578,108.08000183105469,108.62999725341797,94.70079803466797,7270900.0
2022-09-07,105.81999969482422,107.51000213623047,104.76000213623047,106.76000213623047,93.0705795288086,6890900.0
2022-09-08,107.33999633789062,109.19000244140625,106.5999984741211,108.31999969482422,94.43054962158203,7147200.0
2022-09-09,110.05000305175781,112.41999816894531,109.87000274658203,111.97000122070312,97.61251831054688,6085000.0
2022-09-12,112.94999694824219,115.41000366210938,112.81999969482422,114.38999938964844,99.72221374511719,6208600.0
2022-09-13,112.9000015258789,114.38999938964844,111.81999969482422,112.33000183105469,97.92635345458984,6977400.0
2022-09-14,113.69000244140625,118.38999938964844,113.45999908447266,117.70999908447266,102.61650085449219,9457900.0
2022-09-15,115.13999938964844,117.22000122070312,114.62999725341797,115.55999755859375,100.74217987060547,9997500.0
2022-09-16,115.56999969482422,115.63999938964844,111.19999694824219,113.12999725341797,98.623779296875,14608000.0
2022-09-19,109.80000305175781,113.4800033569336,109.44000244140625,112.87000274658203,98.3971176147461,6600600.0
2022-09-20,112.55000305175781,112.83999633789062,110.55000305175781,112.06999969482422,97.69969940185547,5655400.0
2022-09-21,114.16999816894531,114.88999938964844,111.05999755859375,111.08999633789062,96.84535217285156,5818000.0
2022-09-22,113.19999694824219,113.8499984741211,109.93000030517578,110.05999755859375,95.94744873046875,4971600.0
2022-09-23,105.08999633789062,105.2699966430664,99.5999984741211,100.58999633789062,87.69173431396484,10157300.0
2022-09-26,100.08999633789062,102.72000122070312,99.12000274658203,99.19999694824219,86.4799575805664,8719000.0
2022-09-27,101.37000274658203,102.58000183105469,98.5199966430664,98.76000213623047,86.09639739990234,8779000.0
2022-09-28,98.83000183105469,103.44000244140625,98.45999908447266,103.0,91.08389282226562,9207500.0
2022-09-29,101.58999633789062,104.08999633789062,99.88999938964844,103.66000366210938,91.66754913330078,5929800.0
2022-09-30,102.43000030517578,103.93000030517578,101.0,102.33999633789062,90.50025177001953,7172000.0
2022-10-03,106.93000030517578,110.83999633789062,106.52999877929688,109.97000122070312,97.2475357055664,7701900.0
2022-10-04,112.47000122070312,115.8499984741211,111.72000122070312,115.62000274658203,102.2438735961914,7582900.0
2022-10-05,116.25,117.26000213623047,113.76000213623047,115.93000030517578,102.51801300048828,10073000.0
2022-10-06,114.79000091552734,118.36000061035156,114.68000030517578,117.6500015258789,104.03903198242188,6388900.0
2022-10-07,118.13999938964844,121.36000061035156,117.31999969482422,118.51000213623047,104.79954528808594,9373500.0
2022-10-10,118.61000061035156,120.44000244140625,115.44999694824219,116.80000305175781,103.2873764038086,5883200.0
2022-10-11,114.11000061035156,118.11000061035156,113.20999908447266,115.58000183105469,102.20851135253906,7602400.0
2022-10-12,114.76000213623047,117.33999633789062,113.98999786376953,116.30000305175781,102.84520721435547,6221600.0
2022-10-13,114.5,123.41000366210938,114.43000030517578,122.73999786376953,108.5401611328125,7999100.0
2022-10-14,121.08999633789062,122.9800033569336,117.04000091552734,117.95999908447266,104.31315612792969,7646000.0
2022-10-17,119.77999877929688,121.44000244140625,118.0199966430664,118.36000061035156,104.66688537597656,6667000.0
2022-10-18,119.58000183105469,120.04000091552734,115.69999694824219,117.88999938964844,104.25126647949219,6826200.0
2022-10-19,118.41999816894531,121.5999984741211,118.08999633789062,121.11000061035156,107.09874725341797,5500400.0
2022-10-20,122.5,124.91000366210938,121.77999877929688,121.80999755859375,107.71776580810547,6456100.0
2022-10-21,122.66999816894531,124.76000213623047,121.56999969482422,124.48999786376953,110.08770751953125,5886200.0
2022-10-24,124.52999877929688,126.4000015258789,124.19999694824219,125.13999938964844,110.66249084472656,5734900.0
2022-10-25,124.33000183105469,125.48999786376953,122.87999725341797,123.94000244140625,109.60134887695312,7000800.0
2022-10-26,124.72000122070312,128.17999267578125,124.58000183105469,126.56999969482422,111.92707824707031,8139100.0
2022-10-27,127.69999694824219,129.4499969482422,126.23999786376953,126.63999938964844,111.98896789550781,8948500.0
2022-10-28,128.5,128.99000549316406,124.01000213623047,127.16999816894531,112.4576644897461,7293200.0
2022-10-31,125.58000183105469,129.99000549316406,125.56999969482422,126.08999633789062,111.50260162353516,7121000.0
2022-11-01,128.74000549316406,129.32000732421875,126.88999938964844,127.77999877929688,112.9970932006836,5875600.0
2022-11-02,127.08000183105469,129.8000030517578,125.79000091552734,126.51000213623047,111.87401580810547,7680400.0
2022-11-03,129.6199951171875,136.1199951171875,128.2899932861328,133.82000732421875,118.33832550048828,13209100.0
2022-11-04,137.0,138.49000549316406,129.64999389648438,132.32000732421875,117.01185607910156,10663700.0
2022-11-07,132.75,136.4199981689453,132.61000061035156,134.94000244140625,119.3287582397461,6882400.0
2022-11-08,134.3000030517578,135.27999877929688,132.22999572753906,134.44000244140625,118.88656616210938,5039800.0
2022-11-09,132.4600067138672,132.57000732421875,124.88999938964844,125.26000213623047,110.76863098144531,7069500.0
2022-11-10,128.10000610351562,129.77000427246094,125.56999969482422,129.4600067138672,114.48273468017578,7543900.0
2022-11-11,131.1999969482422,134.85000610351562,130.55999755859375,133.9600067138672,118.46215057373047,8662000.0
2022-11-14,132.3800048828125,135.67999267578125,132.27999877929688,133.02999877929688,118.08929443359375,6163400.0
2022-11-15,133.58999633789062,134.83999633789062,131.91000366210938,134.08999633789062,119.0302505493164,8300600.0
2022-11-16,132.5800018310547,133.5,129.08999633789062,129.24000549316406,114.72496032714844,7365600.0
2022-11-17,127.58999633789062,131.3699951171875,127.02999877929688,131.19000244140625,116.45596313476562,5735800.0
2022-11-18,128.41000366210938,129.1999969482422,126.5,128.58999633789062,114.14795684814453,5727200.0
2022-11-21,125.04000091552734,127.11000061035156,121.80999755859375,125.48999786376953,111.39612579345703,6573200.0
2022-11-22,128.0,130.5500030517578,126.45999908447266,129.97999572753906,115.38184356689453,5604200.0
2022-11-23,127.58999633789062,129.22000122070312,125.80000305175781,126.73999786376953,112.50572967529297,7482600.0
2022-11-24,127.58999633789062,129.22000122070312,125.80000305175781,126.73999786376953,112.50572967529297,7482600.0
2022-11-25,126.88999938964844,127.7699966430664,126.5,126.80999755859375,112.56787872314453,2547800.0
2022-11-28,122.69999694824219,125.05999755859375,121.23999786376953,123.83999633789062,109.93142700195312,5648600.0
2022-11-29,125.81999969482422,126.83000183105469,123.91999816894531,124.25,110.29537200927734,4909700.0
2022-11-30,126.6500015258789,126.68000030517578,122.44000244140625,123.51000213623047,109.63850402832031,8484500.0
2022-12-01,124.66999816894531,125.37000274658203,122.88999938964844,123.05999755859375,109.23905181884766,5285100.0
2022-12-02,122.12000274658203,123.87000274658203,121.33999633789062,122.18000030517578,108.4578628540039,4879700.0
2022-12-05,124.26000213623047,124.69000244140625,118.70999908447266,119.37000274658203,105.96347045898438,5478700.0
2022-12-06,118.44000244140625,119.73999786376953,114.54000091552734,115.61000061035156,102.62574768066406,6498400.0
2022-12-07,116.29000091552734,117.5999984741211,114.08999633789062,114.87999725341797,101.97772216796875,6099100.0
2022-12-08,117.79000091552734,117.88999938964844,111.87999725341797,112.5999984741211,99.95380401611328,7720400.0
2022-12-09,112.41000366210938,113.94999694824219,109.7300033569336,110.0199966430664,97.66358184814453,6385700.0
2022-12-12,110.9000015258789,112.30000305175781,110.06999969482422,111.77999877929688,99.22589874267578,5636500.0
2022-12-13,114.44999694824219,115.58999633789062,113.37000274658203,113.41000366210938,100.67283630371094,6285200.0
2022-12-14,114.75,115.6500015258789,112.04000091552734,112.87000274658203,100.19348907470703,5927000.0
2022-12-15,111.63999938964844,112.91999816894531,110.47000122070312,112.55000305175781,99.90941619873047,6400900.0
2022-12-16,110.44999694824219,111.22000122070312,109.01000213623047,110.44000244140625,98.03639221191406,17422600.0
2022-12-19,112.16000366210938,112.76000213623047,109.63999938964844,110.44000244140625,98.03639221191406,4991400.0
2022-12-20,110.44999694824219,113.80999755859375,110.0,112.6500015258789,99.99819946289062,5538700.0
2022-12-21,114.94000244140625,116.66999816894531,113.55000305175781,116.27999877929688,103.22051239013672,5433000.0
2022-12-22,116.05000305175781,116.77999877929688,109.83999633789062,112.9000015258789,100.2201156616211,5295400.0
2022-12-23,113.6500015258789,117.0999984741211,113.6500015258789,117.05000305175781,104.55226135253906,5001500.0
2022-12-26,113.6500015258789,117.0999984741211,113.6500015258789,117.05000305175781,104.55226135253906,5001500.0
2022-12-27,117.91999816894531,119.05999755859375,117.05999755859375,118.47000122070312,105.82066345214844,3849400.0
2022-12-28,118.20999908447266,118.2699966430664,114.73999786376953,115.30999755859375,102.998046875,3856400.0
2022-12-29,114.7300033569336,117.0,114.62000274658203,116.38999938964844,103.96273803710938,2921600.0
2022-12-30,116.06999969482422,118.20999908447266,116.01000213623047,118.0,105.40082550048828,4220500.0
2023-01-02,116.06999969482422,118.20999908447266,116.01000213623047,118.0,105.40082550048828,4220500.0
2023-01-03,116.55999755859375,117.9800033569336,111.91999816894531,113.12000274658203,101.04187774658203,5424400.0
2023-01-04,111.22000122070312,114.30999755859375,110.45999908447266,113.33999633789062,101.23838806152344,4837600.0
2023-01-05,113.52999877929688,117.80000305175781,113.52999877929688,116.7699966430664,104.30215454101562,5177700.0
2023-01-06,118.5,120.19000244140625,117.54000091552734,118.2300033569336,105.60627746582031,4442300.0
2023-01-09,120.31999969482422,120.66000366210938,116.86000061035156,117.36000061035156,104.82916259765625,5403200.0
2023-01-10,118.2300033569336,118.62000274658203,116.68000030517578,118.08000183105469,105.47230529785156,4042700.0
2023-01-11,119.19000244140625,119.55000305175781,116.91000366210938,118.23999786376953,105.61521911621094,4569900.0
2023-01-12,118.38999938964844,121.0999984741211,117.8499984741211,120.16000366210938,107.33020782470703,5072500.0
2023-01-13,120.58000183105469,121.8499984741211,118.51000213623047,121.47000122070312,108.5003433227539,4360200.0
2023-01-16,120.58000183105469,121.8499984741211,118.51000213623047,121.47000122070312,108.5003433227539,4360200.0
2023-01-17,121.05999755859375,122.54000091552734,119.55999755859375,120.23999786376953,107.40165710449219,5228500.0
2023-01-18,121.19999694824219,123.70999908447266,118.36000061035156,118.55000305175781,105.89209747314453,5138700.0
2023-01-19,117.55000305175781,120.26000213623047,116.26000213623047,119.63999938964844,106.86573028564453,5049100.0
2023-01-20,120.16000366210938,121.91000366210938,119.25,121.80000305175781,108.79509735107422,5101400.0
2023-01-23,122.45999908447266,123.16999816894531,119.97000122070312,120.12999725341797,107.30339813232422,3963200.0
2023-01-24,121.0,121.0,117.63999938964844,118.80999755859375,106.12434387207031,4216900.0
2023-01-25,118.19999694824219,120.37999725341797,116.63999938964844,120.37000274658203,107.51778411865234,3984700.0
2023-01-26,122.29000091552734,124.7300033569336,120.80000305175781,124.6500015258789,111.34080505371094,5807400.0
2023-01-27,124.69000244140625,126.38999938964844,123.5199966430664,123.61000061035156,110.41183471679688,4857500.0
2023-01-30,122.08999633789062,122.5999984741211,120.33000183105469,120.52999877929688,107.66069030761719,5246300.0
2023-01-31,120.22000122070312,122.08999633789062,119.0999984741211,121.87000274658203,108.85761260986328,5200100.0
2023-02-01,120.70999908447266,120.97000122070312,115.19999694824219,117.69999694824219,105.13287353515625,7282300.0
2023-02-02,113.48999786376953,115.38999938964844,109.76000213623047,111.30000305175781,99.41622161865234,11531300.0
2023-02-03,111.30999755859375,112.38999938964844,107.76000213623047,108.11000061035156,96.56681060791016,13504200.0
2023-02-06,108.56999969482422,109.94999694824219,106.7300033569336,107.48999786376953,96.01300048828125,11516300.0
2023-02-07,108.41000366210938,112.1500015258789,107.41000366210938,112.0199966430664,100.05934143066406,7370600.0
2023-02-08,112.2300033569336,113.0,109.83999633789062,110.79000091552734,98.9606704711914,6713200.0
2023-02-09,110.61000061035156,111.73999786376953,109.8499984741211,109.93000030517578,98.19248962402344,5768300.0
2023-02-10,111.9800033569336,115.37000274658203,111.83000183105469,115.05999755859375,102.77474212646484,10779200.0
2023-02-13,113.94999694824219,114.0999984741211,112.12000274658203,112.30999755859375,100.76500701904297,6018200.0
2023-02-14,111.0,114.44999694824219,110.55000305175781,113.55000305175781,101.87757110595703,7308100.0
2023-02-15,111.81999969482422,112.16999816894531,109.9800033569336,111.6500015258789,100.17285919189453,7203700.0
2023-02-16,110.87999725341797,111.70999908447266,108.08999633789062,108.36000061035156,97.2210693359375,6531900.0
2023-02-17,106.13999938964844,106.66999816894531,103.16999816894531,104.12000274658203,93.41690826416016,11294500.0
2023-02-20,106.13999938964844,106.66999816894531,103.16999816894531,104.12000274658203,93.41690826416016,11294500.0
2023-02-21,104.01000213623047,106.12000274658203,103.51000213623047,105.30999755859375,94.48458862304688,7200600.0
2023-02-22,105.4800033569336,105.4800033569336,102.95999908447266,104.08000183105469,93.38104248046875,7929500.0
2023-02-23,106.0,106.4000015258789,104.06999969482422,105.43000030517578,94.59223937988281,6095800.0
2023-02-24,104.16999816894531,105.55000305175781,103.36000061035156,105.25,94.43075561523438,5617900.0
2023-02-27,105.16999816894531,106.18000030517578,103.44000244140625,105.86000061035156,94.97806549072266,7429300.0
2023-02-28,106.66000366210938,107.30999755859375,103.30999755859375,103.3499984741211,92.7260513305664,8771800.0
2023-03-01,103.7300033569336,107.68000030517578,103.2300033569336,106.25,95.32795715332031,6064700.0
2023-03-02,106.06999969482422,108.95999908447266,105.77999877929688,108.33000183105469,97.19412231445312,5458600.0
2023-03-03,106.2699966430664,109.08000183105469,105.81999969482422,108.63999938964844,97.47227478027344,7075100.0
2023-03-06,107.58000183105469,109.5999984741211,107.0999984741211,109.55999755859375,98.29769134521484,6200900.0
2023-03-07,108.58999633789062,108.91999816894531,106.66999816894531,107.6500015258789,96.58403015136719,4973200.0
2023-03-08,107.0,108.52999877929688,105.76000213623047,107.2300033569336,96.20722198486328,4576800.0
2023-03-09,107.91999816894531,109.25,105.36000061035156,105.80999755859375,94.93318176269531,5191600.0
2023-03-10,105.7300033569336,107.33000183105469,103.5999984741211,104.22000122070312,93.50663757324219,5313100.0
2023-03-13,102.0,103.58000183105469,99.56999969482422,100.68000030517578,90.33052062988281,8789700.0
2023-03-14,101.05000305175781,104.41999816894531,99.62000274658203,101.36000061035156,90.94062805175781,7090800.0
2023-03-15,97.41999816894531,98.70999908447266,93.58999633789062,95.23999786376953,85.44973754882812,10661200.0
2023-03-16,92.01000213623047,96.5,91.52999877929688,96.4000015258789,86.4905014038086,10111500.0
2023-03-17,96.3499984741211,96.94999694824219,93.5,94.38999938964844,84.68709564208984,17056000.0
2023-03-20,94.83999633789062,96.88999938964844,94.70999908447266,96.16000366210938,86.27516174316406,7932900.0
2023-03-21,98.08999633789062,100.08999633789062,98.0,99.70999908447266,89.46023559570312,6770200.0
2023-03-22,100.0,101.08999633789062,98.29000091552734,98.37000274658203,88.25798034667969,5635500.0
2023-03-23,98.51000213623047,99.76000213623047,95.5,96.41999816894531,86.5084228515625,5866400.0
2023-03-24,94.55999755859375,95.9000015258789,93.26000213623047,95.43000030517578,85.62020874023438,8385900.0
2023-03-27,96.30999755859375,98.5,95.5999984741211,97.4800033569336,87.45947265625,6049700.0
2023-03-28,96.61000061035156,98.69000244140625,96.43000030517578,97.93000030517578,88.40737915039062,3792000.0
2023-03-29,99.63999938964844,100.30000305175781,98.66999816894531,99.75,90.05039978027344,7596300.0
2023-03-30,100.61000061035156,100.86000061035156,98.87000274658203,99.25,89.59901428222656,5461100.0
2023-03-31,99.80999755859375,99.9000015258789,98.94000244140625,99.20999908447266,89.56290435791016,7708800.0
2023-04-03,105.12999725341797,109.13999938964844,105.01000213623047,108.41999816894531,97.87732696533203,12394300.0
2023-04-04,108.33000183105469,108.7699966430664,105.11000061035156,106.30000305175781,95.96348571777344,5425500.0
2023-04-05,106.91000366210938,107.87999725341797,105.91999816894531,107.75,97.2724838256836,5806800.0
2023-04-06,106.9000015258789,107.73999786376953,105.88999938964844,106.26000213623047,95.92737579345703,5087800.0
2023-04-07,106.9000015258789,107.73999786376953,105.88999938964844,106.26000213623047,95.92737579345703,5087800.0
2023-04-10,107.04000091552734,108.01000213623047,105.61000061035156,105.94999694824219,95.64751434326172,4374700.0
2023-04-11,106.0999984741211,107.19999694824219,105.48999786376953,106.75,96.36971282958984,4812200.0
2023-04-12,108.4800033569336,109.08999633789062,107.41000366210938,107.52999877929688,97.07386779785156,8108200.0
2023-04-13,107.94000244140625,109.9000015258789,107.12000274658203,109.04000091552734,98.43704986572266,7160100.0
2023-04-14,109.4800033569336,110.0199966430664,108.12000274658203,108.5,97.9495620727539,5052100.0
2023-04-17,106.80000305175781,107.69000244140625,105.5199966430664,105.61000061035156,95.34058380126953,6278800.0
2023-04-18,104.98999786376953,105.69999694824219,104.0999984741211,104.94999694824219,94.7447509765625,7745300.0
2023-04-19,103.8499984741211,105.80999755859375,103.5,105.26000213623047,95.02462005615234,4717500.0
2023-04-20,103.44999694824219,103.9000015258789,102.12000274658203,103.77999877929688,93.68852996826172,5351600.0
2023-04-21,104.0999984741211,104.19999694824219,101.62999725341797,102.26000213623047,92.31632232666016,5279000.0
2023-04-24,101.94999694824219,103.94999694824219,101.7699966430664,103.6500015258789,93.57117462158203,5215800.0
2023-04-25,101.5999984741211,102.41000366210938,100.4800033569336,102.08999633789062,92.16285705566406,5355800.0
2023-04-26,101.33000183105469,102.12999725341797,99.6500015258789,100.47000122070312,90.70038604736328,4295000.0
2023-04-27,100.44999694824219,101.93000030517578,99.80999755859375,101.2300033569336,91.38648223876953,4196700.0
2023-04-28,100.56999969482422,103.7300033569336,100.31999969482422,102.88999938964844,92.88506317138672,6638200.0
2023-05-01,101.58000183105469,103.01000213623047,101.12999725341797,102.52999877929688,92.56007385253906,3644900.0
2023-05-02,100.87999725341797,101.38999938964844,97.4800033569336,98.63999938964844,89.04833984375,8100100.0
2023-05-03,96.83000183105469,97.58000183105469,95.69999694824219,96.08999633789062,86.74627685546875,9085100.0
2023-05-04,96.19999694824219,98.5199966430664,95.80999755859375,97.36000061035156,87.89278411865234,6840000.0
2023-05-05,101.12000274658203,101.5999984741211,98.94000244140625,100.37000274658203,90.61011505126953,5566700.0
2023-05-08,102.08999633789062,102.75,100.5999984741211,100.9000015258789,91.08858489990234,5058900.0
2023-05-09,100.01000213623047,102.62000274658203,99.94999694824219,101.52999877929688,91.65731048583984,4896100.0
2023-05-10,101.98999786376953,102.26000213623047,99.55000305175781,100.47000122070312,90.70038604736328,5285900.0
2023-05-11,98.87999725341797,100.12000274658203,98.55000305175781,99.88999938964844,90.17678833007812,5671700.0
2023-05-12,100.63999938964844,100.94999694824219,98.70999908447266,99.43000030517578,89.76152801513672,5004400.0
2023-05-15,99.33000183105469,100.44999694824219,98.45999908447266,100.29000091552734,91.00467681884766,5838100.0
2023-05-16,99.87000274658203,100.55999755859375,97.41999816894531,98.06999969482422,88.99020385742188,4822200.0
2023-05-17,99.54000091552734,101.45999908447266,98.55999755859375,100.70999908447266,91.38577270507812,5013700.0
2023-05-18,100.19999694824219,100.8499984741211,99.25,100.73999786376953,91.41301727294922,5503400.0
2023-05-19,102.33000183105469,103.58999633789062,101.83000183105469,102.5999984741211,93.10079193115234,6068200.0
2023-05-22,102.7300033569336,104.91999816894531,102.41999816894531,103.7300033569336,94.12616729736328,5561900.0
2023-05-23,104.45999908447266,105.56999969482422,103.98999786376953,104.38999938964844,94.72506713867188,5415700.0
2023-05-24,105.48999786376953,105.68000030517578,103.47000122070312,103.9800033569336,94.35304260253906,5141900.0
2023-05-25,101.94000244140625,102.4000015258789,100.5,101.69000244140625,92.27503967285156,4951900.0
2023-05-26,102.66999816894531,102.8499984741211,100.87999725341797,101.8499984741211,92.42024230957031,5709500.0
2023-05-29,102.66999816894531,102.8499984741211,100.87999725341797,101.8499984741211,92.42024230957031,5709500.0
2023-05-30,100.69999694824219,101.58999633789062,100.02999877929688,101.19999694824219,91.83040618896484,6721800.0
2023-05-31,99.43000030517578,100.98999786376953,99.2300033569336,99.30000305175781,90.10633850097656,22757300.0
2023-06-01,99.56999969482422,100.9800033569336,98.37999725341797,99.52999877929688,90.31502532958984,5857800.0
2023-06-02,101.36000061035156,102.93000030517578,100.4800033569336,102.3499984741211,92.87393951416016,4958500.0
2023-06-05,104.25,104.25,100.97000122070312,102.06999969482422,92.61986541748047,5153900.0
2023-06-06,101.05000305175781,102.73999786376953,100.3499984741211,101.94000244140625,92.50190734863281,3622400.0
2023-06-07,102.31999969482422,105.4800033569336,102.31999969482422,104.80999755859375,95.1061782836914,4827700.0
2023-06-08,104.8499984741211,105.56999969482422,102.58999633789062,104.54000091552734,94.8611831665039,5231300.0
2023-06-09,104.83999633789062,105.44999694824219,103.62999725341797,103.88999938964844,94.2713623046875,4085100.0
2023-06-12,102.20999908447266,104.1500015258789,101.43000030517578,102.81999969482422,93.30043029785156,6049600.0
2023-06-13,103.8499984741211,105.47000122070312,103.22000122070312,103.41000366210938,93.83580780029297,4904300.0
2023-06-14,104.43000030517578,104.94999694824219,102.04000091552734,102.66999816894531,93.164306640625,4915300.0
2023-06-15,102.88999938964844,105.30999755859375,102.83000183105469,104.1500015258789,94.50728607177734,4614600.0
2023-06-16,104.86000061035156,105.4800033569336,104.22000122070312,104.91999816894531,95.20600128173828,9928200.0
2023-06-19,104.86000061035156,105.4800033569336,104.22000122070312,104.91999816894531,95.20600128173828,9928200.0
2023-06-20,104.12999725341797,104.75,101.0199966430664,102.02999877929688,92.58358001708984,8590000.0
2023-06-21,101.80000305175781,104.43000030517578,101.80000305175781,103.69999694824219,94.09895324707031,6477500.0
2023-06-22,102.63999938964844,102.87999725341797,101.0999984741211,101.43000030517578,92.03913879394531,4967700.0
2023-06-23,100.02999877929688,100.91999816894531,99.62999725341797,100.45999908447266,91.15892791748047,7149000.0
2023-06-26,100.16000366210938,101.87000274658203,100.0,101.30999755859375,92.48257446289062,4361000.0
2023-06-27,101.01000213623047,101.62000274658203,100.33000183105469,100.79000091552734,92.00790405273438,3816900.0
2023-06-28,100.81999969482422,102.72000122070312,99.95999908447266,102.51000213623047,93.57803344726562,5463000.0
2023-06-29,102.51000213623047,103.30999755859375,101.80999755859375,103.05999755859375,94.08010864257812,4260300.0
2023-06-30,103.75,104.4000015258789,102.54000091552734,103.61000061035156,94.58219146728516,7000000.0
2023-07-03,103.94999694824219,104.98999786376953,103.62999725341797,104.2300033569336,95.14816284179688,2234000.0
2023-07-04,103.94999694824219,104.98999786376953,103.62999725341797,104.2300033569336,95.14816284179688,2234000.0
2023-07-05,105.0,105.0,103.13999938964844,104.0199966430664,94.95645904541016,4154900.0
2023-07-06,102.80000305175781,103.62999725341797,99.3499984741211,100.33999633789062,91.59710693359375,6004500.0
2023-07-07,100.55000305175781,104.61000061035156,100.12000274658203,103.2300033569336,94.23530578613281,7393100.0
2023-07-10,102.8499984741211,104.45999908447266,102.75,104.3499984741211,95.25770568847656,6405900.0
2023-07-11,105.0,107.61000061035156,104.8499984741211,107.44000244140625,98.07846069335938,5648500.0
2023-07-12,108.63999938964844,109.56999969482422,108.44999694824219,109.30999755859375,99.78550720214844,6229200.0
2023-07-13,109.88999938964844,111.76000213623047,109.58000183105469,110.55000305175781,100.91748809814453,6054900.0
2023-07-14,110.06999969482422,110.2300033569336,106.44999694824219,107.08999633789062,97.75895690917969,4738200.0
2023-07-17,106.69000244140625,107.66000366210938,106.13999938964844,106.44000244140625,97.16560363769531,4081400.0
2023-07-18,106.44999694824219,109.5,106.4000015258789,108.75,99.27430725097656,4396800.0
2023-07-19,108.7699966430664,110.69000244140625,108.7699966430664,109.4800033569336,99.94071960449219,5408200.0
2023-07-20,110.5,111.77999877929688,110.19999694824219,111.69000244140625,101.95814514160156,6702300.0
2023-07-21,112.16999816894531,113.19999694824219,111.8499984741211,112.88999938964844,103.0535888671875,4957000.0
2023-07-24,113.4000015258789,115.69999694824219,113.4000015258789,114.72000122070312,104.72412872314453,3999600.0
2023-07-25,114.37000274658203,116.5199966430664,113.9000015258789,116.18000030517578,106.05691528320312,3664700.0
2023-07-26,115.31999969482422,117.13999938964844,115.16000366210938,116.83000183105469,106.65027618408203,4006300.0
2023-07-27,117.33999633789062,117.88999938964844,115.33000183105469,115.77999877929688,105.6917724609375,4568500.0
2023-07-28,115.73999786376953,116.30000305175781,114.66999816894531,115.93000030517578,105.82870483398438,3138800.0
2023-07-31,117.22000122070312,118.25,116.76000213623047,117.72000122070312,107.46273040771484,4126100.0
2023-08-01,117.26000213623047,117.83000183105469,116.19000244140625,117.37999725341797,107.1523666381836,3308200.0
2023-08-02,116.69000244140625,117.54000091552734,114.91000366210938,115.58999633789062,105.51834106445312,4577800.0
2023-08-03,114.91000366210938,117.29000091552734,113.01000213623047,114.98999786376953,104.97061920166016,7285300.0
2023-08-04,115.87000274658203,116.69000244140625,113.58000183105469,113.70999908447266,103.80213928222656,6928700.0
2023-08-07,114.48999786376953,114.5999984741211,113.25,114.4800033569336,104.50505065917969,3635100.0
2023-08-08,112.6500015258789,115.79000091552734,111.30000305175781,115.58999633789062,105.51834106445312,4281300.0
2023-08-09,116.7300033569336,118.83999633789062,116.30000305175781,116.44000244140625,106.29425811767578,4818800.0
2023-08-10,116.29000091552734,117.58999633789062,115.16000366210938,115.83000183105469,105.73743438720703,3589300.0
2023-08-11,115.9800033569336,118.05000305175781,115.47000122070312,117.80999755859375,107.54489135742188,3771600.0
2023-08-14,117.16999816894531,117.77999877929688,116.30000305175781,117.69000244140625,107.43534088134766,4252400.0
2023-08-15,116.5,116.8499984741211,114.97000122070312,115.51000213623047,105.90423583984375,4214900.0
2023-08-16,115.75,116.91000366210938,114.55999755859375,114.63999938964844,105.10658264160156,3767200.0
2023-08-17,116.5,117.87999725341797,116.22000122070312,116.7300033569336,107.02277374267578,4044700.0
2023-08-18,115.83999633789062,118.02999877929688,115.6500015258789,117.29000091552734,107.53620147705078,4267600.0
2023-08-21,118.13999938964844,119.11000061035156,116.54000091552734,117.20999908447266,107.46286010742188,3271600.0
2023-08-22,117.58999633789062,117.73999786376953,116.08000183105469,116.1500015258789,106.49101257324219,3194300.0
2023-08-23,115.01000213623047,116.33999633789062,113.86000061035156,115.80999755859375,106.17929077148438,3136700.0
2023-08-24,115.19000244140625,116.37999725341797,114.73999786376953,114.80000305175781,105.25328063964844,3538500.0
2023-08-25,115.69000244140625,117.12999725341797,114.76000213623047,116.5199966430664,106.83023071289062,3710300.0
2023-08-28,116.4800033569336,118.4000015258789,116.41999816894531,117.5199966430664,107.74707794189453,2821600.0
2023-08-29,117.86000061035156,118.0999984741211,116.58000183105469,117.66000366210938,107.87544250488281,3213700.0
2023-08-30,118.2699966430664,118.94000244140625,118.01000213623047,118.69999694824219,108.82894897460938,2847500.0
2023-08-31,119.16999816894531,119.55999755859375,118.0999984741211,119.02999877929688,109.13150787353516,4395700.0
2023-09-01,120.0,122.5,119.97000122070312,122.13999938964844,111.9828872680664,6398300.0
2023-09-04,120.0,122.5,119.97000122070312,122.13999938964844,111.9828872680664,6398300.0
2023-09-05,122.7699966430664,124.98999786376953,122.55999755859375,122.83000183105469,112.61551666259766,5785700.0
2023-09-06,122.47000122070312,123.44000244140625,121.91999816894531,123.06999969482422,112.83554077148438,4664000.0
2023-09-07,122.98999786376953,123.68000030517578,121.61000061035156,121.70999908447266,111.5886459350586,3503900.0
2023-09-08,122.76000213623047,124.01000213623047,122.44999694824219,122.72000122070312,112.51465606689453,4368400.0
2023-09-11,123.44000244140625,123.9000015258789,119.81999969482422,120.44000244140625,110.42426300048828,4294500.0
2023-09-12,121.25,123.44000244140625,121.19999694824219,123.08000183105469,112.84471130371094,4486600.0
2023-09-13,123.4800033569336,123.69999694824219,121.47000122070312,122.30999755859375,112.13874816894531,3879700.0
2023-09-14,123.5,124.88999938964844,123.44000244140625,124.5,114.1466293334961,4686200.0
2023-09-15,124.05000305175781,125.98999786376953,123.19000244140625,123.56999969482422,113.29395294189453,12441000.0
2023-09-18,125.18000030517578,125.7300033569336,124.06999969482422,124.4800033569336,114.12831115722656,4945300.0
2023-09-19,125.83999633789062,126.02999877929688,122.18000030517578,123.16000366210938,112.9180679321289,4190700.0
2023-09-20,122.62999725341797,123.80999755859375,121.05999755859375,121.16999816894531,111.09354400634766,3444600.0
2023-09-21,122.02999877929688,122.16000366210938,118.75,119.06999969482422,109.16816711425781,4470700.0
2023-09-22,119.91999816894531,121.18000030517578,119.04000091552734,119.16000366210938,109.25068664550781,3641100.0
2023-09-25,119.29000091552734,121.2699966430664,118.88999938964844,121.06999969482422,111.00186157226562,3291300.0
2023-09-26,119.80000305175781,121.44000244140625,119.33999633789062,120.13999938964844,110.1491928100586,5204500.0
2023-09-27,121.72000122070312,123.91999816894531,120.80000305175781,123.08999633789062,113.42031860351562,5364100.0
2023-09-28,122.86000061035156,124.30999755859375,122.18000030517578,122.72000122070312,113.07937622070312,3964600.0
2023-09-29,122.4800033569336,122.61000061035156,119.63999938964844,119.80000305175781,110.3887710571289,5308900.0
2023-10-02,120.23999786376953,120.30999755859375,115.95999908447266,117.0999984741211,107.90089416503906,4769500.0
2023-10-03,116.76000213623047,117.66999816894531,116.06999969482422,117.5999984741211,108.3615951538086,4162600.0
2023-10-04,115.31999969482422,115.62999725341797,111.66999816894531,113.33000183105469,104.42704772949219,7287600.0
2023-10-05,112.51000213623047,114.58000183105469,112.19000244140625,113.41999816894531,104.50997161865234,4070100.0
2023-10-06,114.37999725341797,116.58999633789062,113.16000366210938,115.33000183105469,106.26992797851562,4209700.0
2023-10-09,118.95999908447266,121.87000274658203,118.75,121.81999969482422,112.2500991821289,6532800.0
2023-10-10,121.25,122.23999786376953,120.19000244140625,120.38999938964844,110.93242645263672,5705500.0
2023-10-11,119.5,120.19000244140625,118.02999877929688,120.04000091552734,110.60992431640625,7300700.0
2023-10-12,121.08000183105469,121.7300033569336,120.45999908447266,121.11000061035156,111.59586334228516,3859500.0
2023-10-13,124.05999755859375,125.97000122070312,123.43000030517578,124.86000061035156,115.05126953125,5589100.0
2023-10-16,125.58000183105469,126.12000274658203,124.18000030517578,125.30999755859375,115.4659194946289,3769500.0
2023-10-17,125.19999694824219,126.43000030517578,124.94000244140625,125.45999908447266,115.60414123535156,4213800.0
2023-10-18,126.20999908447266,127.23999786376953,125.44999694824219,126.58999633789062,116.64535522460938,4781900.0
2023-10-19,125.69000244140625,127.3499984741211,124.87000274658203,126.37999725341797,116.45186614990234,4491300.0
2023-10-20,126.19000244140625,126.66999816894531,123.86000061035156,124.05999755859375,114.31411743164062,5289400.0
2023-10-23,123.05999755859375,123.16000366210938,120.63999938964844,121.33999633789062,111.80778503417969,5969400.0
2023-10-24,121.56999969482422,121.98999786376953,119.9000015258789,119.94999694824219,110.52698516845703,4664400.0
2023-10-25,119.52999877929688,120.93000030517578,118.7699966430664,120.41000366210938,110.95087432861328,5010600.0
2023-10-26,118.7300033569336,119.16000366210938,117.25,118.30999755859375,109.01582336425781,6066500.0
2023-10-27,117.69999694824219,118.33999633789062,116.44000244140625,117.80000305175781,108.5458984375,5312500.0
2023-10-30,117.77999877929688,118.5,116.51000213623047,118.13999938964844,108.85916900634766,5830500.0
2023-10-31,117.9000015258789,118.98999786376953,116.48999786376953,118.80000305175781,109.46733093261719,4505000.0
2023-11-01,119.4800033569336,119.7699966430664,116.48999786376953,116.66999816894531,107.5046615600586,8350900.0
2023-11-02,117.87000274658203,123.25,117.37000274658203,122.0199966430664,112.43437957763672,9068700.0
2023-11-03,121.5,121.88999938964844,119.3499984741211,119.75,110.34270477294922,5935600.0
2023-11-06,120.23999786376953,120.55999755859375,118.19000244140625,118.47000122070312,109.16326904296875,4610800.0
2023-11-07,116.41999816894531,116.5,114.33000183105469,115.25,106.19621276855469,5491000.0
2023-11-08,115.19999694824219,115.62000274658203,113.97000122070312,114.44999694824219,105.45906829833984,5884300.0
2023-11-09,115.6500015258789,116.06999969482422,114.05000305175781,114.1500015258789,105.18263244628906,4306200.0
2023-11-10,115.23999786376953,116.20999908447266,114.5999984741211,115.61000061035156,106.5279312133789,4602300.0
2023-11-13,114.98999786376953,115.91000366210938,114.98999786376953,115.36000061035156,106.83354187011719,3225700.0
2023-11-14,116.0,116.80999755859375,115.33999633789062,115.54000091552734,107.00023651123047,5421700.0
2023-11-15,115.0,116.66999816894531,114.87999725341797,115.02999877929688,106.5279312133789,4733300.0
2023-11-16,113.51000213623047,113.76000213623047,109.9800033569336,111.98999786376953,103.71261596679688,6733200.0
2023-11-17,112.80000305175781,115.52999877929688,112.2300033569336,114.58999633789062,106.1204605102539,5799100.0
2023-11-20,114.98999786376953,116.58000183105469,114.58999633789062,115.38999938964844,106.861328125,4046400.0
2023-11-21,115.18000030517578,115.62999725341797,114.55999755859375,115.16999816894531,106.65757751464844,3720200.0
2023-11-22,112.0199966430664,115.12999725341797,111.16000366210938,114.8499984741211,106.3612289428711,4559000.0
2023-11-23,112.0199966430664,115.12999725341797,111.16000366210938,114.8499984741211,106.3612289428711,4559000.0
2023-11-24,114.88999938964844,116.56999969482422,114.86000061035156,115.48999786376953,106.95393371582031,2159200.0
2023-11-27,114.9800033569336,115.12999725341797,113.36000061035156,114.80000305175781,106.31492614746094,5289500.0
2023-11-28,115.26000213623047,115.9800033569336,114.4800033569336,114.9800033569336,106.48163604736328,3469100.0
2023-11-29,115.36000061035156,115.55999755859375,113.31999969482422,113.97000122070312,105.54627990722656,6065300.0
2023-11-30,115.16999816894531,116.69999694824219,113.63999938964844,115.56999969482422,107.02803039550781,10242700.0
2023-12-01,115.02999877929688,117.04000091552734,114.8499984741211,115.2300033569336,106.71315002441406,4675800.0
2023-12-04,114.08000183105469,115.91999816894531,113.87999725341797,114.52999877929688,106.06488800048828,4824800.0
2023-12-05,114.7300033569336,114.9000015258789,113.04000091552734,113.13999938964844,104.77762603759766,5821400.0
2023-12-06,112.33000183105469,112.33000183105469,109.73999786376953,110.5199966430664,102.35128021240234,7489500.0
2023-12-07,111.31999969482422,111.91000366210938,110.6500015258789,110.8499984741211,102.6568832397461,5816800.0
2023-12-08,111.73999786376953,112.19000244140625,111.05999755859375,112.06999969482422,103.78671264648438,5713900.0
2023-12-11,112.12000274658203,112.62999725341797,111.54000091552734,112.16000366210938,103.87005615234375,7250100.0
2023-12-12,110.7699966430664,111.4800033569336,109.69999694824219,111.05999755859375,102.85137176513672,6888800.0
2023-12-13,111.5,112.26000213623047,110.87000274658203,111.8499984741211,103.58297729492188,8570100.0
2023-12-14,112.94999694824219,116.3499984741211,112.75,114.94999694824219,106.4538345336914,11490400.0
2023-12-15,114.3499984741211,115.73999786376953,113.62000274658203,114.54000091552734,106.07415771484375,30860400.0
2023-12-18,115.83000183105469,117.2699966430664,114.6500015258789,114.9000015258789,106.40753936767578,7000500.0
2023-12-19,114.94999694824219,116.63999938964844,114.25,116.48999786376953,107.88002014160156,6379200.0
2023-12-20,116.87000274658203,118.94000244140625,116.37999725341797,116.69000244140625,108.06523895263672,7767200.0
2023-12-21,116.5,116.87999725341797,115.27999877929688,116.83000183105469,108.19489288330078,4149300.0
2023-12-22,118.0,118.62999725341797,117.29000091552734,117.66000366210938,108.96354675292969,4299400.0
2023-12-25,118.0,118.62999725341797,117.29000091552734,117.66000366210938,108.96354675292969,4299400.0
2023-12-26,118.69999694824219,119.43000030517578,118.37999725341797,119.0199966430664,110.22301483154297,2893600.0
2023-12-27,118.51000213623047,119.63999938964844,118.08000183105469,118.48999786376953,109.73218536376953,3441400.0
2023-12-28,117.66000366210938,118.19999694824219,116.44000244140625,116.5,107.88927459716797,3711400.0
2023-12-29,117.20999908447266,117.55000305175781,115.80999755859375,116.06999969482422,107.49105834960938,3643600.0
2024-01-01,117.20999908447266,117.55000305175781,115.80999755859375,116.06999969482422,107.49105834960938,3643600.0
2024-01-02,117.16999816894531,118.80000305175781,116.8499984741211,117.58999633789062,108.89871215820312,4688400.0
2024-01-03,117.94999694824219,120.18000030517578,117.41000366210938,119.93000030517578,111.06575012207031,4881900.0
2024-01-04,120.61000061035156,121.23999786376953,116.2699966430664,116.4800033569336,107.87076568603516,5891500.0
2024-01-05,117.5,117.7699966430664,116.0,116.52999877929688,107.91706085205078,3984600.0
2024-01-08,114.95999908447266,115.05000305175781,112.4800033569336,114.5,106.03710174560547,6769600.0
2024-01-09,114.5,114.5,112.25,112.76000213623047,104.42570495605469,5935600.0
2024-01-10,112.7300033569336,112.7300033569336,110.83000183105469,111.18000030517578,102.96247863769531,4445200.0
2024-01-11,111.61000061035156,112.23999786376953,110.94000244140625,111.0,102.79580688476562,4212600.0
2024-01-12,113.0,113.37000274658203,111.05000305175781,111.69999694824219,103.44404602050781,5549800.0
2024-01-15,113.0,113.37000274658203,111.05000305175781,111.69999694824219,103.44404602050781,5549800.0
2024-01-16,111.5,111.73999786376953,108.33999633789062,108.63999938964844,100.6102294921875,6677500.0
2024-01-17,106.91999816894531,108.54000091552734,106.58000183105469,107.56999969482422,99.61930847167969,4864100.0
2024-01-18,107.33999633789062,107.33999633789062,105.7699966430664,106.93000030517578,99.02661895751953,6150900.0
2024-01-19,106.05000305175781,107.91999816894531,105.91999816894531,107.87000274658203,99.89713287353516,5702200.0
2024-01-22,107.5,108.38999938964844,107.0,108.05999755859375,100.0730972290039,5740200.0
2024-01-23,107.81999969482422,109.41999816894531,107.6500015258789,107.98999786376953,100.00827026367188,3969500.0
2024-01-24,108.91999816894531,110.0199966430664,108.41999816894531,109.66999816894531,101.56409454345703,5332000.0
2024-01-25,109.80000305175781,112.08000183105469,109.26000213623047,112.05000305175781,103.76820373535156,5958700.0
2024-01-26,112.04000091552734,112.44999694824219,110.44000244140625,112.2300033569336,103.93489074707031,4156000.0
2024-01-29,112.04000091552734,112.0999984741211,110.48999786376953,111.5999984741211,103.35144805908203,4705700.0
2024-01-30,111.20999908447266,114.33000183105469,110.76000213623047,114.05000305175781,105.62037658691406,6206500.0
2024-01-31,113.97000122070312,114.0999984741211,111.79000091552734,111.87000274658203,103.60148620605469,5501400.0
2024-02-01,112.33999633789062,113.22000122070312,110.80000305175781,111.37999725341797,103.14771270751953,5255200.0
2024-02-02,111.66000366210938,111.94999694824219,109.69000244140625,110.62999725341797,102.4531478881836,4610200.0
2024-02-05,110.25,110.86000061035156,109.29000091552734,109.97000122070312,101.84192657470703,4520400.0
2024-02-06,110.87999725341797,112.44999694824219,110.19999694824219,111.5199966430664,103.27735137939453,4777100.0
2024-02-07,111.72000122070312,112.97000122070312,111.44999694824219,112.31999969482422,104.01823425292969,6100700.0
2024-02-08,113.11000061035156,115.29000091552734,112.58999633789062,113.9000015258789,105.4814453125,7715500.0
2024-02-09,113.98999786376953,114.30000305175781,111.0199966430664,111.16000366210938,102.94395446777344,5974000.0
2024-02-12,111.2699966430664,112.13999938964844,110.52999877929688,111.0999984741211,102.88841247558594,5802000.0
2024-02-13,111.0999984741211,111.93000030517578,108.83999633789062,109.7699966430664,101.65670013427734,6321100.0
2024-02-14,110.19999694824219,111.04000091552734,109.5199966430664,110.12000274658203,101.98085021972656,7248400.0
2024-02-15,109.04000091552734,111.69999694824219,108.83999633789062,111.0,103.52912139892578,9421900.0
2024-02-16,111.4800033569336,111.80000305175781,110.4000015258789,110.56999969482422,103.1280517578125,6967800.0
2024-02-19,111.4800033569336,111.80000305175781,110.4000015258789,110.56999969482422,103.1280517578125,6967800.0
2024-02-20,110.55000305175781,111.62999725341797,109.36000061035156,109.54000091552734,102.16737365722656,6458300.0
2024-02-21,110.0,113.66999816894531,109.69999694824219,112.87000274658203,105.27326202392578,6925500.0
2024-02-22,112.05999755859375,112.91000366210938,111.30999755859375,112.22000122070312,104.66699981689453,5104900.0
2024-02-23,111.08999633789062,112.26000213623047,110.0999984741211,111.51000213623047,104.00479125976562,5206200.0
2024-02-26,111.19999694824219,112.5199966430664,110.61000061035156,112.41999816894531,104.85354614257812,5751200.0
2024-02-27,113.02999877929688,113.33000183105469,111.05999755859375,111.61000061035156,104.0980453491211,5060000.0
2024-02-28,111.9000015258789,113.31999969482422,111.1500015258789,112.04000091552734,104.49910736083984,4578900.0
2024-02-29,112.51000213623047,113.16000366210938,111.8499984741211,112.54000091552734,104.96546173095703,6624000.0
2024-03-01,113.80000305175781,115.52999877929688,113.62999725341797,114.23999786376953,106.55104064941406,5094300.0
2024-03-04,114.04000091552734,114.38999938964844,111.58000183105469,111.63999938964844,104.12603759765625,5877200.0
2024-03-05,111.20999908447266,112.80000305175781,110.8499984741211,111.22000122070312,103.73430633544922,6247000.0
2024-03-06,112.30000305175781,112.9000015258789,111.4800033569336,111.98999786376953,104.45247650146484,4888700.0
2024-03-07,111.7300033569336,113.43000030517578,111.69000244140625,112.73999786376953,105.1520004272461,5097300.0
2024-03-08,112.20999908447266,113.20999908447266,111.86000061035156,113.0,105.39450073242188,5227600.0
2024-03-11,113.37000274658203,115.36000061035156,112.6500015258789,115.25,107.49305725097656,5899300.0
2024-03-12,115.08000183105469,115.7300033569336,114.36000061035156,115.0199966430664,107.27854919433594,5653000.0
2024-03-13,116.80000305175781,118.61000061035156,116.16999816894531,117.55000305175781,109.63827514648438,7685400.0
2024-03-14,119.16999816894531,119.98999786376953,118.73999786376953,119.77999877929688,111.71817779541016,7800800.0
2024-03-15,119.12999725341797,120.80000305175781,119.12999725341797,120.04000091552734,111.9606704711914,17549000.0
2024-03-18,120.9000015258789,121.06999969482422,119.16000366210938,120.26000213623047,112.16586303710938,4827900.0
2024-03-19,120.36000061035156,122.16000366210938,120.30000305175781,122.0199966430664,113.80740356445312,4457800.0
2024-03-20,121.22000122070312,122.36000061035156,121.02999877929688,121.91000366210938,113.7048110961914,3597000.0
2024-03-21,122.06999969482422,123.58999633789062,121.68000030517578,123.51000213623047,115.1971206665039,4925600.0
2024-03-22,123.55000305175781,124.05000305175781,122.70999908447266,123.02999877929688,114.74942779541016,4976100.0
2024-03-25,123.72000122070312,126.6500015258789,123.1500015258789,126.2300033569336,117.73404693603516,7054400.0
2024-03-26,126.5,126.9000015258789,125.19999694824219,125.98999786376953,117.51019287109375,5203400.0
2024-03-27,125.6500015258789,127.0199966430664,125.31999969482422,126.83999633789062,118.3030014038086,3847800.0
2024-03-28,128.0,128.63999938964844,126.70999908447266,127.27999877929688,118.71337890625,4657800.0
2024-03-29,128.0,128.63999938964844,126.70999908447266,127.27999877929688,118.71337890625,4657800.0
2024-04-01,128.0,128.94000244140625,126.75,128.67999267578125,120.0191421508789,3036000.0
2024-04-02,129.52000427246094,130.83999633789062,128.6300048828125,130.6699981689453,121.8752212524414,4969700.0
2024-04-03,130.91000366210938,132.0,130.52000427246094,131.6300048828125,122.77059173583984,3707300.0
2024-04-04,132.1300048828125,132.42999267578125,131.0500030517578,131.75,122.88251495361328,3908400.0
2024-04-05,131.9600067138672,133.83999633789062,131.19000244140625,133.52000427246094,124.5334243774414,3595500.0
2024-04-08,133.75,134.02000427246094,132.17999267578125,132.4199981689453,123.50743103027344,4481900.0
2024-04-09,132.7899932861328,133.1999969482422,131.00999450683594,132.25,123.348876953125,3756000.0
2024-04-10,132.47999572753906,133.67999267578125,131.75999450683594,132.82000732421875,123.88052368164062,4402400.0
2024-04-11,132.5399932861328,133.19000244140625,130.64999389648438,132.9199981689453,123.97377014160156,4328800.0
2024-04-12,134.27999877929688,135.17999267578125,130.38999938964844,131.1999969482422,122.36955261230469,4955300.0
2024-04-15,132.1300048828125,132.61000061035156,130.02999877929688,130.25,121.48348999023438,4219300.0
2024-04-16,130.0,130.8000030517578,128.5,129.52999877929688,120.81194305419922,3878600.0
2024-04-17,129.1199951171875,130.13999938964844,127.55000305175781,128.3300018310547,119.69271087646484,3869700.0
2024-04-18,128.72999572753906,129.22000122070312,127.25,127.80999755859375,119.20771026611328,3588200.0
2024-04-19,128.13999938964844,130.50999450683594,127.80999755859375,129.3800048828125,120.67205047607422,3984800.0
2024-04-22,128.61000061035156,130.39999389648438,126.94000244140625,129.3300018310547,120.62540435791016,4194900.0
2024-04-23,128.6300048828125,130.19000244140625,127.7300033569336,129.83999633789062,121.10106658935547,3773600.0
2024-04-24,129.3699951171875,129.69000244140625,128.2899932861328,129.27999877929688,120.57876586914062,3846600.0
2024-04-25,129.6999969482422,130.63999938964844,128.3000030517578,130.11000061035156,121.35291290283203,3666400.0
2024-04-26,129.4600067138672,130.77000427246094,128.86000061035156,130.24000549316406,121.47415924072266,4823100.0
2024-04-29,129.75,130.44000244140625,128.8000030517578,130.22000122070312,121.45550537109375,3609400.0
2024-04-30,129.80999755859375,129.85000610351562,125.43000030517578,125.62000274658203,117.16510772705078,6296800.0
2024-05-01,125.08000183105469,125.7300033569336,123.41999816894531,124.33999633789062,115.97125244140625,5423500.0
2024-05-02,124.72000122070312,125.19999694824219,121.66000366210938,122.25,114.02191925048828,7685900.0
2024-05-03,122.51000213623047,122.68000030517578,120.87999725341797,122.2300033569336,114.0032730102539,5020700.0
2024-05-06,123.08000183105469,125.22000122070312,123.0199966430664,123.55000305175781,115.23442840576172,4848600.0
2024-05-07,123.66000366210938,124.94000244140625,123.06999969482422,123.54000091552734,115.22510528564453,5902000.0
2024-05-08,122.83000183105469,123.97000122070312,122.69999694824219,123.05999755859375,114.77740478515625,4200200.0
2024-05-09,122.98999786376953,124.2300033569336,122.6500015258789,123.38999938964844,115.08519744873047,5430500.0
2024-05-10,123.04000091552734,123.9800033569336,121.56999969482422,121.91000366210938,114.42816925048828,4515900.0
2024-05-13,121.87000274658203,122.55999755859375,121.2699966430664,121.58999633789062,114.1277847290039,6421200.0
2024-05-14,121.52999877929688,122.16999816894531,120.43000030517578,121.04000091552734,113.61156463623047,6144700.0
2024-05-15,120.66999816894531,121.91000366210938,118.66000366210938,120.69999694824219,113.29241943359375,6138600.0
2024-05-16,120.3499984741211,121.38999938964844,119.5999984741211,119.83000183105469,112.47582244873047,5002900.0
2024-05-17,120.9000015258789,121.98999786376953,120.05999755859375,121.70999908447266,114.24043273925781,4450300.0
2024-05-20,121.75,122.11000061035156,120.48999786376953,120.88999938964844,113.47075653076172,2814700.0
2024-05-21,120.69000244140625,121.7300033569336,120.29000091552734,120.41000366210938,113.02023315429688,2756700.0
2024-05-22,119.5199966430664,119.72000122070312,117.38999938964844,118.19000244140625,110.93646240234375,4468100.0
2024-05-23,118.83000183105469,119.43000030517578,117.19999694824219,117.6500015258789,110.42961120605469,3757200.0
2024-05-24,118.38999938964844,118.58999633789062,116.86000061035156,117.25,110.05415344238281,2851100.0
2024-05-27,118.38999938964844,118.58999633789062,116.86000061035156,117.25,110.05415344238281,2851100.0
2024-05-28,117.83000183105469,119.2300033569336,117.7300033569336,118.95999908447266,111.65921783447266,3830700.0
2024-05-29,117.5999984741211,117.66000366210938,113.80999755859375,115.25,108.1769027709961,14290900.0
2024-05-30,115.69999694824219,116.37999725341797,112.93000030517578,113.58000183105469,106.60939025878906,9914300.0
2024-05-31,113.86000061035156,116.54000091552734,113.7699966430664,116.4800033569336,109.33140563964844,13830200.0
2024-06-03,116.26000213623047,116.43000030517578,112.95999908447266,113.87000274658203,106.881591796875,7129500.0
2024-06-04,112.80000305175781,113.0,111.30000305175781,112.2699966430664,105.37979125976562,7683600.0
2024-06-05,112.05999755859375,112.44999694824219,111.30000305175781,112.2300033569336,105.34224700927734,5119100.0
2024-06-06,111.7699966430664,112.4000015258789,111.54000091552734,112.19999694824219,105.31407928466797,5355200.0
2024-06-07,111.97000122070312,112.79000091552734,111.1500015258789,112.0,105.1263656616211,4375700.0
2024-06-10,112.37999725341797,114.0,111.97000122070312,113.30000305175781,106.34657287597656,5307300.0
2024-06-11,113.19000244140625,113.6500015258789,112.6500015258789,113.62999725341797,106.65631866455078,4181900.0
2024-06-12,114.5,114.97000122070312,111.55999755859375,112.19000244140625,105.30469512939453,8650100.0
2024-06-13,112.0,112.16999816894531,110.08999633789062,110.88999938964844,104.08446502685547,5939300.0
2024-06-14,111.18000030517578,111.18000030517578,109.12000274658203,109.38999938964844,102.6765365600586,5690400.0
2024-06-17,108.9000015258789,109.9000015258789,108.4800033569336,109.54000091552734,102.81732177734375,5754200.0
2024-06-18,110.06999969482422,111.19999694824219,109.01000213623047,109.41000366210938,102.6953125,5690200.0
2024-06-19,110.06999969482422,111.19999694824219,109.01000213623047,109.41000366210938,102.6953125,5690200.0
2024-06-20,109.5999984741211,111.8499984741211,109.26000213623047,111.33000183105469,104.49747467041016,5442400.0
2024-06-21,111.83000183105469,112.26000213623047,110.7300033569336,111.33999633789062,104.50686645507812,27096700.0
2024-06-24,112.25,115.98999786376953,111.91000366210938,115.16999816894531,108.10179901123047,8802700.0
2024-06-25,114.70999908447266,115.05999755859375,113.66000366210938,114.98999786376953,107.93285369873047,4956400.0
2024-06-26,115.19999694824219,115.19999694824219,112.76000213623047,113.61000061035156,106.6375503540039,5366500.0
2024-06-27,114.0,114.33000183105469,113.11000061035156,113.97000122070312,106.97544860839844,3846500.0
2024-06-28,115.4000015258789,115.56999969482422,113.63999938964844,114.37999725341797,107.36029815673828,7191800.0
2024-07-01,115.04000091552734,115.45999908447266,113.6500015258789,114.36000061035156,107.34151458740234,3925100.0
2024-07-02,115.37999725341797,115.61000061035156,113.33000183105469,114.12000274658203,107.11624145507812,3836700.0
2024-07-03,114.05000305175781,115.66000366210938,113.69999694824219,114.7699966430664,107.72635650634766,2326200.0
2024-07-04,114.05000305175781,115.66000366210938,113.69999694824219,114.7699966430664,107.72635650634766,2326200.0
2024-07-05,114.52999877929688,114.72000122070312,112.13999938964844,112.55000305175781,105.64259338378906,4188300.0
2024-07-08,111.97000122070312,112.63999938964844,111.31999969482422,112.2300033569336,105.34224700927734,4199600.0
2024-07-09,110.91000366210938,112.63999938964844,110.66000366210938,111.19000244140625,104.36607360839844,3460400.0
2024-07-10,110.79000091552734,112.62999725341797,110.4800033569336,112.52999877929688,105.62382507324219,3867700.0
2024-07-11,112.52999877929688,114.37999725341797,111.95999908447266,113.98999786376953,106.99423217773438,5839100.0
2024-07-12,114.4000015258789,114.5999984741211,112.8499984741211,113.13999938964844,106.1963882446289,4505900.0
2024-07-15,114.01000213623047,115.19999694824219,113.0199966430664,114.56999969482422,107.53861999511719,5118100.0
2024-07-16,113.72000122070312,115.41999816894531,113.1500015258789,115.19000244140625,108.12057495117188,4633700.0
2024-07-17,115.75,117.4000015258789,115.52999877929688,116.08000183105469,108.95596313476562,6484000.0
2024-07-18,116.30000305175781,118.4000015258789,115.3499984741211,116.61000061035156,109.45344543457031,5957100.0
2024-07-19,117.16000366210938,117.31999969482422,114.2300033569336,114.3499984741211,107.3321304321289,7559100.0
2024-07-22,113.5999984741211,113.66999816894531,112.0999984741211,112.31999969482422,105.42671203613281,5172800.0
2024-07-23,111.8499984741211,112.05000305175781,110.06999969482422,110.83000183105469,104.02815246582031,5714300.0
2024-07-24,111.72000122070312,112.41999816894531,110.51000213623047,111.0999984741211,104.2815933227539,4808000.0
2024-07-25,111.0,112.04000091552734,110.44999694824219,111.02999877929688,104.21588897705078,5492100.0
2024-07-26,111.1500015258789,111.54000091552734,109.93000030517578,110.86000061035156,104.05632019042969,5198800.0
2024-07-29,111.23999786376953,111.29000091552734,108.37999725341797,109.12000274658203,102.42311096191406,4629500.0
2024-07-30,109.16999816894531,110.2699966430664,108.94000244140625,109.91000366210938,103.16461944580078,9794200.0
2024-07-31,111.61000061035156,112.4000015258789,111.0999984741211,111.19999694824219,104.37545013427734,7554600.0
2024-08-01,112.44999694824219,112.68000030517578,107.91999816894531,108.38999938964844,101.73790740966797,9704600.0
2024-08-02,107.72000122070312,108.08000183105469,103.9800033569336,105.7699966430664,99.27870178222656,7445100.0
2024-08-05,104.0,105.30999755859375,102.2699966430664,104.56999969482422,98.15235137939453,8475000.0
2024-08-06,104.56999969482422,106.44999694824219,104.11000061035156,105.80000305175781,99.30686950683594,8424900.0
2024-08-07,107.25,108.44000244140625,106.44000244140625,106.93000030517578,100.36751556396484,7735400.0
2024-08-08,107.23999786376953,108.63999938964844,106.91999816894531,108.2699966430664,101.62525939941406,5392900.0
2024-08-09,108.2699966430664,109.0999984741211,107.08999633789062,108.61000061035156,101.94439697265625,5776200.0
2024-08-12,108.44999694824219,110.2300033569336,108.27999877929688,110.02999877929688,104.0243148803711,5906900.0
2024-08-13,108.98999786376953,109.37999725341797,107.86000061035156,108.33999633789062,102.42655944824219,5866800.0
2024-08-14,108.51000213623047,109.83999633789062,108.2300033569336,109.33000183105469,103.36254119873047,6388000.0
2024-08-15,109.68000030517578,111.37000274658203,109.68000030517578,111.2300033569336,105.1588363647461,6307000.0
2024-08-16,110.31999969482422,111.37999725341797,109.86000061035156,111.18000030517578,105.11155700683594,3819100.0
2024-08-19,111.22000122070312,112.75,111.12000274658203,111.73999786376953,105.64098358154297,4335600.0
2024-08-20,111.56999969482422,111.80999755859375,108.8499984741211,109.8499984741211,103.85415649414062,6783300.0
2024-08-21,110.80999755859375,111.19000244140625,108.9000015258789,109.62000274658203,103.63670349121094,4011900.0
2024-08-22,109.5999984741211,110.5199966430664,109.41000366210938,109.97000122070312,103.96760559082031,3644500.0
2024-08-23,110.83000183105469,111.48999786376953,110.2699966430664,111.4000015258789,105.31954956054688,4024200.0
2024-08-26,113.0199966430664,115.02999877929688,112.94000244140625,113.55999755859375,107.36164093017578,6253900.0
2024-08-27,113.66000366210938,113.66000366210938,112.05999755859375,112.43000030517578,106.2933349609375,3521700.0
2024-08-28,112.04000091552734,112.19999694824219,110.63999938964844,112.1500015258789,106.02861785888672,4506400.0
2024-08-29,112.9800033569336,115.13999938964844,112.06999969482422,114.37000274658203,108.12743377685547,5270200.0
2024-08-30,113.12000274658203,114.04000091552734,112.41000366210938,113.79000091552734,107.5791015625,5559500.0
2024-09-02,113.12000274658203,114.04000091552734,112.41000366210938,113.79000091552734,107.5791015625,5559500.0
2024-09-03,111.9000015258789,111.91000366210938,109.20999908447266,109.8499984741211,103.85415649414062,6369900.0
2024-09-04,110.33000183105469,111.19000244140625,108.44000244140625,108.55999755859375,102.63456726074219,6251500.0
2024-09-05,109.22000122070312,109.38999938964844,107.29000091552734,107.44999694824219,101.58515167236328,5582400.0
2024-09-06,107.7300033569336,108.62000274658203,105.72000122070312,106.0199966430664,100.23320770263672,5229900.0
2024-09-09,106.05000305175781,106.66999816894531,105.54000091552734,105.5999984741211,99.83612060546875,6477000.0
2024-09-10,105.55000305175781,105.73999786376953,103.23999786376953,104.0,98.32344818115234,5611500.0
2024-09-11,103.80000305175781,104.04000091552734,101.30000305175781,102.56999969482422,96.97150421142578,6803100.0
2024-09-12,102.72000122070312,103.68000030517578,102.1500015258789,102.9000015258789,97.28349304199219,6775900.0
2024-09-13,103.31999969482422,104.37000274658203,103.05000305175781,103.5,97.85074615478516,5441600.0
2024-09-16,104.95999908447266,105.69000244140625,104.44999694824219,105.55000305175781,99.78885650634766,9325300.0
2024-09-17,105.51000213623047,108.5,105.30000305175781,108.29000091552734,102.3792953491211,8661300.0
2024-09-18,107.5199966430664,109.93000030517578,107.51000213623047,108.62000274658203,102.69129180908203,7424100.0
2024-09-19,110.5,111.3499984741211,109.37000274658203,110.55000305175781,104.51594543457031,7990700.0
2024-09-20,111.16000366210938,111.73999786376953,109.7300033569336,109.87000274658203,103.87306213378906,33515100.0
2024-09-23,110.0999984741211,110.94000244140625,107.48999786376953,109.69000244140625,103.70287322998047,8197600.0
2024-09-24,111.33999633789062,111.47000122070312,108.77999877929688,108.91000366210938,102.9654541015625,7787400.0
2024-09-25,108.5,108.81999969482422,105.69000244140625,105.7300033569336,99.95903015136719,6561400.0
2024-09-26,103.0,104.22000122070312,102.16999816894531,102.30999755859375,96.72569274902344,9524000.0
2024-09-27,102.62999725341797,104.83999633789062,102.5999984741211,104.72000122070312,99.004150390625,5489500.0
2024-09-30,104.4000015258789,105.58000183105469,103.87000274658203,105.27999877929688,99.53358459472656,6584000.0
2024-10-01,104.54000091552734,109.68000030517578,104.0999984741211,109.37000274658203,103.40036010742188,8067600.0
2024-10-02,111.27999877929688,111.63999938964844,108.58999633789062,110.36000061035156,104.3363037109375,7559900.0
2024-10-03,110.69999694824219,112.51000213623047,109.98999786376953,112.41999816894531,106.28386688232422,7397400.0
2024-10-04,113.56999969482422,114.62999725341797,112.05000305175781,114.54000091552734,108.28816986083984,7585100.0
2024-10-07,114.94000244140625,116.08000183105469,114.44000244140625,114.72000122070312,108.45833587646484,4899800.0
2024-10-08,112.73999786376953,112.91999816894531,110.16000366210938,110.80000305175781,104.7522964477539,5579800.0
2024-10-09,109.91000366210938,111.5199966430664,109.55000305175781,110.97000122070312,104.91301727294922,4217200.0
2024-10-10,111.63999938964844,112.83000183105469,110.76000213623047,111.86000061035156,105.75444793701172,3946400.0
2024-10-11,110.75,111.69999694824219,110.2699966430664,110.48999786376953,104.45921325683594,6820300.0
2024-10-14,109.69999694824219,110.43000030517578,108.9000015258789,109.47000122070312,103.4948959350586,5174000.0
2024-10-15,106.0,107.12999725341797,105.12000274658203,105.20999908447266,99.46742248535156,6395700.0
2024-10-16,105.63999938964844,106.0,105.04000091552734,105.16000366210938,99.42015075683594,4602900.0
2024-10-17,105.31999969482422,106.23999786376953,104.94000244140625,106.1500015258789,100.35609436035156,5093400.0
2024-10-18,105.93000030517578,106.13999938964844,104.69999694824219,105.66999816894531,99.90229034423828,4326600.0
2024-10-21,106.6500015258789,106.83999633789062,104.69000244140625,104.98999786376953,99.2594223022461,4387000.0
2024-10-22,105.77999877929688,105.80999755859375,104.76000213623047,105.0,99.26886749267578,4710800.0
2024-10-23,104.58999633789062,105.05999755859375,103.66000366210938,104.51000213623047,98.80561065673828,4541300.0
2024-10-24,105.0,105.16999816894531,103.44999694824219,104.37000274658203,98.67326354980469,3504600.0
2024-10-25,105.05999755859375,105.43000030517578,104.25,104.55999755859375,98.8528823852539,3823100.0
2024-10-28,101.80000305175781,103.3499984741211,101.5,103.26000213623047,97.62384796142578,4438900.0
2024-10-29,102.95999908447266,103.76000213623047,102.16000366210938,102.31999969482422,96.73514556884766,3809400.0
2024-10-30,102.86000061035156,103.43000030517578,102.37000274658203,102.9800033569336,97.359130859375,6413100.0
2024-10-31,106.97000122070312,110.6500015258789,106.0,109.54000091552734,103.56106567382812,11969400.0
2024-11-01,109.51000213623047,110.01000213623047,106.68000030517578,107.83999633789062,101.95386505126953,7428000.0
2024-11-04,109.0,110.06999969482422,108.72000122070312,108.86000061035156,102.91818237304688,5441700.0
2024-11-05,109.19000244140625,110.0199966430664,108.58000183105469,109.20999908447266,103.24907684326172,6003100.0
2024-11-06,112.0,114.87000274658203,111.38999938964844,113.62999725341797,107.42782592773438,7733600.0
2024-11-07,113.91000366210938,113.98999786376953,111.86000061035156,112.4000015258789,106.26496124267578,5442000.0
2024-11-08,111.0999984741211,112.0,110.55999755859375,111.58999633789062,106.23640441894531,5314000.0
2024-11-11,111.5199966430664,112.75,110.94999694824219,112.05000305175781,106.67434692382812,3820200.0
2024-11-12,112.45999908447266,112.83000183105469,110.47000122070312,110.63999938964844,105.33197784423828,5175700.0
2024-11-13,110.41999816894531,112.45999908447266,109.5,111.81999969482422,106.45537567138672,5961600.0
2024-11-14,112.58999633789062,113.0199966430664,111.3499984741211,112.91999816894531,107.50260162353516,4389900.0
2024-11-15,112.68000030517578,114.06999969482422,111.87999725341797,112.31999969482422,106.9313735961914,4124000.0
2024-11-18,113.38999938964844,114.45999908447266,112.75,113.76000213623047,108.30229949951172,5089000.0
2024-11-19,112.62000274658203,114.13999938964844,112.25,113.08999633789062,107.6644287109375,5100000.0
2024-11-20,112.9000015258789,113.98999786376953,112.63999938964844,113.43000030517578,107.9881362915039,4092700.0
2024-11-21,114.2699966430664,115.37999725341797,111.5,111.9000015258789,106.53153991699219,12535500.0
2024-11-22,112.16999816894531,112.7300033569336,111.12999725341797,111.75,106.38872528076172,7516200.0
2024-11-25,111.9000015258789,111.95999908447266,105.54000091552734,106.0999984741211,101.00978088378906,23447400.0
2024-11-26,106.62000274658203,107.3499984741211,104.9000015258789,106.77999877929688,101.65717315673828,12073700.0
2024-11-27,107.36000061035156,108.98999786376953,107.11000061035156,107.38999938964844,102.23789978027344,6237600.0
2024-11-28,107.36000061035156,108.98999786376953,107.11000061035156,107.38999938964844,102.23789978027344,6237600.0
2024-11-29,107.75,108.5199966430664,107.36000061035156,108.33999633789062,103.14231872558594,3918700.0
2024-12-02,108.33999633789062,108.73999786376953,105.54000091552734,106.13999938964844,101.0478744506836,5939700.0
2024-12-03,107.02999877929688,107.66999816894531,105.70999908447266,106.05000305175781,100.96218872070312,5862600.0
2024-12-04,105.94000244140625,106.11000061035156,102.83000183105469,103.51000213623047,98.5440444946289,7291000.0
2024-12-05,105.08000183105469,105.87000274658203,104.01000213623047,104.44000244140625,99.42943572998047,7074700.0
2024-12-06,104.44999694824219,104.58999633789062,102.4000015258789,103.22000122070312,98.2679672241211,5365600.0
2024-12-09,104.22000122070312,105.05000305175781,102.87999725341797,103.16000366210938,98.21084594726562,6526500.0
2024-12-10,103.62999725341797,104.13999938964844,102.0999984741211,102.36000061035156,97.44921875,5860800.0
2024-12-11,102.36000061035156,102.72000122070312,101.69000244140625,102.19000244140625,97.28738403320312,8195500.0
2024-12-12,102.37999725341797,102.62000274658203,100.87000274658203,100.91000366210938,96.06879425048828,5908600.0
2024-12-13,101.05000305175781,102.26000213623047,100.58000183105469,101.0199966430664,96.17350769042969,6887800.0
2024-12-16,101.12999725341797,101.48999786376953,99.43000030517578,99.56999969482422,94.79307556152344,7441800.0
2024-12-17,98.7699966430664,99.26000213623047,96.75,98.26000213623047,93.54591369628906,8737800.0
2024-12-18,98.0,98.51000213623047,95.75,95.8499984741211,91.25154113769531,8466500.0
2024-12-19,96.98999786376953,96.98999786376953,95.0999984741211,95.18000030517578,90.61369323730469,9951200.0
2024-12-20,94.76000213623047,96.37999725341797,94.2300033569336,95.12000274658203,90.55657196044922,29542200.0
2024-12-23,95.43000030517578,96.87999725341797,94.58000183105469,96.37999725341797,91.75611114501953,7892300.0
2024-12-24,96.5,97.19000244140625,95.8499984741211,97.11000061035156,92.45108795166016,2677400.0
2024-12-25,96.5,97.19000244140625,95.8499984741211,97.11000061035156,92.45108795166016,2677400.0
2024-12-26,97.12999725341797,97.1500015258789,96.23999786376953,96.88999938964844,92.24164581298828,4325600.0
2024-12-27,97.0,97.9800033569336,96.47000122070312,96.91999816894531,92.27020263671875,5889700.0
2024-12-30,97.25,97.5999984741211,96.13999938964844,97.08999633789062,92.43205261230469,5238800.0
2024-12-31,97.30000305175781,99.30000305175781,97.0999984741211,99.16999816894531,94.4122543334961,5556400.0
2025-01-01,97.30000305175781,99.30000305175781,97.0999984741211,99.16999816894531,94.4122543334961,5556400.0
2025-01-02,100.0,101.27999877929688,99.5199966430664,100.08000183105469,95.27859497070312,5080600.0
2025-01-03,100.62000274658203,101.4000015258789,100.29000091552734,101.08999633789062,96.24014282226562,5758200.0
2025-01-06,101.55000305175781,102.1500015258789,99.63999938964844,99.98999786376953,95.19292449951172,5935500.0
2025-01-07,100.5,102.48999786376953,99.91000366210938,101.66999816894531,96.79232025146484,5074700.0
2025-01-08,101.0,102.44999694824219,100.75,101.62000274658203,96.7447280883789,5119900.0
2025-01-09,101.0,102.44999694824219,100.75,101.62000274658203,96.7447280883789,5119900.0
2025-01-10,103.5,104.44000244140625,101.19000244140625,101.91999816894531,97.03033447265625,7013200.0
2025-01-13,102.0199966430664,105.0999984741211,102.0199966430664,104.2300033569336,99.2295150756836,7342100.0
2025-01-14,103.37999725341797,104.94999694824219,103.1500015258789,104.87999725341797,99.84832000732422,4808100.0
2025-01-15,105.0199966430664,105.87000274658203,104.44000244140625,105.4800033569336,100.4195327758789,4566900.0
2025-01-16,105.19000244140625,106.16999816894531,105.08999633789062,105.61000061035156,100.54330444335938,5273500.0
2025-01-17,105.80000305175781,106.1500015258789,105.16999816894531,105.8499984741211,100.77178955078125,8559300.0
2025-01-20,105.80000305175781,106.1500015258789,105.16999816894531,105.8499984741211,100.77178955078125,8559300.0
2025-01-21,105.0,105.7300033569336,104.04000091552734,104.27999877929688,99.277099609375,7144700.0
2025-01-22,104.27999877929688,104.98999786376953,102.91999816894531,103.05999755859375,98.11564636230469,4839100.0
2025-01-23,104.11000061035156,105.4800033569336,103.62999725341797,103.98999786376953,99.00102233886719,5734200.0
2025-01-24,104.51000213623047,104.75,101.7300033569336,101.83000183105469,96.94464874267578,5962100.0
2025-01-27,102.45999908447266,103.70999908447266,101.4000015258789,102.69000244140625,97.76338958740234,6831000.0
2025-01-28,102.88999938964844,103.33000183105469,100.73999786376953,101.37999725341797,96.5162353515625,4742100.0
2025-01-29,101.1500015258789,101.9000015258789,100.3499984741211,101.55999755859375,96.68759155273438,4130600.0
2025-01-30,102.0,102.2699966430664,100.94000244140625,101.45999908447266,96.5923843383789,4046900.0
2025-01-31,101.33000183105469,101.33999633789062,98.55999755859375,98.83000183105469,94.08857727050781,6264900.0
2025-02-03,98.75,98.94000244140625,97.04000091552734,98.4800033569336,93.75536346435547,5948600.0
2025-02-04,97.69999694824219,100.80000305175781,97.52999877929688,100.58000183105469,95.7546157836914,5310900.0
2025-02-05,100.52999877929688,100.87999725341797,99.4000015258789,100.20999908447266,95.4023666381836,6961100.0
2025-02-06,98.88999938964844,101.0999984741211,98.5999984741211,99.94000244140625,95.14532470703125,8543400.0
2025-02-07,100.05999755859375,100.44999694824219,98.2699966430664,98.36000061035156,93.64112091064453,12121700.0
2025-02-10,99.61000061035156,99.61000061035156,97.81999969482422,99.4800033569336,94.7073974609375,10338500.0
2025-02-11,99.52999877929688,102.61000061035156,99.19999694824219,101.70999908447266,96.83040618896484,8063700.0
2025-02-12,101.0,101.70999908447266,98.33000183105469,98.4000015258789,93.67919921875,7585800.0
2025-02-13,97.81999969482422,98.01000213623047,96.41000366210938,96.9000015258789,92.25116729736328,9329100.0
2025-02-14,96.91000366210938,98.45999908447266,96.23999786376953,96.26000213623047,92.38552856445312,7960800.0
2025-02-17,96.91000366210938,98.45999908447266,96.23999786376953,96.26000213623047,92.38552856445312,7960800.0
2025-02-18,96.23999786376953,97.62999725341797,95.29000091552734,97.44999694824219,93.52763366699219,11777700.0
2025-02-19,98.3499984741211,100.29000091552734,98.16000366210938,99.56999969482422,95.56230926513672,7515100.0
2025-02-20,99.75,102.08999633789062,99.19999694824219,102.0,97.89449310302734,6309200.0
2025-02-21,101.05000305175781,101.56999969482422,97.79000091552734,97.94000244140625,93.9979248046875,8562200.0
2025-02-24,98.05999755859375,99.3499984741211,97.88999938964844,98.81999969482422,94.8425064086914,6277700.0
2025-02-25,99.27999877929688,99.76000213623047,96.87999725341797,97.08000183105469,93.17251586914062,5822000.0
2025-02-26,97.30000305175781,97.4000015258789,95.2300033569336,96.12999725341797,92.2607650756836,6292400.0
2025-02-27,97.19999694824219,98.98999786376953,96.30999755859375,97.37000274658203,93.45085906982422,6306300.0
2025-02-28,97.12999725341797,99.19000244140625,96.08999633789062,99.1500015258789,95.15921020507812,9002600.0
2025-03-03,99.75,99.76000213623047,91.55999755859375,92.62999725341797,88.90164184570312,12640200.0
2025-03-04,91.05999755859375,92.11000061035156,88.47000122070312,90.63999938964844,86.99173736572266,14000500.0
2025-03-05,88.83000183105469,89.4000015258789,86.80999755859375,88.87999725341797,85.30257415771484,12081100.0
2025-03-06,88.80000305175781,89.63999938964844,87.91999816894531,88.5999984741211,85.03384399414062,8679000.0
2025-03-07,89.38999938964844,91.06999969482422,89.38999938964844,90.62999725341797,86.98214721679688,8603700.0
2025-03-10,91.44999694824219,94.02999877929688,90.6500015258789,92.9000015258789,89.16077423095703,12086700.0
2025-03-11,92.9000015258789,96.13999938964844,92.9000015258789,95.41000366210938,91.56974792480469,14544100.0
2025-03-12,95.18000030517578,97.79000091552734,95.01000213623047,97.75,93.81556701660156,10147300.0
2025-03-13,97.0,99.37000274658203,96.13999938964844,96.19000244140625,92.318359375,11354700.0
2025-03-14,96.94000244140625,99.63999938964844,96.22000122070312,98.94999694824219,94.9672622680664,7625800.0
2025-03-17,99.25,100.5199966430664,99.0199966430664,99.36000061035156,95.36075592041016,8031100.0
2025-03-18,100.45999908447266,100.93000030517578,98.7300033569336,100.52999877929688,96.48365783691406,7861500.0
2025-03-19,100.5,102.66000366210938,100.2699966430664,101.33000183105469,97.25146484375,8784600.0
2025-03-20,101.1500015258789,102.62999725341797,100.83999633789062,102.30999755859375,98.1920166015625,11577800.0
2025-03-21,102.41000366210938,102.95999908447266,101.33999633789062,101.91999816894531,97.81771087646484,55090400.0
2025-03-24,102.02999877929688,102.93000030517578,101.56999969482422,102.19000244140625,98.07685852050781,6768300.0
2025-03-25,102.58000183105469,103.3499984741211,101.41999816894531,102.55000305175781,98.42236328125,6556500.0
2025-03-26,103.6500015258789,104.87000274658203,102.61000061035156,103.19999694824219,99.04619598388672,7168400.0
2025-03-27,102.9000015258789,103.83999633789062,102.2300033569336,102.81999969482422,98.68148803710938,4712000.0
2025-03-28,102.44000244140625,103.26000213623047,101.61000061035156,102.37000274658203,98.2496109008789,3745400.0
2025-03-31,102.22000122070312,105.45999908447266,102.01000213623047,105.0199966430664,100.79293823242188,7905800.0
2025-04-01,104.91000366210938,105.70999908447266,104.0199966430664,105.38999938964844,101.14804077148438,6809500.0
2025-04-02,104.4000015258789,106.19999694824219,104.23999786376953,106.0999984741211,101.8294677734375,6527500.0
2025-04-03,100.33000183105469,101.44000244140625,95.12000274658203,95.25,91.41618347167969,13870900.0
2025-04-04,92.0999984741211,92.6500015258789,85.55000305175781,86.29000091552734,82.81682586669922,15158400.0
2025-04-07,84.01000213623047,89.41999816894531,81.72000122070312,85.66999816894531,82.22177124023438,12870200.0
2025-04-08,87.1500015258789,88.27999877929688,81.2699966430664,82.66000366210938,79.33293151855469,11509800.0
2025-04-09,81.11000061035156,92.47000122070312,79.87999725341797,91.51000213623047,87.82672882080078,17841900.0
2025-04-10,88.5,88.6500015258789,80.80000305175781,83.29000091552734,79.93757629394531,15621900.0
2025-04-11,83.30000305175781,86.9800033569336,82.45999908447266,86.38999938964844,82.91280364990234,9233400.0
2025-04-14,88.5999984741211,88.62000274658203,85.58999633789062,86.44999694824219,82.97038269042969,6537200.0
2025-04-15,86.5999984741211,87.70999908447266,85.47000122070312,85.72000122070312,82.26976013183594,5739600.0
2025-04-16,86.37999725341797,88.36000061035156,86.01000213623047,86.36000061035156,82.88400268554688,6093300.0
2025-04-17,87.80999755859375,90.4800033569336,87.69000244140625,88.9800033569336,85.39855194091797,7804400.0
2025-04-18,87.80999755859375,90.4800033569336,87.69000244140625,88.9800033569336,85.39855194091797,7804400.0
2025-04-21,87.26000213623047,87.86000061035156,86.33000183105469,87.55000305175781,84.02611541748047,6213500.0
2025-04-22,88.88999938964844,90.47000122070312,87.81999969482422,89.76000213623047,86.14716339111328,5556800.0
2025-04-23,90.77999877929688,91.66999816894531,89.08000183105469,89.93000030517578,86.31031799316406,7699600.0
2025-04-24,90.75,92.20999908447266,90.13999938964844,91.80000305175781,88.10505676269531,6520300.0
2025-04-25,90.6500015258789,92.01000213623047,90.61000061035156,91.72000122070312,88.02826690673828,4736600.0
2025-04-28,91.62000274658203,93.33999633789062,91.62000274658203,92.93000030517578,89.18956756591797,4667600.0
2025-04-29,91.0,92.61000061035156,90.38999938964844,91.87999725341797,88.18182373046875,4828800.0
2025-04-30,90.7300033569336,90.75,88.06999969482422,89.12000274658203,85.53292083740234,8415300.0
2025-05-01,88.43000030517578,91.37999725341797,88.25,90.6500015258789,87.00132751464844,8027600.0
2025-05-02,91.76000213623047,92.44000244140625,89.69999694824219,91.41000366210938,87.73074340820312,6895400.0
2025-05-05,89.80999755859375,89.80999755859375,87.55000305175781,87.61000061035156,84.08370208740234,9275000.0
2025-05-06,88.5199966430664,89.56999969482422,87.58000183105469,87.62999725341797,84.10289764404297,8902400.0
2025-05-07,88.19999694824219,88.31999969482422,86.87999725341797,87.70999908447266,84.17967224121094,9200900.0
2025-05-08,89.36000061035156,92.26000213623047,88.69000244140625,88.81999969482422,85.2449951171875,15884200.0
2025-05-09,90.88999938964844,91.06999969482422,88.30000305175781,88.58999633789062,85.02424621582031,7569300.0
2025-05-12,93.38999938964844,94.22000122070312,92.08999633789062,92.2699966430664,88.55612182617188,8799600.0
2025-05-13,92.7300033569336,95.08000183105469,92.29000091552734,94.16999816894531,90.37965393066406,8293600.0
2025-05-14,93.01000213623047,93.81999969482422,92.37000274658203,92.56999969482422,88.84406280517578,7605200.0
2025-05-15,90.91000366210938,93.08000183105469,90.7300033569336,92.95999908447266,89.21835327148438,6696200.0
2025-05-16,93.56999969482422,93.62000274658203,91.51000213623047,92.43000030517578,88.7096939086914,6696200.0
2025-05-19,91.75,91.9000015258789,90.0,90.41000366210938,87.50947570800781,7190100.0
2025-05-20,90.16000366210938,90.43000030517578,89.22000122070312,89.69000244140625,86.81256866455078,5313200.0
2025-05-21,89.55999755859375,89.55999755859375,87.04000091552734,87.1500015258789,84.35406494140625,8639100.0
2025-05-22,86.37999725341797,86.56999969482422,84.86000061035156,86.12999725341797,83.36678314208984,6587200.0
2025-05-23,85.04000091552734,85.72000122070312,84.7699966430664,85.19000244140625,82.45694732666016,6789600.0
2025-05-26,85.04000091552734,85.72000122070312,84.7699966430664,85.19000244140625,82.45694732666016,6789600.0
2025-05-27,85.6500015258789,85.79000091552734,84.55999755859375,85.55000305175781,82.80538940429688,7227100.0
2025-05-28,86.5199966430664,86.61000061035156,84.27999877929688,84.58000183105469,81.86651611328125,6793000.0
2025-05-29,84.80000305175781,85.61000061035156,84.33999633789062,85.5999984741211,82.85379028320312,6999800.0
2025-05-30,84.94999694824219,86.05000305175781,84.54000091552734,85.3499984741211,82.61180114746094,20170600.0
2025-06-02,87.05000305175781,87.55999755859375,85.86000061035156,86.72000122070312,83.93785858154297,8634400.0
2025-06-03,86.66000366210938,88.5999984741211,85.37999725341797,87.91000366210938,85.08967590332031,5642900.0
2025-06-04,87.94999694824219,88.87000274658203,85.80000305175781,85.94999694824219,83.19255828857422,7268000.0
2025-06-05,86.83999633789062,86.83999633789062,85.2300033569336,85.3499984741211,82.61180114746094,5110200.0
2025-06-06,86.75,87.79000091552734,86.7300033569336,87.22000122070312,84.42181396484375,6042100.0
2025-06-09,87.80000305175781,88.80999755859375,87.0199966430664,88.04000091552734,85.21550750732422,6212600.0
2025-06-10,89.33000183105469,91.69000244140625,89.08000183105469,91.18000030517578,88.25477600097656,9687600.0
2025-06-11,91.81999969482422,93.81999969482422,91.13999938964844,93.3499984741211,90.35515594482422,8738500.0
2025-06-12,92.69999694824219,94.76000213623047,92.12999725341797,94.69000244140625,91.65216064453125,7862300.0
2025-06-13,96.52999877929688,98.25,95.45999908447266,96.95999908447266,93.84932708740234,16849700.0
2025-06-16,96.12000274658203,96.91999816894531,94.01000213623047,95.0,91.95221710205078,10330400.0
2025-06-17,95.93000030517578,96.75,94.83000183105469,95.5,92.43617248535156,9468100.0
2025-06-18,95.5199966430664,96.1500015258789,93.30999755859375,93.80000305175781,90.79072570800781,9116000.0
2025-06-19,95.5199966430664,96.1500015258789,93.30999755859375,93.80000305175781,90.79072570800781,9116000.0
2025-06-20,94.3499984741211,95.18000030517578,93.69000244140625,94.69000244140625,91.65216064453125,16026400.0
2025-06-23,96.25,96.30999755859375,91.1500015258789,91.70999908447266,88.76776123046875,9749700.0
2025-06-24,90.23999786376953,91.6500015258789,89.04000091552734,89.38999938964844,86.52220153808594,11016200.0
2025-06-25,89.30999755859375,90.0199966430664,88.80000305175781,89.0,86.14470672607422,8380800.0
2025-06-26,89.27999877929688,90.91000366210938,89.20999908447266,90.88999938964844,87.97407531738281,6545000.0
2025-06-27,90.9000015258789,90.94999694824219,89.80000305175781,90.16999816894531,87.27716827392578,7555700.0
2025-06-30,89.51000213623047,90.19000244140625,89.0999984741211,89.73999786376953,86.8609619140625,6518900.0
2025-07-01,89.86000061035156,92.33000183105469,89.19999694824219,91.98999786376953,89.03878784179688,11895200.0
2025-07-02,93.12000274658203,94.4800033569336,91.91000366210938,94.44000244140625,91.41019439697266,9436000.0
2025-07-03,93.94999694824219,94.7699966430664,93.55000305175781,93.68000030517578,90.674560546875,4331500.0
2025-07-04,93.94999694824219,94.7699966430664,93.55000305175781,93.68000030517578,90.674560546875,4331500.0
2025-07-07,93.3499984741211,93.72000122070312,91.23999786376953,92.55000305175781,89.58081817626953,6287100.0
2025-07-08,92.55000305175781,96.91999816894531,92.5199966430664,95.79000091552734,92.71687316894531,12934700.0
2025-07-09,95.22000122070312,95.79000091552734,94.4000015258789,94.52999877929688,91.4972915649414,5351500.0
2025-07-10,94.0999984741211,95.54000091552734,93.19999694824219,95.37000274658203,92.31035614013672,4065100.0
2025-07-11,94.69999694824219,96.19000244140625,94.66000366210938,95.61000061035156,92.54264831542969,4903400.0
2025-07-14,94.95999908447266,95.66000366210938,93.80999755859375,94.16999816894531,91.14884185791016,5504200.0
2025-07-15,94.2699966430664,94.55999755859375,92.47000122070312,92.55000305175781,89.58081817626953,4152400.0
2025-07-16,92.41000366210938,93.0,91.0999984741211,91.51000213623047,88.57418060302734,3773700.0
2025-07-17,91.0999984741211,92.97000122070312,90.7699966430664,92.80999755859375,89.83247375488281,4899400.0
2025-07-18,93.37000274658203,93.75,90.91999816894531,91.63999938964844,88.70001220703125,7968000.0
2025-07-21,91.73999786376953,92.1500015258789,90.9000015258789,91.0,88.0805435180664,4436500.0
2025-07-22,91.25,93.30000305175781,91.1500015258789,92.9800033569336,89.99702453613281,5545500.0
2025-07-23,93.54000091552734,95.27999877929688,93.1500015258789,95.04000091552734,91.9909439086914,6921500.0
2025-07-24,94.4000015258789,95.79000091552734,94.30000305175781,95.62000274658203,92.55233001708984,5047900.0
2025-07-25,95.69999694824219,96.01000213623047,94.73999786376953,94.94999694824219,91.90381622314453,4501800.0
2025-07-28,95.69000244140625,97.31999969482422,95.69000244140625,97.0199966430664,93.90741729736328,4632400.0
2025-07-29,97.30999755859375,98.06999969482422,96.6500015258789,97.98999786376953,94.8462905883789,5157700.0
2025-07-30,97.38999938964844,97.44999694824219,95.87000274658203,96.66999816894531,93.56863403320312,6607600.0
2025-07-31,95.26000213623047,96.94999694824219,95.0999984741211,95.33999633789062,92.28130340576172,5648100.0
2025-08-01,94.94000244140625,95.48999786376953,92.37999725341797,92.76000213623047,89.7840805053711,6349200.0
2025-08-04,92.25,93.87000274658203,92.0999984741211,92.8499984741211,89.8711929321289,9384500.0
2025-08-05,93.1500015258789,93.51000213623047,91.95999908447266,93.19999694824219,90.20996856689453,7716200.0
2025-08-06,94.58999633789062,95.69999694824219,92.58000183105469,93.11000061035156,90.12285614013672,7078500.0
2025-08-07,92.04000091552734,95.13999938964844,91.18000030517578,92.5999984741211,89.62921142578125,10307300.0
2025-08-08,93.55999755859375,94.93000030517578,91.69999694824219,93.91000366210938,90.89718627929688,8765300.0
2025-08-11,94.61000061035156,95.5,92.87000274658203,93.52999877929688,90.52937316894531,6491400.0
2025-08-12,94.38999938964844,96.77999877929688,93.52999877929688,94.58999633789062,91.55537414550781,7524800.0
2025-08-13,94.4000015258789,95.87999725341797,94.26000213623047,95.87999725341797,92.8039779663086,7263300.0
2025-08-14,95.5999984741211,95.77999877929688,94.29000091552734,95.6500015258789,92.58135223388672,10057700.0
2025-08-15,95.44999694824219,96.43000030517578,94.7300033569336,95.33000183105469,92.2716293334961,6564700.0
2025-08-18,94.45999908447266,94.5999984741211,93.33999633789062,94.0,91.7348861694336,4849500.0
2025-08-19,93.54000091552734,94.55999755859375,93.19000244140625,93.76000213623047,91.50067138671875,5412100.0
2025-08-20,94.0,95.19999694824219,93.94999694824219,94.88999938964844,92.60343170166016,6133300.0
2025-08-21,94.76000213623047,95.37000274658203,93.80999755859375,94.77999877929688,92.49608612060547,5342100.0
2025-08-22,95.2300033569336,97.4000015258789,95.18000030517578,96.77999877929688,94.4478988647461,6338400.0
2025-08-25,96.79000091552734,98.22000122070312,96.19999694824219,98.18000030517578,95.81416320800781,6850800.0
2025-08-26,97.58999633789062,98.0,96.37999725341797,97.05000305175781,94.71139526367188,7052100.0
2025-08-27,97.0999984741211,98.62999725341797,96.7699966430664,97.9000015258789,95.54090881347656,5759500.0
2025-08-28,98.06999969482422,98.66000366210938,96.83000183105469,98.44999694824219,96.07765197753906,4241000.0
2025-08-29,98.29000091552734,99.31999969482422,98.05999755859375,98.97000122070312,96.58512878417969,4594300.0
2025-09-01,98.29000091552734,99.31999969482422,98.05999755859375,98.97000122070312,96.58512878417969,4594300.0
2025-09-02,99.0999984741211,99.6500015258789,97.79000091552734,98.98999786376953,96.60464477539062,5192300.0
2025-09-03,97.62999725341797,98.27999877929688,94.33999633789062,94.6500015258789,92.36921691894531,9793500.0
2025-09-04,94.55000305175781,96.16999816894531,93.9800033569336,95.7699966430664,93.46222686767578,5612700.0
2025-09-05,94.12999725341797,94.87000274658203,92.12999725341797,92.94999694824219,90.7101821899414,8510300.0
2025-09-08,93.02999877929688,93.2300033569336,90.51000213623047,91.4000015258789,89.19754028320312,9750600.0
2025-09-09,92.30999755859375,93.66000366210938,91.44999694824219,91.86000061035156,89.64644622802734,5838300.0
2025-09-10,91.86000061035156,94.33000183105469,91.69000244140625,94.31999969482422,92.04717254638672,4353800.0
2025-09-11,92.83000183105469,94.16000366210938,92.68000030517578,94.12999725341797,91.86174774169922,4721000.0
2025-09-12,94.76000213623047,95.06999969482422,92.41999816894531,92.43000030517578,90.20272064208984,5170400.0
2025-09-15,92.69999694824219,93.05000305175781,91.69000244140625,92.33000183105469,90.1051254272461,4932100.0
2025-09-16,93.08000183105469,95.0999984741211,92.6500015258789,94.54000091552734,92.26187133789062,7860400.0
2025-09-17,94.0199966430664,95.19999694824219,93.13999938964844,93.81999969482422,91.5592269897461,7072700.0
2025-09-18,93.5999984741211,94.4000015258789,92.91000366210938,93.4800033569336,91.22740936279297,4416600.0
2025-09-19,93.79000091552734,93.83000183105469,91.37000274658203,91.91999816894531,89.70500183105469,15284100.0
2025-09-22,91.5,92.83000183105469,91.08000183105469,92.01000213623047,89.7928466796875,5798800.0
2025-09-23,92.5999984741211,95.52999877929688,92.5999984741211,93.47000122070312,91.2176513671875,8241900.0
2025-09-24,94.48999786376953,96.6500015258789,94.0,95.62999725341797,93.32560729980469,7935600.0
2025-09-25,95.19999694824219,97.06999969482422,95.19999694824219,96.80999755859375,94.4771728515625,8076300.0
2025-09-26,97.05999755859375,99.6500015258789,96.86000061035156,98.4800033569336,96.10692596435547,6812900.0
2025-09-29,97.19999694824219,97.38999938964844,94.66000366210938,95.8499984741211,93.5403060913086,8700500.0
2025-09-30,94.61000061035156,95.06999969482422,93.55000305175781,94.58999633789062,92.3106689453125,7318300.0
2025-10-01,94.2699966430664,95.94000244140625,93.83000183105469,95.45999908447266,93.15969848632812,4794600.0
2025-10-02,95.0,96.13999938964844,93.12999725341797,93.37999725341797,91.12982177734375,5428600.0
2025-10-03,93.66000366210938,94.70999908447266,93.4800033569336,94.16000366210938,91.89103698730469,4321600.0
2025-10-06,94.77999877929688,95.41999816894531,94.33999633789062,94.91000366210938,92.62295532226562,3454100.0
2025-10-07,94.44999694824219,95.27999877929688,92.62999725341797,95.2300033569336,92.93524932861328,4071900.0
2025-10-08,95.19000244140625,95.20999908447266,93.29000091552734,93.75,91.49091339111328,5289400.0
2025-10-09,94.30999755859375,95.0199966430664,91.81999969482422,91.94999694824219,89.7342758178711,6940000.0
2025-10-10,90.91999816894531,91.0,87.63999938964844,87.63999938964844,85.52813720703125,7892400.0
2025-10-13,88.36000061035156,88.9800033569336,87.58000183105469,88.77999877929688,86.64067077636719,5887300.0
2025-10-14,86.9000015258789,88.88999938964844,86.75,88.16999816894531,86.04536437988281,6003900.0
2025-10-15,88.93000030517578,88.98999786376953,86.58999633789062,87.73999786376953,85.62572479248047,6036100.0
2025-10-16,87.62000274658203,88.43000030517578,85.5999984741211,86.91000366210938,84.81572723388672,7816600.0
2025-10-17,86.93000030517578,87.48999786376953,86.12999725341797,86.4800033569336,84.3960952758789,5774600.0
2025-10-20,86.69999694824219,87.25,86.19999694824219,87.05999755859375,84.96211242675781,4636400.0
2025-10-21,87.25,87.68000030517578,86.23999786376953,86.41000366210938,84.3277816772461,5895500.0
2025-10-22,87.2699966430664,87.76000213623047,86.5199966430664,87.41000366210938,85.3036880493164,8307800.0
2025-10-23,89.70999908447266,90.98999786376953,89.1500015258789,90.08000183105469,87.90934753417969,7866300.0
2025-10-24,90.48999786376953,90.5999984741211,87.93000030517578,88.02999877929688,85.90874481201172,7886600.0
2025-10-27,88.69999694824219,89.38999938964844,88.30999755859375,88.69000244140625,86.55284118652344,5716000.0
2025-10-28,88.30000305175781,88.36000061035156,86.69000244140625,86.79000091552734,84.69862365722656,5234800.0
2025-10-29,86.8499984741211,88.41000366210938,86.73999786376953,88.08000183105469,85.9575424194336,5476300.0
2025-10-30,87.93000030517578,89.25,87.29000091552734,88.13999938964844,86.0160903930664,6114200.0
2025-10-31,87.91000366210938,89.61000061035156,87.52999877929688,88.86000061035156,86.71873474121094,5635800.0
2025-11-03,88.69999694824219,88.83000183105469,87.38999938964844,88.56999969482422,86.43572998046875,5310100.0
2025-11-04,87.37000274658203,88.06999969482422,87.01000213623047,87.91000366210938,85.79163360595703,5740400.0
2025-11-05,87.61000061035156,88.70999908447266,87.55999755859375,87.69999694824219,85.5866928100586,6384600.0
2025-11-06,87.0,88.36000061035156,85.56999969482422,85.66000366210938,83.59585571289062,13101800.0
2025-11-07,86.0999984741211,87.37999725341797,85.58999633789062,86.83000183105469,84.73766326904297,7567400.0
2025-11-10,87.33000183105469,88.55000305175781,86.4000015258789,88.2300033569336,86.10393524169922,6071400.0
2025-11-11,89.12000274658203,91.38999938964844,88.80000305175781,90.69000244140625,88.50464630126953,6561600.0
2025-11-12,89.33000183105469,90.26000213623047,88.94000244140625,89.06999969482422,86.92367553710938,6941500.0
2025-11-13,89.54000091552734,90.66000366210938,88.63999938964844,89.41999816894531,87.26525115966797,8207700.0
2025-11-14,90.23999786376953,91.81999969482422,88.66999816894531,91.37000274658203,89.16826629638672,7628400.0
2025-11-17,90.52999877929688,90.72000122070312,88.0999984741211,88.72000122070312,87.38548278808594,8610800.0
2025-11-18,88.4000015258789,90.3499984741211,88.0999984741211,89.68000030517578,88.33104705810547,6876800.0
2025-11-19,88.0,88.5,87.04000091552734,87.9800033569336,86.6566162109375,5092900.0
2025-11-20,88.48999786376953,90.58999633789062,87.44000244140625,87.47000122070312,86.15428161621094,4911200.0
2025-11-21,87.4000015258789,88.48999786376953,86.54000091552734,87.37000274658203,86.05579376220703,7046600.0
2025-11-24,87.0999984741211,88.12999725341797,86.31999969482422,87.55999755859375,86.24292755126953,7143900.0
2025-11-25,86.66000366210938,86.9800033569336,85.69999694824219,86.62000274658203,85.31707000732422,6926400.0
2025-11-26,86.44999694824219,87.63999938964844,86.4000015258789,87.08999633789062,85.77999877929688,5066000.0
2025-11-27,86.44999694824219,87.63999938964844,86.4000015258789,87.08999633789062,85.77999877929688,5066000.0
2025-11-28,87.08999633789062,89.38999938964844,86.87999725341797,88.69000244140625,87.3559341430664,3304700.0
2025-12-01,89.12999725341797,91.18000030517578,88.77999877929688,90.26000213623047,88.9023208618164,8525400.0
2025-12-02,90.08000183105469,90.4000015258789,88.58000183105469,89.29000091552734,87.94691467285156,5135000.0
2025-12-03,90.0199966430664,91.83999633789062,89.97000122070312,91.80999755859375,90.42900085449219,5647600.0
2025-12-04,91.63999938964844,93.19999694824219,91.63999938964844,93.12000274658203,91.71929931640625,7312400.0
2025-12-05,92.2699966430664,95.06999969482422,92.08000183105469,93.69000244140625,92.28072357177734,9873600.0
2025-12-08,92.52999877929688,94.23999786376953,92.26000213623047,92.87999725341797,91.48290252685547,7974900.0
2025-12-09,92.62999725341797,93.62999725341797,92.18000030517578,93.43000030517578,92.0246353149414,6177200.0
2025-12-10,93.7300033569336,97.41000366210938,93.55999755859375,96.80000305175781,95.34394836425781,10640100.0
2025-12-11,96.16000366210938,97.70999908447266,95.91000366210938,96.70999908447266,95.25529479980469,8225500.0
2025-12-12,97.44000244140625,97.66000366210938,95.23999786376953,95.54000091552734,94.10289764404297,5731300.0
2025-12-15,95.54000091552734,95.5999984741211,93.30999755859375,94.36000061035156,92.94064331054688,8942100.0
2025-12-16,93.33000183105469,93.41000366210938,90.76000213623047,90.7699966430664,89.40464782714844,9060400.0
2025-12-17,91.93000030517578,95.12000274658203,91.80999755859375,94.95999908447266,93.5316162109375,9661000.0
2025-12-18,94.25,94.48999786376953,92.16000366210938,92.2300033569336,90.84268951416016,7336900.0
2025-12-19,92.44999694824219,93.4000015258789,91.5999984741211,91.94000244140625,90.55704498291016,14612600.0
2025-12-22,93.11000061035156,94.52999877929688,92.56999969482422,93.30999755859375,91.90644073486328,4850700.0
2025-12-23,93.3499984741211,93.77999877929688,92.44000244140625,92.7300033569336,91.33517456054688,5671100.0
2025-12-24,92.75,93.16000366210938,91.69000244140625,91.80000305175781,90.41915893554688,3079200.0
2025-12-25,92.75,93.16000366210938,91.69000244140625,91.80000305175781,90.41915893554688,3079200.0
2025-12-26,91.91000366210938,92.4800033569336,90.75,91.54000091552734,90.1630630493164,4575600.0
2025-12-29,92.0,92.7300033569336,91.69999694824219,92.62999725341797,91.23666381835938,5256400.0
2025-12-30,93.3499984741211,94.30999755859375,93.11000061035156,94.0999984741211,92.68455505371094,4553600.0
2025-12-31,94.44999694824219,94.58999633789062,93.41999816894531,93.61000061035156,92.2019271850586,3551700.0
2026-01-01,94.44999694824219,94.58999633789062,93.41999816894531,93.61000061035156,92.2019271850586,3551700.0
2026-01-02,93.61000061035156,96.94000244140625,93.12999725341797,96.69999694824219,95.24544525146484,7005600.0
2026-01-05,101.19999694824219,102.9800033569336,97.11000061035156,99.19999694824219,97.70783996582031,15706500.0
2026-01-06,100.19999694824219,100.30999755859375,96.9800033569336,97.11000061035156,95.64927673339844,9026900.0
2026-01-07,97.19000244140625,97.23999786376953,93.91000366210938,93.94000244140625,92.52696990966797,7988400.0
2026-01-08,94.4000015258789,99.86000061035156,94.33000183105469,98.72000122070312,97.23506927490234,9605200.0
2026-01-09,99.13999938964844,100.30000305175781,97.27999877929688,97.51000213623047,96.04326629638672,8940700.0
2026-01-12,98.61000061035156,98.7300033569336,94.68000030517578,95.5,94.0634994506836,10232900.0
2026-01-13,97.0,97.75,95.9000015258789,96.45999908447266,95.0090560913086,7868300.0
2026-01-14,96.5999984741211,101.91999816894531,96.5999984741211,100.33999633789062,98.8306884765625,13563700.0
2026-01-15,98.98999786376953,100.5199966430664,98.16000366210938,98.93000030517578,97.44190979003906,7461400.0
2026-01-16,97.5,98.94999694824219,97.12999725341797,98.19000244140625,96.7130355834961,8939200.0
2026-01-19,97.5,98.94999694824219,97.12999725341797,98.19000244140625,96.7130355834961,8939200.0
2026-01-20,97.5999984741211,98.66999816894531,94.9800033569336,95.5199966430664,94.08319854736328,10796700.0
2026-01-21,97.04000091552734,97.91999816894531,96.37999725341797,97.1500015258789,95.68868255615234,10599100.0
2026-01-22,97.01000213623047,97.01000213623047,95.97000122070312,96.87999725341797,95.42273712158203,7771200.0
2026-01-23,98.37999725341797,99.41000366210938,97.69000244140625,98.3499984741211,96.8706283569336,6972800.0
2026-01-26,99.55000305175781,99.69000244140625,97.7699966430664,98.44999694824219,96.96912384033203,7278200.0
2026-01-27,98.75,99.93000030517578,98.29000091552734,99.87000274658203,98.36776733398438,7276900.0
2026-01-28,100.43000030517578,101.5199966430664,99.83999633789062,101.38999938964844,99.86489868164062,6817400.0
2026-01-29,104.30000305175781,105.72000122070312,102.69000244140625,102.80000305175781,101.25369262695312,14466900.0
2026-01-30,102.30999755859375,104.2699966430664,101.7300033569336,104.2300033569336,102.66218566894531,9169000.0
2026-02-02,101.51000213623047,103.05999755859375,100.5,101.79000091552734,100.25888061523438,7514000.0
2026-02-03,102.41999816894531,105.2300033569336,101.75,104.91000366210938,103.33196258544922,9346600.0
2026-02-04,105.47000122070312,108.33999633789062,105.45999908447266,107.58999633789062,105.97163391113281,10367100.0
2026-02-05,106.94999694824219,108.44000244140625,103.1500015258789,104.9800033569336,103.4009017944336,10441000.0
2026-02-06,105.25,108.12999725341797,105.12000274658203,107.62000274658203,106.00119018554688,6756100.0
2026-02-09,107.5999984741211,108.88999938964844,107.05999755859375,108.69999694824219,107.06494140625,6337800.0
2026-02-10,108.55000305175781,108.68000030517578,107.11000061035156,107.5,105.88299560546875,5255300.0
2026-02-11,108.5,111.44000244140625,108.43000030517578,111.20999908447266,109.53718566894531,8984700.0
2026-02-12,111.20999908447266,111.9800033569336,108.69999694824219,110.83000183105469,109.16291046142578,12517700.0
2026-02-13,110.38999938964844,112.06999969482422,110.38999938964844,111.43000030517578,109.7538833618164,6836400.0
2026-02-16,110.38999938964844,112.06999969482422,110.38999938964844,111.43000030517578,109.7538833618164,6836400.0
2026-02-17,111.66000366210938,112.97000122070312,107.87999725341797,108.77999877929688,107.14374542236328,7619400.0
2026-02-18,109.91999816894531,110.80999755859375,108.83999633789062,110.5199966430664,109.70470428466797,9456200.0
2026-02-19,112.0,113.80000305175781,111.06999969482422,111.58999633789062,110.76681518554688,8851700.0
2026-02-20,111.22000122070312,111.44000244140625,109.58000183105469,110.52999877929688,109.71463775634766,6822800.0
2026-02-23,110.69999694824219,111.91000366210938,109.68000030517578,109.87999725341797,109.06942749023438,4871900.0
2026-02-24,110.23999786376953,110.9000015258789,108.4000015258789,110.58999633789062,109.7741928100586,5152200.0
2026-02-25,110.98999786376953,111.52999877929688,108.66000366210938,110.01000213623047,109.19847869873047,6907000.0
2026-02-26,109.16999816894531,111.69000244140625,108.11000061035156,110.69999694824219,109.88337707519531,7205800.0
2026-02-27,112.4000015258789,113.79000091552734,111.05999755859375,113.45999908447266,112.6230239868164,9009900.0
2026-03-02,119.27999877929688,119.30000305175781,115.72000122070312,118.23999786376953,117.36775970458984,19667900.0
2026-03-03,120.8499984741211,122.5,117.30000305175781,118.5199966430664,117.64569091796875,17354700.0
2026-03-04,116.38999938964844,117.44000244140625,114.43000030517578,115.6500015258789,114.79686737060547,10160600.0
2026-03-05,117.0,118.5199966430664,115.83000183105469,116.81999969482422,115.95823669433594,9875700.0
2026-03-06,118.7699966430664,119.4800033569336,116.5999984741211,117.06999969482422,116.20639038085938,11554600.0
2026-03-09,117.54000091552734,118.7699966430664,116.19999694824219,117.02999877929688,116.16668701171875,13694700.0
2026-03-10,116.12000274658203,116.54000091552734,112.93000030517578,114.1500015258789,113.30793762207031,13917900.0
2026-03-11,114.6500015258789,117.16000366210938,114.0,117.02999877929688,116.16668701171875,9522800.0
2026-03-12,118.0,120.98999786376953,117.66000366210938,120.26000213623047,119.37286376953125,12766400.0
2026-03-13,119.68000030517578,122.26000213623047,119.23999786376953,121.88999938964844,120.99083709716797,10884500.0
2026-03-16,121.19000244140625,122.37999725341797,120.4000015258789,121.31999969482422,120.42504119873047,7556800.0
2026-03-17,121.94999694824219,123.95999908447266,121.20999908447266,122.87000274658203,121.96360778808594,7953100.0
2026-03-18,123.80000305175781,124.87000274658203,123.11000061035156,123.6500015258789,122.73785400390625,10273000.0
2026-03-19,124.70999908447266,126.3499984741211,123.97000122070312,126.0199966430664,125.09036254882812,11205400.0
2026-03-20,126.30000305175781,128.1300048828125,126.11000061035156,126.91999816894531,125.98372650146484,31964000.0
2026-03-23,123.62999725341797,128.36000061035156,122.94999694824219,127.19000244140625,126.25173950195312,10584000.0
2026-03-24,127.52999877929688,131.0,127.44000244140625,129.35000610351562,128.39581298828125,10439700.0
2026-03-25,128.0,129.67999267578125,127.80999755859375,128.92999267578125,127.97889709472656,7495800.0
2026-03-26,129.63999938964844,133.5500030517578,129.63999938964844,133.25,132.26702880859375,8168000.0
2026-03-27,133.0800018310547,134.8699951171875,132.3300018310547,133.8000030517578,132.81297302246094,9182900.0
2026-03-30,135.14999389648438,135.8699951171875,131.91000366210938,132.88999938964844,131.90968322753906,8913900.0
2026-03-31,132.75999450683594,135.1999969482422,128.35000610351562,132.0,131.02626037597656,13519300.0
2026-04-01,128.14999389648438,129.92999267578125,126.44000244140625,128.3800048828125,127.43296813964844,12979900.0
2026-04-02,131.3000030517578,134.41000366210938,129.11000061035156,130.52000427246094,129.5571746826172,7383800.0
2026-04-03,131.3000030517578,134.41000366210938,129.11000061035156,130.52000427246094,129.5571746826172,7383800.0
2026-04-06,130.5,131.72999572753906,129.35000610351562,131.63999938964844,130.66891479492188,4210000.0
2026-04-07,132.0,133.69000244140625,131.14999389648438,131.77000427246094,130.79795837402344,6794300.0
2026-04-08,122.16000366210938,125.88999938964844,120.69999694824219,125.22000122070312,124.29627227783203,12713800.0
2026-04-09,126.29000091552734,127.91000366210938,123.27999877929688,123.47000122070312,122.5591812133789,9069400.0
2026-04-10,123.30000305175781,124.05000305175781,121.31999969482422,122.55000305175781,121.6459732055664,10487700.0
2026-04-13,124.95999908447266,125.33000183105469,122.37999725341797,123.62000274658203,122.70807647705078,8639400.0
2026-04-14,121.63999938964844,122.27999877929688,117.94999694824219,118.79000091552734,117.91370391845703,9849200.0
2026-04-15,118.16999816894531,120.36000061035156,117.3499984741211,118.91999816894531,118.04273986816406,6592500.0
2026-04-16,119.51000213623047,122.44000244140625,119.37000274658203,121.56999969482422,120.6731948852539,6904300.0
2026-04-17,116.33000183105469,116.5,112.20999908447266,116.04000091552734,115.18399047851562,11665700.0
2026-04-20,116.83999633789062,118.22000122070312,116.06999969482422,116.44999694824219,115.5909652709961,6124700.0
2026-04-21,117.04000091552734,120.62000274658203,116.72000122070312,120.26000213623047,119.37286376953125,8138900.0
2026-04-22,121.44000244140625,123.2300033569336,120.91000366210938,122.5999984741211,121.69559478759766,6562700.0
2026-04-23,123.38999938964844,125.58000183105469,123.37999725341797,124.37000274658203,123.45254516601562,7958100.0
2026-04-24,123.47000122070312,124.13999938964844,120.48999786376953,121.76000213623047,120.8617935180664,10968300.0
2026-04-27,122.20999908447266,123.6500015258789,120.22000122070312,121.68000030517578,120.78238677978516,12215400.0
2026-04-28,124.16999816894531,124.55999755859375,122.45999908447266,124.31999969482422,123.40290832519531,7241100.0
2026-04-29,126.0,128.27999877929688,125.08000183105469,128.25,127.30391693115234,9676900.0
2026-04-30,124.54000091552734,128.10000610351562,123.7699966430664,125.77999877929688,124.85214233398438,11948000.0
2026-05-01,125.0,125.76000213623047,122.47000122070312,123.19000244140625,122.28125,7784300.0
2026-05-04,124.01000213623047,125.2699966430664,121.69999694824219,124.91000366210938,123.98856353759766,7793500.0
2026-05-05,124.06999969482422,124.75,123.0199966430664,123.31999969482422,122.41028594970703,7258300.0
2026-05-06,117.95999908447266,120.0,117.41999816894531,118.9000015258789,118.02289581298828,13180800.0
2026-05-07,116.12999725341797,116.23999786376953,114.05000305175781,114.87999725341797,114.03254699707031,10356600.0
2026-05-08,114.63999938964844,115.48999786376953,113.62000274658203,113.87000274658203,113.02999877929688,8009500.0
2026-05-11,114.43000030517578,115.97000122070312,113.80000305175781,115.55000305175781,115.55000305175781,6200100.0
2026-05-12,116.66999816894531,118.25,115.68000030517578,117.87000274658203,117.87000274658203,6875300.0
2026-05-13,117.6500015258789,118.01000213623047,115.69000244140625,117.4000015258789,117.4000015258789,5977100.0
2026-05-14,117.12999725341797,119.5199966430664,117.01000213623047,118.97000122070312,118.97000122070312,5316400.0
2026-05-15,120.77999877929688,122.4800033569336,120.48999786376953,122.41000366210938,122.41000366210938,7059500.0
2026-05-18,122.0,125.1500015258789,120.38999938964844,124.54000091552734,124.54000091552734,5805200.0
2026-05-19,125.86000061035156,126.0,124.12000274658203,125.11000061035156,125.11000061035156,6029000.0
2026-05-20,124.2699966430664,126.0,121.7699966430664,122.36000061035156,122.36000061035156,5665700.0
2026-05-21,124.01000213623047,124.41000366210938,119.80000305175781,120.55000305175781,120.55000305175781,5754500.0
2026-05-22,120.05000305175781,121.58999633789062,119.5999984741211,120.45999908447266,120.45999908447266,4947400.0
2026-05-25,120.05000305175781,121.58999633789062,119.5999984741211,120.45999908447266,120.45999908447266,4947400.0
2026-05-26,118.75,119.88999938964844,116.18000030517578,116.56999969482422,116.56999969482422,7178800.0
2026-05-27,115.20999908447266,116.44999694824219,114.23999786376953,115.12999725341797,115.12999725341797,5828700.0
2026-05-28,115.83000183105469,116.88999938964844,114.44999694824219,114.98999786376953,114.98999786376953,5989400.0
2026-05-29,114.12000274658203,114.55000305175781,112.63999938964844,113.9800033569336,113.9800033569336,12401400.0
2026-06-01,115.69999694824219,117.5999984741211,115.31999969482422,115.58000183105469,115.58000183105469,7449900.0
2026-06-02,115.4800033569336,117.44999694824219,115.37000274658203,116.87000274658203,116.87000274658203,6113600.0
2026-06-03,117.58999633789062,119.55000305175781,116.91000366210938,119.05000305175781,119.05000305175781,7088200.0
2026-06-04,117.9800033569336,119.57499694824219,117.5999984741211,118.83999633789062,118.83999633789062,2313994.0
