Date,Open,High,Low,Close,Adj Close,Volume
2021-05-24,104.94999694824219,105.83999633789062,104.0,105.5999984741211,86.0133285522461,6785600
2021-05-25,105.43000030517578,105.62000274658203,103.61000061035156,103.87000274658203,84.60420989990234,7884000
2021-05-26,104.5199966430664,104.91000366210938,103.66000366210938,104.12000274658203,84.8078384399414,9232400
2021-05-27,104.12000274658203,104.91000366210938,102.56999969482422,103.01000213623047,83.90371704101562,11703400
2021-05-28,103.62000274658203,104.12000274658203,102.94999694824219,103.79000091552734,84.5390396118164,7278200
2021-06-01,105.30000305175781,107.43000030517578,105.30000305175781,106.6500015258789,86.86856842041016,10260600
2021-06-02,107.20999908447266,108.55999755859375,106.20999908447266,108.08000183105469,88.0333251953125,9141800
2021-06-03,107.55999755859375,108.08999633789062,106.55999755859375,107.58999633789062,87.63421630859375,8809300
2021-06-04,108.23999786376953,108.66999816894531,107.20999908447266,108.44999694824219,88.33470153808594,6699300
2021-06-07,108.37000274658203,108.69999694824219,107.56999969482422,107.75,87.76453399658203,6748600
2021-06-08,107.6500015258789,108.9800033569336,106.30000305175781,108.7300033569336,88.56275177001953,10559500
2021-06-09,109.05999755859375,109.52999877929688,107.6500015258789,107.77999877929688,87.78899383544922,10146900
2021-06-10,109.05999755859375,110.25,107.25,108.41000366210938,88.30213165283203,13526200
2021-06-11,108.83999633789062,108.97000122070312,107.86000061035156,107.91000366210938,87.89488220214844,7731700
2021-06-14,108.18000030517578,108.95999908447266,106.83000183105469,107.97000122070312,87.9437484741211,9051900
2021-06-15,108.41000366210938,110.4800033569336,108.38999938964844,110.30000305175781,89.84156036376953,10540200
2021-06-16,110.02999877929688,110.51000213623047,108.9000015258789,109.66999816894531,89.32840728759766,9283300
2021-06-17,109.23999786376953,109.9800033569336,96.30999755859375,107.06999969482422,87.21065521240234,14337800
2021-06-18,105.25,106.2699966430664,102.91000366210938,103.02999877929688,83.92000579833984,22284500
2021-06-21,104.0999984741211,106.44000244140625,103.93000030517578,106.05000305175781,86.37984466552734,13591500
2021-06-22,105.33000183105469,106.95999908447266,104.30999755859375,106.4000015258789,86.66494750976562,10230100
2021-06-23,107.36000061035156,108.12999725341797,106.2300033569336,106.2699966430664,86.55904388427734,7792800
2021-06-24,107.13999938964844,107.77999877929688,106.36000061035156,107.13999938964844,87.2676773071289,8724600
2021-06-25,107.58999633789062,108.05999755859375,106.77999877929688,107.30000305175781,87.39800262451172,8102300
2021-06-28,106.94999694824219,107.0,103.66000366210938,103.98999786376953,84.70194244384766,11348400
2021-06-29,104.58999633789062,104.97000122070312,103.61000061035156,103.76000213623047,84.51461029052734,7225500
2021-06-30,103.83999633789062,104.87999725341797,103.72000122070312,104.73999786376953,85.31280517578125,7927500
2021-07-01,106.94999694824219,107.0999984741211,105.73999786376953,106.20999908447266,86.51016998291016,10873200
2021-07-02,105.69999694824219,106.4000015258789,105.04000091552734,106.06999969482422,86.39612579345703,7107700
2021-07-06,105.97000122070312,105.97000122070312,103.38999938964844,103.98999786376953,84.70194244384766,10162800
2021-07-07,103.95999908447266,104.9000015258789,102.12000274658203,102.93000030517578,83.83854675292969,8245000
2021-07-08,101.5,103.08999633789062,101.22000122070312,102.5999984741211,83.56977081298828,8695500
2021-07-09,103.45999908447266,104.2300033569336,102.36000061035156,104.06999969482422,84.76709747314453,8567900
2021-07-12,103.55999755859375,105.0199966430664,103.23999786376953,104.27999877929688,84.93814849853516,9898600
2021-07-13,104.0,104.58000183105469,103.22000122070312,103.93000030517578,84.653076171875,6738000
2021-07-14,104.4800033569336,105.31999969482422,101.72000122070312,101.97000122070312,83.0566177368164,9216600
2021-07-15,101.05000305175781,102.25,100.8499984741211,101.30000305175781,82.51089477539062,9665700
2021-07-16,101.62999725341797,101.69000244140625,98.33000183105469,98.62000274658203,80.3279800415039,12199100
2021-07-19,95.81999969482422,96.94999694824219,94.5199966430664,95.95999908447266,78.1613540649414,17385500
2021-07-20,95.88999938964844,98.04000091552734,95.05000305175781,96.52999877929688,78.62562561035156,12114600
2021-07-21,97.9800033569336,100.47000122070312,97.69999694824219,99.81999969482422,81.30538177490234,11478100
2021-07-22,99.4000015258789,99.41000366210938,97.88999938964844,98.81999969482422,80.49087524414062,7694300
2021-07-23,98.80000305175781,99.12000274658203,97.94000244140625,98.86000061035156,80.52345275878906,7570800
2021-07-26,99.45999908447266,101.26000213623047,99.44000244140625,100.94999694824219,82.22579193115234,10227500
2021-07-27,100.05000305175781,100.72000122070312,98.94000244140625,100.61000061035156,81.94886016845703,8332100
2021-07-28,100.9000015258789,101.80999755859375,100.27999877929688,101.18000030517578,82.41313934326172,8546100
2021-07-29,102.37999725341797,102.87999725341797,101.94000244140625,102.56999969482422,83.54531860351562,8681300
2021-07-30,103.05999755859375,104.05000305175781,100.7699966430664,101.80999755859375,82.92628479003906,12295300
2021-08-02,102.08000183105469,103.9800033569336,101.55999755859375,101.62999725341797,82.77967071533203,8911800
2021-08-03,101.58999633789062,102.91000366210938,100.66999816894531,102.5999984741211,83.56977081298828,8437300
2021-08-04,100.44000244140625,101.9000015258789,100.0999984741211,100.30000305175781,81.69637298583984,10389800
2021-08-05,100.94000244140625,102.43000030517578,100.66999816894531,101.2300033569336,82.45384979248047,7986100
2021-08-06,102.0199966430664,102.58000183105469,101.5999984741211,101.94999694824219,83.0403060913086,6475600
2021-08-09,100.91000366210938,101.37999725341797,99.93000030517578,100.25,81.65565490722656,9243100
2021-08-10,100.73999786376953,102.31999969482422,100.58000183105469,102.08000183105469,83.14620971679688,9762600
2021-08-11,102.04000091552734,102.97000122070312,101.5999984741211,102.8499984741211,83.77340698242188,7079800
2021-08-12,102.86000061035156,103.25,101.77999877929688,102.63999938964844,83.60234069824219,7377600
2021-08-13,102.2300033569336,102.54000091552734,101.63999938964844,101.95999908447266,83.04847717285156,6572600
2021-08-16,100.83000183105469,101.19999694824219,99.91000366210938,100.91999816894531,82.20136260986328,9476600
2021-08-17,100.19999694824219,101.68000030517578,99.62999725341797,100.7300033569336,82.04659271240234,10937500
2021-08-18,98.69000244140625,99.41999816894531,96.55000305175781,96.69999694824219,79.82599639892578,12893600
2021-08-19,94.80999755859375,95.30999755859375,92.86000061035156,94.29000091552734,77.8365478515625,17423400
2021-08-20,93.5199966430664,94.87999725341797,93.20999908447266,94.30000305175781,77.84481048583984,9707600
2021-08-23,96.08999633789062,97.0,96.05999755859375,96.7300033569336,79.85077667236328,10277800
2021-08-24,97.5,98.61000061035156,97.38999938964844,97.83999633789062,80.76708221435547,8924900
2021-08-25,97.22000122070312,98.72000122070312,96.72000122070312,98.51000213623047,81.32015228271484,9342300
2021-08-26,98.11000061035156,98.7300033569336,97.19999694824219,97.22000122070312,80.2552719116211,8124800
2021-08-27,98.13999938964844,99.45999908447266,98.05000305175781,98.63999938964844,81.42747497558594,10281200
2021-08-30,99.08999633789062,99.30999755859375,97.97000122070312,98.38999938964844,81.2210922241211,8127200
2021-08-31,98.13999938964844,98.41000366210938,96.63999938964844,96.7699966430664,79.8837890625,15676900
2021-09-01,96.86000061035156,97.06999969482422,95.47000122070312,95.70999908447266,79.00875854492188,10557300
2021-09-02,96.63999938964844,98.38999938964844,96.55000305175781,97.70999908447266,80.65978240966797,12340100
2021-09-03,97.4000015258789,98.43000030517578,97.37999725341797,97.48999786376953,80.4781494140625,9097000
2021-09-07,97.0199966430664,97.9800033569336,96.73999786376953,97.05999755859375,80.12316131591797,9237800
2021-09-08,97.5,98.47000122070312,96.3499984741211,96.38999938964844,79.57009887695312,10775900
2021-09-09,95.88999938964844,97.62000274658203,95.3499984741211,96.0,79.24816131591797,10219400
2021-09-10,97.5999984741211,97.69999694824219,95.88999938964844,96.06999969482422,79.30594635009766,11006000
2021-09-13,97.20999908447266,98.70999908447266,97.05999755859375,97.97000122070312,80.87439727783203,11500900
2021-09-14,98.37999725341797,98.73999786376953,95.9800033569336,96.19999694824219,79.41323852539062,15294100
2021-09-15,96.98999786376953,98.52999877929688,96.98999786376953,98.23999786376953,81.09728240966797,11623400
2021-09-16,98.31999969482422,98.58999633789062,96.91000366210938,97.31999969482422,80.33782196044922,10616700
2021-09-17,97.11000061035156,98.37999725341797,96.37000274658203,96.76000213623047,79.87554168701172,16006100
2021-09-20,94.63999938964844,95.25,93.30999755859375,94.77999877929688,78.24104309082031,15796100
2021-09-21,95.56999969482422,95.88999938964844,94.02999877929688,94.8499984741211,78.29881286621094,10958400
2021-09-22,96.23999786376953,98.77999877929688,96.23999786376953,97.63999938964844,80.60197448730469,13292800
2021-09-23,98.23999786376953,100.2699966430664,97.75,100.05999755859375,82.59968566894531,10094900
2021-09-24,99.6500015258789,100.97000122070312,99.6500015258789,100.5999984741211,83.04545593261719,8225300
2021-09-27,102.58999633789062,103.77999877929688,102.58999633789062,102.97000122070312,85.00190734863281,12697500
2021-09-28,103.91000366210938,104.88999938964844,102.87999725341797,103.36000061035156,85.32384490966797,15560800
2021-09-29,103.20999908447266,104.23999786376953,102.33999633789062,103.33000183105469,85.29908752441406,10268100
2021-09-30,103.41999816894531,103.44999694824219,101.44999694824219,101.44999694824219,83.74713134765625,15319800
2021-10-01,102.22000122070312,104.54000091552734,101.87999725341797,104.33000183105469,86.12460327148438,10854900
2021-10-04,105.0,105.86000061035156,104.11000061035156,104.72000122070312,86.44651794433594,13305400
2021-10-05,106.04000091552734,107.7699966430664,105.41999816894531,105.86000061035156,87.38760375976562,13017300
2021-10-06,104.18000030517578,105.3499984741211,103.58000183105469,104.93000030517578,86.61988067626953,10630100
2021-10-07,105.61000061035156,106.30000305175781,105.22000122070312,105.68000030517578,87.23902130126953,8830900
2021-10-08,106.80999755859375,108.43000030517578,106.5999984741211,108.05000305175781,89.19544219970703,10586700
2021-10-11,109.55999755859375,109.62999725341797,106.91999816894531,107.12999725341797,88.43598175048828,9794800
2021-10-12,106.98999786376953,107.58000183105469,106.16999816894531,107.1500015258789,88.45249938964844,9085000
2021-10-13,106.7699966430664,108.33999633789062,106.4800033569336,107.79000091552734,88.98079681396484,9220700
2021-10-14,108.87999725341797,109.16000366210938,108.11000061035156,108.80999755859375,89.82283020019531,7648600
2021-10-15,109.7699966430664,110.02999877929688,109.43000030517578,109.61000061035156,90.48322296142578,9968100
2021-10-18,110.22000122070312,110.41000366210938,108.95999908447266,109.55999755859375,90.44194793701172,10677400
2021-10-19,110.16000366210938,111.69999694824219,109.80000305175781,111.69999694824219,92.20852661132812,10362800
2021-10-20,111.08999633789062,113.16999816894531,110.77999877929688,113.16000366210938,93.41376495361328,10811400
2021-10-21,112.70999908447266,112.80999755859375,110.87000274658203,111.73999786376953,92.2415542602539,9372600
2021-10-22,112.22000122070312,112.87999725341797,111.44999694824219,112.80000305175781,93.11656951904297,8673800
2021-10-25,113.52999877929688,114.3499984741211,113.30000305175781,113.8499984741211,93.98335266113281,9579800
2021-10-26,113.9800033569336,114.5999984741211,113.51000213623047,114.0999984741211,94.18974304199219,7463000
2021-10-27,113.22000122070312,113.58000183105469,111.6500015258789,112.06999969482422,92.51399230957031,9096100
2021-10-28,111.58000183105469,113.2699966430664,111.58000183105469,113.12000274658203,93.38074493408203,7538200
2021-10-29,114.83000183105469,115.29000091552734,113.1500015258789,114.48999786376953,94.51168060302734,15294200
2021-11-01,115.02999877929688,115.08999633789062,114.05000305175781,114.52999877929688,94.5447006225586,11213800
2021-11-02,114.18000030517578,114.19000244140625,113.20999908447266,113.83000183105469,93.96685028076172,9189700
2021-11-03,112.2699966430664,113.2699966430664,111.97000122070312,113.01000213623047,93.28995513916016,10416000
2021-11-04,114.22000122070312,114.26000213623047,112.91000366210938,113.51000213623047,93.70270538330078,9673000
2021-11-05,114.2699966430664,115.05000305175781,113.93000030517578,114.73999786376953,94.71806335449219,8102100
2021-11-08,115.08999633789062,115.98999786376953,114.69000244140625,115.1500015258789,95.05651092529297,7695900
2021-11-09,115.2699966430664,116.12000274658203,114.45999908447266,116.0,95.75818634033203,10945900
2021-11-10,115.76000213623047,116.20999908447266,113.66000366210938,114.1500015258789,94.23101806640625,10305100
2021-11-11,113.5999984741211,114.66999816894531,113.56999969482422,114.16000366210938,94.23925018310547,7317500
2021-11-12,113.80000305175781,114.30999755859375,113.58999633789062,114.2300033569336,94.29705810546875,8682800
2021-11-15,114.94999694824219,116.94999694824219,114.2699966430664,116.81999969482422,96.43508911132812,11050400
2021-11-16,117.11000061035156,118.08000183105469,116.86000061035156,117.27999877929688,96.81483459472656,10566300
2021-11-17,114.87000274658203,116.52999877929688,114.66000366210938,115.41999816894531,96.38059997558594,11108000
2021-11-18,114.8499984741211,115.37999725341797,113.41000366210938,114.44999694824219,95.57061004638672,8368600
2021-11-19,112.51000213623047,113.1500015258789,111.0999984741211,111.91000366210938,93.44961547851562,13532600
2021-11-22,112.0199966430664,115.19000244140625,111.8499984741211,113.91000366210938,95.11968231201172,9947100
2021-11-23,115.19000244140625,116.83999633789062,115.05999755859375,116.30000305175781,97.11544799804688,10366800
2021-11-24,116.80999755859375,118.0,116.68000030517578,117.19000244140625,97.85862731933594,8500900
2021-11-26,113.3499984741211,114.83000183105469,112.62999725341797,114.51000213623047,95.62071990966797,11861800
2021-11-29,116.33999633789062,117.16999816894531,114.70999908447266,114.8499984741211,95.9046401977539,12003800
2021-11-30,113.44999694824219,115.86000061035156,112.44000244140625,112.87000274658203,94.25125885009766,24451200
2021-12-01,114.94999694824219,116.05999755859375,112.08999633789062,112.0999984741211,93.60826110839844,12302700
2021-12-02,113.25,115.69999694824219,111.93000030517578,115.13999938964844,96.14678192138672,11392400
2021-12-03,116.73999786376953,117.0,113.58999633789062,114.41000366210938,95.53721618652344,10445100
2021-12-06,115.95999908447266,117.44999694824219,115.05000305175781,116.19999694824219,97.03194427490234,9833900
2021-12-07,117.23999786376953,118.66000366210938,117.23999786376953,117.91999816894531,98.46821594238281,11419600
2021-12-08,118.38999938964844,119.26000213623047,117.66000366210938,118.44999694824219,98.91078186035156,8827900
2021-12-09,117.8499984741211,118.5999984741211,117.58000183105469,118.13999938964844,98.65192413330078,8334700
2021-12-10,118.93000030517578,119.19999694824219,116.87000274658203,118.33999633789062,98.81892395019531,9090700
2021-12-13,117.45999908447266,117.8499984741211,115.61000061035156,115.87999725341797,96.76473999023438,8533000
2021-12-14,115.73999786376953,116.91999816894531,115.47000122070312,116.22000122070312,97.04865264892578,12245300
2021-12-15,116.31999969482422,116.31999969482422,113.94999694824219,115.55999755859375,96.49751281738281,11069500
2021-12-16,116.19000244140625,118.19000244140625,115.91999816894531,116.63999938964844,97.39936828613281,11344700
2021-12-17,115.91999816894531,116.45999908447266,113.52999877929688,113.5999984741211,94.86083984375,22727900
2021-12-20,111.86000061035156,113.70999908447266,110.7300033569336,113.6500015258789,94.902587890625,13464400
2021-12-21,114.43000030517578,116.06999969482422,114.29000091552734,115.47000122070312,96.42236328125,11368200
2021-12-22,115.41999816894531,116.68000030517578,114.41000366210938,116.12999725341797,96.97350311279297,8345200
2021-12-23,116.51000213623047,117.91999816894531,116.4000015258789,116.41000366210938,97.20730590820312,7416600
2021-12-27,116.06999969482422,118.81999969482422,115.41000366210938,118.79000091552734,99.19470977783203,7745500
2021-12-28,118.66000366210938,119.33999633789062,118.04000091552734,118.55999755859375,99.00263977050781,6516000
2021-12-29,118.08000183105469,118.6500015258789,117.29000091552734,117.94999694824219,98.49325561523438,6957400
2021-12-30,118.12999725341797,118.69000244140625,117.33999633789062,117.43000030517578,98.05903625488281,6016000
2021-12-31,117.37999725341797,118.08999633789062,117.12999725341797,117.3499984741211,97.99224090576172,5706600
2022-01-03,117.41999816894531,119.69000244140625,117.29000091552734,119.26000213623047,99.58716583251953,10717700
2022-01-04,119.94999694824219,121.9800033569336,119.66000366210938,121.43000030517578,101.39920806884766,16413100
2022-01-05,122.23999786376953,123.83999633789062,122.06999969482422,122.22000122070312,102.05889129638672,15487100
2022-01-06,123.62000274658203,124.31999969482422,121.63999938964844,123.26000213623047,102.92732238769531,13318500
2022-01-07,123.55000305175781,125.54000091552734,122.94999694824219,125.02999877929688,104.40536499023438,14164600
2022-01-10,125.1500015258789,125.69000244140625,123.86000061035156,125.11000061035156,104.47216796875,12626100
2022-01-11,125.86000061035156,128.0,124.83000183105469,127.97000122070312,106.86040496826172,14609000
2022-01-12,127.98999786376953,128.42999267578125,126.47000122070312,127.33000183105469,106.32596588134766,12469200
2022-01-13,127.13999938964844,128.10000610351562,126.44999694824219,126.80000305175781,105.88339233398438,9691300
2022-01-14,126.76000213623047,129.1999969482422,126.76000213623047,128.9600067138672,107.68708801269531,13281000
2022-01-18,129.69000244140625,130.0,127.87000274658203,129.3800048828125,108.03781127929688,12905500
2022-01-19,129.9499969482422,130.14999389648438,128.5399932861328,128.91000366210938,107.64533233642578,12064300
2022-01-20,128.27000427246094,130.86000061035156,127.87999725341797,128.4499969482422,107.2612075805664,11370400
2022-01-21,127.76000213623047,128.39999389648438,126.2300033569336,126.91000366210938,105.97525024414062,13055700
2022-01-24,124.44999694824219,127.7300033569336,122.83999633789062,127.18000030517578,106.20071411132812,19513700
2022-01-25,127.12000274658203,132.74000549316406,125.2699966430664,132.58999633789062,110.7182846069336,19984500
2022-01-26,132.89999389648438,134.7100067138672,131.58999633789062,132.69000244140625,110.80178833007812,17266500
2022-01-27,134.4499969482422,137.0,133.58999633789062,135.3699951171875,113.03968811035156,20654100
2022-01-28,130.0,132.05999755859375,128.07000732421875,130.61000061035156,109.06491088867188,24817800
2022-01-31,130.19000244140625,131.86000061035156,129.3300018310547,131.3300018310547,109.66614532470703,16401800
2022-02-01,130.8300018310547,135.74000549316406,130.50999450683594,134.7899932861328,112.55536651611328,16169700
2022-02-02,134.35000610351562,135.8000030517578,132.8000030517578,135.41000366210938,113.07311248779297,10906700
2022-02-03,134.85000610351562,135.35000610351562,133.19000244140625,134.1999969482422,112.06269073486328,9447700
2022-02-04,135.00999450683594,137.0,135.00999450683594,135.8800048828125,113.46559143066406,13034700
2022-02-07,135.33999633789062,139.42999267578125,134.8300018310547,138.5500030517578,115.69515228271484,18422500
2022-02-08,138.17999267578125,138.42999267578125,135.00999450683594,136.44000244140625,113.9332046508789,11021600
2022-02-09,136.72000122070312,138.33999633789062,136.10000610351562,137.7899932861328,115.06050109863281,10140800
2022-02-10,137.55999755859375,138.7899932861328,135.38999938964844,136.0399932861328,113.59916687011719,11012700
2022-02-11,136.86000061035156,139.44000244140625,136.27999877929688,138.80999755859375,115.9122543334961,12821200
2022-02-14,137.94000244140625,138.0500030517578,135.0500030517578,136.6699981689453,114.12527465820312,15945000
2022-02-15,133.0800018310547,134.83999633789062,132.17999267578125,134.25999450683594,113.28988647460938,11746800
2022-02-16,134.9499969482422,136.16000366210938,133.75999450683594,134.3000030517578,113.32366180419922,11348800
2022-02-17,134.1699981689453,134.5800018310547,132.4499969482422,133.61000061035156,112.74140167236328,10073900
2022-02-18,132.82000732421875,133.91000366210938,132.0500030517578,133.4199981689453,112.5810775756836,10691800
2022-02-22,137.0,137.0,130.52000427246094,132.39999389648438,111.72040557861328,19428700
2022-02-23,132.92999267578125,136.0800018310547,132.55999755859375,135.5500030517578,114.37842559814453,16134200
2022-02-24,137.92999267578125,138.22999572753906,131.72000122070312,134.85000610351562,113.7877197265625,22108900
2022-02-25,135.9600067138672,140.5,135.42999267578125,140.3800048828125,118.45402526855469,28028000
2022-02-28,139.27000427246094,144.0,138.64999389648438,144.0,121.50859832763672,24394300
2022-03-01,145.00999450683594,149.9600067138672,144.6999969482422,149.72000122070312,126.33515930175781,31159900
2022-03-02,150.1999969482422,155.75,150.0500030517578,154.13999938964844,130.06480407714844,31329500
2022-03-03,152.25999450683594,157.1199951171875,151.75,156.22000122070312,131.81996154785156,22492900
2022-03-04,155.7899932861328,159.9499969482422,155.08999633789062,158.64999389648438,133.8704376220703,29034400
2022-03-07,159.89999389648438,162.10000610351562,155.72000122070312,162.0399932861328,136.73094177246094,34824700
2022-03-08,164.30999755859375,174.0,164.10000610351562,170.52999877929688,143.8948516845703,57231000
2022-03-09,162.77000427246094,169.77000427246094,161.2100067138672,166.27000427246094,140.3002471923828,43430000
2022-03-10,168.74000549316406,174.75999450683594,168.2899932861328,170.82000732421875,144.13958740234375,34913600
2022-03-11,165.88999938964844,172.97999572753906,165.8800048828125,170.89999389648438,144.20706176757812,28423600
2022-03-14,166.2100067138672,168.35000610351562,164.3000030517578,166.72000122070312,140.67994689941406,25156200
2022-03-15,159.11000061035156,160.19000244140625,155.25999450683594,158.27999877929688,133.5581817626953,28534400
2022-03-16,158.7899932861328,160.5,156.2100067138672,157.7100067138672,133.0772247314453,22299700
2022-03-17,159.9499969482422,160.99000549316406,157.9199981689453,160.44000244140625,135.38082885742188,15750700
2022-03-18,160.88999938964844,161.72999572753906,158.77999877929688,161.72999572753906,136.46934509277344,23214700
2022-03-21,163.02000427246094,165.5800018310547,162.72000122070312,164.63999938964844,138.92481994628906,13180600
2022-03-22,163.69000244140625,165.25999450683594,162.5800018310547,164.08999633789062,138.46072387695312,11063900
2022-03-23,166.0,167.35000610351562,164.94000244140625,165.86000061035156,139.9542694091797,10755000
2022-03-24,166.42999267578125,167.39999389648438,165.0,166.3000030517578,140.3255615234375,9024800
2022-03-25,165.22000122070312,169.69000244140625,165.16000366210938,169.30999755859375,142.8654327392578,10254700
2022-03-28,165.89999389648438,166.6300048828125,165.1300048828125,166.35000610351562,140.36776733398438,9992000
2022-03-29,163.50999450683594,164.47999572753906,160.5,164.32000732421875,138.65480041503906,15102600
2022-03-30,165.24000549316406,166.35000610351562,163.66000366210938,165.47999572753906,139.63363647460938,9906000
2022-03-31,163.47000122070312,166.16000366210938,162.72000122070312,162.8300018310547,137.39755249023438,10395900
2022-04-01,162.77999877929688,165.9499969482422,162.3300018310547,164.22000122070312,138.5704345703125,8795300
2022-04-04,165.0,165.4499969482422,163.0,164.3699951171875,138.69699096679688,8718600
2022-04-05,165.02999877929688,167.72000122070312,163.10000610351562,163.36000061035156,137.84475708007812,9538200
2022-04-06,164.8300018310547,167.00999450683594,164.3300018310547,164.80999755859375,139.06829833984375,9269000
2022-04-07,165.10000610351562,167.6999969482422,163.4199981689453,167.10000610351562,141.0006103515625,8018400
2022-04-08,167.0500030517578,171.10000610351562,167.02000427246094,169.92999267578125,143.3885955810547,10801200
2022-04-11,168.57000732421875,168.77999877929688,164.91000366210938,165.55999755859375,139.7011260986328,10206100
2022-04-12,168.97000122070312,172.67999267578125,168.14999389648438,169.00999450683594,142.61224365234375,9528400
2022-04-13,170.92999267578125,172.0800018310547,168.2899932861328,171.6699981689453,144.85678100585938,7330700
2022-04-14,170.69000244140625,172.94000244140625,170.55999755859375,171.58999633789062,144.78929138183594,9421100
2022-04-18,173.0,174.5399932861328,171.8699951171875,173.88999938964844,146.7300567626953,7639000
2022-04-19,173.0800018310547,173.69000244140625,171.02999877929688,171.8300018310547,144.99180603027344,6970200
2022-04-20,171.6199951171875,173.5800018310547,171.4600067138672,172.52999877929688,145.58248901367188,7495000
2022-04-21,171.74000549316406,172.44000244140625,163.8300018310547,164.5800018310547,138.87420654296875,14594800
2022-04-22,164.3800048828125,165.47000122070312,160.86000061035156,160.9499969482422,135.8111572265625,12160100
2022-04-25,155.72999572753906,158.36000061035156,151.36000061035156,157.49000549316406,132.89158630371094,15449800
2022-04-26,158.82000732421875,160.3699951171875,156.38999938964844,156.52999877929688,132.08154296875,9810600
2022-04-27,157.0800018310547,157.9199981689453,154.52000427246094,156.24000549316406,131.83682250976562,10396600
2022-04-28,157.4499969482422,163.0,154.92999267578125,161.7899932861328,136.51995849609375,9366400
2022-04-29,161.27999877929688,162.44000244140625,156.2899932861328,156.6699981689453,132.1996612548828,14713200
2022-05-02,156.30999755859375,160.0,155.14999389648438,159.75,134.79861450195312,11559000
2022-05-03,159.57000732421875,163.42999267578125,159.25999450683594,162.49000549316406,137.11062622070312,8827200
2022-05-04,164.97000122070312,167.88999938964844,163.47000122070312,167.58999633789062,141.4140625,9183200
2022-05-05,169.25999450683594,169.5,162.64999389648438,166.25999450683594,140.29177856445312,9807600
2022-05-06,168.27000427246094,170.97000122070312,165.4199981689453,170.69000244140625,144.02987670898438,10418100
2022-05-09,167.75,167.75,158.47999572753906,159.25,134.37669372558594,14110700
2022-05-10,162.2100067138672,164.19000244140625,157.8699951171875,160.77999877929688,135.66770935058594,11636000
2022-05-11,163.5800018310547,167.4600067138672,162.50999450683594,163.16000366210938,137.67599487304688,9105500
2022-05-12,163.22000122070312,164.85000610351562,158.86000061035156,164.7100067138672,138.98388671875,8936400
2022-05-13,166.5,168.7899932861328,164.8800048828125,167.8699951171875,141.65032958984375,9229900
2022-05-16,169.0,174.97000122070312,168.86000061035156,173.00999450683594,145.9875030517578,13296300
2022-05-17,174.83999633789062,175.64999389648438,172.61000061035156,174.02999877929688,146.84817504882812,12827600
2022-05-18,174.1199951171875,174.1300048828125,165.7899932861328,168.05999755859375,142.97727966308594,13107500
2022-05-19,164.6300048828125,169.63999938964844,162.8300018310547,166.86000061035156,141.9563751220703,10958700
2022-05-20,168.8800048828125,171.0399932861328,164.08999633789062,167.82000732421875,142.77310180664062,9615000
2022-05-23,169.42999267578125,172.9600067138672,169.11000061035156,171.72000122070312,146.0910186767578,10216400
2022-05-24,170.69000244140625,173.5800018310547,169.80999755859375,172.63999938964844,146.8737335205078,9782700
2022-05-25,173.13999938964844,175.99000549316406,172.97000122070312,175.41000366210938,149.2303009033203,10174500
2022-05-26,176.49000549316406,177.92999267578125,175.00999450683594,176.58999633789062,150.23419189453125,11213900
2022-05-27,176.52000427246094,178.35000610351562,175.69000244140625,178.27999877929688,151.67196655273438,10512300
2022-05-31,179.9600067138672,180.9600067138672,173.47000122070312,174.66000366210938,148.59225463867188,20547600
2022-06-01,176.72999572753906,178.1300048828125,174.94000244140625,176.32000732421875,150.00450134277344,8824100
2022-06-02,174.74000549316406,176.50999450683594,174.10000610351562,176.0,149.7322540283203,7441900
2022-06-03,176.0,178.25,176.0,177.60000610351562,151.0934295654297,8435300
2022-06-06,177.89999389648438,178.0,175.50999450683594,176.8300018310547,150.43838500976562,6734200
2022-06-07,177.47000122070312,180.66000366210938,176.9199981689453,180.1999969482422,153.30538940429688,9668300
2022-06-08,180.9499969482422,182.39999389648438,180.25,181.1300048828125,154.09661865234375,8715200
2022-06-09,180.02999877929688,180.63999938964844,177.38999938964844,177.52000427246094,151.02537536621094,9764600
2022-06-10,176.3699951171875,178.57000732421875,173.64999389648438,175.39999389648438,149.2218017578125,9529700
2022-06-13,171.61000061035156,172.0,164.05999755859375,167.3300018310547,142.35623168945312,14614900
2022-06-14,169.3699951171875,172.2899932861328,165.83999633789062,167.5500030517578,142.5434112548828,10269300
2022-06-15,166.77999877929688,167.85000610351562,161.94000244140625,164.25999450683594,139.74441528320312,11565300
2022-06-16,159.94000244140625,160.5399932861328,153.75,155.47999572753906,132.2748260498047,18125900
2022-06-17,154.8800048828125,155.47000122070312,145.7899932861328,148.3800048828125,126.23448181152344,35575100
2022-06-21,152.0500030517578,156.02000427246094,151.44000244140625,154.58999633789062,131.51763916015625,13772000
2022-06-22,148.07000732421875,150.8000030517578,146.3300018310547,147.8699951171875,125.80059814453125,13735800
2022-06-23,148.7899932861328,149.22999572753906,140.14999389648438,142.42999267578125,121.17251586914062,15713700
2022-06-24,145.1999969482422,147.08999633789062,142.60000610351562,144.77000427246094,123.16328430175781,11108300
2022-06-27,145.86000061035156,148.82000732421875,145.60000610351562,147.57000732421875,125.54541778564453,9242400
2022-06-28,150.8800048828125,152.19000244140625,148.11000061035156,149.94000244140625,127.56167602539062,9183300
2022-06-29,151.6300048828125,152.11000061035156,146.08999633789062,146.97999572753906,125.04346466064453,9082900
2022-06-30,144.5500030517578,147.9199981689453,143.41000366210938,144.77999877929688,123.17176818847656,10685000
2022-07-01,146.60000610351562,146.9600067138672,142.47000122070312,146.50999450683594,124.64359283447266,7684600
2022-07-05,143.64999389648438,144.5399932861328,139.41000366210938,142.66000366210938,121.3681869506836,11513100
2022-07-06,141.66000366210938,143.25999450683594,136.8000030517578,140.77999877929688,119.76878356933594,12421200
2022-07-07,144.10000610351562,145.3000030517578,143.0800018310547,143.52000427246094,122.09982299804688,12741800
2022-07-08,144.8800048828125,145.4499969482422,141.08999633789062,142.77000427246094,121.46178436279297,7915500
2022-07-11,141.91000366210938,142.85000610351562,139.92999267578125,141.50999450683594,120.38982391357422,7056800
2022-07-12,138.5,139.6199951171875,137.25999450683594,138.9199981689453,118.1864013671875,8653900
2022-07-13,137.61000061035156,140.72999572753906,137.13999938964844,137.99000549316406,117.39521026611328,9414600
2022-07-14,134.30999755859375,136.16000366210938,132.5399932861328,135.94000244140625,115.65116119384766,10150200
2022-07-15,138.9600067138672,138.9600067138672,136.42999267578125,137.64999389648438,117.1059341430664,7051900
2022-07-18,140.55999755859375,142.13999938964844,139.0800018310547,139.5800018310547,118.74789428710938,7943900
2022-07-19,139.69000244140625,145.00999450683594,139.4199981689453,144.61000061035156,123.02717590332031,9152100
2022-07-20,144.5,147.25999450683594,143.32000732421875,146.52000427246094,124.65209197998047,7856600
2022-07-21,143.1199951171875,145.47000122070312,141.5,145.39999389648438,123.69924926757812,6724200
2022-07-22,145.55999755859375,146.3000030517578,143.4199981689453,144.19000244140625,122.66986846923828,5889500
2022-07-25,145.6999969482422,148.61000061035156,144.17999267578125,148.47999572753906,126.3195571899414,6210900
2022-07-26,149.5,150.67999267578125,146.52999877929688,147.32000732421875,125.33270263671875,6112800
2022-07-27,148.33999633789062,150.1999969482422,146.66000366210938,149.25999450683594,126.98316192626953,6223000
2022-07-28,150.69000244140625,151.47000122070312,148.02999877929688,150.38999938964844,127.94451141357422,6574300
2022-07-29,156.5399932861328,164.66000366210938,155.89999389648438,163.77999877929688,139.3360595703125,17143700
2022-08-01,161.17999267578125,161.86000061035156,159.14999389648438,160.50999450683594,136.55413818359375,8017800
2022-08-02,160.88999938964844,161.47000122070312,158.3000030517578,159.13999938964844,135.38861083984375,5928300
2022-08-03,159.30999755859375,159.9600067138672,154.35000610351562,155.36000061035156,132.17271423339844,8751400
2022-08-04,155.32000732421875,155.44000244140625,150.72999572753906,151.13999938964844,128.58255004882812,10640000
2022-08-05,149.63999938964844,155.00999450683594,149.02000427246094,153.63999938964844,130.70945739746094,7170200
2022-08-08,153.58999633789062,154.97999572753906,153.14999389648438,153.41000366210938,130.51380920410156,5966900
2022-08-09,155.94000244140625,157.8000030517578,154.60000610351562,155.41000366210938,132.2152862548828,5842200
2022-08-10,156.0,156.47000122070312,152.92999267578125,155.82000732421875,132.56407165527344,6145800
2022-08-11,158.11000061035156,161.16000366210938,157.6199951171875,159.6199951171875,135.7969207763672,7888600
2022-08-12,158.25,159.91000366210938,157.13999938964844,159.85000610351562,135.99261474609375,7244700
2022-08-15,155.17999267578125,157.7899932861328,153.44000244140625,156.80999755859375,133.40634155273438,8975200
2022-08-16,157.41000366210938,157.9199981689453,155.82000732421875,156.41000366210938,133.0660400390625,7218400
2022-08-17,156.6300048828125,159.33999633789062,155.50999450683594,157.6999969482422,134.1634979248047,6741100
2022-08-18,157.14999389648438,159.66000366210938,157.08999633789062,159.02000427246094,136.51573181152344,6477500
2022-08-19,158.4600067138672,159.74000549316406,157.6199951171875,157.69000244140625,135.3739776611328,6834200
2022-08-22,156.69000244140625,157.74000549316406,154.4199981689453,156.89999389648438,134.69573974609375,9147000
2022-08-23,159.10000610351562,162.33999633789062,158.7100067138672,161.99000549316406,139.0654296875,10354800
2022-08-24,161.66000366210938,163.35000610351562,160.6699981689453,163.19000244140625,140.09559631347656,9468100
2022-08-25,163.9199981689453,164.89999389648438,162.61000061035156,164.6199951171875,141.3232421875,8050700
2022-08-26,164.17999267578125,166.1300048828125,162.4600067138672,163.41000366210938,140.2844696044922,7765800
2022-08-29,163.88999938964844,166.8300018310547,163.63999938964844,164.6300048828125,141.33184814453125,8462600
2022-08-30,162.32000732421875,162.55999755859375,158.75999450683594,160.6199951171875,137.88931274414062,8814300
2022-08-31,157.61000061035156,161.41000366210938,156.14999389648438,158.05999755859375,135.6915740966797,13582700
2022-09-01,156.47999572753906,156.8800048828125,153.22999572753906,155.5399932861328,133.52821350097656,8244400
2022-09-02,158.24000549316406,159.1300048828125,156.72000122070312,157.85000610351562,135.51133728027344,7526600
2022-09-06,159.88999938964844,159.99000549316406,155.7100067138672,157.1199951171875,134.88462829589844,8550000
2022-09-07,154.05999755859375,155.82000732421875,152.6199951171875,155.11000061035156,133.15908813476562,9442100
2022-09-08,155.58999633789062,156.3800048828125,153.3800048828125,155.9499969482422,133.8802032470703,9232500
2022-09-09,158.41000366210938,160.64999389648438,157.52999877929688,159.97000122070312,137.331298828125,8261100
2022-09-12,162.80999755859375,164.52999877929688,161.25,162.5,139.50326538085938,8920800
2022-09-13,161.41000366210938,162.66000366210938,158.74000549316406,159.41000366210938,136.85055541992188,10308300
2022-09-14,160.94000244140625,163.57000732421875,160.35000610351562,163.27000427246094,140.16427612304688,11160800
2022-09-15,160.67999267578125,161.6999969482422,159.5800018310547,160.6199951171875,137.88931274414062,9665000
2022-09-16,160.52000427246094,161.13999938964844,155.61000061035156,156.4499969482422,134.30943298339844,43741600
2022-09-19,152.92999267578125,156.9499969482422,152.8000030517578,156.89999389648438,134.69573974609375,6813800
2022-09-20,156.0399932861328,156.85000610351562,154.33999633789062,156.27999877929688,134.1634979248047,8955200
2022-09-21,158.30999755859375,158.77999877929688,154.9499969482422,155.00999450683594,133.07322692871094,6877000
2022-09-22,157.60000610351562,158.27999877929688,154.74000549316406,154.88999938964844,132.97024536132812,6981100
2022-09-23,149.75,150.17999267578125,143.66000366210938,144.77000427246094,124.28237915039062,13919700
2022-09-26,143.57000732421875,145.0500030517578,140.88999938964844,140.9600067138672,121.0115737915039,9444000
2022-09-27,142.2899932861328,143.77000427246094,140.4600067138672,141.02000427246094,121.0630874633789,10121000
2022-09-28,142.0800018310547,146.44000244140625,141.39999389648438,145.77999877929688,125.1494369506836,8279800
2022-09-29,144.50999450683594,145.41000366210938,142.27000427246094,144.77000427246094,124.28237915039062,8197600
2022-09-30,144.02999877929688,145.13999938964844,142.49000549316406,143.6699981689453,123.33804321289062,9402700
2022-10-03,148.97000122070312,152.33999633789062,148.3000030517578,151.72999572753906,130.25741577148438,9597400
2022-10-04,154.42999267578125,157.8800048828125,153.6300048828125,157.6300048828125,135.32244873046875,9520200
2022-10-05,155.83999633789062,159.72999572753906,154.8000030517578,158.52999877929688,136.0950927734375,10633100
2022-10-06,157.33999633789062,161.94000244140625,157.1999969482422,161.4199981689453,138.5760955810547,9498300
2022-10-07,162.50999450683594,163.92999267578125,159.05999755859375,160.02999877929688,137.38279724121094,9972500
2022-10-10,161.0,161.47000122070312,156.44000244140625,157.13999938964844,134.9017791748047,5904500
2022-10-11,154.75,159.92999267578125,154.11000061035156,157.1699981689453,134.9275665283203,7533300
2022-10-12,156.13999938964844,158.80999755859375,155.52000427246094,157.63999938964844,135.3310546875,4942000
2022-10-13,156.35000610351562,165.99000549316406,156.35000610351562,165.27999877929688,141.8898162841797,10227500
2022-10-14,164.0399932861328,165.4600067138672,159.92999267578125,160.13999938964844,137.47723388671875,7327900
2022-10-17,163.2899932861328,164.91000366210938,161.10000610351562,161.30999755859375,138.48167419433594,5890400
2022-10-18,162.36000061035156,163.30999755859375,158.9600067138672,162.72000122070312,139.69210815429688,5631200
2022-10-19,163.58999633789062,169.2100067138672,163.58999633789062,168.0,144.2248992919922,9766800
2022-10-20,169.3000030517578,171.82000732421875,167.94000244140625,168.9600067138672,145.049072265625,8871500
2022-10-21,169.14999389648438,173.83999633789062,168.85000610351562,173.19000244140625,148.68043518066406,7971300
2022-10-24,172.0800018310547,174.6699981689453,171.61000061035156,173.1300048828125,148.62893676757812,7007700
2022-10-25,173.05999755859375,175.0,172.1699981689453,174.92999267578125,150.17416381835938,7280600
2022-10-26,175.32000732421875,178.47999572753906,175.1699981689453,177.08999633789062,152.0284881591797,6865300
2022-10-27,179.88999938964844,181.39999389648438,177.47999572753906,177.89999389648438,152.7238311767578,9177400
2022-10-28,181.47000122070312,182.86000061035156,176.52999877929688,179.97999572753906,154.50949096679688,10773900
2022-10-31,178.05999755859375,183.83999633789062,178.05999755859375,180.89999389648438,155.29931640625,13281000
2022-11-01,183.8699951171875,184.5,181.89999389648438,182.22000122070312,156.4324951171875,9185600
2022-11-02,180.92999267578125,182.89999389648438,178.27000427246094,178.5,153.23898315429688,8087500
2022-11-03,177.97000122070312,182.19000244140625,177.41000366210938,181.1300048828125,155.49676513671875,6607800
2022-11-04,184.83999633789062,185.39999389648438,180.60000610351562,183.4199981689453,157.4626922607422,7491900
2022-11-07,182.5,186.3800048828125,182.11000061035156,185.61000061035156,159.34275817871094,7578000
2022-11-08,185.32000732421875,186.25,183.86000061035156,185.33999633789062,159.11099243164062,6308200
2022-11-09,183.61000061035156,183.80999755859375,177.22000122070312,177.92999267578125,152.7496337890625,8021700
2022-11-10,182.22999572753906,182.3300018310547,178.0399932861328,181.3000030517578,155.6427001953125,6981500
2022-11-11,184.0500030517578,187.10000610351562,183.88999938964844,186.4600067138672,160.07249450683594,8428300
2022-11-14,186.30999755859375,189.67999267578125,186.17999267578125,186.5500030517578,160.1497344970703,9722400
2022-11-15,187.1199951171875,188.44000244140625,185.27000427246094,188.0500030517578,161.43746948242188,7747300
2022-11-16,186.5399932861328,187.82000732421875,183.67999267578125,184.99000549316406,158.8105010986328,7941100
2022-11-17,181.50999450683594,184.22999572753906,180.27000427246094,184.08999633789062,159.2603759765625,6550500
2022-11-18,180.9600067138672,183.41000366210938,179.64999389648438,182.99000549316406,158.3087158203125,7661500
2022-11-21,179.72999572753906,181.6999969482422,175.82000732421875,181.24000549316406,156.79478454589844,8432900
2022-11-22,183.75,186.55999755859375,183.0800018310547,185.88999938964844,160.8175811767578,9018000
2022-11-23,183.2100067138672,185.14999389648438,182.5800018310547,184.24000549316406,159.39013671875,5831200
2022-11-25,184.88999938964844,185.3000030517578,183.30999755859375,183.6999969482422,158.9229736328125,2796400
2022-11-28,180.27999877929688,181.47000122070312,177.9600067138672,178.36000061035156,154.30322265625,9365500
2022-11-29,180.25999450683594,181.85000610351562,179.64999389648438,181.02999877929688,156.6130828857422,6985400
2022-11-30,182.85000610351562,183.33999633789062,179.6199951171875,183.30999755859375,158.58560180664062,10936700
2022-12-01,184.25999450683594,184.5500030517578,181.44000244140625,182.49000549316406,157.8761749267578,5217400
2022-12-02,181.52999877929688,183.6300048828125,179.92999267578125,181.02999877929688,156.6130828857422,6852300
2022-12-05,182.6699981689453,182.9499969482422,174.6300048828125,176.55999755859375,152.74598693847656,8162200
2022-12-06,175.50999450683594,178.05999755859375,171.1199951171875,172.00999450683594,148.80967712402344,8765000
2022-12-07,171.05999755859375,174.5800018310547,170.85000610351562,172.52000427246094,149.25091552734375,6936300
2022-12-08,176.25,176.39999389648438,172.02999877929688,173.5399932861328,150.13330078125,8076600
2022-12-09,172.3000030517578,173.19000244140625,167.92999267578125,168.0,145.34054565429688,10754300
2022-12-12,168.92999267578125,170.52000427246094,167.7100067138672,169.75,146.85450744628906,9364900
2022-12-13,173.57000732421875,174.4600067138672,172.47999572753906,173.52999877929688,150.1246795654297,7838800
2022-12-14,174.49000549316406,174.9199981689453,171.27000427246094,172.3300018310547,149.08651733398438,7045500
2022-12-15,170.60000610351562,171.3699951171875,168.05999755859375,171.0399932861328,147.9705352783203,7272900
2022-12-16,168.52999877929688,170.14999389648438,167.10000610351562,168.72000122070312,145.96343994140625,23876000
2022-12-19,170.11000061035156,170.82000732421875,168.25,169.8800048828125,146.9669647216797,7131600
2022-12-20,169.80999755859375,173.2899932861328,169.60000610351562,172.6699981689453,149.3806610107422,6199100
2022-12-21,175.19000244140625,175.9600067138672,173.16000366210938,174.6999969482422,151.13682556152344,5479400
2022-12-22,175.16000366210938,175.2100067138672,168.3300018310547,172.0800018310547,148.8702392578125,5755000
2022-12-23,174.10000610351562,177.5800018310547,173.69000244140625,177.39999389648438,153.47267150878906,6079100
2022-12-27,178.36000061035156,180.22999572753906,177.39999389648438,179.6300048828125,155.40191650390625,5168000
2022-12-28,178.86000061035156,179.3000030517578,175.92999267578125,176.97999572753906,153.10935974121094,4494400
2022-12-29,176.64999389648438,179.1999969482422,176.64999389648438,178.32000732421875,154.2686004638672,4142100
2022-12-30,178.02999877929688,179.9499969482422,177.6999969482422,179.49000549316406,155.28079223632812,5005100
2023-01-03,178.0399932861328,179.0,171.50999450683594,173.99000549316406,150.52261352539062,7565400
2023-01-04,170.9499969482422,174.2899932861328,170.85000610351562,172.13999938964844,148.92214965820312,7684500
2023-01-05,171.5,176.19000244140625,171.24000549316406,175.24000549316406,151.60403442382812,6088200
2023-01-06,177.02000427246094,179.38999938964844,175.6999969482422,176.55999755859375,152.74598693847656,7191200
2023-01-09,178.25999450683594,178.3300018310547,174.3800048828125,175.17999267578125,151.55210876464844,8385600
2023-01-10,176.39999389648438,176.7100067138672,173.72000122070312,176.0399932861328,152.29612731933594,8307000
2023-01-11,177.88999938964844,178.13999938964844,174.3000030517578,175.1999969482422,151.56944274902344,6962600
2023-01-12,175.99000549316406,178.3699951171875,175.89999389648438,177.0800018310547,153.19586181640625,6891400
2023-01-13,177.08999633789062,177.99000549316406,175.67999267578125,177.55999755859375,153.61111450195312,5726300
2023-01-17,178.44000244140625,181.32000732421875,178.17999267578125,180.49000549316406,156.1459197998047,10697700
2023-01-18,180.82000732421875,182.3800048828125,176.94000244140625,177.22999572753906,153.3256072998047,8899200
2023-01-19,176.61000061035156,179.9499969482422,176.16000366210938,179.0,154.8568878173828,5907200
2023-01-20,178.80999755859375,181.36000061035156,177.52000427246094,180.89999389648438,156.50059509277344,10477900
2023-01-23,181.2100067138672,182.5500030517578,180.02999877929688,180.66000366210938,156.29298400878906,8381300
2023-01-24,181.08999633789062,182.0,178.6999969482422,180.8300018310547,156.4400634765625,5989000
2023-01-25,179.2899932861328,180.02999877929688,176.35000610351562,179.0800018310547,154.92611694335938,6727500
2023-01-26,184.99000549316406,187.80999755859375,183.47999572753906,187.7899932861328,162.4613037109375,14307800
2023-01-27,184.22999572753906,184.22999572753906,177.9199981689453,179.4499969482422,155.24618530273438,19654700
2023-01-30,178.0,178.33999633789062,173.6699981689453,174.1999969482422,150.70431518554688,11476000
2023-01-31,172.75,174.6300048828125,171.4199981689453,174.02000427246094,150.548583984375,14481300
2023-02-01,173.30999755859375,173.66000366210938,169.5399932861328,171.36000061035156,148.2473602294922,11526400
2023-02-02,171.1300048828125,171.42999267578125,166.82000732421875,169.00999450683594,146.21429443359375,10463400
2023-02-03,169.86000061035156,171.5500030517578,168.49000549316406,169.4499969482422,146.59494018554688,8404900
2023-02-06,169.55999755859375,170.1199951171875,167.3699951171875,169.63999938964844,146.7593536376953,7659500
2023-02-07,170.07000732421875,174.38999938964844,169.61000061035156,174.08999633789062,150.60914611816406,10256500
2023-02-08,172.47999572753906,174.07000732421875,169.47000122070312,170.0,147.07080078125,9784700
2023-02-09,170.22999572753906,170.66000366210938,168.0,168.44000244140625,145.72119140625,10123400
2023-02-10,170.8000030517578,172.72999572753906,170.77999877929688,171.97000122070312,148.77505493164062,11602400
2023-02-13,171.32000732421875,171.89999389648438,169.77000427246094,171.00999450683594,147.944580078125,9442900
2023-02-14,170.47999572753906,173.50999450683594,169.97999572753906,172.32000732421875,149.07786560058594,8077300
2023-02-15,169.39999389648438,169.52000427246094,167.5,169.00999450683594,147.5068817138672,8885700
2023-02-16,168.19000244140625,168.66000366210938,166.39999389648438,166.57000732421875,145.3773651123047,6727500
2023-02-17,164.72999572753906,164.83999633789062,161.85000610351562,162.85000610351562,142.13059997558594,9612100
2023-02-21,162.17999267578125,163.75,160.6999969482422,161.0,140.5159912109375,7259700
2023-02-22,160.27999877929688,161.66000366210938,158.91000366210938,160.35000610351562,139.94869995117188,6205900
2023-02-23,162.25,162.83999633789062,160.55999755859375,161.92999267578125,141.32766723632812,6445500
2023-02-24,160.77000427246094,162.60000610351562,159.14999389648438,162.41000366210938,141.74661254882812,5330200
2023-02-27,163.00999450683594,163.3699951171875,161.9199981689453,162.82000732421875,142.1044464111328,6386800
2023-02-28,164.32000732421875,164.32000732421875,160.27999877929688,160.77000427246094,140.3152618408203,10854200
2023-03-01,160.9199981689453,163.58999633789062,160.58999633789062,162.0500030517578,141.43238830566406,7470400
2023-03-02,161.97999572753906,163.49000549316406,161.58999633789062,162.55999755859375,141.87753295898438,5582000
2023-03-03,160.8699951171875,165.5800018310547,160.4199981689453,164.9600067138672,143.97218322753906,6007500
2023-03-06,164.33999633789062,166.8000030517578,163.80999755859375,166.1699981689453,145.02821350097656,7703600
2023-03-07,165.6999969482422,166.60000610351562,163.5800018310547,164.02999877929688,143.16050720214844,7393000
2023-03-08,163.22999572753906,165.2899932861328,161.3800048828125,162.99000549316406,142.25283813476562,5435800
2023-03-09,163.7899932861328,165.49000549316406,160.19000244140625,160.50999450683594,140.08834838867188,6214700
2023-03-10,160.94000244140625,164.6699981689453,158.6699981689453,159.6699981689453,139.355224609375,7385800
2023-03-13,156.44000244140625,160.9499969482422,153.8000030517578,158.7100067138672,138.5173797607422,10106100
2023-03-14,158.25999450683594,164.02000427246094,157.8800048828125,160.75999450683594,140.30653381347656,10035200
2023-03-15,155.58999633789062,157.9499969482422,152.00999450683594,153.8000030517578,134.23204040527344,14063100
2023-03-16,150.16000366210938,155.47000122070312,149.91000366210938,154.2899932861328,134.65969848632812,12849600
2023-03-17,153.6199951171875,155.3800048828125,150.60000610351562,152.33999633789062,132.95777893066406,33161800
2023-03-20,151.74000549316406,155.77999877929688,151.2899932861328,154.5800018310547,134.91281127929688,8469200
2023-03-21,157.16000366210938,159.57000732421875,156.47000122070312,159.30999755859375,139.041015625,9753500
2023-03-22,159.8699951171875,160.05999755859375,155.92999267578125,156.07000732421875,136.21324157714844,6315000
2023-03-23,157.02000427246094,158.75999450683594,153.13999938964844,154.52000427246094,134.86045837402344,7859400
2023-03-24,152.10000610351562,156.64999389648438,151.8300018310547,156.05999755859375,136.20449829101562,6600100
2023-03-27,157.39999389648438,158.47999572753906,155.69000244140625,157.64999389648438,137.5922088623047,7006800
2023-03-28,157.27999877929688,160.19000244140625,156.67999267578125,159.49000549316406,139.1981201171875,5605400
2023-03-29,160.6199951171875,161.32000732421875,159.3300018310547,160.86000061035156,140.39381408691406,7569700
2023-03-30,162.25,163.00999450683594,161.5800018310547,162.38999938964844,141.72915649414062,6322400
2023-03-31,162.6999969482422,163.72000122070312,162.14999389648438,163.16000366210938,142.40118408203125,7041400
2023-04-03,169.8000030517578,171.10000610351562,168.9199981689453,169.9499969482422,148.32730102539062,12868200
2023-04-04,171.13999938964844,171.13999938964844,167.72000122070312,169.0399932861328,147.53306579589844,7521400
2023-04-05,169.25999450683594,170.44000244140625,167.74000549316406,169.8800048828125,148.26620483398438,6478100
2023-04-06,169.35000610351562,169.41000366210938,167.1300048828125,167.64999389648438,146.31991577148438,5803200
2023-04-10,168.49000549316406,169.67999267578125,167.30999755859375,168.2899932861328,146.87850952148438,5923500
2023-04-11,169.07000732421875,170.33999633789062,168.07000732421875,169.22000122070312,147.690185546875,5469600
2023-04-12,170.4499969482422,171.1199951171875,169.47000122070312,169.82000732421875,148.21385192871094,6157900
2023-04-13,170.25,172.47000122070312,169.82000732421875,172.08999633789062,150.1949920654297,6856600
2023-04-14,172.5,172.8800048828125,171.22000122070312,172.44000244140625,150.50048828125,4930700
2023-04-17,172.38999938964844,172.5399932861328,170.22000122070312,170.9199981689453,149.17388916015625,7006000
2023-04-18,170.82000732421875,172.38999938964844,170.1300048828125,170.52000427246094,148.82476806640625,8045600
2023-04-19,169.4600067138672,170.74000549316406,169.10000610351562,170.67999267578125,148.96438598632812,5506800
2023-04-20,168.75999450683594,170.05999755859375,168.02000427246094,169.85000610351562,148.24002075195312,5851100
2023-04-21,169.8300018310547,170.58999633789062,168.83999633789062,169.1199951171875,147.6029052734375,7179000
2023-04-24,169.10000610351562,172.3800048828125,168.5800018310547,171.47999572753906,149.66262817382812,7177600
2023-04-25,170.32000732421875,170.39999389648438,168.42999267578125,168.99000549316406,147.48944091796875,5807200
2023-04-26,168.2100067138672,168.9499969482422,165.22999572753906,165.97999572753906,144.86241149902344,5927400
2023-04-27,166.42999267578125,167.38999938964844,165.07000732421875,166.9499969482422,145.708984375,6417200
2023-04-28,164.5,168.94000244140625,164.0500030517578,168.5800018310547,147.13160705566406,10036300
2023-05-01,167.7100067138672,168.72999572753906,166.36000061035156,167.24000549316406,145.9620819091797,6099800
2023-05-02,165.32000732421875,165.3800048828125,158.4499969482422,160.0399932861328,139.6781005859375,10701700
2023-05-03,158.14999389648438,159.57000732421875,156.74000549316406,156.8300018310547,136.87652587890625,7538100
2023-05-04,157.11000061035156,158.1999969482422,155.4199981689453,156.22000122070312,136.34414672851562,7500400
2023-05-05,159.3000030517578,161.1199951171875,158.77999877929688,160.2100067138672,139.82650756835938,5802000
2023-05-08,161.57000732421875,162.3000030517578,159.52000427246094,159.5800018310547,139.2766571044922,5028200
2023-05-09,158.11000061035156,160.4199981689453,157.91000366210938,159.1199951171875,138.87518310546875,5019800
2023-05-10,160.44000244140625,160.44000244140625,155.8800048828125,157.08999633789062,137.10345458984375,6161200
2023-05-11,155.3800048828125,156.32000732421875,153.88999938964844,156.22000122070312,136.34414672851562,6666100
2023-05-12,157.0,157.92999267578125,155.55999755859375,156.6199951171875,136.69326782226562,4898900
2023-05-15,157.22999572753906,158.16000366210938,156.22999572753906,157.1999969482422,137.199462890625,5096700
2023-05-16,156.47999572753906,157.02000427246094,153.3300018310547,153.50999450683594,133.97894287109375,7007700
2023-05-17,154.7899932861328,156.4199981689453,153.9600067138672,155.7100067138672,135.89901733398438,6169600
2023-05-18,152.8699951171875,154.24000549316406,151.52999877929688,154.00999450683594,135.7315673828125,7477700
2023-05-19,154.88999938964844,156.44000244140625,153.99000549316406,155.22999572753906,136.8068084716797,8100900
2023-05-22,153.7899932861328,154.8300018310547,152.08999633789062,152.44000244140625,134.34791564941406,11661000
2023-05-23,154.13999938964844,157.67999267578125,153.83999633789062,156.85000610351562,138.2345428466797,10436200
2023-05-24,157.9499969482422,158.57000732421875,156.2899932861328,157.27000427246094,138.6046905517578,7064000
2023-05-25,154.67999267578125,155.6300048828125,153.5,154.55999755859375,136.21629333496094,7037700
2023-05-26,155.2899932861328,155.6300048828125,153.4600067138672,154.0800018310547,135.7932586669922,7736200
2023-05-30,151.6699981689453,153.25999450683594,151.2100067138672,153.1199951171875,134.94723510742188,7814800
2023-05-31,151.5399932861328,152.4199981689453,150.36000061035156,150.6199951171875,132.7439422607422,13346400
2023-06-01,151.3000030517578,153.74000549316406,149.74000549316406,152.16000366210938,134.1011505126953,9887700
2023-06-02,154.5800018310547,156.75,153.61000061035156,156.25999450683594,137.7145538330078,9464300
2023-06-05,158.4499969482422,158.4499969482422,155.24000549316406,155.50999450683594,137.05352783203125,6443800
2023-06-06,153.3300018310547,156.16000366210938,153.1999969482422,155.7899932861328,137.30032348632812,6176400
2023-06-07,156.5500030517578,160.2100067138672,156.5,159.8300018310547,140.86083984375,9900000
2023-06-08,160.16000366210938,160.49000549316406,157.08999633789062,159.24000549316406,140.3408966064453,7142200
2023-06-09,159.27999877929688,160.38999938964844,158.6199951171875,158.86000061035156,140.00596618652344,6669500
2023-06-12,157.05999755859375,159.3300018310547,156.22999572753906,157.3300018310547,138.6575927734375,7159600
2023-06-13,158.52000427246094,160.5800018310547,158.27000427246094,158.50999450683594,139.697509765625,7660800
2023-06-14,159.97999572753906,160.77000427246094,156.14999389648438,157.08999633789062,138.446044921875,7721100
2023-06-15,157.32000732421875,159.7899932861328,157.32000732421875,158.27999877929688,139.4947967529297,7705400
2023-06-16,158.57000732421875,159.24000549316406,157.25999450683594,157.25999450683594,138.59588623046875,22908100
2023-06-20,156.14999389648438,156.57000732421875,152.24000549316406,153.67999267578125,135.44076538085938,10438700
2023-06-21,152.6699981689453,155.9600067138672,152.5,154.8800048828125,136.49835205078125,7328200
2023-06-22,153.35000610351562,153.58999633789062,151.97000122070312,152.63999938964844,134.52420043945312,7088600
2023-06-23,151.00999450683594,151.6999969482422,150.1300048828125,151.35000610351562,133.38729858398438,15172700
2023-06-26,151.6199951171875,154.97000122070312,151.5399932861328,154.00999450683594,135.7315673828125,7371800
2023-06-27,153.5,154.7100067138672,152.82000732421875,153.52999877929688,135.30857849121094,6581700
2023-06-28,153.44000244140625,155.02000427246094,152.19000244140625,154.9199981689453,136.53355407714844,5773800
2023-06-29,155.42999267578125,156.27000427246094,154.44000244140625,156.24000549316406,137.69692993164062,5633500
2023-06-30,157.4600067138672,157.9199981689453,156.60000610351562,157.35000610351562,138.67518615722656,6346600
2023-07-03,157.17999267578125,158.10000610351562,156.6999969482422,157.2100067138672,138.55181884765625,3272600
2023-07-05,157.6999969482422,157.6999969482422,155.1199951171875,156.30999755859375,137.75860595703125,6318700
2023-07-06,155.1999969482422,155.8300018310547,151.6300048828125,152.8800048828125,134.7356719970703,9203000
2023-07-07,152.13999938964844,155.99000549316406,151.9600067138672,154.22000122070312,135.91668701171875,6602200
2023-07-10,153.92999267578125,155.7899932861328,153.9199981689453,155.25,136.8244171142578,5167900
2023-07-11,156.0,158.41000366210938,155.66000366210938,158.1199951171875,139.3538055419922,5060500
2023-07-12,159.22000122070312,160.33999633789062,158.3300018310547,159.63999938964844,140.6934051513672,6464000
2023-07-13,159.83999633789062,160.60000610351562,156.57000732421875,157.50999450683594,138.8162078857422,8143900
2023-07-14,157.00999450683594,157.02000427246094,153.3000030517578,153.5800018310547,135.35263061523438,7065700
2023-07-17,153.35000610351562,154.13999938964844,152.63999938964844,153.44000244140625,135.229248046875,4351700
2023-07-18,152.6699981689453,156.07000732421875,152.3699951171875,153.75,135.50245666503906,6798300
2023-07-19,153.8300018310547,155.77999877929688,153.27999877929688,154.69000244140625,136.33090209960938,5653100
2023-07-20,156.16000366210938,157.19000244140625,155.7100067138672,156.39999389648438,137.83792114257812,5866600
2023-07-21,157.52999877929688,158.8300018310547,157.05999755859375,158.69000244140625,139.85617065429688,8760100
2023-07-24,160.47000122070312,164.0399932861328,160.00999450683594,161.82000732421875,142.6146697998047,9722100
2023-07-25,161.91000366210938,163.50999450683594,160.66000366210938,162.55999755859375,143.26686096191406,6767600
2023-07-26,160.8800048828125,162.08999633789062,160.5500030517578,161.33999633789062,142.19163513183594,6056400
2023-07-27,162.08999633789062,162.47000122070312,159.22000122070312,159.66000366210938,140.7110595703125,6470100
2023-07-28,158.41000366210938,159.0,156.50999450683594,158.8699951171875,140.01480102539062,6542300
2023-07-31,161.1300048828125,163.97999572753906,160.6199951171875,163.66000366210938,144.23629760742188,13056300
2023-08-01,163.63999938964844,163.63999938964844,160.5500030517578,162.3000030517578,143.03770446777344,7531400
2023-08-02,161.1699981689453,161.22000122070312,158.05999755859375,159.72999572753906,140.77268981933594,7067100
2023-08-03,159.91000366210938,161.6999969482422,158.85000610351562,159.6699981689453,140.7198486328125,6680700
2023-08-04,160.66000366210938,163.02000427246094,159.0399932861328,159.30999755859375,140.40257263183594,10185400
2023-08-07,161.00999450683594,161.3800048828125,159.0800018310547,159.88999938964844,140.91371154785156,13927400
2023-08-08,157.94000244140625,159.7899932861328,156.22000122070312,159.64999389648438,140.70220947265625,6451300
2023-08-09,160.86000061035156,161.44000244140625,159.30999755859375,159.86000061035156,140.88731384277344,10531500
2023-08-10,160.3300018310547,162.47999572753906,159.6199951171875,160.8300018310547,141.74217224121094,8647100
2023-08-11,160.5,164.1699981689453,160.17999267578125,164.14999389648438,144.66812133789062,6682600
2023-08-14,163.77000427246094,164.25,162.61000061035156,164.02999877929688,144.56239318847656,6060100
2023-08-15,163.39999389648438,163.41000366210938,159.10000610351562,159.24000549316406,140.3408966064453,7876500
2023-08-16,160.52000427246094,161.8300018310547,158.47000122070312,158.6300048828125,139.80328369140625,7920500
2023-08-17,159.17999267578125,162.13999938964844,158.97000122070312,159.75,142.1433868408203,8270500
2023-08-18,158.3800048828125,161.32000732421875,158.16000366210938,160.89999389648438,143.16665649414062,5999200
2023-08-21,161.1999969482422,162.07000732421875,159.4499969482422,160.36000061035156,142.68618774414062,6802300
2023-08-22,160.49000549316406,161.25,158.97000122070312,159.0399932861328,141.5116424560547,6080800
2023-08-23,158.13999938964844,159.41000366210938,156.6999969482422,159.25,141.69850158691406,4975600
2023-08-24,157.72999572753906,159.88999938964844,157.55999755859375,157.94000244140625,140.5329132080078,5989600
2023-08-25,159.07000732421875,159.91000366210938,157.64999389648438,159.1199951171875,141.5828399658203,5291800
2023-08-28,159.52999877929688,161.8000030517578,159.22000122070312,160.2100067138672,142.55270385742188,4386100
2023-08-29,160.91000366210938,160.9499969482422,159.10000610351562,159.9600067138672,142.33026123046875,5374800
2023-08-30,160.58999633789062,161.25,159.92999267578125,160.17999267578125,142.52601623535156,5534900
2023-08-31,161.00999450683594,161.24000549316406,159.92999267578125,161.10000610351562,143.34461975097656,7003700
2023-09-01,162.63999938964844,164.69000244140625,162.63999938964844,164.3000030517578,146.1919403076172,6663000
2023-09-05,165.27999877929688,167.55999755859375,165.1999969482422,166.4600067138672,148.11387634277344,9755800
2023-09-06,166.27999877929688,167.44000244140625,165.5800018310547,166.6300048828125,148.26516723632812,7195500
2023-09-07,167.13999938964844,167.89999389648438,166.27999877929688,166.63999938964844,148.27403259277344,7925900
2023-09-08,167.4199981689453,168.49000549316406,166.7100067138672,167.2100067138672,148.7812042236328,7434400
2023-09-11,168.0800018310547,168.58999633789062,162.8699951171875,163.75999450683594,145.71142578125,7155100
2023-09-12,165.3000030517578,167.19000244140625,165.10000610351562,166.80999755859375,148.42529296875,7521100
2023-09-13,167.41000366210938,167.75,165.5800018310547,166.1999969482422,147.88253784179688,5759500
2023-09-14,167.6999969482422,168.5,167.1199951171875,167.22999572753906,148.7989959716797,8822800
2023-09-15,166.2100067138672,168.3699951171875,165.8800048828125,166.5,148.14947509765625,17439700
2023-09-18,167.8699951171875,168.36000061035156,166.39999389648438,167.22000122070312,148.79013061523438,7027600
2023-09-19,168.69000244140625,168.9600067138672,166.42999267578125,167.1999969482422,148.77230834960938,6615100
2023-09-20,167.07000732421875,168.50999450683594,166.60000610351562,166.69000244140625,148.31851196289062,5939100
2023-09-21,167.1199951171875,167.8699951171875,165.0500030517578,165.19000244140625,146.9838409423828,7150000
2023-09-22,166.22999572753906,167.4199981689453,165.94000244140625,166.27999877929688,147.95372009277344,5963000
2023-09-25,166.3300018310547,168.77999877929688,165.99000549316406,168.7100067138672,150.11590576171875,5510000
2023-09-26,167.44000244140625,168.41000366210938,166.97999572753906,167.8000030517578,149.30621337890625,5659200
2023-09-27,169.3699951171875,171.22999572753906,168.80999755859375,171.0399932861328,152.18910217285156,9124400
2023-09-28,170.5500030517578,171.6999969482422,169.42999267578125,170.58999633789062,151.78868103027344,7151800
2023-09-29,170.49000549316406,170.5,167.82000732421875,168.6199951171875,150.03582763671875,7396100
2023-10-02,168.33999633789062,168.57000732421875,165.22999572753906,166.5399932861328,148.18505859375,6839600
2023-10-03,165.9199981689453,167.36000061035156,165.50999450683594,166.92999267578125,148.53207397460938,6168600
2023-10-04,164.6999969482422,164.97999572753906,161.49000549316406,163.0399932861328,145.07080078125,9664700
2023-10-05,161.4199981689453,164.75,161.38999938964844,163.89999389648438,145.83599853515625,8073000
2023-10-06,164.30999755859375,164.3699951171875,158.99000549316406,162.22999572753906,144.35009765625,10190400
2023-10-09,166.3800048828125,168.19000244140625,164.9499969482422,166.72000122070312,148.34523010253906,8183500
2023-10-10,166.77000427246094,167.39999389648438,165.67999267578125,166.5399932861328,148.18505859375,6512900
2023-10-11,165.07000732421875,165.0800018310547,160.47999572753906,161.10000610351562,143.34461975097656,12570700
2023-10-12,163.25999450683594,163.25999450683594,160.89999389648438,161.22999572753906,143.46029663085938,7397000
2023-10-13,163.41000366210938,164.83999633789062,162.3000030517578,164.05999755859375,145.97837829589844,8042800
2023-10-16,165.33999633789062,165.80999755859375,163.85000610351562,165.39999389648438,147.17068481445312,5446000
2023-10-17,164.8300018310547,168.1999969482422,164.64999389648438,167.58999633789062,149.1193389892578,7538300
2023-10-18,168.47000122070312,169.6999969482422,167.5800018310547,168.9199981689453,150.30271911621094,6893500
2023-10-19,168.6999969482422,170.1699981689453,167.50999450683594,169.10000610351562,150.46292114257812,6580200
2023-10-20,168.41000366210938,169.10000610351562,166.10000610351562,166.8300018310547,148.443115234375,7458300
2023-10-23,163.3000030517578,164.42999267578125,160.25,160.67999267578125,142.97088623046875,16232400
2023-10-24,160.88999938964844,161.0800018310547,156.47000122070312,156.64999389648438,139.38507080078125,17689900
2023-10-25,156.94000244140625,157.41000366210938,155.1699981689453,155.8699951171875,138.69102478027344,10502400
2023-10-26,155.00999450683594,155.17999267578125,153.6300048828125,154.75,137.6944580078125,10830400
2023-10-27,150.72000122070312,151.25,143.9600067138672,144.35000610351562,128.44068908691406,24524300
2023-10-30,145.66000366210938,146.44000244140625,144.32000732421875,146.08999633789062,129.98892211914062,13857100
2023-10-31,146.10000610351562,146.52000427246094,144.22999572753906,145.72999572753906,129.6685791015625,14261300
2023-11-01,145.97999572753906,146.00999450683594,143.82000732421875,143.97999572753906,128.11146545410156,10819600
2023-11-02,144.5399932861328,149.0,143.8300018310547,148.75999450683594,132.3646697998047,11099100
2023-11-03,148.3000030517578,148.55999755859375,146.14999389648438,147.61000061035156,131.3413848876953,13160000
2023-11-06,148.72999572753906,149.3300018310547,146.69000244140625,147.0,130.79864501953125,10634200
2023-11-07,145.16000366210938,145.61000061035156,143.24000549316406,144.41000366210938,128.49407958984375,15054600
2023-11-08,143.8800048828125,144.64999389648438,142.25,142.39999389648438,126.70560455322266,12654100
2023-11-09,143.0500030517578,143.91000366210938,141.77999877929688,141.94000244140625,126.29629516601562,10359500
2023-11-10,143.2899932861328,143.44000244140625,141.72999572753906,142.9499969482422,127.19499969482422,11988200
2023-11-13,143.14999389648438,144.3000030517578,142.85000610351562,144.0,128.1292724609375,8747700
2023-11-14,144.47999572753906,145.5,143.86000061035156,145.0500030517578,129.0635528564453,11224400
2023-11-15,144.86000061035156,146.63999938964844,144.41000366210938,145.55999755859375,129.517333984375,10052100
2023-11-16,143.02000427246094,143.50999450683594,140.74000549316406,141.77000427246094,127.46736145019531,14031300
2023-11-17,142.9499969482422,145.19000244140625,142.39999389648438,144.4600067138672,129.885986328125,11075600
2023-11-20,144.6300048828125,145.69000244140625,144.27000427246094,144.3800048828125,129.81405639648438,8062400
2023-11-21,143.8300018310547,144.3000030517578,142.6999969482422,144.0399932861328,129.50833129882812,6783300
2023-11-22,141.74000549316406,144.38999938964844,140.72000122070312,144.3300018310547,129.7690887451172,7216100
2023-11-24,144.3000030517578,145.94000244140625,144.1999969482422,144.89999389648438,130.28160095214844,3861000
2023-11-27,144.64999389648438,144.82000732421875,142.85000610351562,144.36000061035156,129.79605102539062,9850800
2023-11-28,144.77999877929688,146.52000427246094,144.05999755859375,145.50999450683594,130.83006286621094,9746500
2023-11-29,146.38999938964844,146.49000549316406,143.05999755859375,143.91000366210938,129.39146423339844,16417100
2023-11-30,144.97999572753906,146.00999450683594,142.02999877929688,143.60000610351562,129.11270141601562,16276000
2023-12-01,143.49000549316406,146.50999450683594,142.60000610351562,144.80999755859375,130.20068359375,11906500
2023-12-04,144.0,145.6999969482422,143.25,144.8699951171875,130.25460815429688,11842800
2023-12-05,144.75999450683594,145.07000732421875,142.6300048828125,142.86000061035156,128.44740295410156,9597600
2023-12-06,141.89999389648438,144.02999877929688,141.35000610351562,142.52999877929688,128.1506805419922,18079700
2023-12-07,143.50999450683594,144.00999450683594,140.99000549316406,142.4199981689453,128.05177307128906,14786700
2023-12-08,143.50999450683594,144.6699981689453,143.1199951171875,144.30999755859375,129.7510986328125,10821700
2023-12-11,144.83999633789062,145.39999389648438,143.82000732421875,144.35000610351562,129.7870635986328,9849600
2023-12-12,143.1699981689453,143.58999633789062,141.75,142.5,128.12371826171875,9863900
2023-12-13,142.1699981689453,144.67999267578125,141.64999389648438,144.61000061035156,130.02085876464844,10641300
2023-12-14,145.85000610351562,149.92999267578125,145.85000610351562,149.92999267578125,134.8041229248047,14960500
2023-12-15,147.32000732421875,149.82000732421875,147.32000732421875,149.35000610351562,134.2826385498047,30850900
2023-12-18,150.8300018310547,152.1199951171875,149.32000732421875,149.67999267578125,134.57936096191406,11561700
2023-12-19,149.9600067138672,151.8300018310547,149.49000549316406,151.63999938964844,136.34161376953125,8738100
2023-12-20,152.14999389648438,153.05999755859375,150.05999755859375,150.25,135.09182739257812,9370000
2023-12-21,150.77999877929688,150.8000030517578,149.22000122070312,150.7100067138672,135.50543212890625,7264700
2023-12-22,151.74000549316406,152.38999938964844,150.75,151.0500030517578,135.8111114501953,6396100
2023-12-26,152.07000732421875,153.00999450683594,151.89999389648438,152.41000366210938,137.03392028808594,5165600
2023-12-27,152.27000427246094,152.97000122070312,151.33999633789062,151.91000366210938,136.58438110351562,5337200
2023-12-28,151.17999267578125,152.02000427246094,149.39999389648438,149.77000427246094,134.66026306152344,8148000
2023-12-29,150.02999877929688,150.22999572753906,148.6699981689453,149.16000366210938,134.11181640625,7658600
2024-01-02,149.99000549316406,151.47999572753906,149.24000549316406,149.47999572753906,134.39952087402344,8879700
2024-01-03,149.38999938964844,153.19000244140625,148.67999267578125,152.3300018310547,136.9619903564453,10255300
2024-01-04,153.66000366210938,154.35000610351562,150.58999633789062,150.66000366210938,135.46051025390625,8220300
2024-01-05,151.97999572753906,152.02999877929688,149.8300018310547,150.39999389648438,135.22669982910156,7455400
2024-01-08,148.4199981689453,149.6999969482422,146.5800018310547,149.5,134.4175262451172,10038200
2024-01-09,149.9499969482422,149.9499969482422,145.58999633789062,145.6999969482422,131.00088500976562,11784700
2024-01-10,146.02000427246094,146.02000427246094,144.11000061035156,144.5,129.9219207763672,8490400
2024-01-11,145.55999755859375,146.1699981689453,144.6199951171875,145.27999877929688,130.6232452392578,8612500
2024-01-12,147.8300018310547,148.5,146.1699981689453,147.27000427246094,132.4124755859375,9386900
2024-01-16,146.50999450683594,146.5800018310547,143.5800018310547,143.69000244140625,129.1936798095703,9380400
2024-01-17,142.4199981689453,144.02000427246094,142.0399932861328,143.1199951171875,128.68116760253906,8167000
2024-01-18,143.0,143.19000244140625,139.6199951171875,141.82000732421875,127.5123062133789,11187800
2024-01-19,141.72999572753906,142.25,141.00999450683594,142.24000549316406,127.88994598388672,11192500
2024-01-22,141.91000366210938,142.66000366210938,140.9199981689453,142.49000549316406,128.11473083496094,9184600
2024-01-23,141.99000549316406,143.3300018310547,141.89999389648438,142.08999633789062,127.75508117675781,6767200
2024-01-24,142.6999969482422,144.97999572753906,142.22000122070312,144.9199981689453,130.299560546875,8100000
2024-01-25,146.22000122070312,148.69000244140625,145.22999572753906,148.57000732421875,133.5813446044922,9773600
2024-01-26,148.02999877929688,149.25999450683594,146.97999572753906,149.13999938964844,134.09384155273438,9151900
2024-01-29,149.08999633789062,149.22000122070312,147.11000061035156,149.0800018310547,134.0398712158203,10494800
2024-01-30,148.17999267578125,150.30999755859375,147.7100067138672,150.1199951171875,134.97496032714844,9902900
2024-01-31,150.3699951171875,150.3800048828125,147.33999633789062,147.42999267578125,132.55630493164062,10428000
2024-02-01,148.19000244140625,149.02000427246094,146.52000427246094,147.88999938964844,132.96994018554688,8641100
2024-02-02,150.86000061035156,153.3800048828125,149.5500030517578,152.24000549316406,136.88108825683594,12839100
2024-02-05,151.6199951171875,153.50999450683594,150.7899932861328,152.3300018310547,136.9619903564453,8277800
2024-02-06,152.5,153.5399932861328,151.80999755859375,152.35000610351562,136.97999572753906,6198200
2024-02-07,153.02000427246094,153.77999877929688,151.1699981689453,152.1300048828125,136.78216552734375,6252000
2024-02-08,151.9499969482422,154.3000030517578,151.64999389648438,154.05999755859375,138.5174560546875,9237000
2024-02-09,154.4199981689453,155.32000732421875,150.97999572753906,151.0399932861328,135.80210876464844,9194500
2024-02-12,151.6199951171875,152.61000061035156,151.38999938964844,152.0800018310547,136.73721313476562,6713000
2024-02-13,152.6199951171875,153.07000732421875,149.60000610351562,150.60000610351562,135.40652465820312,6987100
2024-02-14,151.27999877929688,152.1999969482422,150.0800018310547,151.00999450683594,135.77517700195312,5995100
2024-02-15,149.91000366210938,155.08999633789062,149.6699981689453,154.4600067138672,140.3925323486328,8950300
2024-02-16,155.3699951171875,155.77000427246094,154.08999633789062,154.6300048828125,140.54701232910156,7570200
2024-02-20,155.47000122070312,155.61000061035156,153.8300018310547,154.0,139.97439575195312,6977900
2024-02-21,154.57000732421875,155.57000732421875,154.10000610351562,155.44000244140625,141.2832489013672,6628900
2024-02-22,154.82000732421875,156.6300048828125,153.8300018310547,155.42999267578125,141.27415466308594,8874900
2024-02-23,154.8699951171875,154.9199981689453,153.25,154.66000366210938,140.5742645263672,6561600
2024-02-26,154.5399932861328,155.5500030517578,153.8300018310547,154.4499969482422,140.3834228515625,6900800
2024-02-27,153.1999969482422,153.8800048828125,149.89999389648438,152.16000366210938,138.30198669433594,15093800
2024-02-28,152.36000061035156,153.86000061035156,151.77999877929688,152.33999633789062,138.46559143066406,6715900
2024-02-29,152.91000366210938,153.24000549316406,151.47999572753906,152.00999450683594,138.1656494140625,9334400
2024-03-01,153.0500030517578,154.35000610351562,152.25,152.80999755859375,138.8927764892578,7459100
2024-03-04,152.5,152.58999633789062,147.6699981689453,148.8800048828125,135.32069396972656,12503200
2024-03-05,148.8300018310547,150.6199951171875,148.3000030517578,149.58999633789062,135.9660186767578,6985500
2024-03-06,150.8300018310547,152.41000366210938,148.13999938964844,148.3300018310547,134.82080078125,14692100
2024-03-07,148.5,150.75,148.4499969482422,149.3699951171875,135.7660675048828,8739300
2024-03-08,149.3699951171875,149.99000549316406,148.38999938964844,149.8800048828125,136.22964477539062,7528400
2024-03-11,150.5,152.0800018310547,149.58999633789062,152.0,138.1565399169922,7577100
2024-03-12,151.8300018310547,152.57000732421875,150.7899932861328,151.88999938964844,138.05654907226562,6432900
2024-03-13,153.24000549316406,154.8800048828125,153.14999389648438,153.88999938964844,139.87442016601562,8065600
2024-03-14,153.77000427246094,155.72999572753906,152.75999450683594,155.6999969482422,141.51954650878906,9047200
2024-03-15,155.19000244140625,157.0399932861328,154.4199981689453,155.5500030517578,141.3832244873047,20387200
2024-03-18,156.02999877929688,156.6699981689453,154.94000244140625,155.41000366210938,141.2559814453125,7242700
2024-03-19,155.3000030517578,156.83999633789062,155.00999450683594,156.6199951171875,142.35577392578125,7736700
2024-03-20,155.75999450683594,156.42999267578125,154.22999572753906,154.5500030517578,140.4742889404297,8449100
2024-03-21,154.9499969482422,155.69000244140625,154.41000366210938,154.86000061035156,140.7560577392578,7899100
2024-03-22,155.0800018310547,155.27999877929688,154.16000366210938,154.66000366210938,140.5742645263672,5974700
2024-03-25,155.47999572753906,157.30999755859375,155.27000427246094,156.47000122070312,142.21945190429688,6058700
2024-03-26,156.52000427246094,156.86000061035156,154.64999389648438,155.27000427246094,141.1287384033203,6677900
2024-03-27,154.8699951171875,156.44000244140625,154.85000610351562,156.35000610351562,142.11038208007812,7416900
2024-03-28,157.14999389648438,158.19000244140625,156.3699951171875,157.74000549316406,143.373779296875,8331600
2024-04-01,158.27000427246094,159.58999633789062,156.94000244140625,159.0800018310547,144.59176635742188,6285700
2024-04-02,160.0500030517578,161.22000122070312,159.02000427246094,159.77999877929688,145.22799682617188,8815400
2024-04-03,160.10000610351562,160.9499969482422,159.72000122070312,160.44000244140625,145.827880859375,7819700
2024-04-04,160.8000030517578,161.9499969482422,159.82000732421875,160.69000244140625,146.0550994873047,9269700
2024-04-05,161.3300018310547,162.1699981689453,159.86000061035156,161.60000610351562,146.88221740722656,7432800
2024-04-08,161.64999389648438,162.5,160.3300018310547,161.27000427246094,146.58229064941406,7253200
2024-04-09,161.85000610351562,162.52999877929688,160.4600067138672,162.0,147.24578857421875,6576200
2024-04-10,162.2100067138672,162.77000427246094,161.00999450683594,162.6699981689453,147.85476684570312,7525800
2024-04-11,163.6199951171875,163.6199951171875,159.8000030517578,161.88999938964844,147.14581298828125,7682500
2024-04-12,162.2899932861328,163.8699951171875,158.0399932861328,158.9600067138672,144.482666015625,11071000
2024-04-15,159.94000244140625,160.49000549316406,157.36000061035156,157.58999633789062,143.23741149902344,7236900
2024-04-16,157.3000030517578,157.80999755859375,155.4199981689453,156.27999877929688,142.04676818847656,5541900
2024-04-17,155.99000549316406,157.7100067138672,155.63999938964844,156.39999389648438,142.1558074951172,6733900
2024-04-18,157.13999938964844,158.0399932861328,156.38999938964844,157.57000732421875,143.21926879882812,4979200
2024-04-19,158.75,160.75,158.14999389648438,160.0,145.4279327392578,7734700
2024-04-22,159.9499969482422,162.6999969482422,158.44000244140625,161.9199981689453,147.17308044433594,6779200
2024-04-23,161.30999755859375,162.85000610351562,160.60000610351562,162.85000610351562,148.01837158203125,5597600
2024-04-24,161.8800048828125,163.83999633789062,161.4499969482422,163.57000732421875,148.6728057861328,7610300
2024-04-25,163.6999969482422,165.60000610351562,162.6699981689453,165.27999877929688,150.22703552246094,9702600
2024-04-26,165.22999572753906,166.97999572753906,163.3000030517578,165.88999938964844,150.78152465820312,9736400
2024-04-29,165.91000366210938,167.11000061035156,164.69000244140625,166.3300018310547,151.1814422607422,6364000
2024-04-30,165.97000122070312,166.1199951171875,160.9499969482422,161.27000427246094,146.58229064941406,8457300
2024-05-01,160.77999877929688,161.4499969482422,158.89999389648438,159.6300048828125,145.09164428710938,7713700
2024-05-02,160.41000366210938,161.77999877929688,159.88999938964844,160.72999572753906,146.09144592285156,8597100
2024-05-03,160.66000366210938,160.66000366210938,157.0399932861328,160.25,145.65521240234375,11664500
2024-05-06,160.72999572753906,164.02000427246094,160.72999572753906,162.3000030517578,147.5184783935547,8430300
2024-05-07,162.30999755859375,163.14999389648438,162.02000427246094,162.6699981689453,147.85476684570312,6869900
2024-05-08,161.9499969482422,163.0800018310547,161.5399932861328,162.5399932861328,147.736572265625,6706400
2024-05-09,163.02000427246094,165.50999450683594,162.72999572753906,165.4499969482422,150.381591796875,6683300
2024-05-10,166.0399932861328,166.4199981689453,165.02000427246094,165.82000732421875,150.71788024902344,5490900
2024-05-13,166.47999572753906,166.91000366210938,162.97999572753906,164.52999877929688,149.5453643798828,6848300
2024-05-14,164.33999633789062,165.1999969482422,163.02000427246094,163.61000061035156,148.70916748046875,4924000
2024-05-15,163.1300048828125,163.8000030517578,160.1699981689453,163.0500030517578,148.20018005371094,7603100
2024-05-16,161.52999877929688,162.0,160.47999572753906,161.08999633789062,147.89720153808594,6409400
2024-05-17,161.75,162.97000122070312,161.19000244140625,162.6699981689453,149.34779357910156,5497900
2024-05-20,162.72000122070312,163.0,161.07000732421875,161.13999938964844,147.94309997558594,4913800
2024-05-21,160.5800018310547,161.4600067138672,159.74000549316406,159.97000122070312,146.86892700195312,4783300
2024-05-22,159.52000427246094,159.52000427246094,156.52000427246094,157.57000732421875,144.6654815673828,6260500
2024-05-23,157.9199981689453,158.60000610351562,156.3300018310547,156.94000244140625,144.08705139160156,6718400
2024-05-24,158.0800018310547,158.97000122070312,157.3000030517578,157.75,144.8307342529297,4477700
2024-05-28,158.1199951171875,159.4199981689453,157.9499969482422,159.0399932861328,146.01504516601562,6928300
2024-05-29,158.02000427246094,158.49000549316406,156.44000244140625,156.89999389648438,144.05035400390625,5909600
2024-05-30,156.85000610351562,158.4600067138672,156.80999755859375,158.25999450683594,145.2989501953125,6369600
2024-05-31,158.6300048828125,162.5800018310547,158.50999450683594,162.3000030517578,149.0081024169922,10334200
2024-06-03,161.49000549316406,161.67999267578125,156.4600067138672,157.4600067138672,144.56448364257812,9009900
2024-06-04,155.72000122070312,156.35000610351562,154.11000061035156,156.1300048828125,143.34341430664062,6360500
2024-06-05,156.16000366210938,157.02000427246094,154.52999877929688,154.97999572753906,142.28759765625,7058500
2024-06-06,154.5,156.02000427246094,153.38999938964844,155.92999267578125,143.1597900390625,5215100
2024-06-07,155.7100067138672,157.69000244140625,155.1300048828125,156.0800018310547,143.29751586914062,5887700
2024-06-10,156.41000366210938,158.1999969482422,156.32000732421875,156.74000549316406,143.90342712402344,7074700
2024-06-11,156.1699981689453,156.75,154.47999572753906,156.49000549316406,143.67393493652344,5132000
2024-06-12,157.49000549316406,157.6300048828125,152.39999389648438,154.22000122070312,141.58984375,10017400
2024-06-13,153.77000427246094,154.08999633789062,152.22999572753906,152.83999633789062,140.32284545898438,6163000
2024-06-14,153.1300048828125,153.2899932861328,151.97000122070312,152.57000732421875,140.0749969482422,6159100
2024-06-17,152.5,153.92999267578125,151.92999267578125,153.19000244140625,140.64419555664062,6321400
2024-06-18,153.5500030517578,155.9499969482422,152.83999633789062,153.3300018310547,140.77272033691406,6942900
2024-06-20,153.7100067138672,157.41000366210938,153.25,156.63999938964844,143.81163024902344,8336000
2024-06-21,156.8000030517578,157.6699981689453,155.22000122070312,155.27999877929688,142.56301879882812,21289800
2024-06-24,156.27000427246094,159.5399932861328,156.19000244140625,159.30999755859375,146.2629852294922,7971600
2024-06-25,159.1199951171875,159.36000061035156,157.6699981689453,158.4600067138672,145.48260498046875,5985400
2024-06-26,158.4600067138672,158.4600067138672,155.7899932861328,155.9499969482422,143.17813110351562,8637800
2024-06-27,156.6999969482422,156.94000244140625,155.63999938964844,156.32000732421875,143.5178680419922,5568700
2024-06-28,157.52000427246094,158.5800018310547,156.1699981689453,156.4199981689453,143.60964965820312,11283400
2024-07-01,157.16000366210938,158.6999969482422,155.97999572753906,156.52000427246094,143.7014617919922,5584100
2024-07-02,157.67999267578125,157.72000122070312,155.4499969482422,156.75,143.9126434326172,7216800
2024-07-03,156.94000244140625,157.74000549316406,156.55999755859375,156.7100067138672,143.87591552734375,3264200
2024-07-05,156.5500030517578,156.5500030517578,153.67999267578125,154.30999755859375,141.67245483398438,6183100
2024-07-08,153.32000732421875,155.27999877929688,153.32000732421875,154.3300018310547,141.69082641601562,4990700
2024-07-09,153.0,154.75999450683594,152.35000610351562,152.97999572753906,140.4513702392578,5301600
2024-07-10,152.5,155.44000244140625,152.3000030517578,155.1300048828125,142.42530822753906,5416600
2024-07-11,155.0,156.67999267578125,154.22000122070312,155.25999450683594,142.54464721679688,8322500
2024-07-12,156.16000366210938,156.44000244140625,154.55999755859375,155.58999633789062,142.84764099121094,6446300
2024-07-15,156.9499969482422,159.52000427246094,156.3699951171875,158.0399932861328,145.09698486328125,5661200
2024-07-16,157.00999450683594,158.30999755859375,156.14999389648438,157.77000427246094,144.84909057617188,6924200
2024-07-17,158.5,161.47999572753906,158.2899932861328,161.22999572753906,148.0257110595703,7296600
2024-07-18,161.22999572753906,164.27999877929688,160.24000549316406,161.97000122070312,148.70513916015625,6577700
2024-07-19,162.47999572753906,162.6999969482422,158.41000366210938,159.14999389648438,146.11607360839844,6427700
2024-07-22,158.22000122070312,158.97999572753906,156.85000610351562,156.99000549316406,144.1329803466797,5577300
2024-07-23,156.35000610351562,156.60000610351562,153.83999633789062,154.08999633789062,141.470458984375,6238700
2024-07-24,154.69000244140625,155.6999969482422,153.4199981689453,155.07000732421875,142.3702392578125,5971700
2024-07-25,155.3699951171875,158.25999450683594,154.6199951171875,157.5399932861328,144.63792419433594,5432100
2024-07-26,157.72999572753906,159.0399932861328,157.05999755859375,157.83999633789062,144.91336059570312,5232500
2024-07-29,158.25,158.25,154.86000061035156,156.60000610351562,143.7749481201172,5072000
2024-07-30,156.4600067138672,160.08999633789062,156.44000244140625,159.57000732421875,146.50169372558594,5740900
2024-07-31,161.69000244140625,161.69000244140625,160.0500030517578,160.47000122070312,147.3279571533203,6209200
2024-08-01,158.7100067138672,159.5,152.02999877929688,152.6199951171875,140.120849609375,16689900
2024-08-02,151.1300048828125,152.0399932861328,147.02000427246094,148.5500030517578,136.38417053222656,13278600
2024-08-05,145.52000427246094,145.77000427246094,143.41000366210938,144.66000366210938,132.81277465820312,13037200
2024-08-06,144.49000549316406,145.08999633789062,143.1199951171875,143.22999572753906,131.49986267089844,9692700
2024-08-07,144.5800018310547,145.72999572753906,142.27999877929688,142.41000366210938,130.74705505371094,8867900
2024-08-08,143.07000732421875,144.82000732421875,142.7100067138672,144.49000549316406,132.65670776367188,7531100
2024-08-09,144.2100067138672,146.11000061035156,143.19000244140625,144.99000549316406,133.11573791503906,7653100
2024-08-12,145.83999633789062,146.74000549316406,139.69000244140625,145.02000427246094,133.1432647705078,8442200
2024-08-13,144.0800018310547,144.5500030517578,143.0500030517578,144.14999389648438,132.3445281982422,7794800
2024-08-14,144.38999938964844,145.24000549316406,143.42999267578125,144.6699981689453,132.8219451904297,5874200
2024-08-15,145.58999633789062,147.52000427246094,145.47999572753906,146.8000030517578,134.7775115966797,6304200
2024-08-16,146.0500030517578,147.6199951171875,145.63999938964844,147.27000427246094,135.20899963378906,6874400
2024-08-19,146.00999450683594,147.72999572753906,145.88999938964844,146.8300018310547,136.31378173828125,5967400
2024-08-20,146.3300018310547,146.50999450683594,144.55999755859375,144.69000244140625,134.32704162597656,7497600
2024-08-21,145.42999267578125,146.63999938964844,144.5500030517578,145.32000732421875,134.9119415283203,5985000
2024-08-22,145.35000610351562,146.3300018310547,145.1300048828125,145.72999572753906,135.2925567626953,4027000
2024-08-23,146.52999877929688,148.08999633789062,146.32000732421875,147.6199951171875,137.04722595214844,4824100
2024-08-26,148.97000122070312,150.08999633789062,147.5500030517578,148.5,137.8641815185547,5780300
2024-08-27,148.6699981689453,149.5500030517578,146.74000549316406,146.9499969482422,136.42520141601562,5100000
2024-08-28,146.44000244140625,147.13999938964844,145.47999572753906,146.0,135.54322814941406,5614400
2024-08-29,146.4600067138672,148.17999267578125,145.44000244140625,147.4199981689453,136.86151123046875,4466700
2024-08-30,146.22000122070312,148.0800018310547,145.6999969482422,147.9499969482422,137.35353088378906,6414800
2024-09-03,145.5500030517578,145.77000427246094,144.27999877929688,144.66000366210938,134.29920959472656,7944700
2024-09-04,144.63999938964844,145.52999877929688,141.6699981689453,142.07000732421875,131.89471435546875,9820700
2024-09-05,143.1699981689453,143.1699981689453,140.60000610351562,140.92999267578125,130.83633422851562,9371100
2024-09-06,141.07000732421875,142.11000061035156,137.8699951171875,138.55999755859375,128.63607788085938,7836400
2024-09-09,138.63999938964844,142.02000427246094,138.5399932861328,140.3000030517578,130.25148010253906,9892300
2024-09-10,140.89999389648438,141.0800018310547,137.08999633789062,138.22999572753906,128.32974243164062,8202500
2024-09-11,138.2100067138672,138.47999572753906,135.3699951171875,137.8800048828125,128.00477600097656,9534000
2024-09-12,138.22999572753906,139.47000122070312,137.4199981689453,139.2100067138672,129.2395477294922,6591500
2024-09-13,139.8699951171875,141.52999877929688,139.7100067138672,140.61000061035156,130.53924560546875,5900700
2024-09-16,141.69000244140625,143.1699981689453,141.07000732421875,142.08999633789062,131.91326904296875,6864300
2024-09-17,141.8000030517578,144.13999938964844,141.74000549316406,143.41000366210938,133.1387176513672,7338800
2024-09-18,143.32000732421875,145.60000610351562,143.19000244140625,143.9600067138672,133.64935302734375,6180300
2024-09-19,145.80999755859375,146.77999877929688,144.92999267578125,144.99000549316406,134.60557556152344,7247400
2024-09-20,145.22999572753906,145.91000366210938,143.44000244140625,145.67999267578125,135.24615478515625,23162900
2024-09-23,146.25,148.4199981689453,145.9499969482422,147.5399932861328,136.97291564941406,6960600
2024-09-24,148.8800048828125,149.10000610351562,146.91000366210938,147.4499969482422,136.88937377929688,6014200
2024-09-25,146.9499969482422,147.41000366210938,143.5,143.97000122070312,133.6586456298828,7888400
2024-09-26,140.89999389648438,143.22000122070312,140.6300048828125,141.99000549316406,131.82041931152344,8046200
2024-09-27,142.97999572753906,145.77000427246094,142.83999633789062,145.49000549316406,135.06976318359375,8049200
2024-09-30,145.3699951171875,147.47999572753906,144.27999877929688,147.27000427246094,136.72225952148438,7491700
2024-10-01,146.35000610351562,150.52000427246094,145.4499969482422,149.6999969482422,138.97824096679688,9489100
2024-10-02,151.67999267578125,152.27999877929688,149.25999450683594,150.9499969482422,140.1387176513672,8105400
2024-10-03,151.30999755859375,152.1699981689453,150.02000427246094,151.25,140.41722106933594,6553300
2024-10-04,152.47999572753906,152.5,150.13999938964844,150.74000549316406,139.9437713623047,7892400
2024-10-07,151.5,152.75,150.69000244140625,151.1199951171875,140.29652404785156,5895900
2024-10-08,149.1999969482422,149.60000610351562,147.72999572753906,148.75,138.09628295898438,5892700
2024-10-09,147.50999450683594,150.3699951171875,147.36000061035156,149.64999389648438,138.93179321289062,4973500
2024-10-10,150.67999267578125,151.5500030517578,149.85000610351562,150.6199951171875,139.83233642578125,4420900
2024-10-11,150.3800048828125,152.3300018310547,150.25,151.4199981689453,140.57504272460938,5051300
2024-10-14,150.52000427246094,151.89999389648438,150.17999267578125,151.77999877929688,140.90924072265625,4214700
2024-10-15,148.8000030517578,149.9600067138672,147.55999755859375,147.72999572753906,137.14932250976562,6704600
2024-10-16,148.35000610351562,149.02999877929688,148.2100067138672,148.72999572753906,138.07769775390625,4303700
2024-10-17,149.25999450683594,151.3300018310547,148.97000122070312,151.1999969482422,140.3708038330078,6593100
2024-10-18,150.82000732421875,151.0800018310547,149.3800048828125,150.75,139.9530029296875,5208200
2024-10-21,152.0,152.47999572753906,150.49000549316406,150.8800048828125,140.07374572753906,5074000
2024-10-22,151.25,151.67999267578125,150.22000122070312,150.9199981689453,140.11083984375,4416400
2024-10-23,150.36000061035156,151.0,149.2899932861328,150.47999572753906,139.70236206054688,5248600
2024-10-24,151.1300048828125,151.4499969482422,149.3800048828125,150.4499969482422,139.6745147705078,5474300
2024-10-25,151.38999938964844,152.1199951171875,150.4600067138672,150.80999755859375,140.00872802734375,6839900
2024-10-28,148.25,150.6999969482422,148.16000366210938,150.5399932861328,139.758056640625,8892000
2024-10-29,150.0399932861328,150.4199981689453,147.8699951171875,148.52000427246094,137.8827362060547,6014700
2024-10-30,149.0800018310547,149.64999389648438,147.66000366210938,148.0500030517578,137.4464111328125,5784000
2024-10-31,148.75999450683594,149.57000732421875,147.88999938964844,148.82000732421875,138.16127014160156,8400900
2024-11-01,152.47999572753906,155.92999267578125,151.6999969482422,153.07000732421875,142.1068572998047,11728000
2024-11-04,154.4199981689453,154.4199981689453,152.6199951171875,153.97000122070312,142.94241333007812,6130000
2024-11-05,154.52999877929688,154.6699981689453,152.5500030517578,153.41000366210938,142.42251586914062,5978900
2024-11-06,157.10000610351562,158.61000061035156,156.1199951171875,157.72000122070312,146.42381286621094,12118900
2024-11-07,157.94000244140625,158.00999450683594,156.39999389648438,156.77000427246094,145.5418701171875,8143200
2024-11-08,156.60000610351562,157.5800018310547,155.6699981689453,156.92999267578125,145.69039916992188,6041500
2024-11-11,157.13999938964844,157.94000244140625,155.89999389648438,156.5,145.29119873046875,7771700
2024-11-12,157.3000030517578,157.47000122070312,155.1199951171875,155.2899932861328,144.1678466796875,5681900
2024-11-13,156.07000732421875,159.02000427246094,154.52999877929688,158.72000122070312,147.35220336914062,8824000
2024-11-14,159.83999633789062,161.8300018310547,159.67999267578125,161.8000030517578,150.2116241455078,10111200
2024-11-15,161.52000427246094,162.3800048828125,160.75999450683594,161.4199981689453,149.85879516601562,9022800
2024-11-18,160.55999755859375,161.52000427246094,159.07000732421875,160.75999450683594,150.76853942871094,6075400
2024-11-19,159.97999572753906,160.42999267578125,158.75,159.60000610351562,149.68063354492188,4657400
2024-11-20,159.91000366210938,161.44000244140625,159.77999877929688,161.3300018310547,151.3031005859375,6391300
2024-11-21,162.02000427246094,162.64999389648438,161.2899932861328,161.6300048828125,151.58445739746094,7945200
2024-11-22,161.50999450683594,162.61000061035156,161.14999389648438,162.36000061035156,152.2690887451172,7005900
2024-11-25,162.14999389648438,163.1699981689453,159.8300018310547,160.36000061035156,150.3933868408203,10702400
2024-11-26,162.30999755859375,162.94000244140625,161.39999389648438,162.52999877929688,152.4285125732422,7369500
2024-11-27,162.75999450683594,164.67999267578125,161.61000061035156,162.11000061035156,152.0346221923828,7674500
2024-11-29,162.25,162.75,160.66000366210938,161.92999267578125,151.86581420898438,5077000
2024-12-02,162.2899932861328,162.9499969482422,160.11000061035156,162.2100067138672,152.12840270996094,6229600
2024-12-03,162.97999572753906,163.1999969482422,161.38999938964844,161.9199981689453,151.8564453125,5900100
2024-12-04,161.8300018310547,161.83999633789062,157.86000061035156,158.32000732421875,148.48019409179688,7862700
2024-12-05,159.2899932861328,160.6699981689453,158.69000244140625,159.3300018310547,149.4274139404297,6358400
2024-12-06,158.75,158.8300018310547,155.1699981689453,155.24000549316406,145.5915985107422,9701700
2024-12-09,157.0,160.0800018310547,156.82000732421875,157.0800018310547,147.31724548339844,9404500
2024-12-10,159.05999755859375,159.52000427246094,156.6999969482422,157.0,147.24221801757812,9126200
2024-12-11,156.86000061035156,157.1699981689453,155.8000030517578,156.2100067138672,146.50132751464844,13764700
2024-12-12,155.8699951171875,156.52999877929688,154.27000427246094,154.7100067138672,145.0945587158203,7621500
2024-12-13,154.8699951171875,154.9600067138672,153.07000732421875,153.8699951171875,144.30674743652344,5816200
2024-12-16,153.88999938964844,153.88999938964844,149.25,149.36000061035156,140.07705688476562,11961200
2024-12-17,148.0,148.64999389648438,146.91000366210938,148.11000061035156,138.90472412109375,11909300
2024-12-18,147.75999450683594,148.6699981689453,143.97999572753906,144.0800018310547,135.12521362304688,10174500
2024-12-19,144.57000732421875,144.75999450683594,140.9499969482422,141.14999389648438,132.3773193359375,16544300
2024-12-20,140.82000732421875,142.85000610351562,140.5500030517578,142.85000610351562,133.9716796875,32209200
2024-12-23,142.47999572753906,143.35000610351562,141.5399932861328,142.97000122070312,134.08421325683594,8156500
2024-12-24,143.10000610351562,144.0399932861328,142.25999450683594,143.83999633789062,134.90013122558594,3556100
2024-12-26,143.6699981689453,144.30999755859375,142.89999389648438,143.97999572753906,135.0314483642578,4492600
2024-12-27,144.2899932861328,145.7100067138672,143.38999938964844,144.0,135.05018615722656,5296500
2024-12-30,143.7899932861328,143.97999572753906,142.35000610351562,143.07000732421875,134.17799377441406,6194800
2024-12-31,143.52000427246094,145.33999633789062,143.32000732421875,144.83999633789062,135.8379669189453,6137800
2025-01-02,145.47999572753906,148.07000732421875,145.47999572753906,146.7100067138672,137.59176635742188,7170300
2025-01-03,147.5399932861328,148.5,147.3000030517578,147.85000610351562,138.66090393066406,5809000
2025-01-06,148.39999389648438,150.3300018310547,146.8699951171875,147.25999450683594,138.10755920410156,5888700
2025-01-07,148.50999450683594,150.5,147.6300048828125,149.58999633789062,140.29275512695312,7736000
2025-01-08,148.0399932861328,151.17999267578125,148.02999877929688,150.3000030517578,140.95864868164062,7640900
2025-01-10,153.41000366210938,154.33999633789062,150.8699951171875,153.13999938964844,143.6221160888672,11074700
2025-01-13,154.10000610351562,157.35000610351562,154.0,155.35000610351562,145.6947784423828,11774100
2025-01-14,155.2100067138672,156.91000366210938,154.4600067138672,156.89999389648438,147.1484375,6830200
2025-01-15,156.8800048828125,158.69000244140625,156.3800048828125,158.3300018310547,148.4895477294922,7900000
2025-01-16,158.02999877929688,159.89999389648438,158.02999877929688,159.3800048828125,149.47430419921875,5578900
2025-01-17,159.1300048828125,161.77000427246094,158.8000030517578,161.47000122070312,151.4344024658203,9260400
2025-01-21,161.14999389648438,161.39999389648438,157.49000549316406,158.24000549316406,148.40516662597656,10131400
2025-01-22,157.67999267578125,158.44000244140625,156.27000427246094,156.41000366210938,146.68890380859375,7232200
2025-01-23,157.6300048828125,157.94000244140625,155.6199951171875,156.00999450683594,146.31375122070312,5979800
2025-01-24,156.4600067138672,157.47000122070312,155.27000427246094,155.64999389648438,145.9761199951172,8003800
2025-01-27,156.3300018310547,157.88999938964844,155.52000427246094,157.22999572753906,147.4579315185547,7141000
2025-01-28,157.7100067138672,158.9199981689453,155.17999267578125,156.2100067138672,146.50132751464844,6425400
2025-01-29,155.72000122070312,156.5800018310547,154.80999755859375,155.69000244140625,146.01365661621094,5630600
2025-01-30,156.55999755859375,157.4499969482422,155.52000427246094,156.32000732421875,146.60450744628906,6931900
2025-01-31,153.75999450683594,154.3699951171875,148.64999389648438,149.19000244140625,139.9176483154297,16726800
2025-02-03,149.0,150.86000061035156,147.8000030517578,149.33999633789062,140.0583038330078,7605000
2025-02-04,148.72000122070312,153.38999938964844,148.72000122070312,153.22000122070312,143.69717407226562,8458100
2025-02-05,152.99000549316406,153.8000030517578,152.2899932861328,152.99000549316406,143.48146057128906,6533700
2025-02-06,154.22000122070312,155.25999450683594,151.05999755859375,151.89999389648438,142.45919799804688,6420500
2025-02-07,152.47999572753906,153.80999755859375,151.9199981689453,152.6199951171875,143.1344451904297,4724900
2025-02-10,154.2899932861328,155.8000030517578,154.05999755859375,155.77000427246094,146.0886688232422,5653800
2025-02-11,156.35000610351562,158.7100067138672,156.1199951171875,157.44000244140625,147.65489196777344,6011800
2025-02-12,156.75,157.47000122070312,154.57000732421875,154.89999389648438,145.2727508544922,6693500
2025-02-13,154.77999877929688,156.4199981689453,153.32000732421875,155.8800048828125,146.19183349609375,7836400
2025-02-14,155.0800018310547,157.4499969482422,154.8800048828125,155.33999633789062,147.30128479003906,5828800
2025-02-18,155.33999633789062,157.30999755859375,154.77999877929688,156.16000366210938,148.07887268066406,5981500
2025-02-19,156.52000427246094,158.36000061035156,156.0,157.22999572753906,149.09347534179688,4945800
2025-02-20,157.5,158.9499969482422,157.07000732421875,158.7899932861328,150.57273864746094,6256200
2025-02-21,158.1300048828125,158.9499969482422,156.82000732421875,156.9199981689453,148.79954528808594,6689800
2025-02-24,157.08999633789062,158.3300018310547,156.75,157.88999938964844,149.7193145751953,5925000
2025-02-25,157.99000549316406,158.99000549316406,155.4600067138672,156.4199981689453,148.3253936767578,6810900
2025-02-26,156.6199951171875,156.69000244140625,154.39999389648438,155.13999938964844,147.1116180419922,6005200
2025-02-27,155.69000244140625,158.2899932861328,154.80999755859375,156.6699981689453,148.5624542236328,7517200
2025-02-28,156.6999969482422,158.6699981689453,154.9199981689453,158.6199951171875,150.41152954101562,8828500
2025-03-03,159.4600067138672,160.08999633789062,151.75999450683594,153.08999633789062,145.167724609375,9059800
2025-03-04,151.2100067138672,154.14999389648438,150.0500030517578,152.0,144.13412475585938,8826300
2025-03-05,150.14999389648438,151.3699951171875,147.74000549316406,150.80999755859375,143.00570678710938,9288300
2025-03-06,150.50999450683594,153.3300018310547,149.47000122070312,152.9499969482422,145.03497314453125,7314700
2025-03-07,153.9499969482422,157.4499969482422,153.7100067138672,156.33999633789062,148.24954223632812,8562600
2025-03-10,157.19000244140625,160.3699951171875,156.1699981689453,157.57000732421875,149.4158935546875,11750300
2025-03-11,158.42999267578125,158.83999633789062,153.7899932861328,154.0800018310547,146.1064910888672,10466300
2025-03-12,153.63999938964844,154.7899932861328,152.22000122070312,152.6699981689453,144.7694549560547,9710200
2025-03-13,152.25999450683594,154.42999267578125,151.9199981689453,153.61000061035156,145.66079711914062,9022800
2025-03-14,153.99000549316406,157.24000549316406,153.00999450683594,157.02000427246094,148.8943328857422,6671500
2025-03-17,157.22000122070312,159.4499969482422,156.75999450683594,158.72000122070312,150.50637817382812,7615200
2025-03-18,159.74000549316406,161.08999633789062,158.82000732421875,160.80999755859375,152.48822021484375,9289500
2025-03-19,160.97000122070312,164.5399932861328,160.89999389648438,164.0500030517578,155.56056213378906,11503900
2025-03-20,163.1300048828125,165.30999755859375,162.41000366210938,164.77000427246094,156.2432861328125,9545900
2025-03-21,164.49000549316406,164.88999938964844,163.11000061035156,164.75,156.22433471679688,21625500
2025-03-24,164.69000244140625,166.42999267578125,164.32000732421875,165.02000427246094,156.4803466796875,8068000
2025-03-25,166.0800018310547,167.82000732421875,165.11000061035156,165.94000244140625,157.3527374267578,7869200
2025-03-26,167.3699951171875,168.9600067138672,167.25,167.97000122070312,159.27769470214844,10076100
2025-03-27,167.25,168.22000122070312,165.85000610351562,166.64999389648438,158.0260009765625,6862700
2025-03-28,166.6999969482422,167.1300048828125,165.3000030517578,166.08999633789062,157.49497985839844,4923000
2025-03-31,166.19000244140625,168.9199981689453,166.1300048828125,167.2899932861328,158.63287353515625,10675300
2025-04-01,167.2899932861328,168.60000610351562,166.16000366210938,168.50999450683594,159.7897491455078,6378600
2025-04-02,167.39999389648438,167.97999572753906,165.85000610351562,166.47000122070312,157.85533142089844,7044900
2025-04-03,160.1199951171875,161.35000610351562,155.8000030517578,156.1199951171875,148.04090881347656,15501000
2025-04-04,151.75999450683594,152.4600067138672,142.75,143.27999877929688,135.86537170410156,20374700
2025-04-07,138.72999572753906,146.19000244140625,137.2899932861328,140.14999389648438,132.89736938476562,17817000
2025-04-08,144.14999389648438,144.49000549316406,134.8699951171875,136.92999267578125,129.84397888183594,12904400
2025-04-09,135.02000427246094,147.47000122070312,133.8800048828125,146.02999877929688,138.4730682373047,16846800
2025-04-10,143.22000122070312,143.6300048828125,133.4499969482422,134.97999572753906,127.99490356445312,20991200
2025-04-11,135.00999450683594,137.1199951171875,132.0399932861328,135.6300048828125,128.6112518310547,17224400
2025-04-14,138.47999572753906,138.5399932861328,134.10000610351562,135.32000732421875,128.3173065185547,9628200
2025-04-15,134.32000732421875,136.6300048828125,134.25,134.5399932861328,127.57765197753906,9334800
2025-04-16,135.39999389648438,137.5500030517578,134.8000030517578,135.36000061035156,128.35523986816406,8637200
2025-04-17,136.69000244140625,140.24000549316406,136.4499969482422,137.8699951171875,130.7353515625,8434400
2025-04-21,136.02000427246094,136.2899932861328,132.3300018310547,133.72999572753906,126.8095703125,9967500
2025-04-22,135.25999450683594,138.24000549316406,134.94000244140625,137.3000030517578,130.19483947753906,7984700
2025-04-23,137.2100067138672,138.5500030517578,135.14999389648438,136.67999267578125,129.60693359375,10002000
2025-04-24,137.9199981689453,139.39999389648438,137.22000122070312,139.07000732421875,131.87326049804688,7745800
2025-04-25,138.3300018310547,139.0500030517578,137.25,138.72999572753906,131.55081176757812,6878500
2025-04-28,138.97000122070312,140.4600067138672,138.67999267578125,140.10000610351562,132.84994506835938,6715500
2025-04-29,138.69000244140625,140.00999450683594,138.57000732421875,139.3000030517578,132.0913543701172,7343800
2025-04-30,138.0,138.14999389648438,134.13999938964844,136.05999755859375,129.01901245117188,13858000
2025-05-01,135.4199981689453,137.9499969482422,135.1199951171875,136.25999450683594,129.20864868164062,10199800
2025-05-02,137.8800048828125,139.77999877929688,135.2899932861328,138.5,131.332763671875,12393200
2025-05-05,136.77000427246094,137.0,135.17999267578125,135.5,128.48797607421875,9665000
2025-05-06,136.35000610351562,137.30999755859375,135.0399932861328,135.60000610351562,128.58282470703125,9916200
2025-05-07,136.07000732421875,136.3000030517578,134.6199951171875,135.7899932861328,128.7629852294922,8422100
2025-05-08,136.69000244140625,138.88999938964844,136.47000122070312,137.0399932861328,129.9482879638672,8669300
2025-05-09,138.89999389648438,139.3699951171875,137.6999969482422,138.49000549316406,131.32327270507812,5965700
2025-05-12,142.4499969482422,143.7100067138672,140.57000732421875,141.6199951171875,134.29127502441406,8028200
2025-05-13,141.52999877929688,143.22999572753906,140.9199981689453,142.35000610351562,134.98350524902344,8536800
2025-05-14,141.75999450683594,142.22999572753906,140.72999572753906,141.6699981689453,134.33868408203125,6453600
2025-05-15,140.0,142.4600067138672,139.50999450683594,142.25999450683594,134.89816284179688,7545400
2025-05-16,142.6999969482422,143.0,140.6999969482422,142.10000610351562,134.74647521972656,8200100
2025-05-19,139.47000122070312,139.52000427246094,137.1199951171875,138.49000549316406,132.92283630371094,7713600
2025-05-20,138.2899932861328,138.75,137.02999877929688,137.27000427246094,131.7518768310547,6503900
2025-05-21,136.6199951171875,137.1300048828125,135.49000549316406,135.55999755859375,130.11061096191406,9073200
2025-05-22,134.99000549316406,135.99000549316406,133.77000427246094,135.2899932861328,129.85145568847656,8877600
2025-05-23,134.38999938964844,136.7899932861328,134.05999755859375,136.5399932861328,131.05120849609375,7025900
2025-05-27,137.3800048828125,137.97000122070312,136.41000366210938,137.8300018310547,132.28936767578125,8348900
2025-05-28,138.77999877929688,138.7899932861328,135.66000366210938,136.02000427246094,130.5521240234375,6876300
2025-05-29,136.5,137.94000244140625,136.10000610351562,137.91000366210938,132.3661346435547,7554300
2025-05-30,136.8800048828125,137.4499969482422,135.2100067138672,136.6999969482422,131.2047882080078,12858900
2025-06-02,138.49000549316406,138.69000244140625,136.42999267578125,137.83999633789062,132.2989501953125,9076600
2025-06-03,137.64999389648438,140.58999633789062,136.60000610351562,139.5500030517578,133.94020080566406,9001300
2025-06-04,139.4199981689453,140.6300048828125,137.3300018310547,137.3699951171875,131.84783935546875,8735600
2025-06-05,138.14999389648438,138.2899932861328,136.6999969482422,136.89999389648438,131.396728515625,6342600
2025-06-06,138.08999633789062,140.61000061035156,138.08999633789062,140.2100067138672,134.57369995117188,6563500
2025-06-09,140.5500030517578,142.13999938964844,139.69000244140625,140.75999450683594,135.1015625,7159500
2025-06-10,142.22000122070312,144.94000244140625,141.91000366210938,143.35000610351562,137.58746337890625,9841500
2025-06-11,144.19000244140625,145.1199951171875,142.61000061035156,144.77999877929688,138.9599609375,9256700
2025-06-12,144.5,145.1999969482422,143.42999267578125,144.97000122070312,139.14234924316406,6999400
2025-06-13,147.0800018310547,147.60000610351562,144.5399932861328,145.91000366210938,140.04454040527344,14148000
2025-06-16,145.72999572753906,146.8699951171875,143.74000549316406,146.02999877929688,140.1597137451172,10105100
2025-06-17,147.3300018310547,149.97999572753906,146.5,148.85000610351562,142.8663787841797,11330300
2025-06-18,149.44000244140625,150.1699981689453,147.6999969482422,148.19000244140625,142.23287963867188,9841900
2025-06-20,148.52000427246094,149.89999389648438,147.89999389648438,149.5500030517578,143.5382080078125,23705900
2025-06-23,152.1199951171875,152.14999389648438,146.32000732421875,146.86000061035156,140.9563446044922,10540600
2025-06-24,144.5399932861328,146.38999938964844,143.16000366210938,143.5500030517578,137.77940368652344,10778400
2025-06-25,143.41000366210938,144.1999969482422,142.50999450683594,143.22999572753906,137.4722900390625,7386100
2025-06-26,143.6999969482422,145.0800018310547,143.39999389648438,144.44000244140625,138.63365173339844,7415700
2025-06-27,144.5500030517578,144.6699981689453,142.57000732421875,143.7899932861328,138.00975036621094,9213500
2025-06-30,143.0399932861328,144.10000610351562,142.39999389648438,143.19000244140625,137.43386840820312,6980300
2025-07-01,143.33999633789062,146.27000427246094,142.50999450683594,145.57000732421875,139.71823120117188,8508200
2025-07-02,147.00999450683594,148.00999450683594,145.47000122070312,147.97999572753906,142.0313262939453,8228700
2025-07-03,147.83999633789062,148.97999572753906,147.36000061035156,148.3699951171875,142.4056396484375,5173300
2025-07-07,147.39999389648438,148.1699981689453,145.5800018310547,147.39999389648438,141.47463989257812,9460900
2025-07-08,147.32000732421875,153.24000549316406,147.25999450683594,153.24000549316406,147.07989501953125,14082100
2025-07-09,152.94000244140625,153.9600067138672,152.47999572753906,153.02000427246094,146.8687286376953,9495900
2025-07-10,152.7899932861328,155.27999877929688,151.67999267578125,154.1699981689453,147.97250366210938,8395100
2025-07-11,154.2899932861328,155.88999938964844,153.57000732421875,155.30999755859375,149.06666564941406,8333200
2025-07-14,154.89999389648438,154.89999389648438,151.13999938964844,151.64999389648438,145.55380249023438,10706300
2025-07-15,151.60000610351562,152.30999755859375,150.25,150.69000244140625,144.63238525390625,7346300
2025-07-16,150.75999450683594,151.47999572753906,149.22000122070312,149.9199981689453,143.89334106445312,7923400
2025-07-17,149.16000366210938,151.83999633789062,148.60000610351562,151.3800048828125,145.294677734375,8359600
2025-07-18,155.02000427246094,155.91000366210938,146.52999877929688,150.0399932861328,144.00851440429688,45782600
2025-07-21,151.1999969482422,151.6699981689453,149.1300048828125,149.67999267578125,143.66297912597656,17982200
2025-07-22,149.25999450683594,150.94000244140625,148.47999572753906,150.0399932861328,144.00851440429688,26196500
2025-07-23,150.91000366210938,153.13999938964844,150.47000122070312,153.1199951171875,146.96470642089844,13162800
2025-07-24,152.69000244140625,156.0,152.1999969482422,155.8300018310547,149.56576538085938,15701000
2025-07-25,155.8300018310547,156.1999969482422,153.9600067138672,154.83999633789062,148.61557006835938,7875500
2025-07-28,155.39999389648438,156.5500030517578,154.9499969482422,156.27999877929688,149.99766540527344,8755400
2025-07-29,156.67999267578125,157.2100067138672,155.4499969482422,157.02999877929688,150.71751403808594,6446000
2025-07-30,156.13999938964844,156.30999755859375,152.6999969482422,153.55999755859375,147.3870086669922,9191700
2025-07-31,152.0,153.92999267578125,151.13999938964844,151.63999938964844,145.54420471191406,10237100
2025-08-01,152.5399932861328,154.64999389648438,150.35000610351562,151.39999389648438,145.3138427734375,10706500
2025-08-04,151.25,152.0800018310547,149.82000732421875,151.0399932861328,144.9683074951172,10116600
2025-08-05,151.02999877929688,153.10000610351562,149.89999389648438,153.0399932861328,146.88790893554688,8604100
2025-08-06,154.47999572753906,155.16000366210938,152.22000122070312,152.77999877929688,146.6383819580078,7840900
2025-08-07,153.7899932861328,155.14999389648438,152.8300018310547,153.16000366210938,147.0030975341797,6510400
2025-08-08,153.99000549316406,155.75,153.5,155.00999450683594,148.7787322998047,6332800
2025-08-11,155.33999633789062,155.92999267578125,152.99000549316406,153.4499969482422,147.2814483642578,6169700
2025-08-12,154.08999633789062,156.0500030517578,153.36000061035156,154.44000244140625,148.23165893554688,6641600
2025-08-13,154.57000732421875,156.00999450683594,154.1999969482422,155.8699951171875,149.60414123535156,6581900
2025-08-14,155.6999969482422,155.6999969482422,154.10000610351562,155.16000366210938,148.92269897460938,7337300
2025-08-15,155.47999572753906,158.5399932861328,155.2899932861328,156.5500030517578,150.2568359375,11617000
2025-08-18,156.1300048828125,156.49000549316406,154.75,155.32000732421875,149.07627868652344,8174300
2025-08-19,153.4600067138672,153.94000244140625,151.85000610351562,152.0,147.51377868652344,8567500
2025-08-20,152.4199981689453,153.49000549316406,151.92999267578125,153.22000122070312,148.69778442382812,8076300
2025-08-21,152.82000732421875,155.6699981689453,152.72999572753906,155.5500030517578,150.9590301513672,7533600
2025-08-22,155.32000732421875,158.7899932861328,155.32000732421875,158.17999267578125,153.51138305664062,9084300
2025-08-25,157.89999389648438,158.32000732421875,157.1699981689453,158.1999969482422,153.53079223632812,7030000
2025-08-26,157.50999450683594,160.0,156.5500030517578,157.36000061035156,152.71559143066406,10270000
2025-08-27,157.39999389648438,159.99000549316406,157.2100067138672,159.24000549316406,154.5401153564453,7483000
2025-08-28,159.00999450683594,159.52000427246094,157.85000610351562,159.32000732421875,154.6177520751953,6502000
2025-08-29,159.6999969482422,161.10000610351562,159.4499969482422,160.60000610351562,155.85997009277344,6934800
2025-09-02,160.47999572753906,161.86000061035156,159.3800048828125,161.8300018310547,157.0536651611328,8947300
2025-09-03,160.0,161.85000610351562,157.02000427246094,158.05999755859375,153.3949432373047,9556100
2025-09-04,158.05999755859375,159.64999389648438,157.5,157.69000244140625,153.03585815429688,7243000
2025-09-05,156.05999755859375,156.72000122070312,153.49000549316406,153.66000366210938,149.1248016357422,11011700
2025-09-08,153.91000366210938,155.02999877929688,152.8800048828125,154.0,149.4547576904297,9462000
2025-09-09,154.91000366210938,156.99000549316406,154.60000610351562,154.85000610351562,150.27967834472656,7769200
2025-09-10,155.0500030517578,157.9199981689453,155.0,157.7899932861328,153.1328887939453,7440800
2025-09-11,156.5,158.9199981689453,156.00999450683594,158.25,153.57933044433594,6417400
2025-09-12,158.85000610351562,159.77999877929688,157.10000610351562,157.11000061035156,152.4729766845703,5546300
2025-09-15,157.3800048828125,158.32000732421875,156.5,157.30999755859375,152.6670684814453,5030500
2025-09-16,158.25,160.10000610351562,158.1199951171875,159.5399932861328,154.8312225341797,8011000
2025-09-17,159.1999969482422,160.6699981689453,158.61000061035156,160.08999633789062,155.36500549316406,5736800
2025-09-18,160.02999877929688,160.2899932861328,158.08999633789062,158.83999633789062,154.15191650390625,6244200
2025-09-19,159.0,159.0,155.5500030517578,156.2100067138672,151.5995330810547,16734000
2025-09-22,155.6199951171875,157.1199951171875,155.14999389648438,156.0500030517578,151.4442596435547,5244000
2025-09-23,157.1199951171875,159.8300018310547,156.99000549316406,157.4199981689453,152.7738037109375,7181400
2025-09-24,158.32000732421875,160.49000549316406,158.25,159.17999267578125,154.4818572998047,6285200
2025-09-25,159.44000244140625,161.00999450683594,159.35000610351562,160.72000122070312,155.97640991210938,6311000
2025-09-26,160.57000732421875,161.3000030517578,159.50999450683594,160.16000366210938,155.4329376220703,7015200
2025-09-29,159.1300048828125,159.1300048828125,155.55999755859375,156.10000610351562,151.49278259277344,8315100
2025-09-30,154.88999938964844,155.72999572753906,153.92999267578125,155.2899932861328,150.7066650390625,7755700
2025-10-01,154.8300018310547,155.08999633789062,153.19000244140625,154.5800018310547,150.01763916015625,6768400
2025-10-02,153.9600067138672,156.60000610351562,153.32000732421875,153.3699951171875,148.8433380126953,7562400
2025-10-03,153.5800018310547,154.27999877929688,152.22999572753906,153.5500030517578,149.01803588867188,7249300
2025-10-06,153.97000122070312,154.64999389648438,152.9199981689453,154.02000427246094,149.4741668701172,4778900
2025-10-07,153.64999389648438,154.9600067138672,151.27999877929688,154.91000366210938,150.337890625,5479600
2025-10-08,154.36000061035156,154.67999267578125,152.83999633789062,153.74000549316406,149.20242309570312,5678000
2025-10-09,154.1300048828125,154.97000122070312,151.55999755859375,151.63999938964844,147.16441345214844,6178600
2025-10-10,150.6999969482422,151.35000610351562,148.88999938964844,148.89999389648438,144.50526428222656,7796600
2025-10-13,150.0,151.97999572753906,149.42999267578125,151.94000244140625,147.45556640625,5978800
2025-10-14,149.80999755859375,153.4600067138672,149.66000366210938,152.38999938964844,147.89227294921875,6419400
2025-10-15,152.89999389648438,154.2100067138672,151.0399932861328,152.11000061035156,147.62054443359375,5824900
2025-10-16,152.13999938964844,152.72999572753906,150.22999572753906,151.7100067138672,147.23236083984375,5276800
2025-10-17,152.25999450683594,154.19000244140625,152.1999969482422,153.0800018310547,148.56192016601562,7735500
2025-10-20,153.42999267578125,154.72000122070312,153.17999267578125,154.47999572753906,149.92059326171875,5676500
2025-10-21,154.74000549316406,155.2899932861328,153.2100067138672,153.7899932861328,149.25094604492188,6304900
2025-10-22,154.64999389648438,155.97999572753906,153.61000061035156,155.57000732421875,150.97842407226562,6036700
2025-10-23,158.1999969482422,158.58999633789062,156.1199951171875,156.55999755859375,151.93919372558594,9810900
2025-10-24,157.4199981689453,157.6300048828125,155.42999267578125,155.55999755859375,150.96871948242188,4979900
2025-10-27,155.8000030517578,156.5,154.8699951171875,155.27999877929688,150.6969757080078,4884400
2025-10-28,154.89999389648438,156.22999572753906,153.88999938964844,154.1300048828125,149.58091735839844,5066500
2025-10-29,153.86000061035156,156.14999389648438,153.86000061035156,155.10000610351562,150.5222930908203,7344400
2025-10-30,155.22999572753906,155.22999572753906,153.24000549316406,153.52000427246094,148.9889373779297,8971200
2025-10-31,155.72999572753906,159.17999267578125,155.11000061035156,157.72000122070312,153.06495666503906,11136100
2025-11-03,157.41000366210938,157.72000122070312,153.57000732421875,154.0399932861328,149.4935760498047,8512200
2025-11-04,153.42999267578125,153.75999450683594,152.14999389648438,153.38999938964844,148.86276245117188,6976800
2025-11-05,153.52999877929688,154.39999389648438,152.66000366210938,152.66000366210938,148.15432739257812,5894700
2025-11-06,152.91000366210938,154.7899932861328,152.67999267578125,152.94000244140625,148.42605590820312,6466300
2025-11-07,153.42999267578125,156.1699981689453,153.42999267578125,155.02000427246094,150.4446563720703,9835900
2025-11-10,155.4199981689453,155.97999572753906,152.3699951171875,155.64999389648438,151.05606079101562,8436800
2025-11-11,156.75,157.99000549316406,155.89999389648438,156.24000549316406,151.628662109375,6361400
2025-11-12,155.5800018310547,155.7899932861328,152.0800018310547,153.32000732421875,148.7948455810547,11670900
2025-11-13,154.0,156.1999969482422,153.92999267578125,155.5800018310547,150.98812866210938,7998700
2025-11-14,156.22999572753906,157.9499969482422,154.80999755859375,157.6199951171875,152.9678955078125,8484800
2025-11-17,157.72000122070312,157.88999938964844,154.44000244140625,154.82000732421875,150.2505645751953,8745000
2025-11-18,152.5,154.27999877929688,151.75999450683594,153.6199951171875,150.75103759765625,10813400
2025-11-19,151.16000366210938,151.9600067138672,150.25,151.6999969482422,148.8668975830078,7539900
2025-11-20,152.5399932861328,153.0399932861328,150.0500030517578,150.30999755859375,147.50283813476562,7623400
2025-11-21,150.44000244140625,151.00999450683594,148.75,149.97999572753906,147.17901611328125,9248400
2025-11-24,149.82000732421875,150.1199951171875,147.74000549316406,149.75,146.95330810546875,14181100
2025-11-25,148.89999389648438,149.89999389648438,148.27000427246094,148.52999877929688,145.75608825683594,11447900
2025-11-26,148.25999450683594,150.4600067138672,148.1999969482422,149.50999450683594,146.71778869628906,7578900
2025-11-28,149.4600067138672,151.52000427246094,149.25999450683594,151.1300048828125,148.3075408935547,3848600
2025-12-01,151.75,153.9499969482422,151.5,152.5399932861328,149.69119262695312,8209000
2025-12-02,152.02000427246094,152.4600067138672,149.25999450683594,150.25,147.4439697265625,9196300
2025-12-03,151.0399932861328,152.5,150.97999572753906,151.58999633789062,148.75894165039062,8060200
2025-12-04,151.75,152.94000244140625,151.22000122070312,152.25999450683594,149.4164276123047,7254700
2025-12-05,152.0,152.6300048828125,149.8300018310547,150.0,147.19863891601562,12659800
2025-12-08,149.25,150.07000732421875,147.66000366210938,148.7100067138672,145.9327392578125,10237200
2025-12-09,149.0500030517578,150.10000610351562,148.22000122070312,148.49000549316406,145.7168426513672,8916700
2025-12-10,149.17999267578125,151.8000030517578,148.6999969482422,151.41000366210938,148.58230590820312,10976300
2025-12-11,150.8300018310547,151.94000244140625,150.10000610351562,150.72000122070312,147.90518188476562,8414200
2025-12-12,151.14999389648438,151.5500030517578,149.6300048828125,149.99000549316406,147.1888427734375,5848100
2025-12-15,149.83999633789062,150.10000610351562,148.42999267578125,149.8000030517578,147.00238037109375,7503000
2025-12-16,148.5399932861328,148.82000732421875,146.49000549316406,146.75,144.00933837890625,11290500
2025-12-17,147.5,149.8699951171875,147.35000610351562,149.52000427246094,146.72760009765625,8805300
2025-12-18,148.85000610351562,149.27000427246094,147.0800018310547,147.69000244140625,144.93179321289062,6998800
2025-12-19,147.9600067138672,149.00999450683594,147.19000244140625,147.75,144.99066162109375,21701400
2025-12-22,148.80999755859375,150.49000549316406,148.6999969482422,149.8000030517578,147.00238037109375,8143600
2025-12-23,150.0399932861328,151.0800018310547,149.85000610351562,150.50999450683594,147.6990966796875,4663700
2025-12-24,150.3800048828125,150.99000549316406,150.10000610351562,150.5,147.68930053710938,2227600
2025-12-26,150.3800048828125,151.13999938964844,149.64999389648438,150.02000427246094,147.21827697753906,3706900
2025-12-29,151.0,151.63999938964844,150.08999633789062,150.99000549316406,148.17015075683594,5589100
2025-12-30,151.5,152.6699981689453,151.47000122070312,152.30999755859375,149.4654998779297,5150500
2025-12-31,152.38999938964844,152.5500030517578,151.6699981689453,152.41000366210938,149.56362915039062,4953100
2026-01-02,152.1699981689453,155.89999389648438,151.25,155.89999389648438,152.9884490966797,6862100
2026-01-05,165.75,165.75,159.30999755859375,163.85000610351562,160.7899932861328,35094900
2026-01-06,164.8800048828125,165.0500030517578,156.11000061035156,156.5399932861328,153.6165008544922,20564900
2026-01-07,157.44000244140625,158.00999450683594,154.89999389648438,155.1999969482422,152.30152893066406,13537900
2026-01-08,155.5,160.44000244140625,155.2100067138672,159.25,156.27589416503906,12929600
2026-01-09,160.55999755859375,162.6999969482422,159.94000244140625,162.11000061035156,159.08248901367188,12549600
2026-01-12,162.6999969482422,163.55999755859375,160.7100067138672,162.33999633789062,159.3081817626953,9796800
2026-01-13,163.47000122070312,166.1300048828125,163.3000030517578,163.8699951171875,160.80960083007812,12068600
2026-01-14,164.10000610351562,169.3699951171875,164.10000610351562,167.24000549316406,164.11666870117188,16414900
2026-01-15,165.77000427246094,167.3300018310547,165.10000610351562,166.16000366210938,163.05685424804688,8097400
2026-01-16,166.58999633789062,167.2899932861328,165.80999755859375,166.25999450683594,163.15496826171875,9745800
2026-01-20,166.7100067138672,167.64999389648438,165.14999389648438,165.3000030517578,162.21290588378906,11142500
2026-01-21,167.0,168.47999572753906,166.05999755859375,166.72999572753906,163.61619567871094,10918500
2026-01-22,166.25999450683594,167.55999755859375,165.72999572753906,166.66000366210938,163.54750061035156,8957400
2026-01-23,167.9499969482422,168.44000244140625,166.44000244140625,166.72000122070312,163.60638427734375,8368700
2026-01-26,168.3300018310547,168.41000366210938,166.77000427246094,167.5,164.371826171875,8912600
2026-01-27,167.77000427246094,169.35000610351562,166.64999389648438,169.0500030517578,165.89288330078125,9784900
2026-01-28,169.9600067138672,170.4199981689453,168.1999969482422,169.92999267578125,166.7564239501953,9200200
2026-01-29,172.64999389648438,174.9199981689453,171.0399932861328,171.19000244140625,167.99290466308594,16786600
2026-01-30,172.6199951171875,177.3000030517578,171.27000427246094,176.89999389648438,173.59625244140625,22946600
2026-02-02,173.44000244140625,176.27000427246094,172.64999389648438,174.02999877929688,170.77984619140625,14235300
2026-02-03,173.8800048828125,178.82000732421875,173.75,178.0399932861328,174.7149658203125,18425400
2026-02-04,178.8800048828125,182.58999633789062,178.8800048828125,181.22999572753906,177.84539794921875,16170500
2026-02-05,179.63999938964844,180.4600067138672,177.41000366210938,179.22999572753906,175.8827362060547,10474100
2026-02-06,180.3000030517578,182.10000610351562,179.50999450683594,180.86000061035156,177.48231506347656,9901800
2026-02-09,181.00999450683594,182.82000732421875,179.9499969482422,182.60000610351562,179.1898193359375,12021300
2026-02-10,182.72999572753906,182.9499969482422,180.86000061035156,182.25999450683594,178.8561553955078,7458200
2026-02-11,183.94000244140625,186.52000427246094,183.5500030517578,185.82000732421875,182.3496856689453,10502100
2026-02-12,185.8000030517578,185.8000030517578,182.08999633789062,182.39999389648438,178.99354553222656,9673700
2026-02-13,182.5399932861328,184.83999633789062,181.72000122070312,183.74000549316406,180.30853271484375,9034700
2026-02-17,183.3000030517578,183.8000030517578,178.74000549316406,180.5500030517578,178.91131591796875,9849000
2026-02-18,183.22999572753906,183.9199981689453,181.97999572753906,183.8699951171875,182.20118713378906,10313400
2026-02-19,185.2899932861328,187.89999389648438,184.74000549316406,184.77999877929688,183.10292053222656,10773300
2026-02-20,184.58999633789062,184.88999938964844,182.32000732421875,183.92999267578125,182.26063537597656,9566200
2026-02-23,184.6699981689453,186.6300048828125,184.0500030517578,184.91000366210938,183.23175048828125,7047200
2026-02-24,185.2899932861328,185.9600067138672,183.85000610351562,185.33999633789062,183.6578369140625,7451800
2026-02-25,185.83999633789062,185.97999572753906,182.50999450683594,184.22000122070312,182.54800415039062,9440700
2026-02-26,182.89999389648438,186.25999450683594,181.75999450683594,184.16000366210938,182.48855590820312,7133800
2026-02-27,186.0,187.5500030517578,183.77000427246094,186.75999450683594,185.06495666503906,12035500
2026-03-02,190.3300018310547,191.44000244140625,187.22000122070312,189.60000610351562,187.87918090820312,15809100
2026-03-03,190.52000427246094,191.55999755859375,187.4199981689453,188.77000427246094,187.0567169189453,14004200
2026-03-04,187.4499969482422,188.4600067138672,184.14999389648438,186.02999877929688,184.34158325195312,11054400
2026-03-05,186.60000610351562,189.97000122070312,186.49000549316406,189.89999389648438,188.17645263671875,13567200
2026-03-06,190.8800048828125,192.41000366210938,188.1199951171875,189.94000244140625,188.21609497070312,13073100
2026-03-09,191.0,191.64999389648438,188.11000061035156,189.44000244140625,187.7206268310547,15987500
2026-03-10,188.6300048828125,189.17999267578125,185.63999938964844,186.2899932861328,184.59921264648438,11999600
2026-03-11,186.58999633789062,191.86000061035156,186.49000549316406,191.7899932861328,190.04930114746094,11371700
2026-03-12,192.5800018310547,198.8800048828125,191.77000427246094,196.97000122070312,195.1822967529297,27151800
2026-03-13,196.0,197.6300048828125,194.69000244140625,196.82000732421875,195.03366088867188,13017000
2026-03-16,196.60000610351562,197.83999633789062,195.5800018310547,196.83999633789062,195.053466796875,12683900
2026-03-17,197.49000549316406,200.5800018310547,196.4600067138672,197.97000122070312,196.1732177734375,14018600
2026-03-18,199.22000122070312,200.72999572753906,198.50999450683594,198.61000061035156,196.80740356445312,13305000
2026-03-19,199.7899932861328,202.44000244140625,199.0,201.44000244140625,199.61172485351562,16918400
2026-03-20,201.39999389648438,205.0800018310547,201.0,201.72999572753906,199.89907836914062,35849500
2026-03-23,198.6300048828125,205.36000061035156,197.3699951171875,205.2100067138672,203.34750366210938,15735700
2026-03-24,206.0500030517578,209.7899932861328,205.80999755859375,206.7899932861328,204.9131622314453,16695500
2026-03-25,206.0,207.24000549316406,204.6199951171875,205.14999389648438,203.2880401611328,8865000
2026-03-26,206.02999877929688,209.2100067138672,205.16000366210938,207.7899932861328,205.90408325195312,11085600
2026-03-27,208.14999389648438,212.4600067138672,206.25,211.14999389648438,209.23358154296875,13907800
2026-03-30,213.25999450683594,214.7100067138672,210.2899932861328,210.7100067138672,208.79759216308594,10409000
2026-03-31,210.89999389648438,213.10000610351562,201.9600067138672,206.89999389648438,205.02215576171875,17403900
2026-04-01,201.99000549316406,204.77999877929688,194.91000366210938,197.41000366210938,195.61830139160156,23051900
2026-04-02,202.50999450683594,205.47999572753906,198.0399932861328,198.97000122070312,197.1641387939453,11528000
2026-04-06,198.5,199.77000427246094,196.35000610351562,198.86000061035156,197.0551300048828,8245700
2026-04-07,199.97000122070312,204.6199951171875,199.24000549316406,201.5399932861328,199.71080017089844,11672600
2026-04-08,191.41000366210938,193.1699981689453,188.60000610351562,192.88999938964844,191.13931274414062,17195400
2026-04-09,194.30999755859375,196.6699981689453,189.27000427246094,190.36000061035156,188.6322784423828,11634000
2026-04-10,189.7100067138672,190.9600067138672,186.47000122070312,188.5500030517578,186.83871459960938,11151400
2026-04-13,191.4499969482422,192.61000061035156,189.72000122070312,191.77999877929688,190.03939819335938,12000200
2026-04-14,188.60000610351562,189.1699981689453,184.60000610351562,187.02000427246094,185.32260131835938,12111000
2026-04-15,186.36000061035156,187.24000549316406,184.0399932861328,184.91000366210938,183.23175048828125,8661600
2026-04-16,185.6199951171875,188.22999572753906,185.33999633789062,188.14999389648438,186.4423370361328,8013200
2026-04-17,181.88999938964844,184.3000030517578,177.74000549316406,183.99000549316406,182.32009887695312,15720600
2026-04-20,184.5,186.27000427246094,182.8300018310547,183.25,181.58680725097656,9661100
2026-04-21,183.97000122070312,186.3699951171875,182.33999633789062,185.97999572753906,184.2920379638672,9799000
2026-04-22,187.27000427246094,189.4199981689453,186.1199951171875,186.32000732421875,184.6289520263672,8708300
2026-04-23,187.1199951171875,188.4199981689453,185.5,187.60000610351562,185.8973388671875,6684700
2026-04-24,185.22999572753906,186.4199981689453,183.1999969482422,185.2100067138672,183.52902221679688,9626700
2026-04-27,186.19000244140625,188.3699951171875,183.6699981689453,184.77999877929688,183.10292053222656,10836600
2026-04-28,188.27999877929688,189.9600067138672,186.5500030517578,188.36000061035156,186.6504364013672,10754900
2026-04-29,190.1300048828125,192.6199951171875,189.5,192.22000122070312,190.47540283203125,8644600
2026-04-30,190.25,194.1300048828125,188.5,193.30999755859375,191.55551147460938,11748600
2026-05-01,191.3000030517578,194.08999633789062,189.75,190.6300048828125,188.89984130859375,10435900
2026-05-04,190.85000610351562,193.7100067138672,187.97000122070312,192.27999877929688,190.53485107421875,8229500
2026-05-05,191.22000122070312,193.6699981689453,190.4499969482422,192.63999938964844,190.89158630371094,5642800
2026-05-06,185.58999633789062,186.77999877929688,183.13999938964844,185.16000366210938,183.47947692871094,11082900
2026-05-07,181.5800018310547,183.44000244140625,179.52999877929688,182.5,180.84361267089844,12194000
2026-05-08,182.0399932861328,182.72999572753906,180.74000549316406,181.6199951171875,179.9716033935547,13053000
2026-05-11,183.0,185.1999969482422,183.0,184.74000549316406,183.06329345703125,12042100
2026-05-12,186.5,186.88999938964844,184.66000366210938,185.9499969482422,184.26229858398438,8995100
2026-05-13,185.80999755859375,186.00999450683594,183.9600067138672,186.0,184.31185913085938,7554700
2026-05-14,186.19000244140625,187.57000732421875,185.25,186.63999938964844,184.946044921875,6222400
2026-05-15,188.60000610351562,191.5,187.89999389648438,191.10000610351562,189.36557006835938,11210800
2026-05-18,191.1699981689453,196.1999969482422,189.02999877929688,196.1199951171875,194.33999633789062,9869700
2026-05-19,194.92999267578125,198.8699951171875,193.47000122070312,197.25,197.25,11819200
2026-05-20,196.25,198.19000244140625,191.27000427246094,191.3300018310547,191.3300018310547,14564900
2026-05-21,193.7899932861328,194.16000366210938,189.0,191.00999450683594,191.00999450683594,9051200
2026-05-22,190.3699951171875,192.0,189.8000030517578,191.42999267578125,191.42999267578125,7209600
