Date,Open,High,Low,Close,Adj Close,Volume
2021-05-24,172.4499969482422,175.11000061035156,171.75,174.30999755859375,170.29954528808594,7346700
2021-05-25,175.60000610351562,177.4499969482422,175.39999389648438,176.1699981689453,172.1167449951172,8089700
2021-05-26,176.6199951171875,177.89999389648438,176.1999969482422,176.47000122070312,172.4098663330078,8086200
2021-05-27,177.1999969482422,179.58999633789062,176.7899932861328,179.0399932861328,174.9207000732422,13567800
2021-05-28,179.50999450683594,180.13999938964844,178.0800018310547,178.64999389648438,174.53968811035156,7124800
2021-06-01,180.17999267578125,181.00999450683594,178.74000549316406,178.83999633789062,174.72531127929688,7475600
2021-06-02,179.0399932861328,179.10000610351562,176.92999267578125,177.0,172.9276580810547,7851700
2021-06-03,176.27000427246094,176.97000122070312,175.4199981689453,176.24000549316406,172.18511962890625,5583900
2021-06-04,175.92999267578125,177.52000427246094,175.61000061035156,177.17999267578125,173.103515625,6343400
2021-06-07,177.97000122070312,178.07000732421875,176.39999389648438,176.99000549316406,172.9178924560547,5178100
2021-06-08,175.97000122070312,177.1199951171875,175.19000244140625,176.3300018310547,172.27305603027344,5356200
2021-06-09,176.30999755859375,177.3300018310547,175.8800048828125,176.0399932861328,171.98973083496094,5082400
2021-06-10,176.44000244140625,177.61000061035156,175.5500030517578,176.57000732421875,172.50755310058594,5253000
2021-06-11,177.4499969482422,178.49000549316406,176.80999755859375,177.3800048828125,173.29891967773438,5476300
2021-06-14,177.64999389648438,178.8699951171875,176.89999389648438,178.17999267578125,174.0804901123047,10170000
2021-06-15,178.17999267578125,178.6999969482422,175.6199951171875,175.86000061035156,171.8138885498047,7895000
2021-06-16,176.00999450683594,176.25999450683594,173.5500030517578,174.66000366210938,170.64149475097656,8336000
2021-06-17,174.58999633789062,176.25999450683594,173.83999633789062,174.64999389648438,170.63169860839844,8906000
2021-06-18,173.13999938964844,173.86000061035156,172.1199951171875,172.4199981689453,168.45303344726562,12357500
2021-06-21,172.1300048828125,174.25999450683594,171.30999755859375,173.97000122070312,169.96737670898438,9196900
2021-06-22,174.3699951171875,174.6999969482422,172.35000610351562,173.5,169.5081787109375,8097100
2021-06-23,173.6199951171875,175.4499969482422,172.94000244140625,175.3300018310547,171.29608154296875,9174200
2021-06-24,176.1300048828125,178.24000549316406,175.77999877929688,177.92999267578125,173.8362579345703,7549400
2021-06-25,178.8300018310547,179.08999633789062,177.49000549316406,178.35000610351562,174.24658203125,7431800
2021-06-28,178.5,178.66000366210938,174.99000549316406,176.57000732421875,172.50755310058594,9881400
2021-06-29,176.63999938964844,177.02000427246094,173.8000030517578,173.92999267578125,169.9282684326172,13498300
2021-06-30,173.88999938964844,175.97999572753906,173.33999633789062,175.77000427246094,171.72596740722656,7481900
2021-07-01,175.35000610351562,177.60000610351562,174.60000610351562,177.25999450683594,173.18167114257812,5887100
2021-07-02,177.86000061035156,178.36000061035156,174.6199951171875,177.11000061035156,173.03514099121094,11099300
2021-07-06,176.75999450683594,177.0,172.22000122070312,173.69000244140625,169.6938018798828,11557900
2021-07-07,172.86000061035156,174.32000732421875,171.99000549316406,172.82000732421875,168.84384155273438,6757300
2021-07-08,170.17999267578125,173.75,169.80999755859375,172.8000030517578,168.82431030273438,6960100
2021-07-09,174.6999969482422,177.52000427246094,173.92999267578125,177.0399932861328,172.9667205810547,7873300
2021-07-12,177.7100067138672,184.99000549316406,177.3699951171875,184.3800048828125,180.1378631591797,21835500
2021-07-13,184.08999633789062,185.6699981689453,181.83999633789062,183.64999389648438,179.42465209960938,12534600
2021-07-14,185.1999969482422,186.2899932861328,182.0800018310547,183.4199981689453,179.199951171875,8787300
2021-07-15,183.4499969482422,185.4199981689453,183.0500030517578,184.14999389648438,179.91314697265625,7867000
2021-07-16,184.94000244140625,185.2899932861328,178.9199981689453,179.30999755859375,175.18450927734375,8348800
2021-07-19,175.7100067138672,176.47999572753906,172.16000366210938,172.9499969482422,168.97084045410156,14651800
2021-07-20,173.6999969482422,177.50999450683594,172.8699951171875,176.75,172.68341064453125,8372400
2021-07-21,176.5,177.89999389648438,175.32000732421875,176.88999938964844,172.82017517089844,6302200
2021-07-22,176.6999969482422,176.72000122070312,173.89999389648438,175.1300048828125,171.10067749023438,5713700
2021-07-23,175.66000366210938,176.5,174.02999877929688,176.13999938964844,172.0874481201172,5126300
2021-07-26,175.6199951171875,178.77999877929688,175.33999633789062,178.74000549316406,174.62762451171875,5641000
2021-07-27,178.25,179.55999755859375,176.57000732421875,179.5,175.37013244628906,6684100
2021-07-28,179.69000244140625,180.35000610351562,177.5500030517578,179.10000610351562,174.97933959960938,5926900
2021-07-29,179.80999755859375,181.4199981689453,178.27000427246094,178.35000610351562,174.24658203125,6209100
2021-07-30,177.52999877929688,179.1999969482422,175.13999938964844,176.02000427246094,171.97019958496094,6813400
2021-08-02,177.22000122070312,178.82000732421875,175.30999755859375,175.5500030517578,171.51101684570312,5847200
2021-08-03,176.02000427246094,176.1300048828125,170.9199981689453,172.99000549316406,169.00990295410156,9931300
2021-08-04,172.5,173.25,171.33999633789062,172.5800018310547,168.609375,5665800
2021-08-05,172.49000549316406,177.1199951171875,172.49000549316406,176.7100067138672,172.6443328857422,8864200
2021-08-06,177.42999267578125,178.80999755859375,176.6300048828125,177.1300048828125,173.05467224121094,5505200
2021-08-09,177.0,177.30999755859375,175.05999755859375,176.72000122070312,172.6540985107422,5339000
2021-08-10,176.25,177.39999389648438,175.5800018310547,177.07000732421875,172.99606323242188,5185000
2021-08-11,177.36000061035156,178.49000549316406,176.50999450683594,178.08999633789062,173.99258422851562,5359900
2021-08-12,178.08999633789062,179.72000122070312,176.4499969482422,179.2899932861328,175.16494750976562,11081300
2021-08-13,186.2899932861328,187.5800018310547,180.8800048828125,181.0800018310547,176.91380310058594,32504600
2021-08-16,180.50999450683594,180.58999633789062,176.50999450683594,179.08999633789062,174.96957397460938,8746700
2021-08-17,177.14999389648438,178.4499969482422,174.9199981689453,175.8300018310547,171.78457641601562,8534500
2021-08-18,175.89999389648438,176.7899932861328,174.5,174.74000549316406,170.71966552734375,7063500
2021-08-19,174.0,174.67999267578125,172.55999755859375,173.25,169.26394653320312,8478600
2021-08-20,173.0,175.2100067138672,172.64999389648438,175.1199951171875,171.09091186523438,6239600
2021-08-23,177.0800018310547,178.30999755859375,175.91000366210938,177.66000366210938,173.5724639892578,7395900
2021-08-24,177.9199981689453,180.0800018310547,177.75999450683594,178.47000122070312,174.36383056640625,5886900
2021-08-25,178.16000366210938,178.58999633789062,176.8800048828125,178.30999755859375,174.20751953125,4842100
2021-08-26,178.33999633789062,178.94000244140625,176.33999633789062,176.55999755859375,172.49778747558594,4563000
2021-08-27,176.27999877929688,180.5399932861328,176.27999877929688,180.13999938964844,175.9954071044922,8697000
2021-08-30,180.5,181.38999938964844,178.8699951171875,179.97999572753906,175.83908081054688,6421300
2021-08-31,179.25,182.97999572753906,178.52999877929688,181.3000030517578,177.12872314453125,8620000
2021-09-01,181.9600067138672,184.2100067138672,181.77999877929688,183.47999572753906,179.25856018066406,7302800
2021-09-02,184.16000366210938,185.3000030517578,181.5500030517578,181.86000061035156,177.67584228515625,6492600
2021-09-03,181.82000732421875,181.82000732421875,179.1300048828125,181.0,176.8356170654297,6847400
2021-09-07,181.02000427246094,185.5500030517578,180.0500030517578,184.33999633789062,180.09877014160156,10702900
2021-09-08,184.33999633789062,187.4600067138672,183.9199981689453,185.14999389648438,180.89015197753906,8634000
2021-09-09,185.14999389648438,187.5800018310547,184.57000732421875,185.91000366210938,181.63265991210938,7190700
2021-09-10,186.36000061035156,187.10000610351562,184.00999450683594,184.1199951171875,179.88385009765625,5572200
2021-09-13,185.1199951171875,185.8000030517578,183.5,184.97999572753906,180.72406005859375,6818200
2021-09-14,184.9600067138672,185.1300048828125,182.14999389648438,182.39999389648438,178.2034149169922,6185900
2021-09-15,182.05999755859375,184.66000366210938,181.10000610351562,184.41000366210938,180.1671600341797,5933400
2021-09-16,183.97000122070312,184.63999938964844,182.1199951171875,183.33999633789062,179.12179565429688,5678200
2021-09-17,182.91000366210938,185.89999389648438,182.72999572753906,183.47000122070312,179.24879455566406,10035100
2021-09-20,179.74000549316406,180.8800048828125,176.5500030517578,178.61000061035156,174.50062561035156,8056600
2021-09-21,180.32000732421875,182.22999572753906,169.02999877929688,171.1699981689453,167.23179626464844,23216000
2021-09-22,172.94000244140625,175.33999633789062,171.66000366210938,173.64999389648438,169.65472412109375,14214500
2021-09-23,174.94000244140625,177.19000244140625,174.3699951171875,176.25,172.1949005126953,8052900
2021-09-24,175.3000030517578,176.6999969482422,175.0800018310547,176.0,171.95066833496094,5712800
2021-09-27,176.6300048828125,179.4499969482422,175.9600067138672,178.25999450683594,174.1586456298828,7755000
2021-09-28,177.75,178.0,173.86000061035156,174.52000427246094,170.5047149658203,9133100
2021-09-29,174.25,174.9600067138672,172.58999633789062,172.67999267578125,168.70704650878906,6240800
2021-09-30,173.10000610351562,173.67999267578125,169.10000610351562,169.1699981689453,165.27780151367188,13978000
2021-10-01,172.27999877929688,177.32000732421875,171.97000122070312,176.00999450683594,171.96041870117188,12165000
2021-10-04,175.55999755859375,175.9600067138672,172.6699981689453,173.4600067138672,169.46910095214844,7200600
2021-10-05,173.8300018310547,176.24000549316406,173.61000061035156,174.61000061035156,170.59263610839844,6798200
2021-10-06,173.0,175.7100067138672,171.5500030517578,175.47999572753906,171.44261169433594,6005200
2021-10-07,177.6999969482422,179.6300048828125,177.3300018310547,177.7100067138672,173.621337890625,7780000
2021-10-08,177.92999267578125,178.60000610351562,176.39999389648438,176.74000549316406,172.67364501953125,4132200
2021-10-11,176.02000427246094,176.52000427246094,173.47999572753906,173.52000427246094,169.52774047851562,8046300
2021-10-12,173.6199951171875,174.49000549316406,172.5500030517578,173.1300048828125,169.14669799804688,5188400
2021-10-13,173.6300048828125,173.6999969482422,170.94000244140625,172.9600067138672,168.98060607910156,8914700
2021-10-14,174.07000732421875,176.02000427246094,174.0,174.41000366210938,170.39724731445312,7450200
2021-10-15,175.69000244140625,178.88999938964844,174.10000610351562,176.4600067138672,172.40008544921875,13943900
2021-10-18,172.36000061035156,173.33999633789062,169.8000030517578,171.13999938964844,167.20248413085938,20494800
2021-10-19,171.44000244140625,171.5800018310547,170.17999267578125,171.17999267578125,167.24154663085938,9669500
2021-10-20,170.97000122070312,171.02000427246094,169.8800048828125,170.5500030517578,166.6260528564453,9737600
2021-10-21,170.1999969482422,172.5,170.10000610351562,171.33999633789062,167.39788818359375,7509000
2021-10-22,170.57000732421875,170.8000030517578,168.60000610351562,169.4199981689453,165.5220489501953,7854300
2021-10-25,169.89999389648438,172.57000732421875,169.02999877929688,172.00999450683594,168.05245971679688,9798700
2021-10-26,172.9499969482422,173.1199951171875,170.7100067138672,172.0399932861328,168.08177185058594,5850200
2021-10-27,171.77000427246094,172.0399932861328,169.42999267578125,169.5500030517578,165.64907836914062,7054700
2021-10-28,169.47999572753906,170.35000610351562,168.60000610351562,169.67999267578125,165.77606201171875,7884500
2021-10-29,169.02000427246094,170.4600067138672,168.14999389648438,169.07000732421875,165.18011474609375,7598800
2021-11-01,169.2100067138672,171.25,169.08999633789062,170.19000244140625,166.2743377685547,8182900
2021-11-02,170.02999877929688,170.85000610351562,168.97999572753906,169.8300018310547,165.922607421875,6777200
2021-11-03,169.6999969482422,170.19000244140625,168.3699951171875,170.0800018310547,166.1668701171875,6829300
2021-11-04,170.02999877929688,170.4199981689453,168.6699981689453,170.27999877929688,166.3622589111328,7505500
2021-11-05,173.5,176.99000549316406,172.3300018310547,175.6300048828125,171.5891876220703,16859200
2021-11-08,178.69000244140625,179.25,176.10000610351562,176.8699951171875,172.80064392089844,10584600
2021-11-09,176.9499969482422,177.1199951171875,173.2100067138672,175.11000061035156,171.08114624023438,7293300
2021-11-10,174.69000244140625,176.8699951171875,173.8699951171875,174.4499969482422,170.4363250732422,11045800
2021-11-11,162.88999938964844,163.9600067138672,158.3300018310547,162.11000061035156,158.3802490234375,62366500
2021-11-12,163.52000427246094,163.61000061035156,158.92999267578125,159.6300048828125,155.95730590820312,25638400
2021-11-15,160.08999633789062,160.72000122070312,157.66000366210938,158.42999267578125,154.78489685058594,21285300
2021-11-16,159.05999755859375,160.24000549316406,158.5500030517578,158.8300018310547,155.17572021484375,15516200
2021-11-17,158.72999572753906,158.88999938964844,156.75,157.3300018310547,153.710205078125,14695500
2021-11-18,157.08999633789062,157.3000030517578,153.7100067138672,155.5800018310547,152.00048828125,14487700
2021-11-19,155.02000427246094,155.2100067138672,152.77000427246094,154.0,150.4568328857422,16776500
2021-11-22,153.22999572753906,155.82000732421875,152.57000732421875,154.16000366210938,150.6131591796875,12790400
2021-11-23,153.83999633789062,154.25,150.19000244140625,151.02999877929688,147.55517578125,17382900
2021-11-24,150.69000244140625,151.41000366210938,148.8000030517578,151.33999633789062,147.85801696777344,14123700
2021-11-26,146.8000030517578,148.85000610351562,145.85000610351562,148.11000061035156,144.7023468017578,12027700
2021-11-29,148.80999755859375,149.3000030517578,144.25,147.80999755859375,144.4092559814453,21231300
2021-11-30,146.72000122070312,147.27999877929688,143.11000061035156,144.89999389648438,141.56619262695312,26011100
2021-12-01,146.6999969482422,148.3699951171875,142.0399932861328,142.14999389648438,138.87945556640625,16469000
2021-12-02,142.83999633789062,147.64999389648438,142.77000427246094,147.1999969482422,143.8132781982422,18177700
2021-12-03,147.80999755859375,148.32000732421875,144.32000732421875,146.22000122070312,142.8558349609375,14975600
2021-12-06,147.27999877929688,150.74000549316406,146.6699981689453,150.3699951171875,146.91033935546875,14333900
2021-12-07,151.83999633789062,152.75999450683594,149.72000122070312,150.80999755859375,147.34022521972656,14661100
2021-12-08,150.91000366210938,153.66000366210938,150.55999755859375,153.33999633789062,149.81201171875,12886300
2021-12-09,152.27000427246094,154.2899932861328,151.6999969482422,152.94000244140625,149.42120361328125,11862300
2021-12-10,153.5800018310547,154.66000366210938,151.4499969482422,152.7100067138672,149.19651794433594,10247900
2021-12-13,152.1199951171875,152.5,149.2899932861328,150.42999267578125,146.96896362304688,10195800
2021-12-14,149.25999450683594,151.6199951171875,148.52000427246094,149.10000610351562,145.6695556640625,10872000
2021-12-15,148.75999450683594,150.9199981689453,147.35000610351562,150.39999389648438,146.93966674804688,12231500
2021-12-16,151.35000610351562,152.05999755859375,148.5800018310547,148.75,145.32762145996094,11145600
2021-12-17,148.50999450683594,149.83999633789062,146.57000732421875,148.75999450683594,145.33738708496094,13785000
2021-12-20,146.97999572753906,147.72999572753906,145.0800018310547,146.47000122070312,143.10006713867188,11201900
2021-12-21,147.55999755859375,151.42999267578125,147.38999938964844,151.0500030517578,147.57470703125,10781400
2021-12-22,150.4199981689453,152.1999969482422,149.8699951171875,151.8800048828125,148.38560485839844,7820400
2021-12-23,152.32000732421875,154.19000244140625,151.92999267578125,153.6300048828125,150.0953369140625,6572400
2021-12-27,152.8800048828125,154.02000427246094,151.39999389648438,152.8000030517578,149.28443908691406,7762000
2021-12-28,152.6199951171875,156.5,152.41000366210938,155.1999969482422,151.62921142578125,12198700
2021-12-29,154.55999755859375,155.9199981689453,154.17999267578125,154.8699951171875,151.3068084716797,8737000
2021-12-30,155.7100067138672,157.07000732421875,155.50999450683594,155.92999267578125,152.3424072265625,7228400
2021-12-31,155.8699951171875,156.57000732421875,154.74000549316406,154.88999938964844,151.3263397216797,6410200
2022-01-03,155.8300018310547,157.55999755859375,155.36000061035156,156.75999450683594,153.1533203125,10222800
2022-01-04,158.58999633789062,160.32000732421875,155.5500030517578,155.72999572753906,152.1470184326172,16582000
2022-01-05,156.52000427246094,159.3800048828125,155.10000610351562,155.19000244140625,151.61944580078125,12272100
2022-01-06,156.24000549316406,157.77000427246094,153.67999267578125,156.89999389648438,153.29010009765625,11095300
2022-01-07,156.89999389648438,159.3000030517578,156.2899932861328,157.8300018310547,154.19873046875,9554600
2022-01-10,157.97999572753906,158.27000427246094,154.64999389648438,156.60000610351562,152.9970245361328,8672900
2022-01-11,156.6199951171875,158.22000122070312,155.9499969482422,157.88999938964844,154.25732421875,8042600
2022-01-12,158.5,158.99000549316406,156.3300018310547,157.8000030517578,154.16940307617188,6995600
2022-01-13,157.6999969482422,158.52999877929688,155.1699981689453,155.44000244140625,151.86370849609375,9680600
2022-01-14,152.35000610351562,152.6199951171875,148.4199981689453,151.94000244140625,148.44422912597656,16832000
2022-01-18,151.11000061035156,153.1300048828125,149.8300018310547,152.27000427246094,148.7666473388672,10419500
2022-01-19,150.83999633789062,152.86000061035156,149.9600067138672,150.11000061035156,146.6563262939453,10413200
2022-01-20,150.91000366210938,152.66000366210938,147.14999389648438,147.6199951171875,144.2236328125,11760400
2022-01-21,141.22999572753906,141.8699951171875,136.6300048828125,137.3800048828125,134.21922302246094,34491800
2022-01-24,134.82000732421875,137.67999267578125,129.25999450683594,137.4600067138672,134.29737854003906,31419500
2022-01-25,135.2899932861328,137.75,132.3800048828125,136.50999450683594,133.36923217773438,14694400
2022-01-26,137.7100067138672,138.1999969482422,132.25999450683594,133.60000610351562,130.5261688232422,14569900
2022-01-27,135.07000732421875,137.91000366210938,134.02000427246094,135.4199981689453,132.3043212890625,11913900
2022-01-28,135.2100067138672,138.69000244140625,133.55999755859375,138.6300048828125,135.44046020507812,10011700
2022-01-31,138.86000061035156,143.14999389648438,138.47000122070312,142.97000122070312,139.68060302734375,10185500
2022-02-01,143.02000427246094,144.69000244140625,142.25,144.49000549316406,141.16563415527344,8573300
2022-02-02,144.19000244140625,144.58999633789062,141.3800048828125,142.6199951171875,139.33865356445312,9529900
2022-02-03,140.0,142.0399932861328,139.25,140.02999877929688,136.80824279785156,9820600
2022-02-04,140.0399932861328,143.19000244140625,139.52999877929688,142.02000427246094,138.75245666503906,8061100
2022-02-07,143.38999938964844,144.08999633789062,141.61000061035156,142.50999450683594,139.23117065429688,10937500
2022-02-08,141.7899932861328,142.88999938964844,140.74000549316406,142.47999572753906,139.20188903808594,9231700
2022-02-09,144.3699951171875,147.35000610351562,143.25,147.22999572753906,143.84259033203125,22877400
2022-02-10,156.02000427246094,157.5,151.11000061035156,152.16000366210938,148.65916442871094,42500300
2022-02-11,153.5399932861328,154.69000244140625,148.55999755859375,149.47000122070312,146.0310516357422,17975200
2022-02-14,149.3699951171875,153.72999572753906,149.2100067138672,150.85000610351562,147.3793182373047,14694700
2022-02-15,153.5399932861328,154.85000610351562,152.50999450683594,154.72000122070312,151.1602783203125,12726000
2022-02-16,154.97999572753906,156.72999572753906,153.75,156.35000610351562,152.7527618408203,10656400
2022-02-17,154.69000244140625,155.36000061035156,152.61000061035156,152.9499969482422,149.4309844970703,8110300
2022-02-18,152.91000366210938,153.67999267578125,150.0500030517578,151.36000061035156,147.87757873535156,10785500
2022-02-22,150.19000244140625,150.7899932861328,147.61000061035156,148.08999633789062,144.68280029296875,12227200
2022-02-23,149.5,149.74000549316406,145.5,145.8699951171875,142.5138702392578,9300700
2022-02-24,140.0,149.57000732421875,140.0,149.39999389648438,145.96266174316406,12475500
2022-02-25,149.55999755859375,150.27999877929688,147.22000122070312,149.52999877929688,146.08966064453125,10149500
2022-02-28,147.8300018310547,149.47999572753906,146.4600067138672,148.4600067138672,145.0443115234375,10834700
2022-03-01,147.86000061035156,148.14999389648438,143.77999877929688,145.6999969482422,142.34779357910156,8944000
2022-03-02,146.30999755859375,148.47000122070312,145.9199981689453,147.33999633789062,143.95005798339844,7851000
2022-03-03,147.30999755859375,148.64999389648438,144.4499969482422,145.57000732421875,142.22079467773438,8048400
2022-03-04,144.00999450683594,144.25999450683594,139.5500030517578,140.72000122070312,137.4823760986328,12913000
2022-03-07,140.27999877929688,140.88999938964844,133.44000244140625,133.5,130.42849731445312,14549700
2022-03-08,133.02000427246094,135.49000549316406,129.2899932861328,131.75,128.71875,16552000
2022-03-09,135.49000549316406,135.5,133.36000061035156,133.64999389648438,130.5750274658203,14673100
2022-03-10,132.36000061035156,134.1999969482422,131.6199951171875,133.63999938964844,130.5652618408203,8447200
2022-03-11,135.0800018310547,136.16000366210938,131.57000732421875,131.75,128.71875,7058400
2022-03-14,130.97999572753906,133.07000732421875,128.3800048828125,129.02999877929688,126.06133270263672,9971500
2022-03-15,129.74000549316406,134.55999755859375,129.50999450683594,134.1999969482422,131.1123809814453,9834800
2022-03-16,135.64999389648438,138.97999572753906,134.94000244140625,138.13999938964844,134.9617462158203,10638700
2022-03-17,137.44000244140625,139.47000122070312,136.55999755859375,139.47000122070312,136.2611541748047,6816000
2022-03-18,139.5500030517578,140.72999572753906,138.3000030517578,140.3000030517578,137.07203674316406,11308800
2022-03-21,138.89999389648438,139.3000030517578,136.8800048828125,138.6199951171875,135.43069458007812,9090300
2022-03-22,139.05999755859375,142.19000244140625,138.89999389648438,140.11000061035156,136.8863983154297,8511600
2022-03-23,139.07000732421875,139.75999450683594,137.5399932861328,137.63999938964844,134.47323608398438,8761300
2022-03-24,138.5800018310547,139.27000427246094,137.41000366210938,138.9600067138672,135.76284790039062,5858800
2022-03-25,139.27999877929688,140.3800048828125,138.1199951171875,139.13999938964844,135.938720703125,5949400
2022-03-28,138.8800048828125,139.6300048828125,136.27999877929688,138.72000122070312,135.52838134765625,8456100
2022-03-29,140.9600067138672,144.4600067138672,140.9600067138672,142.3800048828125,139.10418701171875,11280700
2022-03-30,141.30999755859375,143.27000427246094,140.0800018310547,140.9600067138672,137.7168426513672,7922400
2022-03-31,140.13999938964844,140.8800048828125,137.11000061035156,137.16000366210938,134.0042724609375,12306500
2022-04-01,137.33999633789062,138.10000610351562,135.52999877929688,137.0,133.84796142578125,10341000
2022-04-04,136.97000122070312,139.25999450683594,136.88999938964844,138.5800018310547,135.39161682128906,8174600
2022-04-05,137.74000549316406,139.1999969482422,135.1300048828125,135.6199951171875,132.49969482421875,8694100
2022-04-06,133.75,133.92999267578125,130.80999755859375,132.57000732421875,129.51991271972656,11679700
2022-04-07,133.00999450683594,133.2100067138672,130.02000427246094,131.8699951171875,128.83599853515625,9858700
2022-04-08,132.0,133.1199951171875,130.6300048828125,131.8699951171875,128.83599853515625,6702000
2022-04-11,130.0399932861328,132.42999267578125,130.0399932861328,130.64999389648438,127.64405059814453,9915300
2022-04-12,131.80999755859375,133.2100067138672,130.14999389648438,130.83999633789062,127.82968139648438,7885600
2022-04-13,131.0500030517578,132.88999938964844,130.75,132.35000610351562,129.30496215820312,7694500
2022-04-14,132.80999755859375,133.58999633789062,130.35000610351562,130.47000122070312,127.46820831298828,7283500
2022-04-18,130.07000732421875,130.22000122070312,126.81999969482422,127.7699966430664,124.83031463623047,10571000
2022-04-19,128.08999633789062,133.19000244140625,127.79000091552734,131.89999389648438,128.8652801513672,12767200
2022-04-20,126.05000305175781,127.3499984741211,124.11000061035156,124.56999969482422,121.70394134521484,36465700
2022-04-21,125.54000091552734,126.44999694824219,121.27999877929688,121.66000366210938,118.86090850830078,18688600
2022-04-22,120.01000213623047,121.88999938964844,118.1500015258789,118.2699966430664,115.54888153076172,19472800
2022-04-25,117.66000366210938,120.33000183105469,116.75,119.94999694824219,117.19023895263672,16491000
2022-04-26,119.1500015258789,119.1500015258789,115.63999938964844,115.7699966430664,113.10640716552734,16116000
2022-04-27,115.43000030517578,116.9000015258789,113.38999938964844,115.20999908447266,112.55929565429688,15553000
2022-04-28,115.22000122070312,116.0,112.69000244140625,115.29000091552734,112.63745880126953,23192100
2022-04-29,115.19999694824219,115.98999786376953,111.36000061035156,111.62999725341797,109.06166076660156,16907000
2022-05-02,111.70999908447266,113.66000366210938,111.01000213623047,113.5,110.88863372802734,14300700
2022-05-03,114.05000305175781,114.83000183105469,112.69000244140625,113.55000305175781,110.9375,11149500
2022-05-04,113.37000274658203,116.44000244140625,111.83000183105469,116.19000244140625,113.51675415039062,11488300
2022-05-05,114.73999786376953,115.2699966430664,111.4800033569336,112.61000061035156,110.01911926269531,12720200
2022-05-06,111.7699966430664,112.08999633789062,108.30000305175781,110.29000091552734,107.75249481201172,12525200
2022-05-09,108.11000061035156,110.73999786376953,106.4800033569336,106.9800033569336,104.5186538696289,17941600
2022-05-10,109.83999633789062,110.69999694824219,106.13999938964844,107.68000030517578,105.2025375366211,15657700
2022-05-11,107.9000015258789,110.06999969482422,104.79000091552734,105.20999908447266,102.78936767578125,26933300
2022-05-12,102.9000015258789,105.0,99.47000122070312,104.30999755859375,101.91007232666016,36298800
2022-05-13,105.36000061035156,107.69000244140625,105.30999755859375,107.33000183105469,104.860595703125,16782600
2022-05-16,107.45999908447266,107.62000274658203,104.8499984741211,105.18000030517578,102.76005554199219,11993600
2022-05-17,107.7300033569336,108.79000091552734,106.30000305175781,108.63999938964844,106.14045715332031,11847600
2022-05-18,107.37999725341797,107.66000366210938,103.87999725341797,104.30000305175781,101.90030670166016,11794000
2022-05-19,103.43000030517578,105.30000305175781,102.95999908447266,103.13999938964844,100.76699829101562,11285000
2022-05-20,104.48999786376953,104.80000305175781,100.05000305175781,102.41999816894531,100.06356048583984,15650400
2022-05-23,103.76000213623047,106.02999877929688,101.55999755859375,105.83000183105469,103.39511108398438,14402400
2022-05-24,103.70999908447266,103.83999633789062,100.12999725341797,101.58999633789062,99.25265502929688,13970200
2022-05-25,101.43000030517578,103.80999755859375,101.16000366210938,103.26000213623047,100.88423919677734,11026600
2022-05-26,104.22000122070312,106.12999725341797,103.95999908447266,105.61000061035156,103.18017578125,11297800
2022-05-27,106.88999938964844,109.37000274658203,106.52999877929688,109.31999969482422,106.80480194091797,13671300
2022-05-31,110.0,111.23999786376953,107.91000366210938,110.44000244140625,107.89904022216797,20274600
2022-06-01,112.01000213623047,112.8499984741211,108.2699966430664,109.19000244140625,106.67781066894531,11829700
2022-06-02,109.43000030517578,110.94999694824219,107.91000366210938,110.87000274658203,108.31915283203125,8829900
2022-06-03,109.16999816894531,109.8499984741211,107.91999816894531,108.66999816894531,106.16976928710938,6767600
2022-06-06,109.75,110.19000244140625,107.6500015258789,107.83000183105469,105.34908294677734,7575900
2022-06-07,106.79000091552734,107.91999816894531,106.0,107.79000091552734,105.31000518798828,7279100
2022-06-08,107.43000030517578,109.36000061035156,106.95999908447266,107.33999633789062,104.870361328125,7019500
2022-06-09,106.52999877929688,107.05999755859375,103.25,103.30000305175781,100.9233169555664,8261200
2022-06-10,101.43000030517578,102.12000274658203,99.37999725341797,99.4000015258789,97.11305236816406,15369700
2022-06-13,97.61000061035156,97.61000061035156,94.83000183105469,95.70999908447266,93.50794219970703,15239700
2022-06-14,96.2699966430664,96.2699966430664,93.0999984741211,94.22000122070312,92.05221557617188,12443700
2022-06-15,94.61000061035156,97.30000305175781,94.08999633789062,95.87999725341797,93.67401885986328,11751600
2022-06-16,94.01000213623047,95.37999725341797,93.41000366210938,94.27999877929688,92.11083984375,15298500
2022-06-17,94.01000213623047,95.97000122070312,93.47000122070312,94.33999633789062,92.16946411132812,15403800
2022-06-21,94.9000015258789,95.44999694824219,93.2699966430664,93.29000091552734,91.14362335205078,16649800
2022-06-22,92.16999816894531,94.61000061035156,92.01000213623047,93.5,91.34879302978516,11403500
2022-06-23,93.95999908447266,94.6500015258789,92.06999969482422,94.30000305175781,92.13038635253906,11348800
2022-06-24,95.44999694824219,98.56999969482422,95.4000015258789,97.77999877929688,95.53031158447266,11681200
2022-06-27,98.22000122070312,98.2300033569336,95.80000305175781,96.61000061035156,94.38723754882812,10793700
2022-06-28,99.73999786376953,100.4000015258789,95.77999877929688,95.91999816894531,93.71310424804688,16812400
2022-06-29,95.94999694824219,96.19999694824219,94.52999877929688,95.6500015258789,93.4493179321289,8653200
2022-06-30,94.41999816894531,95.44000244140625,92.54000091552734,94.4000015258789,92.22808837890625,10983500
2022-07-01,94.23999786376953,96.30999755859375,93.9800033569336,96.13999938964844,93.92805480957031,10543400
2022-07-05,94.26000213623047,97.2300033569336,92.30999755859375,97.18000030517578,94.94412231445312,10660600
2022-07-06,97.52999877929688,98.19000244140625,95.4000015258789,96.08000183105469,93.86943054199219,8640200
2022-07-07,96.9000015258789,97.52999877929688,95.93000030517578,97.43000030517578,95.18836975097656,7813100
2022-07-08,96.56999969482422,97.12000274658203,95.3499984741211,95.86000061035156,93.65448760986328,7717300
2022-07-11,95.0,95.33999633789062,93.43000030517578,93.63999938964844,91.4855728149414,7643700
2022-07-12,93.58000183105469,95.25,93.30999755859375,93.5999984741211,91.44648742675781,8665300
2022-07-13,92.12000274658203,93.25,91.01000213623047,92.94000244140625,90.80167388916016,12006400
2022-07-14,91.4800033569336,92.04000091552734,90.2300033569336,91.83999633789062,89.72698211669922,11146400
2022-07-15,92.91000366210938,95.31999969482422,92.69999694824219,95.19999694824219,93.00968170166016,14946700
2022-07-18,96.36000061035156,97.2699966430664,95.30999755859375,95.69999694824219,93.4981689453125,10430400
2022-07-19,96.68000030517578,99.8499984741211,96.68000030517578,99.61000061035156,97.31820678710938,13683400
2022-07-20,100.25,104.26000213623047,99.94999694824219,103.3499984741211,100.97216796875,15112700
2022-07-21,102.70999908447266,104.25,101.61000061035156,104.18000030517578,101.78307342529297,8611300
2022-07-22,103.27999877929688,104.56999969482422,102.11000061035156,102.72000122070312,100.3566665649414,7803500
2022-07-25,102.77999877929688,103.38999938964844,101.80999755859375,102.69000244140625,100.32735443115234,6726700
2022-07-26,102.13999938964844,102.36000061035156,99.55999755859375,99.77999877929688,97.48430633544922,6346600
2022-07-27,100.97000122070312,103.6500015258789,100.80999755859375,103.5,101.11871337890625,9684800
2022-07-28,103.25,104.97000122070312,102.70999908447266,104.9000015258789,102.48650360107422,7970300
2022-07-29,105.13999938964844,106.33999633789062,103.37000274658203,106.0999984741211,103.65889739990234,10320000
2022-08-01,104.87000274658203,106.6500015258789,103.86000061035156,106.22000122070312,103.77613067626953,7769700
2022-08-02,105.73999786376953,106.36000061035156,104.62000274658203,104.70999908447266,102.3008804321289,9093000
2022-08-03,105.7300033569336,109.69999694824219,105.7300033569336,109.0199966430664,106.51170349121094,11243000
2022-08-04,108.91999816894531,109.44999694824219,107.66000366210938,108.12000274658203,105.6324234008789,7322400
2022-08-05,106.80999755859375,107.69999694824219,105.37000274658203,106.62999725341797,104.17669677734375,10100000
2022-08-08,108.20999908447266,111.2300033569336,107.9000015258789,109.11000061035156,106.59963989257812,13025900
2022-08-09,109.22000122070312,109.22000122070312,107.02999877929688,108.12999725341797,105.64218139648438,8776500
2022-08-10,112.4800033569336,112.66999816894531,109.91000366210938,112.43000030517578,109.84326171875,26398700
2022-08-11,122.20999908447266,123.2699966430664,117.33000183105469,117.69000244140625,114.98224639892578,50375000
2022-08-12,119.0,121.61000061035156,118.91999816894531,121.56999969482422,118.7729721069336,21964800
2022-08-15,121.0,125.95999908447266,120.98999786376953,124.26000213623047,121.40107727050781,24628300
2022-08-16,124.7300033569336,126.4800033569336,123.44999694824219,124.95999908447266,122.08497619628906,14607300
2022-08-17,123.44999694824219,124.4800033569336,122.56999969482422,122.80999755859375,119.98443603515625,9140900
2022-08-18,123.01000213623047,123.12999725341797,121.70999908447266,122.66999816894531,119.84765625,7343900
2022-08-19,121.25,121.38999938964844,119.4800033569336,120.13999938964844,117.37586975097656,8702500
2022-08-22,117.69999694824219,118.20999908447266,115.69000244140625,115.94000244140625,113.27249908447266,11575800
2022-08-23,115.9800033569336,116.37000274658203,114.62000274658203,114.86000061035156,112.21734619140625,7180700
2022-08-24,114.66999816894531,117.16000366210938,114.0999984741211,116.41000366210938,113.731689453125,7840500
2022-08-25,117.0199966430664,117.7699966430664,116.11000061035156,117.45999908447266,114.75753021240234,6920900
2022-08-26,117.47000122070312,118.37000274658203,113.88999938964844,114.06999969482422,111.44551849365234,7807400
2022-08-29,112.54000091552734,114.47000122070312,112.41000366210938,113.52999877929688,110.9179458618164,6882700
2022-08-30,114.27999877929688,114.75,111.44999694824219,112.43000030517578,109.84326171875,8060000
2022-08-31,112.87000274658203,113.75,111.8499984741211,112.08000183105469,109.50131225585938,7353000
2022-09-01,111.79000091552734,112.58999633789062,110.02999877929688,112.52999877929688,109.94095611572266,7718700
2022-09-02,113.05000305175781,113.88999938964844,110.83999633789062,111.19999694824219,108.64154815673828,8465100
2022-09-06,111.7699966430664,111.77999877929688,108.5199966430664,110.08999633789062,107.55708312988281,9537300
2022-09-07,109.87000274658203,112.95999908447266,109.87000274658203,112.69000244140625,110.09728240966797,8193900
2022-09-08,111.06999969482422,112.98999786376953,110.36000061035156,112.33000183105469,109.74556732177734,8443300
2022-09-09,113.2699966430664,115.52999877929688,113.19000244140625,115.18000030517578,112.52998352050781,9563100
2022-09-12,116.13999938964844,117.48999786376953,115.2699966430664,116.38999938964844,113.7121353149414,7923400
2022-09-13,113.05000305175781,113.81999969482422,111.16999816894531,111.76000213623047,109.18866729736328,10504600
2022-09-14,111.8499984741211,112.73999786376953,109.87999725341797,112.5,109.9116439819336,8610400
2022-09-15,112.38999938964844,114.41000366210938,110.70999908447266,110.7699966430664,108.22144317626953,9739800
2022-09-16,109.20999908447266,109.58000183105469,106.95999908447266,108.25,105.75942993164062,15978800
2022-09-19,107.52999877929688,109.22000122070312,107.04000091552734,109.16999816894531,106.65826416015625,7979500
2022-09-20,108.27999877929688,108.41000366210938,106.86000061035156,107.56999969482422,105.09507751464844,6957400
2022-09-21,107.38999938964844,108.04000091552734,104.48999786376953,104.48999786376953,102.08592987060547,9776400
2022-09-22,104.20999908447266,104.66000366210938,102.0199966430664,102.16000366210938,99.8095474243164,10953400
2022-09-23,100.62000274658203,101.18000030517578,98.0199966430664,99.5,97.21074676513672,11976900
2022-09-26,98.94999694824219,100.66000366210938,98.05999755859375,98.12000274658203,95.86249542236328,9760500
2022-09-27,99.52999877929688,99.63999938964844,95.43000030517578,95.8499984741211,93.64471435546875,13360200
2022-09-28,95.79000091552734,99.87000274658203,95.44999694824219,99.4000015258789,97.11305236816406,12895500
2022-09-29,98.52999877929688,98.5999984741211,96.2300033569336,97.44999694824219,95.2079086303711,9435100
2022-09-30,96.5,97.4800033569336,94.27999877929688,94.33000183105469,92.1596908569336,12094900
2022-10-03,95.7300033569336,97.77999877929688,94.5,97.12999725341797,94.89527130126953,9468400
2022-10-04,98.68000030517578,101.5199966430664,98.2300033569336,101.44000244140625,99.10611724853516,10229000
2022-10-05,100.04000091552734,101.22000122070312,98.69999694824219,100.80000305175781,98.48082733154297,7562800
2022-10-06,100.43000030517578,101.45999908447266,99.87000274658203,100.04000091552734,97.73832702636719,6728200
2022-10-07,98.51000213623047,98.80000305175781,96.44999694824219,97.16000366210938,94.9245834350586,7051000
2022-10-10,97.58999633789062,97.73999786376953,94.41999816894531,95.16000366210938,92.9706039428711,9532300
2022-10-11,94.80999755859375,95.05999755859375,92.6500015258789,93.0999984741211,90.95799255371094,8900900
2022-10-12,93.16000366210938,94.06999969482422,92.19999694824219,93.41000366210938,91.2608642578125,6156200
2022-10-13,91.56999969482422,96.97000122070312,90.70999908447266,96.63999938964844,94.41654968261719,11025400
2022-10-14,97.47000122070312,98.08999633789062,94.33000183105469,94.44999694824219,92.27693176269531,8202100
2022-10-17,96.37999725341797,97.97000122070312,96.26000213623047,97.33000183105469,95.0906753540039,7083800
2022-10-18,99.87000274658203,100.37000274658203,97.63999938964844,98.4800033569336,96.2142105102539,8533500
2022-10-19,100.44000244140625,101.87000274658203,98.5,98.98999786376953,96.71247863769531,11731000
2022-10-20,98.2300033569336,100.75,98.11000061035156,98.58999633789062,96.32167053222656,8212400
2022-10-21,98.3499984741211,102.30000305175781,97.88999938964844,102.04000091552734,99.69229888916016,10193400
2022-10-24,102.12000274658203,103.19000244140625,100.12000274658203,101.72000122070312,99.37967681884766,8221500
2022-10-25,102.16000366210938,104.7300033569336,102.02999877929688,104.36000061035156,101.95893096923828,7687500
2022-10-26,103.52999877929688,107.43000030517578,103.52999877929688,104.62999725341797,102.22271728515625,9203700
2022-10-27,105.80999755859375,106.87000274658203,104.30999755859375,104.44000244140625,102.03710174560547,8673500
2022-10-28,104.08000183105469,106.08999633789062,103.52999877929688,105.94999694824219,103.51233673095703,7250900
2022-10-31,105.66000366210938,106.9000015258789,104.81999969482422,106.54000091552734,104.0887680053711,8814800
2022-11-01,107.69999694824219,108.83999633789062,105.63999938964844,106.0,103.56119537353516,7955800
2022-11-02,105.44999694824219,106.08000183105469,101.79000091552734,101.81999969482422,99.47737121582031,9583200
2022-11-03,100.19999694824219,100.69999694824219,98.55999755859375,99.25,96.96649169921875,8978400
2022-11-04,101.1500015258789,101.16000366210938,98.11000061035156,99.58000183105469,97.28890228271484,11035800
2022-11-07,100.87999725341797,101.55999755859375,98.98999786376953,100.43000030517578,98.11934661865234,11355200
2022-11-08,100.73999786376953,101.97000122070312,98.05000305175781,99.9000015258789,97.60154724121094,27130300
2022-11-09,90.55000305175781,91.0999984741211,86.27999877929688,86.75,84.75408935546875,62029800
2022-11-10,89.75,90.5,87.61000061035156,90.45999908447266,88.37872314453125,36968100
2022-11-11,91.58000183105469,95.58000183105469,91.0999984741211,95.01000213623047,92.82405090332031,22373300
2022-11-14,95.8499984741211,96.62000274658203,94.20999908447266,94.27999877929688,92.11083984375,20598000
2022-11-15,96.0,97.18000030517578,93.69999694824219,95.51000213623047,93.31255340576172,15801900
2022-11-16,95.22000122070312,95.22000122070312,93.72000122070312,93.94999694824219,91.7884292602539,11137700
2022-11-17,92.12000274658203,92.2699966430664,90.8499984741211,91.44999694824219,89.34595489501953,12306400
2022-11-18,92.86000061035156,93.16000366210938,90.91000366210938,91.80000305175781,89.68791198730469,10011700
2022-11-21,100.12000274658203,100.88999938964844,96.31999969482422,97.58000183105469,95.33492279052734,70273500
2022-11-22,97.0,97.66999816894531,94.68000030517578,96.20999908447266,93.9964370727539,25753700
2022-11-23,96.0,99.33999633789062,95.77999877929688,98.87999725341797,96.6050033569336,15503200
2022-11-25,98.80999755859375,99.80999755859375,98.08000183105469,98.87000274658203,96.5952377319336,6664300
2022-11-28,98.20999908447266,99.12999725341797,95.43000030517578,95.69000244140625,93.48841094970703,13660000
2022-11-29,96.0,96.43000030517578,93.91999816894531,94.69000244140625,92.51141357421875,13205300
2022-11-30,94.94999694824219,97.94000244140625,93.87000274658203,97.87000274658203,95.61824798583984,15368100
2022-12-01,97.87000274658203,98.83999633789062,96.58000183105469,98.58999633789062,96.32167053222656,13855700
2022-12-02,97.45999908447266,99.69000244140625,97.01000213623047,99.43000030517578,97.1423568725586,12608100
2022-12-05,98.23999786376953,99.16000366210938,95.66999816894531,95.93000030517578,93.72289276123047,10764500
2022-12-06,95.7300033569336,96.0,91.9800033569336,92.29000091552734,90.16663360595703,11492400
2022-12-07,92.66000366210938,92.79000091552734,91.26000213623047,92.1500015258789,90.02986145019531,10353400
2022-12-08,92.5,93.43000030517578,91.66999816894531,92.55000305175781,90.42064666748047,9351200
2022-12-09,92.37000274658203,94.91000366210938,91.9000015258789,93.37999725341797,91.2315444946289,10111900
2022-12-12,93.7300033569336,94.66000366210938,92.61000061035156,94.66000366210938,92.48210144042969,14140700
2022-12-13,96.48999786376953,97.38999938964844,93.56999969482422,94.69999694824219,92.52117156982422,22882100
2022-12-14,94.54000091552734,95.47000122070312,92.62000274658203,94.1500015258789,91.98383331298828,11505400
2022-12-15,92.47000122070312,93.12000274658203,90.12000274658203,90.48999786376953,88.40804290771484,15957700
2022-12-16,90.19000244140625,91.08000183105469,88.80999755859375,90.08000183105469,88.00747680664062,26383900
2022-12-19,89.44000244140625,89.45999908447266,85.41000366210938,85.77999877929688,83.80640411376953,19225300
2022-12-20,86.08000183105469,87.83999633789062,85.76000213623047,87.0199966430664,85.01788330078125,14918400
2022-12-21,87.19000244140625,88.0999984741211,86.4800033569336,86.91999816894531,84.92017364501953,11004800
2022-12-22,86.02999877929688,86.7300033569336,84.69000244140625,86.66999816894531,84.67593383789062,15487400
2022-12-23,86.05999755859375,88.06999969482422,85.7699966430664,88.01000213623047,85.98509979248047,11171600
2022-12-27,87.41999816894531,87.94000244140625,85.95999908447266,86.37000274658203,84.38284301757812,11561400
2022-12-28,86.08000183105469,86.69000244140625,84.06999969482422,84.16999816894531,82.23345184326172,12399500
2022-12-29,85.25,88.23999786376953,84.97000122070312,87.18000030517578,85.17420196533203,13045100
2022-12-30,85.7300033569336,87.12000274658203,85.2300033569336,86.87999725341797,84.88108825683594,23231000
2023-01-03,88.9800033569336,89.97000122070312,87.83000183105469,88.97000122070312,86.92302703857422,14997100
2023-01-04,90.0,92.75,89.36000061035156,91.9800033569336,89.86376190185547,14957200
2023-01-05,91.66000366210938,92.4800033569336,90.51000213623047,91.91999816894531,89.80513000488281,11622600
2023-01-06,92.66000366210938,94.69000244140625,91.31999969482422,93.91999816894531,91.75912475585938,9828100
2023-01-09,94.43000030517578,95.69999694824219,93.44999694824219,94.7699966430664,92.58956909179688,11675800
2023-01-10,94.27999877929688,95.63999938964844,93.81999969482422,95.55999755859375,93.36139678955078,6914600
2023-01-11,95.91999816894531,96.55000305175781,95.05000305175781,96.33000183105469,94.11368560791016,8757300
2023-01-12,98.5,100.62999725341797,97.56999969482422,99.80999755859375,97.51361083984375,19764300
2023-01-13,99.37999725341797,99.5999984741211,98.01000213623047,99.4000015258789,97.11305236816406,12230200
2023-01-17,100.31999969482422,100.98999786376953,99.0,99.91000366210938,97.61131286621094,14914200
2023-01-18,100.27999877929688,101.12999725341797,98.72000122070312,99.04000091552734,96.7613296508789,11384500
2023-01-19,98.12000274658203,99.44999694824219,97.12000274658203,99.08000183105469,96.8004150390625,10973600
2023-01-20,100.33999633789062,103.58999633789062,99.30000305175781,103.4800033569336,101.09916687011719,14549900
2023-01-23,103.29000091552734,105.94999694824219,102.91999816894531,105.69000244140625,103.25833129882812,11479100
2023-01-24,104.69999694824219,108.44000244140625,102.0,106.0,103.56119537353516,8606700
2023-01-25,104.95999908447266,108.16000366210938,104.18000030517578,108.12000274658203,105.6324234008789,10008000
2023-01-26,108.16999816894531,109.76000213623047,107.56999969482422,109.69999694824219,107.17606353759766,9204400
2023-01-27,109.26000213623047,110.58000183105469,109.16000366210938,109.54000091552734,107.0197525024414,10249700
2023-01-30,108.26000213623047,108.97000122070312,107.4800033569336,107.58999633789062,105.11460876464844,8548500
2023-01-31,107.58000183105469,108.72000122070312,107.44999694824219,108.48999786376953,105.99390411376953,8251700
2023-02-01,108.5,109.94000244140625,106.9000015258789,109.38999938964844,106.87319946289062,9975500
2023-02-02,110.66999816894531,113.52999877929688,109.69000244140625,113.20999908447266,110.60530090332031,13093200
2023-02-03,111.47000122070312,113.13999938964844,110.37000274658203,110.70999908447266,108.16282653808594,12472500
2023-02-06,110.16999816894531,110.43000030517578,108.52999877929688,109.87000274658203,107.3421630859375,11956500
2023-02-07,109.30000305175781,112.12000274658203,108.86000061035156,111.62999725341797,109.06166076660156,10844000
2023-02-08,112.19999694824219,113.33000183105469,110.29000091552734,111.77999877929688,109.20821380615234,27719900
2023-02-09,118.04000091552734,118.18000030517578,109.80999755859375,110.36000061035156,107.82087707519531,46137200
2023-02-10,108.95999908447266,109.73999786376953,107.20999908447266,108.05999755859375,105.57379150390625,15566000
2023-02-13,108.0999984741211,108.29000091552734,106.55000305175781,107.66000366210938,105.18301391601562,12341500
2023-02-14,106.81999969482422,108.44000244140625,105.81999969482422,107.66000366210938,105.18301391601562,10768100
2023-02-15,107.08999633789062,109.2699966430664,106.69999694824219,109.23999786376953,106.72665405273438,8156000
2023-02-16,107.55000305175781,108.0199966430664,105.69999694824219,105.83000183105469,103.39511108398438,9479900
2023-02-17,105.02999877929688,105.80000305175781,103.87999725341797,105.22000122070312,102.79914093017578,9492200
2023-02-21,103.55000305175781,103.7300033569336,101.83000183105469,102.08999633789062,99.74115753173828,10648200
2023-02-22,101.33000183105469,102.55999755859375,101.08999633789062,101.68000030517578,99.34059143066406,9885100
2023-02-23,101.44999694824219,102.05000305175781,99.61000061035156,101.7300033569336,99.38944244384766,10974800
2023-02-24,99.52999877929688,100.43000030517578,98.95999908447266,100.30000305175781,97.99234008789062,8523000
2023-02-27,100.7300033569336,101.47000122070312,100.05999755859375,100.44999694824219,98.13887786865234,6641200
2023-02-28,100.44999694824219,100.75,99.56999969482422,99.61000061035156,97.31820678710938,8233700
2023-03-01,99.19000244140625,99.62999725341797,98.0999984741211,98.54000091552734,96.27283477783203,7898300
2023-03-02,97.73999786376953,99.29000091552734,97.41999816894531,98.91999816894531,96.64408111572266,7776600
2023-03-03,99.66999816894531,101.18000030517578,98.87999725341797,101.13999938964844,98.8130111694336,7434300
2023-03-06,101.61000061035156,102.69999694824219,100.48999786376953,100.66000366210938,98.34406280517578,6773300
2023-03-07,100.4000015258789,100.94000244140625,98.88999938964844,99.05999755859375,96.7808609008789,6951300
2023-03-08,99.0,99.62000274658203,98.30000305175781,99.30000305175781,97.01534271240234,5668700
2023-03-09,99.44999694824219,100.05000305175781,95.91999816894531,96.13999938964844,93.92805480957031,8275600
2023-03-10,95.5999984741211,95.9000015258789,92.83000183105469,93.56999969482422,91.41718292236328,13978800
2023-03-13,91.88999938964844,94.0199966430664,90.45999908447266,92.5999984741211,90.46949768066406,11915300
2023-03-14,94.0,94.30000305175781,92.33999633789062,93.36000061035156,91.21200561523438,10323600
2023-03-15,91.62999725341797,93.36000061035156,91.41000366210938,93.0999984741211,90.95799255371094,9543800
2023-03-16,92.66999816894531,94.55999755859375,91.88999938964844,94.29000091552734,92.12060546875,9931700
2023-03-17,94.05000305175781,94.2699966430664,92.91000366210938,93.19999694824219,91.0556869506836,12943200
2023-03-20,93.43000030517578,94.91999816894531,93.0,94.22000122070312,92.05221557617188,6657200
2023-03-21,95.16999816894531,96.8499984741211,95.16999816894531,96.54000091552734,94.31884002685547,7285800
2023-03-22,97.44999694824219,97.93000030517578,94.81999969482422,94.9000015258789,92.71658325195312,8811100
2023-03-23,95.27999877929688,97.0199966430664,94.76000213623047,95.83000183105469,93.62518310546875,9527000
2023-03-24,94.80999755859375,95.0,93.0199966430664,94.08000183105469,91.91545104980469,9534600
2023-03-27,94.77999877929688,96.0199966430664,94.37999725341797,95.62000274658203,93.4200210571289,7487900
2023-03-28,95.51000213623047,96.0,94.58999633789062,94.81999969482422,92.63842010498047,5426100
2023-03-29,96.08000183105469,96.91000366210938,95.3499984741211,96.87000274658203,94.6412582397461,5889100
2023-03-30,98.7300033569336,98.91999816894531,97.66999816894531,98.0999984741211,95.84295654296875,7669500
2023-03-31,98.88999938964844,100.19999694824219,98.5,100.12999725341797,97.82624816894531,8920000
2023-04-03,100.20999908447266,100.43000030517578,99.2699966430664,99.76000213623047,97.46475982666016,7313200
2023-04-04,100.30000305175781,100.41999816894531,98.76000213623047,99.56999969482422,97.27912902832031,6794200
2023-04-05,99.69999694824219,100.18000030517578,98.62999725341797,99.91000366210938,97.61131286621094,7747200
2023-04-06,99.44000244140625,100.31999969482422,98.55000305175781,99.97000122070312,97.66992950439453,7042500
2023-04-10,99.30000305175781,100.80999755859375,98.9000015258789,100.80999755859375,98.4906005859375,8016600
2023-04-11,101.16000366210938,101.91000366210938,100.29000091552734,100.41999816894531,98.10958099365234,7504600
2023-04-12,101.25,102.22000122070312,97.69999694824219,97.94000244140625,95.68663787841797,9289200
2023-04-13,98.51000213623047,101.06999969482422,98.51000213623047,100.83999633789062,98.51991271972656,8745000
2023-04-14,100.5,100.86000061035156,98.93000030517578,99.9000015258789,97.60154724121094,7337300
2023-04-17,99.56999969482422,100.56999969482422,99.1500015258789,100.30000305175781,97.99234008789062,6705300
2023-04-18,100.61000061035156,101.1500015258789,99.5999984741211,100.93000030517578,98.60784912109375,8180100
2023-04-19,99.77999877929688,99.83000183105469,98.36000061035156,98.75,96.47799682617188,11523300
2023-04-20,97.75,98.58000183105469,97.38999938964844,98.06999969482422,95.81364440917969,7762700
2023-04-21,98.16000366210938,99.72000122070312,97.72000122070312,99.56999969482422,97.27912902832031,9468000
2023-04-24,100.1500015258789,100.73999786376953,98.66999816894531,99.68000030517578,97.3865966796875,8540600
2023-04-25,99.37999725341797,99.70999908447266,98.01000213623047,98.01000213623047,95.7550277709961,6511400
2023-04-26,97.83999633789062,98.4800033569336,96.45999908447266,96.61000061035156,94.38723754882812,8634500
2023-04-27,97.12999725341797,100.06999969482422,96.70999908447266,99.93000030517578,97.63085174560547,8166500
2023-04-28,99.37000274658203,102.55999755859375,99.08000183105469,102.5,100.1417236328125,11329700
2023-05-01,102.41000366210938,102.61000061035156,101.61000061035156,102.20999908447266,99.8583984375,6909500
2023-05-02,101.33000183105469,101.69999694824219,99.62000274658203,100.5999984741211,98.28544616699219,6955900
2023-05-03,101.05999755859375,102.58000183105469,100.63999938964844,100.86000061035156,98.5394515991211,7772100
2023-05-04,99.54000091552734,99.54000091552734,96.61000061035156,97.44999694824219,95.2079086303711,13260700
2023-05-05,98.58999633789062,100.8499984741211,98.11000061035156,100.5199966430664,98.20726776123047,9300100
2023-05-08,101.69999694824219,103.91000366210938,101.69000244140625,102.97000122070312,100.60090637207031,10810100
2023-05-09,102.91000366210938,102.9800033569336,102.08999633789062,102.18000030517578,99.82908630371094,6829900
2023-05-10,103.0,103.25,100.04000091552734,101.13999938964844,98.8130111694336,19525200
2023-05-11,94.80000305175781,95.11000061035156,91.87999725341797,92.30999755859375,90.18616485595703,57127200
2023-05-12,92.33999633789062,92.87999725341797,91.23999786376953,91.98999786376953,89.87351989746094,21837500
2023-05-15,91.54000091552734,92.87000274658203,90.69999694824219,92.86000061035156,90.72351837158203,16792000
2023-05-16,92.04000091552734,92.41999816894531,90.77999877929688,90.9800033569336,88.88677978515625,17013300
2023-05-17,91.0199966430664,93.05000305175781,90.8499984741211,92.7699966430664,90.63558959960938,12461600
2023-05-18,92.8499984741211,94.23999786376953,92.45999908447266,93.76000213623047,91.6028060913086,15014800
2023-05-19,93.0,93.0,91.31999969482422,91.3499984741211,89.24825286865234,16429000
2023-05-22,91.33000183105469,91.94000244140625,89.88999938964844,91.81999969482422,89.70744323730469,14150600
2023-05-23,91.0999984741211,92.02999877929688,89.80999755859375,89.81999969482422,87.75346374511719,14778700
2023-05-24,89.44000244140625,89.48999786376953,88.41000366210938,89.06999969482422,87.02070617675781,15350800
2023-05-25,89.55999755859375,89.55999755859375,87.79000091552734,88.13999938964844,86.11211395263672,13605800
2023-05-26,88.48999786376953,89.23999786376953,88.0999984741211,88.29000091552734,86.25865936279297,12892700
2023-05-30,88.97000122070312,88.97000122070312,87.01000213623047,87.81999969482422,85.79946899414062,14800700
2023-05-31,87.58000183105469,88.16999816894531,87.1500015258789,87.95999908447266,85.9362564086914,11440600
2023-06-01,88.4000015258789,89.05999755859375,87.11000061035156,88.58999633789062,86.5517578125,11993200
2023-06-02,89.62999725341797,91.33999633789062,89.5999984741211,90.7699966430664,88.68158721923828,14350200
2023-06-05,91.19999694824219,91.76000213623047,89.44000244140625,91.0,88.90631103515625,18506700
2023-06-06,91.0999984741211,92.51000213623047,91.0199966430664,92.16000366210938,90.03961944580078,12109100
2023-06-07,92.77999877929688,93.08000183105469,91.86000061035156,92.5199966430664,90.3913345336914,11082400
2023-06-08,92.5199966430664,92.68000030517578,91.30000305175781,92.52999877929688,90.40111541748047,9030200
2023-06-09,92.77999877929688,92.91999816894531,91.55000305175781,91.93000030517578,89.81491088867188,9625400
2023-06-12,92.25,93.2300033569336,91.7699966430664,93.13999938964844,90.99706268310547,12341600
2023-06-13,94.12000274658203,94.44000244140625,93.44000244140625,93.8499984741211,91.69074249267578,12964400
2023-06-14,94.26000213623047,94.5199966430664,91.91999816894531,92.44999694824219,90.32295227050781,15877400
2023-06-15,92.05999755859375,93.5199966430664,91.61000061035156,92.94000244140625,90.80167388916016,13354600
2023-06-16,92.87999725341797,92.97000122070312,90.86000061035156,91.31999969482422,89.21894836425781,22683400
2023-06-20,90.29000091552734,90.77999877929688,89.73999786376953,89.75,87.68506622314453,14939200
2023-06-21,89.55000305175781,89.66999816894531,88.11000061035156,88.63999938964844,86.6006088256836,17873000
2023-06-22,88.44000244140625,89.19000244140625,88.12000274658203,88.48999786376953,86.45405578613281,10915300
2023-06-23,88.0199966430664,88.4000015258789,87.61000061035156,88.0999984741211,86.07302856445312,13538000
2023-06-26,88.04000091552734,89.48999786376953,87.7699966430664,88.69999694824219,86.65923309326172,13132700
2023-06-27,88.9000015258789,89.66000366210938,88.48999786376953,89.05999755859375,87.01094055175781,10032700
2023-06-28,89.38999938964844,89.4000015258789,88.52999877929688,88.83000183105469,86.7862319946289,12118300
2023-06-29,87.80000305175781,89.12000274658203,87.33999633789062,88.94999694824219,86.90347290039062,13402600
2023-06-30,89.18000030517578,89.5999984741211,88.61000061035156,89.27999877929688,87.22587585449219,12837500
2023-07-03,89.12000274658203,90.94999694824219,88.91000366210938,90.5,88.41780853271484,7979500
2023-07-05,90.11000061035156,90.38999938964844,89.25,89.79000091552734,87.72415161132812,11028800
2023-07-06,88.66999816894531,88.83000183105469,87.77999877929688,88.73999786376953,86.69829559326172,12084600
2023-07-07,88.30999755859375,89.7300033569336,88.08000183105469,88.63999938964844,86.6006088256836,9705100
2023-07-10,88.25,88.68000030517578,87.86000061035156,88.0999984741211,86.07302856445312,13642600
2023-07-11,88.19999694824219,89.58999633789062,88.1500015258789,89.48999786376953,87.43103790283203,13735500
2023-07-12,90.11000061035156,90.70999908447266,89.56999969482422,90.1500015258789,88.07586669921875,14912100
2023-07-13,90.55000305175781,90.80999755859375,89.08000183105469,90.47000122070312,88.38851165771484,15325500
2023-07-14,90.41000366210938,90.48999786376953,88.41999816894531,88.62000274658203,86.58106994628906,17770000
2023-07-17,88.41999816894531,88.48999786376953,85.30000305175781,85.55999755859375,83.59146881103516,34503400
2023-07-18,85.51000213623047,87.30000305175781,85.30999755859375,85.94999694824219,83.97249603271484,21885100
2023-07-19,86.19999694824219,87.88999938964844,86.19000244140625,87.04000091552734,85.03741455078125,17177000
2023-07-20,86.83999633789062,87.18000030517578,86.02999877929688,86.20999908447266,84.22651672363281,15277500
2023-07-21,86.30000305175781,87.9000015258789,85.87999725341797,87.18000030517578,85.17420196533203,19901000
2023-07-24,87.48999786376953,87.95999908447266,86.55000305175781,86.5999984741211,84.6075439453125,13911900
2023-07-25,85.7300033569336,86.30999755859375,85.16000366210938,85.62999725341797,83.65986633300781,15335400
2023-07-26,85.66999816894531,86.2699966430664,85.44999694824219,85.86000061035156,83.88457489013672,14983700
2023-07-27,86.5999984741211,86.87999725341797,85.19000244140625,85.36000061035156,83.39607238769531,16691400
2023-07-28,85.86000061035156,86.58000183105469,85.44999694824219,86.12999725341797,84.14835357666016,13638300
2023-07-31,87.0,89.36000061035156,86.87999725341797,88.88999938964844,86.8448486328125,20837800
2023-08-01,89.12000274658203,89.7300033569336,88.45999908447266,89.02999877929688,86.98163604736328,13717500
2023-08-02,88.26000213623047,88.33000183105469,86.26000213623047,86.30000305175781,84.31444549560547,15162700
2023-08-03,85.81999969482422,86.45999908447266,85.44999694824219,85.48999786376953,83.52307891845703,14145400
2023-08-04,85.94000244140625,87.11000061035156,85.44999694824219,86.30000305175781,84.31444549560547,11533900
2023-08-07,86.66000366210938,87.2300033569336,85.98999786376953,86.83000183105469,84.8322525024414,10818400
2023-08-08,86.5,88.33000183105469,86.0999984741211,88.12999725341797,86.10233306884766,16767900
2023-08-09,89.19999694824219,89.55999755859375,87.04000091552734,87.48999786376953,85.47706604003906,32517900
2023-08-10,89.97000122070312,92.52999877929688,87.75,91.76000213623047,89.64883422851562,56716800
2023-08-11,91.31999969482422,91.3499984741211,88.86000061035156,89.0199966430664,86.97186279296875,21998900
2023-08-14,88.98999786376953,89.30000305175781,87.98999786376953,88.80999755859375,86.7667007446289,13676400
2023-08-15,87.98999786376953,88.2300033569336,86.88999938964844,87.05999755859375,85.05696105957031,13677900
2023-08-16,86.54000091552734,87.05999755859375,86.08000183105469,86.3499984741211,84.36328887939453,12182700
2023-08-17,86.91999816894531,86.95999908447266,85.80000305175781,85.91999816894531,83.94319152832031,14206000
2023-08-18,85.37000274658203,86.72000122070312,85.37000274658203,85.95999908447266,83.98226928710938,12364400
2023-08-21,85.80999755859375,86.25,85.41000366210938,85.87999725341797,83.90410614013672,11215000
2023-08-22,85.70999908447266,86.08999633789062,85.37000274658203,85.79000091552734,83.81617736816406,9835300
2023-08-23,85.80999755859375,86.33000183105469,85.63999938964844,85.83000183105469,83.85527038574219,7576000
2023-08-24,85.51000213623047,85.94999694824219,82.45999908447266,82.47000122070312,80.57257080078125,27531000
2023-08-25,83.06999969482422,83.6500015258789,82.45999908447266,83.36000061035156,81.44208526611328,16050900
2023-08-28,83.83000183105469,84.69000244140625,83.52999877929688,84.16000366210938,82.22367858886719,12166400
2023-08-29,83.79000091552734,84.55000305175781,83.7300033569336,84.4000015258789,82.45816040039062,11210700
2023-08-30,84.4000015258789,84.68000030517578,83.83000183105469,84.27999877929688,82.3409194946289,11816600
2023-08-31,84.45999908447266,84.61000061035156,83.63999938964844,83.68000030517578,81.75472259521484,10448000
2023-09-01,82.11000061035156,82.2300033569336,80.52999877929688,81.63999938964844,79.76166534423828,27701900
2023-09-05,81.41999816894531,82.38999938964844,81.18000030517578,81.19000244140625,79.322021484375,12741700
2023-09-06,80.79000091552734,82.08999633789062,80.52999877929688,80.9800033569336,79.11685180664062,15518500
2023-09-07,80.81999969482422,80.8499984741211,79.75,80.56999969482422,78.71627807617188,14768000
2023-09-08,80.54000091552734,81.66999816894531,80.16999816894531,81.58000183105469,79.70304107666016,16220900
2023-09-11,81.94000244140625,83.8499984741211,81.16999816894531,82.5199966430664,80.62140655517578,26579100
2023-09-12,83.02999877929688,84.66999816894531,82.56999969482422,83.68000030517578,81.75472259521484,16594600
2023-09-13,83.3499984741211,84.05000305175781,83.12000274658203,83.4800033569336,81.559326171875,9772700
2023-09-14,84.0,84.73999786376953,83.04000091552734,84.4800033569336,82.53632354736328,22371900
2023-09-15,85.22000122070312,86.19000244140625,84.61000061035156,85.58000183105469,83.61100769042969,21631200
2023-09-18,85.23999786376953,85.91999816894531,84.9800033569336,85.0199966430664,83.06388092041016,11894200
2023-09-19,83.91999816894531,84.79000091552734,81.70999908447266,81.94000244140625,80.05476379394531,21478900
2023-09-20,82.02999877929688,83.19999694824219,81.63999938964844,82.55999755859375,80.66049194335938,12715200
2023-09-21,82.05999755859375,83.66999816894531,81.91999816894531,82.7300033569336,80.82658386230469,14378000
2023-09-22,82.91000366210938,83.3499984741211,81.19999694824219,81.25,79.38064575195312,11495300
2023-09-25,81.55999755859375,81.7699966430664,80.55999755859375,81.01000213623047,79.14616394042969,11034400
2023-09-26,80.5,80.73999786376953,79.79000091552734,80.05000305175781,78.20824432373047,14867900
2023-09-27,80.12000274658203,80.55999755859375,79.22000122070312,79.9000015258789,78.06168365478516,14662500
2023-09-28,80.27999877929688,80.91999816894531,79.6500015258789,80.12999725341797,78.28640747070312,12229800
2023-09-29,80.66000366210938,81.33000183105469,80.41000366210938,81.05000305175781,79.18524169921875,11261400
2023-10-02,80.91999816894531,81.7699966430664,80.79000091552734,81.66999816894531,79.79097747802734,9128100
2023-10-03,81.25,81.88999938964844,79.45999908447266,79.54000091552734,77.70997619628906,12586200
2023-10-04,79.61000061035156,79.79000091552734,78.7300033569336,79.31999969482422,77.49503326416016,12010500
2023-10-05,79.0999984741211,80.94000244140625,78.87999725341797,80.80999755859375,78.95075988769531,15466600
2023-10-06,81.05000305175781,83.52999877929688,80.48999786376953,82.94000244140625,81.03174591064453,15391100
2023-10-09,84.30000305175781,84.87999725341797,83.12999725341797,84.69999694824219,82.75126647949219,13604400
2023-10-10,84.79000091552734,85.29000091552734,83.93000030517578,84.98999786376953,83.03457641601562,9450600
2023-10-11,85.37000274658203,85.72000122070312,84.26000213623047,84.8499984741211,82.8978042602539,9499200
2023-10-12,84.83000183105469,85.06999969482422,83.51000213623047,84.3499984741211,82.40931701660156,9554900
2023-10-13,83.94000244140625,84.58000183105469,83.37999725341797,84.3499984741211,82.40931701660156,10808000
2023-10-16,84.30999755859375,85.93000030517578,84.30999755859375,85.70999908447266,83.73802185058594,10275100
2023-10-17,85.3499984741211,86.29000091552734,85.30999755859375,86.19999694824219,84.21673583984375,9985700
2023-10-18,85.69000244140625,86.26000213623047,84.5999984741211,84.68000030517578,82.73171997070312,10047000
2023-10-19,85.26000213623047,85.2699966430664,83.16999816894531,83.25,81.3346176147461,14316800
2023-10-20,82.9000015258789,83.44000244140625,82.61000061035156,82.6500015258789,80.74842834472656,10437000
2023-10-23,82.08000183105469,84.02999877929688,80.91000366210938,83.0999984741211,81.18806457519531,10772500
2023-10-24,83.41000366210938,84.19999694824219,81.73999786376953,82.55999755859375,80.66049194335938,11499500
2023-10-25,82.12999725341797,82.55000305175781,80.5199966430664,80.58999633789062,78.73582458496094,9372500
2023-10-26,80.08000183105469,80.61000061035156,79.41999816894531,79.77999877929688,77.94445037841797,11651000
2023-10-27,79.75,81.02999877929688,79.2300033569336,79.33000183105469,77.50481414794922,10300600
2023-10-30,79.72000122070312,80.93000030517578,79.52999877929688,80.68000030517578,78.82374572753906,10291200
2023-10-31,80.69000244140625,81.66999816894531,80.33000183105469,81.58999633789062,79.71280670166016,8672200
2023-11-01,81.52999877929688,81.58000183105469,80.18000030517578,81.06999969482422,79.20477294921875,9093000
2023-11-02,81.8499984741211,83.30000305175781,81.81999969482422,83.29000091552734,81.37369537353516,11518500
2023-11-03,84.16999816894531,85.93000030517578,84.16000366210938,85.06999969482422,83.11273956298828,11331800
2023-11-06,85.08000183105469,85.80000305175781,83.58999633789062,84.0199966430664,82.08689880371094,14160900
2023-11-07,84.16000366210938,84.68000030517578,83.94999694824219,84.58999633789062,82.64379119873047,10540200
2023-11-08,84.13999938964844,84.91999816894531,83.94999694824219,84.5,82.55586242675781,26942600
2023-11-09,87.83999633789062,91.20999908447266,87.5999984741211,90.33999633789062,88.26148986816406,51062700
2023-11-10,90.12999725341797,90.16000366210938,86.94000244140625,88.2699966430664,86.2391128540039,25175700
2023-11-13,88.41999816894531,89.9000015258789,87.41000366210938,89.44000244140625,87.3822021484375,12834400
2023-11-14,90.02999877929688,91.54000091552734,89.98999786376953,91.06999969482422,88.97470092773438,13152000
2023-11-15,92.98999786376953,94.56999969482422,92.73999786376953,93.93000030517578,91.7688980102539,20593100
2023-11-16,93.88999938964844,94.61000061035156,93.62999725341797,94.51000213623047,92.33555603027344,12923900
2023-11-17,94.75,95.37999725341797,93.91999816894531,94.1500015258789,91.98383331298828,12189300
2023-11-20,93.9800033569336,95.58999633789062,93.87000274658203,95.02999877929688,92.84358978271484,14105300
2023-11-21,94.7300033569336,94.95999908447266,93.95999908447266,94.44999694824219,92.27693176269531,7654800
2023-11-22,94.91000366210938,95.70999908447266,94.76000213623047,95.06999969482422,92.8826675415039,7328200
2023-11-24,94.9000015258789,96.51000213623047,94.9000015258789,96.05999755859375,93.84989166259766,5440500
2023-11-27,95.73999786376953,95.73999786376953,94.5199966430664,95.16999816894531,92.9803695678711,11049500
2023-11-28,95.0,95.13999938964844,92.44999694824219,92.5,90.3718032836914,18660300
2023-11-29,92.5999984741211,93.23999786376953,91.44000244140625,92.5,90.3718032836914,13857000
2023-11-30,93.55000305175781,93.86000061035156,92.19999694824219,92.69000244140625,90.55742645263672,13396700
2023-12-01,92.73999786376953,92.83999633789062,91.7699966430664,92.58000183105469,90.449951171875,11898200
2023-12-04,91.9000015258789,92.41000366210938,91.61000061035156,92.01000213623047,89.89306640625,12602800
2023-12-05,91.61000061035156,91.77999877929688,89.93000030517578,90.79000091552734,88.70114135742188,12357000
2023-12-06,91.11000061035156,92.55000305175781,90.62000274658203,91.5,89.3947982788086,10462000
2023-12-07,91.80000305175781,93.38999938964844,91.6500015258789,92.3499984741211,90.22525024414062,10264700
2023-12-08,92.05999755859375,93.54000091552734,92.05999755859375,92.81999969482422,90.97998046875,9498200
2023-12-11,92.7300033569336,93.08000183105469,91.97000122070312,92.19999694824219,90.37226867675781,10811000
2023-12-12,92.12000274658203,92.19999694824219,90.86000061035156,91.06999969482422,89.2646713256836,13218400
2023-12-13,91.16999816894531,92.87000274658203,90.77999877929688,92.83000183105469,90.98979949951172,10173200
2023-12-14,93.20999908447266,94.83000183105469,93.20999908447266,93.94000244140625,92.07778930664062,12439300
2023-12-15,93.05000305175781,93.94999694824219,92.93000030517578,93.45999908447266,91.6072998046875,17551600
2023-12-18,92.69999694824219,93.70999908447266,92.69999694824219,92.86000061035156,91.0191879272461,9083600
2023-12-19,92.63999938964844,93.98999786376953,92.61000061035156,93.93000030517578,92.06797790527344,8804000
2023-12-20,93.23999786376953,94.2699966430664,91.25,91.2699966430664,89.4607162475586,13060600
2023-12-21,91.93000030517578,92.08000183105469,91.05999755859375,92.0199966430664,90.19583892822266,13037200
2023-12-22,91.62000274658203,92.23999786376953,90.75,91.0199966430664,89.21566772460938,9419800
2023-12-26,90.83999633789062,91.2699966430664,90.5999984741211,90.94999694824219,89.14705657958984,8086900
2023-12-27,90.91000366210938,90.94000244140625,90.04000091552734,90.37999725341797,88.58834838867188,11123500
2023-12-28,90.08999633789062,90.9800033569336,89.97000122070312,90.4000015258789,88.60795593261719,8479600
2023-12-29,90.12000274658203,90.5999984741211,89.86000061035156,90.29000091552734,88.50012969970703,9211000
2024-01-02,90.0999984741211,91.4800033569336,89.7300033569336,90.70999908447266,88.91181945800781,10587600
2024-01-03,90.2300033569336,92.08000183105469,90.0,91.6500015258789,89.83317565917969,11929800
2024-01-04,91.94000244140625,91.94000244140625,90.0,90.55999755859375,88.76478576660156,12087400
2024-01-05,90.41000366210938,91.31999969482422,90.36000061035156,90.9000015258789,89.09805297851562,9092100
2024-01-08,91.55000305175781,91.94000244140625,91.0,91.55000305175781,89.73516082763672,11103700
2024-01-09,91.05000305175781,91.0999984741211,89.5999984741211,89.66999816894531,87.89242553710938,11255100
2024-01-10,89.81999969482422,89.81999969482422,88.87999725341797,89.29000091552734,87.51996612548828,15091600
2024-01-11,89.38999938964844,89.77999877929688,88.69000244140625,89.44999694824219,87.67679595947266,9642200
2024-01-12,89.6500015258789,90.83000183105469,89.6500015258789,90.3499984741211,88.55894470214844,11919400
2024-01-16,90.29000091552734,93.08999633789062,89.45999908447266,93.05000305175781,91.20542907714844,16780900
2024-01-17,92.58000183105469,93.76000213623047,90.0999984741211,90.33999633789062,88.54914093017578,15735200
2024-01-18,90.66000366210938,92.51000213623047,90.41000366210938,92.20999908447266,90.38207244873047,12203200
2024-01-19,92.31999969482422,93.58000183105469,91.62999725341797,93.05999755859375,91.2152328491211,19790100
2024-01-22,92.87000274658203,95.2300033569336,92.87000274658203,95.08000183105469,93.19518280029297,15119400
2024-01-23,95.43000030517578,95.88999938964844,93.18000030517578,93.7699966430664,91.91114044189453,11559400
2024-01-24,94.41999816894531,95.25,93.26000213623047,93.5,91.6465072631836,10454900
2024-01-25,93.91999816894531,94.94000244140625,93.75,94.86000061035156,92.97954559326172,8661600
2024-01-26,95.0,95.52999877929688,94.69999694824219,95.36000061035156,93.4696273803711,7812800
2024-01-29,95.41999816894531,97.5,95.0,97.48999786376953,95.55741119384766,13422200
2024-01-30,96.5199966430664,97.54000091552734,96.01000213623047,96.94000244140625,95.018310546875,9139600
2024-01-31,96.41999816894531,97.56999969482422,95.80999755859375,96.05000305175781,94.14595794677734,9592300
2024-02-01,96.37000274658203,97.93000030517578,95.9000015258789,97.05999755859375,95.13593292236328,8484800
2024-02-02,96.27999877929688,97.41000366210938,95.81999969482422,97.12999725341797,95.20454406738281,9321300
2024-02-05,96.69999694824219,97.37000274658203,96.48999786376953,96.6500015258789,94.73405456542969,11679300
2024-02-06,96.91999816894531,99.31999969482422,96.79000091552734,99.29000091552734,97.32172393798828,16455500
2024-02-07,97.38999938964844,99.27999877929688,96.63999938964844,99.13999938964844,97.1747055053711,28886300
2024-02-08,107.08000183105469,112.7699966430664,106.80000305175781,110.54000091552734,108.34871673583984,60558400
2024-02-09,109.5999984741211,110.1500015258789,107.69000244140625,108.38999938964844,106.2413330078125,21509100
2024-02-12,107.87999725341797,111.05999755859375,107.83000183105469,109.29000091552734,107.12348937988281,13424000
2024-02-13,108.27999877929688,110.6500015258789,108.20999908447266,110.45999908447266,108.27029418945312,14594500
2024-02-14,110.58000183105469,111.68000030517578,109.66999816894531,111.55999755859375,109.34849548339844,11405500
2024-02-15,111.08000183105469,112.91999816894531,111.08000183105469,112.44999694824219,110.2208480834961,9961900
2024-02-16,112.0199966430664,112.55999755859375,111.16000366210938,111.5999984741211,109.38770294189453,8782200
2024-02-20,110.8499984741211,111.12999725341797,109.3499984741211,109.44000244140625,107.27051544189453,9770900
2024-02-21,108.4800033569336,109.22000122070312,107.23999786376953,107.66999816894531,105.53559875488281,10427500
2024-02-22,107.98999786376953,108.48999786376953,107.41000366210938,107.63999938964844,105.5062026977539,9266200
2024-02-23,107.56999969482422,108.0,105.83000183105469,107.73999786376953,105.60420989990234,11724000
2024-02-26,107.5199966430664,108.76000213623047,107.37999725341797,107.68000030517578,105.54541015625,8694200
2024-02-27,107.77999877929688,109.58000183105469,107.77999877929688,109.41999816894531,107.25090789794922,7595000
2024-02-28,108.77999877929688,111.04000091552734,108.66000366210938,110.80000305175781,108.60356140136719,10773000
2024-02-29,111.13999938964844,112.75,110.97000122070312,111.58000183105469,109.36809539794922,11658300
2024-03-01,111.44000244140625,112.1500015258789,111.02999877929688,111.94999694824219,109.73075866699219,7242400
2024-03-04,112.66999816894531,114.12999725341797,111.80000305175781,113.69000244140625,111.43627166748047,11558900
2024-03-05,113.61000061035156,115.19000244140625,112.2699966430664,112.87000274658203,110.63253021240234,14929600
2024-03-06,113.08000183105469,113.30000305175781,109.25,110.05999755859375,107.87823486328125,14743900
2024-03-07,110.69999694824219,111.08000183105469,109.19999694824219,110.18000030517578,107.995849609375,8609300
2024-03-08,110.18000030517578,111.30999755859375,109.33999633789062,110.31999969482422,108.1330795288086,10009200
2024-03-11,110.08999633789062,112.91000366210938,110.02999877929688,112.30999755859375,110.08362579345703,8794300
2024-03-12,112.5199966430664,112.94999694824219,111.63999938964844,112.45999908447266,110.23064422607422,8085000
2024-03-13,112.73999786376953,114.12999725341797,112.44000244140625,112.5,110.26985931396484,7267900
2024-03-14,111.73999786376953,112.3499984741211,109.51000213623047,112.05999755859375,109.83857727050781,10520500
2024-03-15,111.5999984741211,112.95999908447266,111.4000015258789,111.94999694824219,109.73075866699219,15364200
2024-03-18,112.29000091552734,114.43000030517578,112.29000091552734,113.8499984741211,111.59308624267578,11820800
2024-03-19,113.41000366210938,115.16999816894531,113.23999786376953,114.51000213623047,112.2400131225586,10999700
2024-03-20,114.61000061035156,116.51000213623047,114.36000061035156,116.45999908447266,114.15135955810547,11699600
2024-03-21,116.98999786376953,117.36000061035156,115.86000061035156,116.69999694824219,114.3865966796875,10353500
2024-03-22,116.91999816894531,117.66000366210938,115.83999633789062,115.87000274658203,113.57305145263672,7144800
2024-03-25,116.97000122070312,119.41000366210938,116.87000274658203,119.36000061035156,116.99388122558594,12103600
2024-03-26,119.62999725341797,120.4000015258789,118.19000244140625,119.93000030517578,117.55257415771484,11870000
2024-03-27,120.95999908447266,122.02999877929688,120.0199966430664,120.9800033569336,118.58175659179688,10782800
2024-03-28,121.25,123.73999786376953,121.19999694824219,122.36000061035156,119.93440246582031,15367400
2024-04-01,122.05999755859375,122.4000015258789,120.77999877929688,121.52999877929688,119.120849609375,8419700
2024-04-02,120.22000122070312,123.52999877929688,120.16000366210938,122.81999969482422,120.38528442382812,15517100
2024-04-03,122.2699966430664,123.69000244140625,118.37999725341797,118.9800033569336,116.62139892578125,22480400
2024-04-04,119.22000122070312,120.19000244140625,116.95999908447266,117.08999633789062,114.76886749267578,13815400
2024-04-05,116.5999984741211,118.86000061035156,116.30000305175781,118.37999725341797,116.03328704833984,9653900
2024-04-08,118.0199966430664,118.5199966430664,116.81999969482422,117.3499984741211,115.02371215820312,6266000
2024-04-09,117.37999725341797,118.51000213623047,116.88999938964844,117.97000122070312,115.63142395019531,7451100
2024-04-10,116.5999984741211,117.55999755859375,116.37000274658203,117.19000244140625,114.86688995361328,6746300
2024-04-11,117.58999633789062,118.27999877929688,116.37000274658203,117.1500015258789,114.82768249511719,6559400
2024-04-12,116.38999938964844,116.69999694824219,113.7300033569336,114.01000213623047,111.74992370605469,12155200
2024-04-15,114.87999725341797,115.55000305175781,112.7699966430664,112.94999694824219,110.71092987060547,9637100
2024-04-16,112.81999969482422,114.5,112.5199966430664,113.87999725341797,111.62249755859375,9291400
2024-04-17,114.0,114.20999908447266,112.88999938964844,112.94000244140625,110.70114135742188,7379000
2024-04-18,113.18000030517578,114.25,112.19000244140625,112.43000030517578,110.20124053955078,8235600
2024-04-19,111.72000122070312,112.72000122070312,111.08000183105469,112.61000061035156,110.37767791748047,9436000
2024-04-22,113.0999984741211,113.63999938964844,111.75,111.98999786376953,109.76996612548828,6901700
2024-04-23,112.83000183105469,114.23999786376953,112.80000305175781,113.70999908447266,111.45587158203125,6839300
2024-04-24,113.13999938964844,114.18000030517578,113.13999938964844,113.91999816894531,111.66170501708984,6157200
2024-04-25,111.22000122070312,112.88999938964844,110.38999938964844,112.7699966430664,110.53450775146484,8045900
2024-04-26,111.8499984741211,113.0199966430664,111.31999969482422,112.7300033569336,110.49530029296875,6304800
2024-04-29,113.04000091552734,113.87999725341797,110.33999633789062,112.08000183105469,109.85819244384766,7151200
2024-04-30,112.0,112.04000091552734,110.80000305175781,111.0999984741211,108.89761352539062,8156600
2024-05-01,111.29000091552734,111.98999786376953,110.20999908447266,110.4800033569336,108.28990173339844,6338400
2024-05-02,111.43000030517578,112.87000274658203,110.55999755859375,112.62000274658203,110.3874740600586,6799800
2024-05-03,113.54000091552734,114.11000061035156,112.80000305175781,113.66000366210938,111.4068603515625,7411100
2024-05-06,114.80000305175781,116.94000244140625,114.1500015258789,116.47000122070312,114.16116333007812,16303200
2024-05-07,107.25,107.87999725341797,104.20999908447266,105.38999938964844,103.3008041381836,55084600
2024-05-08,104.9000015258789,106.4800033569336,104.44000244140625,105.44000244140625,103.34980773925781,15238100
2024-05-09,104.62000274658203,106.12999725341797,104.38999938964844,105.80000305175781,103.70267486572266,15096000
2024-05-10,106.91999816894531,107.0199966430664,105.41999816894531,105.79000091552734,103.69287109375,15884600
2024-05-13,105.58999633789062,106.63999938964844,105.58999633789062,105.83000183105469,103.7320785522461,9666400
2024-05-14,105.30000305175781,105.98999786376953,104.94999694824219,105.3499984741211,103.2615966796875,11278400
2024-05-15,105.62000274658203,105.87999725341797,101.38999938964844,102.7699966430664,100.73273468017578,20745600
2024-05-16,103.04000091552734,104.02999877929688,102.83999633789062,103.37000274658203,101.32085418701172,9476700
2024-05-17,103.62999725341797,103.81999969482422,103.04000091552734,103.25,101.2032241821289,7356000
2024-05-20,103.33000183105469,103.66999816894531,102.5199966430664,102.9000015258789,100.86016082763672,7667400
2024-05-21,102.98999786376953,103.69999694824219,102.72000122070312,103.01000213623047,100.96798706054688,7333300
2024-05-22,102.9800033569336,103.83000183105469,102.75,103.0199966430664,100.97777557373047,7190300
2024-05-23,102.9800033569336,103.01000213623047,100.2699966430664,100.66000366210938,98.6645736694336,10504000
2024-05-24,100.8499984741211,102.08999633789062,100.69000244140625,101.76000213623047,99.74276733398438,6451600
2024-05-28,101.36000061035156,102.86000061035156,100.94999694824219,102.44000244140625,100.40928649902344,7813100
2024-05-29,101.76000213623047,102.08000183105469,100.7699966430664,100.87999725341797,98.88020324707031,7376300
2024-05-30,101.13999938964844,102.06999969482422,100.97000122070312,101.69999694824219,99.68394470214844,7300600
2024-05-31,101.5199966430664,104.08000183105469,101.41000366210938,103.91000366210938,101.85014343261719,14735800
2024-06-03,104.16999816894531,104.22000122070312,102.4800033569336,102.7699966430664,100.73273468017578,6908600
2024-06-04,102.11000061035156,103.48999786376953,101.62999725341797,103.33000183105469,101.28164672851562,7269100
2024-06-05,103.0,103.08000183105469,101.02999877929688,101.5,99.4879150390625,10796900
2024-06-06,101.05000305175781,101.93000030517578,100.80999755859375,101.20999908447266,99.20366668701172,10294700
2024-06-07,100.86000061035156,102.2699966430664,100.55000305175781,101.54000091552734,99.5271224975586,6047800
2024-06-10,101.25,102.8499984741211,100.63999938964844,102.73999786376953,100.70333099365234,7621900
2024-06-11,102.63999938964844,102.87999725341797,100.73999786376953,100.87000274658203,98.87041473388672,9134200
2024-06-12,101.19999694824219,101.69000244140625,100.25,100.80000305175781,98.80180358886719,9041800
2024-06-13,100.61000061035156,101.06999969482422,99.61000061035156,100.08999633789062,98.10586547851562,10164600
2024-06-14,99.80999755859375,100.37999725341797,99.25,99.97000122070312,97.98824310302734,7087600
2024-06-17,100.9800033569336,101.91999816894531,100.62000274658203,101.5199966430664,99.50751495361328,10389000
2024-06-18,101.12000274658203,101.76000213623047,100.61000061035156,101.5,99.4879150390625,7044700
2024-06-20,100.56999969482422,101.94000244140625,100.37999725341797,101.83999633789062,99.82118225097656,7886900
2024-06-21,101.80000305175781,102.54000091552734,101.58999633789062,102.2699966430664,100.2426528930664,14137300
2024-06-24,102.25,103.08000183105469,101.91000366210938,101.9800033569336,99.95840454101562,7393600
2024-06-25,102.66000366210938,103.68000030517578,101.7699966430664,102.19999694824219,100.17404174804688,10296100
2024-06-26,101.9000015258789,102.37000274658203,101.43000030517578,102.18000030517578,100.1544418334961,10122300
2024-06-27,102.04000091552734,102.27999877929688,101.80999755859375,102.16999816894531,100.14463806152344,8365200
2024-06-28,102.0199966430664,102.58000183105469,98.37999725341797,99.29000091552734,97.32172393798828,21439400
2024-07-01,99.4000015258789,99.73999786376953,97.87999725341797,98.04000091552734,96.09651184082031,15299000
2024-07-02,97.94000244140625,97.98999786376953,96.94999694824219,97.98999786376953,96.04749298095703,13340300
2024-07-03,97.83999633789062,99.08000183105469,97.83000183105469,98.61000061035156,96.65521240234375,5030000
2024-07-05,98.30999755859375,98.30999755859375,97.58000183105469,97.98999786376953,96.04749298095703,8550800
2024-07-08,97.69000244140625,98.29000091552734,96.88999938964844,97.37000274658203,95.8801040649414,8167600
2024-07-09,97.47000122070312,97.52999877929688,96.1500015258789,97.05000305175781,95.56499481201172,9044400
2024-07-10,96.94999694824219,97.27999877929688,96.25,96.97000122070312,95.48621368408203,7761100
2024-07-11,97.01000213623047,97.58000183105469,96.30000305175781,96.5999984741211,95.12187957763672,7422600
2024-07-12,97.0999984741211,97.83000183105469,96.9800033569336,97.12999725341797,95.64376068115234,6465700
2024-07-15,97.33000183105469,97.48999786376953,96.5999984741211,96.87000274658203,95.38774871826172,7417700
2024-07-16,97.0199966430664,98.72000122070312,96.54000091552734,98.47000122070312,96.96327209472656,10755500
2024-07-17,98.30000305175781,98.61000061035156,96.52999877929688,97.30999755859375,95.82101440429688,9456100
2024-07-18,97.36000061035156,98.05999755859375,96.68000030517578,96.79000091552734,95.30897521972656,7529400
2024-07-19,96.81999969482422,96.81999969482422,95.44000244140625,95.73999786376953,94.27503967285156,9301000
2024-07-22,95.11000061035156,95.16000366210938,93.48999786376953,94.12999725341797,92.6896743774414,13377000
2024-07-23,90.69999694824219,91.69000244140625,89.83000183105469,90.94000244140625,89.5484848022461,22534700
2024-07-24,90.22000122070312,90.75,89.58000183105469,89.80000305175781,88.42593383789062,11768500
2024-07-25,90.08000183105469,90.5,89.20999908447266,89.20999908447266,87.8449478149414,10765300
2024-07-26,90.0,90.55000305175781,89.33999633789062,89.93000030517578,88.55394744873047,11301900
2024-07-29,90.38999938964844,92.55000305175781,90.19000244140625,92.13999938964844,90.7301254272461,13024800
2024-07-30,91.66999816894531,94.04000091552734,91.66999816894531,93.79000091552734,92.35487365722656,9896100
2024-07-31,93.79000091552734,94.83999633789062,93.63999938964844,93.69000244140625,92.25640869140625,10241800
2024-08-01,93.86000061035156,93.94999694824219,92.5999984741211,93.05000305175781,91.6261978149414,9263600
2024-08-02,92.16000366210938,92.19999694824219,89.0,89.56999969482422,88.19944763183594,15433600
2024-08-05,86.88999938964844,89.55999755859375,86.41999816894531,87.77999877929688,86.43683624267578,19103200
2024-08-06,88.2300033569336,91.91000366210938,87.95999908447266,89.97000122070312,88.59333038330078,21717500
2024-08-07,88.0,89.23999786376953,85.75,85.95999908447266,84.64468383789062,30581900
2024-08-08,85.1500015258789,86.33000183105469,83.91000366210938,85.95999908447266,84.64468383789062,21890500
2024-08-09,86.12999725341797,86.25,84.70999908447266,86.20999908447266,84.89086151123047,16008400
2024-08-12,85.86000061035156,86.37999725341797,85.4800033569336,85.94999694824219,84.63483428955078,11754600
2024-08-13,86.45999908447266,86.45999908447266,85.30999755859375,85.5999984741211,84.29019927978516,14615200
2024-08-14,86.01000213623047,86.54000091552734,85.55999755859375,86.30000305175781,84.9794921875,9475100
2024-08-15,87.25,88.93000030517578,87.20999908447266,88.79000091552734,87.43138122558594,12401000
2024-08-16,88.95999908447266,89.66999816894531,88.33999633789062,89.30000305175781,87.93358612060547,10277700
2024-08-19,89.41000366210938,90.94999694824219,89.41000366210938,90.81999969482422,89.43031311035156,9723600
2024-08-20,90.38999938964844,90.66999816894531,89.30999755859375,89.73999786376953,88.3668441772461,8863400
2024-08-21,90.22000122070312,90.77999877929688,89.43000030517578,90.72000122070312,89.33185577392578,7637600
2024-08-22,90.98999786376953,91.37999725341797,89.69999694824219,89.91999816894531,88.5440902709961,7613000
2024-08-23,90.1500015258789,90.75,89.68000030517578,90.55999755859375,89.17430114746094,7369200
2024-08-26,90.91999816894531,91.80000305175781,90.91999816894531,91.77999877929688,90.3756332397461,8043800
2024-08-27,91.43000030517578,91.72000122070312,90.75,90.9000015258789,89.50910186767578,7237400
2024-08-28,90.33000183105469,90.62000274658203,88.76000213623047,89.48999786376953,88.12067413330078,8569700
2024-08-29,90.44999694824219,90.69999694824219,89.62999725341797,89.80999755859375,88.4357681274414,6181800
2024-08-30,89.9800033569336,90.44999694824219,89.4000015258789,90.37999725341797,88.99705505371094,8403600
2024-09-03,89.61000061035156,90.48999786376953,88.54000091552734,89.12999725341797,87.76618194580078,8465500
2024-09-04,88.94999694824219,90.0199966430664,88.81999969482422,89.25,87.88433837890625,6317200
2024-09-05,89.66999816894531,89.66999816894531,88.33999633789062,88.6500015258789,87.29352569580078,6234100
2024-09-06,88.44999694824219,89.08999633789062,87.72000122070312,87.94000244140625,86.59439086914062,7791500
2024-09-09,88.22000122070312,88.88999938964844,87.80999755859375,88.33999633789062,86.98826599121094,8750200
2024-09-10,88.33000183105469,88.88999938964844,87.9800033569336,88.4000015258789,87.04735565185547,6858300
2024-09-11,88.05000305175781,88.43000030517578,86.58999633789062,88.31999969482422,86.96858215332031,10779000
2024-09-12,88.22000122070312,89.33000183105469,88.18000030517578,89.30000305175781,87.93358612060547,7173300
2024-09-13,89.44999694824219,90.72000122070312,89.38999938964844,90.55000305175781,89.16445922851562,7084200
2024-09-16,91.0999984741211,92.37000274658203,90.94999694824219,91.8499984741211,90.4445571899414,9028600
2024-09-17,92.37000274658203,93.25,92.16999816894531,92.86000061035156,91.4391098022461,8193100
2024-09-18,93.5199966430664,94.06999969482422,92.69000244140625,93.58000183105469,92.14808654785156,10289800
2024-09-19,94.81999969482422,95.29000091552734,93.31999969482422,93.44999694824219,92.02008056640625,10912400
2024-09-20,93.19999694824219,94.01000213623047,92.81999969482422,93.75,92.31549072265625,19251500
2024-09-23,93.69999694824219,93.69999694824219,92.16000366210938,92.97000122070312,91.54743194580078,7338700
2024-09-24,93.33999633789062,93.79000091552734,92.45999908447266,93.69000244140625,92.25640869140625,7860300
2024-09-25,93.63999938964844,94.44000244140625,93.3499984741211,93.91999816894531,92.4828872680664,8408200
2024-09-26,94.45999908447266,95.79000091552734,94.18000030517578,95.19999694824219,93.7433090209961,10061600
2024-09-27,95.48999786376953,96.9000015258789,95.27999877929688,96.01000213623047,94.54090881347656,10155400
2024-09-30,96.8499984741211,97.56999969482422,95.44000244140625,96.19000244140625,94.7181625366211,7982300
2024-10-01,95.19000244140625,95.8499984741211,93.31999969482422,94.05000305175781,92.61090850830078,10099200
2024-10-02,93.58999633789062,94.58000183105469,93.58999633789062,94.1500015258789,92.7093734741211,6144200
2024-10-03,93.61000061035156,94.08999633789062,93.12999725341797,93.62999725341797,92.19732666015625,6180300
2024-10-04,94.30000305175781,95.33999633789062,93.88999938964844,95.1500015258789,93.69406127929688,6308900
2024-10-07,95.08999633789062,95.13999938964844,91.76000213623047,92.38999938964844,90.97628784179688,11043600
2024-10-08,92.5199966430664,93.73999786376953,91.69000244140625,92.51000213623047,91.09446716308594,10209100
2024-10-09,91.86000061035156,94.01000213623047,91.45999908447266,93.5999984741211,92.16778564453125,8654500
2024-10-10,93.72000122070312,93.87999725341797,92.69000244140625,92.98999786376953,91.56712341308594,6698000
2024-10-11,92.8499984741211,94.61000061035156,92.80000305175781,94.12999725341797,92.6896743774414,8089100
2024-10-14,94.18000030517578,95.19000244140625,93.80000305175781,94.97000122070312,93.5168228149414,6262000
2024-10-15,95.25,95.6500015258789,93.68000030517578,94.22000122070312,92.7782974243164,6535800
2024-10-16,93.7300033569336,96.79000091552734,93.62999725341797,96.75,95.26958465576172,9936300
2024-10-17,96.93000030517578,97.33000183105469,95.61000061035156,96.54000091552734,95.06279754638672,9542500
2024-10-18,97.01000213623047,97.54000091552734,96.05000305175781,97.27999877929688,95.79147338867188,8609700
2024-10-21,97.19999694824219,97.44999694824219,95.94999694824219,96.62000274658203,95.1415786743164,8189900
2024-10-22,96.19999694824219,97.26000213623047,96.19999694824219,96.73999786376953,95.25973510742188,5344300
2024-10-23,96.93000030517578,97.13999938964844,95.98999786376953,96.23999786376953,94.76738739013672,5388500
2024-10-24,96.5999984741211,96.80000305175781,95.25,95.4000015258789,93.94023895263672,5015300
2024-10-25,95.80999755859375,96.8499984741211,95.01000213623047,95.02999877929688,93.57589721679688,6638100
2024-10-28,95.22000122070312,96.69000244140625,95.20999908447266,96.19999694824219,94.72799682617188,8146400
2024-10-29,96.26000213623047,96.62000274658203,95.68000030517578,96.12999725341797,94.65907287597656,6834400
2024-10-30,95.69999694824219,96.70999908447266,94.94000244140625,95.08000183105469,93.62513732910156,7718200
2024-10-31,95.2699966430664,96.62999725341797,95.0,96.19999694824219,94.72799682617188,8147700
2024-11-01,95.69999694824219,96.38999938964844,94.83000183105469,95.80999755859375,94.34396362304688,7944900
2024-11-04,95.83000183105469,96.0199966430664,95.02999877929688,95.79000091552734,94.32427215576172,6088000
2024-11-05,95.5999984741211,96.66999816894531,95.25,96.62999725341797,95.15142059326172,6561700
2024-11-06,98.20999908447266,99.55000305175781,98.20999908447266,98.88999938964844,97.37683868408203,11325100
2024-11-07,98.77999877929688,99.5199966430664,98.12999725341797,98.93000030517578,97.41622161865234,7805100
2024-11-08,98.7300033569336,99.26000213623047,97.61000061035156,99.0199966430664,97.50484466552734,7982100
2024-11-11,99.0,100.9000015258789,99.0,100.86000061035156,99.31669616699219,9137900
2024-11-12,100.55000305175781,101.29000091552734,99.5,100.98999786376953,99.44470977783203,9366200
2024-11-13,100.79000091552734,103.19999694824219,100.3499984741211,102.72000122070312,101.14823913574219,17701300
2024-11-14,110.33000183105469,114.80999755859375,108.4000015258789,109.12000274658203,107.45030975341797,47436100
2024-11-15,110.25,115.19000244140625,110.25,115.08000183105469,113.31910705566406,32048000
2024-11-18,113.33000183105469,115.44000244140625,112.88999938964844,113.54000091552734,111.80267333984375,14226200
2024-11-19,112.05000305175781,112.5,110.81999969482422,112.41999816894531,110.6998062133789,12166800
2024-11-20,112.26000213623047,114.37000274658203,111.47000122070312,114.26000213623047,112.51165771484375,9319300
2024-11-21,114.1500015258789,116.25,113.83000183105469,114.72000122070312,112.9646224975586,10261000
2024-11-22,113.8499984741211,116.33999633789062,113.5999984741211,115.6500015258789,113.8803939819336,10098000
2024-11-25,115.68000030517578,116.58000183105469,114.93000030517578,116.0,114.22503662109375,10397800
2024-11-26,116.0,116.41999816894531,115.44000244140625,115.44999694824219,113.68344116210938,6808100
2024-11-27,115.44999694824219,118.19999694824219,115.44999694824219,117.5999984741211,115.80054473876953,8142400
2024-11-29,117.26000213623047,117.73999786376953,116.7300033569336,117.47000122070312,115.67253875732422,5095200
2024-12-02,117.77999877929688,118.62999725341797,116.55000305175781,117.16000366210938,115.3672866821289,8390500
2024-12-03,117.0,117.2300033569336,115.44999694824219,116.44999694824219,114.66813659667969,9194000
2024-12-04,115.97000122070312,117.29000091552734,115.83999633789062,116.98999786376953,115.19989013671875,7996200
2024-12-05,116.55000305175781,117.2699966430664,116.05999755859375,116.5,114.7173843383789,9823600
2024-12-06,116.55000305175781,117.26000213623047,116.22000122070312,116.7300033569336,114.9438705444336,6677900
2024-12-09,116.38999938964844,117.18000030517578,113.91000366210938,114.61000061035156,112.8563003540039,8666100
2024-12-10,114.6500015258789,114.94999694824219,113.72000122070312,114.7300033569336,112.97447204589844,7526400
2024-12-11,114.63999938964844,115.05000305175781,113.9800033569336,114.61000061035156,112.8563003540039,6426800
2024-12-12,114.69999694824219,115.01000213623047,114.16000366210938,114.9000015258789,113.1418685913086,5285100
2024-12-13,114.31999969482422,114.95999908447266,113.30000305175781,113.33999633789062,111.60572814941406,6864500
2024-12-16,113.0,113.06999969482422,111.7300033569336,112.11000061035156,110.88372039794922,10528500
2024-12-17,111.02999877929688,114.04000091552734,110.80000305175781,113.0199966430664,111.78376007080078,12238600
2024-12-18,113.33999633789062,116.12000274658203,111.23999786376953,111.3499984741211,110.13203430175781,12292800
2024-12-19,111.66000366210938,112.91000366210938,111.25,111.37000274658203,110.15181732177734,9468500
2024-12-20,110.61000061035156,112.97000122070312,110.43000030517578,112.02999877929688,110.8045883178711,17955300
2024-12-23,111.61000061035156,111.8499984741211,110.30999755859375,111.4000015258789,110.18148803710938,6037200
2024-12-24,111.25,112.73999786376953,111.19000244140625,112.55999755859375,111.32878875732422,2475000
2024-12-26,112.12000274658203,113.31999969482422,111.86000061035156,112.55000305175781,111.31890869140625,4781400
2024-12-27,111.81999969482422,112.12000274658203,110.86000061035156,111.55000305175781,110.32984924316406,4523800
2024-12-30,110.43000030517578,111.54000091552734,109.83000183105469,110.80000305175781,109.58805084228516,5716300
2024-12-31,110.77999877929688,111.58999633789062,110.66999816894531,111.3499984741211,110.13203430175781,4757500
2025-01-02,111.69999694824219,112.19999694824219,110.16999816894531,110.81999969482422,109.60783386230469,5688100
2025-01-03,111.37000274658203,111.54000091552734,110.18000030517578,111.16000366210938,109.9441146850586,5393100
2025-01-06,111.47000122070312,112.8499984741211,110.87000274658203,111.05000305175781,109.83531951904297,6274400
2025-01-07,112.1500015258789,113.73999786376953,111.29000091552734,111.38999938964844,110.17160034179688,7878800
2025-01-08,111.0,111.11000061035156,108.63999938964844,109.76000213623047,108.5594253540039,7805300
2025-01-10,110.0,110.54000091552734,107.62000274658203,108.6500015258789,107.4615707397461,8835500
2025-01-13,107.93000030517578,108.61000061035156,106.72000122070312,108.08000183105469,106.8978042602539,6690200
2025-01-14,108.68000030517578,108.95999908447266,107.61000061035156,108.12000274658203,106.93737030029297,5501600
2025-01-15,109.16999816894531,109.5999984741211,107.98999786376953,108.18000030517578,106.9967041015625,6296900
2025-01-16,108.29000091552734,108.5999984741211,106.16000366210938,106.45999908447266,105.29552459716797,7872800
2025-01-17,106.83000183105469,107.73999786376953,106.54000091552734,107.0199966430664,105.84939575195312,7144300
2025-01-21,107.0999984741211,109.44999694824219,106.80000305175781,108.69999694824219,107.51101684570312,8643700
2025-01-22,109.55000305175781,109.55000305175781,108.2300033569336,108.80999755859375,107.61981964111328,8781700
2025-01-23,108.5,111.06999969482422,108.48999786376953,111.04000091552734,109.82542419433594,7608300
2025-01-24,111.16000366210938,113.38999938964844,110.62999725341797,112.16000366210938,110.93317413330078,8304500
2025-01-27,111.68000030517578,114.08000183105469,111.45999908447266,113.33999633789062,112.10025787353516,10176900
2025-01-28,112.8499984741211,112.95999908447266,111.55999755859375,112.13999938964844,110.91339111328125,6516800
2025-01-29,113.5,114.37999725341797,112.76000213623047,113.19000244140625,111.95191192626953,7607100
2025-01-30,114.08999633789062,115.18000030517578,113.12000274658203,113.43000030517578,112.18927764892578,6236200
2025-01-31,113.30000305175781,114.01000213623047,112.76000213623047,113.05999755859375,111.82332611083984,7793400
2025-02-03,111.3499984741211,114.5999984741211,110.86000061035156,114.0,112.75304412841797,8870700
2025-02-04,113.80000305175781,114.66000366210938,112.51000213623047,113.30000305175781,112.06070709228516,13521100
2025-02-05,115.69999694824219,118.58999633789062,110.2300033569336,110.54000091552734,109.33089447021484,23310000
2025-02-06,111.87999725341797,112.68000030517578,109.1500015258789,112.08999633789062,110.86393737792969,12470800
2025-02-07,111.61000061035156,112.55000305175781,110.80999755859375,110.86000061035156,109.64739990234375,8669300
2025-02-10,111.13999938964844,111.37999725341797,108.69000244140625,109.27999877929688,108.08467102050781,8239500
2025-02-11,108.37999725341797,109.05000305175781,107.69000244140625,109.0199966430664,107.8275146484375,7456700
2025-02-12,108.25,109.52999877929688,107.75,109.2300033569336,108.03522491455078,6521200
2025-02-13,108.91999816894531,109.76000213623047,108.55999755859375,109.58999633789062,108.39128112792969,6553200
2025-02-14,109.86000061035156,110.51000213623047,109.58999633789062,110.37999725341797,109.17264556884766,5964500
2025-02-18,109.77999877929688,109.91999816894531,108.70999908447266,109.55999755859375,108.36161041259766,8362900
2025-02-19,109.13999938964844,111.76000213623047,109.13999938964844,111.3499984741211,110.13203430175781,8452100
2025-02-20,111.23999786376953,111.5199966430664,109.37999725341797,110.55000305175781,109.34078216552734,5970100
2025-02-21,111.0,111.76000213623047,107.91999816894531,108.66000366210938,107.4714584350586,9082100
2025-02-24,108.83999633789062,111.55999755859375,108.6500015258789,111.19999694824219,109.9836654663086,7093300
2025-02-25,111.43000030517578,111.9000015258789,109.06999969482422,110.52999877929688,109.32099914550781,7289000
2025-02-26,110.05999755859375,113.25,110.05999755859375,111.83000183105469,110.6067886352539,7831600
2025-02-27,112.31999969482422,113.12000274658203,111.05999755859375,111.30999755859375,110.09246826171875,7854700
2025-02-28,111.45999908447266,113.98999786376953,111.0,113.80000305175781,112.55523681640625,14609400
2025-03-03,114.06999969482422,115.55000305175781,112.0,112.79000091552734,111.55628204345703,7884700
2025-03-04,111.69999694824219,112.25,108.2699966430664,109.01000213623047,107.817626953125,12658000
2025-03-05,109.33999633789062,110.94000244140625,108.22000122070312,109.30999755859375,108.11434173583984,9956100
2025-03-06,108.37999725341797,108.83000183105469,105.0199966430664,105.43000030517578,104.27678680419922,11618800
2025-03-07,105.0,105.7699966430664,103.30999755859375,105.51000213623047,104.35591125488281,12715900
2025-03-10,104.43000030517578,104.80000305175781,102.11000061035156,103.08000183105469,101.95249938964844,10947100
2025-03-11,99.79000091552734,101.04000091552734,97.44999694824219,97.9000015258789,96.82915496826172,16906000
2025-03-12,98.68000030517578,99.48999786376953,96.37999725341797,98.76000213623047,97.67974853515625,11891800
2025-03-13,97.7699966430664,98.6500015258789,95.93000030517578,96.87000274658203,95.81041717529297,11059500
2025-03-14,97.44000244140625,99.0999984741211,97.41999816894531,98.63999938964844,97.5610580444336,10199800
2025-03-17,98.73999786376953,100.12000274658203,98.66000366210938,99.36000061035156,98.27317810058594,8332100
2025-03-18,99.2699966430664,99.7300033569336,98.4800033569336,99.3499984741211,98.26329040527344,6727000
2025-03-19,99.66000366210938,100.95999908447266,99.47000122070312,100.29000091552734,99.1930160522461,8614600
2025-03-20,99.56999969482422,100.05000305175781,98.63999938964844,98.86000061035156,97.77864837646484,7836500
2025-03-21,98.37999725341797,99.88999938964844,97.75,99.45999908447266,98.3720932006836,15089900
2025-03-24,100.22000122070312,100.44000244140625,98.86000061035156,100.18000030517578,99.08421325683594,8224400
2025-03-25,100.6500015258789,101.76000213623047,100.41000366210938,101.61000061035156,100.49857330322266,7365200
2025-03-26,101.69999694824219,102.2699966430664,100.26000213623047,100.77999877929688,99.67765045166016,6314000
2025-03-27,100.70999908447266,101.02999877929688,99.58000183105469,100.44999694824219,99.35125732421875,6598800
2025-03-28,100.05000305175781,100.38999938964844,97.73999786376953,98.06999969482422,96.9972915649414,7679700
2025-03-31,96.83000183105469,98.8499984741211,95.69999694824219,98.69999694824219,97.62039947509766,10554000
2025-04-01,98.31999969482422,98.58999633789062,96.83999633789062,97.68000030517578,96.61155700683594,8762700
2025-04-02,96.62000274658203,98.30999755859375,96.44999694824219,97.87999725341797,96.80937194824219,7959900
2025-04-03,94.51000213623047,94.77999877929688,88.61000061035156,88.83999633789062,87.86824798583984,19353400
2025-04-04,86.0,87.54000091552734,83.08000183105469,83.52999877929688,82.6163330078125,22580900
2025-04-07,80.98999786376953,86.62999725341797,80.0999984741211,83.30000305175781,82.38885498046875,20456000
2025-04-08,85.94999694824219,86.94999694824219,80.8499984741211,81.72000122070312,80.82613372802734,14845600
2025-04-09,81.29000091552734,92.25,81.19000244140625,91.44000244140625,90.43981170654297,24970900
2025-04-10,88.91999816894531,89.01000213623047,83.06999969482422,85.2300033569336,84.29774475097656,16377000
2025-04-11,85.11000061035156,85.66999816894531,83.3499984741211,84.88999938964844,83.96145629882812,10204400
2025-04-14,85.83000183105469,86.44999694824219,84.02999877929688,84.66000366210938,83.73397827148438,10841300
2025-04-15,84.75,85.9800033569336,84.5199966430664,85.01000213623047,84.08014678955078,7840500
2025-04-16,84.27999877929688,84.80000305175781,82.01000213623047,82.7699966430664,81.8646469116211,10144300
2025-04-17,83.37000274658203,85.77999877929688,83.36000061035156,84.80999755859375,83.88233184814453,14810900
2025-04-21,84.91000366210938,85.2300033569336,82.9800033569336,84.0,83.08119201660156,14166800
2025-04-22,85.01000213623047,86.55999755859375,84.5999984741211,86.08999633789062,85.14833068847656,9578500
2025-04-23,89.02999877929688,89.87000274658203,87.02999877929688,87.29000091552734,86.335205078125,12089100
2025-04-24,87.44999694824219,90.23999786376953,86.7699966430664,90.01000213623047,89.02545928955078,10310000
2025-04-25,90.06999969482422,90.33999633789062,89.06999969482422,90.27999877929688,89.2925033569336,7749600
2025-04-28,90.44999694824219,91.37000274658203,89.63999938964844,90.16000366210938,89.17382049560547,8491800
2025-04-29,89.83000183105469,91.66000366210938,89.76000213623047,91.16999816894531,90.17276000976562,6359900
2025-04-30,89.88999938964844,91.19000244140625,88.55999755859375,90.94999694824219,89.95516967773438,8474800
2025-05-01,91.2699966430664,91.61000061035156,90.36000061035156,90.80999755859375,89.81670379638672,7790600
2025-05-02,91.83999633789062,93.19000244140625,91.83999633789062,92.48999786376953,91.47832489013672,7594000
2025-05-05,89.69999694824219,93.08000183105469,89.61000061035156,92.11000061035156,91.10248565673828,10231000
2025-05-06,91.19999694824219,92.73999786376953,91.0,92.16999816894531,91.16182708740234,11839400
2025-05-07,102.41999816894531,103.30999755859375,100.13999938964844,102.08999633789062,100.97332000732422,36155300
2025-05-08,103.97000122070312,106.19000244140625,103.86000061035156,105.12000274658203,103.97017669677734,19265400
2025-05-09,105.26000213623047,106.19000244140625,104.76000213623047,105.94000244140625,104.78121185302734,10438200
2025-05-12,109.87000274658203,110.94000244140625,108.66000366210938,110.48999786376953,109.28144073486328,18366600
2025-05-13,110.25,112.19999694824219,110.1500015258789,111.37999725341797,110.16169738769531,14076700
2025-05-14,111.37999725341797,113.41000366210938,110.83000183105469,112.94000244140625,111.70464324951172,15352200
2025-05-15,112.2300033569336,112.8499984741211,111.58000183105469,112.22000122070312,110.99252319335938,8322400
2025-05-16,111.91999816894531,113.44000244140625,111.41999816894531,113.41999816894531,112.17938995361328,10961000
2025-05-19,112.12000274658203,112.98999786376953,111.9000015258789,112.66000366210938,111.4277114868164,7209700
2025-05-20,112.44000244140625,113.4000015258789,111.80999755859375,112.36000061035156,111.13098907470703,6433300
2025-05-21,111.69000244140625,112.48999786376953,110.12999725341797,110.45999908447266,109.25176239013672,10150600
2025-05-22,109.9800033569336,111.80000305175781,109.9800033569336,111.12999725341797,109.91443634033203,7903700
2025-05-23,109.5999984741211,110.3499984741211,108.77999877929688,109.72000122070312,108.51986694335938,8086100
2025-05-27,111.02999877929688,112.88999938964844,110.1500015258789,112.36000061035156,111.13098907470703,10201100
2025-05-28,112.19999694824219,112.47000122070312,111.16999816894531,111.5199966430664,110.3001708984375,5787900
2025-05-29,112.01000213623047,112.26000213623047,110.5199966430664,112.0199966430664,110.7947006225586,9682100
2025-05-30,112.01000213623047,113.3499984741211,111.37000274658203,113.04000091552734,111.80354309082031,12881100
2025-06-02,112.68000030517578,113.5999984741211,112.25,112.94999694824219,111.71452331542969,7546800
2025-06-03,112.7300033569336,114.69000244140625,112.5199966430664,113.5999984741211,112.357421875,9738800
2025-06-04,113.86000061035156,114.05000305175781,112.9800033569336,113.48999786376953,112.24862670898438,5614900
2025-06-05,113.7300033569336,114.33999633789062,111.83999633789062,112.52999877929688,111.29912567138672,8547200
2025-06-06,113.36000061035156,114.22000122070312,113.20999908447266,113.9000015258789,112.65414428710938,5790700
2025-06-09,113.9800033569336,116.11000061035156,113.9800033569336,115.66000366210938,114.39488983154297,7960400
2025-06-10,115.52999877929688,120.5,115.52999877929688,118.7300033569336,117.43131256103516,18948400
2025-06-11,118.37999725341797,119.55000305175781,117.6500015258789,119.5199966430664,118.2126693725586,10439200
2025-06-12,118.87000274658203,119.38999938964844,117.66000366210938,118.61000061035156,117.3126220703125,7980300
2025-06-13,117.30999755859375,118.31999969482422,117.30000305175781,117.94000244140625,116.64995574951172,13204900
2025-06-16,118.0199966430664,120.33999633789062,117.87000274658203,119.4800033569336,118.17311096191406,9592100
2025-06-17,118.98999786376953,119.33000183105469,117.6500015258789,118.12999725341797,116.8378677368164,9241200
2025-06-18,117.87999725341797,118.75,116.83999633789062,117.86000061035156,116.57083129882812,8181200
2025-06-20,118.25,119.05000305175781,116.9000015258789,117.62999725341797,116.34333801269531,17180400
2025-06-23,116.66000366210938,117.98999786376953,115.0199966430664,117.75,116.46202850341797,8348000
2025-06-24,117.75,119.08000183105469,117.75,118.6500015258789,117.85262298583984,8350200
2025-06-25,118.7699966430664,119.72000122070312,118.62999725341797,119.41999816894531,118.61744689941406,6976300
2025-06-26,119.9800033569336,121.66999816894531,119.68000030517578,121.45999908447266,120.64373779296875,10439600
2025-06-27,121.8499984741211,122.94000244140625,121.4800033569336,122.33999633789062,121.517822265625,13435600
2025-06-30,124.30999755859375,124.69000244140625,123.18000030517578,124.01000213623047,123.17660522460938,13456200
2025-07-01,123.5,123.76000213623047,122.44999694824219,123.48999786376953,122.66009521484375,9815700
2025-07-02,123.31999969482422,123.69999694824219,122.52999877929688,122.9800033569336,122.15352630615234,7317100
2025-07-03,123.06999969482422,124.23999786376953,122.9000015258789,124.0,123.16666412353516,4252300
2025-07-07,123.20999908447266,124.61000061035156,122.58000183105469,123.16000366210938,122.33231353759766,7023500
2025-07-08,123.22000122070312,123.70999908447266,121.81999969482422,121.81999969482422,121.0013198852539,6622900
2025-07-09,121.83999633789062,122.3499984741211,120.61000061035156,120.61000061035156,119.79945373535156,6724900
2025-07-10,120.62000274658203,121.94999694824219,120.62000274658203,121.55999755859375,120.7430648803711,6888700
2025-07-11,120.63999938964844,121.2300033569336,119.7300033569336,119.87000274658203,119.06442260742188,6112400
2025-07-14,119.77999877929688,120.5,119.5999984741211,119.97000122070312,119.16374969482422,6853300
2025-07-15,120.2300033569336,120.2300033569336,118.87999725341797,118.9800033569336,118.18040466308594,7943600
2025-07-16,119.36000061035156,120.56999969482422,118.87999725341797,119.81999969482422,119.01475524902344,6747500
2025-07-17,119.75,122.38999938964844,119.75,122.20999908447266,121.3886947631836,9933700
2025-07-18,121.97000122070312,122.16000366210938,120.29000091552734,121.41999816894531,120.60400390625,9486800
2025-07-21,121.06999969482422,121.97000122070312,120.77999877929688,120.83999633789062,120.02790069580078,6392500
2025-07-22,120.75,121.43000030517578,120.55999755859375,121.05999755859375,120.24642181396484,5614500
2025-07-23,121.5199966430664,123.18000030517578,121.5,122.94000244140625,122.1137924194336,8258900
2025-07-24,122.8499984741211,123.4000015258789,121.80999755859375,121.94999694824219,121.13043975830078,6702200
2025-07-25,122.26000213623047,122.44999694824219,120.87000274658203,121.47000122070312,120.65367126464844,5656600
2025-07-28,121.02999877929688,121.4000015258789,119.88999938964844,120.37000274658203,119.56106567382812,6042200
2025-07-29,120.58000183105469,120.80999755859375,119.36000061035156,119.91000366210938,119.10415649414062,6283700
2025-07-30,119.94999694824219,120.5,119.18000030517578,119.54000091552734,118.73664093017578,5281500
2025-07-31,119.45999908447266,119.91000366210938,118.58000183105469,119.11000061035156,118.30953216552734,7235000
2025-08-01,117.58999633789062,117.88999938964844,115.56999969482422,116.58999633789062,115.80646514892578,8637800
2025-08-04,117.7300033569336,119.5199966430664,117.7300033569336,119.3499984741211,118.54791259765625,8845000
2025-08-05,119.25,119.56999969482422,117.33000183105469,118.31999969482422,117.52484130859375,15365700
2025-08-06,115.77999877929688,116.12000274658203,112.19999694824219,115.16999816894531,114.39600372314453,22153700
2025-08-07,115.75,116.4000015258789,111.81999969482422,112.87999725341797,112.12139892578125,15484400
2025-08-08,113.30000305175781,114.29000091552734,112.0199966430664,112.43000030517578,111.67442321777344,9491000
2025-08-11,112.91000366210938,113.1500015258789,111.54000091552734,112.55000305175781,111.79361724853516,8532600
2025-08-12,113.30999755859375,114.4000015258789,112.48999786376953,113.72000122070312,112.95575714111328,7274000
2025-08-13,114.2300033569336,117.2300033569336,114.1500015258789,116.63999938964844,115.85613250732422,9025700
2025-08-14,115.4800033569336,116.70999908447266,114.62000274658203,116.30999755859375,115.5283432006836,6800900
2025-08-15,116.56999969482422,116.83999633789062,115.19000244140625,115.38999938964844,114.61453247070312,6768600
2025-08-18,115.19000244140625,117.01000213623047,115.16000366210938,116.55000305175781,115.76673889160156,5798400
2025-08-19,116.5,116.98999786376953,115.72000122070312,116.2699966430664,115.48860931396484,5914000
2025-08-20,116.08000183105469,117.88999938964844,116.0,117.04000091552734,116.2534408569336,7046700
2025-08-21,116.56999969482422,116.66000366210938,115.52999877929688,116.20999908447266,115.42901611328125,6337100
2025-08-22,117.58999633789062,119.77999877929688,117.12999725341797,118.86000061035156,118.06121063232422,7161700
2025-08-25,118.48999786376953,119.05000305175781,117.69999694824219,117.70999908447266,116.91893768310547,5424900
2025-08-26,117.43000030517578,118.37999725341797,117.16000366210938,117.6500015258789,116.85934448242188,5787400
2025-08-27,117.52999877929688,118.45999908447266,117.29000091552734,118.08999633789062,117.29637908935547,4378000
2025-08-28,118.0999984741211,118.37000274658203,116.61000061035156,117.63999938964844,116.84941101074219,5687700
2025-08-29,117.38999938964844,118.6500015258789,117.25,118.37999725341797,117.58443450927734,5212600
2025-09-02,117.0199966430664,118.27999877929688,116.0,118.2699966430664,117.47517395019531,6015900
2025-09-03,117.83000183105469,118.62000274658203,116.3499984741211,117.37999725341797,116.59115600585938,6288700
2025-09-04,117.08000183105469,119.68000030517578,116.76000213623047,118.80999755859375,118.01154327392578,6949300
2025-09-05,118.91000366210938,119.77999877929688,117.69999694824219,117.91000366210938,117.11759948730469,6669100
2025-09-08,117.95999908447266,118.87999725341797,116.73999786376953,118.83999633789062,118.04134368896484,6450700
2025-09-09,118.52999877929688,119.05000305175781,117.22000122070312,117.37000274658203,116.58123016357422,5444300
2025-09-10,116.8499984741211,117.51000213623047,114.5,115.79000091552734,115.0118408203125,7484900
2025-09-11,115.44999694824219,117.16999816894531,114.62999725341797,117.08000183105469,116.29317474365234,8399100
2025-09-12,116.26000213623047,117.01000213623047,115.0999984741211,115.95999908447266,115.18070220947266,7640900
2025-09-15,116.11000061035156,116.75,115.0,115.62000274658203,114.84298706054688,7150900
2025-09-16,115.44999694824219,115.8499984741211,114.70999908447266,115.2300033569336,114.45561218261719,6844900
2025-09-17,115.23999786376953,116.66000366210938,115.22000122070312,116.0999984741211,115.31975555419922,7333900
2025-09-18,115.33000183105469,115.77999877929688,114.05000305175781,114.86000061035156,114.08808898925781,9460500
2025-09-19,114.5999984741211,114.5999984741211,111.93000030517578,113.76000213623047,112.9954833984375,23398400
2025-09-22,111.76000213623047,113.62999725341797,111.5199966430664,112.55999755859375,111.80354309082031,15479800
2025-09-23,112.72000122070312,113.62000274658203,111.5999984741211,112.25,111.49563598632812,13145000
2025-09-24,112.41000366210938,114.1500015258789,112.19999694824219,113.43000030517578,112.6677017211914,8755200
2025-09-25,112.70999908447266,114.05000305175781,112.6500015258789,112.98999786376953,112.23065948486328,6365500
2025-09-26,113.12999725341797,113.56999969482422,112.76000213623047,113.47000122070312,112.70743560791016,6145700
2025-09-29,113.47000122070312,115.01000213623047,113.33000183105469,114.77999877929688,114.00862884521484,9304100
2025-09-30,114.52999877929688,114.87999725341797,113.33999633789062,114.5,113.73051452636719,9303700
2025-10-01,114.08000183105469,116.05999755859375,112.79000091552734,112.94999694824219,112.19092559814453,9736300
2025-10-02,112.9800033569336,113.16999816894531,110.77999877929688,112.13999938964844,111.38636779785156,8695100
2025-10-03,112.04000091552734,113.56999969482422,111.55999755859375,112.47000122070312,111.71415710449219,7148400
2025-10-06,112.69000244140625,113.11000061035156,111.44999694824219,112.75,111.99227142333984,6141200
2025-10-07,112.62999725341797,113.4000015258789,111.80000305175781,112.52999877929688,111.77375030517578,5409800
2025-10-08,112.80999755859375,113.19999694824219,111.6500015258789,111.88999938964844,111.13805389404297,7074400
2025-10-09,111.81999969482422,113.0,110.87999725341797,110.98999786376953,110.24409484863281,6502400
2025-10-10,111.52999877929688,112.68000030517578,109.11000061035156,109.19000244140625,108.4561996459961,9635200
2025-10-13,110.38999938964844,110.95999908447266,109.37999725341797,110.2699966430664,109.52893829345703,7435100
2025-10-14,109.6500015258789,111.83999633789062,109.19999694824219,111.16999816894531,110.42288970947266,7898000
2025-10-15,111.47000122070312,112.68000030517578,111.13999938964844,111.70999908447266,110.95925903320312,7012600
2025-10-16,111.79000091552734,112.08999633789062,108.51000213623047,109.87999725341797,109.14155578613281,7531200
2025-10-17,109.73999786376953,111.45999908447266,109.44000244140625,110.66999816894531,109.9262466430664,10090500
2025-10-20,111.02999877929688,112.25,110.5999984741211,111.95999908447266,111.20758056640625,8047500
2025-10-21,112.25,114.54000091552734,112.04000091552734,114.30000305175781,113.5318603515625,8163200
2025-10-22,114.0,114.27999877929688,112.9800033569336,113.08000183105469,112.32005310058594,7569200
2025-10-23,113.16999816894531,113.83000183105469,111.9000015258789,113.02999877929688,112.2703857421875,6945400
2025-10-24,113.2300033569336,113.6500015258789,111.58999633789062,111.68000030517578,110.9294662475586,6235200
2025-10-27,111.94000244140625,112.5999984741211,111.30999755859375,112.33999633789062,111.58502197265625,6029600
2025-10-28,111.91000366210938,112.4800033569336,111.45999908447266,111.6500015258789,110.89966583251953,6839400
2025-10-29,111.18000030517578,111.52999877929688,110.01000213623047,110.23999786376953,109.49913787841797,7097100
2025-10-30,110.12999725341797,113.58000183105469,109.55000305175781,111.83999633789062,111.08838653564453,8311300
2025-10-31,111.58000183105469,113.0999984741211,110.52999877929688,112.62000274658203,111.86315155029297,8700600
2025-11-03,112.55000305175781,112.80999755859375,111.02999877929688,112.12000274658203,111.36650848388672,8542300
2025-11-04,110.97000122070312,111.79000091552734,110.63999938964844,111.47000122070312,110.72087860107422,7950100
2025-11-05,111.3499984741211,111.97000122070312,110.5999984741211,111.36000061035156,110.61161041259766,5746000
2025-11-06,111.16999816894531,111.70999908447266,109.18000030517578,110.48999786376953,109.7474594116211,10291800
2025-11-07,110.26000213623047,111.43000030517578,110.04000091552734,110.73999786376953,109.99578094482422,8782100
2025-11-10,111.1500015258789,112.79000091552734,111.02999877929688,112.23999786376953,111.4856948852539,9158700
2025-11-11,112.6500015258789,114.97000122070312,112.41999816894531,114.8499984741211,114.07815551757812,9713300
2025-11-12,114.56999969482422,117.08999633789062,114.38999938964844,116.6500015258789,115.8660659790039,15248700
2025-11-13,108.88999938964844,109.36000061035156,104.91000366210938,107.61000061035156,106.8868179321289,44045400
2025-11-14,107.5199966430664,108.7300033569336,105.30000305175781,105.80000305175781,105.08898162841797,16691400
2025-11-17,105.75,107.66999816894531,105.12000274658203,105.69000244140625,104.97972106933594,12296400
2025-11-18,105.0999984741211,107.08000183105469,105.0,106.27999877929688,105.56575012207031,11796200
2025-11-19,106.08000183105469,107.58999633789062,104.08000183105469,104.66999816894531,103.96656799316406,12790000
2025-11-20,105.37000274658203,105.80000305175781,102.5,102.69999694824219,102.00981140136719,12609900
2025-11-21,103.4800033569336,104.77999877929688,102.69000244140625,104.27999877929688,103.57919311523438,10785400
2025-11-24,104.08999633789062,104.33999633789062,101.88999938964844,101.94000244140625,101.25492095947266,15024800
2025-11-25,102.48999786376953,103.91999816894531,102.0,103.30999755859375,102.61570739746094,10574500
2025-11-26,103.31999969482422,104.25,102.87999725341797,103.43000030517578,102.73490905761719,10130200
2025-11-28,103.30000305175781,104.73999786376953,103.23999786376953,104.47000122070312,103.7679214477539,6525500
2025-12-01,104.91999816894531,106.83000183105469,104.47000122070312,106.7699966430664,106.05245971679688,12628900
2025-12-02,106.52999877929688,106.56999969482422,104.81999969482422,104.83000183105469,104.12550354003906,8548200
2025-12-03,104.9000015258789,105.8499984741211,104.47000122070312,105.73999786376953,105.02938079833984,10177800
2025-12-04,105.83999633789062,106.22000122070312,104.51000213623047,105.47000122070312,104.76119995117188,11471400
2025-12-05,105.18000030517578,106.16999816894531,104.55999755859375,105.30000305175781,104.59234619140625,10680100
2025-12-08,105.30000305175781,108.05000305175781,104.83000183105469,107.62999725341797,106.90667724609375,13727700
2025-12-09,107.58999633789062,107.75,106.55000305175781,107.0199966430664,106.30077362060547,8549400
2025-12-10,107.12000274658203,109.66999816894531,106.58000183105469,108.83000183105469,108.09861755371094,11237900
2025-12-11,109.19999694824219,111.55999755859375,109.11000061035156,111.45999908447266,110.7109375,13281400
2025-12-12,111.7300033569336,113.33999633789062,111.1500015258789,111.5999984741211,110.8499984741211,13059100
2025-12-15,110.69999694824219,111.55000305175781,108.55000305175781,110.48999786376953,110.48999786376953,14318000
2025-12-16,111.22000122070312,112.8499984741211,110.86000061035156,111.62000274658203,111.62000274658203,15580200
2025-12-17,111.05999755859375,112.12999725341797,110.45999908447266,110.62999725341797,110.62999725341797,12142500
2025-12-18,110.52999877929688,112.80000305175781,110.41999816894531,111.87000274658203,111.87000274658203,12913900
2025-12-19,112.31999969482422,113.4800033569336,110.91999816894531,111.23999786376953,111.23999786376953,21138400
2025-12-22,111.41000366210938,112.80000305175781,111.1500015258789,112.37999725341797,112.37999725341797,8803300
2025-12-23,112.29000091552734,113.30999755859375,112.04000091552734,113.22000122070312,113.22000122070312,7634500
2025-12-24,112.94000244140625,114.52999877929688,112.80000305175781,114.4800033569336,114.4800033569336,4606700
2025-12-26,114.1500015258789,114.73999786376953,113.2699966430664,113.55999755859375,113.55999755859375,5428900
2025-12-29,113.31999969482422,114.48999786376953,113.30999755859375,114.19000244140625,114.19000244140625,7966000
2025-12-30,114.0999984741211,115.27999877929688,114.0999984741211,114.79000091552734,114.79000091552734,6883900
2025-12-31,114.7699966430664,114.88999938964844,113.55000305175781,113.7699966430664,113.7699966430664,6608000
2026-01-02,113.44000244140625,113.44000244140625,111.62000274658203,111.8499984741211,111.8499984741211,8906200
2026-01-05,111.41999816894531,116.02999877929688,111.37999725341797,114.06999969482422,114.06999969482422,12029000
2026-01-06,113.79000091552734,114.76000213623047,113.11000061035156,114.56999969482422,114.56999969482422,7388300
2026-01-07,114.45999908447266,114.97000122070312,112.51000213623047,112.91000366210938,112.91000366210938,8296300
2026-01-08,112.55000305175781,114.98999786376953,112.55000305175781,114.16999816894531,114.16999816894531,9778200
2026-01-09,114.30999755859375,115.9800033569336,113.9000015258789,115.87999725341797,115.87999725341797,8935200
2026-01-12,114.62999725341797,114.94000244140625,112.55000305175781,112.81999969482422,112.81999969482422,10833800
2026-01-13,112.83999633789062,113.22000122070312,111.61000061035156,112.9800033569336,112.9800033569336,8945700
2026-01-14,112.80999755859375,113.58999633789062,112.26000213623047,113.52999877929688,113.52999877929688,8950900
2026-01-15,113.70999908447266,114.11000061035156,112.16999816894531,113.41000366210938,113.41000366210938,7958500
2026-01-16,113.19999694824219,113.8499984741211,111.12000274658203,111.19999694824219,111.19999694824219,12049600
2026-01-20,109.66000366210938,111.08999633789062,108.80000305175781,110.33999633789062,110.33999633789062,9818200
2026-01-21,110.56999969482422,113.25,110.5,113.19000244140625,113.19000244140625,10041400
2026-01-22,113.16999816894531,114.29000091552734,112.16999816894531,113.20999908447266,113.20999908447266,12437700
2026-01-23,112.69000244140625,112.94999694824219,110.55000305175781,110.9800033569336,110.9800033569336,10819800
2026-01-26,111.68000030517578,112.41000366210938,111.12999725341797,111.30999755859375,111.30999755859375,8859800
2026-01-27,111.5,111.80000305175781,110.02999877929688,110.61000061035156,110.61000061035156,8956900
2026-01-28,110.27999877929688,111.43000030517578,109.0,109.55999755859375,109.55999755859375,9016600
2026-01-29,109.62999725341797,111.66999816894531,108.76000213623047,111.58000183105469,111.58000183105469,11079000
2026-01-30,111.36000061035156,112.94999694824219,110.98999786376953,112.80000305175781,112.80000305175781,17895200
2026-02-02,104.01000213623047,108.61000061035156,103.75,104.44999694824219,104.44999694824219,37778500
2026-02-03,104.77999877929688,104.98999786376953,102.33999633789062,104.22000122070312,104.22000122070312,24827100
2026-02-04,104.19999694824219,108.5999984741211,103.62999725341797,107.05000305175781,107.05000305175781,19070400
2026-02-05,107.05000305175781,108.33000183105469,104.80999755859375,104.97000122070312,104.97000122070312,11859500
2026-02-06,106.12999725341797,108.95999908447266,105.37000274658203,108.69999694824219,108.69999694824219,12105600
2026-02-09,108.69000244140625,108.91999816894531,106.7699966430664,107.12999725341797,107.12999725341797,10515400
2026-02-10,107.5999984741211,111.11000061035156,107.5999984741211,109.95999908447266,109.95999908447266,9815500
2026-02-11,108.93000030517578,109.87000274658203,107.80000305175781,108.12000274658203,108.12000274658203,9374900
2026-02-12,107.93000030517578,108.16000366210938,101.0199966430664,102.37999725341797,102.37999725341797,25319600
2026-02-13,101.4000015258789,105.5199966430664,101.19999694824219,105.44999694824219,105.44999694824219,12845300
2026-02-17,106.56999969482422,107.27999877929688,104.37000274658203,105.44000244140625,105.44000244140625,10467400
2026-02-18,105.95999908447266,107.7300033569336,105.80999755859375,107.0999984741211,107.0999984741211,8791600
2026-02-19,107.11000061035156,107.7699966430664,105.44999694824219,106.0,106.0,7492900
2026-02-20,105.61000061035156,106.19999694824219,104.6500015258789,105.58000183105469,105.58000183105469,9043600
2026-02-23,104.9800033569336,105.19000244140625,102.95999908447266,104.41000366210938,104.41000366210938,10626500
2026-02-24,104.44999694824219,107.2300033569336,103.9800033569336,106.05000305175781,106.05000305175781,13594800
2026-02-25,106.0,106.72000122070312,104.51000213623047,105.05000305175781,105.05000305175781,8556500
2026-02-26,105.47000122070312,106.7699966430664,105.31999969482422,105.55000305175781,105.55000305175781,9578500
2026-02-27,104.77999877929688,106.33999633789062,103.93000030517578,106.04000091552734,106.04000091552734,13954000
2026-03-02,104.61000061035156,104.61000061035156,102.86000061035156,104.33000183105469,104.33000183105469,14178600
2026-03-03,102.83999633789062,104.30999755859375,102.1500015258789,103.30000305175781,103.30000305175781,13608400
2026-03-04,103.16999816894531,103.83999633789062,102.63999938964844,103.04000091552734,103.04000091552734,9672300
2026-03-05,103.0999984741211,104.55000305175781,101.58999633789062,102.41000366210938,102.41000366210938,11751500
2026-03-06,101.38999938964844,101.80999755859375,99.94999694824219,101.54000091552734,101.54000091552734,10448600
2026-03-09,100.55000305175781,101.87000274658203,98.44999694824219,101.66000366210938,101.66000366210938,11715100
2026-03-10,101.75,102.23999786376953,100.23999786376953,101.31999969482422,101.31999969482422,7833100
2026-03-11,101.4000015258789,101.88999938964844,100.4000015258789,100.88999938964844,100.88999938964844,8152800
2026-03-12,100.0999984741211,100.87999725341797,99.37000274658203,99.43000030517578,99.43000030517578,10309400
2026-03-13,99.83000183105469,100.7699966430664,99.16000366210938,99.29000091552734,99.29000091552734,9551500
2026-03-16,99.47000122070312,99.69000244140625,98.45999908447266,98.66000366210938,98.66000366210938,11578500
2026-03-17,99.16999816894531,100.70999908447266,99.0199966430664,100.30000305175781,100.30000305175781,11785600
2026-03-18,99.83999633789062,101.0199966430664,99.0,99.41999816894531,99.41999816894531,12615100
2026-03-19,99.02999877929688,100.77999877929688,98.44000244140625,99.19999694824219,99.19999694824219,14793800
2026-03-20,99.01000213623047,100.02999877929688,98.38999938964844,99.51000213623047,99.51000213623047,27544200
2026-03-23,100.22000122070312,100.5999984741211,97.86000061035156,97.94999694824219,97.94999694824219,11373000
2026-03-24,97.73999786376953,98.05000305175781,96.25,96.38999938964844,96.38999938964844,9155700
2026-03-25,96.81999969482422,97.18000030517578,95.05999755859375,95.94999694824219,95.94999694824219,8467500
2026-03-26,95.12000274658203,96.4000015258789,94.58999633789062,94.75,94.75,8548800
2026-03-27,94.19000244140625,94.19000244140625,92.19000244140625,92.41999816894531,92.41999816894531,12475900
2026-03-30,92.88999938964844,95.19000244140625,92.88999938964844,94.31999969482422,94.31999969482422,10592600
2026-03-31,95.33999633789062,96.88999938964844,94.19000244140625,96.37999725341797,96.37999725341797,11180200
2026-04-01,97.26000213623047,98.36000061035156,96.48999786376953,96.55999755859375,96.55999755859375,8518600
2026-04-02,96.0,97.16999816894531,95.08999633789062,96.61000061035156,96.61000061035156,6379100
2026-04-06,96.5,97.16000366210938,96.12000274658203,96.27999877929688,96.27999877929688,5882200
2026-04-07,95.80000305175781,96.79000091552734,95.33000183105469,95.77999877929688,95.77999877929688,7913000
2026-04-08,98.0999984741211,99.19000244140625,97.69000244140625,99.18000030517578,99.18000030517578,10821000
2026-04-09,98.66000366210938,100.2300033569336,97.68000030517578,99.79000091552734,99.79000091552734,8918300
2026-04-10,99.83999633789062,100.16000366210938,98.81999969482422,99.16999816894531,99.16999816894531,6359600
2026-04-13,98.52999877929688,101.2699966430664,98.52999877929688,101.18000030517578,101.18000030517578,6790300
2026-04-14,101.33999633789062,103.0999984741211,100.9000015258789,102.58999633789062,102.58999633789062,9997400
2026-04-15,102.5999984741211,103.37999725341797,101.79000091552734,103.04000091552734,103.04000091552734,7035300
2026-04-16,103.62000274658203,104.52999877929688,102.77999877929688,103.9000015258789,103.9000015258789,8145900
2026-04-17,104.69000244140625,106.33000183105469,104.69000244140625,106.29000091552734,106.29000091552734,10506200
2026-04-20,105.91000366210938,107.11000061035156,105.91000366210938,106.30000305175781,106.30000305175781,6423400
2026-04-21,106.19000244140625,106.87999725341797,103.97000122070312,104.29000091552734,104.29000091552734,7784500
2026-04-22,105.02999877929688,106.27999877929688,104.2300033569336,104.81999969482422,104.81999969482422,6886600
2026-04-23,104.94000244140625,105.19999694824219,102.55000305175781,103.6500015258789,103.6500015258789,6147000
2026-04-24,103.5999984741211,103.63999938964844,101.97000122070312,102.5999984741211,102.5999984741211,5974500
2026-04-27,102.62000274658203,103.80999755859375,102.05999755859375,102.3499984741211,102.3499984741211,6524300
2026-04-28,102.66000366210938,103.29000091552734,100.61000061035156,101.47000122070312,101.47000122070312,6409300
2026-04-29,100.94000244140625,101.4800033569336,100.5999984741211,101.30000305175781,101.30000305175781,5533700
2026-04-30,100.91000366210938,104.12000274658203,100.41999816894531,103.75,103.75,9203500
2026-05-01,104.4000015258789,104.83000183105469,102.97000122070312,103.08000183105469,103.08000183105469,5956900
2026-05-04,102.73999786376953,103.05000305175781,101.2699966430664,101.30999755859375,101.30999755859375,8400100
2026-05-05,101.52999877929688,101.7300033569336,100.05999755859375,100.4800033569336,100.4800033569336,14314700
2026-05-06,106.5199966430664,109.13999938964844,105.30999755859375,108.05999755859375,108.05999755859375,23219500
2026-05-07,109.05000305175781,110.4800033569336,107.08999633789062,108.66000366210938,108.66000366210938,14309200
2026-05-08,109.02999877929688,109.20999908447266,107.54000091552734,108.0199966430664,108.0199966430664,8370000
2026-05-11,108.0,108.38999938964844,104.37999725341797,104.72000122070312,104.72000122070312,10562300
2026-05-12,104.98999786376953,106.2699966430664,104.22000122070312,106.16000366210938,106.16000366210938,8178500
2026-05-13,105.3499984741211,105.87999725341797,103.86000061035156,104.9000015258789,104.9000015258789,7605900
2026-05-14,105.54000091552734,106.29000091552734,104.8499984741211,105.41999816894531,105.41999816894531,6144600
2026-05-15,105.02999877929688,105.41999816894531,102.30000305175781,102.72000122070312,102.72000122070312,9258600
2026-05-18,102.69000244140625,104.69999694824219,102.55000305175781,103.91000366210938,103.91000366210938,9037200
2026-05-19,103.70999908447266,103.93000030517578,101.97000122070312,102.29000091552734,102.29000091552734,7032600
2026-05-20,102.91000366210938,104.86000061035156,101.5999984741211,104.08000183105469,104.08000183105469,7941400
2026-05-21,103.61000061035156,104.62000274658203,102.58999633789062,103.58000183105469,103.58000183105469,8611200
2026-05-22,104.04000091552734,104.5,102.9800033569336,103.0,103.0,5693300
