Date,Open,High,Low,Close,Adj Close,Volume
2018-06-04,56.92499923706055,57.893001556396484,56.849998474121094,57.652000427246094,57.179412841796875,44754000.0
2018-06-05,57.733001708984375,58.05500030517578,57.37300109863281,57.55099868774414,57.07924270629883,32964000.0
2018-06-06,57.63850021362305,57.73550033569336,56.816001892089844,57.34749984741211,56.877403259277344,34934000.0
2018-06-07,57.229000091552734,57.29349899291992,56.305999755859375,56.72100067138672,56.25604248046875,36108000.0
2018-06-08,56.56050109863281,56.93899917602539,56.1614990234375,56.635501861572266,56.17124938964844,27284000.0
2018-06-11,56.64699935913086,57.387001037597656,56.56999969482422,57.04499816894531,56.577392578125,24796000.0
2018-06-12,57.05099868774414,57.4375,57.05099868774414,57.40950012207031,56.938907623291016,26092000.0
2018-06-13,57.61399841308594,57.78200149536133,57.16899871826172,57.21149826049805,56.742523193359375,34302000.0
2018-06-14,57.61050033569336,58.29949951171875,57.529998779296875,58.00550079345703,57.5300178527832,35422000.0
2018-06-15,57.99599838256836,58.195499420166016,57.68450164794922,57.9635009765625,57.48835372924805,44438000.0
2018-06-18,57.634498596191406,59.20650100708008,57.54999923706055,59.17900085449219,58.69389724731445,33038000.0
2018-06-19,58.50550079345703,59.140499114990234,58.080501556396484,58.93450164794922,58.45139694213867,47282000.0
2018-06-20,59.165000915527344,60.074501037597656,59.10150146484375,59.20349884033203,58.71819305419922,51686000.0
2018-06-21,59.2755012512207,59.51649856567383,58.17399978637695,58.47200012207031,57.9926872253418,44966000.0
2018-06-22,58.574501037597656,58.75,57.98249816894531,58.464500427246094,57.98525619506836,34220000.0
2018-06-25,57.75,57.79949951171875,55.994998931884766,56.9640007019043,56.497047424316406,57682000.0
2018-06-26,57.207000732421875,57.34349822998047,56.45000076293945,56.63100051879883,56.166778564453125,34688000.0
2018-06-27,56.79999923706055,57.31050109863281,55.834999084472656,55.84700012207031,55.38920593261719,34538000.0
2018-06-28,55.61949920654297,56.70000076293945,55.30350112915039,56.3390007019043,55.877174377441406,29726000.0
2018-06-29,56.615501403808594,57.06800079345703,56.35100173950195,56.45949935913086,55.99668502807617,31562000.0
2018-07-02,55.76750183105469,57.14950180053711,55.33000183105469,57.105499267578125,56.637393951416016,23216000.0
2018-07-03,57.47100067138672,57.49549865722656,55.721500396728516,55.81399917602539,55.35647964477539,16448000.0
2018-07-04,57.47100067138672,57.49549865722656,55.721500396728516,55.81399917602539,55.35647964477539,16448000.0
2018-07-05,56.22999954223633,57.207000732421875,56.15599822998047,57.06449890136719,56.59672164916992,28594000.0
2018-07-06,57.0885009765625,57.810001373291016,56.86199951171875,57.75400161743164,57.28057861328125,21820000.0
2018-07-09,58.0,58.39649963378906,57.86149978637695,58.36399841308594,57.88557434082031,21584000.0
2018-07-10,58.4995002746582,58.67499923706055,58.12799835205078,58.356998443603516,57.878631591796875,21334000.0
2018-07-11,57.78099822998047,59.02199935913086,57.76850128173828,58.573001861572266,58.09286880493164,33252000.0
2018-07-12,58.74300003051758,60.0994987487793,58.654998779296875,60.0629997253418,59.57064437866211,44148000.0
2018-07-13,60.13999938964844,60.52199935913086,59.76449966430664,60.22100067138672,59.72735595703125,32612000.0
2018-07-16,60.19049835205078,60.43550109863281,59.66999816894531,59.82550048828125,59.3350944519043,26784000.0
2018-07-17,59.137001037597656,60.9379997253418,59.099998474121094,60.65399932861328,60.15681076049805,40162000.0
2018-07-18,60.42649841308594,61.079498291015625,60.22800064086914,60.64550018310547,60.148372650146484,38948000.0
2018-07-19,60.33250045776367,60.82400131225586,59.88650131225586,59.95500183105469,59.46354293823242,38338000.0
2018-07-20,59.96200180053711,60.53850173950195,59.829498291015625,59.89400100708008,59.403038024902344,37938000.0
2018-07-23,59.78300094604492,60.755001068115234,59.60049819946289,60.54999923706055,60.05366134643555,65446000.0
2018-07-24,63.54999923706055,63.75,62.207000732421875,62.907501220703125,62.3918342590332,107600000.0
2018-07-25,62.63100051879883,63.9119987487793,62.45249938964844,63.797000885009766,63.274044036865234,51104000.0
2018-07-26,63.35900115966797,64.37000274658203,63.150001525878906,64.2750015258789,63.74812316894531,54686000.0
2018-07-27,64.45600128173828,64.5719985961914,62.2244987487793,62.644500732421875,62.130985260009766,48362000.0
2018-07-30,62.252498626708984,62.644500732421875,61.208499908447266,61.50199890136719,60.99785614013672,43896000.0
2018-07-31,61.58549880981445,62.06050109863281,60.80950164794922,61.361000061035156,60.858009338378906,39382000.0
2018-08-01,61.955501556396484,62.29499816894531,61.24700164794922,61.64950180053711,61.14414596557617,36994000.0
2018-08-02,60.92499923706055,62.22050094604492,60.90299987792969,62.05649948120117,61.54780960083008,34704000.0
2018-08-03,62.25899887084961,62.32600021362305,61.47100067138672,61.90800094604492,61.40053176879883,21264000.0
2018-08-06,62.080501556396484,62.12300109863281,61.5265007019043,61.88349914550781,61.376220703125,22114000.0
2018-08-07,62.60049819946289,63.30400085449219,62.59000015258789,62.79199981689453,62.27728271484375,42506000.0
2018-08-08,62.83599853515625,63.58599853515625,62.60599899291992,63.06650161743164,62.549537658691406,34344000.0
2018-08-09,63.13650131225586,63.597999572753906,63.005001068115234,63.222999572753906,62.70474624633789,27326000.0
2018-08-10,62.95899963378906,63.060001373291016,62.358001708984375,62.6254997253418,62.112144470214844,26602000.0
2018-08-13,62.560001373291016,63.298500061035156,62.35150146484375,62.43199920654297,61.920223236083984,27500000.0
2018-08-14,62.625,63.02949905395508,61.97700119018555,62.90700149536133,62.39133834838867,28080000.0
2018-08-15,62.2140007019043,62.5989990234375,61.3120002746582,61.611000061035156,61.10595703125,37052000.0
2018-08-16,62.0994987487793,62.185001373291016,60.98149871826172,61.202999114990234,60.7013053894043,32176000.0
2018-08-17,61.10200119018555,61.34749984741211,60.20000076293945,60.79249954223633,60.29416275024414,33092000.0
2018-08-20,61.03300094604492,61.295501708984375,60.435001373291016,61.09749984741211,60.59666061401367,22218000.0
2018-08-21,61.1510009765625,61.63800048828125,60.75149917602539,60.87049865722656,60.37152862548828,23082000.0
2018-08-22,60.71099853515625,61.326499938964844,60.6609992980957,61.087501525878906,60.58675003051758,22296000.0
2018-08-23,60.99399948120117,61.75849914550781,60.967498779296875,61.05799865722656,60.557491302490234,24666000.0
2018-08-24,61.29999923706055,61.869998931884766,61.07099914550781,61.837501525878906,61.33060836791992,24454000.0
2018-08-27,62.207000732421875,62.89350128173828,62.034000396728516,62.813499450683594,62.298606872558594,28580000.0
2018-08-28,62.79499816894531,62.827999114990234,62.14849853515625,62.292999267578125,61.78236770629883,27330000.0
2018-08-29,62.75,63.35850143432617,62.63999938964844,63.23249816894531,62.71416473388672,36926000.0
2018-08-30,63.16999816894531,63.4744987487793,62.36050033569336,62.72200012207031,62.207855224609375,30104000.0
2018-08-31,62.61050033569336,62.627498626708984,61.287498474121094,61.59000015258789,61.08513259887695,42308000.0
2018-09-03,62.61050033569336,62.627498626708984,61.287498474121094,61.59000015258789,61.08513259887695,42308000.0
2018-09-04,61.125999450683594,61.39350128173828,60.327999114990234,60.56549835205078,60.06903076171875,41458000.0
2018-09-05,60.46099853515625,60.743499755859375,58.766998291015625,59.95500183105469,59.46354293823242,53988000.0
2018-09-06,59.92850112915039,59.949501037597656,58.18050003051758,59.199501037597656,58.714229583740234,46854000.0
2018-09-07,58.599998474121094,59.4275016784668,58.4635009765625,58.87950134277344,58.39685821533203,32658000.0
2018-09-10,59.209999084472656,59.33300018310547,58.53049850463867,58.75299835205078,58.27138900756836,27670000.0
2018-09-11,58.55500030517578,59.547000885009766,58.29750061035156,59.4995002746582,59.01176071166992,29254000.0
2018-09-12,59.099998474121094,59.53450012207031,58.30799865722656,58.58000183105469,58.09980773925781,35716000.0
2018-09-13,58.98500061035156,59.393001556396484,58.46099853515625,59.106998443603516,58.62248229980469,40068000.0
2018-09-14,59.400001525878906,59.400001525878906,58.67599868774414,58.89899826049805,58.41618728637695,24176000.0
2018-09-17,58.88850021362305,59.090999603271484,57.92300033569336,57.99150085449219,57.51613235473633,34096000.0
2018-09-18,58.132999420166016,59.06650161743164,58.07149887084961,58.355499267578125,57.87714767456055,32314000.0
2018-09-19,58.448001861572266,58.813499450683594,57.930999755859375,58.7135009765625,58.232215881347656,25962000.0
2018-09-20,59.03350067138672,59.70000076293945,58.8125,59.57849884033203,59.090118408203125,29244000.0
2018-09-21,59.74599838256836,59.82899856567383,58.60300064086914,58.60599899291992,58.12559127807617,91222000.0
2018-09-24,57.97050094604492,59.259498596191406,57.57500076293945,58.97800064086914,58.494544982910156,31150000.0
2018-09-25,59.212501525878906,59.84299850463867,58.704498291015625,59.69449996948242,59.20517349243164,33152000.0
2018-09-26,59.68450164794922,60.36199951171875,59.27000045776367,59.702999114990234,59.213600158691406,37650000.0
2018-09-27,60.0,60.84299850463867,59.90250015258789,60.36800003051758,59.873146057128906,36274000.0
2018-09-28,60.204498291015625,60.42250061035156,59.89149856567383,60.354000091552734,59.85926818847656,35612000.0
2018-10-01,60.650001525878906,61.209999084472656,60.15950012207031,60.42649841308594,59.93116760253906,33164000.0
2018-10-02,60.333499908447266,61.22600173950195,59.983001708984375,60.38199996948242,59.88703536987305,40180000.0
2018-10-03,60.599998474121094,60.70899963378906,60.10749816894531,60.576499938964844,60.0799446105957,26246000.0
2018-10-04,60.25149917602539,60.29499816894531,58.192501068115234,58.85350036621094,58.37106704711914,46576000.0
2018-10-05,58.79999923706055,59.099998474121094,57.715999603271484,58.39149856567383,57.91284942626953,31852000.0
2018-10-08,58.0,58.792999267578125,56.77000045776367,57.79600143432617,57.322235107421875,46190000.0
2018-10-09,57.56549835205078,58.07749938964844,57.208499908447266,57.25849914550781,56.78913879394531,33690000.0
2018-10-10,56.81999969482422,56.85100173950195,54.57550048828125,54.608001708984375,54.160362243652344,58980000.0
2018-10-11,53.95199966430664,55.803001403808594,53.794498443603516,54.5369987487793,54.08994674682617,67696000.0
2018-10-12,55.981998443603516,56.291500091552734,54.75149917602539,56.027000427246094,55.5677375793457,49370000.0
2018-10-15,55.900001525878906,56.09000015258789,54.9109992980957,55.12200164794922,54.6701545715332,30074000.0
2018-10-16,55.67399978637695,56.81850051879883,55.587501525878906,56.65399932861328,56.18959426879883,38378000.0
2018-10-17,57.0,57.349998474121094,55.70000076293945,56.37950134277344,55.91734313964844,35652000.0
2018-10-18,56.5,56.61750030517578,54.31700134277344,54.89550018310547,54.44550323486328,46152000.0
2018-10-19,55.18550109863281,56.04750061035156,54.85150146484375,55.25899887084961,54.8060302734375,41286000.0
2018-10-22,55.6254997253418,56.08449935913086,55.0,55.56850051879883,55.11299133300781,27116000.0
2018-10-23,54.56449890136719,55.900001525878906,53.95050048828125,55.74549865722656,55.28853988647461,37686000.0
2018-10-24,55.75,55.83100128173828,52.75299835205078,52.85599899291992,52.42272186279297,49286000.0
2018-10-25,54.01499938964844,55.89099884033203,53.77750015258789,55.179500579833984,54.72718048095703,72956000.0
2018-10-26,52.416500091552734,55.849998474121094,52.11149978637695,54.1875,53.74331283569336,106438000.0
2018-10-29,54.82699966430664,55.44150161743164,50.36000061035156,51.73649978637695,51.312400817871094,81290000.0
2018-10-30,51.0004997253418,52.54499816894531,50.69850158691406,52.47549819946289,52.04534149169922,59768000.0
2018-10-31,53.40999984741211,55.400001525878906,53.40999984741211,54.52899932861328,54.082008361816406,70916000.0
2018-11-01,54.56999969482422,54.994998931884766,53.89099884033203,54.29899978637695,53.85390090942383,40132000.0
2018-11-02,54.45000076293945,54.900001525878906,53.382999420166016,53.574501037597656,53.135337829589844,43438000.0
2018-11-05,53.62649917602539,53.66749954223633,51.70000076293945,52.7864990234375,52.353797912597656,45358000.0
2018-11-06,52.750999450683594,53.99100112915039,52.68050003051758,53.47850036621094,53.04012680053711,28660000.0
2018-11-07,54.17449951171875,55.496498107910156,54.02949905395508,55.4119987487793,54.9577751159668,43388000.0
2018-11-08,55.3650016784668,55.4109992980957,54.21799850463867,54.73149871826172,54.2828483581543,33694000.0
2018-11-09,54.20100021362305,54.41749954223633,53.2130012512207,53.85100173950195,53.409576416015625,34860000.0
2018-11-12,53.65650177001953,53.70500183105469,52.01750183105469,52.46799850463867,52.03791046142578,34002000.0
2018-11-13,52.740501403808594,53.333499908447266,52.02000045776367,52.39849853515625,51.96897888183594,25750000.0
2018-11-14,53.0,53.28950119018555,52.05550003051758,52.729000091552734,52.2967643737793,34666000.0
2018-11-15,52.573001861572266,53.94350051879883,52.06449890136719,53.5525016784668,53.113521575927734,41584000.0
2018-11-16,53.26150131225586,53.62200164794922,52.744998931884766,53.41350173950195,52.975650787353516,35366000.0
2018-11-19,53.169498443603516,53.400001525878906,51.14350128173828,51.37099838256836,50.94990158081055,45684000.0
2018-11-20,50.364498138427734,51.86750030517578,50.11050033569336,51.522499084472656,51.10015869140625,54458000.0
2018-11-21,52.265499114990234,52.73550033569336,51.972999572753906,52.17150115966797,51.743839263916016,29698000.0
2018-11-22,52.265499114990234,52.73550033569336,51.972999572753906,52.17150115966797,51.743839263916016,29698000.0
2018-11-23,51.67499923706055,52.150001525878906,51.42599868774414,51.505001068115234,51.082801818847656,14178000.0
2018-11-26,52.20000076293945,52.849998474121094,51.98849868774414,52.797000885009766,52.36421585083008,31558000.0
2018-11-27,52.56700134277344,53.3380012512207,52.275001525878906,52.61399841308594,52.182708740234375,33048000.0
2018-11-28,52.87300109863281,54.643001556396484,52.147499084472656,54.589500427246094,54.14201736450195,46042000.0
2018-11-29,54.17649841308594,55.00749969482422,54.099998474121094,54.729000091552734,54.280372619628906,31004000.0
2018-11-30,54.78150177001953,55.48249816894531,54.159000396728516,55.48249816894531,55.02769470214844,59668000.0
2018-12-03,56.608001708984375,56.75,55.58649826049805,55.81800079345703,55.360450744628906,57532000.0
2018-12-04,55.64950180053711,55.71200180053711,53.03900146484375,53.12350082397461,52.68804168701172,45630000.0
2018-12-05,55.64950180053711,55.71200180053711,53.03900146484375,53.12350082397461,52.68804168701172,45630000.0
2018-12-06,52.25,53.97100067138672,52.124000549316406,53.90399932861328,53.462135314941406,47436000.0
2018-12-07,53.61149978637695,54.25149917602539,51.96849822998047,52.32899856567383,51.90004348754883,42682000.0
2018-12-10,52.14699935913086,52.97999954223633,51.650001525878906,52.659000396728516,52.22734069824219,33652000.0
2018-12-11,53.34700012207031,53.52000045776367,52.505001068115234,53.08250045776367,52.64737319946289,33852000.0
2018-12-12,53.854000091552734,54.58649826049805,53.5984992980957,53.686500549316406,53.24641799926758,28960000.0
2018-12-13,53.78350067138672,54.42100143432617,53.2495002746582,53.676998138427734,53.23698806762695,24986000.0
2018-12-14,53.000999450683594,53.58599853515625,52.46849822998047,52.58549880981445,52.15443801879883,36358000.0
2018-12-17,52.35049819946289,53.11899948120117,50.83150100708008,51.282501220703125,50.86212921142578,49932000.0
2018-12-18,51.70000076293945,52.984500885009766,51.52399826049805,52.170501708984375,51.74284744262695,43640000.0
2018-12-19,52.364498138427734,53.785499572753906,50.971500396728516,51.77299880981445,51.34859848022461,58264000.0
2018-12-20,51.29999923706055,52.37200164794922,50.393001556396484,51.17900085449219,50.75947570800781,53674000.0
2018-12-21,51.60200119018555,51.88349914550781,49.05950164794922,49.5625,49.156227111816406,104656000.0
2018-12-24,49.215999603271484,50.60599899291992,48.882999420166016,49.23350143432617,48.829925537109375,36360000.0
2018-12-25,49.215999603271484,50.60599899291992,48.882999420166016,49.23350143432617,48.829925537109375,36360000.0
2018-12-26,49.89950180053711,52.42250061035156,49.63249969482422,52.39250183105469,51.96302795410156,46318000.0
2018-12-27,51.310001373291016,52.66699981689453,50.349998474121094,52.64500045776367,52.21345520019531,45996000.0
2018-12-28,52.974998474121094,53.21149826049805,52.099998474121094,52.33399963378906,51.905006408691406,34398000.0
2018-12-31,52.89149856567383,53.14950180053711,51.652000427246094,52.24800109863281,51.8197135925293,33110000.0
2019-01-01,52.89149856567383,53.14950180053711,51.652000427246094,52.24800109863281,51.8197135925293,33110000.0
2019-01-02,51.36000061035156,53.03950119018555,51.263999938964844,52.73400115966797,52.301734924316406,31868000.0
2019-01-03,52.53350067138672,53.3129997253418,51.118499755859375,51.27349853515625,50.85319900512695,41960000.0
2019-01-04,52.12799835205078,54.0,51.84299850463867,53.903499603271484,53.461639404296875,46022000.0
2019-01-07,54.048500061035156,54.1349983215332,53.13199996948242,53.79600143432617,53.355018615722656,47446000.0
2019-01-08,54.29999923706055,54.66749954223633,53.41749954223633,54.26850128173828,53.82364273071289,35414000.0
2019-01-09,54.39950180053711,54.582000732421875,53.71849822998047,54.08250045776367,53.6391716003418,26998000.0
2019-01-10,53.74700164794922,53.990501403808594,53.23400115966797,53.94150161743164,53.49933624267578,26598000.0
2019-01-11,53.494998931884766,53.66849899291992,52.82149887084961,53.2234992980957,52.78721237182617,30864000.0
2019-01-14,52.66699981689453,52.92250061035156,52.4275016784668,52.57550048828125,52.144535064697266,28490000.0
2019-01-15,52.9005012512207,54.41350173950195,52.72200012207031,54.32550048828125,53.88018035888672,37518000.0
2019-01-16,54.5,55.11800003051758,54.4005012512207,54.47549819946289,54.02894973754883,38280000.0
2019-01-17,54.39950180053711,55.03499984741211,54.16299819946289,54.95600128173828,54.50551223754883,24896000.0
2019-01-18,55.429500579833984,55.900001525878906,54.9640007019043,55.3650016784668,54.91115951538086,44892000.0
2019-01-21,55.429500579833984,55.900001525878906,54.9640007019043,55.3650016784668,54.91115951538086,44892000.0
2019-01-22,54.79999923706055,54.94850158691406,53.544498443603516,53.93149948120117,53.48941421508789,39632000.0
2019-01-23,54.34299850463867,54.647499084472656,53.378501892089844,54.22050094604492,53.77604675292969,25194000.0
2019-01-24,54.1254997253418,54.400001525878906,53.500999450683594,54.20000076293945,53.75571060180664,29114000.0
2019-01-25,54.71149826049805,55.167999267578125,54.59000015258789,55.07550048828125,54.62403106689453,23260000.0
2019-01-28,54.503501892089844,54.66849899291992,53.730499267578125,53.99300003051758,53.550411224365234,29334000.0
2019-01-29,54.051998138427734,54.23649978637695,53.30099868774414,53.50299835205078,53.06441879272461,19704000.0
2019-01-30,53.86800003051758,54.97600173950195,53.832000732421875,54.89950180053711,54.4494743347168,29452000.0
2019-01-31,55.61199951171875,56.38349914550781,55.26250076293945,56.294498443603516,55.83304214477539,40232000.0
2019-02-01,56.114498138427734,56.720001220703125,55.712501525878906,55.930999755859375,55.4725227355957,33116000.0
2019-02-04,55.95050048828125,57.117000579833984,55.8754997253418,57.07099914550781,56.603172302246094,78408000.0
2019-02-05,56.48149871826172,57.63850021362305,56.18000030517578,57.59349822998047,57.12138748168945,82296000.0
2019-02-06,57.4635009765625,57.70000076293945,55.917999267578125,56.144500732421875,55.68428039550781,48256000.0
2019-02-07,55.590999603271484,55.5994987487793,54.679500579833984,55.295501708984375,54.842227935791016,38298000.0
2019-02-08,54.74399948120117,55.255001068115234,54.71200180053711,55.11899948120117,54.667171478271484,21766000.0
2019-02-11,55.1875,55.67150115966797,55.0,55.10599899291992,54.65427780151367,18498000.0
2019-02-12,55.550498962402344,56.643001556396484,55.550498962402344,56.37900161743164,55.91685104370117,35036000.0
2019-02-13,56.652000427246094,57.14250183105469,56.29999923706055,56.43149948120117,55.96891784667969,28042000.0
2019-02-14,56.25,56.80649948120117,55.85449981689453,56.459999084472656,55.99718475341797,21106000.0
2019-02-15,56.96500015258789,56.96500015258789,55.83599853515625,55.98149871826172,55.522605895996094,27826000.0
2019-02-18,56.96500015258789,56.96500015258789,55.83599853515625,55.98149871826172,55.522605895996094,27826000.0
2019-02-19,55.832000732421875,56.481998443603516,55.832000732421875,56.32550048828125,55.8637809753418,21980000.0
2019-02-20,56.444000244140625,56.54650115966797,55.587501525878906,56.02949905395508,55.57020950317383,24090000.0
2019-02-21,55.93899917602539,55.95750045776367,54.89899826049805,55.21049880981445,54.75792694091797,33272000.0
2019-02-22,55.48500061035156,55.86249923706055,55.025001525878906,55.827999114990234,55.370365142822266,29436000.0
2019-02-25,56.096500396728516,56.27000045776367,55.705501556396484,55.86650085449219,55.40854263305664,26208000.0
2019-02-26,55.71849822998047,56.321998596191406,55.334999084472656,56.10049819946289,55.64063262939453,35026000.0
2019-02-27,55.70050048828125,56.2864990234375,55.428001403808594,56.144500732421875,55.68428039550781,22092000.0
2019-02-28,55.95000076293945,56.699501037597656,55.920501708984375,56.32749938964844,55.86577606201172,27422000.0
2019-03-01,56.54999923706055,57.5,56.54999923706055,57.42599868774414,56.955265045166016,34086000.0
2019-03-04,57.72800064086914,58.2760009765625,56.912498474121094,57.67100143432617,57.19825744628906,35490000.0
2019-03-05,57.79999923706055,58.824501037597656,57.6510009765625,58.45949935913086,57.98029708862305,40094000.0
2019-03-06,58.5880012512207,58.73699951171875,58.15250015258789,58.24700164794922,57.76953125,23602000.0
2019-03-07,58.025001525878906,58.17900085449219,57.08549880981445,57.54249954223633,57.0708122253418,30086000.0
2019-03-08,56.69499969482422,57.67250061035156,56.5099983215332,57.49850082397461,57.02716827392578,23694000.0
2019-03-11,57.599998474121094,58.99549865722656,57.57849884033203,58.9630012512207,58.47966384887695,30032000.0
2019-03-12,59.1150016784668,60.285499572753906,59.1150016784668,59.86249923706055,59.37179183959961,42220000.0
2019-03-13,60.29650115966797,60.35599899291992,59.89550018310547,59.952999114990234,59.4615478515625,25888000.0
2019-03-14,59.95100021362305,60.23500061035156,59.561500549316406,59.62649917602539,59.13772964477539,27302000.0
2019-03-15,59.900001525878906,60.08599853515625,59.35049819946289,59.51499938964844,59.02714157104492,51886000.0
2019-03-18,59.484500885009766,59.747501373291016,59.07400131225586,59.4275016784668,58.94035720825195,24442000.0
2019-03-19,59.58599853515625,60.170501708984375,59.472999572753906,60.12300109863281,59.63016128540039,29788000.0
2019-03-20,60.06999969482422,61.4995002746582,59.97949981689453,61.32149887084961,60.81882858276367,41508000.0
2019-03-21,61.0,61.821998596191406,60.82899856567383,61.80649948120117,61.29985809326172,28150000.0
2019-03-22,61.442501068115234,61.68149948120117,60.29999923706055,60.38249969482422,59.88753128051758,34422000.0
2019-03-25,59.97800064086914,60.47200012207031,59.5,59.86899948120117,59.37823486328125,27576000.0
2019-03-26,60.259498596191406,60.38249969482422,59.0880012512207,59.492000579833984,59.004329681396484,30752000.0
2019-03-27,59.59600067138672,59.59600067138672,58.21149826049805,58.9005012512207,58.41767883300781,29428000.0
2019-03-28,58.775001525878906,58.86249923706055,58.17150115966797,58.61349868774414,58.133033752441406,22402000.0
2019-03-29,59.00899887084961,59.19850158691406,58.319000244140625,58.84450149536133,58.36213684082031,30890000.0
2019-04-01,59.37699890136719,60.0099983215332,59.31800079345703,59.94900131225586,59.457584381103516,27706000.0
2019-04-02,60.002498626708984,60.29050064086914,59.5620002746582,60.277000427246094,59.782894134521484,18288000.0
2019-04-03,60.6349983215332,61.029998779296875,60.25400161743164,60.54050064086914,60.04423522949219,22180000.0
2019-04-04,60.56449890136719,61.02750015258789,60.45199966430664,60.97249984741211,60.47269821166992,21022000.0
2019-04-05,60.96500015258789,61.019500732421875,60.50149917602539,60.5724983215332,60.07596969604492,20012000.0
2019-04-08,60.55550003051758,60.6974983215332,60.23500061035156,60.41400146484375,59.91877746582031,21750000.0
2019-04-09,60.09450149536133,60.35749816894531,59.91899871826172,60.134498596191406,59.641563415527344,19668000.0
2019-04-10,60.25450134277344,60.446998596191406,60.03300094604492,60.3224983215332,59.82802200317383,15510000.0
2019-04-11,60.44499969482422,60.637001037597656,60.22700119018555,60.47949981689453,59.983734130859375,16998000.0
2019-04-12,60.78099822998047,61.15250015258789,60.66450119018555,61.13650131225586,60.635353088378906,24312000.0
2019-04-15,61.204498291015625,61.46500015258789,60.72800064086914,61.326499938964844,60.823787689208984,23796000.0
2019-04-16,61.5,61.79899978637695,61.25199890136719,61.59550094604492,61.09059143066406,22622000.0
2019-04-17,61.849998474121094,62.255001068115234,61.64500045776367,62.00699996948242,61.49871063232422,30366000.0
2019-04-18,62.25,62.297000885009766,61.97050094604492,62.07350158691406,61.564666748046875,24750000.0
2019-04-19,62.25,62.297000885009766,61.97050094604492,62.07350158691406,61.564666748046875,24750000.0
2019-04-22,61.833499908447266,62.71699905395508,61.66849899291992,62.6879997253418,62.174129486083984,19084000.0
2019-04-23,62.832000732421875,63.721500396728516,62.5984992980957,63.52949905395508,63.008731842041016,31868000.0
2019-04-24,63.52949905395508,63.70000076293945,62.990501403808594,63.002498626708984,62.486053466796875,23396000.0
2019-04-25,63.51499938964844,63.63999938964844,62.900001525878906,63.367000579833984,62.84756851196289,31344000.0
2019-04-26,63.66899871826172,63.945499420166016,63.25,63.87099838256836,63.34743118286133,27228000.0
2019-04-29,64.02549743652344,64.84850311279297,63.58549880981445,64.80999755859375,64.27873992919922,72368000.0
2019-04-30,59.53150177001953,60.04899978637695,59.150001525878906,59.948001861572266,59.45659637451172,133178000.0
2019-05-01,59.875,59.962501525878906,58.58399963378906,58.66600036621094,58.18510055541992,74340000.0
2019-05-02,58.630001068115234,58.96900177001953,57.916500091552734,58.32550048828125,57.84739303588867,45098000.0
2019-05-03,58.87049865722656,59.56999969482422,58.6775016784668,59.477500915527344,58.98994827270508,41588000.0
2019-05-06,58.599998474121094,59.77149963378906,58.55799865722656,59.67300033569336,59.18384552001953,31774000.0
2019-05-07,59.29050064086914,59.73849868774414,58.25,58.94300079345703,58.459835052490234,36604000.0
2019-05-08,58.864498138427734,59.2135009765625,58.381500244140625,58.53900146484375,58.05914306640625,25520000.0
2019-05-09,58.130001068115234,58.70349884033203,57.731998443603516,58.39849853515625,57.919795989990234,29556000.0
2019-05-10,58.44200134277344,58.81399917602539,57.31850051879883,58.38199996948242,57.90342712402344,31650000.0
2019-05-13,57.262001037597656,57.5984992980957,56.275001525878906,56.829498291015625,56.36365509033203,45626000.0
2019-05-14,57.11600112915039,57.243499755859375,56.17649841308594,56.24300003051758,55.78196334838867,40392000.0
2019-05-15,56.127498626708984,58.915000915527344,56.06999969482422,58.540000915527344,58.06013870239258,59302000.0
2019-05-16,58.59199905395508,59.70800018310547,58.42250061035156,59.224998474121094,58.73951721191406,35308000.0
2019-05-17,58.791500091552734,59.31449890136719,58.32099914550781,58.43899917602539,57.9599609375,25362000.0
2019-05-20,57.650001525878906,57.650001525878906,56.90700149536133,57.233001708984375,56.76384735107422,30602000.0
2019-05-21,57.7239990234375,57.900001525878906,57.16550064086914,57.72200012207031,57.24884033203125,20562000.0
2019-05-22,57.5625,58.18899917602539,57.54999923706055,57.79249954223633,57.31875991821289,18826000.0
2019-05-23,57.30350112915039,57.502498626708984,56.65800094604492,57.266998291015625,56.79756546020508,25214000.0
2019-05-24,57.599998474121094,57.71799850463867,56.83549880981445,56.93050003051758,56.463829040527344,18554000.0
2019-05-27,57.599998474121094,57.71799850463867,56.83549880981445,56.93050003051758,56.463829040527344,18554000.0
2019-05-28,57.07400131225586,57.824501037597656,56.93349838256836,56.97800064086914,56.51093673706055,20948000.0
2019-05-29,56.6349983215332,56.75,55.59749984741211,55.99700164794922,55.53798294067383,36230000.0
2019-05-30,56.00749969482422,56.34000015258789,55.79499816894531,56.070499420166016,55.610877990722656,18088000.0
2019-05-31,55.28200149536133,55.66999816894531,55.16749954223633,55.32500076293945,54.87148666381836,31582000.0
2019-06-03,53.346500396728516,53.349998474121094,51.35150146484375,51.9370002746582,51.511260986328125,96890000.0
2019-06-04,52.2244987487793,52.922000885009766,51.80149841308594,52.7244987487793,52.29230499267578,60512000.0
2019-06-05,52.75,52.84049987792969,51.650001525878906,52.231998443603516,51.803836822509766,46988000.0
2019-06-06,52.31050109863281,52.5,51.7755012512207,52.38800048828125,51.95856475830078,29020000.0
2019-06-07,52.7140007019043,53.67150115966797,52.557498931884766,53.41849899291992,52.98061752319336,43828000.0
2019-06-10,53.849998474121094,54.742000579833984,53.763999938964844,54.13800048828125,53.69422149658203,28510000.0
2019-06-11,54.8494987487793,55.20050048828125,53.97850036621094,54.051998138427734,53.608924865722656,33508000.0
2019-06-12,53.997501373291016,54.125999450683594,53.47999954223633,53.95500183105469,53.512718200683594,23670000.0
2019-06-13,54.23550033569336,54.829498291015625,54.128501892089844,54.550498962402344,54.103336334228516,20814000.0
2019-06-14,54.48699951171875,54.737998962402344,54.07400131225586,54.314998626708984,53.86976623535156,24582000.0
2019-06-17,54.45500183105469,55.06399917602539,54.400001525878906,54.69449996948242,54.246150970458984,19770000.0
2019-06-18,55.57500076293945,55.93899917602539,55.03950119018555,55.262001037597656,54.80900192260742,34526000.0
2019-06-19,55.36199951171875,55.471500396728516,54.80149841308594,55.22549819946289,54.772804260253906,26714000.0
2019-06-20,56.084999084472656,56.13600158691406,55.349998474121094,55.65999984741211,55.2037353515625,24018000.0
2019-06-21,55.49300003051758,56.32849884033203,55.486000061035156,56.26850128173828,55.80725860595703,50774000.0
2019-06-24,56.0,56.17850112915039,55.66550064086914,55.834999084472656,55.37730407714844,24236000.0
2019-06-25,55.75400161743164,55.78499984741211,54.22999954223633,54.37900161743164,53.93324661254883,31644000.0
2019-06-26,54.54999923706055,54.75600051879883,53.68450164794922,54.01599884033203,53.57321548461914,34698000.0
2019-06-27,54.337501525878906,54.42300033569336,53.79249954223633,53.83150100708008,53.39023208618164,24078000.0
2019-06-28,53.86149978637695,54.13999938964844,53.689998626708984,54.13999938964844,53.696205139160156,33672000.0
2019-07-01,55.051998138427734,55.429500579833984,54.76649856567383,55.0,54.54915237426758,29196000.0
2019-07-02,55.24150085449219,55.644500732421875,54.98350143432617,55.630001068115234,55.17398452758789,20630000.0
2019-07-03,55.92499923706055,56.39950180053711,55.74250030517578,56.14950180053711,55.68922805786133,20154000.0
2019-07-04,55.92499923706055,56.39950180053711,55.74250030517578,56.14950180053711,55.68922805786133,20154000.0
2019-07-05,55.96849822998047,56.73249816894531,55.875,56.63349914550781,56.16926574707031,29794000.0
2019-07-08,56.29349899291992,56.36050033569336,55.5880012512207,55.839500427246094,55.381771087646484,29888000.0
2019-07-09,55.51599884033203,56.393001556396484,55.35749816894531,56.214500427246094,55.75370407104492,29472000.0
2019-07-10,56.61600112915039,57.117000579833984,56.53300094604492,57.045501708984375,56.5778923034668,30710000.0
2019-07-11,57.30799865722656,57.6619987487793,56.97650146484375,57.20399856567383,56.73508071899414,26004000.0
2019-07-12,57.14649963378906,57.375,56.928001403808594,57.266998291015625,56.79756546020508,21878000.0
2019-07-15,57.266998291015625,57.534000396728516,57.0,57.5255012512207,57.053955078125,21164000.0
2019-07-16,57.33649826049805,57.92900085449219,57.33649826049805,57.67300033569336,57.20024490356445,25352000.0
2019-07-17,57.54600143432617,57.922000885009766,57.33100128173828,57.33700180053711,56.86699295043945,19538000.0
2019-07-18,57.099998474121094,57.40850067138672,56.643001556396484,57.36199951171875,56.89179229736328,25450000.0
2019-07-19,57.465999603271484,57.57899856567383,56.5625,56.57749938964844,56.11371994018555,23184000.0
2019-07-22,56.77349853515625,57.000999450683594,56.260501861572266,56.96049880981445,56.49357604980469,28914000.0
2019-07-23,57.17250061035156,57.44300079345703,56.64250183105469,57.40250015258789,56.93196105957031,20648000.0
2019-07-24,56.63100051879883,57.27299880981445,56.425498962402344,56.98649978637695,56.51936340332031,27192000.0
2019-07-25,56.9474983215332,57.179500579833984,56.18550109863281,56.797000885009766,56.331424713134766,54762000.0
2019-07-26,61.400001525878906,63.419498443603516,61.400001525878906,62.26100158691406,61.75062942504883,121216000.0
2019-07-29,62.125,62.449501037597656,61.5099983215332,62.09199905395508,61.583011627197266,41382000.0
2019-07-30,61.349998474121094,61.84550094604492,61.26599884033203,61.400001525878906,60.896690368652344,28616000.0
2019-07-31,61.243499755859375,61.74549865722656,60.409000396728516,60.90999984741211,60.41070556640625,39960000.0
2019-08-01,60.881500244140625,61.814998626708984,60.349998474121094,60.5890007019043,60.09233856201172,35426000.0
2019-08-02,60.150001525878906,60.474998474121094,59.5,59.816001892089844,59.3256721496582,34910000.0
2019-08-05,58.64849853515625,58.84400177001953,57.13750076293945,57.73749923706055,57.26420974731445,47840000.0
2019-08-06,58.2760009765625,59.06999969482422,58.076499938964844,58.55400085449219,58.07402038574219,36014000.0
2019-08-07,57.88999938964844,58.993499755859375,57.54199981689453,58.795501708984375,58.31353759765625,30686000.0
2019-08-08,59.32149887084961,60.31399917602539,58.70000076293945,60.30950164794922,59.81513214111328,30116000.0
2019-08-09,59.9995002746582,60.222999572753906,59.24449920654297,59.44499969482422,58.95771026611328,20418000.0
2019-08-12,59.0,59.28049850463867,58.43600082397461,58.724998474121094,58.24361801147461,22064000.0
2019-08-13,58.717498779296875,60.27149963378906,58.64950180053711,59.83649826049805,59.346004486083984,28434000.0
2019-08-14,58.80350112915039,59.13949966430664,58.05350112915039,58.212501525878906,57.73531723022461,35430000.0
2019-08-15,58.42150115966797,58.82099914550781,58.150001525878906,58.465999603271484,57.98673629760742,28506000.0
2019-08-16,59.03950119018555,59.19200134277344,58.650001525878906,58.96049880981445,58.4771842956543,24916000.0
2019-08-19,59.59149932861328,60.46950149536133,59.52000045776367,60.02199935913086,59.52997970581055,24450000.0
2019-08-20,59.76750183105469,59.900001525878906,59.15250015258789,59.17649841308594,58.69141387939453,20206000.0
2019-08-21,59.79100036621094,60.02799987792969,59.395999908447266,59.57899856567383,59.09061813354492,14152000.0
2019-08-22,59.689998626708984,59.93899917602539,58.945499420166016,59.57600021362305,59.08763885498047,17352000.0
2019-08-23,59.25849914550781,59.78350067138672,57.5,57.67900085449219,57.20619583129883,36254000.0
2019-08-26,57.97249984741211,58.59299850463867,57.74250030517578,58.558998107910156,58.07897186279297,21166000.0
2019-08-27,59.150001525878906,59.25,58.22800064086914,58.54100036621094,58.06113052368164,23460000.0
2019-08-28,58.243499755859375,58.92499923706055,58.01250076293945,58.6875,58.2064208984375,16810000.0
2019-08-29,59.32099914550781,59.95949935913086,59.263999938964844,59.71200180053711,59.22252655029297,19636000.0
2019-08-30,60.01750183105469,60.01750183105469,59.2859992980957,59.5265007019043,59.03854751586914,18064000.0
2019-09-02,60.01750183105469,60.01750183105469,59.2859992980957,59.5265007019043,59.03854751586914,18064000.0
2019-09-03,59.092498779296875,59.45399856567383,58.18550109863281,58.477500915527344,57.998146057128906,25908000.0
2019-09-04,58.97249984741211,59.24399948120117,58.576499938964844,59.11349868774414,58.628929138183594,21312000.0
2019-09-05,59.68299865722656,60.70000076293945,59.634498596191406,60.609500885009766,60.112667083740234,26394000.0
2019-09-06,60.457000732421875,60.647499084472656,60.16299819946289,60.316001892089844,59.82157897949219,18972000.0
2019-09-09,60.354000091552734,61.02750015258789,59.65850067138672,60.26350021362305,59.769500732421875,31854000.0
2019-09-10,59.804500579833984,60.5,59.800498962402344,60.28499984741211,59.790828704833984,27922000.0
2019-09-11,60.19449996948242,61.12350082397461,60.11399841308594,61.0,60.499969482421875,23522000.0
2019-09-12,61.173500061035156,62.12099838256836,61.12799835205078,61.74850082397461,61.242340087890625,31644000.0
2019-09-13,61.605499267578125,62.0525016784668,61.354000091552734,62.00149917602539,61.49325942993164,23676000.0
2019-09-16,61.52199935913086,61.95100021362305,61.259498596191406,61.58150100708008,61.07670593261719,28218000.0
2019-09-17,61.58150100708008,61.75,61.16749954223633,61.49399948120117,60.98991775512695,20806000.0
2019-09-18,61.512001037597656,61.8120002746582,60.82350158691406,61.63249969482422,61.127281188964844,17440000.0
2019-09-19,61.61600112915039,62.21699905395508,61.615501403808594,61.9375,61.429786682128906,16554000.0
2019-09-20,61.68199920654297,62.13999938964844,61.17900085449219,61.492000579833984,60.987937927246094,37692000.0
2019-09-23,61.32849884033203,61.98400115966797,61.18899917602539,61.734500885009766,61.228450775146484,20798000.0
2019-09-24,62.0,62.355499267578125,60.53200149536133,60.916500091552734,60.417152404785156,35804000.0
2019-09-25,60.800498962402344,62.4010009765625,60.459999084472656,62.297000885009766,61.786338806152344,26798000.0
2019-09-26,62.106998443603516,62.23350143432617,61.590999603271484,62.114498138427734,61.605323791503906,23166000.0
2019-09-27,62.14149856567383,62.2495002746582,60.7599983215332,61.29750061035156,60.79502868652344,34122000.0
2019-09-30,61.029998779296875,61.37049865722656,60.67100143432617,61.05699920654297,60.55649948120117,24470000.0
2019-10-01,61.1245002746582,61.643001556396484,60.27750015258789,60.29999923706055,59.805702209472656,24504000.0
2019-10-02,59.82500076293945,59.9379997253418,58.631500244140625,58.895999908447266,58.4132194519043,33030000.0
2019-10-03,59.16699981689453,59.54999923706055,58.15700149536133,59.471500396728516,58.9839973449707,28368000.0
2019-10-04,59.714500427246094,60.62300109863281,59.548500061035156,60.54800033569336,60.05167007446289,24282000.0
2019-10-07,60.349998474121094,60.945499420166016,60.21799850463867,60.412498474121094,59.91728210449219,17040000.0
2019-10-08,59.938499450683594,60.34349822998047,59.4739990234375,59.506500244140625,59.01871109008789,20086000.0
2019-10-09,60.06650161743164,60.42300033569336,59.90599822998047,60.119998931884766,59.6271858215332,15948000.0
2019-10-10,59.93000030517578,60.78099822998047,59.893001556396484,60.4734992980957,59.977787017822266,12842000.0
2019-10-11,61.201499938964844,61.4375,60.68199920654297,60.785499572753906,60.287227630615234,22330000.0
2019-10-14,60.69449996948242,61.29399871826172,60.59400177001953,60.88850021362305,60.38938522338867,13296000.0
2019-10-15,61.07500076293945,62.35649871826172,61.04600143432617,62.11199951171875,61.60285186767578,27584000.0
2019-10-16,62.09049987792969,62.70949935913086,61.92649841308594,62.150001525878906,61.64054489135742,22986000.0
2019-10-17,62.56999969482422,63.1875,62.493499755859375,62.63999938964844,62.12652587890625,20958000.0
2019-10-18,62.734500885009766,62.90549850463867,62.00699996948242,62.22050094604492,61.71046447753906,31624000.0
2019-10-21,62.435001373291016,62.675498962402344,61.9995002746582,62.2140007019043,61.70402145385742,18094000.0
2019-10-22,62.2239990234375,62.436500549316406,61.99250030517578,62.060001373291016,61.55128479003906,22862000.0
2019-10-23,62.010501861572266,62.902000427246094,62.010501861572266,62.881500244140625,62.36604690551758,21282000.0
2019-10-24,62.955501556396484,63.14500045776367,62.61750030517578,62.955501556396484,62.43943786621094,20224000.0
2019-10-25,62.599998474121094,63.400001525878906,62.45750045776367,63.21500015258789,62.696807861328125,27104000.0
2019-10-28,63.75,64.96199798583984,63.615501403808594,64.4489974975586,63.920692443847656,65428000.0
2019-10-29,63.79999923706055,64.04000091552734,62.78049850463867,63.03300094604492,62.51630783081055,52654000.0
2019-10-30,62.75749969482422,63.4010009765625,62.532501220703125,63.03499984741211,62.51829147338867,29204000.0
2019-10-31,63.0,63.32600021362305,62.4739990234375,62.939998626708984,62.42406463623047,31904000.0
2019-11-01,63.290000915527344,63.650001525878906,62.98550033569336,63.61249923706055,63.09105682373047,28812000.0
2019-11-04,63.80550003051758,64.625,63.80550003051758,64.48049926757812,63.95193862915039,30632000.0
2019-11-05,64.55999755859375,64.86199951171875,64.46900177001953,64.5719985961914,64.04268646240234,25148000.0
2019-11-06,64.50450134277344,64.64949798583984,64.1135025024414,64.55049896240234,64.0213623046875,24626000.0
2019-11-07,64.71399688720703,66.13249969482422,64.6875,65.34700012207031,64.81133270263672,45140000.0
2019-11-08,65.07599639892578,65.85549926757812,65.07599639892578,65.44999694824219,64.91350555419922,30392000.0
2019-11-11,65.19999694824219,65.24500274658203,64.79350280761719,64.91400146484375,64.38188934326172,17234000.0
2019-11-12,64.92849731445312,65.46749877929688,64.71199798583984,64.8604965209961,64.3288345336914,28852000.0
2019-11-13,64.65899658203125,65.1259994506836,64.60749816894531,64.80899810791016,64.27774047851562,20538000.0
2019-11-14,64.75,65.78600311279297,64.6969985961914,65.4574966430664,64.9209213256836,28948000.0
2019-11-15,65.75250244140625,66.677001953125,65.59449768066406,66.677001953125,66.13042449951172,39286000.0
2019-11-18,66.61699676513672,66.69599914550781,65.80799865722656,65.99199676513672,65.45104217529297,27984000.0
2019-11-19,66.33149719238281,66.33149719238281,65.5885009765625,65.62950134277344,65.09152221679688,21864000.0
2019-11-20,65.56800079345703,65.6604995727539,64.46050262451172,65.09300231933594,64.55941772460938,28892000.0
2019-11-21,64.9625015258789,65.55599975585938,64.5374984741211,65.00700378417969,64.47411346435547,25546000.0
2019-11-22,65.1500015258789,65.34500122070312,64.46800231933594,64.68350219726562,64.15327453613281,27776000.0
2019-11-25,64.81300354003906,65.52050018310547,64.78050231933594,65.28199768066406,64.74686431884766,23590000.0
2019-11-26,65.49549865722656,65.70050048828125,65.2020034790039,65.6500015258789,65.11186218261719,21910000.0
2019-11-27,65.77100372314453,65.88200378417969,65.47350311279297,65.60649871826172,65.0687026977539,18808000.0
2019-11-28,65.77100372314453,65.88200378417969,65.47350311279297,65.60649871826172,65.0687026977539,18808000.0
2019-11-29,65.33000183105469,65.49749755859375,65.1614990234375,65.20449829101562,64.66999053955078,12802000.0
2019-12-02,65.12799835205078,65.27200317382812,64.01899719238281,64.44300079345703,63.91474151611328,26538000.0
2019-12-03,63.93299865722656,64.86150360107422,63.852500915527344,64.73699951171875,64.20633697509766,25270000.0
2019-12-04,65.30500030517578,66.2135009765625,65.15249633789062,65.9469985961914,65.40641021728516,35506000.0
2019-12-05,66.3499984741211,66.39900207519531,65.71600341796875,66.3479995727539,65.80412292480469,24408000.0
2019-12-06,66.63749694824219,67.12349700927734,66.5615005493164,66.96949768066406,66.42052459716797,32968000.0
2019-12-09,66.94300079345703,67.87750244140625,66.80349731445312,67.14949798583984,66.59905242919922,30842000.0
2019-12-10,66.99700164794922,67.4000015258789,66.69999694824219,67.14450073242188,66.59410095214844,17606000.0
2019-12-11,67.41500091552734,67.49449920654297,67.05500030517578,67.2125015258789,66.66156005859375,20480000.0
2019-12-12,67.1604995727539,67.72899627685547,66.91000366210938,67.42449951171875,66.87181091308594,29114000.0
2019-12-13,67.3949966430664,67.56749725341797,67.08300018310547,67.34349822998047,66.79146575927734,33170000.0
2019-12-16,67.75,68.17649841308594,67.53050231933594,68.03500366210938,67.47730255126953,28128000.0
2019-12-17,68.12049865722656,68.21649932861328,67.53849792480469,67.74449920654297,67.18919372558594,32948000.0
2019-12-18,67.8499984741211,67.97149658203125,67.52300262451172,67.59549713134766,67.04138946533203,23330000.0
2019-12-19,67.59549713134766,67.87650299072266,67.4375,67.8219985961914,67.26603698730469,28922000.0
2019-12-20,68.15499877929688,68.19999694824219,67.5364990234375,67.56099700927734,67.00717163085938,50090000.0
2019-12-23,67.9365005493164,68.09249877929688,67.4000015258789,67.53150177001953,66.97793579101562,19936000.0
2019-12-24,67.510498046875,67.60050201416016,67.20850372314453,67.22149658203125,66.67045593261719,13468000.0
2019-12-25,67.510498046875,67.60050201416016,67.20850372314453,67.22149658203125,66.67045593261719,13468000.0
2019-12-26,67.32749938964844,68.16000366210938,67.27549743652344,68.12349700927734,67.56507873535156,23662000.0
2019-12-27,68.19999694824219,68.35250091552734,67.6500015258789,67.73200225830078,67.17680358886719,23212000.0
2019-12-30,67.84049987792969,67.8499984741211,66.89199829101562,66.9854965209961,66.4364013671875,19994000.0
2019-12-31,66.78949737548828,67.03299713134766,66.60649871826172,66.96949768066406,66.42052459716797,19514000.0
2020-01-01,66.78949737548828,67.03299713134766,66.60649871826172,66.96949768066406,66.42052459716797,19514000.0
2020-01-02,67.42050170898438,68.43399810791016,67.32450103759766,68.43399810791016,67.87301635742188,27278000.0
2020-01-03,67.4000015258789,68.6875,67.36599731445312,68.07599639892578,67.51795196533203,23408000.0
2020-01-06,67.58149719238281,69.91600036621094,67.55000305175781,69.8905029296875,69.31758880615234,46768000.0
2020-01-07,70.02300262451172,70.17500305175781,69.5780029296875,69.75550079345703,69.18368530273438,34330000.0
2020-01-08,69.74099731445312,70.59249877929688,69.63150024414062,70.25199890136719,69.67613220214844,35314000.0
2020-01-09,71.09649658203125,71.43399810791016,70.510498046875,70.989501953125,70.40758514404297,33200000.0
2020-01-10,71.47350311279297,71.74700164794922,70.9800033569336,71.447998046875,70.86231994628906,26258000.0
2020-01-13,71.76249694824219,72.0739974975586,71.26850128173828,72.00150299072266,71.41129302978516,30730000.0
2020-01-14,72.0,72.13150024414062,71.38849639892578,71.52950286865234,70.94316101074219,26076000.0
2020-01-15,71.6510009765625,72.03900146484375,71.58300018310547,71.95999908447266,71.37013244628906,21550000.0
2020-01-16,72.27249908447266,72.53500366210938,72.0,72.50800323486328,71.91362762451172,26080000.0
2020-01-17,73.12699890136719,74.02749633789062,72.82749938964844,73.97599792480469,73.3696060180664,52424000.0
2020-01-20,73.12699890136719,74.02749633789062,72.82749938964844,73.97599792480469,73.3696060180664,52424000.0
2020-01-21,73.94999694824219,74.49400329589844,73.510498046875,74.11250305175781,73.50497436523438,48930000.0
2020-01-22,74.48650360107422,75.02899932861328,74.13300323486328,74.19349670410156,73.58531188964844,28458000.0
2020-01-23,74.37750244140625,74.67500305175781,74.01599884033203,74.2344970703125,73.6259765625,26650000.0
2020-01-24,74.64099884033203,74.70999908447266,73.15899658203125,73.30850219726562,72.70757293701172,29786000.0
2020-01-27,71.5770034790039,71.8290023803711,70.9749984741211,71.58650207519531,70.99970245361328,34132000.0
2020-01-28,72.08699798583984,72.73999786376953,71.51799774169922,72.5250015258789,71.93050384521484,29724000.0
2020-01-29,72.9229965209961,73.20700073242188,72.26950073242188,72.83499908447266,72.23795318603516,21566000.0
2020-01-30,71.90499877929688,72.76249694824219,71.75,72.7125015258789,72.116455078125,27110000.0
2020-01-31,73.39299774169922,73.4834976196289,71.35299682617188,71.63899993896484,71.05175018310547,43822000.0
2020-02-03,73.0824966430664,74.31500244140625,72.83049774169922,74.12999725341797,73.52233123779297,71636000.0
2020-02-04,72.72450256347656,73.36699676513672,71.10150146484375,72.27050018310547,71.67808532714844,95880000.0
2020-02-05,73.18049621582031,73.22899627685547,71.48400115966797,72.30249786376953,71.70982360839844,36376000.0
2020-02-06,72.5989990234375,74.0780029296875,72.52400207519531,73.79850006103516,73.19355773925781,37822000.0
2020-02-07,73.36949920654297,74.26249694824219,73.27050018310547,73.95549774169922,73.3492660522461,28360000.0
2020-02-10,73.86150360107422,75.44400024414062,73.76000213623047,75.43299865722656,74.81465911865234,38302000.0
2020-02-11,75.66349792480469,76.49400329589844,75.27249908447266,75.50299835205078,74.88408660888672,34852000.0
2020-02-12,75.79299926757812,76.01499938964844,75.43350219726562,75.93150329589844,75.30907440185547,31042000.0
2020-02-13,75.5,76.29750061035156,75.19999694824219,75.66950225830078,75.04923248291016,22914000.0
2020-02-14,75.72650146484375,76.00250244140625,75.27749633789062,75.9365005493164,75.31403350830078,23198000.0
2020-02-17,75.72650146484375,76.00250244140625,75.27749633789062,75.9365005493164,75.31403350830078,23198000.0
2020-02-18,75.71700286865234,76.52799987792969,75.55049896240234,75.97200012207031,75.3492431640625,25642000.0
2020-02-19,76.36000061035156,76.53700256347656,76.04900360107422,76.24349975585938,75.6185073852539,22746000.0
2020-02-20,75.95050048828125,76.35350036621094,75.21299743652344,75.84950256347656,75.22774505615234,25962000.0
2020-02-21,75.22899627685547,75.54750061035156,73.92449951171875,74.1729965209961,73.56498718261719,42520000.0
2020-02-24,71.15249633789062,71.81900024414062,70.3395004272461,70.99299621582031,70.41104888916016,49560000.0
2020-02-25,71.55000305175781,71.84249877929688,69.02100372314453,69.31600189208984,68.74781036376953,51580000.0
2020-02-26,69.7490005493164,70.68350219726562,68.82749938964844,69.52349853515625,68.95360565185547,49776000.0
2020-02-27,67.95700073242188,68.47000122070312,65.71199798583984,65.74749755859375,65.20854187011719,62290000.0
2020-02-28,63.71549987792969,67.12249755859375,63.410499572753906,66.9625015258789,66.41358947753906,80198000.0
2020-03-02,67.56950378417969,69.37349700927734,66.26000213623047,69.31600189208984,68.74781036376953,55430000.0
2020-03-03,69.88400268554688,70.40950012207031,66.46199798583984,66.88600158691406,66.33771514892578,56602000.0
2020-03-04,67.947998046875,69.13899993896484,66.8499984741211,69.08000183105469,68.51373291015625,47598000.0
2020-03-05,67.27749633789062,67.68150329589844,65.08200073242188,65.73799896240234,65.19912719726562,54380000.0
2020-03-06,63.497501373291016,65.13749694824219,62.86050033569336,64.78700256347656,64.25592041015625,64640000.0
2020-03-09,60.24800109863281,62.63650131225586,59.902000427246094,60.78950119018555,60.291194915771484,69252000.0
2020-03-10,62.71950149536133,63.79249954223633,60.72549819946289,63.75849914550781,63.23585891723633,54872000.0
2020-03-11,62.41350173950195,62.846500396728516,59.55699920654297,60.54499816894531,60.04869842529297,54732000.0
2020-03-12,56.13100051879883,59.4375,55.423500061035156,55.57749938964844,55.12191390991211,94326000.0
2020-03-13,58.7495002746582,60.720001220703125,55.614498138427734,60.7135009765625,60.2158203125,79400000.0
2020-03-16,54.480499267578125,57.27349853515625,53.354000091552734,53.650001525878906,53.2102165222168,96520000.0
2020-03-17,54.53200149536133,56.29999923706055,52.45500183105469,55.90299987792969,55.44475173950195,83194000.0
2020-03-18,52.99700164794922,55.2495002746582,51.849998474121094,54.55950164794922,54.11227035522461,93044000.0
2020-03-19,54.4109992980957,57.63050079345703,52.77750015258789,55.583499908447266,55.127864837646484,74064000.0
2020-03-20,56.54499816894531,56.92399978637695,53.10499954223633,53.410499572753906,52.97267532348633,82878000.0
2020-03-23,52.81850051879883,53.34550094604492,50.44350051879883,52.70650100708008,52.27444839477539,83672000.0
2020-03-24,55.19900131225586,56.666500091552734,54.32149887084961,56.5004997253418,56.037353515625,72468000.0
2020-03-25,56.229000091552734,57.30849838256836,54.1505012512207,55.08100128173828,54.629486083984375,90324000.0
2020-03-26,55.736000061035156,58.57400131225586,54.60150146484375,58.145999908447266,57.66936111450195,76562000.0
2020-03-27,56.37350082397461,57.5525016784668,55.20000076293945,55.51300048828125,55.05794906616211,62794000.0
2020-03-30,56.63199996948242,57.54999923706055,54.92449951171875,57.31549835205078,56.845672607421875,58736000.0
2020-03-31,57.436500549316406,58.66999816894531,56.83599853515625,58.09749984741211,57.62126541137695,65228000.0
2020-04-01,56.20000076293945,56.47100067138672,54.67449951171875,55.10499954223633,54.65329360961914,51970000.0
2020-04-02,55.0,56.13850021362305,54.65650177001953,55.85150146484375,55.3936767578125,56410000.0
2020-04-03,55.73550033569336,55.93949890136719,53.75400161743164,54.6349983215332,54.18714141845703,51374000.0
2020-04-06,56.650001525878906,59.537498474121094,56.25,59.15950012207031,58.674560546875,63320000.0
2020-04-07,60.85049819946289,61.03900146484375,58.86249923706055,59.12799835205078,58.643306732177734,61620000.0
2020-04-08,60.154998779296875,60.744998931884766,59.1974983215332,60.349998474121094,59.85529327392578,40334000.0
2020-04-09,60.909000396728516,61.0994987487793,59.62099838256836,60.32849884033203,59.83396911621094,54028000.0
2020-04-10,60.909000396728516,61.0994987487793,59.62099838256836,60.32849884033203,59.83396911621094,54028000.0
2020-04-13,60.07500076293945,60.72600173950195,59.11650085449219,60.52050018310547,60.0244026184082,38702000.0
2020-04-14,61.99850082397461,63.787498474121094,61.426998138427734,63.26150131225586,62.742923736572266,63358000.0
2020-04-15,62.32550048828125,63.75550079345703,61.70000076293945,62.8650016784668,62.34968566894531,42236000.0
2020-04-16,63.356998443603516,63.667999267578125,61.90999984741211,62.871498107910156,62.35612869262695,57896000.0
2020-04-17,64.08499908447266,64.5,63.29999923706055,63.95000076293945,63.425785064697266,51050000.0
2020-04-20,63.49449920654297,63.840999603271484,62.821998596191406,63.057498931884766,62.54060363769531,35292000.0
2020-04-21,62.135501861572266,62.5,60.25,60.608001708984375,60.11118698120117,49648000.0
2020-04-22,62.05550003051758,63.99399948120117,61.86000061035156,62.920501708984375,62.404727935791016,46296000.0
2020-04-23,63.2869987487793,64.40750122070312,63.0265007019043,63.55849838256836,63.03749465942383,34202000.0
2020-04-24,62.75,63.885501861572266,62.20000076293945,63.83000183105469,63.30677032470703,37402000.0
2020-04-27,64.5999984741211,64.70500183105469,63.25299835205078,63.542999267578125,63.02212905883789,44186000.0
2020-04-28,64.16000366210938,64.23799896240234,61.51900100708008,61.62950134277344,61.124305725097656,80700000.0
2020-04-29,67.25,68.00749969482422,66.33650207519531,67.10900115966797,66.55889892578125,108358000.0
2020-04-30,66.56800079345703,67.5,66.07499694824219,67.33499908447266,66.78302001953125,55842000.0
2020-05-01,66.20449829101562,67.57150268554688,65.48300170898438,65.86599731445312,65.3260726928711,48872000.0
2020-05-04,65.40650177001953,66.22350311279297,64.80049896240234,66.1449966430664,65.602783203125,30806000.0
2020-05-05,66.875,68.55049896240234,66.75150299072266,67.45099639892578,66.89807891845703,39666000.0
2020-05-06,67.9000015258789,68.43450164794922,67.25650024414062,67.27149963378906,66.72006225585938,31732000.0
2020-05-07,68.06549835205078,68.80000305175781,67.62699890136719,68.46399688720703,67.90278625488281,30652000.0
2020-05-08,69.09100341796875,69.83200073242188,68.60050201416016,69.21700286865234,68.64961242675781,33326000.0
2020-05-11,68.8395004272461,70.77649688720703,68.7750015258789,70.17949676513672,69.60421752929688,32718000.0
2020-05-12,70.41100311279297,70.71649932861328,68.72550201416016,68.75900268554688,68.19537353515625,33918000.0
2020-05-13,68.80799865722656,69.2665023803711,66.40049743652344,67.41649627685547,66.86386108398438,40368000.0
2020-05-14,66.6760025024414,67.86849975585938,66.16500091552734,67.84300231933594,67.28687286376953,36660000.0
2020-05-15,67.41300201416016,68.72899627685547,66.94999694824219,68.65299987792969,68.09022521972656,41544000.0
2020-05-18,68.0790023803711,69.63800048828125,67.70999908447266,69.25900268554688,68.69126892089844,47094000.0
2020-05-19,69.27400207519531,69.62449645996094,68.68800354003906,68.72000122070312,68.15669250488281,31586000.0
2020-05-20,69.45800018310547,70.60150146484375,69.37100219726562,70.45800018310547,69.88044738769531,38262000.0
2020-05-21,70.54949951171875,70.822998046875,69.71949768066406,70.3375015258789,69.76093292236328,30894000.0
2020-05-22,70.19499969482422,70.8499984741211,69.79750061035156,70.66200256347656,70.082763671875,28544000.0
2020-05-25,70.19499969482422,70.8499984741211,69.79750061035156,70.66200256347656,70.082763671875,28544000.0
2020-05-26,72.0979995727539,72.25550079345703,70.97000122070312,71.06849670410156,70.48593139648438,44590000.0
2020-05-27,71.0,71.26750183105469,69.7300033569336,71.01399993896484,70.431884765625,31684000.0
2020-05-28,70.0,72.2229995727539,69.9540023803711,70.91200256347656,70.3307113647461,35170000.0
2020-05-29,71.02149963378906,71.83650207519531,70.79900360107422,71.6760025024414,71.08846282958984,37044000.0
2020-06-01,71.28500366210938,72.0790023803711,71.11399841308594,71.74349975585938,71.15538787841797,25162000.0
2020-06-02,71.75,72.1500015258789,71.08049774169922,72.1155014038086,71.52435302734375,23442000.0
2020-06-03,72.13500213623047,72.45050048828125,71.58100128173828,71.9625015258789,71.37260437011719,27732000.0
2020-06-04,71.83899688720703,72.06600189208984,70.30049896240234,70.71499633789062,70.13533782958984,26982000.0
2020-06-05,70.78199768066406,72.31500244140625,70.38099670410156,72.0009994506836,71.4107894897461,42642000.0
2020-06-08,71.31400299072266,72.44999694824219,71.2239990234375,72.4020004272461,71.8084945678711,33878000.0
2020-06-09,72.26200103759766,73.38999938964844,72.11799621582031,72.60399627685547,72.00884246826172,33624000.0
2020-06-10,73.07550048828125,73.63849639892578,72.71800231933594,73.23500061035156,72.63468170166016,31762000.0
2020-06-11,72.05149841308594,72.58000183105469,69.92050170898438,70.09500122070312,69.52042388916016,47144000.0
2020-06-12,71.29299926757812,71.72550201416016,69.29000091552734,70.64600372314453,70.06690216064453,36676000.0
2020-06-15,69.47450256347656,71.25,69.36000061035156,71.03700256347656,70.4546890258789,30468000.0
2020-06-16,72.44999694824219,72.8584976196289,71.44950103759766,72.32350158691406,71.73065185546875,30648000.0
2020-06-17,72.64700317382812,73.11000061035156,71.75650024414062,72.62699890136719,72.03164672851562,30610000.0
2020-06-18,72.49250030517578,72.64849853515625,71.31199645996094,71.70600128173828,71.11822509765625,34862000.0
2020-06-19,72.0,72.2249984741211,70.94999694824219,71.23200225830078,70.64810180664062,52784000.0
2020-06-22,71.25050354003906,72.54750061035156,70.95950317382812,72.53299713134766,71.93841552734375,29442000.0
2020-06-23,72.5999984741211,73.76000213623047,72.25,73.1989974975586,72.59896087646484,37752000.0
2020-06-24,73.16400146484375,73.78949737548828,71.5,71.63500213623047,71.04779815673828,31592000.0
2020-06-25,71.56099700927734,72.11599731445312,70.97699737548828,72.05500030517578,71.46434783935547,23958000.0
2020-06-26,71.63150024414062,71.85099792480469,67.75,68.12699890136719,67.56853485107422,97640000.0
2020-06-29,68.01699829101562,69.9000015258789,67.5824966430664,69.8584976196289,69.28585815429688,45074000.0
2020-06-30,69.84400177001953,71.19999694824219,69.34649658203125,70.90249633789062,70.3212890625,40286000.0
2020-07-01,70.95850372314453,72.42400360107422,70.70899963378906,72.0999984741211,71.50898742675781,42182000.0
2020-07-02,72.59200286865234,74.4260025024414,72.55349731445312,73.49649810791016,72.89402770996094,57218000.0
2020-07-03,72.59200286865234,74.4260025024414,72.55349731445312,73.49649810791016,72.89402770996094,57218000.0
2020-07-06,74.40750122070312,75.5,73.8489990234375,74.98249816894531,74.36785125732422,44712000.0
2020-07-07,74.80650329589844,76.06600189208984,74.48500061035156,74.49600219726562,73.88533782958984,42364000.0
2020-07-08,75.04000091552734,75.55850219726562,74.61499786376953,75.18000030517578,74.56372833251953,31766000.0
2020-07-09,75.49649810791016,76.45700073242188,74.77950286865234,75.93299865722656,75.31055450439453,41836000.0
2020-07-10,75.6624984741211,77.06700134277344,75.03600311279297,76.95050048828125,76.31973266601562,35918000.0
2020-07-13,77.49700164794922,78.81800079345703,75.3280029296875,75.61150360107422,74.99170684814453,42954000.0
2020-07-14,74.6395034790039,76.13999938964844,74.29650115966797,76.04299926757812,75.41966247558594,38108000.0
2020-07-15,76.1614990234375,76.81649780273438,74.8915023803711,75.84400177001953,75.22229766845703,31026000.0
2020-07-16,75.07499694824219,75.79550170898438,74.41349792480469,75.74600219726562,75.12510681152344,26484000.0
2020-07-17,75.84549713134766,76.17150115966797,74.90499877929688,75.84249877929688,75.2208023071289,34264000.0
2020-07-20,75.75,78.45050048828125,75.13500213623047,78.19200134277344,77.55104064941406,30166000.0
2020-07-21,79.25150299072266,79.35250091552734,77.63099670410156,77.7959976196289,77.15828704833984,27486000.0
2020-07-22,77.7854995727539,78.3489990234375,77.1614990234375,78.24250030517578,77.60111999511719,24482000.0
2020-07-23,78.29650115966797,78.51750183105469,75.42949676513672,75.8375015258789,75.21583557128906,33910000.0
2020-07-24,74.95950317382812,75.77149963378906,74.37950134277344,75.4104995727539,74.79235076904297,29902000.0
2020-07-27,75.66300201416016,76.87799835205078,75.61650085449219,76.47149658203125,75.84464263916016,27124000.0
2020-07-28,76.25,76.30049896240234,75.0260009765625,75.18250274658203,74.56620788574219,30910000.0
2020-07-29,75.25,76.66649627685547,75.15049743652344,76.17549896240234,75.55106353759766,22676000.0
2020-07-30,74.89849853515625,77.04450225830078,74.75849914550781,76.91850280761719,76.2879867553711,36042000.0
2020-07-31,74.85250091552734,75.2509994506836,72.69999694824219,74.39749908447266,73.78764343261719,91468000.0
2020-08-03,74.55000305175781,74.8864974975586,73.58599853515625,74.13800048828125,73.5302734375,45482000.0
2020-08-04,74.33550262451172,74.65550231933594,73.20149993896484,73.66500091552734,73.06114196777344,37212000.0
2020-08-05,73.84100341796875,74.5,73.56099700927734,73.95449829101562,73.34828186035156,29134000.0
2020-08-06,73.80750274658203,75.3134994506836,73.59500122070312,75.24749755859375,74.63066101074219,33306000.0
2020-08-07,75.4520034790039,76.00450134277344,74.3134994506836,74.91850280761719,74.30438232421875,27718000.0
2020-08-10,74.54000091552734,75.35749816894531,73.87449645996094,74.84100341796875,74.2275161743164,20546000.0
2020-08-11,74.69999694824219,75.52200317382812,73.90950012207031,74.0270004272461,73.42018127441406,31098000.0
2020-08-12,74.35600280761719,75.58350372314453,74.25,75.36199951171875,74.7442398071289,22512000.0
2020-08-13,75.4104995727539,76.84850311279297,75.4104995727539,75.8324966430664,75.21089172363281,22388000.0
2020-08-14,75.68049621582031,75.989501953125,74.94999694824219,75.23149871826172,74.61481475830078,21942000.0
2020-08-17,75.79850006103516,76.18900299072266,75.25,75.81199645996094,75.19054412841797,19990000.0
2020-08-18,76.30599975585938,77.86849975585938,76.08350372314453,77.78900146484375,77.1513442993164,28378000.0
2020-08-19,77.62449645996094,78.44300079345703,77.0,77.23049926757812,76.59742736816406,30472000.0
2020-08-20,76.99849700927734,79.00849914550781,76.7229995727539,78.8125,78.16645812988281,26382000.0
2020-08-21,78.58999633789062,79.59400177001953,78.1155014038086,78.77850341796875,78.13273620605469,34838000.0
2020-08-24,79.62349700927734,80.43900299072266,78.75199890136719,79.25749969482422,78.6078109741211,25638000.0
2020-08-25,79.00499725341797,80.44400024414062,78.89399719238281,80.2925033569336,79.63431549072266,25150000.0
2020-08-26,80.31500244140625,82.6395034790039,80.04900360107422,82.20649719238281,81.53263092041016,52188000.0
2020-08-27,82.33049774169922,82.39949798583984,80.94049835205078,81.4260025024414,80.75853729248047,31350000.0
2020-08-28,81.47350311279297,82.06749725341797,81.28050231933594,81.97149658203125,81.29956817626953,22418000.0
2020-08-31,82.17849731445312,82.2249984741211,81.2665023803711,81.47650146484375,80.80863189697266,26422000.0
2020-09-01,81.60800170898438,82.96099853515625,81.47650146484375,82.75399780273438,82.07563781738281,22652000.0
2020-09-02,83.40049743652344,86.30500030517578,83.0094985961914,85.86949920654297,85.16559600830078,49522000.0
2020-09-03,84.97599792480469,85.0,80.385498046875,81.47550201416016,80.80763244628906,63726000.0
2020-09-04,80.44999694824219,81.74949645996094,76.89849853515625,79.06050109863281,78.41242218017578,55850000.0
2020-09-07,80.44999694824219,81.74949645996094,76.89849853515625,79.06050109863281,78.41242218017578,55850000.0
2020-09-08,76.25,77.77749633789062,75.82499694824219,76.18000030517578,75.55553436279297,54032000.0
2020-09-09,77.44499969482422,77.93599700927734,76.25849914550781,77.36150360107422,76.72735595703125,39242000.0
2020-09-10,77.50900268554688,78.68299865722656,76.0,76.30249786376953,75.6770248413086,33024000.0
2020-09-11,76.40750122070312,76.93499755859375,74.6510009765625,75.78800201416016,75.166748046875,30706000.0
2020-09-14,76.5824966430664,77.8499984741211,75.25550079345703,75.44149780273438,74.82308959960938,42660000.0
2020-09-15,76.39450073242188,77.54949951171875,76.1050033569336,76.75599670410156,76.1268081665039,23042000.0
2020-09-16,77.1240005493164,77.71849822998047,75.57949829101562,75.60449981689453,74.98475646972656,22128000.0
2020-09-17,74.29049682617188,74.93299865722656,73.12300109863281,74.35199737548828,73.74251556396484,40008000.0
2020-09-18,74.41500091552734,74.76000213623047,71.58100128173828,72.55449676513672,71.95974731445312,63056000.0
2020-09-21,71.58100128173828,72.00299835205078,70.13400268554688,71.50700378417969,70.92085266113281,56908000.0
2020-09-22,72.51599884033203,73.19850158691406,71.4749984741211,72.99099731445312,72.39266967773438,33950000.0
2020-09-23,72.60449981689453,72.65399932861328,70.13400268554688,70.46949768066406,69.89183807373047,37726000.0
2020-09-24,70.13400268554688,71.89949798583984,70.10749816894531,71.14299774169922,70.55982208251953,34552000.0
2020-09-25,71.25250244140625,72.2969970703125,70.38400268554688,71.9530029296875,71.36318969726562,30326000.0
2020-09-28,73.59950256347656,73.64949798583984,72.31400299072266,72.93299865722656,72.33513641357422,30784000.0
2020-09-29,73.19550323486328,73.5999984741211,72.69999694824219,73.3010025024414,72.70014190673828,31816000.0
2020-09-30,73.0469970703125,74.30999755859375,72.78800201416016,73.27999877929688,72.67930603027344,40924000.0
2020-10-01,74.18299865722656,74.75350189208984,73.83999633789062,74.3949966430664,73.78516387939453,32884000.0
2020-10-02,72.98149871826172,73.95149993896484,72.36750030517578,72.77999877929688,72.18338775634766,31222000.0
2020-10-05,73.13249969482422,74.23500061035156,73.00450134277344,74.1415023803711,73.53375244140625,21602000.0
2020-10-06,73.7750015258789,74.22599792480469,72.25050354003906,72.5510025024414,71.95629119873047,26096000.0
2020-10-07,72.96549987792969,73.44850158691406,71.6614990234375,72.95700073242188,72.35895538330078,36108000.0
2020-10-08,73.27249908447266,74.40149688720703,73.27249908447266,74.17150115966797,73.5634994506836,26076000.0
2020-10-09,74.64299774169922,75.59249877929688,74.3499984741211,75.52249908447266,74.9034194946289,32966000.0
2020-10-12,76.9000015258789,79.4209976196289,76.46499633789062,78.22949981689453,77.58822631835938,55344000.0
2020-10-13,78.85050201416016,79.25800323486328,77.93150329589844,78.35350036621094,77.71121978759766,39072000.0
2020-10-14,78.7300033569336,79.19249725341797,77.29499816894531,78.1719970703125,77.53121185302734,33174000.0
2020-10-15,77.2249984741211,78.56999969482422,77.05650329589844,77.77349853515625,77.13597869873047,31210000.0
2020-10-16,78.09149932861328,78.885498046875,77.88300323486328,78.38500213623047,77.74246215820312,34194000.0
2020-10-19,78.79650115966797,79.19650268554688,76.14600372314453,76.49749755859375,75.87042999267578,29734000.0
2020-10-20,76.15550231933594,78.69200134277344,76.0250015258789,77.55400085449219,76.91827392578125,41670000.0
2020-10-21,78.49250030517578,80.75700378417969,78.35700225830078,79.29949951171875,78.64945983886719,60322000.0
2020-10-22,79.25,80.6709976196289,78.8740005493164,80.33300018310547,79.67449188232422,30512000.0
2020-10-23,80.75250244140625,81.70600128173828,80.59549713134766,81.64900207519531,80.97970581054688,30548000.0
2020-10-26,80.75,81.47899627685547,78.38899993896484,79.2145004272461,78.56514739990234,35826000.0
2020-10-27,79.44650268554688,80.0999984741211,78.84950256347656,79.94400024414062,79.2886734008789,25902000.0
2020-10-28,77.50050354003906,77.69049835205078,75.42400360107422,75.54000091552734,74.92078399658203,45174000.0
2020-10-29,75.85099792480469,79.43699645996094,75.82749938964844,77.84400177001953,77.20589447021484,55406000.0
2020-10-30,83.37200164794922,84.06600189208984,80.07849884033203,80.80549621582031,80.14311981201172,99878000.0
2020-11-02,81.177001953125,82.91200256347656,80.71199798583984,81.21600341796875,80.55026245117188,44228000.0
2020-11-03,81.53800201416016,82.94999694824219,80.60549926757812,82.28299713134766,81.6084976196289,31432000.0
2020-11-04,85.27899932861328,88.50150299072266,85.1500015258789,87.2925033569336,86.57694244384766,71342000.0
2020-11-05,88.52249908447266,89.59100341796875,87.05149841308594,88.125,87.40261840820312,39758000.0
2020-11-06,87.56700134277344,88.42500305175781,86.83399963378906,87.98650360107422,87.2652587890625,28622000.0
2020-11-09,89.79900360107422,90.84449768066406,87.87750244140625,88.07099914550781,87.34906005859375,53440000.0
2020-11-10,86.4885025024414,87.96900177001953,85.80599975585938,86.88600158691406,86.17377471923828,43022000.0
2020-11-11,87.41999816894531,88.1449966430664,87.15299987792969,87.36150360107422,86.64537811279297,31838000.0
2020-11-12,87.0999984741211,88.2490005493164,86.89849853515625,87.14099884033203,86.42667388916016,26474000.0
2020-11-13,87.4000015258789,88.85649871826172,86.79900360107422,88.61299896240234,87.88661193847656,29744000.0
2020-11-16,88.20700073242188,89.71700286865234,88.06649780273438,88.70149993896484,87.9743881225586,25468000.0
2020-11-17,88.39299774169922,88.85700225830078,87.97450256347656,88.08300018310547,87.36096954345703,21314000.0
2020-11-18,87.83200073242188,88.25,86.92849731445312,87.03199768066406,86.31856536865234,20108000.0
2020-11-19,86.6614990234375,88.17449951171875,86.5009994506836,87.92849731445312,87.20772552490234,20106000.0
2020-11-20,88.0999984741211,88.41799926757812,86.75,86.81900024414062,86.10733032226562,27694000.0
2020-11-23,87.01100158691406,87.29949951171875,85.50900268554688,86.37799835205078,85.66993713378906,22530000.0
2020-11-24,86.375,88.3239974975586,86.0364990234375,88.19499969482422,87.47205352783203,27984000.0
2020-11-25,88.3905029296875,88.51899719238281,87.41799926757812,88.20649719238281,87.48345184326172,19600000.0
2020-11-26,88.3905029296875,88.51899719238281,87.41799926757812,88.20649719238281,87.48345184326172,19600000.0
2020-11-27,88.22699737548828,89.85050201416016,88.22699737548828,89.35099792480469,88.61856842041016,14790000.0
2020-11-30,88.78250122070312,89.01699829101562,87.39199829101562,87.72000122070312,87.00093841552734,32418000.0
2020-12-01,88.33300018310547,91.08599853515625,88.15149688720703,89.76799774169922,89.03215789794922,37350000.0
2020-12-02,89.76799774169922,91.63700103759766,89.25849914550781,91.24849700927734,90.50050354003906,29424000.0
2020-12-03,91.0270004272461,92.19149780273438,90.8499984741211,91.09200286865234,90.34529876708984,24728000.0
2020-12-04,91.01100158691406,91.4749984741211,90.67949676513672,91.18800354003906,90.44051361083984,20544000.0
2020-12-07,90.77749633789062,91.4645004272461,90.1520004272461,90.85150146484375,90.10678100585938,22288000.0
2020-12-08,90.4260025024414,90.79850006103516,89.56400299072266,90.56649780273438,89.82411193847656,19936000.0
2020-12-09,90.51799774169922,91.41850280761719,88.0999984741211,88.89299774169922,88.16431427001953,31728000.0
2020-12-10,88.12999725341797,88.74949645996094,86.67649841308594,88.38249969482422,87.65801239013672,28688000.0
2020-12-11,88.0,88.8655014038086,87.63700103759766,88.73999786376953,88.01256561279297,18628000.0
2020-12-14,88.53600311279297,89.48999786376953,87.45649719238281,87.61299896240234,86.89481353759766,33050000.0
2020-12-15,87.99299621582031,88.19999694824219,87.08350372314453,88.05400085449219,87.33220672607422,21352000.0
2020-12-16,88.45549774169922,88.45549774169922,87.4530029296875,87.8594970703125,87.13929748535156,24676000.0
2020-12-17,88.19650268554688,88.33550262451172,86.55750274658203,87.02549743652344,86.31212615966797,34880000.0
2020-12-18,87.30850219726562,87.41799926757812,85.75,86.31099700927734,85.60348510742188,85256000.0
2020-12-21,85.45649719238281,86.8499984741211,84.69999694824219,86.72799682617188,86.0170669555664,33974000.0
2020-12-22,86.46649932861328,86.63050079345703,85.28900146484375,86.01100158691406,85.30594635009766,20370000.0
2020-12-23,86.19650268554688,87.20549774169922,86.05999755859375,86.4114990234375,85.70315551757812,22974000.0
2020-12-24,86.44999694824219,87.12049865722656,86.21749877929688,86.70800018310547,85.99723815917969,9312000.0
2020-12-25,86.44999694824219,87.12049865722656,86.21749877929688,86.70800018310547,85.99723815917969,9312000.0
2020-12-28,87.24549865722656,89.3499984741211,87.09100341796875,88.697998046875,87.9709243774414,27650000.0
2020-12-29,89.36150360107422,89.42350006103516,87.75550079345703,87.88800048828125,87.16755676269531,19726000.0
2020-12-30,88.25,88.38800048828125,86.4000015258789,86.8125,86.10087585449219,21026000.0
2020-12-31,86.8635025024414,87.875,86.80449676513672,87.63200378417969,86.91365814208984,21070000.0
2021-01-01,86.8635025024414,87.875,86.80449676513672,87.63200378417969,86.91365814208984,21070000.0
2021-01-04,88.0,88.12449645996094,85.35700225830078,86.30650329589844,85.59902954101562,37324000.0
2021-01-05,86.25450134277344,87.34149932861328,85.84500122070312,87.00250244140625,86.2893295288086,20360000.0
2021-01-06,85.01300048828125,87.19850158691406,84.80500030517578,86.14399719238281,85.43785858154297,46588000.0
2021-01-07,86.33799743652344,88.89099884033203,86.33799743652344,88.71700286865234,87.98977661132812,41936000.0
2021-01-08,88.85800170898438,89.96800231933594,88.06099700927734,89.8915023803711,89.15463256835938,35484000.0
2021-01-11,88.85099792480469,89.21900177001953,87.60700225830078,87.81449890136719,87.09466552734375,34796000.0
2021-01-12,87.26799774169922,88.3949966430664,85.81900024414062,86.87149810791016,86.15939331054688,29528000.0
2021-01-13,86.36599731445312,87.81950378417969,86.36599731445312,87.36250305175781,86.64637756347656,23432000.0
2021-01-14,87.44349670410156,88.37750244140625,86.30349731445312,86.5459976196289,85.83656311035156,29212000.0
2021-01-15,86.45099639892578,87.38099670410156,85.58550262451172,86.38099670410156,85.67292022705078,31444000.0
2021-01-18,86.45099639892578,87.38099670410156,85.58550262451172,86.38099670410156,85.67292022705078,31444000.0
2021-01-19,87.1500015258789,90.19200134277344,86.6415023803711,89.22350311279297,88.49212646484375,41660000.0
2021-01-20,91.31849670410156,94.98600006103516,90.97550201416016,94.00350189208984,93.23292541503906,64152000.0
2021-01-21,94.68250274658203,96.60399627685547,93.97049713134766,94.2074966430664,93.43526458740234,58634000.0
2021-01-22,94.572998046875,95.21949768066406,93.82499694824219,94.62799835205078,93.8523178100586,32744000.0
2021-01-25,95.63700103759766,96.09100341796875,92.95800018310547,94.71399688720703,93.93760681152344,50586000.0
2021-01-26,94.29949951171875,95.7874984741211,93.80650329589844,95.39749908447266,94.6155014038086,31462000.0
2021-01-27,93.74549865722656,94.02349853515625,89.86399841308594,90.9469985961914,90.20148468017578,82512000.0
2021-01-28,91.55000305175781,94.39949798583984,91.55000305175781,92.66000366210938,91.90045928955078,55278000.0
2021-01-29,91.70099639892578,92.37699890136719,90.0780029296875,91.36799621582031,90.61902618408203,44530000.0
2021-02-01,92.22949981689453,95.7770004272461,92.22949981689453,94.65350341796875,93.87760925292969,40252000.0
2021-02-02,95.65650177001953,97.46849822998047,95.31849670410156,95.95600128173828,95.16943359375,66332000.0
2021-02-03,103.28050231933594,105.33100128173828,100.67749786376953,102.94400024414062,102.10015106201172,97882000.0
2021-02-04,103.03099822998047,103.46499633789062,101.75499725341797,102.68150329589844,101.83979797363281,48596000.0
2021-02-05,102.97799682617188,104.7969970703125,102.5,104.44149780273438,103.58535766601562,29866000.0
2021-02-08,105.0,105.75,103.1675033569336,104.22599792480469,103.37162780761719,28828000.0
2021-02-09,103.73999786376953,104.92549896240234,103.5,103.76950073242188,102.91887664794922,21892000.0
2021-02-10,104.15699768066406,104.94400024414062,102.61199951171875,104.3239974975586,103.46883392333984,25102000.0
2021-02-11,104.55000305175781,104.69999694824219,103.44300079345703,104.4375,103.58139038085938,20480000.0
2021-02-12,103.9885025024414,104.9749984741211,103.67849731445312,104.75150299072266,103.89283752441406,18990000.0
2021-02-15,103.9885025024414,104.9749984741211,103.67849731445312,104.75150299072266,103.89283752441406,18990000.0
2021-02-16,104.5875015258789,107.25700378417969,104.5875015258789,105.53500366210938,104.66991424560547,31004000.0
2021-02-17,104.6989974975586,106.12200164794922,104.4175033569336,105.93099975585938,105.06266021728516,20294000.0
2021-02-18,105.25,106.09950256347656,104.66649627685547,105.29049682617188,104.42740631103516,22546000.0
2021-02-19,105.3895034790039,105.92900085449219,104.17150115966797,104.44049835205078,103.5843734741211,37938000.0
2021-02-22,102.68000030517578,104.0165023803711,102.4000015258789,102.71299743652344,101.87103271484375,29466000.0
2021-02-23,100.69950103759766,103.625,99.5114974975586,103.00599670410156,102.16163635253906,34658000.0
2021-02-24,101.50199890136719,104.41600036621094,101.37650299072266,104.19049835205078,103.33641815185547,22608000.0
2021-02-25,102.79650115966797,104.1500015258789,100.32450103759766,100.79750061035156,99.97122955322266,41548000.0
2021-02-26,101.49749755859375,102.82599639892578,100.05049896240234,101.09549713134766,100.26680755615234,40042000.0
2021-03-01,102.4000015258789,103.8115005493164,101.72100067138672,103.48300170898438,102.63472747802734,26060000.0
2021-03-02,103.24199676513672,104.73699951171875,102.83350372314453,103.2239990234375,102.37784576416016,25564000.0
2021-03-03,102.59750366210938,103.79949951171875,99.69999694824219,100.57050323486328,99.74610137939453,33892000.0
2021-03-04,100.74349975585938,103.72949981689453,100.27149963378906,101.69650268554688,100.86286163330078,49216000.0
2021-03-05,103.05750274658203,105.30999755859375,101.38899993896484,104.85350036621094,103.99398040771484,53100000.0
2021-03-08,104.2030029296875,105.68699645996094,100.2594985961914,100.375,99.55220794677734,36868000.0
2021-03-09,102.48750305175781,103.19599914550781,101.77999877929688,102.01799774169922,101.18173217773438,33920000.0
2021-03-10,103.06999969482422,103.06999969482422,100.96649932861328,101.80950164794922,100.97494506835938,27100000.0
2021-03-11,102.91100311279297,105.5634994506836,102.82250213623047,105.0270004272461,104.16606903076172,27702000.0
2021-03-12,103.82050323486328,103.88050079345703,101.62100219726562,102.5,101.65978240966797,33818000.0
2021-03-15,102.2490005493164,102.74949645996094,101.3895034790039,102.72200012207031,101.87996673583984,26168000.0
2021-03-16,103.29949951171875,105.68399810791016,102.9645004272461,104.19450378417969,103.34039306640625,31900000.0
2021-03-17,103.42350006103516,104.94999694824219,102.20600128173828,104.11100006103516,103.25758361816406,26382000.0
2021-03-18,102.40899658203125,103.4375,100.95899963378906,101.06700134277344,100.23853302001953,31700000.0
2021-03-19,101.48650360107422,101.85199737548828,100.14649963378906,101.3479995727539,100.51721954345703,46072000.0
2021-03-22,101.38150024414062,102.41699981689453,100.69999694824219,101.53450012207031,100.70220947265625,33536000.0
2021-03-23,101.99749755859375,103.20549774169922,101.4000015258789,102.06649780273438,101.22984313964844,28510000.0
2021-03-24,102.58799743652344,103.37999725341797,101.44999694824219,101.62650299072266,100.79344940185547,25218000.0
2021-03-25,101.45249938964844,102.28199768066406,99.80449676513672,101.62300109863281,100.78996276855469,35616000.0
2021-03-26,101.5895004272461,101.96949768066406,100.19249725341797,101.23650360107422,100.4066390991211,27978000.0
2021-03-29,101.10800170898438,102.46050262451172,100.27249908447266,102.28949737548828,101.45100402832031,26492000.0
2021-03-30,102.64900207519531,103.13349914550781,101.80750274658203,102.32350158691406,101.48472595214844,27312000.0
2021-03-31,102.72000122070312,104.31300354003906,102.3499984741211,103.1259994506836,102.28065490722656,42570000.0
2021-04-01,104.61250305175781,106.7874984741211,104.57150268554688,106.48899841308594,105.61608123779297,39880000.0
2021-04-02,104.61250305175781,106.7874984741211,104.57150268554688,106.48899841308594,105.61608123779297,39880000.0
2021-04-05,107.35749816894531,111.44950103759766,107.260498046875,110.947998046875,110.03852844238281,48510000.0
2021-04-06,110.5459976196289,111.4000015258789,110.0895004272461,110.46299743652344,109.55750274658203,35240000.0
2021-04-07,110.65499877929688,112.2249984741211,110.65499877929688,111.95149993896484,111.0337905883789,24134000.0
2021-04-08,113.19999694824219,113.5895004272461,112.15049743652344,112.52149963378906,111.59913635253906,28664000.0
2021-04-09,112.27200317382812,113.69850158691406,111.86299896240234,113.53350067138672,112.60284423828125,26146000.0
2021-04-12,112.70600128173828,112.84449768066406,111.39099884033203,112.23100280761719,111.3110122680664,25024000.0
2021-04-13,112.54949951171875,113.17350006103516,112.15249633789062,112.72149658203125,111.79749298095703,25682000.0
2021-04-14,113.37149810791016,113.37149810791016,111.8010025024414,112.09549713134766,111.17662048339844,21002000.0
2021-04-15,113.09750366210938,114.80000305175781,112.55850219726562,114.26249694824219,113.32585906982422,29174000.0
2021-04-16,114.46199798583984,114.71199798583984,113.5459976196289,114.13749694824219,113.20188903808594,26282000.0
2021-04-19,113.50900268554688,115.20449829101562,113.50900268554688,114.48799896240234,113.54951477050781,30290000.0
2021-04-20,114.87449645996094,114.94999694824219,112.85600280761719,113.95050048828125,113.01641845703125,22288000.0
2021-04-21,113.60250091552734,114.0,112.24099731445312,113.9175033569336,112.98369598388672,23204000.0
2021-04-22,113.7699966430664,114.44400024414062,112.01599884033203,112.6259994506836,111.70277404785156,24146000.0
2021-04-23,113.3499984741211,115.30599975585938,113.0625,114.99649810791016,114.05384826660156,29066000.0
2021-04-26,115.22599792480469,116.22650146484375,114.86599731445312,115.49649810791016,114.54975128173828,32038000.0
2021-04-27,115.88150024414062,115.92250061035156,114.30799865722656,114.54900360107422,113.61002349853516,44386000.0
2021-04-28,119.625,121.56900024414062,117.66100311279297,117.9520034790039,116.98512268066406,81106000.0
2021-04-29,119.46150207519531,120.20800018310547,118.69249725341797,119.63800048828125,118.65729522705078,41234000.0
2021-04-30,118.4010009765625,119.09249877929688,117.3280029296875,117.67500305175781,116.71038055419922,44856000.0
2021-05-03,118.24549865722656,119.07749938964844,116.7750015258789,117.15399932861328,116.19366455078125,28242000.0
2021-05-04,115.67749786376953,116.24949645996094,112.83399963378906,115.34149932861328,114.39601135253906,44818000.0
2021-05-05,116.43150329589844,116.75,115.41400146484375,115.7385025024414,114.7897720336914,26636000.0
2021-05-06,115.31649780273438,116.86750030517578,114.6520004272461,116.86750030517578,115.90949249267578,25190000.0
2021-05-07,118.19450378417969,118.5625,117.30799865722656,117.59649658203125,116.63252258300781,28898000.0
2021-05-10,116.40699768066406,116.55000305175781,114.22699737548828,114.5875015258789,113.648193359375,30914000.0
2021-05-11,112.15350341796875,114.01399993896484,111.69599914550781,113.50299835205078,112.57258605957031,34186000.0
2021-05-12,111.30950164794922,112.39900207519531,109.68099975585938,110.01249694824219,109.11070251464844,46376000.0
2021-05-13,111.30599975585938,111.97200012207031,110.33599853515625,111.4520034790039,110.53840637207031,33204000.0
2021-05-14,112.927001953125,114.23600006103516,112.5,113.91899871826172,112.98517608642578,31996000.0
2021-05-17,113.17849731445312,114.48899841308594,112.77549743652344,114.44599914550781,113.50785064697266,21598000.0
2021-05-18,115.11750030517578,115.38400268554688,113.1094970703125,113.12349700927734,112.19619750976562,22204000.0
2021-05-19,111.42150115966797,113.74949645996094,111.27200317382812,113.57499694824219,112.64398956298828,23684000.0
2021-05-20,114.55000305175781,115.5999984741211,114.1760025024414,115.34750366210938,114.40196990966797,32352000.0
2021-05-21,115.87049865722656,115.94450378417969,114.46499633789062,114.70649719238281,113.7662124633789,40632000.0
2021-05-24,115.74449920654297,118.27749633789062,115.5979995727539,118.052001953125,117.08431243896484,31832000.0
2021-05-25,118.5999984741211,119.19999694824219,117.75,118.14350128173828,117.175048828125,22440000.0
2021-05-26,118.32599639892578,119.44950103759766,118.322998046875,119.0155029296875,118.0399169921875,21572000.0
2021-05-27,119.45249938964844,119.45249938964844,117.81300354003906,118.13400268554688,117.1656265258789,35224000.0
2021-05-28,118.72100067138672,118.80349731445312,117.64250183105469,117.84249877929688,116.87651824951172,21482000.0
2021-05-31,118.72100067138672,118.80349731445312,117.64250183105469,117.84249877929688,116.87651824951172,21482000.0
2021-06-01,118.72200012207031,119.2854995727539,117.71399688720703,119.05899810791016,118.08303833007812,23354000.0
2021-06-02,119.4574966430664,119.68199920654297,117.61799621582031,118.52950286865234,117.5578842163086,21158000.0
2021-06-03,117.2864990234375,117.85099792480469,116.47599792480469,117.37899780273438,116.41681671142578,18696000.0
2021-06-04,118.4635009765625,119.95149993896484,118.12049865722656,119.67849731445312,118.69745635986328,24458000.0
2021-06-07,119.47200012207031,120.22550201416016,119.05000305175781,120.11499786376953,119.13037872314453,24120000.0
2021-06-08,120.60050201416016,120.97599792480469,119.73899841308594,119.9219970703125,118.93898010253906,24240000.0
2021-06-09,120.57150268554688,120.64399719238281,119.84500122070312,120.39700317382812,119.41007995605469,17942000.0
2021-06-10,120.34600067138672,121.80000305175781,120.18900299072266,121.75650024414062,120.75843048095703,25904000.0
2021-06-11,122.0,122.08599853515625,120.947998046875,121.51000213623047,120.51396179199219,21958000.0
2021-06-14,121.61299896240234,122.44599914550781,120.9000015258789,122.44550323486328,121.44178771972656,22098000.0
2021-06-15,122.44999694824219,122.77549743652344,121.05599975585938,121.41950225830078,120.4241943359375,21562000.0
2021-06-16,121.5719985961914,121.88600158691406,119.47000122070312,120.77249908447266,119.7824935913086,26472000.0
2021-06-17,120.69750213623047,122.52249908447266,120.5,121.74349975585938,120.74553680419922,25842000.0
2021-06-18,121.36699676513672,121.60299682617188,120.01499938964844,120.11100006103516,119.12641906738281,46116000.0
2021-06-21,120.50050354003906,122.0,119.89849853515625,121.8125,120.81396484375,27414000.0
2021-06-22,121.75,122.4000015258789,121.06400299072266,122.33049774169922,121.32772827148438,22390000.0
2021-06-23,122.09349822998047,123.09549713134766,121.83450317382812,122.12699890136719,121.12589263916016,19148000.0
2021-06-24,122.69999694824219,123.05549621582031,122.30000305175781,122.5,121.4958267211914,21362000.0
2021-06-25,122.0,122.63300323486328,121.56500244140625,122.50849914550781,121.5042724609375,34594000.0
2021-06-28,122.67849731445312,122.78500366210938,121.40550231933594,122.53600311279297,121.53153991699219,28526000.0
2021-06-29,122.67050170898438,123.02100372314453,121.69100189208984,122.27249908447266,121.27020263671875,23108000.0
2021-06-30,121.99449920654297,122.25700378417969,121.35449981689453,122.0895004272461,121.08870697021484,24474000.0
2021-07-01,121.7249984741211,122.58699798583984,121.53150177001953,122.44450378417969,121.44080352783203,18110000.0
2021-07-02,123.1500015258789,125.40399932861328,123.05950164794922,125.25749969482422,124.2307357788086,25982000.0
2021-07-05,123.1500015258789,125.40399932861328,123.05950164794922,125.25749969482422,124.2307357788086,25982000.0
2021-07-06,125.64849853515625,126.4280014038086,124.5824966430664,126.19000244140625,125.15559387207031,26404000.0
2021-07-07,127.16200256347656,127.28399658203125,126.15299987792969,126.4739990234375,125.43727111816406,24060000.0
2021-07-08,124.0260009765625,125.59549713134766,124.02200317382812,125.04399871826172,124.01898956298828,23790000.0
2021-07-09,125.0250015258789,125.7344970703125,124.55149841308594,125.51850128173828,124.4896011352539,18632000.0
2021-07-12,126.1780014038086,127.06950378417969,125.61100006103516,126.97550201416016,125.93466186523438,17668000.0
2021-07-13,127.03849792480469,128.0574951171875,126.67449951171875,127.34149932861328,126.29764556884766,19240000.0
2021-07-14,127.95800018310547,129.32650756835938,127.91449737548828,128.23699951171875,127.1858139038086,23742000.0
2021-07-15,128.6490020751953,128.6999969482422,126.52999877929688,127.00499725341797,125.96390533447266,24218000.0
2021-07-16,127.66300201416016,127.8115005493164,126.15350341796875,126.97000122070312,125.92919158935547,20424000.0
2021-07-19,126.0895004272461,126.20500183105469,123.50499725341797,124.5780029296875,123.55680847167969,27968000.0
2021-07-20,125.52749633789062,127.04299926757812,124.35050201416016,126.20950317382812,125.17493438720703,26312000.0
2021-07-21,126.13349914550781,127.59600067138672,126.02349853515625,127.54900360107422,126.50345611572266,20746000.0
2021-07-22,127.84400177001953,128.48300170898438,127.4990005493164,128.42149353027344,127.36878204345703,14302000.0
2021-07-23,130.4304962158203,133.3990020751953,129.80050659179688,133.01499938964844,131.92466735839844,41506000.0
2021-07-26,133.32850646972656,134.23699951171875,132.30149841308594,134.03500366210938,132.93626403808594,30572000.0
2021-07-27,134.25050354003906,134.3990020751953,130.10400390625,131.89999389648438,130.81878662109375,54710000.0
2021-07-28,136.31199645996094,138.2969970703125,135.27749633789062,136.093994140625,134.9783935546875,95130000.0
2021-07-29,136.14999389648438,136.66099548339844,135.54299926757812,135.77749633789062,134.66448974609375,31716000.0
2021-07-30,135.03500366210938,135.30450439453125,134.2550048828125,134.72650146484375,133.6221160888672,25576000.0
2021-08-02,135.11700439453125,135.3365020751953,133.79400634765625,134.85450744628906,133.74908447265625,21634000.0
2021-08-03,135.13499450683594,135.73199462890625,133.3195037841797,135.6300048828125,134.51820373535156,20762000.0
2021-08-04,135.34950256347656,135.64950561523438,134.48699951171875,135.12550354003906,134.01783752441406,19676000.0
2021-08-05,135.6804962158203,136.35000610351562,134.8459930419922,136.25149536132812,135.13462829589844,17870000.0
2021-08-06,136.04200744628906,136.47250366210938,135.2100067138672,135.73849487304688,134.6258087158203,20488000.0
2021-08-09,135.9425048828125,137.1840057373047,135.33949279785156,136.91299438476562,135.79067993164062,17760000.0
2021-08-10,137.3419952392578,137.7725067138672,136.364501953125,136.8070068359375,135.68556213378906,19414000.0
2021-08-11,137.18150329589844,137.6824951171875,136.27149963378906,136.2790069580078,135.16189575195312,15352000.0
2021-08-12,135.97549438476562,137.3000030517578,135.42550659179688,137.19400024414062,136.0693817138672,16506000.0
2021-08-13,137.25,137.85650634765625,137.0330047607422,137.7274932861328,136.59849548339844,15948000.0
2021-08-16,137.52499389648438,138.3625030517578,135.2989959716797,138.3094940185547,137.1757354736328,22384000.0
2021-08-17,137.75,138.2655029296875,136.08200073242188,136.6614990234375,135.541259765625,21716000.0
2021-08-18,136.5,137.10450744628906,135.32150268554688,135.44900512695312,134.3386993408203,19258000.0
2021-08-19,134.4355010986328,136.3524932861328,134.25,135.67999267578125,134.5677947998047,21782000.0
2021-08-20,136.0,137.5540008544922,135.25,137.42950439453125,136.302978515625,31194000.0
2021-08-23,137.96949768066406,140.87449645996094,137.6074981689453,140.04150390625,138.89356994628906,28454000.0
2021-08-24,140.6114959716797,142.0800018310547,140.3385009765625,141.26150512695312,140.10354614257812,19268000.0
2021-08-25,141.625,142.1894989013672,141.37600708007812,142.07899475097656,140.91433715820312,15848000.0
2021-08-26,141.75,142.41749572753906,141.35699462890625,141.4405059814453,140.28106689453125,20610000.0
2021-08-27,141.65249633789062,144.5124969482422,141.4969940185547,144.00399780273438,142.8235626220703,28780000.0
2021-08-30,144.39999389648438,145.9705047607422,144.16299438476562,144.5904998779297,143.4052734375,24434000.0
2021-08-31,145.14700317382812,145.17149353027344,144.281005859375,144.69749450683594,143.51138305664062,22448000.0
2021-09-01,145.0,146.25399780273438,144.8834991455078,145.2154998779297,144.025146484375,21936000.0
2021-09-02,145.21600341796875,145.51950073242188,143.18499755859375,143.28700256347656,142.11244201660156,32342000.0
2021-09-03,143.08050537109375,144.15499877929688,142.40049743652344,143.739501953125,142.5612335205078,19850000.0
2021-09-06,143.08050537109375,144.15499877929688,142.40049743652344,143.739501953125,142.5612335205078,19850000.0
2021-09-07,143.83450317382812,144.56500244140625,143.61900329589844,144.28050231933594,143.09780883789062,20124000.0
2021-09-08,144.10000610351562,144.39999389648438,143.0,143.6909942626953,142.5131378173828,18344000.0
2021-09-09,143.8404998779297,144.3105010986328,143.17750549316406,143.54100036621094,142.36436462402344,15314000.0
2021-09-10,144.21249389648438,144.718505859375,140.73800659179688,140.87600708007812,139.72120666503906,36840000.0
2021-09-13,141.94949340820312,142.9499969482422,141.25,142.33250427246094,141.165771484375,22094000.0
2021-09-14,142.99549865722656,143.36300659179688,141.75,142.54449462890625,141.3760223388672,19674000.0
2021-09-15,142.77149963378906,144.45050048828125,141.34750366210938,144.42950439453125,143.24557495117188,27408000.0
2021-09-16,143.95050048828125,144.3000030517578,142.40150451660156,143.61000061035156,142.43280029296875,26190000.0
2021-09-17,143.03050231933594,143.4499969482422,140.47000122070312,140.8000030517578,139.64584350585938,53384000.0
2021-09-20,138.1614990234375,139.0,136.32200622558594,138.71949768066406,137.5823974609375,46518000.0
2021-09-21,139.74949645996094,140.01150512695312,138.2779998779297,139.0330047607422,137.893310546875,25332000.0
2021-09-22,139.3040008544922,140.88699340820312,138.55149841308594,140.2834930419922,139.1335906982422,25056000.0
2021-09-23,140.9875030517578,141.69650268554688,140.40150451660156,141.21600341796875,140.0584259033203,20952000.0
2021-09-24,140.5384979248047,142.33050537109375,140.24099731445312,142.21499633789062,141.0492401123047,22984000.0
2021-09-27,140.80450439453125,141.93850708007812,140.0675048828125,141.07200622558594,139.91558837890625,21882000.0
2021-09-28,138.65499877929688,139.09649658203125,135.36000061035156,135.8300018310547,134.71656799316406,45772000.0
2021-09-29,136.97999572753906,137.1510009765625,133.86500549316406,134.35350036621094,133.25218200683594,30848000.0
2021-09-30,134.26150512695312,135.54249572753906,133.55599975585938,133.67599487304688,132.58023071289062,37996000.0
2021-10-01,134.44749450683594,136.91050720214844,134.072998046875,136.54299926757812,135.42373657226562,35360000.0
2021-10-04,135.9604949951172,135.9604949951172,131.0500030517578,133.6595001220703,132.5638427734375,51202000.0
2021-10-05,134.04100036621094,137.22450256347656,134.04100036621094,136.0229949951172,134.9080047607422,32404000.0
2021-10-06,134.75,137.75,134.5500030517578,137.56500244140625,136.43734741210938,24364000.0
2021-10-07,138.89199829101562,140.04200744628906,138.6510009765625,139.22500610351562,138.083740234375,25110000.0
2021-10-08,139.57699584960938,140.33099365234375,139.21749877929688,139.78550720214844,138.63967895507812,26526000.0
2021-10-11,139.29200744628906,140.71200561523438,138.85899353027344,138.91400146484375,137.77529907226562,17954000.0
2021-10-12,139.47999572753906,139.5070037841797,135.75999450683594,136.44900512695312,135.3305206298828,36332000.0
2021-10-13,137.40249633789062,138.0,136.5189971923828,137.58200073242188,136.45420837402344,19654000.0
2021-10-14,139.4739990234375,141.33749389648438,138.8249969482422,141.1510009765625,139.99395751953125,31894000.0
2021-10-15,141.614501953125,141.71800231933594,140.7550048828125,141.3679962158203,140.20916748046875,30274000.0
2021-10-18,141.07650756835938,142.79600524902344,141.0695037841797,142.7779998779297,141.60763549804688,20396000.0
2021-10-19,143.3874969482422,143.66250610351562,142.60000610351562,143.23699951171875,142.0628662109375,20164000.0
2021-10-20,143.33799743652344,143.54600524902344,141.37649536132812,141.7689971923828,140.6068572998047,23288000.0
2021-10-21,141.7689971923828,142.156005859375,140.5,141.88600158691406,140.72293090820312,26292000.0
2021-10-22,139.14999389648438,140.58299255371094,136.05599975585938,137.56649780273438,136.4388427734375,50588000.0
2021-10-25,137.5500030517578,138.0,135.4239959716797,137.44700622558594,136.32032775878906,34412000.0
2021-10-26,139.2635040283203,140.08299255371094,138.30450439453125,139.30850219726562,138.1665496826172,49236000.0
2021-10-27,139.40499877929688,148.64999389648438,139.40499877929688,146.21749877929688,145.0189208984375,85782000.0
2021-10-28,147.13450622558594,147.1580047607422,144.6269989013672,145.8489990234375,144.65345764160156,36206000.0
2021-10-29,145.0780029296875,148.24200439453125,144.64950561523438,148.04600524902344,146.8324432373047,43320000.0
2021-11-01,148.04600524902344,148.04600524902344,143.22549438476562,143.4969940185547,142.32070922851562,46924000.0
2021-11-02,144.57949829101562,146.60899353027344,144.3354949951172,145.4324951171875,144.2403564453125,33482000.0
2021-11-03,145.90049743652344,146.66900634765625,144.59100341796875,146.59800720214844,145.39630126953125,27494000.0
2021-11-04,147.12449645996094,149.73350524902344,146.30799865722656,148.2675018310547,147.0521240234375,38412000.0
2021-11-05,149.16949462890625,150.32749938964844,148.19700622558594,148.8520050048828,147.6318359375,38354000.0
2021-11-08,149.8249969482422,150.61500549316406,148.4304962158203,149.031005859375,147.80935668945312,23052000.0
2021-11-09,149.23300170898438,149.83450317382812,147.2449951171875,148.9185028076172,147.6977996826172,19530000.0
2021-11-10,147.5,148.07000732421875,144.53750610351562,145.89349365234375,144.6975555419922,29970000.0
2021-11-11,146.489501953125,147.53550720214844,145.60049438476562,145.76649475097656,144.57162475585938,16518000.0
2021-11-12,146.61549377441406,148.85000610351562,145.41099548339844,148.67799377441406,147.45924377441406,22360000.0
2021-11-15,148.90049743652344,149.54949951171875,147.5749969482422,148.45199584960938,147.23509216308594,23508000.0
2021-11-16,148.14950561523438,148.7624969482422,147.3125,147.87600708007812,146.66383361816406,18904000.0
2021-11-17,148.02749633789062,148.5594940185547,147.24000549316406,148.0469970703125,146.83343505859375,19594000.0
2021-11-18,148.2415008544922,150.58050537109375,147.88450622558594,149.8385009765625,148.6102294921875,35608000.0
2021-11-19,149.97549438476562,150.9665069580078,148.8990020751953,148.92649841308594,147.70570373535156,33682000.0
2021-11-22,149.33250427246094,149.82949829101562,146.1475067138672,146.302001953125,145.10272216796875,30594000.0
2021-11-23,146.1529998779297,146.66000366210938,144.11500549316406,145.78199768066406,144.58700561523438,27218000.0
2021-11-24,145.47349548339844,146.24949645996094,144.3730010986328,146.1199951171875,144.9221954345703,18040000.0
2021-11-25,145.47349548339844,146.24949645996094,144.3730010986328,146.1199951171875,144.9221954345703,18040000.0
2021-11-26,144.34849548339844,144.5574951171875,141.84249877929688,142.18299865722656,141.01748657226562,30470000.0
2021-11-29,144.0,146.29750061035156,143.89349365234375,145.53050231933594,144.33753967285156,32596000.0
2021-11-30,145.0084991455078,146.0,141.60150146484375,141.8975067138672,140.73434448242188,42068000.0
2021-12-01,144.0,145.95050048828125,140.91200256347656,141.05149841308594,139.895263671875,34020000.0
2021-12-02,141.25,143.864501953125,140.21449279785156,142.96600341796875,141.79405212402344,29194000.0
2021-12-03,143.68099975585938,144.39999389648438,140.30099487304688,142.00149536132812,140.83749389648438,41230000.0
2021-12-06,143.04049682617188,143.8524932861328,140.14999389648438,143.15499877929688,141.9815216064453,30618000.0
2021-12-07,145.59649658203125,147.531005859375,145.2274932861328,147.26950073242188,146.06231689453125,32240000.0
2021-12-08,147.59649658203125,148.39300537109375,146.406005859375,148.18649291992188,146.97178649902344,24270000.0
2021-12-09,147.59100341796875,149.10000610351562,147.11500549316406,147.6385040283203,146.42825317382812,23270000.0
2021-12-10,148.6999969482422,148.9774932861328,146.70399475097656,148.00149536132812,146.78829956054688,24458000.0
2021-12-13,147.781494140625,147.97000122070312,145.5175018310547,145.82650756835938,144.63111877441406,27070000.0
2021-12-14,143.96800231933594,144.47999572753906,141.21499633789062,143.90699768066406,142.7273712158203,38446000.0
2021-12-15,143.40899658203125,146.7209930419922,141.67799377441406,146.4409942626953,145.24058532714844,36370000.0
2021-12-16,147.17050170898438,147.677001953125,143.60699462890625,144.44500732421875,143.2609405517578,33650000.0
2021-12-17,142.5,143.83450317382812,141.3000030517578,141.72500610351562,140.56324768066406,50416000.0
2021-12-20,140.0,141.77450561523438,139.3209991455078,141.60699462890625,140.44619750976562,27192000.0
2021-12-21,142.05349731445312,143.86900329589844,140.50250244140625,143.47250366210938,142.2964324951172,28756000.0
2021-12-22,143.0675048828125,146.5,143.0675048828125,146.4149932861328,145.2147979736328,26322000.0
2021-12-23,146.5,148.24349975585938,146.45199584960938,146.91650390625,145.71217346191406,26384000.0
2021-12-24,146.5,148.24349975585938,146.45199584960938,146.91650390625,145.71217346191406,26384000.0
2021-12-27,147.25599670410156,148.343994140625,147.16949462890625,147.906494140625,146.69407653808594,15976000.0
2021-12-28,148.23599243164062,148.2989959716797,146.05450439453125,146.68699645996094,145.4845733642578,18200000.0
2021-12-29,146.64450073242188,147.41700744628906,145.6475067138672,146.65499877929688,145.4528350830078,17788000.0
2021-12-30,146.69400024414062,147.3000030517578,145.9945068359375,146.20050048828125,145.00204467773438,15688000.0
2021-12-31,146.0500030517578,146.69850158691406,144.8520050048828,144.8520050048828,143.66461181640625,18136000.0
2022-01-03,145.05499267578125,145.8509979248047,143.71299743652344,144.9915008544922,143.80296325683594,28646000.0
2022-01-04,145.39599609375,146.48500061035156,143.7165069580078,144.39950561523438,143.21583557128906,28400000.0
2022-01-05,144.4199981689453,144.49949645996094,137.68800354003906,137.77499389648438,136.64561462402344,54618000.0
2022-01-06,136.99850463867188,139.94000244140625,136.55850219726562,137.74749755859375,136.61834716796875,37348000.0
2022-01-07,138.14549255371094,138.44850158691406,135.76649475097656,137.01699829101562,135.8938446044922,29760000.0
2022-01-10,135.0780029296875,138.8195037841797,133.1645050048828,138.66949462890625,137.5327911376953,44408000.0
2022-01-11,138.0070037841797,140.21600341796875,136.6925048828125,139.73599243164062,138.59054565429688,28730000.0
2022-01-12,141.14999389648438,142.60800170898438,140.6945037841797,141.4304962158203,140.27114868164062,26108000.0
2022-01-13,141.5399932861328,142.85000610351562,138.40899658203125,138.58700561523438,137.4509735107422,31436000.0
2022-01-14,137.07899475097656,140.74200439453125,136.99850463867188,139.48049926757812,138.337158203125,29662000.0
2022-01-17,137.07899475097656,140.74200439453125,136.99850463867188,139.48049926757812,138.337158203125,29662000.0
2022-01-18,136.1750030517578,137.13150024414062,135.43850708007812,135.9980010986328,134.88319396972656,34872000.0
2022-01-19,136.52349853515625,137.95950317382812,135.0155029296875,135.1165008544922,134.00892639160156,28648000.0
2022-01-20,136.25,137.62600708007812,132.96449279785156,133.3074951171875,132.21473693847656,29908000.0
2022-01-21,132.593505859375,134.86549377441406,130.0865020751953,130.35150146484375,129.28298950195312,55652000.0
2022-01-24,125.97799682617188,131.2030029296875,124.5,130.8040008544922,129.7317657470703,76622000.0
2022-01-25,128.74000549316406,129.3990020751953,126.50050354003906,126.93499755859375,125.89447784423828,46960000.0
2022-01-26,131.11900329589844,133.0,127.14199829101562,129.23300170898438,128.17364501953125,49130000.0
2022-01-27,131.3040008544922,132.65249633789062,128.9324951171875,129.0050048828125,127.94752502441406,31950000.0
2022-01-28,129.65899658203125,133.35650634765625,128.48500061035156,133.3509979248047,132.25787353515625,34362000.0
2022-01-31,134.16200256347656,135.47300720214844,132.20950317382812,135.30349731445312,134.19439697265625,39986000.0
2022-02-01,137.59449768066406,137.79299926757812,134.36849975585938,137.6439971923828,136.5157012939453,68644000.0
2022-02-02,151.25,151.54649353027344,145.5225067138672,148.0,146.7868194580078,123200000.0
2022-02-03,145.70550537109375,149.6750030517578,142.66549682617188,143.08999633789062,141.91705322265625,71518000.0
2022-02-04,143.4445037841797,144.875,140.51499938964844,143.29299926757812,142.11839294433594,57998000.0
2022-02-07,144.25,144.25,138.89999389648438,139.2010040283203,138.05996704101562,54974000.0
2022-02-08,139.02650451660156,140.0,137.01400756835938,139.3990020751953,138.25631713867188,54284000.0
2022-02-09,140.9635009765625,142.52450561523438,140.18699645996094,141.5919952392578,140.43130493164062,40144000.0
2022-02-10,139.70350646972656,141.4844970703125,137.95700073242188,138.6199951171875,137.4836883544922,39330000.0
2022-02-11,138.60000610351562,139.156494140625,133.39999389648438,134.28250122070312,133.18177795410156,39958000.0
2022-02-14,133.25650024414062,136.3000030517578,133.25650024414062,135.5260009765625,134.41506958007812,34302000.0
2022-02-15,137.57049560546875,138.10850524902344,135.82150268554688,136.60850524902344,135.48870849609375,26680000.0
2022-02-16,136.64649963378906,138.08599853515625,134.9239959716797,137.73800659179688,136.60894775390625,25022000.0
2022-02-17,136.2429962158203,137.11349487304688,132.47850036621094,132.53900146484375,131.45254516601562,38950000.0
2022-02-18,133.4669952392578,134.07000732421875,130.19650268554688,130.4029998779297,129.3340606689453,45620000.0
2022-02-21,133.4669952392578,134.07000732421875,130.19650268554688,130.4029998779297,129.3340606689453,45620000.0
2022-02-22,129.83799743652344,132.1804962158203,128.22349548339844,129.81350708007812,128.7493896484375,44990000.0
2022-02-23,131.64849853515625,132.05099487304688,127.52749633789062,127.58799743652344,126.5421371459961,32786000.0
2022-02-24,124.95349884033203,133.0,124.95349884033203,132.6909942626953,131.60328674316406,54456000.0
2022-02-25,133.552001953125,135.27149963378906,131.75149536132812,134.45950317382812,133.35731506347656,36406000.0
2022-02-28,133.0500030517578,135.75149536132812,132.59249877929688,135.0570068359375,133.9499053955078,38864000.0
2022-03-01,134.8784942626953,136.2554931640625,133.218505859375,134.06149291992188,132.96255493164062,26496000.0
2022-03-02,134.6280059814453,135.2624969482422,133.07150268554688,134.57150268554688,133.46839904785156,23520000.0
2022-03-03,136.00999450683594,136.4394989013672,133.02549743652344,133.89950561523438,132.8018798828125,24604000.0
2022-03-04,132.92750549316406,133.85150146484375,130.33749389648438,131.906494140625,130.82522583007812,30430000.0
2022-03-07,131.48800659179688,131.73500061035156,126.29499816894531,126.37850189208984,125.34254455566406,45112000.0
2022-03-08,126.25,131.25,125.67449951171875,127.10449981689453,126.0625991821289,40428000.0
2022-03-09,131.25,133.73550415039062,129.90049743652344,133.4199981689453,132.32630920410156,37026000.0
2022-03-10,131.26600646972656,133.27200317382812,130.91250610351562,132.42950439453125,131.34396362304688,27102000.0
2022-03-11,133.48849487304688,133.79550170898438,129.63150024414062,129.87049865722656,128.80592346191406,31526000.0
2022-03-14,130.25,130.40899658203125,125.2750015258789,125.95099639892578,124.91854095458984,38812000.0
2022-03-15,126.97599792480469,129.85450744628906,125.72049713134766,129.197998046875,128.13893127441406,30920000.0
2022-03-16,130.73300170898438,133.33299255371094,128.7344970703125,133.28050231933594,132.18797302246094,35576000.0
2022-03-17,133.1490020751953,134.08050537109375,132.18499755859375,133.83900451660156,132.7418975830078,28264000.0
2022-03-18,133.42449951171875,136.24400329589844,132.2584991455078,136.12550354003906,135.00962829589844,44566000.0
2022-03-21,136.1634979248047,137.0500030517578,134.09249877929688,136.10150146484375,134.98583984375,26832000.0
2022-03-22,136.10150146484375,141.0500030517578,136.10150146484375,139.8679962158203,138.72146606445312,35496000.0
2022-03-23,138.70249938964844,139.5885009765625,137.8350067138672,138.27549743652344,137.14202880859375,25154000.0
2022-03-24,139.1999969482422,141.61900329589844,137.75050354003906,141.57200622558594,140.41151428222656,26396000.0
2022-03-25,141.91600036621094,142.03500366210938,139.7375030517578,141.67300415039062,140.5116729736328,24126000.0
2022-03-28,140.90049743652344,142.00250244140625,139.81149291992188,141.45550537109375,140.29595947265625,35050000.0
2022-03-29,142.6475067138672,143.7935028076172,142.0384979248047,142.5054931640625,141.3373260498047,34318000.0
2022-03-30,142.4600067138672,142.7205047607422,141.60000610351562,141.93850708007812,140.7749786376953,19884000.0
2022-03-31,142.05299377441406,142.10800170898438,139.02450561523438,139.0675048828125,137.9275360107422,37524000.0
2022-04-01,139.5,140.4709930419922,138.3074951171875,140.15049743652344,139.0016326904297,25942000.0
2022-04-04,140.35850524902344,143.71200561523438,140.3105010986328,142.97149658203125,141.79953002929688,25942000.0
2022-04-05,142.86900329589844,142.99049377441406,140.38250732421875,140.59100341796875,139.4385528564453,21418000.0
2022-04-06,138.75,139.36050415039062,135.51699829101562,136.54800415039062,135.4286651611328,32468000.0
2022-04-07,136.00999450683594,137.1645050048828,134.2274932861328,135.8885040283203,134.77459716796875,26234000.0
2022-04-08,135.58349609375,135.6699981689453,132.9654998779297,133.28750610351562,132.1949005126953,25142000.0
2022-04-11,131.82350158691406,132.09249877929688,128.6685028076172,128.82350158691406,127.76749420166016,36884000.0
2022-04-12,131.60000610351562,131.60000610351562,126.78900146484375,127.7145004272461,126.6676025390625,32710000.0
2022-04-13,128.0,130.33399963378906,127.74099731445312,129.8939971923828,128.8292236328125,27928000.0
2022-04-14,130.47950744628906,130.47950744628906,126.60099792480469,126.7300033569336,125.691162109375,31598000.0
2022-04-15,130.47950744628906,130.47950744628906,126.60099792480469,126.7300033569336,125.691162109375,31598000.0
2022-04-18,127.0,128.21249389648438,126.18199920654297,127.67649841308594,126.6299057006836,20808000.0
2022-04-19,127.69149780273438,130.33299255371094,126.99949645996094,130.00900268554688,128.9432830810547,26490000.0
2022-04-20,130.89199829101562,131.3990020751953,127.5,128.0399932861328,126.99041748046875,31696000.0
2022-04-21,129.25,130.09849548339844,124.52649688720703,124.81449890136719,123.79136657714844,36446000.0
2022-04-22,125.0,125.4020004272461,118.92500305175781,119.635498046875,118.65482330322266,56884000.0
2022-04-25,119.10099792480469,123.27749633789062,118.51100158691406,123.0739974975586,122.06513214111328,46128000.0
2022-04-26,122.29450225830078,122.51000213623047,118.51100158691406,118.6500015258789,117.67739868164062,73054000.0
2022-04-27,114.46949768066406,117.24199676513672,112.73650360107422,114.29450225830078,113.35759735107422,91820000.0
2022-04-28,116.41500091552734,119.64949798583984,114.11499786376953,118.52249908447266,117.55094146728516,48884000.0
2022-04-29,116.7344970703125,117.91999816894531,113.81449890136719,114.1094970703125,113.17411804199219,42676000.0
2022-05-02,113.40499877929688,116.74549865722656,112.5999984741211,116.58300018310547,115.6273422241211,35534000.0
2022-05-03,116.43049621582031,118.44200134277344,116.03450012207031,117.33399963378906,116.37220001220703,24968000.0
2022-05-04,117.03150177001953,122.85449981689453,115.11599731445312,122.26100158691406,121.25880432128906,49916000.0
2022-05-05,120.2040023803711,121.03900146484375,115.00550079345703,116.50550079345703,115.55047607421875,45840000.0
2022-05-06,115.18450164794922,117.57150268554688,114.0155029296875,115.74649810791016,114.79769897460938,39710000.0
2022-05-09,113.25,115.0770034790039,112.00050354003906,112.51100158691406,111.5887222290039,40802000.0
2022-05-10,115.50749969482422,116.25,112.90049743652344,114.3949966430664,113.45726776123047,39900000.0
2022-05-11,113.23650360107422,116.364501953125,113.23650360107422,113.60250091552734,112.67127227783203,37534000.0
2022-05-12,111.37750244140625,114.29499816894531,109.82450103759766,112.84400177001953,111.91899871826172,53836000.0
2022-05-13,114.53299713134766,117.875,113.6050033569336,116.05049896240234,115.09921264648438,35038000.0
2022-05-16,114.95549774169922,116.16999816894531,113.8895034790039,114.44499969482422,113.50687408447266,25990000.0
2022-05-17,116.84049987792969,116.9000015258789,114.87000274658203,116.4729995727539,115.51824188232422,23054000.0
2022-05-18,115.0,115.4000015258789,111.55549621582031,111.89949798583984,110.98222351074219,35126000.0
2022-05-19,111.43150329589844,113.01000213623047,110.0,110.38400268554688,109.47915649414062,34144000.0
2022-05-20,111.95099639892578,112.18350219726562,105.79650115966797,108.90799713134766,108.01524353027344,48962000.0
2022-05-23,109.5875015258789,112.14749908447266,108.74099731445312,111.48799896240234,110.57411193847656,37184000.0
2022-05-24,105.77200317382812,106.45850372314453,101.8844985961914,105.97000122070312,105.10133361816406,76780000.0
2022-05-25,104.9854965209961,106.5,103.85649871826172,105.80500030517578,104.93767547607422,40258000.0
2022-05-26,105.677001953125,108.64949798583984,105.2249984741211,107.7925033569336,106.90889739990234,37948000.0
2022-05-27,109.48300170898438,112.31800079345703,109.13849639892578,112.31649780273438,111.39581298828125,37914000.0
2022-05-30,109.48300170898438,112.31800079345703,109.13849639892578,112.31649780273438,111.39581298828125,37914000.0
2022-05-31,112.74649810791016,115.73500061035156,112.07849884033203,113.76200103759766,112.82946014404297,50012000.0
2022-06-01,114.8550033569336,117.10150146484375,113.25,113.89199829101562,112.9583969116211,36606000.0
2022-06-02,114.0,117.89949798583984,112.94650268554688,117.62249755859375,116.65830993652344,37992000.0
2022-06-03,116.0625,116.32150268554688,113.51850128173828,114.54100036621094,113.60206604003906,26136000.0
2022-06-06,116.70449829101562,119.34700012207031,116.16400146484375,116.82050323486328,115.86290740966797,33542000.0
2022-06-07,115.48049926757812,117.69100189208984,115.052001953125,117.14949798583984,116.18919372558594,31590000.0
2022-06-08,116.7614974975586,118.57050323486328,116.5999984741211,117.19400024414062,116.23333740234375,26108000.0
2022-06-09,116.32749938964844,118.29900360107422,114.7760009765625,114.83550262451172,113.8941650390625,25798000.0
2022-06-10,112.44499969482422,113.27899932861328,110.36599731445312,111.1614990234375,110.25028228759766,41452000.0
2022-06-13,106.7864990234375,108.79149627685547,106.11900329589844,106.39250183105469,105.52037811279297,47252000.0
2022-06-14,106.53500366210938,107.92449951171875,105.80000305175781,106.71549987792969,105.84072875976562,33706000.0
2022-06-15,108.54499816894531,111.42350006103516,107.66950225830078,109.7645034790039,108.86473083496094,39698000.0
2022-06-16,107.22100067138672,108.64849853515625,105.13800048828125,106.03350067138672,105.16432189941406,51684000.0
2022-06-17,106.03350067138672,108.69950103759766,105.0459976196289,107.14350128173828,106.26522827148438,51376000.0
2022-06-20,106.03350067138672,108.69950103759766,105.0459976196289,107.14350128173828,106.26522827148438,51376000.0
2022-06-21,108.92949676513672,112.489501953125,108.5999984741211,111.54399871826172,110.62964630126953,47416000.0
2022-06-22,110.55650329589844,113.34649658203125,110.38249969482422,111.48750305175781,110.57361602783203,30774000.0
2022-06-23,112.23149871826172,112.74250030517578,110.50050354003906,112.24199676513672,111.32192993164062,28362000.0
2022-06-24,112.99500274658203,118.0790023803711,112.95249938964844,117.9749984741211,117.0079345703125,41164000.0
2022-06-27,118.27300262451172,118.57949829101562,115.17949676513672,115.83350372314453,114.88397979736328,36420000.0
2022-06-28,115.80249786376953,117.30950164794922,111.8479995727539,112.00749969482422,111.08934783935547,35792000.0
2022-06-29,111.552001953125,113.1604995727539,110.87249755859375,111.70149993896484,110.78585815429688,24716000.0
2022-06-30,110.0,110.88800048828125,106.75,108.96299743652344,108.0698013305664,43170000.0
2022-07-01,107.93299865722656,109.25,106.73049926757812,108.73750305175781,107.84616088867188,35476000.0
2022-07-04,107.93299865722656,109.25,106.73049926757812,108.73750305175781,107.84616088867188,35476000.0
2022-07-05,107.10050201416016,113.37699890136719,105.73149871826172,113.26300048828125,112.33454895019531,39342000.0
2022-07-06,113.302001953125,115.5895004272461,111.47599792480469,114.5719985961914,113.6328353881836,37432000.0
2022-07-07,115.08000183105469,119.18949890136719,114.83350372314453,118.78299713134766,117.8093032836914,40936000.0
2022-07-08,117.25,119.68499755859375,116.90149688720703,119.35350036621094,118.37512969970703,38238000.0
2022-07-11,117.99800109863281,117.99800109863281,115.33049774169922,115.67649841308594,114.728271484375,31196000.0
2022-07-12,116.21499633789062,116.9739990234375,113.69000244140625,114.02050018310547,113.08585357666016,29960000.0
2022-07-13,111.70099639892578,114.19599914550781,111.20149993896484,111.35350036621094,110.4406967163086,43722000.0
2022-07-14,110.21050262451172,111.09300231933594,108.37300109863281,110.36750030517578,109.4627914428711,37004000.0
2022-07-15,112.00050354003906,113.1405029296875,110.9000015258789,111.77749633789062,110.8612289428711,46770000.0
2022-07-18,112.63999938964844,113.68000030517578,108.37000274658203,109.02999877929688,108.1362533569336,43164600.0
2022-07-19,110.8499984741211,114.0199966430664,109.55999755859375,113.80999755859375,112.87706756591797,36530900.0
2022-07-20,113.16999816894531,115.4000015258789,112.4800033569336,113.9000015258789,112.96633911132812,35600400.0
2022-07-21,114.27999877929688,114.55000305175781,111.11000061035156,114.33999633789062,113.40272521972656,32676200.0
2022-07-22,111.0,112.33999633789062,106.5,107.9000015258789,107.0155258178711,48901200.0
2022-07-25,108.41000366210938,109.87000274658203,106.30000305175781,107.51000213623047,106.62871551513672,34690900.0
2022-07-26,106.5999984741211,107.19999694824219,104.06999969482422,105.0199966430664,104.15911865234375,47991000.0
2022-07-27,109.26000213623047,113.91000366210938,108.01000213623047,113.05999755859375,112.13322448730469,59858500.0
2022-07-28,112.37000274658203,114.33999633789062,111.45999908447266,114.22000122070312,113.28372192382812,32816600.0
2022-07-29,113.08000183105469,116.70999908447266,113.05999755859375,116.31999969482422,115.36649322509766,37223400.0
2022-08-01,115.30000305175781,116.72000122070312,114.33999633789062,114.86000061035156,113.91845703125,26034300.0
2022-08-02,114.0,116.3499984741211,113.72000122070312,115.12999725341797,114.18624877929688,20236000.0
2022-08-03,115.70999908447266,118.62000274658203,115.4800033569336,118.08000183105469,117.11207580566406,28499000.0
2022-08-04,117.4800033569336,118.77999877929688,116.88999938964844,118.19000244140625,117.22117614746094,21602900.0
2022-08-05,116.2300033569336,118.11000061035156,116.0,117.47000122070312,116.5070571899414,19159500.0
2022-08-08,118.38999938964844,120.1500015258789,116.87999725341797,117.30000305175781,116.3384780883789,19138300.0
2022-08-09,117.13999938964844,117.31999969482422,115.70999908447266,116.62999725341797,115.67395782470703,19086500.0
2022-08-10,118.77999877929688,120.91999816894531,118.41000366210938,119.69999694824219,118.71879577636719,30930400.0
2022-08-11,121.27999877929688,121.48999786376953,118.55999755859375,118.83999633789062,117.86583709716797,24293700.0
2022-08-12,120.26000213623047,121.68000030517578,119.45999908447266,121.68000030517578,120.68255615234375,19096300.0
2022-08-15,121.12999725341797,122.30000305175781,120.61000061035156,122.08000183105469,121.07928466796875,19494800.0
2022-08-16,121.5199966430664,122.43000030517578,120.63999938964844,121.69999694824219,120.702392578125,19041200.0
2022-08-17,120.12000274658203,121.29000091552734,119.37999725341797,119.55000305175781,118.57001495361328,22847000.0
2022-08-18,119.43000030517578,120.81999969482422,118.72000122070312,120.16999816894531,119.18495178222656,17987700.0
2022-08-19,119.05999755859375,119.1500015258789,116.76000213623047,117.20999908447266,116.24919128417969,21809500.0
2022-08-22,115.19999694824219,115.62999725341797,113.8499984741211,114.23999786376953,113.30354309082031,21456600.0
2022-08-23,113.4800033569336,115.01000213623047,113.43000030517578,113.86000061035156,112.92666625976562,15870400.0
2022-08-24,113.5,114.77999877929688,112.87000274658203,113.69000244140625,112.758056640625,17734600.0
2022-08-25,114.23999786376953,116.72000122070312,114.11000061035156,116.6500015258789,115.69379425048828,16956800.0
2022-08-26,114.72000122070312,115.12000274658203,110.19000244140625,110.33999633789062,109.43550872802734,37245700.0
2022-08-29,109.98999786376953,110.94999694824219,108.80000305175781,109.41999816894531,108.52306365966797,21191200.0
2022-08-30,110.16999816894531,110.5,107.80000305175781,108.94000244140625,108.04700469970703,27513300.0
2022-08-31,110.6500015258789,110.8499984741211,108.12999725341797,108.22000122070312,107.33289337158203,28627000.0
2022-09-01,108.27999877929688,110.44999694824219,107.36000061035156,109.73999786376953,108.8404312133789,28360900.0
2022-09-02,110.58999633789062,110.73999786376953,107.26000213623047,107.8499984741211,106.9659194946289,24160700.0
2022-09-05,110.58999633789062,110.73999786376953,107.26000213623047,107.8499984741211,106.9659194946289,24160700.0
2022-09-06,107.30000305175781,108.02999877929688,105.77999877929688,106.80999755859375,105.9344482421875,25068300.0
2022-09-07,107.05999755859375,109.9800033569336,106.9000015258789,109.44999694824219,108.55279541015625,23167000.0
2022-09-08,108.04000091552734,109.5999984741211,107.16000366210938,108.37999725341797,107.49158477783203,24238300.0
2022-09-09,109.06999969482422,110.98999786376953,109.0199966430664,110.6500015258789,109.74297332763672,23197700.0
2022-09-12,110.98999786376953,111.62000274658203,109.93000030517578,110.86000061035156,109.95124816894531,22966800.0
2022-09-13,107.80000305175781,108.30000305175781,104.08999633789062,104.31999969482422,103.46485900878906,38172900.0
2022-09-14,104.56999969482422,105.27999877929688,103.66000366210938,105.0,104.13928985595703,26395100.0
2022-09-15,104.02999877929688,105.2699966430664,102.3499984741211,102.91000366210938,102.06642150878906,34188300.0
2022-09-16,102.06999969482422,103.12999725341797,100.94000244140625,102.80000305175781,101.95732116699219,42797200.0
2022-09-19,101.75,103.33000183105469,101.55000305175781,103.06999969482422,102.2251205444336,23036800.0
2022-09-20,102.08000183105469,102.37000274658203,100.5199966430664,101.13999938964844,100.3109359741211,26517100.0
2022-09-21,101.66999816894531,102.87999725341797,99.2699966430664,99.27999877929688,98.46617889404297,31487300.0
2022-09-22,98.81999969482422,101.23999786376953,98.79000091552734,100.13999938964844,99.31912994384766,34298600.0
2022-09-23,99.62999725341797,99.66000366210938,97.47000122070312,98.73999786376953,97.93060302734375,31625400.0
2022-09-26,98.0999984741211,99.87999725341797,97.80000305175781,98.16999816894531,97.36527252197266,27072700.0
2022-09-27,99.43000030517578,100.0,96.87000274658203,97.5,96.70075988769531,30072800.0
2022-09-28,97.6500015258789,100.69999694824219,97.11000061035156,100.05000305175781,99.22987365722656,32466300.0
2022-09-29,98.63999938964844,98.63999938964844,95.95999908447266,97.41999816894531,96.62142944335938,31047200.0
2022-09-30,97.05000305175781,98.9000015258789,95.55999755859375,95.6500015258789,94.86593627929688,32941500.0
2022-10-03,96.76000213623047,99.29000091552734,96.5199966430664,98.63999938964844,97.8314208984375,27982000.0
2022-10-04,100.44000244140625,101.83999633789062,100.37999725341797,101.63999938964844,100.80683135986328,28850800.0
2022-10-05,99.83000183105469,101.93000030517578,98.80000305175781,101.43000030517578,100.59854888916016,22176900.0
2022-10-06,100.68000030517578,102.93000030517578,100.58999633789062,101.41999816894531,100.58863830566406,22324000.0
2022-10-07,99.8499984741211,100.52999877929688,98.30000305175781,98.68000030517578,97.87110137939453,27502800.0
2022-10-10,99.0,99.0999984741211,97.01000213623047,97.86000061035156,97.05782318115234,18225100.0
2022-10-11,97.43000030517578,99.25,96.30999755859375,97.18000030517578,96.38339233398438,26507100.0
2022-10-12,97.30000305175781,98.75,96.73999786376953,97.55999755859375,96.76026916503906,21876400.0
2022-10-13,95.1500015258789,99.77999877929688,94.37999725341797,99.05999755859375,98.24797821044922,34574500.0
2022-10-14,99.98999786376953,100.69000244140625,96.37000274658203,96.55999755859375,95.76847839355469,25410700.0
2022-10-17,98.86000061035156,100.93000030517578,98.83000183105469,99.97000122070312,99.15052795410156,28419200.0
2022-10-18,103.12999725341797,103.47000122070312,99.97000122070312,100.7699966430664,99.9439697265625,24060700.0
2022-10-19,100.01000213623047,101.0199966430664,98.91999816894531,99.62999725341797,98.81330108642578,23811100.0
2022-10-20,100.0,102.31999969482422,99.38999938964844,99.97000122070312,99.15052795410156,25323200.0
2022-10-21,97.8499984741211,101.30999755859375,97.72000122070312,101.12999725341797,100.30101013183594,32458700.0
2022-10-24,101.80000305175781,102.75,99.9800033569336,102.5199966430664,101.67961120605469,27176400.0
2022-10-25,102.9000015258789,104.81999969482422,102.72000122070312,104.4800033569336,103.6235580444336,40611400.0
2022-10-26,96.43000030517578,98.30999755859375,94.69000244140625,94.93000030517578,94.15184020996094,88114100.0
2022-10-27,94.5199966430664,95.43000030517578,91.80000305175781,92.22000122070312,91.46405029296875,60710900.0
2022-10-28,92.2699966430664,96.55000305175781,92.12999725341797,96.29000091552734,95.50069427490234,43697300.0
2022-10-31,95.41999816894531,96.02999877929688,93.9800033569336,94.51000213623047,93.73528289794922,31675000.0
2022-11-01,95.44999694824219,96.02999877929688,90.37000274658203,90.47000122070312,89.72840118408203,47161400.0
2022-11-02,90.94000244140625,91.18000030517578,86.87999725341797,86.97000122070312,86.25708770751953,57038300.0
2022-11-03,86.31999969482422,86.5199966430664,83.33999633789062,83.43000030517578,82.74610900878906,61288000.0
2022-11-04,85.4000015258789,86.63999938964844,83.70999908447266,86.58000183105469,85.87029266357422,51124900.0
2022-11-07,87.27999877929688,88.9000015258789,86.8499984741211,88.48999786376953,87.7646255493164,34078900.0
2022-11-08,88.9000015258789,90.31999969482422,87.58999633789062,88.9000015258789,88.17127227783203,30429000.0
2022-11-09,88.44999694824219,89.44000244140625,87.27999877929688,87.31999969482422,86.60421752929688,31769100.0
2022-11-10,92.25,94.38999938964844,91.61000061035156,93.94000244140625,93.16996002197266,51620100.0
2022-11-11,94.69000244140625,96.93000030517578,93.91999816894531,96.41000366210938,95.61971282958984,33090500.0
2022-11-14,95.08999633789062,96.79000091552734,94.51000213623047,95.69999694824219,94.91551971435547,30179500.0
2022-11-15,98.26000213623047,100.13999938964844,96.70999908447266,98.44000244140625,97.63306427001953,41640800.0
2022-11-16,97.9000015258789,99.63999938964844,97.63999938964844,98.8499984741211,98.03968811035156,29105200.0
2022-11-17,96.97000122070312,99.27999877929688,96.79000091552734,98.36000061035156,97.55371856689453,26052600.0
2022-11-18,98.7699966430664,98.9000015258789,96.37000274658203,97.43000030517578,96.63134002685547,28342300.0
2022-11-21,97.29000091552734,98.4000015258789,95.36000061035156,95.5999984741211,94.81634521484375,21647400.0
2022-11-22,95.94999694824219,97.22000122070312,94.05000305175781,97.05000305175781,96.25446319580078,23438500.0
2022-11-23,97.08999633789062,98.76000213623047,97.08999633789062,98.45999908447266,97.65290832519531,18868100.0
2022-11-24,97.08999633789062,98.76000213623047,97.08999633789062,98.45999908447266,97.65290832519531,18868100.0
2022-11-25,98.23999786376953,98.63999938964844,97.4000015258789,97.45999908447266,96.66110229492188,9701400.0
2022-11-28,97.04000091552734,97.58000183105469,95.61000061035156,96.05000305175781,95.2626724243164,26237500.0
2022-11-29,95.7300033569336,96.12000274658203,94.11000061035156,95.19000244140625,94.40970611572266,20061700.0
2022-11-30,94.81999969482422,101.04000091552734,94.41999816894531,100.98999786376953,100.16215515136719,43647500.0
2022-12-01,101.0199966430664,102.25,100.25,100.98999786376953,100.16215515136719,28687100.0
2022-12-02,99.05000305175781,100.7699966430664,98.9000015258789,100.44000244140625,99.6166763305664,21480700.0
2022-12-05,99.4000015258789,101.37999725341797,99.0,99.4800033569336,98.66453552246094,24405100.0
2022-12-06,99.30000305175781,99.77999877929688,96.41999816894531,96.9800033569336,96.1850357055664,24910700.0
2022-12-07,96.41000366210938,96.87999725341797,94.72000122070312,94.94000244140625,94.16175842285156,31045400.0
2022-12-08,95.37999725341797,95.58000183105469,93.44999694824219,93.70999908447266,92.94184112548828,32213300.0
2022-12-09,93.7699966430664,94.26000213623047,92.75,92.83000183105469,92.06904602050781,28225400.0
2022-12-12,92.70999908447266,93.55999755859375,91.61000061035156,93.30999755859375,92.54510498046875,29420000.0
2022-12-13,97.76000213623047,99.52999877929688,95.02999877929688,95.62999725341797,94.8460922241211,40593700.0
2022-12-14,95.19999694824219,96.87000274658203,93.5999984741211,95.06999969482422,94.29068756103516,28733600.0
2022-12-15,93.12999725341797,93.63999938964844,90.01000213623047,90.86000061035156,90.11519622802734,40107000.0
2022-12-16,90.76000213623047,91.33000183105469,89.5199966430664,90.26000213623047,89.5201187133789,58011800.0
2022-12-19,90.26000213623047,90.55999755859375,88.20999908447266,88.44000244140625,87.71502685546875,29493000.0
2022-12-20,88.11000061035156,89.18000030517578,87.44000244140625,89.0199966430664,88.29027557373047,23453800.0
2022-12-21,89.08000183105469,90.22000122070312,88.31999969482422,89.58000183105469,88.84569549560547,24745600.0
2022-12-22,88.16000366210938,88.54000091552734,86.31999969482422,87.76000213623047,87.04061889648438,27658300.0
2022-12-23,87.11000061035156,89.55000305175781,87.06999969482422,89.2300033569336,88.49856567382812,23003000.0
2022-12-26,87.11000061035156,89.55000305175781,87.06999969482422,89.2300033569336,88.49856567382812,23003000.0
2022-12-27,88.80000305175781,88.94000244140625,87.01000213623047,87.38999938964844,86.67363739013672,20097300.0
2022-12-28,86.9800033569336,88.04000091552734,85.94000244140625,86.0199966430664,85.31486511230469,19523200.0
2022-12-29,86.62000274658203,88.8499984741211,86.61000061035156,88.44999694824219,87.7249526977539,23333500.0
2022-12-30,86.9800033569336,88.30000305175781,86.56999969482422,88.2300033569336,87.50677490234375,23986300.0
2023-01-02,86.9800033569336,88.30000305175781,86.56999969482422,88.2300033569336,87.50677490234375,23986300.0
2023-01-03,89.58999633789062,91.05000305175781,88.5199966430664,89.12000274658203,88.38945770263672,28131200.0
2023-01-04,90.3499984741211,90.6500015258789,87.2699966430664,88.08000183105469,87.35798645019531,34854800.0
2023-01-05,87.47000122070312,87.56999969482422,85.9000015258789,86.19999694824219,85.49340057373047,27194400.0
2023-01-06,86.79000091552734,87.69000244140625,84.86000061035156,87.33999633789062,86.6240463256836,41381500.0
2023-01-09,88.36000061035156,90.05000305175781,87.86000061035156,88.0199966430664,87.29847717285156,29003900.0
2023-01-10,85.9800033569336,88.66999816894531,85.83000183105469,88.41999816894531,87.6951904296875,30467800.0
2023-01-11,89.18000030517578,91.5999984741211,89.01000213623047,91.5199966430664,90.76978302001953,26862000.0
2023-01-12,91.4800033569336,91.87000274658203,89.75,91.12999725341797,90.38298797607422,30258100.0
2023-01-13,90.8499984741211,92.19000244140625,90.12999725341797,92.12000274658203,91.36487579345703,26329200.0
2023-01-16,90.8499984741211,92.19000244140625,90.12999725341797,92.12000274658203,91.36487579345703,26329200.0
2023-01-17,92.05999755859375,92.25,90.05000305175781,91.29000091552734,90.54167175292969,32602400.0
2023-01-18,92.13999938964844,92.80000305175781,90.63999938964844,91.12000274658203,90.3730697631836,29116700.0
2023-01-19,90.72000122070312,93.61000061035156,90.62999725341797,93.05000305175781,92.28724670410156,37000400.0
2023-01-20,95.0999984741211,98.30000305175781,95.0199966430664,98.0199966430664,97.21649932861328,63191100.0
2023-01-23,97.94999694824219,100.04000091552734,97.5,99.79000091552734,98.97200775146484,40005100.0
2023-01-24,98.0999984741211,99.61000061035156,97.19999694824219,97.69999694824219,96.89911651611328,33078500.0
2023-01-25,95.56999969482422,96.16000366210938,93.76000213623047,95.22000122070312,94.43946075439453,42330000.0
2023-01-26,96.5,97.56999969482422,95.37999725341797,97.5199966430664,96.72059631347656,30114000.0
2023-01-27,97.30999755859375,100.31999969482422,97.30999755859375,99.37000274658203,98.5554428100586,33879800.0
2023-01-30,97.4800033569336,98.29000091552734,96.4000015258789,96.94000244140625,96.14537048339844,27226200.0
2023-01-31,96.87000274658203,98.87999725341797,96.81999969482422,98.83999633789062,98.02977752685547,29870700.0
2023-02-01,98.70999908447266,101.19000244140625,97.58000183105469,100.43000030517578,99.60675048828125,35531100.0
2023-02-02,105.80000305175781,107.8499984741211,105.61000061035156,107.73999786376953,106.85681915283203,69883800.0
2023-02-03,102.93000030517578,107.80999755859375,102.58000183105469,104.77999877929688,103.92108917236328,65309300.0
2023-02-06,102.4000015258789,104.36000061035156,101.87999725341797,102.9000015258789,102.05650329589844,31999600.0
2023-02-07,103.22000122070312,108.18000030517578,103.12000274658203,107.63999938964844,106.75764465332031,49010200.0
2023-02-08,102.05000305175781,103.13999938964844,98.04000091552734,99.37000274658203,98.5554428100586,94743500.0
2023-02-09,100.0,100.02999877929688,93.62999725341797,95.01000213623047,94.2311782836914,119455000.0
2023-02-10,95.44999694824219,96.75,94.25,94.56999969482422,93.7947769165039,54980700.0
2023-02-13,94.73999786376953,95.19999694824219,93.83999633789062,94.61000061035156,93.8344497680664,50076100.0
2023-02-14,94.43000030517578,94.8499984741211,92.26000213623047,94.68000030517578,93.90389251708984,54726100.0
2023-02-15,94.48999786376953,97.12000274658203,94.1500015258789,96.94000244140625,96.14537048339844,50169000.0
2023-02-16,95.37000274658203,97.68000030517578,94.73999786376953,95.51000213623047,94.72708129882812,42462600.0
2023-02-17,94.8499984741211,95.55999755859375,93.20999908447266,94.3499984741211,93.57657623291016,34284100.0
2023-02-20,94.8499984741211,95.55999755859375,93.20999908447266,94.3499984741211,93.57657623291016,34284100.0
2023-02-21,93.0,93.0999984741211,91.72000122070312,91.79000091552734,91.0375747680664,33629300.0
2023-02-22,91.69999694824219,92.11000061035156,90.61000061035156,91.6500015258789,90.89872741699219,30884000.0
2023-02-23,91.91999816894531,91.94000244140625,89.76000213623047,90.88999938964844,90.14495086669922,41206400.0
2023-02-24,89.44000244140625,89.88999938964844,88.58000183105469,89.12999725341797,88.39938354492188,36585100.0
2023-02-27,89.87000274658203,90.16000366210938,89.33999633789062,89.87000274658203,89.13331604003906,27502300.0
2023-02-28,89.33000183105469,91.2300033569336,89.31999969482422,90.05999755859375,89.32176208496094,30142000.0
2023-03-01,89.9800033569336,91.02999877929688,89.66999816894531,90.36000061035156,89.61930084228516,31111200.0
2023-03-02,89.66000366210938,92.27999877929688,89.58999633789062,92.0,91.24585723876953,32204400.0
2023-03-03,92.4800033569336,93.7300033569336,92.44999694824219,93.6500015258789,92.88233184814453,35160100.0
2023-03-06,94.0199966430664,95.97000122070312,94.0,95.12999725341797,94.35018920898438,32639300.0
2023-03-07,94.9800033569336,95.66999816894531,93.52999877929688,93.86000061035156,93.09060668945312,27835500.0
2023-03-08,94.12000274658203,95.95999908447266,94.0,94.25,93.47740173339844,34103300.0
2023-03-09,94.05000305175781,95.52999877929688,91.9000015258789,92.31999969482422,91.563232421875,28813500.0
2023-03-10,92.16999816894531,92.79000091552734,90.4000015258789,90.62999725341797,89.88707733154297,35941000.0
2023-03-13,90.08999633789062,92.56999969482422,89.41999816894531,91.11000061035156,90.36315155029297,37335600.0
2023-03-14,92.55999755859375,94.36000061035156,92.44000244140625,93.97000122070312,93.19969940185547,36050200.0
2023-03-15,93.22000122070312,96.93000030517578,92.63999938964844,96.11000061035156,95.32217407226562,50622100.0
2023-03-16,96.19999694824219,101.19000244140625,95.5,100.31999969482422,99.49765014648438,65492000.0
2023-03-17,100.26000213623047,102.83999633789062,100.0999984741211,101.62000274658203,100.78700256347656,61028500.0
2023-03-20,100.12000274658203,101.75,99.87000274658203,101.22000122070312,100.3902816772461,32960400.0
2023-03-21,101.25,105.0999984741211,101.22000122070312,104.91999816894531,104.05994415283203,42110300.0
2023-03-22,104.2699966430664,106.58999633789062,103.33000183105469,103.37000274658203,102.52264404296875,43427400.0
2023-03-23,105.05999755859375,106.30000305175781,104.45999908447266,105.5999984741211,104.734375,40797800.0
2023-03-24,104.98999786376953,105.48999786376953,103.83999633789062,105.44000244140625,104.57569122314453,30393300.0
2023-03-27,104.62000274658203,104.76000213623047,101.93000030517578,102.45999908447266,101.6201171875,31120900.0
2023-03-28,102.44000244140625,102.44999694824219,99.73999786376953,101.02999877929688,100.20182800292969,32057900.0
2023-03-29,102.27999877929688,102.48999786376953,100.6500015258789,101.38999938964844,100.55888366699219,28779600.0
2023-03-30,100.91000366210938,101.16000366210938,99.77999877929688,100.88999938964844,100.06298065185547,33086200.0
2023-03-31,101.30000305175781,103.88999938964844,101.04000091552734,103.7300033569336,102.87970733642578,36863400.0
2023-04-03,102.38999938964844,104.52999877929688,101.93000030517578,104.36000061035156,103.5045394897461,25035400.0
2023-04-04,104.33000183105469,105.58000183105469,104.04000091552734,104.72000122070312,103.86157989501953,24420100.0
2023-04-05,105.77999877929688,106.0999984741211,103.66000366210938,104.47000122070312,103.6136474609375,28290500.0
2023-04-06,105.26000213623047,109.16999816894531,104.33000183105469,108.41999816894531,107.53126525878906,48711500.0
2023-04-07,105.26000213623047,109.16999816894531,104.33000183105469,108.41999816894531,107.53126525878906,48711500.0
2023-04-10,106.9800033569336,107.58999633789062,105.12000274658203,106.44000244140625,105.56748962402344,27067400.0
2023-04-11,106.55000305175781,106.7300033569336,104.68000030517578,105.3499984741211,104.48641967773438,26311800.0
2023-04-12,106.58000183105469,106.75,104.33999633789062,104.63999938964844,103.78223419189453,24370300.0
2023-04-13,105.83999633789062,107.48999786376953,105.83999633789062,107.43000030517578,106.54936981201172,24843600.0
2023-04-14,106.88999938964844,108.94000244140625,106.83999633789062,108.87000274658203,107.97756958007812,26578000.0
2023-04-17,104.66000366210938,106.16000366210938,104.5199966430664,105.97000122070312,105.10133361816406,37571200.0
2023-04-18,106.48999786376953,106.54000091552734,104.06999969482422,104.5,103.64337921142578,26596400.0
2023-04-19,103.58000183105469,104.9800033569336,103.06999969482422,104.18000030517578,103.32601928710938,20905700.0
2023-04-20,103.91000366210938,106.25,103.87000274658203,105.29000091552734,104.42691040039062,27820800.0
2023-04-21,105.47000122070312,106.0,104.77999877929688,105.41000366210938,104.54593658447266,25800100.0
2023-04-24,105.48999786376953,106.62999725341797,104.69999694824219,105.97000122070312,105.10133361816406,23542800.0
2023-04-25,105.83000183105469,106.69000244140625,103.83999633789062,103.8499984741211,102.99871063232422,46664100.0
2023-04-26,104.91999816894531,106.3499984741211,102.62999725341797,103.70999908447266,102.85985565185547,53347600.0
2023-04-27,104.44999694824219,108.37000274658203,103.54000091552734,107.58999633789062,106.70806121826172,50089200.0
2023-04-28,107.04000091552734,107.3499984741211,105.08999633789062,107.33999633789062,106.4601058959961,36139800.0
2023-05-01,106.83999633789062,107.98999786376953,106.81999969482422,107.19999694824219,106.32124328613281,26681700.0
2023-05-02,107.13999938964844,107.19999694824219,103.70999908447266,105.31999969482422,104.4566650390625,30997200.0
2023-05-03,105.52999877929688,107.48999786376953,104.95999908447266,105.41000366210938,104.54593658447266,21795400.0
2023-05-04,105.48999786376953,105.5999984741211,103.97000122070312,104.69000244140625,103.83183288574219,23419500.0
2023-05-05,104.81999969482422,105.87999725341797,104.11000061035156,105.56999969482422,104.7046127319336,26639300.0
2023-05-08,105.18000030517578,107.95999908447266,105.16000366210938,107.7699966430664,106.88658142089844,26511400.0
2023-05-09,108.38999938964844,110.1500015258789,107.19000244140625,107.3499984741211,106.47003936767578,36360100.0
2023-05-10,107.97000122070312,112.94000244140625,107.93000030517578,111.75,110.8339614868164,63153400.0
2023-05-11,115.4000015258789,117.91999816894531,114.41000366210938,116.56999969482422,115.61444854736328,78900000.0
2023-05-12,116.68000030517578,118.02999877929688,116.11000061035156,117.51000213623047,116.54673767089844,41102300.0
2023-05-15,116.11000061035156,118.4800033569336,116.01000213623047,116.51000213623047,115.55493927001953,36266800.0
2023-05-16,116.48999786376953,120.75,116.43000030517578,119.51000213623047,118.53034973144531,45035600.0
2023-05-17,119.61000061035156,121.66999816894531,118.88999938964844,120.83999633789062,119.84944152832031,33323600.0
2023-05-18,120.94999694824219,123.30999755859375,120.83000183105469,122.83000183105469,121.82312774658203,35234200.0
2023-05-19,123.55000305175781,125.97000122070312,122.1500015258789,122.76000213623047,121.75369262695312,41353400.0
2023-05-22,122.94000244140625,126.43000030517578,122.73999786376953,125.05000305175781,124.02494049072266,35253000.0
2023-05-23,124.16000366210938,124.62999725341797,122.20999908447266,122.55999755859375,121.55534362792969,34046300.0
2023-05-24,121.12000274658203,121.91000366210938,119.86000061035156,120.9000015258789,119.90895080566406,34182600.0
2023-05-25,124.5199966430664,125.31999969482422,121.95999908447266,123.4800033569336,122.46780395507812,42317000.0
2023-05-26,123.16999816894531,125.26000213623047,122.44999694824219,124.61000061035156,123.58853149414062,35635900.0
2023-05-29,123.16999816894531,125.26000213623047,122.44999694824219,124.61000061035156,123.58853149414062,35635900.0
2023-05-30,125.63999938964844,125.66000366210938,122.0,123.66999816894531,122.65625,35076700.0
2023-05-31,122.75,124.05999755859375,122.5,122.87000274658203,121.8628158569336,37325800.0
2023-06-01,122.81999969482422,124.41999816894531,122.62000274658203,123.72000122070312,122.70584106445312,30772700.0
2023-06-02,123.98999786376953,126.1500015258789,123.76000213623047,124.66999816894531,123.6480484008789,26980100.0
2023-06-05,124.01000213623047,127.43000030517578,123.83999633789062,126.01000213623047,124.97706604003906,32305500.0
2023-06-06,126.01000213623047,128.2899932861328,125.36000061035156,127.30999755859375,126.26640319824219,26638300.0
2023-06-07,126.97000122070312,129.0399932861328,122.12000274658203,122.5,121.4958267211914,52539000.0
2023-06-08,122.2300033569336,123.2300033569336,121.23999786376953,122.13999938964844,121.1387939453125,29389200.0
2023-06-09,122.25,123.76000213623047,121.91000366210938,122.2300033569336,121.2280502319336,23778300.0
2023-06-12,122.79000091552734,124.05000305175781,121.66000366210938,123.63999938964844,122.6264877319336,28306400.0
2023-06-13,124.9800033569336,125.16000366210938,123.18000030517578,123.83000183105469,122.81494140625,22278300.0
2023-06-14,123.0999984741211,124.05000305175781,121.44999694824219,123.66999816894531,122.65625,30592300.0
2023-06-15,123.13999938964844,125.45999908447266,122.4000015258789,125.08999633789062,124.0645980834961,35246300.0
2023-06-16,125.93000030517578,126.11000061035156,123.27999877929688,123.52999877929688,122.51740264892578,45535600.0
2023-06-19,125.93000030517578,126.11000061035156,123.27999877929688,123.52999877929688,122.51740264892578,45535600.0
2023-06-20,122.93000030517578,124.56999969482422,122.13999938964844,123.0999984741211,122.09091186523438,26097500.0
2023-06-21,122.4000015258789,122.66000366210938,120.0999984741211,120.55000305175781,119.56182861328125,30306300.0
2023-06-22,120.0,123.23999786376953,118.83000183105469,123.1500015258789,122.14051818847656,26952200.0
2023-06-23,121.37999725341797,122.79000091552734,121.05999755859375,122.33999633789062,121.3371353149414,34913600.0
2023-06-26,120.76000213623047,122.0,118.2699966430664,118.33999633789062,117.36992645263672,33969900.0
2023-06-27,117.08000183105469,119.08000183105469,116.0999984741211,118.33000183105469,117.36001586914062,39535900.0
2023-06-28,117.08999633789062,120.38999938964844,116.8499984741211,120.18000030517578,119.19486236572266,27091400.0
2023-06-29,119.23999786376953,120.05999755859375,118.30000305175781,119.0999984741211,118.12371063232422,24090900.0
2023-06-30,120.16999816894531,121.08000183105469,119.69000244140625,119.69999694824219,118.71879577636719,29532200.0
2023-07-03,119.23999786376953,120.19000244140625,118.81999969482422,119.9000015258789,118.91716003417969,14467900.0
2023-07-04,119.23999786376953,120.19000244140625,118.81999969482422,119.9000015258789,118.91716003417969,14467900.0
2023-07-05,119.23999786376953,122.61000061035156,119.2300033569336,121.75,120.7519760131836,27584800.0
2023-07-06,119.80000305175781,120.30000305175781,118.4000015258789,120.11000061035156,119.12543487548828,24745200.0
2023-07-07,120.0999984741211,121.05000305175781,119.4000015258789,119.4800033569336,118.5005874633789,21709500.0
2023-07-10,118.30000305175781,118.30999755859375,116.13999938964844,116.44999694824219,115.49542236328125,35315200.0
2023-07-11,116.29000091552734,117.70999908447266,115.3499984741211,117.13999938964844,116.17977142333984,23078800.0
2023-07-12,118.80000305175781,120.33000183105469,118.41000366210938,118.93000030517578,117.95509338378906,30404400.0
2023-07-13,120.93000030517578,124.83000183105469,120.44999694824219,124.54000091552734,123.51911926269531,44297900.0
2023-07-14,124.80000305175781,126.77999877929688,123.48999786376953,125.41999816894531,124.39189910888672,33283100.0
2023-07-17,125.94000244140625,127.0999984741211,124.19999694824219,124.6500015258789,123.62821197509766,25716200.0
2023-07-18,124.5999984741211,124.68000030517578,122.95999908447266,123.76000213623047,122.74549865722656,26193600.0
2023-07-19,124.5999984741211,125.18000030517578,121.80000305175781,122.02999877929688,121.0296859741211,37224000.0
2023-07-20,121.41999816894531,124.08999633789062,118.22000122070312,119.19999694824219,118.22289276123047,37906800.0
2023-07-21,120.62000274658203,120.98999786376953,118.7300033569336,120.0199966430664,119.03616333007812,72937900.0
2023-07-24,121.66000366210938,123.0,120.9800033569336,121.52999877929688,120.5337905883789,29686100.0
2023-07-25,121.36000061035156,123.1500015258789,121.0199966430664,122.20999908447266,121.20821380615234,52509600.0
2023-07-26,130.07000732421875,130.97999572753906,128.32000732421875,129.27000427246094,128.21035766601562,61682100.0
2023-07-27,131.6699981689453,133.24000549316406,128.7899932861328,129.39999389648438,128.33926391601562,44952100.0
2023-07-28,130.77999877929688,133.74000549316406,130.57000732421875,132.5800018310547,131.4932098388672,36591200.0
2023-07-31,132.72999572753906,133.52999877929688,131.77999877929688,132.72000122070312,131.63204956054688,28055500.0
2023-08-01,130.77999877929688,132.6300048828125,130.67999267578125,131.5500030517578,130.47164916992188,23166800.0
2023-08-02,129.4499969482422,130.08999633789062,127.55999755859375,128.3800048828125,127.32765197753906,26273300.0
2023-08-03,127.97000122070312,129.38999938964844,127.41999816894531,128.4499969482422,127.3970718383789,20089500.0
2023-08-04,129.27999877929688,131.50999450683594,127.91000366210938,128.11000061035156,127.05985260009766,26147200.0
2023-08-07,129.16000366210938,131.61000061035156,129.02000427246094,131.52999877929688,130.45181274414062,22746300.0
2023-08-08,130.6199951171875,131.50999450683594,129.5399932861328,131.39999389648438,130.32286071777344,23535200.0
2023-08-09,131.66000366210938,132.0399932861328,129.0,129.66000366210938,128.59713745117188,24912900.0
2023-08-10,131.32000732421875,132.0500030517578,129.4499969482422,129.69000244140625,128.62689208984375,20857800.0
2023-08-11,128.66000366210938,129.92999267578125,128.1699981689453,129.55999755859375,128.4979705810547,19591100.0
2023-08-14,129.38999938964844,131.3699951171875,128.9600067138672,131.3300018310547,130.2534637451172,24695600.0
2023-08-15,131.10000610351562,131.4199981689453,129.27999877929688,129.77999877929688,128.71617126464844,19770700.0
2023-08-16,128.6999969482422,130.27999877929688,127.87000274658203,128.6999969482422,127.64501190185547,25216100.0
2023-08-17,129.8000030517578,131.99000549316406,129.2899932861328,129.9199981689453,128.8550262451172,33446300.0
2023-08-18,128.50999450683594,129.25,126.37999725341797,127.45999908447266,126.41517639160156,30504800.0
2023-08-21,127.18000030517578,128.72999572753906,126.55999755859375,128.3699951171875,127.31771087646484,25248700.0
2023-08-22,128.50999450683594,130.27999877929688,128.32000732421875,129.0800018310547,128.0218963623047,22054900.0
2023-08-23,130.17999267578125,133.41000366210938,129.8699951171875,132.3699951171875,131.284912109375,27819700.0
2023-08-24,133.9499969482422,134.25,129.57000732421875,129.77999877929688,128.71617126464844,28500700.0
2023-08-25,129.5399932861328,130.75999450683594,127.25,129.8800048828125,128.81533813476562,26762900.0
2023-08-28,131.30999755859375,132.5399932861328,130.13999938964844,131.00999450683594,129.93606567382812,20543300.0
2023-08-29,132.24000549316406,136.57000732421875,132.24000549316406,134.57000732421875,133.4669189453125,43075600.0
2023-08-30,134.77999877929688,136.27999877929688,134.07000732421875,135.8800048828125,134.76617431640625,28315800.0
2023-08-31,136.00999450683594,138.0,135.7899932861328,136.1699981689453,135.05380249023438,30053800.0
2023-09-01,137.4600067138672,137.4600067138672,134.85000610351562,135.66000366210938,134.5479736328125,21543700.0
2023-09-04,137.4600067138672,137.4600067138672,134.85000610351562,135.66000366210938,134.5479736328125,21543700.0
2023-09-05,135.44000244140625,136.4199981689453,134.5800018310547,135.77000427246094,134.65707397460938,19403100.0
2023-09-06,136.02000427246094,136.52999877929688,133.6699981689453,134.4600067138672,133.35781860351562,18684500.0
2023-09-07,133.58999633789062,135.5800018310547,132.9499969482422,135.25999450683594,134.15122985839844,18844300.0
2023-09-08,134.91000366210938,136.66000366210938,134.85000610351562,136.3800048828125,135.26206970214844,23558300.0
2023-09-11,136.5399932861328,137.47999572753906,135.7899932861328,136.9199981689453,135.79763793945312,20763400.0
2023-09-12,136.25999450683594,136.8699951171875,135.19000244140625,135.33999633789062,134.23056030273438,18405500.0
2023-09-13,135.08999633789062,136.89999389648438,134.14999389648438,136.7100067138672,135.58937072753906,20749500.0
2023-09-14,137.60000610351562,138.6999969482422,136.24000549316406,138.10000610351562,136.9679718017578,24751000.0
2023-09-15,137.97999572753906,138.52000427246094,136.47999572753906,137.39999389648438,136.273681640625,38919600.0
2023-09-18,136.61000061035156,139.16000366210938,136.61000061035156,138.2100067138672,137.07705688476562,21861300.0
2023-09-19,137.4199981689453,138.41000366210938,136.6199951171875,138.0399932861328,136.908447265625,20353700.0
2023-09-20,138.0800018310547,138.0800018310547,133.6199951171875,133.74000549316406,132.6437225341797,29927500.0
2023-09-21,131.44000244140625,132.22999572753906,130.07000732421875,130.44000244140625,129.3707733154297,31503900.0
2023-09-22,130.75999450683594,132.02999877929688,129.60000610351562,130.25,129.1822967529297,26397300.0
2023-09-25,129.8300018310547,131.1699981689453,128.9600067138672,131.11000061035156,130.0352783203125,20094600.0
2023-09-26,129.77000427246094,130.36000061035156,127.22000122070312,128.57000732421875,127.5160903930664,25718700.0
2023-09-27,128.57000732421875,130.89999389648438,128.57000732421875,130.5399932861328,129.46994018554688,22746500.0
2023-09-28,129.83999633789062,133.3000030517578,129.7899932861328,132.30999755859375,131.22543334960938,22513100.0
2023-09-29,133.27999877929688,134.0500030517578,130.36000061035156,130.86000061035156,129.7873077392578,30859800.0
2023-10-02,131.2100067138672,134.4199981689453,131.1699981689453,134.1699981689453,133.07020568847656,22288000.0
2023-10-03,133.94000244140625,134.25999450683594,131.83999633789062,132.42999267578125,131.34445190429688,22989400.0
2023-10-04,132.7899932861328,135.57000732421875,132.52999877929688,135.24000549316406,134.13140869140625,26752300.0
2023-10-05,135.07000732421875,135.49000549316406,133.4499969482422,135.07000732421875,133.96279907226562,19832600.0
2023-10-06,134.00999450683594,138.16000366210938,134.00999450683594,137.5800018310547,136.45225524902344,27597600.0
2023-10-09,136.94000244140625,138.94000244140625,135.61000061035156,138.4199981689453,137.2853240966797,19278100.0
2023-10-10,138.5,139.72000122070312,137.3300018310547,138.05999755859375,136.92828369140625,27786600.0
2023-10-11,138.5800018310547,141.11000061035156,138.5800018310547,140.5500030517578,139.3979034423828,25884300.0
2023-10-12,141.0500030517578,141.22000122070312,138.25999450683594,138.97000122070312,137.830810546875,24765500.0
2023-10-13,139.3800048828125,140.0,136.6199951171875,137.36000061035156,136.23403930664062,23420500.0
2023-10-16,138.1699981689453,139.6300048828125,137.99000549316406,139.10000610351562,137.95977783203125,28501900.0
2023-10-17,138.6300048828125,139.89999389648438,137.17999267578125,139.72000122070312,138.57469177246094,23515800.0
2023-10-18,139.4499969482422,140.72000122070312,137.3800048828125,137.9600067138672,136.82911682128906,23375000.0
2023-10-19,138.5,139.66000366210938,137.3800048828125,137.75,136.62081909179688,26066000.0
2023-10-20,137.3300018310547,137.8699951171875,135.0800018310547,135.60000610351562,134.4884490966797,26335700.0
2023-10-23,135.0399932861328,137.66000366210938,133.9499969482422,136.5,135.38108825683594,26317900.0
2023-10-24,137.8300018310547,139.36000061035156,137.4199981689453,138.80999755859375,137.672119140625,44814300.0
2023-10-25,128.16000366210938,128.30999755859375,125.06999969482422,125.61000061035156,124.58035278320312,84366200.0
2023-10-26,123.2699966430664,124.33000183105469,121.2699966430664,122.27999877929688,121.27764129638672,57061100.0
2023-10-27,122.87999725341797,123.30999755859375,120.20999908447266,122.16999816894531,121.16854858398438,44566500.0
2023-10-30,123.20999908447266,125.4000015258789,122.75,124.45999908447266,123.43978118896484,28940100.0
2023-10-31,125.05999755859375,125.37000274658203,122.69000244140625,124.08000183105469,123.06289672851562,26292300.0
2023-11-01,124.06999969482422,126.48999786376953,123.72000122070312,126.44999694824219,125.41345977783203,30082400.0
2023-11-02,128.4199981689453,128.97999572753906,126.93000030517578,127.48999786376953,126.44493865966797,27124600.0
2023-11-03,128.02000427246094,129.52999877929688,127.86000061035156,129.10000610351562,128.04176330566406,26393100.0
2023-11-06,129.0500030517578,130.33999633789062,128.6699981689453,130.25,129.1822967529297,19052700.0
2023-11-07,130.7100067138672,131.91000366210938,129.8800048828125,130.97000122070312,129.8964080810547,29757300.0
2023-11-08,130.97000122070312,132.2100067138672,130.77999877929688,131.83999633789062,130.75926208496094,26425800.0
2023-11-09,131.9600067138672,132.5500030517578,130.07000732421875,130.24000549316406,129.1724090576172,23747800.0
2023-11-10,130.10000610351562,132.8000030517578,129.41000366210938,132.58999633789062,131.50311279296875,26913300.0
2023-11-13,131.77999877929688,132.58999633789062,131.25,132.08999633789062,131.00723266601562,18324800.0
2023-11-14,134.19000244140625,135.6999969482422,133.32000732421875,133.6199951171875,132.52467346191406,32395200.0
2023-11-15,134.8699951171875,135.02999877929688,133.57000732421875,134.6199951171875,133.51646423339844,23861500.0
2023-11-16,135.19000244140625,137.22000122070312,134.32000732421875,136.92999267578125,135.80755615234375,28013200.0
2023-11-17,136.0,136.05999755859375,133.64999389648438,135.30999755859375,134.20082092285156,37240600.0
2023-11-20,133.69000244140625,136.66000366210938,133.6199951171875,136.25,135.13314819335938,27815500.0
2023-11-21,136.2899932861328,137.17999267578125,135.9600067138672,136.97000122070312,135.8472442626953,22635300.0
2023-11-22,137.47000122070312,139.4199981689453,137.47000122070312,138.49000549316406,137.35476684570312,17813900.0
2023-11-23,137.47000122070312,139.4199981689453,137.47000122070312,138.49000549316406,137.35476684570312,17813900.0
2023-11-24,138.02999877929688,138.1300048828125,135.99000549316406,136.69000244140625,135.5695343017578,12514300.0
2023-11-27,136.02999877929688,138.4199981689453,136.0,136.41000366210938,135.2918243408203,23436500.0
2023-11-28,136.0800018310547,137.25,135.4199981689453,137.1999969482422,136.07533264160156,18730000.0
2023-11-29,137.57000732421875,138.2899932861328,134.83999633789062,134.99000549316406,133.88345336914062,23967200.0
2023-11-30,135.0500030517578,135.5500030517578,131.27999877929688,132.52999877929688,131.44361877441406,38988300.0
2023-12-01,131.86000061035156,132.11000061035156,130.6699981689453,131.86000061035156,130.77914428710938,31442300.0
2023-12-04,129.8800048828125,130.02999877929688,127.9000015258789,129.27000427246094,128.21035766601562,36669900.0
2023-12-05,128.9499969482422,132.13999938964844,128.25,130.99000549316406,129.916259765625,27384800.0
2023-12-06,131.44000244140625,131.83999633789062,129.8800048828125,130.02000427246094,128.95420837402344,23576200.0
2023-12-07,135.0399932861328,138.55999755859375,134.6999969482422,136.92999267578125,135.80755615234375,56767100.0
2023-12-08,134.1999969482422,136.39999389648438,134.02999877929688,134.99000549316406,133.88345336914062,32260100.0
2023-12-11,132.3800048828125,133.33999633789062,131.36000061035156,133.2899932861328,132.1973876953125,31138000.0
2023-12-12,131.80999755859375,133.0,131.25999450683594,132.52000427246094,131.4337158203125,29032800.0
2023-12-13,133.3800048828125,133.5,131.57000732421875,132.57000732421875,131.48330688476562,30104800.0
2023-12-14,133.3800048828125,133.72000122070312,129.69000244140625,131.94000244140625,130.85845947265625,38722400.0
2023-12-15,131.6199951171875,133.50999450683594,131.17999267578125,132.60000610351562,131.51304626464844,50847100.0
2023-12-18,132.6300048828125,137.14999389648438,132.42999267578125,135.8000030517578,134.68679809570312,32258000.0
2023-12-19,136.83999633789062,137.47000122070312,136.0800018310547,136.64999389648438,135.5298309326172,25476800.0
2023-12-20,138.97000122070312,141.6999969482422,138.07000732421875,138.33999633789062,137.20599365234375,49107200.0
2023-12-21,139.49000549316406,140.69000244140625,139.17999267578125,140.4199981689453,139.26895141601562,27488300.0
2023-12-22,140.77000427246094,141.99000549316406,140.7100067138672,141.49000549316406,140.3301544189453,26532200.0
2023-12-25,140.77000427246094,141.99000549316406,140.7100067138672,141.49000549316406,140.3301544189453,26532200.0
2023-12-26,141.58999633789062,142.67999267578125,141.19000244140625,141.52000427246094,140.3599395751953,16780300.0
2023-12-27,141.58999633789062,142.0800018310547,139.88999938964844,140.3699951171875,139.2193603515625,19628600.0
2023-12-28,140.77999877929688,141.13999938964844,139.75,140.22999572753906,139.08050537109375,16045700.0
2023-12-29,139.6300048828125,140.36000061035156,138.77999877929688,139.69000244140625,138.544921875,18733000.0
2024-01-01,139.6300048828125,140.36000061035156,138.77999877929688,139.69000244140625,138.544921875,18733000.0
2024-01-02,138.5500030517578,139.4499969482422,136.47999572753906,138.1699981689453,137.03738403320312,23711200.0
2024-01-03,137.25,139.6300048828125,137.0800018310547,138.9199981689453,137.78125,24212100.0
2024-01-04,138.4199981689453,139.16000366210938,136.35000610351562,136.38999938964844,135.27197265625,27137700.0
2024-01-05,136.75,137.16000366210938,135.14999389648438,135.72999572753906,134.61740112304688,22513900.0
2024-01-08,136.2899932861328,139.00999450683594,136.25999450683594,138.83999633789062,137.701904296875,21404000.0
2024-01-09,138.5,141.49000549316406,138.14999389648438,140.9499969482422,139.7946014404297,24759600.0
2024-01-10,141.0,143.0,140.91000366210938,142.27999877929688,141.11370849609375,21320200.0
2024-01-11,143.49000549316406,145.22000122070312,140.63999938964844,142.0800018310547,140.91534423828125,24008700.0
2024-01-12,142.6699981689453,143.1999969482422,141.82000732421875,142.64999389648438,141.4806671142578,18785500.0
2024-01-15,142.6699981689453,143.1999969482422,141.82000732421875,142.64999389648438,141.4806671142578,18785500.0
2024-01-16,142.0,144.35000610351562,141.4499969482422,142.49000549316406,141.32199096679688,22670500.0
2024-01-17,141.35000610351562,141.83999633789062,138.89999389648438,141.47000122070312,140.31036376953125,20968600.0
2024-01-18,142.0500030517578,144.2100067138672,141.99000549316406,143.47999572753906,142.3038787841797,25746400.0
2024-01-19,144.74000549316406,146.4499969482422,144.3800048828125,146.3800048828125,145.18011474609375,34271900.0
2024-01-22,147.10000610351562,148.38999938964844,145.83999633789062,145.99000549316406,144.7932891845703,32200400.0
2024-01-23,145.88999938964844,147.17999267578125,145.5,147.0399932861328,145.8346710205078,21636100.0
2024-01-24,148.5399932861328,149.85000610351562,148.10000610351562,148.6999969482422,147.4810791015625,25233500.0
2024-01-25,150.07000732421875,153.0500030517578,149.5399932861328,151.8699951171875,150.62509155273438,29149100.0
2024-01-26,151.10000610351562,152.5399932861328,151.00999450683594,152.19000244140625,150.94247436523438,26115500.0
2024-01-29,152.05999755859375,153.77999877929688,151.42999267578125,153.50999450683594,152.25161743164062,27784300.0
2024-01-30,152.8000030517578,153.6199951171875,151.19000244140625,151.4600067138672,150.2184295654297,36331800.0
2024-01-31,143.6199951171875,144.0,139.8699951171875,140.10000610351562,138.9515380859375,71910000.0
2024-02-01,142.1199951171875,143.05999755859375,140.7899932861328,141.16000366210938,140.0028839111328,40466500.0
2024-02-02,139.25999450683594,142.6199951171875,136.5,142.3800048828125,141.21287536621094,62499600.0
2024-02-05,142.82000732421875,145.47000122070312,142.77999877929688,143.67999267578125,142.50221252441406,38505400.0
2024-02-06,144.64999389648438,145.36000061035156,143.19000244140625,144.10000610351562,142.9187774658203,29128200.0
2024-02-07,144.75999450683594,145.6199951171875,143.92999267578125,145.5399932861328,144.34698486328125,25208900.0
2024-02-08,145.8300018310547,146.3300018310547,145.10000610351562,145.91000366210938,144.7139434814453,22563800.0
2024-02-09,146.67999267578125,149.44000244140625,146.17999267578125,149.0,147.7786102294922,26829500.0
2024-02-12,148.4199981689453,149.33999633789062,147.3699951171875,147.52999877929688,146.32064819335938,21564100.0
2024-02-13,144.9199981689453,146.6699981689453,143.69000244140625,145.13999938964844,143.9502716064453,27837700.0
2024-02-14,146.0800018310547,146.52000427246094,144.08999633789062,145.94000244140625,144.7436981201172,22704200.0
2024-02-15,143.13999938964844,143.52000427246094,140.4600067138672,142.77000427246094,141.59967041015625,37590700.0
2024-02-16,142.99000549316406,143.19000244140625,140.13999938964844,140.52000427246094,139.36813354492188,31468900.0
2024-02-19,142.99000549316406,143.19000244140625,140.13999938964844,140.52000427246094,139.36813354492188,31468900.0
2024-02-20,139.66000366210938,142.0800018310547,139.49000549316406,141.1199951171875,139.9632110595703,25144700.0
2024-02-21,141.4499969482422,142.69000244140625,140.67999267578125,142.5500030517578,141.38148498535156,23223300.0
2024-02-22,144.92999267578125,145.0,142.8000030517578,144.08999633789062,142.9088592529297,27191900.0
2024-02-23,143.6699981689453,144.67999267578125,143.42999267578125,143.9600067138672,142.77993774414062,19493800.0
2024-02-26,142.13999938964844,142.44000244140625,137.38999938964844,137.57000732421875,136.44232177734375,53641800.0
2024-02-27,138.02000427246094,139.25,137.08999633789062,138.8800048828125,137.74156188964844,33099200.0
2024-02-28,137.89999389648438,138.00999450683594,135.41000366210938,136.3800048828125,135.26206970214844,37328600.0
2024-02-29,137.27999877929688,138.86000061035156,136.39999389648438,138.4600067138672,137.32501220703125,42133000.0
2024-03-01,138.42999267578125,138.8699951171875,136.9199981689453,137.13999938964844,136.01583862304688,31151100.0
2024-03-04,135.66000366210938,135.66000366210938,131.91000366210938,133.35000610351562,132.25689697265625,55999400.0
2024-03-05,131.8800048828125,133.24000549316406,130.6699981689453,132.6699981689453,131.58248901367188,40194800.0
2024-03-06,133.1199951171875,133.5800018310547,130.85000610351562,131.39999389648438,130.32286071777344,35318600.0
2024-03-07,132.7899932861328,134.94000244140625,131.61000061035156,134.3800048828125,133.27845764160156,37738200.0
2024-03-08,134.2100067138672,138.08999633789062,134.0,135.41000366210938,134.30001831054688,39370400.0
2024-03-11,136.1300048828125,139.10000610351562,136.1300048828125,137.6699981689453,136.54150390625,32437800.0
2024-03-12,137.02999877929688,139.3800048828125,137.02999877929688,138.5,137.3646697998047,27563400.0
2024-03-13,139.0,141.08999633789062,138.99000549316406,139.7899932861328,138.6440887451172,23347200.0
2024-03-14,141.19000244140625,143.58999633789062,140.4600067138672,143.10000610351562,141.92697143554688,42753400.0
2024-03-15,142.5,143.17999267578125,140.02999877929688,141.17999267578125,140.022705078125,49475400.0
2024-03-18,148.61000061035156,152.14999389648438,147.1699981689453,147.67999267578125,146.4694061279297,69273700.0
2024-03-19,148.16000366210938,148.7899932861328,146.0800018310547,147.02999877929688,145.82476806640625,24070400.0
2024-03-20,148.0,148.86000061035156,146.74000549316406,148.74000549316406,147.520751953125,21311500.0
2024-03-21,149.47000122070312,150.3699951171875,146.89999389648438,147.60000610351562,146.39010620117188,24755600.0
2024-03-22,149.1199951171875,151.5800018310547,148.97999572753906,150.77000427246094,149.53411865234375,29211800.0
2024-03-25,149.94000244140625,150.3800048828125,147.82000732421875,150.07000732421875,148.83985900878906,19229300.0
2024-03-26,150.22000122070312,152.25999450683594,149.97999572753906,150.6699981689453,149.43490600585938,22149100.0
2024-03-27,151.17999267578125,151.63999938964844,148.89999389648438,150.8699951171875,149.63327026367188,22879200.0
2024-03-28,150.85000610351562,151.42999267578125,150.1699981689453,150.92999267578125,149.6927947998047,24485400.0
2024-03-29,150.85000610351562,151.42999267578125,150.1699981689453,150.92999267578125,149.6927947998047,24485400.0
2024-04-01,150.69000244140625,155.74000549316406,150.61000061035156,155.49000549316406,154.21539306640625,31730800.0
2024-04-02,153.5,154.6999969482422,152.14999389648438,154.55999755859375,153.2930450439453,24586000.0
2024-04-03,153.60000610351562,155.0800018310547,152.72999572753906,154.9199981689453,153.65008544921875,24705000.0
2024-04-04,153.5,154.77000427246094,150.4499969482422,150.52999877929688,149.2960662841797,34724700.0
2024-04-05,150.02999877929688,153.4199981689453,149.60000610351562,152.5,151.24990844726562,23459200.0
2024-04-08,152.77999877929688,155.27000427246094,152.61000061035156,154.85000610351562,153.58065795898438,20702000.0
2024-04-09,156.08999633789062,158.55999755859375,155.19000244140625,156.60000610351562,155.3163299560547,31079500.0
2024-04-10,156.2100067138672,156.61000061035156,154.67999267578125,156.13999938964844,154.8600616455078,22838600.0
2024-04-11,156.91000366210938,159.67999267578125,156.4600067138672,159.41000366210938,158.10325622558594,27166400.0
2024-04-12,157.9600067138672,160.22000122070312,157.13999938964844,157.72999572753906,156.4370574951172,25353700.0
2024-04-15,158.86000061035156,159.24000549316406,154.58999633789062,154.86000061035156,153.59059143066406,27136500.0
2024-04-16,154.19000244140625,155.64999389648438,153.42999267578125,154.39999389648438,153.13433837890625,20779500.0
2024-04-17,155.6199951171875,157.0800018310547,154.5800018310547,155.47000122070312,154.19558715820312,21763100.0
2024-04-18,155.33999633789062,156.94000244140625,154.6199951171875,156.00999450683594,154.7311248779297,19883000.0
2024-04-19,156.1999969482422,156.36000061035156,152.3000030517578,154.08999633789062,152.826904296875,32615600.0
2024-04-22,154.30999755859375,157.63999938964844,154.05999755859375,156.27999877929688,154.9989471435547,26446200.0
2024-04-23,156.9600067138672,158.97000122070312,156.27999877929688,158.25999450683594,156.9626922607422,21151600.0
2024-04-24,157.49000549316406,159.57000732421875,157.1699981689453,159.1300048828125,157.82557678222656,22779100.0
2024-04-25,151.3300018310547,156.49000549316406,150.8699951171875,156.0,154.72122192382812,57109700.0
2024-04-26,174.3699951171875,174.7100067138672,169.64999389648438,171.9499969482422,170.5404815673828,64665300.0
2024-04-29,169.05999755859375,169.5500030517578,165.2100067138672,166.14999389648438,164.7880401611328,45610000.0
2024-04-30,165.61000061035156,168.10000610351562,162.60000610351562,162.77999877929688,161.44566345214844,33562900.0
2024-05-01,164.3000030517578,167.1199951171875,163.08999633789062,163.86000061035156,162.5167999267578,33493200.0
2024-05-02,164.7899932861328,166.72999572753906,163.88999938964844,166.6199951171875,165.254150390625,24294500.0
2024-05-03,167.55999755859375,167.9600067138672,163.0500030517578,167.24000549316406,165.86911010742188,34662400.0
2024-05-06,167.4600067138672,168.13999938964844,166.02999877929688,168.10000610351562,166.7220458984375,21871300.0
2024-05-07,168.5,171.75999450683594,168.38999938964844,171.25,169.84620666503906,28039700.0
2024-05-08,169.0,170.14999389648438,168.74000549316406,169.3800048828125,167.9915771484375,19569100.0
2024-05-09,169.38999938964844,170.69000244140625,168.17999267578125,169.9600067138672,168.56680297851562,15346700.0
2024-05-10,168.02999877929688,169.85000610351562,166.19000244140625,168.64999389648438,167.26751708984375,29799900.0
2024-05-13,164.25999450683594,169.27999877929688,164.0,169.13999938964844,167.7535400390625,31327600.0
2024-05-14,169.77000427246094,171.25,168.8000030517578,170.33999633789062,168.9436798095703,25127100.0
2024-05-15,170.6300048828125,172.64999389648438,170.50999450683594,172.50999450683594,171.09588623046875,26948400.0
2024-05-16,173.2899932861328,175.1199951171875,172.69000244140625,174.17999267578125,172.75218200683594,27867900.0
2024-05-17,174.17999267578125,176.27000427246094,173.69000244140625,176.05999755859375,174.61680603027344,24479300.0
2024-05-20,176.19000244140625,178.77000427246094,176.0800018310547,176.9199981689453,175.46974182128906,22554400.0
2024-05-21,176.89999389648438,178.14999389648438,175.80999755859375,177.85000610351562,176.39210510253906,16989400.0
2024-05-22,176.63999938964844,177.14999389648438,175.2100067138672,176.3800048828125,174.93417358398438,17880000.0
2024-05-23,177.07000732421875,178.25,172.9499969482422,173.5500030517578,172.1273651123047,21024900.0
2024-05-24,174.97999572753906,175.77000427246094,173.64999389648438,174.99000549316406,173.55557250976562,16579400.0
2024-05-27,174.97999572753906,175.77000427246094,173.64999389648438,174.99000549316406,173.55557250976562,16579400.0
2024-05-28,174.4499969482422,177.27000427246094,174.3699951171875,176.39999389648438,174.95399475097656,20572200.0
2024-05-29,175.42999267578125,176.83999633789062,174.72000122070312,175.89999389648438,174.45809936523438,23388700.0
2024-05-30,175.1999969482422,175.22000122070312,171.7899932861328,172.11000061035156,170.69918823242188,22931500.0
2024-05-31,171.86000061035156,173.05999755859375,169.44000244140625,172.5,171.08596801757812,37638900.0
2024-06-03,172.5399932861328,174.52999877929688,171.16000366210938,173.1699981689453,171.75047302246094,27459100.0
2024-06-04,173.27999877929688,173.85000610351562,171.88999938964844,173.7899932861328,172.3654022216797,26879600.0
2024-06-05,175.1999969482422,176.64999389648438,173.92999267578125,175.41000366210938,173.9721221923828,22068500.0
2024-06-06,175.89999389648438,177.14999389648438,175.75,176.72999572753906,175.28128051757812,23251000.0
2024-06-07,177.0500030517578,177.8699951171875,174.3000030517578,174.4600067138672,173.0299072265625,19661400.0
2024-06-10,174.97000122070312,177.05999755859375,172.75999450683594,175.00999450683594,173.7746124267578,23726700.0
2024-06-11,176.22000122070312,176.83999633789062,173.77000427246094,176.6199951171875,175.3732452392578,21540600.0
2024-06-12,178.25,180.41000366210938,176.11000061035156,177.7899932861328,176.53497314453125,27864700.0
2024-06-13,176.11000061035156,176.74000549316406,174.8800048828125,175.16000366210938,173.92356872558594,20913300.0
2024-06-14,174.22000122070312,177.05999755859375,174.14999389648438,176.7899932861328,175.5420379638672,18063600.0
2024-06-17,175.4600067138672,178.36000061035156,174.80999755859375,177.24000549316406,175.98887634277344,19618500.0
2024-06-18,177.13999938964844,177.38999938964844,174.10000610351562,175.08999633789062,173.8540496826172,21869900.0
2024-06-19,177.13999938964844,177.38999938964844,174.10000610351562,175.08999633789062,173.8540496826172,21869900.0
2024-06-20,175.3699951171875,177.2899932861328,174.99000549316406,176.3000030517578,175.05551147460938,20160100.0
2024-06-21,177.0,180.85000610351562,176.61000061035156,179.6300048828125,178.36199951171875,57759000.0
2024-06-24,180.16000366210938,180.88999938964844,178.6699981689453,179.22000122070312,177.95489501953125,18298000.0
2024-06-25,179.6199951171875,184.2899932861328,179.4199981689453,184.02999877929688,182.73094177246094,23130200.0
2024-06-26,182.6300048828125,184.50999450683594,182.47999572753906,183.8800048828125,182.58200073242188,19839000.0
2024-06-27,184.17999267578125,186.0500030517578,184.02000427246094,185.41000366210938,184.10121154785156,18848900.0
2024-06-28,184.32000732421875,185.1300048828125,181.9600067138672,182.14999389648438,180.86419677734375,29156600.0
2024-07-01,183.02999877929688,183.8800048828125,181.3000030517578,182.99000549316406,181.69827270507812,16006100.0
2024-07-02,182.0500030517578,185.57000732421875,181.55999755859375,185.24000549316406,183.93240356445312,17372500.0
2024-07-03,184.85000610351562,186.08999633789062,184.0,185.82000732421875,184.50830078125,10242100.0
2024-07-04,184.85000610351562,186.08999633789062,184.0,185.82000732421875,184.50830078125,10242100.0
2024-07-05,185.86000061035156,190.86000061035156,185.8000030517578,190.60000610351562,189.25457763671875,20967500.0
2024-07-08,189.89999389648438,190.1699981689453,187.77999877929688,189.02999877929688,187.6956329345703,21035900.0
2024-07-09,190.30999755859375,191.36000061035156,188.72000122070312,188.97999572753906,187.64598083496094,15121400.0
2024-07-10,189.14999389648438,191.75,189.02999877929688,191.17999267578125,189.83045959472656,15952500.0
2024-07-11,189.85000610351562,190.86000061035156,185.0800018310547,185.57000732421875,184.2600860595703,25625800.0
2024-07-12,185.0800018310547,187.11000061035156,184.49000549316406,185.07000732421875,183.7635955810547,22898400.0
2024-07-15,184.9199981689453,188.24000549316406,184.9199981689453,186.52999877929688,185.21327209472656,16474000.0
2024-07-16,187.36000061035156,188.67999267578125,183.3699951171875,183.9199981689453,182.6217041015625,18290700.0
2024-07-17,182.97000122070312,183.5500030517578,179.89999389648438,181.02000427246094,179.74217224121094,20734100.0
2024-07-18,181.92999267578125,182.5,176.47000122070312,177.69000244140625,176.43568420410156,25315700.0
2024-07-19,178.8800048828125,180.2899932861328,177.1300048828125,177.66000366210938,176.40589904785156,18881900.0
2024-07-22,180.58999633789062,182.6999969482422,180.22999572753906,181.6699981689453,180.38758850097656,24100300.0
2024-07-23,182.0500030517578,183.61000061035156,181.5399932861328,181.7899932861328,180.50672912597656,36352700.0
2024-07-24,173.60000610351562,176.19000244140625,171.82000732421875,172.6300048828125,171.4114227294922,49585200.0
2024-07-25,172.52000427246094,173.4199981689453,167.19000244140625,167.27999877929688,166.0991668701172,44852000.0
2024-07-26,167.14999389648438,168.08999633789062,164.05999755859375,167.0,165.82115173339844,41336900.0
2024-07-29,168.8300018310547,170.42999267578125,167.99000549316406,169.52999877929688,168.3332977294922,20293800.0
2024-07-30,170.24000549316406,171.22999572753906,168.44000244140625,170.2899932861328,169.08792114257812,18959700.0
2024-07-31,173.24000549316406,174.25,170.00999450683594,171.5399932861328,170.32908630371094,25729100.0
2024-08-01,170.25,174.0500030517578,168.8800048828125,170.75999450683594,169.55462646484375,24531400.0
2024-08-02,166.44000244140625,168.50999450683594,164.6699981689453,166.66000366210938,165.4835662841797,29130100.0
2024-08-05,155.5,164.42999267578125,154.92999267578125,159.25,158.1258544921875,53630700.0
2024-08-06,159.3300018310547,160.57000732421875,156.41000366210938,158.2899932861328,157.17262268066406,49004600.0
2024-08-07,161.25,162.97999572753906,158.47000122070312,158.94000244140625,157.81805419921875,25138600.0
2024-08-08,160.50999450683594,163.69000244140625,160.2100067138672,162.02999877929688,160.88623046875,25578800.0
2024-08-09,160.00999450683594,163.7899932861328,159.05999755859375,163.6699981689453,162.5146484375,28602300.0
2024-08-12,164.35000610351562,164.89999389648438,161.83999633789062,162.2899932861328,161.14439392089844,15895300.0
2024-08-13,163.41000366210938,164.72999572753906,162.97000122070312,164.16000366210938,163.00120544433594,18551700.0
2024-08-14,162.39999389648438,163.22000122070312,157.7100067138672,160.3699951171875,159.23794555664062,40591100.0
2024-08-15,160.5,161.63999938964844,159.61000061035156,161.3000030517578,160.161376953125,31524300.0
2024-08-16,161.47000122070312,165.05999755859375,161.1300048828125,162.9600067138672,161.80967712402344,24208600.0
2024-08-19,165.27999877929688,166.69000244140625,164.25999450683594,166.6699981689453,165.49346923828125,22416200.0
2024-08-20,166.89999389648438,168.63999938964844,166.82000732421875,167.17999267578125,165.99989318847656,18341500.0
2024-08-21,165.14999389648438,166.85000610351562,164.6699981689453,165.85000610351562,164.6792755126953,22902000.0
2024-08-22,167.25999450683594,167.58999633789062,163.30999755859375,163.8000030517578,162.6437530517578,22493300.0
2024-08-23,164.72000122070312,166.17999267578125,163.8300018310547,165.6199951171875,164.4508819580078,13955700.0
2024-08-26,166.3800048828125,167.5500030517578,164.4600067138672,166.16000366210938,164.98707580566406,14190400.0
2024-08-27,165.83999633789062,166.44000244140625,164.4600067138672,164.67999267578125,163.51751708984375,11821900.0
2024-08-28,165.0399932861328,165.60000610351562,161.52999877929688,162.85000610351562,161.700439453125,16407400.0
2024-08-29,164.30999755859375,165.97000122070312,160.25,161.77999877929688,160.63800048828125,19699800.0
2024-08-30,162.6199951171875,163.66000366210938,161.69000244140625,163.3800048828125,162.22671508789062,22123800.0
2024-09-02,162.6199951171875,163.66000366210938,161.69000244140625,163.3800048828125,162.22671508789062,22123800.0
2024-09-03,161.72000122070312,161.85000610351562,156.47999572753906,157.36000061035156,156.24920654296875,38945300.0
2024-09-04,156.66000366210938,159.0,155.9600067138672,156.4499969482422,155.34564208984375,19353800.0
2024-09-05,156.3000030517578,159.4499969482422,155.97999572753906,157.24000549316406,156.13003540039062,18688700.0
2024-09-06,157.3000030517578,157.8300018310547,150.5500030517578,150.9199981689453,149.85464477539062,37912100.0
2024-09-09,152.50999450683594,153.39999389648438,147.22000122070312,148.7100067138672,147.856201171875,39260500.0
2024-09-10,150.4499969482422,151.27000427246094,148.33999633789062,148.66000366210938,147.80650329589844,31118800.0
2024-09-11,149.9199981689453,151.5,147.52000427246094,151.16000366210938,150.29212951660156,29607700.0
2024-09-12,153.8000030517578,154.82000732421875,152.64999389648438,154.69000244140625,153.8018798828125,29621500.0
2024-09-13,155.42999267578125,158.3800048828125,155.2100067138672,157.4600067138672,156.5559844970703,29591200.0
2024-09-16,157.30999755859375,158.25,156.60000610351562,158.05999755859375,157.1525115966797,18379800.0
2024-09-17,159.02000427246094,160.5500030517578,158.3800048828125,159.32000732421875,158.40528869628906,20715600.0
2024-09-18,159.86000061035156,160.5,158.60000610351562,159.80999755859375,158.89248657226562,23677300.0
2024-09-19,163.7100067138672,163.7899932861328,161.33999633789062,162.13999938964844,161.20909118652344,26587700.0
2024-09-20,163.5,163.72999572753906,162.05999755859375,163.58999633789062,162.65077209472656,40896400.0
2024-09-23,164.35000610351562,165.49000549316406,161.6699981689453,161.85000610351562,160.92076110839844,24150900.0
2024-09-24,163.02999877929688,163.22000122070312,160.69000244140625,162.2899932861328,161.35821533203125,23332100.0
2024-09-25,161.47000122070312,162.80999755859375,161.3000030517578,161.49000549316406,160.56283569335938,18869200.0
2024-09-26,163.63999938964844,164.0800018310547,162.27999877929688,162.72999572753906,161.79568481445312,20319300.0
2024-09-27,162.80999755859375,165.6999969482422,162.6300048828125,163.9499969482422,163.00869750976562,21101300.0
2024-09-30,163.32000732421875,166.14999389648438,163.25999450683594,165.85000610351562,164.89779663085938,20413900.0
2024-10-01,167.69000244140625,169.16000366210938,164.5800018310547,166.99000549316406,166.03126525878906,28338100.0
2024-10-02,166.4199981689453,167.52000427246094,164.72999572753906,165.86000061035156,164.90774536132812,17760200.0
2024-10-03,164.41000366210938,166.63999938964844,163.9199981689453,165.86000061035156,164.90774536132812,15073100.0
2024-10-04,168.05999755859375,168.22999572753906,165.47999572753906,167.05999755859375,166.10086059570312,19047400.0
2024-10-07,167.72000122070312,168.47999572753906,162.75,162.97999572753906,162.04428100585938,22463100.0
2024-10-08,163.94000244140625,164.72999572753906,162.8699951171875,164.3800048828125,163.4362335205078,23072700.0
2024-10-09,163.4499969482422,164.83999633789062,159.74000549316406,161.86000061035156,160.93069458007812,31181800.0
2024-10-10,160.8699951171875,163.07000732421875,160.39999389648438,162.0800018310547,161.14944458007812,14144100.0
2024-10-11,162.1300048828125,163.89999389648438,161.24000549316406,163.24000549316406,162.30276489257812,15344300.0
2024-10-14,163.63999938964844,166.22999572753906,163.39999389648438,164.9600067138672,164.0128936767578,19016100.0
2024-10-15,165.7899932861328,167.67999267578125,164.6300048828125,165.4600067138672,164.5100555419922,20247200.0
2024-10-16,164.52999877929688,165.8000030517578,163.74000549316406,165.16000366210938,164.21176147460938,16406000.0
2024-10-17,165.72999572753906,166.3699951171875,162.75999450683594,162.92999267578125,161.99456787109375,21453400.0
2024-10-18,163.19000244140625,164.7100067138672,163.0800018310547,163.4199981689453,162.48175048828125,19757700.0
2024-10-21,162.9499969482422,164.5,162.6199951171875,164.07000732421875,163.12802124023438,20946500.0
2024-10-22,162.97999572753906,165.77000427246094,162.97999572753906,165.13999938964844,164.19186401367188,16568100.0
2024-10-23,164.75999450683594,165.82000732421875,161.92999267578125,162.77999877929688,161.84544372558594,18280500.0
2024-10-24,162.8300018310547,163.3300018310547,161.00999450683594,162.72000122070312,161.78575134277344,22412500.0
2024-10-25,163.6699981689453,165.58999633789062,163.4199981689453,165.27000427246094,164.3211212158203,19828900.0
2024-10-28,168.75,168.75,163.9499969482422,166.72000122070312,165.76280212402344,32138600.0
2024-10-29,167.72999572753906,170.3800048828125,167.08999633789062,169.67999267578125,168.70579528808594,42169000.0
2024-10-30,180.67999267578125,182.02000427246094,174.05999755859375,174.4600067138672,173.45834350585938,68890800.0
2024-10-31,173.1300048828125,176.82000732421875,171.0,171.11000061035156,170.12759399414062,44769000.0
2024-11-01,170.07000732421875,172.32000732421875,168.8800048828125,171.2899932861328,170.30654907226562,31796500.0
2024-11-04,169.92999267578125,170.72999572753906,168.00999450683594,169.24000549316406,168.26834106445312,21492700.0
2024-11-05,169.42999267578125,170.52999877929688,168.83999633789062,169.74000549316406,168.7654571533203,18242100.0
2024-11-06,173.8000030517578,176.94000244140625,173.5,176.50999450683594,175.49658203125,33695500.0
2024-11-07,177.41000366210938,181.0800018310547,177.19000244140625,180.75,179.71226501464844,25352900.0
2024-11-08,180.64999389648438,180.89999389648438,178.0800018310547,178.35000610351562,177.32603454589844,22006200.0
2024-11-11,178.5800018310547,180.5500030517578,178.47000122070312,180.35000610351562,179.31454467773438,17450400.0
2024-11-12,179.82000732421875,182.49000549316406,179.38999938964844,181.6199951171875,180.57723999023438,25134900.0
2024-11-13,180.4600067138672,180.9600067138672,178.5399932861328,178.8800048828125,177.85301208496094,23184000.0
2024-11-14,178.27999877929688,178.82000732421875,174.32000732421875,175.5800018310547,174.57192993164062,31007500.0
2024-11-15,173.72999572753906,174.13999938964844,171.22000122070312,172.49000549316406,171.4996795654297,32504600.0
2024-11-18,173.4199981689453,175.44000244140625,172.89999389648438,175.3000030517578,174.2935333251953,20135300.0
2024-11-19,173.72000122070312,178.8699951171875,173.55999755859375,178.1199951171875,177.0973358154297,23434900.0
2024-11-20,177.33999633789062,177.67999267578125,173.77999877929688,175.97999572753906,174.96961975097656,18997100.0
2024-11-21,173.89999389648438,174.1300048828125,163.6999969482422,167.6300048828125,166.66758728027344,59734400.0
2024-11-22,165.85000610351562,166.4600067138672,163.89999389648438,164.75999450683594,163.81405639648438,38604600.0
2024-11-25,166.08999633789062,168.6300048828125,165.61000061035156,167.64999389648438,166.68743896484375,33135300.0
2024-11-26,167.6300048828125,169.82000732421875,167.5800018310547,169.1199951171875,168.14903259277344,20486700.0
2024-11-27,169.0,169.47999572753906,168.02000427246094,169.22999572753906,168.2583770751953,19266500.0
2024-11-28,169.0,169.47999572753906,168.02000427246094,169.22999572753906,168.2583770751953,19266500.0
2024-11-29,168.5,169.42999267578125,167.16000366210938,168.9499969482422,167.97998046875,14257200.0
2024-12-02,168.77000427246094,172.0800018310547,168.57000732421875,171.49000549316406,170.5054168701172,23789100.0
2024-12-03,171.49000549316406,172.67999267578125,170.85000610351562,171.33999633789062,170.35626220703125,22248700.0
2024-12-04,171.14999389648438,174.91000366210938,171.05999755859375,174.3699951171875,173.36886596679688,31615100.0
2024-12-05,175.36000061035156,176.05999755859375,172.3300018310547,172.63999938964844,171.6488037109375,21356200.0
2024-12-06,172.02999877929688,175.0800018310547,171.86000061035156,174.7100067138672,173.70693969726562,21462400.0
2024-12-09,173.9600067138672,176.25999450683594,173.64999389648438,175.3699951171875,174.56295776367188,25389600.0
2024-12-10,182.85000610351562,186.36000061035156,181.0500030517578,185.1699981689453,184.31788635253906,54813000.0
2024-12-11,185.30999755859375,195.61000061035156,184.85000610351562,195.39999389648438,194.50079345703125,67894100.0
2024-12-12,195.0,195.17999267578125,191.7100067138672,191.9600067138672,191.07662963867188,34817500.0
2024-12-13,191.00999450683594,192.72999572753906,189.63999938964844,189.82000732421875,188.94647216796875,25143500.0
2024-12-16,192.8699951171875,199.0,192.6199951171875,196.66000366210938,195.75498962402344,44934900.0
2024-12-17,197.25,201.4199981689453,194.97999572753906,195.4199981689453,194.52069091796875,43504000.0
2024-12-18,195.22000122070312,197.0,187.74000549316406,188.39999389648438,187.5330047607422,34166100.0
2024-12-19,191.6300048828125,193.02999877929688,188.3800048828125,188.50999450683594,187.64248657226562,32265200.0
2024-12-20,185.77999877929688,192.88999938964844,185.22000122070312,191.41000366210938,190.52914428710938,63462900.0
2024-12-23,192.6199951171875,195.10000610351562,190.14999389648438,194.6300048828125,193.73434448242188,25675000.0
2024-12-24,194.83999633789062,196.11000061035156,193.77999877929688,196.11000061035156,195.20751953125,10403300.0
2024-12-25,194.83999633789062,196.11000061035156,193.77999877929688,196.11000061035156,195.20751953125,10403300.0
2024-12-26,195.14999389648438,196.75,194.3800048828125,195.60000610351562,194.69989013671875,12046600.0
2024-12-27,194.9499969482422,195.32000732421875,190.64999389648438,192.75999450683594,191.87294006347656,18891400.0
2024-12-30,189.8000030517578,192.5500030517578,189.1199951171875,191.24000549316406,190.3599395751953,14264700.0
2024-12-31,191.0800018310547,191.9600067138672,188.50999450683594,189.3000030517578,188.42886352539062,17466900.0
2025-01-01,191.0800018310547,191.9600067138672,188.50999450683594,189.3000030517578,188.42886352539062,17466900.0
2025-01-02,190.64999389648438,192.0,187.5,189.42999267578125,188.55825805664062,20370800.0
2025-01-03,191.3699951171875,193.2100067138672,189.97999572753906,191.7899932861328,190.90740966796875,18596200.0
2025-01-06,193.97999572753906,198.22000122070312,193.85000610351562,196.8699951171875,195.96401977539062,29563600.0
2025-01-07,197.11000061035156,201.0,194.60000610351562,195.49000549316406,194.59039306640625,26487200.0
2025-01-08,192.57000732421875,196.2899932861328,192.3800048828125,193.9499969482422,193.05747985839844,24864800.0
2025-01-09,192.57000732421875,196.2899932861328,192.3800048828125,193.9499969482422,193.05747985839844,24864800.0
2025-01-10,194.3000030517578,196.52000427246094,190.30999755859375,192.0399932861328,191.15625,26665200.0
2025-01-13,190.07000732421875,191.17999267578125,187.36000061035156,191.00999450683594,190.1309814453125,21823700.0
2025-01-14,191.24000549316406,191.97999572753906,188.30999755859375,189.66000366210938,188.78720092773438,17174900.0
2025-01-15,193.08999633789062,196.36000061035156,191.86000061035156,195.5500030517578,194.6501007080078,21776000.0
2025-01-16,194.13999938964844,195.47999572753906,192.80999755859375,192.91000366210938,192.02223205566406,17815400.0
2025-01-17,196.52999877929688,197.22999572753906,193.75,196.0,195.0980224609375,27735100.0
2025-01-20,196.52999877929688,197.22999572753906,193.75,196.0,195.0980224609375,27735100.0
2025-01-21,199.07000732421875,202.2899932861328,197.8699951171875,198.0500030517578,197.1385955810547,29971300.0
2025-01-22,199.05999755859375,200.47999572753906,197.52999877929688,198.3699951171875,197.45712280273438,26200600.0
2025-01-23,198.13999938964844,200.3000030517578,195.1999969482422,197.97999572753906,197.06890869140625,26951400.0
2025-01-24,198.10000610351562,200.89999389648438,198.0,200.2100067138672,199.28866577148438,23877500.0
2025-01-27,192.41000366210938,196.8800048828125,190.72999572753906,191.80999755859375,190.92730712890625,41728900.0
2025-01-28,192.75,195.47999572753906,190.67999267578125,195.3000030517578,194.40126037597656,24157900.0
2025-01-29,195.55999755859375,196.7899932861328,193.42999267578125,195.41000366210938,194.51075744628906,18218300.0
2025-01-30,198.0,201.39999389648438,197.6699981689453,200.8699951171875,199.94561767578125,24354700.0
2025-01-31,202.0,205.47999572753906,201.8000030517578,204.02000427246094,203.0811309814453,32001100.0
2025-02-03,200.69000244140625,203.75,200.10000610351562,201.22999572753906,200.30393981933594,27838300.0
2025-02-04,203.38999938964844,207.0500030517578,202.80999755859375,206.3800048828125,205.43026733398438,43856400.0
2025-02-05,191.07000732421875,192.75,188.02999877929688,191.3300018310547,190.4495391845703,70373900.0
2025-02-06,189.5,192.10000610351562,188.72000122070312,191.60000610351562,190.71829223632812,29297400.0
2025-02-07,191.0500030517578,191.17999267578125,183.24000549316406,185.33999633789062,184.48707580566406,49315000.0
2025-02-10,187.35000610351562,188.1999969482422,185.86000061035156,186.47000122070312,185.6118927001953,23105600.0
2025-02-11,185.02999877929688,186.94000244140625,184.27999877929688,185.32000732421875,184.46719360351562,21239500.0
2025-02-12,183.22000122070312,185.11000061035156,181.8300018310547,183.61000061035156,182.7650604248047,22072600.0
2025-02-13,184.32000732421875,186.27999877929688,183.13999938964844,186.13999938964844,185.28341674804688,21402500.0
2025-02-14,185.05999755859375,186.39999389648438,184.32000732421875,185.22999572753906,184.37757873535156,20448400.0
2025-02-17,185.05999755859375,186.39999389648438,184.32000732421875,185.22999572753906,184.37757873535156,20448400.0
2025-02-18,185.60000610351562,185.9600067138672,181.74000549316406,183.77000427246094,182.92428588867188,29916700.0
2025-02-19,184.07000732421875,185.4600067138672,183.58999633789062,185.27000427246094,184.41741943359375,19549400.0
2025-02-20,184.8000030517578,185.30999755859375,182.72000122070312,184.55999755859375,183.71067810058594,20441500.0
2025-02-21,185.14999389648438,185.33999633789062,179.0800018310547,179.66000366210938,178.83322143554688,35199200.0
2025-02-24,181.99000549316406,183.1199951171875,178.88999938964844,179.25,178.4250946044922,29854200.0
2025-02-25,178.0399932861328,178.74000549316406,174.69000244140625,175.4199981689453,174.61273193359375,41913400.0
2025-02-26,175.07000732421875,176.0800018310547,171.5800018310547,172.72999572753906,171.93511962890625,35431300.0
2025-02-27,173.99000549316406,174.55999755859375,167.94000244140625,168.5,167.72457885742188,39991000.0
2025-02-28,168.67999267578125,170.61000061035156,166.77000427246094,170.27999877929688,169.49636840820312,48130600.0
2025-03-03,171.92999267578125,173.3699951171875,165.92999267578125,167.00999450683594,166.241455078125,40770500.0
2025-03-04,166.24000549316406,173.2899932861328,165.8000030517578,170.9199981689453,170.13345336914062,45388000.0
2025-03-05,170.52000427246094,173.77999877929688,169.05999755859375,173.02000427246094,172.22377014160156,30954900.0
2025-03-06,170.52999877929688,174.80999755859375,170.5,172.35000610351562,171.55686950683594,28302000.0
2025-03-07,171.25999450683594,174.97000122070312,170.27000427246094,173.86000061035156,173.05992126464844,27385800.0
2025-03-10,168.25999450683594,168.4600067138672,163.69000244140625,165.8699951171875,165.2968292236328,43604000.0
2025-03-11,164.91000366210938,166.75,161.3699951171875,164.0399932861328,163.47314453125,39587400.0
2025-03-12,166.5800018310547,167.63999938964844,163.52999877929688,167.11000061035156,166.5325469970703,28372400.0
2025-03-13,166.0399932861328,166.1300048828125,162.11000061035156,162.75999450683594,162.1975860595703,31756200.0
2025-03-14,163.27000427246094,166.49000549316406,162.4499969482422,165.49000549316406,164.91815185546875,31995900.0
2025-03-17,165.02999877929688,166.3000030517578,163.6699981689453,164.2899932861328,163.7222900390625,31184300.0
2025-03-18,163.67999267578125,164.25,156.72000122070312,160.6699981689453,160.1147918701172,42074800.0
2025-03-19,161.75999450683594,165.8699951171875,161.0,163.88999938964844,163.3236846923828,34275600.0
2025-03-20,161.57000732421875,164.88999938964844,160.9600067138672,162.8000030517578,162.23744201660156,28138500.0
2025-03-21,161.2100067138672,164.24000549316406,160.88999938964844,163.99000549316406,163.42333984375,36625800.0
2025-03-24,167.07000732421875,168.32000732421875,165.13999938964844,167.67999267578125,167.1005859375,30879100.0
2025-03-25,168.97999572753906,170.6300048828125,168.32000732421875,170.55999755859375,169.9706268310547,24174400.0
2025-03-26,169.0,169.61000061035156,164.83999633789062,165.05999755859375,164.4896240234375,28901600.0
2025-03-27,164.6300048828125,165.4199981689453,162.0,162.24000549316406,161.67938232421875,24508300.0
2025-03-28,160.49000549316406,161.82000732421875,153.6300048828125,154.3300018310547,153.79672241210938,48669300.0
2025-03-31,153.11000061035156,155.5399932861328,150.66000366210938,154.63999938964844,154.10565185546875,54603500.0
2025-04-01,153.6199951171875,158.10000610351562,153.6199951171875,157.07000732421875,156.52725219726562,30672900.0
2025-04-02,155.14999389648438,158.41000366210938,154.6999969482422,157.0399932861328,156.49732971191406,25041700.0
2025-04-03,151.11000061035156,152.77999877929688,150.38999938964844,150.72000122070312,150.19918823242188,46883400.0
2025-04-04,148.00999450683594,151.07000732421875,145.3800048828125,145.60000610351562,145.09689331054688,62259500.0
2025-04-07,141.5500030517578,152.85000610351562,140.52999877929688,146.75,146.24290466308594,76794100.0
2025-04-08,151.22000122070312,152.24000549316406,143.02999877929688,144.6999969482422,144.19998168945312,52200200.0
2025-04-09,144.4199981689453,159.5500030517578,143.91000366210938,158.7100067138672,158.16159057617188,70406200.0
2025-04-10,156.5399932861328,157.72000122070312,149.92999267578125,152.82000732421875,152.2919464111328,48022000.0
2025-04-11,152.89999389648438,157.6699981689453,152.82000732421875,157.13999938964844,156.59701538085938,33636200.0
2025-04-14,160.0,161.72000122070312,157.55999755859375,159.07000732421875,158.52035522460938,30333000.0
2025-04-15,159.1300048828125,159.64999389648438,155.2100067138672,156.30999755859375,155.76986694335938,27551500.0
2025-04-16,153.10000610351562,155.88999938964844,151.50999450683594,153.3300018310547,152.8001708984375,28187400.0
2025-04-17,154.2899932861328,154.67999267578125,148.5,151.16000366210938,150.63766479492188,33046600.0
2025-04-18,154.2899932861328,154.67999267578125,148.5,151.16000366210938,150.63766479492188,33046600.0
2025-04-21,148.8800048828125,148.9499969482422,146.10000610351562,147.6699981689453,147.15972900390625,26049100.0
2025-04-22,148.88999938964844,152.19000244140625,148.5399932861328,151.47000122070312,150.94659423828125,26971800.0
2025-04-23,155.61000061035156,157.52999877929688,153.80999755859375,155.35000610351562,154.8131866455078,31128800.0
2025-04-24,156.14999389648438,159.58999633789062,155.7899932861328,159.27999877929688,158.72959899902344,45894000.0
2025-04-25,165.07000732421875,166.10000610351562,161.0399932861328,161.9600067138672,161.40036010742188,56034000.0
2025-04-28,162.42999267578125,163.14999389648438,158.60000610351562,160.61000061035156,160.05502319335938,29745800.0
2025-04-29,160.32000732421875,160.74000549316406,157.52000427246094,160.16000366210938,159.60658264160156,26809000.0
2025-04-30,157.97999572753906,159.27000427246094,155.39999389648438,158.8000030517578,158.2512664794922,34981100.0
2025-05-01,160.4499969482422,161.9499969482422,158.91000366210938,161.3000030517578,160.74261474609375,30203200.0
2025-05-02,163.41000366210938,164.97000122070312,161.8699951171875,164.02999877929688,163.4632110595703,25715000.0
2025-05-05,163.0,165.38999938964844,162.72000122070312,164.2100067138672,163.64259338378906,21341800.0
2025-05-06,162.1699981689453,164.8000030517578,161.19000244140625,163.22999572753906,162.66595458984375,21277200.0
2025-05-07,164.0800018310547,165.0,147.83999633789062,151.3800048828125,150.85691833496094,127490100.0
2025-05-08,155.0,155.92999267578125,152.89999389648438,154.27999877929688,153.74688720703125,57498700.0
2025-05-09,154.1699981689453,155.0500030517578,152.1999969482422,152.75,152.22218322753906,32435300.0
2025-05-12,157.49000549316406,159.10000610351562,156.25,158.4600067138672,157.91244506835938,44138800.0
2025-05-13,158.7899932861328,160.57000732421875,156.16000366210938,159.52999877929688,158.97874450683594,42382100.0
2025-05-14,159.9600067138672,167.0,159.61000061035156,165.3699951171875,164.79855346679688,48755900.0
2025-05-15,165.83999633789062,166.2100067138672,162.3699951171875,163.9600067138672,163.39344787597656,33146700.0
2025-05-16,167.72999572753906,169.35000610351562,165.6199951171875,166.19000244140625,165.61572265625,42846900.0
2025-05-19,164.50999450683594,166.63999938964844,164.22000122070312,166.5399932861328,165.96450805664062,30426100.0
2025-05-20,166.42999267578125,168.5,162.89999389648438,163.97999572753906,163.4133758544922,46607700.0
2025-05-21,163.69000244140625,173.13999938964844,163.55999755859375,168.55999755859375,167.9775390625,73416000.0
2025-05-22,171.85000610351562,176.77000427246094,170.7100067138672,170.8699951171875,170.27955627441406,74864400.0
2025-05-23,169.05999755859375,169.9600067138672,167.88999938964844,168.47000122070312,167.8878631591797,35211400.0
2025-05-26,169.05999755859375,169.9600067138672,167.88999938964844,168.47000122070312,167.8878631591797,35211400.0
2025-05-27,170.16000366210938,173.1699981689453,170.0,172.89999389648438,172.30255126953125,37995700.0
2025-05-28,173.16000366210938,175.27000427246094,171.91000366210938,172.36000061035156,171.76441955566406,34784000.0
2025-05-29,174.0,174.4199981689453,170.6300048828125,171.86000061035156,171.26614379882812,29317300.0
2025-05-30,171.35000610351562,172.2100067138672,167.44000244140625,171.74000549316406,171.1465606689453,52639900.0
2025-06-02,167.83999633789062,169.8699951171875,167.38999938964844,169.02999877929688,168.4459228515625,38612300.0
2025-06-03,167.49000549316406,168.47999572753906,165.27999877929688,166.17999267578125,165.60577392578125,45084900.0
2025-06-04,166.74000549316406,168.22000122070312,166.36000061035156,168.0500030517578,167.46929931640625,26900800.0
2025-06-05,170.33999633789062,170.92999267578125,167.58999633789062,168.2100067138672,167.62876892089844,36379100.0
2025-06-06,170.8300018310547,174.5,170.8300018310547,173.67999267578125,173.079833984375,35731800.0
2025-06-09,174.5399932861328,176.47000122070312,174.3699951171875,176.08999633789062,175.69395446777344,28935900.0
2025-06-10,176.1999969482422,181.11000061035156,174.91000366210938,178.60000610351562,178.19833374023438,61766100.0
2025-06-11,179.77000427246094,180.3699951171875,176.75,177.35000610351562,176.9511260986328,31646800.0
2025-06-12,176.17999267578125,176.72000122070312,174.75,175.6999969482422,175.30484008789062,20941900.0
2025-06-13,172.44000244140625,177.1300048828125,172.38999938964844,174.6699981689453,174.27716064453125,27663100.0
2025-06-16,174.72999572753906,176.94000244140625,174.64999389648438,176.77000427246094,176.3724365234375,27389200.0
2025-06-17,175.6999969482422,177.36000061035156,174.5800018310547,175.9499969482422,175.5542755126953,24973000.0
2025-06-18,176.00999450683594,176.55999755859375,173.1999969482422,173.32000732421875,172.93020629882812,28707500.0
2025-06-19,176.00999450683594,176.55999755859375,173.1999969482422,173.32000732421875,172.93020629882812,28707500.0
2025-06-20,173.9499969482422,174.33999633789062,165.4600067138672,166.63999938964844,166.26522827148438,75659900.0
2025-06-23,166.27000427246094,167.33999633789062,162.0,165.19000244140625,164.8184814453125,57671000.0
2025-06-24,166.9199981689453,168.22000122070312,166.1300048828125,166.77000427246094,166.3949432373047,40524300.0
2025-06-25,167.6300048828125,172.36000061035156,167.5500030517578,170.67999267578125,170.29612731933594,35479000.0
2025-06-26,172.42999267578125,173.69000244140625,169.94000244140625,173.5399932861328,173.14968872070312,31796700.0
2025-06-27,173.5399932861328,178.67999267578125,171.72999572753906,178.52999877929688,178.12847900390625,108140200.0
2025-06-30,180.77999877929688,181.22999572753906,174.5800018310547,176.22999572753906,175.83364868164062,63378900.0
2025-07-01,175.74000549316406,176.08999633789062,173.52999877929688,175.83999633789062,175.44451904296875,35904500.0
2025-07-02,175.5399932861328,178.86000061035156,175.07000732421875,178.63999938964844,178.23822021484375,29128900.0
2025-07-03,178.5,179.6699981689453,177.0500030517578,179.52999877929688,179.126220703125,21689700.0
2025-07-04,178.5,179.6699981689453,177.0500030517578,179.52999877929688,179.126220703125,21689700.0
2025-07-07,179.05999755859375,179.3000030517578,175.67999267578125,176.7899932861328,176.3923797607422,34175600.0
2025-07-08,177.85000610351562,177.9499969482422,172.80999755859375,174.36000061035156,173.9678497314453,40442500.0
2025-07-09,175.25,179.44000244140625,172.77000427246094,176.6199951171875,176.2227783203125,43025600.0
2025-07-10,175.6300048828125,178.42999267578125,174.3800048828125,177.6199951171875,177.22052001953125,29252400.0
2025-07-11,176.7899932861328,181.42999267578125,176.47999572753906,180.19000244140625,179.7847442626953,34282900.0
2025-07-14,181.00999450683594,183.6699981689453,179.67999267578125,181.55999755859375,181.15164184570312,32536600.0
2025-07-15,182.80999755859375,184.22000122070312,181.60000610351562,182.0,181.59068298339844,33448300.0
2025-07-16,183.24000549316406,184.3300018310547,182.02999877929688,182.97000122070312,182.55848693847656,33104200.0
2025-07-17,182.13999938964844,184.05999755859375,180.47999572753906,183.5800018310547,183.1671142578125,31992600.0
2025-07-18,185.39999389648438,186.4199981689453,183.7100067138672,185.05999755859375,184.64378356933594,34014500.0
2025-07-21,186.25,190.2899932861328,186.14999389648438,190.10000610351562,189.67245483398438,45803100.0
2025-07-22,191.5,191.64999389648438,187.4600067138672,191.33999633789062,190.90966796875,44660200.0
2025-07-23,191.5,192.52999877929688,189.17999267578125,190.22999572753906,189.8021697998047,58681900.0
2025-07-24,197.02999877929688,197.9499969482422,191.0,192.1699981689453,191.73780822753906,74881700.0
2025-07-25,191.97999572753906,194.3300018310547,191.25999450683594,193.17999267578125,192.74551391601562,39785900.0
2025-07-28,193.64999389648438,194.0500030517578,190.83999633789062,192.5800018310547,192.14688110351562,38139500.0
2025-07-29,192.42999267578125,195.9199981689453,192.0800018310547,195.75,195.3097381591797,41389200.0
2025-07-30,195.60000610351562,197.60000610351562,194.69000244140625,196.52999877929688,196.08799743652344,32445400.0
2025-07-31,195.7100067138672,195.99000549316406,191.08999633789062,191.89999389648438,191.46839904785156,51329200.0
2025-08-01,189.02999877929688,190.8300018310547,187.82000732421875,189.1300048828125,188.70465087890625,34832200.0
2025-08-04,190.2899932861328,195.27000427246094,190.1199951171875,195.0399932861328,194.60133361816406,31547400.0
2025-08-05,194.7100067138672,197.86000061035156,193.88999938964844,194.6699981689453,194.232177734375,31602300.0
2025-08-06,194.5,196.6300048828125,193.6699981689453,196.08999633789062,195.6489715576172,21562900.0
2025-08-07,197.05999755859375,197.5399932861328,194.3300018310547,196.52000427246094,196.07801818847656,26321800.0
2025-08-08,197.22000122070312,202.61000061035156,197.1699981689453,201.4199981689453,200.9669952392578,39161800.0
2025-08-11,200.94000244140625,201.47999572753906,199.07000732421875,201.0,200.54794311523438,25832400.0
2025-08-12,201.3699951171875,204.5,200.58999633789062,203.33999633789062,202.88267517089844,30397900.0
2025-08-13,204.1300048828125,204.52999877929688,197.50999450683594,201.9600067138672,201.50579833984375,28342900.0
2025-08-14,201.5,204.44000244140625,201.22999572753906,202.94000244140625,202.48358154296875,25230400.0
2025-08-15,203.85000610351562,206.44000244140625,201.27999877929688,203.89999389648438,203.44140625,34931400.0
2025-08-18,204.1999969482422,205.27000427246094,202.49000549316406,203.5,203.04232788085938,18526600.0
2025-08-19,203.02999877929688,203.44000244140625,199.9600067138672,201.57000732421875,201.11668395996094,24240200.0
2025-08-20,200.72999572753906,201.27999877929688,196.60000610351562,199.32000732421875,198.87171936035156,28955500.0
2025-08-21,199.75,202.47999572753906,199.42999267578125,199.75,199.3007354736328,19774600.0
2025-08-22,202.72999572753906,208.5399932861328,201.3000030517578,206.08999633789062,205.62648010253906,42827000.0
2025-08-25,206.42999267578125,210.52000427246094,205.27999877929688,208.49000549316406,208.02110290527344,29928900.0
2025-08-26,207.50999450683594,207.85000610351562,205.6999969482422,207.13999938964844,206.6741180419922,28464100.0
2025-08-27,205.6999969482422,208.91000366210938,205.64999389648438,207.47999572753906,207.0133514404297,23022900.0
2025-08-28,207.25,212.22000122070312,206.89999389648438,211.63999938964844,211.1640167236328,32339300.0
2025-08-29,210.50999450683594,214.64999389648438,210.1999969482422,212.91000366210938,212.43115234375,39728400.0
2025-09-01,210.50999450683594,214.64999389648438,210.1999969482422,212.91000366210938,212.43115234375,39728400.0
2025-09-02,208.44000244140625,211.67999267578125,206.1999969482422,211.35000610351562,210.87466430664062,47523000.0
2025-09-03,226.2100067138672,231.30999755859375,224.7899932861328,230.66000366210938,230.1412353515625,103336100.0
2025-09-04,229.64999389648438,232.3699951171875,226.11000061035156,232.3000030517578,231.7775421142578,51684200.0
2025-09-05,232.1999969482422,235.75999450683594,231.89999389648438,235.0,234.4714813232422,46588900.0
2025-09-08,235.47000122070312,238.1300048828125,233.6699981689453,234.0399932861328,233.72247314453125,32474700.0
2025-09-09,234.1699981689453,240.47000122070312,233.22999572753906,239.6300048828125,239.30491638183594,38061000.0
2025-09-10,238.89999389648438,241.66000366210938,237.85000610351562,239.1699981689453,238.84552001953125,35141100.0
2025-09-11,239.8800048828125,242.25,236.25,240.3699951171875,240.0438995361328,30599300.0
2025-09-12,240.3699951171875,242.0800018310547,238.0,240.8000030517578,240.4733123779297,26771600.0
2025-09-15,244.66000366210938,252.41000366210938,244.66000366210938,251.61000061035156,251.26864624023438,58383800.0
2025-09-16,252.0800018310547,253.0399932861328,249.47000122070312,251.16000366210938,250.8192596435547,34109700.0
2025-09-17,251.22000122070312,251.60000610351562,246.27999877929688,249.52999877929688,249.19146728515625,34108000.0
2025-09-18,251.67999267578125,253.99000549316406,249.8000030517578,252.02999877929688,251.68807983398438,31239500.0
2025-09-19,253.25,256.0,251.80999755859375,254.72000122070312,254.3744354248047,55571400.0
2025-09-22,254.42999267578125,255.77999877929688,250.3000030517578,252.52999877929688,252.18739318847656,32290500.0
2025-09-23,253.0399932861328,254.36000061035156,250.47999572753906,251.66000366210938,251.31858825683594,26628000.0
2025-09-24,251.66000366210938,252.35000610351562,246.44000244140625,247.13999938964844,246.80470275878906,28201000.0
2025-09-25,244.39999389648438,246.49000549316406,240.74000549316406,245.7899932861328,245.45654296875,31020400.0
2025-09-26,247.07000732421875,249.4199981689453,245.97000122070312,246.5399932861328,246.2055206298828,18503200.0
2025-09-29,247.85000610351562,251.14999389648438,242.77000427246094,244.0500030517578,243.71890258789062,32505800.0
2025-09-30,242.80999755859375,243.2899932861328,239.25,243.10000610351562,242.77020263671875,34724300.0
2025-10-01,240.75,246.3000030517578,238.61000061035156,244.89999389648438,244.5677490234375,31658200.0
2025-10-02,245.14999389648438,246.80999755859375,242.3000030517578,245.69000244140625,245.35667419433594,25483300.0
2025-10-03,244.49000549316406,246.3000030517578,241.66000366210938,245.35000610351562,245.01715087890625,30249600.0
2025-10-06,244.77999877929688,251.32000732421875,244.5800018310547,250.42999267578125,250.09024047851562,28894700.0
2025-10-07,248.27000427246094,250.44000244140625,245.52000427246094,245.75999450683594,245.42657470703125,23181300.0
2025-10-08,244.9600067138672,246.00999450683594,243.82000732421875,244.6199951171875,244.2881317138672,21307100.0
2025-10-09,244.47000122070312,244.75999450683594,239.14999389648438,241.52999877929688,241.2023162841797,27892100.0
2025-10-10,241.42999267578125,244.08999633789062,235.83999633789062,236.57000732421875,236.2490692138672,33180300.0
2025-10-13,240.2100067138672,244.5,239.7100067138672,244.14999389648438,243.81875610351562,24995000.0
2025-10-14,241.22999572753906,247.1199951171875,240.50999450683594,245.4499969482422,245.1169891357422,22111600.0
2025-10-15,247.25,252.11000061035156,245.99000549316406,251.02999877929688,250.68942260742188,27007700.0
2025-10-16,251.77000427246094,256.9599914550781,250.10000610351562,251.4600067138672,251.1188507080078,27997200.0
2025-10-17,250.75999450683594,254.22000122070312,247.80999755859375,253.3000030517578,252.9563446044922,29671600.0
2025-10-20,254.69000244140625,257.3299865722656,254.22999572753906,256.54998779296875,256.2019348144531,22350200.0
2025-10-21,254.74000549316406,254.8800048828125,244.14999389648438,250.4600067138672,250.12020874023438,47312100.0
2025-10-22,254.3699951171875,256.3599853515625,249.2899932861328,251.69000244140625,251.34854125976562,35029400.0
2025-10-23,252.97999572753906,255.0399932861328,251.85000610351562,253.0800018310547,252.73666381835938,19901400.0
2025-10-24,256.5799865722656,261.67999267578125,255.32000732421875,259.9200134277344,259.5673828125,28655100.0
2025-10-27,264.82000732421875,270.1400146484375,264.2799987792969,269.2699890136719,268.9046630859375,35235200.0
2025-10-28,269.69000244140625,270.7300109863281,266.5,267.4700012207031,267.1071472167969,29738600.0
2025-10-29,267.75,275.3399963378906,267.6700134277344,274.57000732421875,274.197509765625,43580300.0
2025-10-30,291.5899963378906,291.5899963378906,280.05999755859375,281.4800109863281,281.09814453125,74876000.0
2025-10-31,283.2099914550781,286.0,277.0299987792969,281.19000244140625,280.8085021972656,39267900.0
2025-11-03,282.17999267578125,285.5299987792969,279.79998779296875,283.7200012207031,283.3350830078125,29786000.0
2025-11-04,276.75,281.2699890136719,276.260009765625,277.5400085449219,277.1634521484375,30078400.0
2025-11-05,278.8699951171875,286.4200134277344,277.3399963378906,284.30999755859375,283.92425537109375,31010300.0
2025-11-06,285.3299865722656,288.3500061035156,281.1400146484375,284.75,284.3636779785156,37173600.0
2025-11-07,283.2099914550781,283.7799987792969,275.19000244140625,278.8299865722656,278.45172119140625,34479600.0
2025-11-10,284.4200134277344,290.79998779296875,282.8599853515625,290.1000061035156,289.7064208984375,29557300.0
2025-11-11,287.75,291.9200134277344,287.32000732421875,291.30999755859375,290.914794921875,19842100.0
2025-11-12,291.67999267578125,292.010009765625,283.69000244140625,286.7099914550781,286.3210144042969,24829900.0
2025-11-13,282.3399963378906,282.8399963378906,277.239990234375,278.57000732421875,278.19207763671875,29494000.0
2025-11-14,271.4100036621094,278.55999755859375,270.70001220703125,276.4100036621094,276.0350036621094,31647200.0
2025-11-17,285.7799987792969,293.95001220703125,283.57000732421875,285.0199890136719,284.63330078125,52670200.0
2025-11-18,287.9200134277344,288.79998779296875,278.20001220703125,284.2799987792969,283.8943176269531,49158700.0
2025-11-19,287.1600036621094,303.80999755859375,286.6300048828125,292.80999755859375,292.4127502441406,68198900.0
2025-11-20,304.5400085449219,306.4200134277344,288.6700134277344,289.45001220703125,289.05731201171875,62025200.0
2025-11-21,296.4200134277344,303.9200134277344,293.8500061035156,299.6600036621094,299.25347900390625,74137700.0
2025-11-24,311.1300048828125,319.4800109863281,309.6000061035156,318.5799865722656,318.14776611328125,85165100.0
2025-11-25,326.2099914550781,328.8299865722656,317.6499938964844,323.44000244140625,323.0011901855469,88632100.0
2025-11-26,320.67999267578125,324.5,316.7900085449219,319.95001220703125,319.5159606933594,51373400.0
2025-11-27,320.67999267578125,324.5,316.7900085449219,319.95001220703125,319.5159606933594,51373400.0
2025-11-28,323.3699951171875,326.8500061035156,316.7900085449219,320.17999267578125,319.7456359863281,26018600.0
2025-12-01,317.70001220703125,319.8500061035156,313.8900146484375,314.8900146484375,314.46282958984375,41183000.0
2025-12-02,316.739990234375,318.3800048828125,313.9100036621094,315.80999755859375,315.38153076171875,35854700.0
2025-12-03,315.8900146484375,321.5799865722656,314.1000061035156,319.6300048828125,319.19635009765625,41838300.0
2025-12-04,322.2300109863281,322.3599853515625,314.70001220703125,317.6199951171875,317.1890869140625,31240900.0
2025-12-05,319.489990234375,323.1600036621094,319.1700134277344,321.2699890136719,320.8341064453125,28851700.0
2025-12-08,320.04998779296875,320.44000244140625,311.2200012207031,313.7200012207031,313.49932861328125,33909400.0
2025-12-09,312.3699951171875,317.989990234375,311.8999938964844,317.0799865722656,316.85693359375,30194000.0
2025-12-10,315.8299865722656,321.30999755859375,314.67999267578125,320.2099914550781,319.9847412109375,33428900.0
2025-12-11,320.0799865722656,321.1199951171875,308.6000061035156,312.42999267578125,312.210205078125,42353700.0
2025-12-12,313.70001220703125,314.8699951171875,305.55999755859375,309.2900085449219,309.07244873046875,35940200.0
2025-12-15,311.32000732421875,311.4200134277344,304.8800048828125,308.2200012207031,308.003173828125,29151900.0
2025-12-16,304.95001220703125,310.7699890136719,302.5899963378906,306.57000732421875,306.3543395996094,30585000.0
2025-12-17,308.010009765625,308.0899963378906,296.1199951171875,296.7200012207031,296.5112609863281,43930400.0
2025-12-18,301.7200012207031,303.9599914550781,299.2300109863281,302.4599914550781,302.2472229003906,33518000.0
2025-12-19,301.7300109863281,307.25,300.9700012207031,307.1600036621094,306.9439392089844,59943200.0
2025-12-22,309.8800048828125,310.1300048828125,305.29998779296875,309.7799987792969,309.56207275390625,26429900.0
2025-12-23,309.6300048828125,314.94000244140625,309.32000732421875,314.3500061035156,314.1288757324219,25478700.0
2025-12-24,314.7699890136719,315.0799865722656,311.9200134277344,314.0899963378906,313.8690490722656,10097400.0
2025-12-25,314.7699890136719,315.0799865722656,311.9200134277344,314.0899963378906,313.8690490722656,10097400.0
2025-12-26,314.4800109863281,315.0899963378906,312.2799987792969,313.510009765625,313.2894592285156,10899000.0
2025-12-29,311.3699951171875,314.0199890136719,310.6199951171875,313.55999755859375,313.33941650390625,19621800.0
2025-12-30,312.5,316.95001220703125,312.4599914550781,313.8500061035156,313.6292419433594,17380900.0
2025-12-31,312.8500061035156,314.5799865722656,311.44000244140625,313.0,312.7798156738281,16377700.0
2026-01-01,312.8500061035156,314.5799865722656,311.44000244140625,313.0,312.7798156738281,16377700.0
2026-01-02,316.8999938964844,322.5,310.3299865722656,315.1499938964844,314.9283142089844,32009400.0
2026-01-05,317.6600036621094,319.0199890136719,314.6300048828125,316.5400085449219,316.3173522949219,30195600.0
2026-01-06,316.3999938964844,320.94000244140625,311.7799987792969,314.3399963378906,314.1188659667969,31212100.0
2026-01-07,314.3599853515625,326.1499938964844,314.19000244140625,321.9800109863281,321.7535095214844,35104400.0
2026-01-08,328.9700012207031,330.32000732421875,321.5,325.44000244140625,325.2110595703125,31896100.0
2026-01-09,327.0899963378906,330.8299865722656,325.79998779296875,328.57000732421875,328.3388671875,26214200.0
2026-01-12,325.79998779296875,334.0400085449219,325.0,331.8599853515625,331.62652587890625,33923900.0
2026-01-13,334.95001220703125,340.489990234375,333.6199951171875,335.9700012207031,335.7336730957031,33517600.0
2026-01-14,335.05999755859375,336.5199890136719,330.4800109863281,335.8399963378906,335.603759765625,28525600.0
2026-01-15,337.6499938964844,337.69000244140625,330.739990234375,332.7799987792969,332.5458984375,28442400.0
2026-01-16,334.4100036621094,334.6499938964844,327.70001220703125,330.0,329.7678527832031,40341600.0
2026-01-19,334.4100036621094,334.6499938964844,327.70001220703125,330.0,329.7678527832031,40341600.0
2026-01-20,320.8699951171875,327.7300109863281,320.42999267578125,322.0,321.77349853515625,35361000.0
2026-01-21,320.9200134277344,332.4800109863281,319.3500061035156,328.3800048828125,328.1490173339844,35386600.0
2026-01-22,334.45001220703125,335.1499938964844,328.75,330.5400085449219,330.3074951171875,26253600.0
2026-01-23,332.489990234375,333.69000244140625,327.45001220703125,327.92999267578125,327.6993103027344,27280000.0
2026-01-26,327.80999755859375,335.8399963378906,327.0,333.260009765625,333.02557373046875,26042100.0
2026-01-27,335.3699951171875,337.9100036621094,333.4800109863281,334.54998779296875,334.31463623046875,21636200.0
2026-01-28,336.05999755859375,337.5400085449219,331.94000244140625,336.010009765625,335.7736511230469,27434400.0
2026-01-29,340.29998779296875,342.2900085449219,326.5400085449219,338.25,338.0120544433594,39785600.0
2026-01-30,340.0,340.0,332.2900085449219,338.0,337.7622375488281,31024000.0
2026-02-02,336.2200012207031,344.8299865722656,335.6300048828125,343.69000244140625,343.4482421875,32006100.0
2026-02-03,347.3399963378906,349.0,337.4700012207031,339.7099914550781,339.47100830078125,36506700.0
2026-02-04,342.9599914550781,343.30999755859375,328.5199890136719,333.0400085449219,332.80572509765625,70618400.0
2026-02-05,312.2200012207031,332.69000244140625,306.4599914550781,331.25,331.0169677734375,88205800.0
2026-02-06,327.17999267578125,330.3800048828125,319.9200134277344,322.8599853515625,322.63287353515625,56380500.0
2026-02-09,320.92999267578125,327.70001220703125,317.260009765625,324.32000732421875,324.09185791015625,39640100.0
2026-02-10,320.9700012207031,321.6700134277344,314.6099853515625,318.5799865722656,318.3558654785156,39170000.0
2026-02-11,318.9700012207031,321.05999755859375,309.6600036621094,310.9599914550781,310.7412414550781,45406400.0
2026-02-12,312.0899963378906,316.239990234375,307.20001220703125,309.0,308.7826232910156,47761300.0
2026-02-13,307.7300109863281,308.6300048828125,303.7099914550781,305.7200012207031,305.50494384765625,38499700.0
2026-02-16,307.7300109863281,308.6300048828125,303.7099914550781,305.7200012207031,305.50494384765625,38499700.0
2026-02-17,300.0400085449219,304.44000244140625,296.25,302.0199890136719,301.8075256347656,39247600.0
2026-02-18,302.0899963378906,305.3800048828125,301.25,303.3299865722656,303.1166076660156,28482100.0
2026-02-19,301.82000732421875,305.4700012207031,300.0400085449219,302.8500061035156,302.636962890625,25834400.0
2026-02-20,304.32000732421875,316.5,303.8999938964844,314.9800109863281,314.7584228515625,53210800.0
2026-02-23,319.04998779296875,319.5199890136719,309.8699951171875,311.489990234375,311.2708740234375,31423000.0
2026-02-24,310.5199890136719,312.2699890136719,305.92999267578125,310.8999938964844,310.6813049316406,25615600.0
2026-02-25,312.05999755859375,313.6400146484375,309.44000244140625,312.8999938964844,312.67987060546875,29963600.0
2026-02-26,312.6400146484375,313.1400146484375,302.3500061035156,307.3800048828125,307.1637878417969,36431200.0
2026-02-27,304.1400146484375,312.3699951171875,303.79998779296875,311.760009765625,311.54071044921875,44640600.0
2026-03-02,303.2300109863281,308.489990234375,301.29998779296875,306.5199890136719,306.3043518066406,34790200.0
2026-03-03,298.5899963378906,303.94000244140625,296.7099914550781,303.5799865722656,303.3664245605469,35497000.0
2026-03-04,302.8900146484375,305.4700012207031,300.75,303.1300048828125,302.9167785644531,29536200.0
2026-03-05,303.0400085449219,303.29998779296875,297.989990234375,300.8800048828125,300.6683349609375,35752300.0
2026-03-06,296.0899963378906,300.5299987792969,295.17999267578125,298.5199890136719,298.30999755859375,25576900.0
2026-03-09,294.3599853515625,306.79998779296875,294.0799865722656,306.3599853515625,306.3599853515625,29312100.0
2026-03-10,306.1700134277344,309.510009765625,305.57000732421875,307.0400085449219,307.0400085449219,23239700.0
2026-03-11,306.75,311.4200134277344,305.9200134277344,308.70001220703125,308.70001220703125,24125700.0
2026-03-12,306.82000732421875,308.94000244140625,301.0299987792969,303.54998779296875,303.54998779296875,24928300.0
2026-03-13,307.010009765625,307.69000244140625,300.44000244140625,302.2799987792969,302.2799987792969,23693100.0
2026-03-16,304.3500061035156,306.489990234375,303.0199890136719,305.55999755859375,305.55999755859375,23519700.0
2026-03-17,305.8599853515625,311.4200134277344,305.5,310.9200134277344,310.9200134277344,21955200.0
2026-03-18,309.2699890136719,312.4700012207031,306.92999267578125,307.69000244140625,307.69000244140625,20009800.0
2026-03-19,304.010009765625,308.05999755859375,302.3500061035156,307.1300048828125,307.1300048828125,25075800.0
2026-03-20,305.4599914550781,306.0,298.2699890136719,301.0,301.0,44364100.0
2026-03-23,302.1099853515625,305.9800109863281,300.92999267578125,302.05999755859375,302.05999755859375,29326900.0
2026-03-24,299.20001220703125,299.9200134277344,290.3299865722656,290.44000244140625,290.44000244140625,36864300.0
2026-03-25,293.44000244140625,296.0,289.239990234375,290.92999267578125,290.92999267578125,29460700.0
2026-03-26,287.9100036621094,287.95001220703125,278.5,280.9200134277344,280.9200134277344,39080600.0
2026-03-27,277.2799987792969,279.3699951171875,273.95001220703125,274.3399963378906,274.3399963378906,35890600.0
2026-03-30,276.4200134277344,277.0899963378906,272.1099853515625,273.5,273.5,35141200.0
2026-03-31,278.0400085449219,288.0799865722656,277.0899963378906,287.55999755859375,287.55999755859375,43875400.0
2026-04-01,290.8399963378906,300.5199890136719,290.4100036621094,297.3900146484375,297.3900146484375,37684500.0
2026-04-02,290.69000244140625,298.0799865722656,289.45001220703125,295.7699890136719,295.7699890136719,21666500.0
2026-04-03,290.69000244140625,298.0799865722656,289.45001220703125,295.7699890136719,295.7699890136719,21666500.0
2026-04-06,295.8699951171875,300.6199951171875,295.17999267578125,299.989990234375,299.989990234375,16945500.0
2026-04-07,302.7300109863281,305.6300048828125,297.7200012207031,305.4599914550781,305.4599914550781,23205400.0
2026-04-08,320.45001220703125,322.0799865722656,315.0199890136719,317.32000732421875,317.32000732421875,33547100.0
2026-04-09,315.9100036621094,319.5400085449219,311.05999755859375,318.489990234375,318.489990234375,23739200.0
2026-04-10,320.0199890136719,321.8299865722656,316.32000732421875,317.239990234375,317.239990234375,19152600.0
2026-04-13,317.1400146484375,321.6300048828125,315.4700012207031,321.30999755859375,321.30999755859375,18866400.0
2026-04-14,324.7900085449219,333.2900085449219,323.75,332.9100036621094,332.9100036621094,27721400.0
2026-04-15,332.8900146484375,337.4800109863281,330.8999938964844,337.1199951171875,337.1199951171875,24918800.0
2026-04-16,338.75,339.8800048828125,334.5199890136719,336.0199890136719,336.0199890136719,20541500.0
2026-04-17,337.6499938964844,342.32000732421875,336.239990234375,341.67999267578125,341.67999267578125,25581900.0
2026-04-20,340.760009765625,341.3999938964844,336.6099853515625,337.4200134277344,337.4200134277344,18784200.0
2026-04-21,337.69000244140625,339.3399963378906,331.3500061035156,332.2900085449219,332.2900085449219,23123800.0
2026-04-22,337.0199890136719,339.82000732421875,335.1700134277344,339.32000732421875,339.32000732421875,20293000.0
2026-04-23,341.17999267578125,341.9599914550781,336.17999267578125,338.8900146484375,338.8900146484375,18650300.0
2026-04-24,338.7300109863281,345.2699890136719,335.3900146484375,344.3999938964844,344.3999938964844,26426100.0
2026-04-27,345.9800109863281,353.17999267578125,342.7300109863281,350.3399963378906,350.3399963378906,28576900.0
2026-04-28,348.54998779296875,352.4200134277344,346.1199951171875,349.7799987792969,349.7799987792969,27824100.0
2026-04-29,347.57000732421875,355.7900085449219,344.2099914550781,349.94000244140625,349.94000244140625,35376300.0
2026-04-30,374.07000732421875,385.8399963378906,365.82000732421875,384.79998779296875,384.79998779296875,72040000.0
2026-05-01,381.6300048828125,386.760009765625,379.04998779296875,385.69000244140625,385.69000244140625,30105200.0
2026-05-04,385.6300048828125,387.3800048828125,379.7900085449219,383.25,383.25,26298600.0
2026-05-05,386.2300109863281,392.82000732421875,384.0199890136719,388.42999267578125,388.42999267578125,23878600.0
2026-05-06,394.25,399.8500061035156,392.760009765625,398.0400085449219,398.0400085449219,31308500.0
2026-05-07,399.9200134277344,400.1000061035156,392.67999267578125,397.989990234375,397.989990234375,24433500.0
2026-05-08,397.0,402.0,396.3599853515625,400.79998779296875,400.79998779296875,21461800.0
2026-05-11,393.6499938964844,397.44000244140625,388.4700012207031,388.6400146484375,388.6400146484375,30753700.0
2026-05-12,387.3399963378906,388.5199890136719,382.7699890136719,387.3500061035156,387.3500061035156,26017500.0
2026-05-13,385.6000061035156,403.70001220703125,385.0,402.6199951171875,402.6199951171875,28144600.0
2026-05-14,397.2799987792969,402.92999267578125,395.8399963378906,401.07000732421875,401.07000732421875,21136700.0
2026-05-15,396.32000732421875,399.5400085449219,393.17999267578125,396.7799987792969,396.7799987792969,20309700.0
2026-05-18,395.69000244140625,408.6099853515625,394.5299987792969,396.94000244140625,396.94000244140625,26837200.0
2026-05-19,396.9599914550781,397.1499938964844,386.1099853515625,387.6600036621094,387.6600036621094,39545700.0
2026-05-20,387.70001220703125,393.8599853515625,382.8999938964844,388.9100036621094,388.9100036621094,31744400.0
2026-05-21,385.70001220703125,392.5,383.0199890136719,387.6600036621094,387.6600036621094,24852800.0
2026-05-22,387.3500061035156,388.739990234375,381.7699890136719,382.9700012207031,382.9700012207031,20442100.0
2026-05-25,387.3500061035156,388.739990234375,381.7699890136719,382.9700012207031,382.9700012207031,20442100.0
2026-05-26,384.510009765625,389.260009765625,382.6000061035156,388.8800048828125,388.8800048828125,27747400.0
2026-05-27,386.6700134277344,393.8800048828125,385.8999938964844,388.8299865722656,388.8299865722656,23087300.0
2026-05-28,388.0,391.8699951171875,385.1600036621094,390.1300048828125,390.1300048828125,24357500.0
2026-05-29,385.239990234375,385.239990234375,378.4599914550781,380.3399963378906,380.3399963378906,44415800.0
2026-06-01,376.5199890136719,378.55999755859375,373.5199890136719,376.3699951171875,376.3699951171875,28672100.0
2026-06-02,366.5899963378906,373.5400085449219,358.44000244140625,361.8500061035156,361.8500061035156,50412300.0
2026-06-03,362.0299987792969,366.45001220703125,358.0799865722656,358.989990234375,358.989990234375,55318200.0
2026-06-04,358.8500061035156,373.1600036621094,358.2099914550781,372.2300109863281,372.2300109863281,24412904.0
