Date,Open,High,Low,Close,Adj Close,Volume
2021-05-24,367.32000732421875,369.7200012207031,365.510009765625,368.2900085449219,326.6072692871094,1834300
2021-05-25,369.9100036621094,373.7699890136719,364.0899963378906,364.510009765625,323.255126953125,2631000
2021-05-26,365.0,368.7900085449219,361.9100036621094,367.3999938964844,325.81805419921875,2121200
2021-05-27,371.3299865722656,373.54998779296875,367.29998779296875,371.3699951171875,329.3387145996094,3897000
2021-05-28,372.0,373.07000732421875,368.260009765625,372.0199890136719,331.0293884277344,2169700
2021-06-01,377.70001220703125,383.3599853515625,376.30999755859375,382.44000244140625,340.3012390136719,3644000
2021-06-02,383.3299865722656,384.6700134277344,379.3699951171875,383.44000244140625,341.1911315917969,2809700
2021-06-03,382.25,391.25,380.1300048828125,388.7200012207031,345.889404296875,3003900
2021-06-04,389.67999267578125,392.04998779296875,386.32000732421875,391.45001220703125,348.3184814453125,2514100
2021-06-07,393.0,393.260009765625,387.54998779296875,388.1600036621094,345.39105224609375,2188700
2021-06-08,385.7900085449219,386.4800109863281,382.2200012207031,384.70001220703125,342.31231689453125,2452600
2021-06-09,383.1600036621094,384.2699890136719,378.8800048828125,382.7799987792969,340.60369873046875,2025900
2021-06-10,389.6400146484375,389.6400146484375,372.3500061035156,373.94000244140625,332.73785400390625,3900800
2021-06-11,375.70001220703125,378.75,375.1099853515625,378.04998779296875,336.3949279785156,2117300
2021-06-14,377.42999267578125,378.75,370.70001220703125,372.9200134277344,331.83026123046875,2560500
2021-06-15,373.5,374.8399963378906,367.1600036621094,371.29998779296875,330.3886413574219,2302900
2021-06-16,370.989990234375,374.0799865722656,365.25,371.0,330.1218566894531,3264200
2021-06-17,373.5199890136719,373.5199890136719,356.54998779296875,361.5,321.66851806640625,4146300
2021-06-18,356.5199890136719,358.3800048828125,348.1300048828125,348.8299865722656,310.3945007324219,6290100
2021-06-21,352.8900146484375,357.9700012207031,351.0400085449219,357.5400085449219,318.1448059082031,2717300
2021-06-22,357.0,359.8800048828125,352.6400146484375,357.5299987792969,318.1358947753906,1870800
2021-06-23,358.7900085449219,362.4800109863281,357.6600036621094,361.04998779296875,321.26812744140625,1713100
2021-06-24,363.0,370.8800048828125,362.7799987792969,368.75,328.1197204589844,2716600
2021-06-25,368.82000732421875,371.1499938964844,364.5400085449219,368.7699890136719,328.13751220703125,2782400
2021-06-28,367.79998779296875,368.8699951171875,363.8599853515625,368.7099914550781,328.0841064453125,1833400
2021-06-29,374.8599853515625,378.0899963378906,370.75,372.6199951171875,331.5632629394531,2365900
2021-06-30,370.8999938964844,380.1099853515625,370.8999938964844,379.5299987792969,337.7119445800781,2238400
2021-07-01,380.70001220703125,381.6400146484375,374.1499938964844,374.989990234375,333.67218017578125,2571000
2021-07-02,376.30999755859375,376.6000061035156,372.4200134277344,374.1600036621094,332.93359375,1598900
2021-07-06,373.2300109863281,373.6300048828125,365.4100036621094,369.8599853515625,329.1073913574219,2162900
2021-07-07,367.5,370.0899963378906,362.17999267578125,367.6700134277344,327.1587219238281,2012800
2021-07-08,359.69000244140625,362.8900146484375,355.5899963378906,358.94000244140625,319.3905029296875,2940500
2021-07-09,366.0,372.1499938964844,364.95001220703125,371.760009765625,330.798095703125,2641800
2021-07-12,370.30999755859375,384.0,367.3299865722656,380.5,338.57501220703125,4135900
2021-07-13,381.05999755859375,385.3299865722656,372.010009765625,375.9800109863281,334.5530700683594,6466800
2021-07-14,378.75,381.7699890136719,371.3900146484375,374.3999938964844,333.14715576171875,3295700
2021-07-15,371.239990234375,378.75,370.57000732421875,373.3500061035156,332.2128601074219,2183900
2021-07-16,374.92999267578125,374.92999267578125,363.8299865722656,364.79998779296875,324.6048583984375,2583300
2021-07-19,354.0,355.19000244140625,349.0,354.7200012207031,315.6355285644531,4394600
2021-07-20,352.2699890136719,367.30999755859375,351.5400085449219,364.760009765625,324.5693359375,2937900
2021-07-21,368.0400085449219,374.8999938964844,367.92999267578125,373.5,332.3463439941406,2398800
2021-07-22,372.29998779296875,373.69000244140625,368.45001220703125,372.7099914550781,331.6433410644531,1887100
2021-07-23,374.5899963378906,378.0,371.3800048828125,374.04998779296875,332.835693359375,1706900
2021-07-26,373.17999267578125,376.67999267578125,373.1099853515625,375.8999938964844,334.4819030761719,1559100
2021-07-27,372.5,375.1400146484375,369.2200012207031,374.8399963378906,333.5386657714844,1791800
2021-07-28,375.80999755859375,377.44000244140625,372.3399963378906,374.2300109863281,332.9959411621094,1668900
2021-07-29,377.0299987792969,379.510009765625,374.80999755859375,377.54998779296875,335.9501037597656,1296600
2021-07-30,376.57000732421875,379.95001220703125,373.05999755859375,374.8800048828125,333.57421875,1474900
2021-08-02,376.1700134277344,386.92999267578125,375.75,378.19000244140625,336.51953125,2383200
2021-08-03,380.25,381.30999755859375,371.7699890136719,380.3599853515625,338.450439453125,1494600
2021-08-04,378.4800109863281,382.6499938964844,375.760009765625,377.8599853515625,336.2259826660156,1460500
2021-08-05,380.1499938964844,384.30999755859375,379.95001220703125,384.29998779296875,341.9563293457031,1583800
2021-08-06,388.8800048828125,398.8599853515625,388.6400146484375,397.8900146484375,354.0489807128906,3655800
2021-08-09,396.5899963378906,404.6000061035156,393.5799865722656,399.8800048828125,355.8196716308594,3319100
2021-08-10,400.1199951171875,410.6300048828125,399.5,407.9700012207031,363.01824951171875,3152300
2021-08-11,408.79998779296875,414.67999267578125,407.05999755859375,413.8900146484375,368.2859802246094,3000500
2021-08-12,414.3800048828125,418.6199951171875,410.55999755859375,415.0,369.2737121582031,2312800
2021-08-13,416.0,416.8900146484375,408.17999267578125,410.7799987792969,365.5186767578125,1980000
2021-08-16,408.989990234375,408.989990234375,402.1499938964844,408.3500061035156,363.3564147949219,1590700
2021-08-17,403.8399963378906,408.3500061035156,400.20001220703125,404.9700012207031,360.34881591796875,2077400
2021-08-18,402.6000061035156,406.1099853515625,398.5899963378906,398.79998779296875,354.8586730957031,2187800
2021-08-19,394.6000061035156,397.7300109863281,390.9100036621094,393.57000732421875,350.2049560546875,2241500
2021-08-20,391.489990234375,396.45001220703125,391.0,395.8699951171875,352.25152587890625,1612100
2021-08-23,401.8900146484375,404.1000061035156,399.0,401.45001220703125,357.2166748046875,1857600
2021-08-24,403.5899963378906,409.6600036621094,402.70001220703125,408.55999755859375,363.5433044433594,1958400
2021-08-25,409.8999938964844,416.67999267578125,408.94000244140625,413.1199951171875,367.6008605957031,1845300
2021-08-26,415.8800048828125,420.7300109863281,411.1600036621094,412.4100036621094,366.9691162109375,2076500
2021-08-27,412.7799987792969,419.8500061035156,412.5,419.69000244140625,373.44696044921875,2174500
2021-08-30,419.95001220703125,420.760009765625,412.7200012207031,413.6000061035156,368.0279541015625,2089400
2021-08-31,412.1099853515625,414.8599853515625,408.760009765625,413.510009765625,369.73577880859375,1958100
2021-09-01,413.1600036621094,416.1099853515625,410.30999755859375,413.6600036621094,369.8699035644531,1680400
2021-09-02,415.1099853515625,417.5799865722656,412.6400146484375,414.5,370.6209716796875,1830400
2021-09-03,414.0,415.1199951171875,410.6000061035156,411.30999755859375,367.7685852050781,1373600
2021-09-07,411.0,414.7300109863281,409.6400146484375,410.32000732421875,366.8834533691406,1557000
2021-09-08,409.2200012207031,410.9800109863281,404.70001220703125,405.0,362.1265869140625,1646200
2021-09-09,404.6700134277344,408.8800048828125,403.510009765625,404.5799865722656,361.7510986328125,2424600
2021-09-10,408.0,409.7900085449219,403.1600036621094,403.4800109863281,360.76751708984375,1956000
2021-09-13,407.4100036621094,409.3699951171875,403.79998779296875,409.260009765625,365.9356689453125,1802800
2021-09-14,410.29998779296875,417.010009765625,402.7799987792969,403.69000244140625,360.9552917480469,3263200
2021-09-15,398.0,403.6099853515625,396.2099914550781,401.95001220703125,359.3995361328125,3199800
2021-09-16,404.5199890136719,405.9800109863281,394.8900146484375,396.67999267578125,354.68731689453125,2882900
2021-09-17,396.32000732421875,399.1600036621094,388.8299865722656,391.4599914550781,350.01995849609375,3843700
2021-09-20,377.82000732421875,380.8599853515625,372.5,378.1300048828125,338.1011657714844,3834500
2021-09-21,380.8500061035156,381.5,374.0799865722656,375.8399963378906,336.0534973144531,2377300
2021-09-22,380.79998779296875,389.2900085449219,379.7099914550781,385.4700012207031,344.6640625,2991300
2021-09-23,390.3900146484375,393.739990234375,388.17999267578125,391.8599853515625,350.3776550292969,2518000
2021-09-24,390.4700012207031,392.489990234375,388.6000061035156,390.8500061035156,349.4745788574219,1789700
2021-09-27,396.5799865722656,401.0,395.17999267578125,399.80999755859375,357.4860534667969,2788500
2021-09-28,400.45001220703125,404.2099914550781,388.3900146484375,389.5,348.2674865722656,2609000
2021-09-29,390.67999267578125,392.3900146484375,384.29998779296875,384.8900146484375,344.1454772949219,1955000
2021-09-30,388.0,388.0199890136719,376.6199951171875,378.0299987792969,338.01171875,2665700
2021-10-01,379.44000244140625,382.7200012207031,375.8500061035156,380.0,339.7731628417969,2382300
2021-10-04,380.2099914550781,386.8699951171875,372.82000732421875,374.1499938964844,334.5423583984375,2895600
2021-10-05,378.1000061035156,388.2200012207031,375.5,385.80999755859375,344.96807861328125,2508100
2021-10-06,382.3800048828125,389.54998779296875,378.6600036621094,388.04998779296875,346.9709777832031,2111800
2021-10-07,392.9100036621094,397.8500061035156,389.760009765625,390.6199951171875,349.26885986328125,2348000
2021-10-08,390.8299865722656,394.30999755859375,388.17999267578125,392.80999755859375,351.22711181640625,1446700
2021-10-11,392.8999938964844,396.95001220703125,385.0199890136719,385.239990234375,344.4583435058594,1787400
2021-10-12,386.2200012207031,388.5899963378906,381.0199890136719,386.5299987792969,345.6118469238281,2088200
2021-10-13,388.0,388.3800048828125,378.6300048828125,386.30999755859375,345.4151611328125,2391600
2021-10-14,392.0,393.6600036621094,382.20001220703125,391.20001220703125,349.7875061035156,3380900
2021-10-15,402.30999755859375,407.2699890136719,396.3399963378906,406.07000732421875,363.0833740234375,6451400
2021-10-18,408.010009765625,415.94000244140625,407.6000061035156,413.69000244140625,369.8966979980469,3832300
2021-10-19,415.17999267578125,415.8500061035156,409.69000244140625,412.1600036621094,368.5286865234375,2568300
2021-10-20,411.0,414.3299865722656,406.20001220703125,407.8900146484375,364.710693359375,2453400
2021-10-21,406.79998779296875,412.6600036621094,404.6199951171875,407.5899963378906,364.4424743652344,2162100
2021-10-22,409.989990234375,415.3599853515625,409.1000061035156,414.32000732421875,370.46002197265625,2411000
2021-10-25,416.2099914550781,419.489990234375,413.2699890136719,414.75,370.8444519042969,1824700
2021-10-26,416.3699951171875,419.80999755859375,413.760009765625,417.6099853515625,373.4017028808594,1843300
2021-10-27,416.54998779296875,418.05999755859375,410.54998779296875,410.989990234375,367.4825744628906,2067200
2021-10-28,412.0,414.9200134277344,409.05999755859375,414.82000732421875,370.9070739746094,1444700
2021-10-29,414.0199890136719,415.9599914550781,411.17999267578125,413.3500061035156,369.59271240234375,2061700
2021-11-01,417.07000732421875,418.7300109863281,413.25,416.70001220703125,372.5880432128906,1820800
2021-11-02,415.1000061035156,426.1600036621094,412.7900085449219,423.8500061035156,378.981201171875,3000800
2021-11-03,423.1199951171875,424.0,412.55999755859375,417.8999938964844,373.6610107421875,3542400
2021-11-04,414.6499938964844,415.989990234375,403.0299987792969,408.07000732421875,364.87164306640625,3802300
2021-11-05,411.3999938964844,414.45001220703125,406.1000061035156,407.0799865722656,363.98638916015625,2105600
2021-11-08,409.8900146484375,413.6499938964844,407.9599914550781,408.3399963378906,365.1130676269531,1728400
2021-11-09,406.1099853515625,407.5799865722656,400.05999755859375,405.3500061035156,362.4395751953125,2246900
2021-11-10,402.3299865722656,405.54998779296875,397.25,399.1199951171875,356.86907958984375,2243900
2021-11-11,400.1400146484375,403.760009765625,398.510009765625,402.3399963378906,359.7481994628906,1252400
2021-11-12,403.0,405.1000061035156,399.20001220703125,404.9100036621094,362.04620361328125,1360100
2021-11-15,406.0,407.3399963378906,403.9100036621094,404.80999755859375,361.9566955566406,1436500
2021-11-16,403.9100036621094,405.8399963378906,399.0,403.0899963378906,360.41876220703125,1311000
2021-11-17,401.8500061035156,402.6499938964844,391.4700012207031,391.54998779296875,350.10040283203125,2927000
2021-11-18,392.29998779296875,393.9200134277344,385.67999267578125,391.3699951171875,349.9394836425781,1847400
2021-11-19,382.3800048828125,390.239990234375,381.0400085449219,387.3900146484375,346.3808288574219,2610400
2021-11-22,393.1600036621094,402.489990234375,390.17999267578125,396.1600036621094,354.222412109375,3058700
2021-11-23,400.25,406.9599914550781,397.510009765625,406.3399963378906,363.32476806640625,2402300
2021-11-24,405.0,407.4800109863281,398.29998779296875,399.19000244140625,356.9316711425781,2186300
2021-11-26,384.4800109863281,391.7099914550781,382.7200012207031,389.3900146484375,348.1690979003906,2687900
2021-11-29,394.0,396.3699951171875,382.45001220703125,386.5400085449219,345.6207580566406,2883400
2021-11-30,383.5299987792969,386.8299865722656,377.260009765625,380.989990234375,340.6583251953125,4570400
2021-12-01,383.82000732421875,390.1600036621094,376.2099914550781,376.4800109863281,338.4021911621094,2476000
2021-12-02,378.0,389.0899963378906,376.0299987792969,387.5400085449219,348.34356689453125,3343700
2021-12-03,389.8800048828125,389.8800048828125,379.0299987792969,382.7300109863281,344.0200500488281,2807500
2021-12-06,388.6700134277344,393.6000061035156,383.489990234375,389.29998779296875,349.9255676269531,1990200
2021-12-07,393.5799865722656,401.75,393.05999755859375,400.1099853515625,359.6422119140625,2441000
2021-12-08,401.2300109863281,401.7099914550781,395.1400146484375,397.32000732421875,357.1344299316406,1635200
2021-12-09,395.70001220703125,400.19000244140625,393.0,396.489990234375,356.3883361816406,2111500
2021-12-10,398.0,398.8599853515625,388.6600036621094,391.05999755859375,351.5075378417969,1893800
2021-12-13,391.19000244140625,391.19000244140625,382.6600036621094,384.6400146484375,345.73687744140625,2313300
2021-12-14,383.55999755859375,392.5,383.260009765625,388.82000732421875,349.4941101074219,2788500
2021-12-15,389.5,391.3999938964844,380.6000061035156,389.9100036621094,350.473876953125,2802300
2021-12-16,395.1300048828125,399.8399963378906,391.79998779296875,397.3699951171875,357.1793212890625,3578200
2021-12-17,389.2099914550781,393.6700134277344,380.6300048828125,381.79998779296875,343.18408203125,7058600
2021-12-20,375.5199890136719,375.6300048828125,366.6499938964844,371.6099853515625,334.0247497558594,3735600
2021-12-21,376.42999267578125,382.0899963378906,374.760009765625,380.32000732421875,341.8538513183594,2942800
2021-12-22,380.4200134277344,384.010009765625,379.2699890136719,382.3299865722656,343.6605224609375,1487900
2021-12-23,383.7900085449219,387.6099853515625,383.57000732421875,385.0400085449219,346.0964660644531,1624000
2021-12-27,386.989990234375,389.1099853515625,385.0,388.0400085449219,348.7929992675781,1430400
2021-12-28,388.92999267578125,391.3299865722656,386.239990234375,387.6099853515625,348.40655517578125,1528200
2021-12-29,387.9700012207031,389.4599914550781,384.4200134277344,386.20001220703125,347.1391296386719,1327800
2021-12-30,387.75,389.7799987792969,385.20001220703125,385.5199890136719,346.5279541015625,1160100
2021-12-31,385.0,387.0,380.8399963378906,382.54998779296875,343.85821533203125,1601300
2022-01-03,389.0,399.29998779296875,387.3399963378906,395.3299865722656,355.345703125,3334300
2022-01-04,402.2300109863281,410.2799987792969,401.17999267578125,407.4800109863281,366.266845703125,3916400
2022-01-05,409.79998779296875,412.6600036621094,397.8900146484375,398.6300048828125,358.3118896484375,3469600
2022-01-06,401.0,401.20001220703125,386.42999267578125,396.92999267578125,356.7837829589844,2960900
2022-01-07,397.6700134277344,400.54998779296875,394.5299987792969,397.510009765625,357.3052673339844,2360700
2022-01-10,401.32000732421875,404.3699951171875,394.2200012207031,399.1700134277344,358.79730224609375,3009400
2022-01-11,400.25,403.3399963378906,396.30999755859375,403.04998779296875,362.28485107421875,1748800
2022-01-12,403.239990234375,404.1199951171875,388.55999755859375,390.30999755859375,350.8334045410156,4158000
2022-01-13,394.04998779296875,396.8699951171875,389.75,390.79998779296875,351.2738037109375,2497800
2022-01-14,382.1300048828125,384.3900146484375,375.0,380.94000244140625,342.4111022949219,4685300
2022-01-18,360.0400085449219,361.57000732421875,347.2300109863281,354.3999938964844,318.555419921875,13123500
2022-01-19,358.3399963378906,359.7099914550781,346.3900146484375,347.32000732421875,312.1915283203125,7426100
2022-01-20,348.8999938964844,357.17999267578125,346.1400146484375,348.1000061035156,312.892578125,4599900
2022-01-21,345.5400085449219,348.989990234375,340.7200012207031,343.9100036621094,309.1263732910156,4904100
2022-01-24,337.32000732421875,344.07000732421875,326.2300109863281,343.3900146484375,308.6589660644531,6569800
2022-01-25,337.8599853515625,342.92999267578125,330.9100036621094,341.54998779296875,307.0050964355469,3959300
2022-01-26,346.6000061035156,350.4800109863281,338.4100036621094,342.67999267578125,308.020751953125,3745900
2022-01-27,345.6700134277344,348.7699890136719,337.7200012207031,341.0299987792969,306.53765869140625,2573400
2022-01-28,337.7300109863281,347.1499938964844,333.45001220703125,347.010009765625,311.912841796875,3714600
2022-01-31,344.6000061035156,355.2099914550781,343.44000244140625,354.67999267578125,318.8070983886719,3312400
2022-02-01,356.1300048828125,364.5400085449219,354.04998779296875,364.05999755859375,327.2384338378906,3303700
2022-02-02,363.5,368.5299987792969,357.8299865722656,363.05999755859375,326.33953857421875,2742400
2022-02-03,362.82000732421875,365.760009765625,358.1600036621094,358.8800048828125,322.58233642578125,2372900
2022-02-04,362.1700134277344,370.95001220703125,361.0199890136719,367.6000061035156,330.4203186035156,3762300
2022-02-07,365.489990234375,371.4700012207031,363.3500061035156,368.1499938964844,330.91473388671875,2635600
2022-02-08,371.0799865722656,372.6499938964844,366.25,370.1000061035156,332.6674499511719,3422300
2022-02-09,373.0,376.2799987792969,370.8999938964844,374.5299987792969,336.64947509765625,2250400
2022-02-10,371.7099914550781,377.3999938964844,368.8299865722656,370.57000732421875,333.0899353027344,2406200
2022-02-11,368.54998779296875,374.8999938964844,360.7699890136719,363.05999755859375,326.33953857421875,3142100
2022-02-14,363.05999755859375,364.2900085449219,357.17999267578125,360.239990234375,323.8047790527344,2585600
2022-02-15,364.0899963378906,365.8900146484375,361.3599853515625,363.94000244140625,327.1305236816406,1846400
2022-02-16,361.3500061035156,363.0199890136719,356.5299987792969,360.04998779296875,323.6339111328125,2165300
2022-02-17,358.7799987792969,360.9599914550781,347.8399963378906,349.05999755859375,313.7555236816406,3102400
2022-02-18,345.57000732421875,350.0,343.3699951171875,346.0400085449219,311.04095458984375,2910900
2022-02-22,342.4599914550781,349.0,341.20001220703125,344.2699890136719,309.449951171875,2590800
2022-02-23,347.57000732421875,349.260009765625,339.82000732421875,341.19000244140625,306.6814880371094,2217300
2022-02-24,328.57000732421875,341.0,326.95001220703125,340.19000244140625,305.78265380859375,4564000
2022-02-25,340.19000244140625,350.70001220703125,340.19000244140625,350.1199951171875,314.708251953125,2980500
2022-02-28,340.25,343.8399963378906,337.54998779296875,341.2900085449219,306.7713623046875,4245700
2022-03-01,337.3999938964844,338.1600036621094,327.0199890136719,328.20001220703125,296.74420166015625,5631500
2022-03-02,331.6000061035156,338.0,327.3999938964844,336.3800048828125,304.1402282714844,3469900
2022-03-03,338.8699951171875,341.5,330.1300048828125,333.4200134277344,301.4639892578125,2393700
2022-03-04,327.0,330.6600036621094,324.0,329.6700134277344,298.07330322265625,3293100
2022-03-07,326.82000732421875,327.7900085449219,320.8500061035156,321.8900146484375,291.0390625,3689900
2022-03-08,322.5,330.55999755859375,318.54998779296875,321.3699951171875,290.5688781738281,3596400
2022-03-09,331.67999267578125,337.4700012207031,330.0299987792969,333.5899963378906,301.6176452636719,3202100
2022-03-10,327.6300048828125,331.8399963378906,324.760009765625,329.8999938964844,298.2813415527344,2232600
2022-03-11,334.3699951171875,336.6099853515625,326.7099914550781,327.0,295.6592712402344,2613500
2022-03-14,329.2099914550781,331.6199951171875,322.8999938964844,324.9800109863281,293.8329162597656,2342200
2022-03-15,327.07000732421875,331.8999938964844,324.8399963378906,329.1600036621094,297.61224365234375,2140700
2022-03-16,335.07000732421875,341.3299865722656,334.260009765625,340.760009765625,308.1004638671875,3468500
2022-03-17,337.3699951171875,343.6000061035156,334.8999938964844,343.2699890136719,310.369873046875,2403500
2022-03-18,338.8699951171875,346.7699890136719,337.29998779296875,345.3800048828125,312.2776794433594,5861900
2022-03-21,345.260009765625,346.29998779296875,337.1499938964844,339.0,306.50909423828125,3401200
2022-03-22,342.20001220703125,346.239990234375,340.1199951171875,343.010009765625,310.13482666015625,2840200
2022-03-23,340.0,340.8299865722656,335.1300048828125,335.6099853515625,303.4441223144531,2196800
2022-03-24,336.44000244140625,337.5,334.29998779296875,336.2300109863281,304.0047302246094,1944100
2022-03-25,337.42999267578125,341.8299865722656,335.4800109863281,337.489990234375,305.143798828125,1580800
2022-03-28,338.1499938964844,338.5,331.510009765625,335.29998779296875,303.16375732421875,2182600
2022-03-29,342.4700012207031,344.0,336.7300109863281,339.6600036621094,307.10589599609375,2378700
2022-03-30,339.0,339.8599853515625,333.6300048828125,335.5899963378906,303.426025390625,2650200
2022-03-31,336.1300048828125,336.5,330.1000061035156,330.1000061035156,298.462158203125,2632000
2022-04-01,333.92999267578125,334.1600036621094,327.57000732421875,330.2200012207031,298.5706481933594,2444800
2022-04-04,330.0,331.8699951171875,325.8599853515625,328.2099914550781,296.7532653808594,2569400
2022-04-05,327.3599853515625,329.739990234375,323.4800109863281,323.9599914550781,292.9106140136719,2573900
2022-04-06,320.0,320.6199951171875,315.75,316.260009765625,285.9486389160156,3151300
2022-04-07,315.0,315.8299865722656,308.20001220703125,314.1499938964844,284.0408020019531,3562600
2022-04-08,313.5799865722656,323.67999267578125,313.0,321.3900146484375,290.58697509765625,3294200
2022-04-11,320.6099853515625,328.8999938964844,319.0299987792969,320.760009765625,290.0173034667969,2747700
2022-04-12,321.67999267578125,327.1199951171875,318.010009765625,319.7799987792969,289.13128662109375,2365200
2022-04-13,315.79998779296875,322.6300048828125,314.7200012207031,321.9700012207031,291.111328125,3022900
2022-04-14,328.4700012207031,333.0299987792969,319.0299987792969,321.6400146484375,290.8130187988281,5460900
2022-04-18,320.6499938964844,332.6600036621094,320.6499938964844,329.8800048828125,298.2632141113281,3653400
2022-04-19,330.4700012207031,337.20001220703125,330.4700012207031,335.95001220703125,303.75146484375,2774800
2022-04-20,338.1000061035156,344.8999938964844,337.5,341.05999755859375,308.3717041015625,3040100
2022-04-21,344.3299865722656,347.3500061035156,333.3599853515625,334.29998779296875,302.2596130371094,3097800
2022-04-22,332.30999755859375,332.5,319.4700012207031,319.7699890136719,289.12225341796875,3125200
2022-04-25,316.3800048828125,322.1600036621094,312.739990234375,321.4200134277344,290.6141052246094,3093600
2022-04-26,317.95001220703125,321.6000061035156,312.79998779296875,313.1199951171875,283.1095886230469,2791700
2022-04-27,312.1400146484375,319.239990234375,312.1400146484375,313.2300109863281,283.20904541015625,2469300
2022-04-28,317.1199951171875,319.3599853515625,312.1499938964844,318.4100036621094,287.892578125,2176000
2022-04-29,317.25,319.0799865722656,304.7099914550781,305.489990234375,276.21087646484375,3129600
2022-05-02,305.80999755859375,311.3699951171875,302.2099914550781,310.4200134277344,280.6684265136719,2968100
2022-05-03,311.5199890136719,319.5199890136719,311.32000732421875,314.6600036621094,284.5020446777344,2606200
2022-05-04,315.8299865722656,324.79998779296875,312.1700134277344,324.1099853515625,293.04620361328125,2629400
2022-05-05,320.5,320.67999267578125,308.69000244140625,313.07000732421875,283.0643310546875,2622100
2022-05-06,312.2799987792969,313.7099914550781,306.05999755859375,312.9599914550781,282.96484375,2375600
2022-05-09,308.9200134277344,313.7699890136719,304.9800109863281,308.8900146484375,279.28509521484375,3234000
2022-05-10,311.7200012207031,315.1499938964844,300.6499938964844,305.05999755859375,275.82208251953125,2798400
2022-05-11,305.05999755859375,310.9100036621094,301.0,301.54998779296875,272.6484375,2320600
2022-05-12,300.0,302.8900146484375,293.8999938964844,299.4100036621094,270.713623046875,3408300
2022-05-13,303.6300048828125,309.6300048828125,303.57000732421875,306.989990234375,277.5670471191406,2152500
2022-05-16,305.95001220703125,306.4700012207031,300.54998779296875,303.44000244140625,274.3573303222656,1568800
2022-05-17,309.8699951171875,314.32000732421875,308.1300048828125,312.9700012207031,282.9739685058594,2096200
2022-05-18,309.0,312.8599853515625,304.8800048828125,306.7300109863281,277.3320617675781,2033200
2022-05-19,303.82000732421875,309.989990234375,303.3900146484375,308.20001220703125,278.6611633300781,2108800
2022-05-20,311.260009765625,312.5899963378906,299.4100036621094,306.79998779296875,277.3953552246094,2201100
2022-05-23,312.7200012207031,321.8299865722656,311.07000732421875,316.6099853515625,286.2650451660156,2653000
2022-05-24,315.3500061035156,315.79998779296875,306.42999267578125,313.95001220703125,283.86004638671875,1870900
2022-05-25,311.25,317.6000061035156,309.9800109863281,314.8999938964844,284.718994140625,1929500
2022-05-26,318.29998779296875,325.5,317.9800109863281,323.6300048828125,292.6123046875,2440400
2022-05-27,326.75,328.6700134277344,323.19000244140625,328.5799865722656,297.0877990722656,2106700
2022-05-31,324.010009765625,329.7200012207031,322.6600036621094,326.8500061035156,297.3334655761719,2722900
2022-06-01,327.0,329.2699890136719,315.8299865722656,321.8500061035156,292.7850341796875,2330200
2022-06-02,320.5899963378906,325.20001220703125,319.2300109863281,324.25,294.9682922363281,1957500
2022-06-03,320.8800048828125,322.5,317.5,318.67999267578125,289.9012451171875,1238900
2022-06-06,323.0,325.2099914550781,319.7900085449219,320.510009765625,291.5660095214844,1099700
2022-06-07,318.2799987792969,321.8399963378906,316.6600036621094,321.510009765625,292.4757385253906,2516800
2022-06-08,318.3399963378906,319.54998779296875,312.79998779296875,314.67999267578125,286.26251220703125,1438100
2022-06-09,313.55999755859375,314.1400146484375,304.0199890136719,304.2200012207031,276.74713134765625,2896500
2022-06-10,296.989990234375,298.6499938964844,286.8500061035156,287.0199890136719,261.1003723144531,3866900
2022-06-13,279.0,286.4200134277344,278.32000732421875,283.32000732421875,257.7345275878906,4218100
2022-06-14,284.3299865722656,289.17999267578125,281.29998779296875,282.5400085449219,257.02490234375,2487700
2022-06-15,287.1600036621094,294.4800109863281,284.1700134277344,290.07000732421875,263.8748779296875,2725800
2022-06-16,282.67999267578125,286.1300048828125,279.1499938964844,284.9800109863281,259.2445983886719,2777300
2022-06-17,282.1300048828125,286.260009765625,278.1499938964844,279.7900085449219,254.5232696533203,5234400
2022-06-21,287.7699890136719,288.07000732421875,282.9800109863281,284.80999755859375,259.0899963378906,2506300
2022-06-22,282.2900085449219,286.010009765625,281.0400085449219,284.5400085449219,258.8443298339844,2463100
2022-06-23,283.760009765625,286.5899963378906,278.92999267578125,286.1700134277344,260.3271179199219,2547000
2022-06-24,291.0,303.1300048828125,290.0,302.75,275.4098205566406,3984300
2022-06-27,303.05999755859375,304.32000732421875,298.8800048828125,300.7799987792969,273.6177673339844,2091700
2022-06-28,305.8999938964844,308.9700012207031,299.17999267578125,299.489990234375,272.44427490234375,2276600
2022-06-29,303.3699951171875,307.44000244140625,299.9100036621094,303.2799987792969,275.8919677734375,2475900
2022-06-30,296.5799865722656,300.3299865722656,292.2300109863281,297.0199890136719,270.1972961425781,2669500
2022-07-01,295.2699890136719,300.3299865722656,291.7200012207031,299.2300109863281,272.207763671875,1749400
2022-07-05,293.0,297.3500061035156,288.3599853515625,297.20001220703125,270.3609924316406,2480900
2022-07-06,296.2699890136719,297.3399963378906,290.6000061035156,293.760009765625,267.2316589355469,1774500
2022-07-07,297.6600036621094,299.07000732421875,293.6000061035156,298.6000061035156,271.6346130371094,2046500
2022-07-08,300.5,300.8900146484375,295.07000732421875,296.4700012207031,269.6969909667969,1438900
2022-07-11,293.20001220703125,296.5400085449219,291.8800048828125,293.17999267578125,266.7040100097656,1519400
2022-07-12,289.7099914550781,299.0799865722656,289.510009765625,292.5299987792969,266.1127624511719,1772600
2022-07-13,290.510009765625,291.19000244140625,285.80999755859375,290.1499938964844,263.94775390625,1884100
2022-07-14,284.239990234375,284.239990234375,277.8399963378906,281.5899963378906,256.1607360839844,3171900
2022-07-15,286.5,296.42999267578125,285.1499938964844,293.8699951171875,267.3317565917969,3457600
2022-07-18,305.760009765625,311.25,298.7099914550781,301.260009765625,274.0544128417969,6767900
2022-07-19,303.5899963378906,319.1400146484375,303.5,318.04998779296875,289.3280944824219,5641100
2022-07-20,317.2799987792969,322.1700134277344,316.30999755859375,321.45001220703125,292.4211730957031,3489800
2022-07-21,320.510009765625,327.1600036621094,319.8500061035156,326.5400085449219,297.051513671875,2518800
2022-07-22,327.1099853515625,329.04998779296875,322.19000244140625,323.92999267578125,294.6771545410156,1830300
2022-07-25,325.9700012207031,327.2900085449219,322.6000061035156,324.1199951171875,294.8499450683594,4024500
2022-07-26,321.7699890136719,324.2900085449219,317.760009765625,318.54998779296875,289.78302001953125,2054700
2022-07-27,320.2900085449219,326.3900146484375,318.3800048828125,324.5400085449219,295.2320861816406,2081900
2022-07-28,325.29998779296875,329.9800109863281,321.8900146484375,329.1099853515625,299.38934326171875,1820700
2022-07-29,329.5,335.17999267578125,329.5,333.3900146484375,303.2828674316406,2112200
2022-08-01,331.7300109863281,334.79998779296875,329.010009765625,332.0799865722656,302.0911865234375,1476500
2022-08-02,329.5,331.8299865722656,327.2200012207031,327.8800048828125,298.2704162597656,1862900
2022-08-03,332.07000732421875,335.510009765625,329.6199951171875,333.1700134277344,303.082763671875,1770600
2022-08-04,333.2799987792969,334.29998779296875,330.6199951171875,331.8699951171875,301.900146484375,1533400
2022-08-05,330.8999938964844,336.9100036621094,329.6700134277344,334.6700134277344,304.44720458984375,1876400
2022-08-08,337.1099853515625,338.8399963378906,334.3399963378906,334.67999267578125,304.4563903808594,1460000
2022-08-09,336.1499938964844,338.1700134277344,334.57000732421875,336.6199951171875,306.22119140625,1587900
2022-08-10,341.3599853515625,349.70001220703125,341.3500061035156,347.9100036621094,316.49163818359375,2459500
2022-08-11,350.0,356.04998779296875,349.7799987792969,351.67999267578125,319.9211730957031,2360800
2022-08-12,353.44000244140625,354.55999755859375,350.1499938964844,353.82000732421875,321.867919921875,2369000
2022-08-15,351.0,358.6199951171875,349.04998779296875,355.8500061035156,323.71466064453125,2045700
2022-08-16,352.989990234375,356.4700012207031,352.0199890136719,354.9700012207031,322.9140625,1740900
2022-08-17,351.8999938964844,355.5899963378906,350.7699890136719,353.739990234375,321.7950744628906,1576300
2022-08-18,352.6600036621094,355.1000061035156,350.8599853515625,354.5199890136719,322.50469970703125,1102200
2022-08-19,351.0,351.8599853515625,347.5,349.2699890136719,317.7287292480469,1812300
2022-08-22,342.44000244140625,344.5299987792969,340.760009765625,342.4200134277344,311.4974060058594,1723900
2022-08-23,341.95001220703125,344.07000732421875,339.0299987792969,340.17999267578125,309.459716796875,1538000
2022-08-24,339.0199890136719,344.32000732421875,338.489990234375,341.94000244140625,311.0607604980469,1530800
2022-08-25,344.45001220703125,346.8599853515625,342.1099853515625,346.489990234375,315.1998291015625,1763900
2022-08-26,348.3399963378906,348.739990234375,336.0,336.3999938964844,306.0210266113281,1703900
2022-08-29,333.9200134277344,336.3999938964844,332.010009765625,333.9200134277344,303.7650451660156,1835600
2022-08-30,335.0,336.010009765625,331.17999267578125,333.6300048828125,303.501220703125,1830300
2022-08-31,331.54998779296875,335.1400146484375,329.67999267578125,332.6700134277344,304.9127502441406,2488000
2022-09-01,329.8699951171875,333.69000244140625,324.6199951171875,333.5,305.6734619140625,1575100
2022-09-02,334.67999267578125,340.32000732421875,329.9700012207031,331.4800109863281,303.8220520019531,2215400
2022-09-06,332.32000732421875,333.25,323.4599914550781,326.489990234375,299.24835205078125,1578100
2022-09-07,324.25,332.1600036621094,323.25,330.55999755859375,302.978759765625,1496600
2022-09-08,330.2900085449219,335.80999755859375,327.3599853515625,335.3800048828125,307.3966064453125,1755600
2022-09-09,337.9800109863281,341.0299987792969,337.0299987792969,340.1000061035156,311.7227478027344,1445600
2022-09-12,341.6600036621094,344.3699951171875,340.0899963378906,342.5799865722656,313.99578857421875,1563200
2022-09-13,336.0799865722656,336.5199890136719,326.8299865722656,328.3900146484375,300.9897766113281,2242100
2022-09-14,328.45001220703125,330.92999267578125,323.5,327.260009765625,299.9541015625,1953300
2022-09-15,328.7300109863281,335.2799987792969,327.5899963378906,331.6199951171875,303.9503173828125,1489400
2022-09-16,326.3800048828125,329.0,319.7900085449219,326.2099914550781,298.9917297363281,2946800
2022-09-19,320.57000732421875,329.2900085449219,320.5400085449219,328.6600036621094,301.23724365234375,1652700
2022-09-20,325.70001220703125,326.79998779296875,320.010009765625,323.260009765625,296.2877502441406,1569900
2022-09-21,324.9200134277344,329.7900085449219,320.6300048828125,320.7099914550781,293.9505615234375,1796700
2022-09-22,322.32000732421875,323.3900146484375,311.20001220703125,312.9200134277344,286.81060791015625,2239900
2022-09-23,307.54998779296875,309.7900085449219,297.4599914550781,301.9700012207031,276.7742004394531,2918500
2022-09-26,299.0,302.1000061035156,292.30999755859375,294.6199951171875,270.03753662109375,2308800
2022-09-27,297.5,299.1499938964844,288.6199951171875,291.3800048828125,267.0679016113281,2007400
2022-09-28,294.0,302.4100036621094,292.4599914550781,300.7900085449219,275.6926574707031,2289700
2022-09-29,297.07000732421875,299.3500061035156,291.54998779296875,296.1099853515625,271.4031677246094,1930800
2022-09-30,296.0,301.0899963378906,292.70001220703125,293.04998779296875,268.5984802246094,1970800
2022-10-03,297.1700134277344,301.2300109863281,291.1000061035156,299.1499938964844,274.18951416015625,1938800
2022-10-04,306.79998779296875,315.1600036621094,305.8800048828125,314.8699951171875,288.597900390625,2399500
2022-10-05,306.5799865722656,310.2099914550781,303.6000061035156,309.0,283.2176818847656,1992800
2022-10-06,307.3900146484375,309.0799865722656,303.4200134277344,304.6700134277344,279.24896240234375,1367400
2022-10-07,304.0,305.1499938964844,299.1499938964844,301.0799865722656,275.9585266113281,1790100
2022-10-10,303.6300048828125,304.7200012207031,298.42999267578125,300.5400085449219,275.4635314941406,1309600
2022-10-11,298.010009765625,302.5199890136719,293.9200134277344,294.2099914550781,269.6617126464844,2392800
2022-10-12,293.989990234375,299.7799987792969,291.7099914550781,295.30999755859375,270.6699523925781,1763800
2022-10-13,290.4200134277344,308.760009765625,287.75,307.07000732421875,281.4486999511719,2724900
2022-10-14,307.4599914550781,311.6199951171875,299.07000732421875,299.989990234375,274.9594421386719,2397600
2022-10-17,304.4100036621094,311.6199951171875,304.1400146484375,306.7099914550781,281.1187438964844,3118600
2022-10-18,321.6700134277344,324.4800109863281,312.0,313.8500061035156,287.66302490234375,6428600
2022-10-19,312.6099853515625,314.7900085449219,308.05999755859375,311.760009765625,285.74737548828125,2363800
2022-10-20,312.1000061035156,316.04998779296875,309.0,310.80999755859375,284.8766784667969,2382300
2022-10-21,311.0,325.7699890136719,309.489990234375,325.1000061035156,297.97430419921875,3545700
2022-10-24,328.5,331.239990234375,325.8500061035156,328.70001220703125,301.2739562988281,2232600
2022-10-25,327.8599853515625,333.6000061035156,325.9200134277344,332.3999938964844,304.6652526855469,1837700
2022-10-26,334.5199890136719,338.6700134277344,334.1400146484375,335.69000244140625,307.6806945800781,2176700
2022-10-27,339.30999755859375,341.92999267578125,336.5299987792969,337.17999267578125,309.04638671875,1998800
2022-10-28,338.5199890136719,342.5799865722656,336.0,341.82000732421875,313.2992858886719,1677100
2022-10-31,341.07000732421875,346.17999267578125,340.57000732421875,344.510009765625,315.7647705078125,2224000
2022-11-01,345.1300048828125,348.69000244140625,343.7699890136719,348.5799865722656,319.49517822265625,2316600
2022-11-02,347.6199951171875,357.44000244140625,346.739990234375,349.7900085449219,320.604248046875,3221200
2022-11-03,347.5,350.6700134277344,342.5899963378906,348.8699951171875,319.7609558105469,2515600
2022-11-04,354.0,358.3800048828125,351.2300109863281,357.9100036621094,328.0467224121094,3172700
2022-11-07,360.010009765625,362.9599914550781,358.5199890136719,362.55999755859375,332.3087463378906,2526900
2022-11-08,362.29998779296875,367.19000244140625,361.4599914550781,364.0199890136719,333.64691162109375,3501300
2022-11-09,362.95001220703125,367.1499938964844,360.8800048828125,362.0,331.79547119140625,3047200
2022-11-10,370.0,380.42999267578125,369.739990234375,378.30999755859375,346.7445373535156,3790400
2022-11-11,380.0,387.0,378.75,385.1700134277344,353.0322265625,3409100
2022-11-14,384.0,387.29998779296875,380.5,382.3599853515625,350.4566955566406,2609100
2022-11-15,385.9800109863281,389.5799865722656,380.6499938964844,382.8800048828125,350.9332580566406,3192400
2022-11-16,383.2099914550781,385.3999938964844,380.010009765625,382.3299865722656,350.4291687011719,2303700
2022-11-17,377.1499938964844,381.7200012207031,375.010009765625,379.7799987792969,348.0920104980469,2297600
2022-11-18,381.2799987792969,382.8299865722656,377.3900146484375,379.20001220703125,347.5604248046875,2384500
2022-11-21,378.8999938964844,380.7699890136719,375.4200134277344,380.2099914550781,348.4861145019531,1877500
2022-11-22,381.3999938964844,385.8299865722656,381.3999938964844,383.8699951171875,351.8406677246094,2019400
2022-11-23,383.8999938964844,388.20001220703125,383.4100036621094,386.25,354.0220947265625,1865400
2022-11-25,385.760009765625,389.44000244140625,385.17999267578125,388.8599853515625,356.4143371582031,1129300
2022-11-28,385.42999267578125,388.3900146484375,380.8900146484375,382.3599853515625,350.4566955566406,2232200
2022-11-29,381.1300048828125,384.92999267578125,379.260009765625,383.7099914550781,351.6940612792969,1746900
2022-11-30,382.5,386.1499938964844,375.1000061035156,386.1499938964844,356.2515563964844,2964100
2022-12-01,386.5,386.5,380.45001220703125,383.80999755859375,354.0927429199219,1706300
2022-12-02,381.5199890136719,382.5199890136719,378.3999938964844,380.5799865722656,351.11285400390625,1932300
2022-12-05,378.54998779296875,378.8699951171875,369.30999755859375,371.5400085449219,342.7727355957031,2329600
2022-12-06,369.4800109863281,370.3699951171875,360.3299865722656,362.9100036621094,334.8109436035156,3081900
2022-12-07,362.489990234375,365.29998779296875,358.1499938964844,359.9200134277344,332.05242919921875,2128200
2022-12-08,362.0299987792969,362.5899963378906,356.05999755859375,358.0799865722656,330.3548583984375,1967800
2022-12-09,356.7099914550781,361.6400146484375,356.2099914550781,359.1400146484375,331.3328552246094,1588800
2022-12-12,358.57000732421875,364.010009765625,356.3399963378906,363.17999267578125,335.05999755859375,1750400
2022-12-13,374.6300048828125,378.55999755859375,365.510009765625,368.69000244140625,340.1434326171875,3062600
2022-12-14,367.010009765625,368.8299865722656,359.45001220703125,360.3800048828125,332.476806640625,2519700
2022-12-15,354.4800109863281,356.1099853515625,347.94000244140625,349.8299865722656,322.7436828613281,3163700
2022-12-16,345.0799865722656,347.7799987792969,343.4100036621094,346.3500061035156,319.533203125,5008800
2022-12-19,346.2699890136719,348.3999938964844,342.6300048828125,344.6099853515625,317.9278259277344,1646700
2022-12-20,345.989990234375,347.4200134277344,343.489990234375,344.489990234375,317.817138671875,1623000
2022-12-21,348.260009765625,350.8800048828125,346.8900146484375,350.1600036621094,323.048095703125,1923100
2022-12-22,347.1600036621094,348.04998779296875,339.8800048828125,345.5799865722656,318.8227844238281,1528900
2022-12-23,344.8399963378906,347.760009765625,343.1099853515625,345.510009765625,318.7581787109375,1062000
2022-12-27,346.510009765625,347.75,341.7900085449219,341.9700012207031,315.4922790527344,1035000
2022-12-28,340.5,342.8500061035156,339.29998779296875,340.8699951171875,314.4773864746094,1117200
2022-12-29,342.44000244140625,344.6400146484375,341.239990234375,343.42999267578125,316.8392333984375,1273600
2022-12-30,341.739990234375,343.69000244140625,339.3999938964844,343.3800048828125,316.7931213378906,1031400
2023-01-03,345.5,348.6000061035156,342.80999755859375,346.2200012207031,319.4132385253906,1589700
2023-01-04,348.0299987792969,350.30999755859375,345.0799865722656,347.70001220703125,320.77862548828125,1881000
2023-01-05,344.25,345.1400146484375,340.1400146484375,343.760009765625,317.1436767578125,1397800
2023-01-06,347.29998779296875,349.0,340.95001220703125,348.0799865722656,321.129150390625,3097800
2023-01-09,351.8800048828125,356.5,349.5,353.0,325.6682434082031,1989000
2023-01-10,352.6400146484375,357.5,350.5,357.3599853515625,329.690673828125,1610100
2023-01-11,358.8699951171875,365.5,356.2099914550781,364.4800109863281,336.2594299316406,2127000
2023-01-12,366.239990234375,370.1000061035156,362.57000732421875,369.94000244140625,341.2966003417969,2103100
2023-01-13,363.489990234375,374.3500061035156,362.3599853515625,374.0,345.04229736328125,3310200
2023-01-17,364.79998779296875,366.7900085449219,344.0,349.9200134277344,322.8267517089844,14448300
2023-01-18,348.32000732421875,354.7900085449219,347.79998779296875,349.0899963378906,322.0609436035156,5585200
2023-01-19,346.0299987792969,352.1600036621094,345.5199890136719,350.75,323.59246826171875,3100400
2023-01-20,349.8699951171875,352.25,338.2099914550781,341.8399963378906,315.3723449707031,11247200
2023-01-23,341.6700134277344,349.55999755859375,336.1600036621094,349.1400146484375,322.10711669921875,4915700
2023-01-24,340.0,350.29998779296875,340.0,348.3299865722656,321.35980224609375,2372000
2023-01-25,344.75,349.9599914550781,343.8999938964844,349.6300048828125,322.5591735839844,1985200
2023-01-26,351.7300109863281,355.0,349.5199890136719,354.9700012207031,327.4857482910156,1919200
2023-01-27,351.95001220703125,355.989990234375,351.8299865722656,353.70001220703125,326.3140563964844,2427400
2023-01-30,353.2900085449219,362.3299865722656,352.3999938964844,357.4599914550781,329.782958984375,3184500
2023-01-31,359.1600036621094,365.9200134277344,356.8599853515625,365.80999755859375,337.48638916015625,2311500
2023-02-01,359.1000061035156,368.94000244140625,358.760009765625,365.7099914550781,337.3940734863281,2889400
2023-02-02,368.0,372.8900146484375,364.54998779296875,369.4700012207031,340.8630065917969,2619600
2023-02-03,365.6199951171875,374.57000732421875,365.44000244140625,369.95001220703125,341.30584716796875,2243100
2023-02-06,369.0,371.260009765625,365.7799987792969,370.79998779296875,342.09002685546875,1816200
2023-02-07,368.1700134277344,376.30999755859375,367.3399963378906,374.3999938964844,345.4113464355469,2205500
2023-02-08,372.9200134277344,378.3500061035156,371.9800109863281,375.1000061035156,346.0570373535156,1893200
2023-02-09,377.0400085449219,379.67999267578125,367.79998779296875,367.989990234375,339.4976501464844,2052500
2023-02-10,367.0,372.2300109863281,364.55999755859375,371.2799987792969,342.5328674316406,1933400
2023-02-13,369.0899963378906,375.05999755859375,368.0,374.0199890136719,345.0606689453125,1570600
2023-02-14,373.94000244140625,377.04998779296875,369.3800048828125,371.7799987792969,342.994140625,2155500
2023-02-15,368.739990234375,374.3699951171875,368.25,374.3399963378906,345.35595703125,1687200
2023-02-16,370.75,374.25,368.79998779296875,370.20001220703125,341.5365295410156,1947800
2023-02-17,368.04998779296875,371.05999755859375,366.8599853515625,368.5,339.96807861328125,1857300
2023-02-21,366.7200012207031,366.7200012207031,360.0899963378906,361.1199951171875,333.1595458984375,2403000
2023-02-22,361.6300048828125,363.0,358.0400085449219,360.8900146484375,332.9473876953125,2203800
2023-02-23,363.20001220703125,367.8800048828125,359.6099853515625,363.5400085449219,335.3921203613281,1931400
2023-02-24,360.1700134277344,365.17999267578125,359.5299987792969,363.8500061035156,335.6781311035156,2428600
2023-02-27,368.2200012207031,370.29998779296875,364.510009765625,365.5299987792969,337.22808837890625,2842400
2023-02-28,366.0,366.010009765625,351.3299865722656,351.6499938964844,324.42279052734375,4945600
2023-03-01,349.3900146484375,352.5400085449219,345.9599914550781,346.2300109863281,321.70953369140625,2717400
2023-03-02,343.989990234375,349.7799987792969,340.489990234375,349.1000061035156,324.3763122558594,3259800
2023-03-03,350.6400146484375,357.7699890136719,349.55999755859375,357.0899963378906,331.8005065917969,2396200
2023-03-06,358.05999755859375,358.8599853515625,353.7300109863281,357.04998779296875,331.7632751464844,1614200
2023-03-07,355.54998779296875,356.20001220703125,345.6300048828125,346.0799865722656,321.5701904296875,2048500
2023-03-08,346.19000244140625,349.69000244140625,345.1700134277344,349.2900085449219,324.5528259277344,1584600
2023-03-09,349.20001220703125,354.2900085449219,341.04998779296875,342.0899963378906,317.8627624511719,3177800
2023-03-10,338.8699951171875,339.92999267578125,326.0299987792969,327.6700134277344,304.4639892578125,4559700
2023-03-13,319.6700134277344,326.1099853515625,314.5400085449219,315.510009765625,293.1651916503906,5660700
2023-03-14,324.7699890136719,326.3800048828125,318.95001220703125,322.1499938964844,299.3349304199219,3785900
2023-03-15,310.7699890136719,312.510009765625,304.4100036621094,312.19000244140625,290.0802917480469,6596700
2023-03-16,309.0,318.32000732421875,304.9200134277344,315.0899963378906,292.77490234375,4399100
2023-03-17,310.0899963378906,310.3999938964844,301.8699951171875,303.5400085449219,282.04290771484375,6369800
2023-03-20,306.7799987792969,312.20001220703125,306.260009765625,309.5299987792969,287.6086730957031,3963700
2023-03-21,317.6199951171875,320.32000732421875,315.3500061035156,317.2799987792969,294.80987548828125,3242400
2023-03-22,317.2799987792969,322.2200012207031,313.489990234375,313.6700134277344,291.4555358886719,2505900
2023-03-23,315.2099914550781,321.3599853515625,312.6400146484375,314.8500061035156,292.5519104003906,2585900
2023-03-24,310.1499938964844,312.75,305.3599853515625,312.57000732421875,290.43341064453125,2456700
2023-03-27,318.6199951171875,320.8999938964844,317.1700134277344,318.5299987792969,295.9713439941406,2300600
2023-03-28,319.0899963378906,320.6099853515625,316.1199951171875,318.44000244140625,295.8876953125,1224300
2023-03-29,322.5,322.7099914550781,318.67999267578125,320.7200012207031,298.0062561035156,1475900
2023-03-30,324.55999755859375,324.8699951171875,319.8800048828125,321.1400146484375,298.3965148925781,1456300
2023-03-31,323.4700012207031,327.3299865722656,322.4200134277344,327.1099853515625,303.9437255859375,2281100
2023-04-03,326.1400146484375,328.9800109863281,323.1499938964844,326.5199890136719,303.3954162597656,1808800
2023-04-04,326.82000732421875,326.8699951171875,320.1199951171875,322.6499938964844,299.79949951171875,1536800
2023-04-05,319.6199951171875,322.20001220703125,319.3699951171875,321.5299987792969,298.75885009765625,1329300
2023-04-06,320.3800048828125,323.2300109863281,319.9800109863281,322.3999938964844,299.5672607421875,1311000
2023-04-10,322.3999938964844,324.989990234375,321.30999755859375,324.9599914550781,301.9458923339844,1114400
2023-04-11,326.04998779296875,329.20001220703125,323.6700134277344,327.3699951171875,304.1851806640625,1559600
2023-04-12,331.7200012207031,332.07000732421875,327.17999267578125,330.239990234375,306.8520202636719,1862400
2023-04-13,330.0799865722656,332.94000244140625,327.0,332.1300048828125,308.608154296875,1765500
2023-04-14,336.5299987792969,339.6300048828125,334.32000732421875,336.9200134277344,313.0589599609375,2275700
2023-04-17,336.0,340.45001220703125,333.67999267578125,339.67999267578125,315.6235046386719,3012100
2023-04-18,328.0,336.54998779296875,326.1300048828125,333.9100036621094,310.2621154785156,7549500
2023-04-19,332.9800109863281,336.989990234375,331.6700134277344,336.8900146484375,313.03106689453125,2625400
2023-04-20,334.95001220703125,339.30999755859375,334.32000732421875,338.7099914550781,314.7221374511719,2217900
2023-04-21,339.0,342.3599853515625,336.0,341.6600036621094,317.4632263183594,2278900
2023-04-24,341.989990234375,345.05999755859375,341.5299987792969,343.9599914550781,319.600341796875,1966300
2023-04-25,341.0,343.4700012207031,338.3299865722656,339.4800109863281,315.4376525878906,2138200
2023-04-26,337.5799865722656,340.6000061035156,334.6400146484375,336.55999755859375,312.7244567871094,2041900
2023-04-27,340.1400146484375,343.3599853515625,338.760009765625,341.6000061035156,317.4075012207031,1768200
2023-04-28,340.04998779296875,344.1000061035156,339.70001220703125,343.44000244140625,319.1171569824219,1714100
2023-05-01,344.04998779296875,347.4599914550781,340.3699951171875,340.57000732421875,316.4504089355469,1375000
2023-05-02,339.010009765625,339.8900146484375,330.0,333.3699951171875,309.7603454589844,2397600
2023-05-03,332.3599853515625,334.8299865722656,328.25,328.6499938964844,305.3746337890625,1825400
2023-05-04,325.95001220703125,326.9800109863281,318.55999755859375,321.260009765625,298.5079650878906,2965100
2023-05-05,325.05999755859375,327.8699951171875,322.4200134277344,327.0199890136719,303.8599853515625,2413400
2023-05-08,329.6400146484375,330.29998779296875,325.6700134277344,326.510009765625,303.38616943359375,1607300
2023-05-09,325.0400085449219,327.17999267578125,323.29998779296875,324.7699890136719,301.7694091796875,1253300
2023-05-10,329.9200134277344,329.9200134277344,319.0799865722656,322.54998779296875,299.70660400390625,1752200
2023-05-11,319.6600036621094,321.94000244140625,318.17999267578125,320.7200012207031,298.0062561035156,1515200
2023-05-12,322.0400085449219,323.2200012207031,317.32000732421875,319.5,296.8725891113281,1099100
2023-05-15,320.4200134277344,323.25,318.05999755859375,322.07000732421875,299.2606506347656,1178200
2023-05-16,322.5,323.07000732421875,320.5,320.80999755859375,298.0898132324219,1618900
2023-05-17,322.6600036621094,330.3900146484375,322.6600036621094,330.17999267578125,306.7962341308594,2098100
2023-05-18,330.0,330.6000061035156,325.6600036621094,329.5799865722656,306.2387390136719,1645400
2023-05-19,330.0,331.95001220703125,324.7900085449219,326.1499938964844,303.0516662597656,1546100
2023-05-22,326.1499938964844,327.3399963378906,322.42999267578125,324.9200134277344,301.9088439941406,1498900
2023-05-23,323.6000061035156,327.1400146484375,322.80999755859375,323.57000732421875,300.65435791015625,1550900
2023-05-24,320.3900146484375,321.8999938964844,318.79998779296875,319.80999755859375,297.16070556640625,1439100
2023-05-25,318.9200134277344,325.17999267578125,318.79998779296875,323.8800048828125,300.9424133300781,1618500
2023-05-26,324.7200012207031,332.8699951171875,324.0,332.010009765625,308.49664306640625,2718700
2023-05-30,332.0799865722656,332.5299987792969,327.7300109863281,330.8299865722656,307.4001770019531,1998600
2023-05-31,326.07000732421875,327.25,321.82000732421875,323.8999938964844,303.2526550292969,2938000
2023-06-01,324.510009765625,324.67999267578125,314.0199890136719,316.3999938964844,296.2306823730469,3339700
2023-06-02,318.239990234375,325.2699890136719,317.04998779296875,323.6499938964844,303.01849365234375,3987700
2023-06-05,322.92999267578125,323.489990234375,320.32000732421875,321.80999755859375,301.29583740234375,1462900
2023-06-06,322.42999267578125,328.07000732421875,321.3999938964844,326.79998779296875,305.9676818847656,1495600
2023-06-07,327.6400146484375,337.8399963378906,326.32000732421875,335.75,314.3471984863281,3382700
2023-06-08,335.3599853515625,336.3299865722656,331.3399963378906,335.4700012207031,314.0850524902344,2009500
2023-06-09,335.2099914550781,336.20001220703125,332.5400085449219,336.0199890136719,314.5999755859375,1702100
2023-06-12,338.44000244140625,340.0899963378906,336.3500061035156,339.489990234375,317.84881591796875,2290800
2023-06-13,340.20001220703125,345.2799987792969,339.45001220703125,342.5,320.6669006347656,1772400
2023-06-14,344.7799987792969,347.7300109863281,337.2300109863281,338.4200134277344,316.8470153808594,1819400
2023-06-15,337.32000732421875,344.0,335.70001220703125,339.739990234375,318.0828552246094,3322700
2023-06-16,341.3800048828125,341.3999938964844,337.1099853515625,338.30999755859375,316.74395751953125,4544900
2023-06-20,335.32000732421875,335.3800048828125,329.2300109863281,330.7200012207031,309.6378479003906,3208100
2023-06-21,328.45001220703125,330.0,324.9200134277344,325.07000732421875,304.34808349609375,2158700
2023-06-22,323.69000244140625,324.260009765625,319.010009765625,319.5799865722656,299.20794677734375,2409100
2023-06-23,316.55999755859375,317.7099914550781,314.07000732421875,314.7099914550781,294.6484680175781,2612000
2023-06-26,315.1300048828125,316.6400146484375,312.1700134277344,312.3599853515625,292.4482116699219,2481000
2023-06-27,312.4100036621094,315.67999267578125,310.55999755859375,313.45001220703125,293.4687805175781,2156800
2023-06-28,311.7200012207031,314.8999938964844,310.69000244140625,313.6600036621094,293.66534423828125,2423500
2023-06-29,317.8500061035156,325.5,316.25,323.0899963378906,302.4942626953125,3553600
2023-06-30,325.82000732421875,326.0299987792969,322.45001220703125,322.5400085449219,301.9793395996094,2361800
2023-07-03,322.4100036621094,329.3999938964844,322.4100036621094,326.6099853515625,305.78985595703125,1106800
2023-07-05,323.95001220703125,324.6099853515625,319.6300048828125,320.04998779296875,299.6479797363281,2561000
2023-07-06,318.0,318.6400146484375,312.8399963378906,313.0,293.04742431640625,2896900
2023-07-07,313.20001220703125,317.3699951171875,312.70001220703125,315.1700134277344,295.07916259765625,2903100
2023-07-10,316.6700134277344,320.0799865722656,316.0,316.4700012207031,296.2962646484375,1775800
2023-07-11,318.8299865722656,321.0400085449219,314.5799865722656,320.8800048828125,300.42510986328125,2041700
2023-07-12,324.5799865722656,333.3500061035156,324.25,326.3999938964844,305.59320068359375,2741300
2023-07-13,327.3500061035156,329.2799987792969,325.69000244140625,328.67999267578125,307.72796630859375,2787800
2023-07-14,331.989990234375,332.4800109863281,325.0199890136719,326.19000244140625,305.3966369628906,1815200
2023-07-17,325.8900146484375,327.489990234375,324.3599853515625,327.20001220703125,306.34222412109375,1777400
2023-07-18,327.29998779296875,338.25,327.29998779296875,337.2699890136719,315.77032470703125,3887400
2023-07-19,338.0,345.8800048828125,331.29998779296875,340.54998779296875,318.8412780761719,6037400
2023-07-20,339.1600036621094,351.67999267578125,339.1600036621094,350.8599853515625,328.49395751953125,3915000
2023-07-21,351.7799987792969,355.0799865722656,346.7799987792969,351.9599914550781,329.5238952636719,3217400
2023-07-24,352.8299865722656,361.6199951171875,352.0,358.92999267578125,336.0495910644531,3517500
2023-07-25,357.4200134277344,360.82000732421875,353.9800109863281,354.70001220703125,332.0892333984375,2893000
2023-07-26,354.489990234375,360.260009765625,354.2799987792969,357.55999755859375,334.76690673828125,2281600
2023-07-27,358.1300048828125,360.5400085449219,354.1700134277344,354.510009765625,331.911376953125,2010800
2023-07-28,356.1099853515625,356.5,351.6099853515625,353.2300109863281,330.7129211425781,1827400
2023-07-31,354.8800048828125,357.20001220703125,354.0199890136719,355.8699951171875,333.18463134765625,1385500
2023-08-01,354.0,357.8699951171875,353.3900146484375,357.7200012207031,334.9167175292969,2024300
2023-08-02,354.989990234375,354.989990234375,348.8699951171875,351.1000061035156,328.7187194824219,2106600
2023-08-03,349.989990234375,355.2099914550781,348.6199951171875,353.1600036621094,330.6473693847656,1840400
2023-08-04,353.3399963378906,358.7300109863281,352.510009765625,353.2200012207031,330.7035827636719,1725300
2023-08-07,355.3999938964844,357.6700134277344,353.9200134277344,355.55999755859375,332.89434814453125,1260300
2023-08-08,351.70001220703125,352.0,342.0299987792969,348.260009765625,326.05975341796875,1917300
2023-08-09,346.82000732421875,348.4599914550781,342.489990234375,342.69000244140625,320.8448486328125,1326000
2023-08-10,344.07000732421875,347.260009765625,339.79998779296875,340.3999938964844,318.7007751464844,1345900
2023-08-11,339.92999267578125,341.7900085449219,337.54998779296875,340.7300109863281,319.009765625,1256800
2023-08-14,337.4100036621094,338.45001220703125,334.8599853515625,337.739990234375,316.2103576660156,1347000
2023-08-15,333.29998779296875,334.0299987792969,330.4800109863281,332.2099914550781,311.03289794921875,1657800
2023-08-16,330.5400085449219,332.9200134277344,328.9700012207031,329.1099853515625,308.13043212890625,3340300
2023-08-17,330.0,333.989990234375,324.0,327.5199890136719,306.6418151855469,3135200
2023-08-18,324.32000732421875,327.6199951171875,323.20001220703125,324.92999267578125,304.2168884277344,1730500
2023-08-21,325.3900146484375,326.3900146484375,319.3900146484375,322.05999755859375,301.5298767089844,1983500
2023-08-22,322.4800109863281,322.6400146484375,318.30999755859375,318.7900085449219,298.46832275390625,1810300
2023-08-23,320.6199951171875,322.45001220703125,318.0,322.3299865722656,301.7826843261719,1429000
2023-08-24,322.1499938964844,327.489990234375,319.510009765625,319.9599914550781,299.5637512207031,1185600
2023-08-25,320.79998779296875,322.7200012207031,318.19000244140625,320.1499938964844,299.74163818359375,1159600
2023-08-28,321.3399963378906,326.6000061035156,321.3399963378906,325.9700012207031,305.1906433105469,1440100
2023-08-29,325.55999755859375,332.70001220703125,324.67999267578125,332.54998779296875,311.3511657714844,1831700
2023-08-30,330.0,331.9100036621094,327.6499938964844,328.5799865722656,310.1994934082031,1131500
2023-08-31,329.4100036621094,330.489990234375,325.9599914550781,327.7099914550781,309.3780822753906,1271100
2023-09-01,329.6700134277344,331.6199951171875,326.2099914550781,327.3999938964844,309.08544921875,1201400
2023-09-05,327.3399963378906,328.4800109863281,322.6300048828125,323.75,305.6396179199219,1846000
2023-09-06,322.30999755859375,324.1400146484375,319.30999755859375,321.1300048828125,303.16619873046875,2120800
2023-09-07,320.6199951171875,324.2200012207031,320.1300048828125,321.9599914550781,303.94976806640625,1471100
2023-09-08,321.9200134277344,325.9700012207031,321.6600036621094,325.5199890136719,307.31060791015625,2026400
2023-09-11,328.260009765625,330.1499938964844,324.2900085449219,324.6499938964844,306.4892883300781,1283100
2023-09-12,324.010009765625,335.2799987792969,324.0,330.8999938964844,312.3896789550781,2054700
2023-09-13,333.5,337.010009765625,330.82000732421875,334.9800109863281,316.2414245605469,2165000
2023-09-14,339.0,345.1199951171875,336.8500061035156,344.57000732421875,325.2949523925781,2822700
2023-09-15,345.1499938964844,346.19000244140625,341.8599853515625,342.5400085449219,323.3785400390625,3063900
2023-09-18,342.5400085449219,344.260009765625,339.2699890136719,343.32000732421875,324.1148681640625,1356600
2023-09-19,343.4599914550781,344.9700012207031,337.9700012207031,341.8900146484375,322.7649841308594,1660200
2023-09-20,342.6099853515625,343.79998779296875,336.2900085449219,336.70001220703125,317.86517333984375,1224400
2023-09-21,334.5,334.69000244140625,330.0799865722656,330.239990234375,311.7665710449219,1685100
2023-09-22,330.1000061035156,331.5400085449219,326.8299865722656,327.8900146484375,309.5480651855469,1669100
2023-09-25,327.07000732421875,329.2900085449219,325.2799987792969,328.8399963378906,310.4449157714844,833300
2023-09-26,325.6099853515625,327.42999267578125,322.4200134277344,323.82000732421875,305.7056884765625,1481800
2023-09-27,324.9800109863281,325.0,318.9800109863281,321.95001220703125,303.9402770996094,1493000
2023-09-28,320.2099914550781,326.8399963378906,320.2099914550781,325.20001220703125,307.008544921875,1389600
2023-09-29,327.20001220703125,327.9599914550781,322.2699890136719,323.57000732421875,305.4697265625,1403900
2023-10-02,322.0299987792969,323.5799865722656,317.1000061035156,318.5,300.6832580566406,1303800
2023-10-03,315.2699890136719,315.67999267578125,304.3900146484375,306.1199951171875,288.9958190917969,3118600
2023-10-04,304.8500061035156,309.05999755859375,303.4800109863281,308.6000061035156,291.3371276855469,1872000
2023-10-05,307.3599853515625,310.54998779296875,304.2099914550781,310.5,293.1308288574219,1584600
2023-10-06,308.1099853515625,315.32000732421875,307.1700134277344,312.4800109863281,295.00006103515625,1595100
2023-10-09,308.8999938964844,313.4800109863281,308.3699951171875,312.6099853515625,295.122802734375,1094400
2023-10-10,314.4700012207031,316.8500061035156,312.2900085449219,314.7699890136719,297.1618957519531,1193800
2023-10-11,315.42999267578125,316.6300048828125,311.6000061035156,313.0199890136719,295.5098571777344,1672500
2023-10-12,314.1499938964844,314.25,308.0199890136719,309.8500061035156,292.5171813964844,1727700
2023-10-13,312.0,316.17999267578125,308.1700134277344,309.29998779296875,291.9979248046875,1785200
2023-10-16,313.17999267578125,315.8999938964844,310.25,314.3900146484375,296.8032531738281,2273900
2023-10-17,313.3800048828125,316.17999267578125,305.9100036621094,309.3599853515625,292.0545654296875,4123000
2023-10-18,307.0,307.2200012207031,301.4800109863281,301.9599914550781,285.0685729980469,3460300
2023-10-19,301.9599914550781,305.3399963378906,298.6300048828125,299.19000244140625,282.4535217285156,3211800
2023-10-20,298.5,303.25,298.1000061035156,300.04998779296875,283.265380859375,2329000
2023-10-23,298.2900085449219,303.54998779296875,298.19000244140625,299.2200012207031,282.4818115234375,2959800
2023-10-24,300.0,303.1000061035156,299.0799865722656,299.17999267578125,282.4441223144531,1697100
2023-10-25,298.6000061035156,300.0,295.0299987792969,296.760009765625,280.1594543457031,1809300
2023-10-26,296.9599914550781,300.1400146484375,294.7799987792969,296.989990234375,280.3765563964844,2011200
2023-10-27,297.54998779296875,298.2699890136719,289.3599853515625,289.9100036621094,273.6925964355469,2601700
2023-10-30,293.45001220703125,301.80999755859375,293.2900085449219,300.8299865722656,284.00177001953125,3065200
2023-10-31,301.67999267578125,304.2900085449219,300.70001220703125,303.6099853515625,286.626220703125,2611000
2023-11-01,303.3299865722656,308.25,302.8399963378906,307.1600036621094,289.97772216796875,2345400
2023-11-02,309.69000244140625,314.5400085449219,308.0,313.760009765625,296.2084655761719,2597000
2023-11-03,318.4599914550781,329.3299865722656,317.92999267578125,327.6199951171875,309.29315185546875,3742000
2023-11-06,326.6600036621094,328.8999938964844,322.1000061035156,323.9100036621094,305.7906799316406,2087600
2023-11-07,322.1300048828125,326.3900146484375,321.2900085449219,323.95001220703125,305.82843017578125,1505000
2023-11-08,323.95001220703125,326.6600036621094,323.6700134277344,324.55999755859375,306.4043273925781,1484400
2023-11-09,326.0,326.6499938964844,319.6600036621094,320.7799987792969,302.8358154296875,1787900
2023-11-10,323.32000732421875,326.05999755859375,321.6499938964844,325.510009765625,307.30120849609375,1781400
2023-11-13,324.1600036621094,328.7200012207031,323.5299987792969,326.9100036621094,308.6229248046875,1403300
2023-11-14,333.5299987792969,341.7799987792969,332.4700012207031,338.7200012207031,319.7722473144531,3592700
2023-11-15,339.8999938964844,341.0799865722656,335.3399963378906,337.6000061035156,318.7148742675781,2534500
2023-11-16,337.760009765625,339.75,335.010009765625,336.6700134277344,317.8368835449219,1620400
2023-11-17,339.5,340.45001220703125,338.1199951171875,339.19000244140625,320.2159118652344,1465200
2023-11-20,340.0,341.32000732421875,337.5,339.45001220703125,320.4613342285156,3146000
2023-11-21,338.3599853515625,339.0899963378906,334.54998779296875,334.9700012207031,316.23199462890625,1900900
2023-11-22,336.94000244140625,338.9100036621094,335.3699951171875,338.6400146484375,319.6966857910156,1235200
2023-11-24,338.79998779296875,340.2699890136719,337.6400146484375,339.1499938964844,320.1781311035156,460100
2023-11-27,339.19000244140625,340.0199890136719,335.739990234375,337.7099914550781,318.8186950683594,1250500
2023-11-28,337.3800048828125,338.3999938964844,334.8699951171875,337.6499938964844,318.7620544433594,1419000
2023-11-29,337.0,343.5299987792969,336.510009765625,340.260009765625,323.86376953125,2038100
2023-11-30,341.67999267578125,344.760009765625,340.0899963378906,341.5400085449219,325.08209228515625,1903600
2023-12-01,341.4599914550781,348.8900146484375,340.4200134277344,348.42999267578125,331.6401062011719,3623300
2023-12-04,346.29998779296875,350.489990234375,345.2900085449219,349.3900146484375,332.5538330078125,2178100
2023-12-05,346.6000061035156,346.8299865722656,340.5400085449219,341.75,325.281982421875,2429700
2023-12-06,343.510009765625,347.0,341.6000061035156,341.9700012207031,325.49139404296875,1869300
2023-12-07,343.7099914550781,344.69000244140625,342.0,344.6199951171875,328.0136413574219,2162400
2023-12-08,344.30999755859375,352.2900085449219,343.7799987792969,350.8299865722656,333.9244079589844,2238800
2023-12-11,351.44000244140625,353.0299987792969,349.04998779296875,351.760009765625,334.8096923828125,1636000
2023-12-12,351.4100036621094,354.0,349.5799865722656,352.6099853515625,335.61871337890625,1597600
2023-12-13,352.94000244140625,362.8500061035156,351.6000061035156,362.7300109863281,345.2510070800781,2876500
2023-12-14,366.5,386.20001220703125,365.0,383.4700012207031,364.99163818359375,5376300
2023-12-15,380.19000244140625,385.8999938964844,379.32000732421875,380.510009765625,362.1742858886719,4522300
2023-12-18,381.260009765625,382.760009765625,375.9100036621094,376.3999938964844,358.2622985839844,2740900
2023-12-19,376.010009765625,383.7699890136719,374.54998779296875,382.45001220703125,364.020751953125,2091800
2023-12-20,380.7300109863281,385.1300048828125,377.25,377.5199890136719,359.3283386230469,1836500
2023-12-21,380.04998779296875,381.489990234375,377.010009765625,380.57000732421875,362.23138427734375,1301600
2023-12-22,382.0,383.489990234375,379.4100036621094,380.6499938964844,362.3074951171875,1538200
2023-12-26,380.6499938964844,382.6099853515625,380.04998779296875,381.6099853515625,363.2212219238281,837300
2023-12-27,381.20001220703125,385.75,380.30999755859375,384.4800109863281,365.9530029296875,1367200
2023-12-28,384.5199890136719,387.760009765625,383.6300048828125,386.4100036621094,367.78997802734375,1024700
2023-12-29,385.57000732421875,386.6400146484375,383.57000732421875,385.7699890136719,367.18084716796875,881300
2024-01-02,383.0,389.1400146484375,382.19000244140625,388.29998779296875,369.5888977050781,2263100
2024-01-03,383.8800048828125,385.3999938964844,376.760009765625,381.7900085449219,363.3925476074219,2265300
2024-01-04,383.54998779296875,387.0899963378906,381.95001220703125,382.95001220703125,364.4966735839844,1618300
2024-01-05,381.9200134277344,389.4700012207031,381.0799865722656,386.44000244140625,367.8184814453125,2913900
2024-01-08,385.9700012207031,389.0799865722656,382.0299987792969,388.8599853515625,370.12188720703125,1902600
2024-01-09,384.6000061035156,385.95001220703125,381.7699890136719,383.739990234375,365.24859619140625,1708800
2024-01-10,381.3500061035156,383.04998779296875,378.5299987792969,381.9599914550781,363.5543212890625,1547300
2024-01-11,380.8900146484375,380.9800109863281,374.67999267578125,379.75,361.4508361816406,2209900
2024-01-12,383.3399963378906,385.8500061035156,376.5799865722656,377.75,359.5472412109375,2223800
2024-01-16,378.3599853515625,385.010009765625,374.32000732421875,380.45001220703125,362.1171875,3926600
2024-01-17,375.20001220703125,380.20001220703125,374.1300048828125,377.17999267578125,359.0047607421875,2415100
2024-01-18,380.3299865722656,381.6400146484375,374.55999755859375,376.9100036621094,358.7477111816406,1771200
2024-01-19,376.7300109863281,383.29998779296875,372.07000732421875,382.20001220703125,363.7828674316406,2603300
2024-01-22,386.3599853515625,392.7300109863281,384.55999755859375,385.9599914550781,367.3616027832031,2922700
2024-01-23,379.9800109863281,383.3599853515625,378.6300048828125,380.7699890136719,362.4217224121094,3313300
2024-01-24,381.80999755859375,384.6099853515625,379.17999267578125,379.3999938964844,361.11773681640625,2235800
2024-01-25,382.69000244140625,386.7099914550781,382.010009765625,382.70001220703125,364.2587585449219,2376300
2024-01-26,378.6499938964844,380.8999938964844,376.75,377.7900085449219,359.5853271484375,3464700
2024-01-29,375.8900146484375,380.8399963378906,374.239990234375,380.55999755859375,362.22186279296875,1632300
2024-01-30,384.0,387.9200134277344,381.5899963378906,386.8699951171875,368.2277526855469,3897900
2024-01-31,386.0,393.9100036621094,383.70001220703125,384.010009765625,365.505615234375,3421100
2024-02-01,384.42999267578125,389.5400085449219,378.79998779296875,383.8500061035156,365.35333251953125,2138500
2024-02-02,381.79998779296875,388.739990234375,380.6000061035156,387.8599853515625,369.1700744628906,2180900
2024-02-05,384.6000061035156,385.3299865722656,381.0,383.0199890136719,364.5633239746094,2231100
2024-02-06,383.0199890136719,386.82000732421875,383.0,384.989990234375,366.4383544921875,1487800
2024-02-07,385.30999755859375,387.07000732421875,382.5,386.6600036621094,368.0279235839844,1963200
2024-02-08,386.0,388.1099853515625,381.3399963378906,385.0400085449219,366.4859619140625,1913700
2024-02-09,384.7699890136719,386.1300048828125,382.5899963378906,384.260009765625,365.74359130859375,2028200
2024-02-12,385.0,396.3500061035156,384.32000732421875,392.6400146484375,373.7197570800781,2797200
2024-02-13,387.5899963378906,389.1600036621094,375.20001220703125,378.75,360.49908447265625,3030800
2024-02-14,380.8800048828125,381.4800109863281,375.7799987792969,378.0400085449219,359.8232727050781,2041300
2024-02-15,379.4200134277344,387.2099914550781,379.1400146484375,385.4200134277344,366.84765625,2218900
2024-02-16,383.239990234375,387.5799865722656,380.95001220703125,384.44000244140625,365.9149169921875,2376800
2024-02-20,380.95001220703125,385.5799865722656,380.8500061035156,384.5199890136719,365.9909973144531,2358900
2024-02-21,381.8399963378906,388.6600036621094,381.260009765625,388.2699890136719,369.5602722167969,1772500
2024-02-22,389.2300109863281,395.6000061035156,389.0,390.4700012207031,371.6543273925781,2326800
2024-02-23,390.0,396.7900085449219,389.2099914550781,391.04998779296875,372.2063293457031,2247400
2024-02-26,391.04998779296875,396.05999755859375,388.82000732421875,390.2200012207031,371.41632080078125,1797800
2024-02-27,392.260009765625,395.8999938964844,389.3299865722656,390.80999755859375,371.9779052734375,1724900
2024-02-28,387.19000244140625,393.260009765625,387.0,393.17999267578125,376.8857421875,2572900
2024-02-29,395.2200012207031,395.9800109863281,385.6700134277344,389.04998779296875,372.92694091796875,3139100
2024-03-01,389.6300048828125,391.0400085449219,385.25,388.1000061035156,372.01629638671875,1697700
2024-03-04,388.80999755859375,396.57000732421875,386.20001220703125,392.25,375.99432373046875,1955100
2024-03-05,390.7200012207031,397.489990234375,390.30999755859375,390.9100036621094,374.7098388671875,2697800
2024-03-06,395.0,395.2900085449219,384.5199890136719,389.57000732421875,373.4253234863281,2692400
2024-03-07,391.8999938964844,394.510009765625,387.05999755859375,388.42999267578125,372.3326110839844,2033100
2024-03-08,388.7300109863281,395.6199951171875,386.7099914550781,386.989990234375,370.9522705078125,1657200
2024-03-11,385.6700134277344,386.4100036621094,381.4200134277344,386.1600036621094,370.15667724609375,1654200
2024-03-12,387.6199951171875,389.1300048828125,383.7799987792969,388.17999267578125,372.0929870605469,1703900
2024-03-13,388.9100036621094,395.25,388.17999267578125,392.30999755859375,376.0518493652344,2370600
2024-03-14,394.42999267578125,396.3800048828125,385.45001220703125,388.6099853515625,372.505126953125,3029500
2024-03-15,388.8699951171875,391.1300048828125,386.3999938964844,387.2099914550781,371.1631774902344,3763900
2024-03-18,388.6499938964844,389.0299987792969,383.4100036621094,384.3699951171875,368.4407958984375,2069000
2024-03-19,384.07000732421875,390.7799987792969,383.7099914550781,388.6600036621094,372.5531311035156,1858200
2024-03-20,386.3599853515625,396.5,386.0,396.4700012207031,380.0394287109375,2157400
2024-03-21,399.7699890136719,414.0199890136719,399.0899963378906,413.7099914550781,396.56494140625,4613800
2024-03-22,414.3999938964844,416.760009765625,405.7799987792969,406.82000732421875,389.9604797363281,2190300
2024-03-25,406.8699951171875,410.4599914550781,403.8599853515625,404.94000244140625,388.158447265625,1683900
2024-03-26,406.0899963378906,409.3299865722656,404.5199890136719,406.17999267578125,389.3470153808594,1407000
2024-03-27,409.6199951171875,415.489990234375,408.3699951171875,415.25,398.0411376953125,2353600
2024-03-28,416.2099914550781,419.20001220703125,414.9800109863281,417.69000244140625,400.3799743652344,2409700
2024-04-01,416.67999267578125,417.95001220703125,412.0,413.510009765625,396.37322998046875,1863900
2024-04-02,410.739990234375,413.1700134277344,407.6199951171875,410.1499938964844,393.1524658203125,1976000
2024-04-03,411.0,416.6300048828125,411.0,414.0,396.8428649902344,1549200
2024-04-04,418.0,419.0,405.70001220703125,406.25,389.4140930175781,1704700
2024-04-05,406.55999755859375,409.1400146484375,401.4700012207031,408.07000732421875,391.1586608886719,1694900
2024-04-08,409.1000061035156,412.5299987792969,407.54998779296875,410.5400085449219,393.5263671875,1181900
2024-04-09,411.510009765625,413.2200012207031,407.04998779296875,410.7099914550781,393.68927001953125,1247200
2024-04-10,404.010009765625,405.45001220703125,397.2900085449219,400.760009765625,384.151611328125,1903300
2024-04-11,400.4800109863281,401.4700012207031,394.8399963378906,397.4800109863281,381.0075988769531,2176200
2024-04-12,392.8399963378906,394.0899963378906,387.1199951171875,389.489990234375,373.3486328125,2815800
2024-04-15,407.0,412.8699951171875,398.69000244140625,400.8800048828125,384.2666931152344,6177000
2024-04-16,404.45001220703125,404.9700012207031,395.17999267578125,396.8599853515625,380.41326904296875,3459700
2024-04-17,402.3999938964844,407.1199951171875,401.17999267578125,403.9100036621094,387.1710510253906,4373800
2024-04-18,405.489990234375,407.8599853515625,402.4100036621094,403.1099853515625,386.40423583984375,2776300
2024-04-19,404.05999755859375,408.0,403.010009765625,404.0,387.2573547363281,2805500
2024-04-22,406.94000244140625,417.9800109863281,404.57000732421875,417.3500061035156,400.0541076660156,4165600
2024-04-23,417.7099914550781,425.3500061035156,416.20001220703125,424.0,406.42852783203125,2662300
2024-04-24,421.5,424.5799865722656,419.6099853515625,423.0400085449219,405.5083312988281,1575900
2024-04-25,420.989990234375,423.6099853515625,414.8500061035156,420.04998779296875,402.6422119140625,1970100
2024-04-26,420.2300109863281,428.5299987792969,419.6400146484375,427.57000732421875,409.8505554199219,2322700
2024-04-29,427.57000732421875,433.3299865722656,427.20001220703125,430.80999755859375,412.9562683105469,2453000
2024-04-30,428.5,431.3900146484375,426.0,426.7099914550781,409.02618408203125,1829900
2024-05-01,426.69000244140625,433.42999267578125,425.19000244140625,426.95001220703125,409.2562255859375,2310100
2024-05-02,431.20001220703125,433.6499938964844,428.1700134277344,432.57000732421875,414.6433410644531,2087500
2024-05-03,435.0,442.29998779296875,434.9200134277344,438.17999267578125,420.0208435058594,2406300
2024-05-06,441.75,444.3800048828125,439.67999267578125,443.6700134277344,425.2833557128906,1914300
2024-05-07,445.1700134277344,447.4200134277344,442.8699951171875,443.79998779296875,425.407958984375,2058200
2024-05-08,442.79998779296875,448.0199890136719,442.04998779296875,446.95001220703125,428.42742919921875,2006700
2024-05-09,446.3399963378906,456.42999267578125,446.3399963378906,455.55999755859375,436.68060302734375,2710200
2024-05-10,456.5199890136719,458.75,454.32000732421875,454.7300109863281,435.8849792480469,1823900
2024-05-13,456.2699890136719,457.20001220703125,453.32000732421875,453.55999755859375,434.7635192871094,1579600
2024-05-14,454.8399963378906,461.7699890136719,454.010009765625,458.4700012207031,439.469970703125,2412900
2024-05-15,461.5899963378906,466.19000244140625,460.95001220703125,466.0899963378906,446.7742004394531,2217700
2024-05-16,464.3699951171875,468.25,462.2799987792969,464.5199890136719,445.269287109375,2070300
2024-05-17,466.3800048828125,468.6600036621094,464.25,467.7200012207031,448.336669921875,1655900
2024-05-20,468.20001220703125,471.4800109863281,462.6000061035156,462.94000244140625,443.7547607421875,2591500
2024-05-21,462.2300109863281,471.30999755859375,462.20001220703125,470.4100036621094,450.9151611328125,2762600
2024-05-22,467.3599853515625,470.3299865722656,459.75,462.3800048828125,443.2179260253906,2729500
2024-05-23,464.2300109863281,464.30999755859375,457.4100036621094,458.1499938964844,439.16326904296875,2254500
2024-05-24,459.8399963378906,465.25,459.1000061035156,461.17999267578125,442.06768798828125,1932200
2024-05-28,459.94000244140625,463.69000244140625,458.9100036621094,459.80999755859375,440.7544250488281,1930800
2024-05-29,454.8399963378906,458.739990234375,451.6499938964844,457.1700134277344,438.2238464355469,2315700
2024-05-30,453.0,455.8599853515625,447.6000061035156,450.2300109863281,434.1831970214844,2135000
2024-05-31,449.760009765625,456.7699890136719,448.1199951171875,456.5199890136719,440.2490234375,2638300
2024-06-03,458.8699951171875,458.8699951171875,450.20001220703125,454.9800109863281,438.7638854980469,1930700
2024-06-04,450.5,457.7099914550781,449.2099914550781,455.29998779296875,439.07244873046875,1835000
2024-06-05,457.54998779296875,463.0199890136719,457.5,461.67999267578125,445.22509765625,1678900
2024-06-06,461.82000732421875,464.5199890136719,457.010009765625,458.1000061035156,441.772705078125,1598000
2024-06-07,455.44000244140625,461.1600036621094,454.5,454.9100036621094,438.6963806152344,1736100
2024-06-10,452.3299865722656,455.3599853515625,450.29998779296875,453.54998779296875,437.3848571777344,1698600
2024-06-11,451.0400085449219,451.8599853515625,443.3800048828125,444.2699890136719,428.4356384277344,1938200
2024-06-12,455.6000061035156,457.6400146484375,446.19000244140625,448.70001220703125,432.7077331542969,1733000
2024-06-13,446.7300109863281,448.32000732421875,442.1499938964844,446.3500061035156,430.44146728515625,1849100
2024-06-14,441.989990234375,448.2300109863281,439.1499938964844,446.4599914550781,430.54754638671875,1559100
2024-06-17,445.1000061035156,450.7799987792969,443.3900146484375,450.17999267578125,434.13494873046875,1531600
2024-06-18,449.57000732421875,457.69000244140625,448.510009765625,457.42999267578125,441.1265869140625,1798400
2024-06-20,458.0,460.4100036621094,455.239990234375,458.04998779296875,441.7245178222656,2080600
2024-06-21,458.67999267578125,458.79998779296875,449.8999938964844,450.17999267578125,434.13494873046875,3780800
2024-06-24,451.25,463.5199890136719,450.0,462.0899963378906,445.6204833984375,1882200
2024-06-25,459.4599914550781,464.0799865722656,456.75,457.3800048828125,441.078369140625,1555900
2024-06-26,455.4100036621094,457.92999267578125,452.45001220703125,455.8599853515625,439.61248779296875,2131700
2024-06-27,449.7799987792969,449.7799987792969,442.79998779296875,445.9599914550781,430.0653991699219,2835200
2024-06-28,450.1000061035156,457.3399963378906,449.5299987792969,452.32000732421875,436.1986999511719,3839700
2024-07-01,454.510009765625,464.0199890136719,454.010009765625,463.6600036621094,447.134521484375,1850500
2024-07-02,461.510009765625,466.2699890136719,459.6000061035156,465.6099853515625,449.0150451660156,1491800
2024-07-03,469.0400085449219,469.8900146484375,465.82000732421875,467.9200134277344,451.2427062988281,993900
2024-07-05,467.4700012207031,467.5799865722656,460.1300048828125,464.75,448.1856384277344,1593800
2024-07-08,467.6499938964844,474.8599853515625,464.0400085449219,464.82000732421875,448.253173828125,2214300
2024-07-09,465.6000061035156,479.29998779296875,461.5799865722656,472.8299865722656,455.9776611328125,4525100
2024-07-10,472.510009765625,479.8599853515625,469.8500061035156,478.8900146484375,461.82171630859375,1946000
2024-07-11,480.0,483.1600036621094,476.2699890136719,479.2300109863281,462.1495666503906,2251400
2024-07-12,480.92999267578125,483.44000244140625,478.1000061035156,479.8800048828125,462.77642822265625,2727800
2024-07-15,480.25,493.0,476.30999755859375,492.2300109863281,474.6863098144531,3568200
2024-07-16,494.0,506.5899963378906,491.989990234375,503.0199890136719,485.0916442871094,3981700
2024-07-17,503.0,509.4800109863281,499.42999267578125,502.17999267578125,484.2816162109375,3908900
2024-07-18,499.5199890136719,503.69000244140625,484.2200012207031,486.2099914550781,468.8808288574219,3320200
2024-07-19,489.1199951171875,492.6000061035156,483.19000244140625,484.92999267578125,467.64642333984375,2032700
2024-07-22,484.55999755859375,489.4700012207031,482.3800048828125,487.0400085449219,469.6812438964844,1792500
2024-07-23,487.0799865722656,495.80999755859375,486.2799987792969,492.1499938964844,474.60906982421875,2020500
2024-07-24,489.260009765625,495.989990234375,485.82000732421875,486.70001220703125,469.3533935546875,1598600
2024-07-25,486.04998779296875,496.1099853515625,483.2300109863281,491.7099914550781,474.184814453125,1489700
2024-07-26,495.7200012207031,504.0,495.6499938964844,499.0299987792969,481.243896484375,2249700
2024-07-29,500.4200134277344,502.0,491.05999755859375,492.7200012207031,475.1587829589844,1599500
2024-07-30,498.30999755859375,509.4700012207031,498.29998779296875,505.6700134277344,487.6472473144531,2642500
2024-07-31,504.8599853515625,517.260009765625,504.8599853515625,509.0299987792969,490.88751220703125,2658900
2024-08-01,510.0,514.02001953125,494.67999267578125,500.1199951171875,482.2950439453125,4006800
2024-08-02,491.1000061035156,494.4599914550781,467.2099914550781,470.6400146484375,453.8657531738281,6115500
2024-08-05,447.5899963378906,463.17999267578125,437.3699951171875,459.0199890136719,442.6598815917969,4177200
2024-08-06,461.010009765625,475.25,457.42999267578125,470.2200012207031,453.4607238769531,2209300
2024-08-07,479.3900146484375,488.54998779296875,472.57000732421875,473.010009765625,456.15130615234375,2587600
2024-08-08,477.8699951171875,487.7300109863281,477.1600036621094,485.7699890136719,468.45648193359375,1936400
2024-08-09,485.0199890136719,492.0,482.20001220703125,490.260009765625,472.7864990234375,1622700
2024-08-12,490.260009765625,492.8699951171875,483.75,485.5,468.1961364746094,1839300
2024-08-13,490.2900085449219,493.2699890136719,486.4700012207031,491.94000244140625,474.40655517578125,1243700
2024-08-14,492.8999938964844,499.3500061035156,488.3999938964844,498.70001220703125,480.9256591796875,1545600
2024-08-15,505.0,506.9100036621094,498.260009765625,499.0199890136719,481.2342224121094,1732300
2024-08-16,497.04998779296875,504.9100036621094,497.0,504.260009765625,486.2875061035156,1587000
2024-08-19,505.0,507.7799987792969,501.8599853515625,504.67999267578125,486.6925354003906,1027900
2024-08-20,503.8699951171875,504.1600036621094,496.5,497.3399963378906,479.6141052246094,2122700
2024-08-21,499.5,500.7799987792969,494.0299987792969,496.4599914550781,478.7654724121094,917100
2024-08-22,497.0,499.70001220703125,494.7900085449219,497.75,480.009521484375,943800
2024-08-23,502.75,512.4400024414062,499.8500061035156,509.4200134277344,491.2635498046875,1751800
2024-08-26,512.3400268554688,513.5,505.32000732421875,507.8699951171875,489.76885986328125,1084200
2024-08-27,507.8399963378906,511.4800109863281,506.5899963378906,507.260009765625,489.1805725097656,977900
2024-08-28,506.6000061035156,508.3699951171875,498.4700012207031,503.3299865722656,485.39056396484375,1568100
2024-08-29,506.0,513.239990234375,501.1400146484375,510.1000061035156,491.9193420410156,1566300
2024-08-30,507.8299865722656,511.19000244140625,505.1700134277344,510.25,494.9750671386719,1838900
2024-09-03,507.4700012207031,509.70001220703125,485.3999938964844,487.4599914550781,472.8672790527344,2373600
2024-09-04,486.70001220703125,496.20001220703125,486.70001220703125,490.6400146484375,475.95208740234375,1509400
2024-09-05,493.5799865722656,495.7699890136719,483.07000732421875,487.8800048828125,473.2746887207031,1828300
2024-09-06,486.6000061035156,495.4100036621094,477.05999755859375,479.6099853515625,465.2522888183594,1995600
2024-09-09,485.5299987792969,494.2799987792969,483.3900146484375,488.57000732421875,473.944091796875,1714200
2024-09-10,489.1300048828125,489.20001220703125,461.57000732421875,467.1300048828125,453.1458740234375,3583100
2024-09-11,463.9800109863281,471.8900146484375,457.4800109863281,471.1700134277344,457.0649719238281,2426500
2024-09-12,471.29998779296875,474.3399963378906,465.3999938964844,474.05999755859375,459.8684387207031,1480500
2024-09-13,475.989990234375,482.1000061035156,475.5,478.989990234375,464.65081787109375,1794500
2024-09-16,481.42999267578125,487.3800048828125,479.489990234375,485.1600036621094,470.6361389160156,1500300
2024-09-17,488.0,489.7300109863281,481.79998779296875,485.3900146484375,470.8592529296875,1444900
2024-09-18,485.3999938964844,492.989990234375,481.7699890136719,484.5799865722656,470.073486328125,1699500
2024-09-19,494.739990234375,506.4100036621094,493.4599914550781,503.8299865722656,488.7472229003906,3060700
2024-09-20,500.19000244140625,502.04998779296875,495.4800109863281,498.42999267578125,483.5088806152344,4452600
2024-09-23,498.2099914550781,501.3999938964844,495.2200012207031,497.4100036621094,482.5194091796875,953200
2024-09-24,497.5899963378906,499.55999755859375,494.1000061035156,498.0199890136719,483.1111145019531,1035400
2024-09-25,498.5,502.0,490.3999938964844,491.1400146484375,476.4371643066406,1763900
2024-09-26,494.0,498.3999938964844,492.4800109863281,496.9200134277344,482.0440979003906,1378100
2024-09-27,498.9700012207031,505.3999938964844,495.8599853515625,498.510009765625,483.58648681640625,1420100
2024-09-30,494.8900146484375,496.5199890136719,488.8999938964844,495.1099853515625,480.2882385253906,1602500
2024-10-01,494.5799865722656,494.5799865722656,484.6099853515625,490.1700134277344,475.4961853027344,1528600
2024-10-02,491.1700134277344,494.8599853515625,487.95001220703125,491.989990234375,477.2616271972656,1445100
2024-10-03,489.92999267578125,490.510009765625,484.20001220703125,486.1000061035156,471.5480041503906,1290600
2024-10-04,495.6400146484375,496.30999755859375,486.0,495.1600036621094,480.33673095703125,1721600
2024-10-07,494.6300048828125,499.010009765625,490.7900085449219,494.6199951171875,479.81292724609375,1173300
2024-10-08,497.0,498.3399963378906,492.7799987792969,496.57000732421875,481.7045593261719,1296700
2024-10-09,498.20001220703125,506.2699890136719,495.25,505.17999267578125,490.05682373046875,1695900
2024-10-10,506.30999755859375,506.79998779296875,499.5899963378906,503.7200012207031,488.6405029296875,1309000
2024-10-11,508.0,517.969970703125,507.79998779296875,516.2999877929688,500.8438720703125,2409700
2024-10-14,517.6500244140625,523.0700073242188,515.510009765625,522.75,507.1007995605469,2174900
2024-10-15,538.7999877929688,540.510009765625,515.510009765625,522.3800048828125,506.7419128417969,4525400
2024-10-16,530.0,536.219970703125,525.97998046875,529.8599853515625,513.9979248046875,2649000
2024-10-17,531.239990234375,535.2899780273438,528.22998046875,529.0,513.163818359375,2123500
2024-10-18,529.3900146484375,530.77001953125,526.8699951171875,528.5,512.6787719726562,1779200
2024-10-21,528.0,529.8499755859375,517.0,517.7999877929688,502.2989807128906,1752100
2024-10-22,515.6099853515625,519.6300048828125,512.9400024414062,518.2999877929688,502.7840576171875,1588000
2024-10-23,515.7999877929688,520.0,513.4000244140625,517.2000122070312,501.7170715332031,1263200
2024-10-24,519.0,525.0,518.2000122070312,524.5,508.7984313964844,2058200
2024-10-25,528.0499877929688,528.7999877929688,510.739990234375,512.5999755859375,497.2546691894531,1633200
2024-10-28,515.4000244140625,524.5900268554688,514.97998046875,523.5800170898438,507.906005859375,1687100
2024-10-29,521.1799926757812,527.239990234375,521.0,524.280029296875,508.5850524902344,1281600
2024-10-30,523.4000244140625,530.7899780273438,523.0700073242188,524.4000244140625,508.7015075683594,1441600
2024-10-31,522.4400024414062,525.0,514.530029296875,517.7899780273438,502.2892761230469,2061700
2024-11-01,520.0,526.6400146484375,517.0399780273438,519.3499755859375,503.8025817871094,1625000
2024-11-04,518.0,518.0499877929688,510.510009765625,511.4700012207031,496.1585388183594,1797800
2024-11-05,513.0,527.4600219726562,512.5999755859375,526.9600219726562,511.18487548828125,2169900
2024-11-06,567.2999877929688,598.6099853515625,566.0999755859375,595.97998046875,578.1385498046875,8042800
2024-11-07,590.0,595.0,581.52001953125,582.1699829101562,564.7420043945312,4475600
2024-11-08,586.4199829101562,595.1500244140625,581.2999877929688,589.260009765625,571.6197509765625,2714000
2024-11-11,598.9000244140625,607.1500244140625,596.1699829101562,602.3400268554688,584.3082275390625,2510800
2024-11-12,598.0499877929688,602.0900268554688,591.469970703125,592.5900268554688,574.8502197265625,2392900
2024-11-13,594.6300048828125,603.5499877929688,592.6500244140625,594.219970703125,576.4313354492188,1763100
2024-11-14,600.0,601.530029296875,586.239990234375,588.6099853515625,570.9891967773438,1670500
2024-11-15,593.3599853515625,595.1400146484375,587.0900268554688,593.5399780273438,575.7716064453125,2007700
2024-11-18,594.7100219726562,595.0700073242188,584.719970703125,587.989990234375,570.3877563476562,1848900
2024-11-19,579.6599731445312,584.760009765625,575.510009765625,581.3800048828125,563.9757080078125,2217400
2024-11-20,583.8300170898438,587.7999877929688,576.6199951171875,581.9299926757812,564.5091552734375,1528600
2024-11-21,586.510009765625,600.7000122070312,584.510009765625,596.1099853515625,578.2647094726562,2281900
2024-11-22,596.219970703125,603.9400024414062,594.4400024414062,602.780029296875,584.735107421875,1733700
2024-11-25,608.7899780273438,611.2999877929688,598.8300170898438,603.030029296875,584.9776000976562,2940800
2024-11-26,600.1300048828125,607.1900024414062,593.0,605.5,587.3735961914062,2846500
2024-11-27,607.6799926757812,612.25,603.280029296875,605.4299926757812,587.3056640625,1424500
2024-11-29,609.3099975585938,612.72998046875,607.0599975585938,608.5700073242188,590.3517456054688,1170200
2024-12-02,608.0,611.9099731445312,601.2999877929688,601.7100219726562,586.5886840820312,1804100
2024-12-03,608.9600219726562,611.4199829101562,600.7999877929688,602.0800170898438,586.949462890625,1718100
2024-12-04,603.0,604.280029296875,596.760009765625,598.7100219726562,583.6641235351562,1617300
2024-12-05,600.530029296875,606.5599975585938,596.3499755859375,596.7999877929688,581.8021240234375,1672800
2024-12-06,597.1599731445312,600.0,594.3699951171875,599.6799926757812,584.6097412109375,1405700
2024-12-09,598.989990234375,603.0,593.719970703125,594.1199951171875,579.1893920898438,1633200
2024-12-10,590.0,596.27001953125,583.760009765625,585.030029296875,570.327880859375,2600800
2024-12-11,590.1199951171875,593.7100219726562,586.9000244140625,592.5599975585938,577.668701171875,2195300
2024-12-12,592.5900268554688,596.3200073242188,588.6099853515625,591.6099853515625,576.7424926757812,1218400
2024-12-13,594.0,595.0,585.0800170898438,585.47998046875,570.7665405273438,1215000
2024-12-16,588.0,588.27001953125,578.7000122070312,586.3300170898438,571.59521484375,1713300
2024-12-17,580.8400268554688,581.6099853515625,572.2899780273438,574.6799926757812,560.2379760742188,2314100
2024-12-18,577.489990234375,579.469970703125,544.489990234375,550.25,536.4219360351562,3271600
2024-12-19,561.4400024414062,567.0,553.5999755859375,553.989990234375,540.0679321289062,2753300
2024-12-20,554.9400024414062,572.9000244140625,553.3800048828125,566.0999755859375,551.8735961914062,4515900
2024-12-23,565.0,571.6400146484375,561.7999877929688,570.780029296875,556.43603515625,1519500
2024-12-24,574.2000122070312,582.7899780273438,571.3599853515625,582.7899780273438,568.1441650390625,913400
2024-12-26,578.1500244140625,582.5900268554688,577.5,581.22998046875,566.6233520507812,1092000
2024-12-27,577.0,581.9600219726562,571.3499755859375,576.1799926757812,561.7003784179688,1486000
2024-12-30,567.27001953125,576.02001953125,565.0999755859375,573.5499877929688,559.1363525390625,1265900
2024-12-31,575.0700073242188,576.9199829101562,570.4000244140625,572.6199951171875,558.229736328125,1055800
2025-01-02,579.3099975585938,584.3099975585938,569.739990234375,574.969970703125,560.5206298828125,2219000
2025-01-03,581.0,582.1400146484375,571.72998046875,580.1300048828125,565.551025390625,1422600
2025-01-06,584.97998046875,593.6500244140625,579.8200073242188,583.3900146484375,568.7291870117188,2257000
2025-01-07,587.1099853515625,588.280029296875,568.4000244140625,580.1199951171875,565.541259765625,2021900
2025-01-08,581.0399780273438,581.2000122070312,572.6699829101562,580.02001953125,565.44384765625,1513400
2025-01-10,576.25,576.25,558.010009765625,560.0,545.9269409179688,2817900
2025-01-13,557.8800048828125,566.1900024414062,556.760009765625,562.9500122070312,548.8027954101562,1871200
2025-01-14,569.6599731445312,573.5900268554688,565.2000122070312,571.530029296875,557.1671752929688,2221900
2025-01-15,598.0,609.4099731445312,593.0,605.9199829101562,590.69287109375,5119800
2025-01-16,609.989990234375,616.8400268554688,606.0,612.989990234375,597.5852661132812,3224500
2025-01-17,617.7999877929688,627.0,613.0,625.9400024414062,610.2097778320312,3425200
2025-01-21,616.8099975585938,635.4299926757812,609.0,634.739990234375,618.7886352539062,5076700
2025-01-22,633.4400024414062,635.5999755859375,629.7100219726562,632.72998046875,616.8291625976562,2835700
2025-01-23,634.9199829101562,645.5399780273438,634.489990234375,639.5,623.4290771484375,2582700
2025-01-24,630.0,640.5999755859375,628.9600219726562,636.9000244140625,620.8944091796875,3183500
2025-01-27,625.0,635.7100219726562,624.4600219726562,633.280029296875,617.3654174804688,3351700
2025-01-28,632.2000122070312,639.0800170898438,631.8099975585938,637.7999877929688,621.771728515625,2338000
2025-01-29,637.0,649.0,636.4099731445312,637.3800048828125,621.3623046875,1918900
2025-01-30,644.489990234375,649.52001953125,641.0,645.7000122070312,629.4732666015625,1812800
2025-01-31,650.0,650.0,637.4400024414062,640.4000244140625,624.3065185546875,1995100
2025-02-03,626.0,638.47998046875,622.47998046875,632.3699951171875,616.4782104492188,2102600
2025-02-04,632.0,637.6699829101562,629.0900268554688,634.1799926757812,618.2427978515625,1743400
2025-02-05,638.0,646.4099731445312,635.530029296875,645.4500122070312,629.2295532226562,1908200
2025-02-06,650.0,658.8499755859375,648.9400024414062,658.219970703125,641.6785888671875,2439200
2025-02-07,659.4000244140625,663.8699951171875,653.1599731445312,655.9000244140625,639.4169311523438,2616700
2025-02-10,659.02001953125,662.489990234375,644.25,650.530029296875,634.181884765625,2351600
2025-02-11,646.780029296875,649.0399780273438,643.5999755859375,647.239990234375,630.9744873046875,2711400
2025-02-12,643.760009765625,650.469970703125,639.1099853515625,649.0,632.6903076171875,2295800
2025-02-13,651.8300170898438,652.0,640.510009765625,648.9500122070312,632.6415405273438,2031800
2025-02-14,650.3200073242188,663.260009765625,650.3200073242188,660.5499877929688,643.9500122070312,2246000
2025-02-18,662.5900268554688,672.1900024414062,661.02001953125,672.1900024414062,655.2975463867188,2350100
2025-02-19,669.0800170898438,671.0399780273438,663.280029296875,668.1500244140625,651.359130859375,1953600
2025-02-20,668.030029296875,670.280029296875,631.6599731445312,642.260009765625,626.1197509765625,3929000
2025-02-21,644.75,647.5,623.4299926757812,625.5999755859375,609.8782348632812,3000800
2025-02-24,633.510009765625,637.2999877929688,614.7999877929688,626.1400146484375,610.40478515625,3274100
2025-02-25,628.530029296875,631.3200073242188,606.0,614.9099731445312,599.4569702148438,2885900
2025-02-26,616.6699829101562,623.1300048828125,615.2000122070312,617.77001953125,602.2451171875,2001200
2025-02-27,617.5399780273438,625.22998046875,607.3099975585938,608.0,592.7205810546875,2396300
2025-02-28,607.7899780273438,623.6500244140625,604.010009765625,622.2899780273438,609.65966796875,3337200
2025-03-03,622.4000244140625,628.780029296875,598.3200073242188,605.260009765625,592.9754028320312,3152300
2025-03-04,595.97998046875,600.0,567.5700073242188,581.1400146484375,569.3449096679688,4061000
2025-03-05,582.0900268554688,597.1199951171875,576.780029296875,593.0700073242188,581.0327758789062,2600600
2025-03-06,580.5900268554688,586.7100219726562,564.6199951171875,567.6699829101562,556.1482543945312,4332300
2025-03-07,568.1699829101562,568.1699829101562,544.9099731445312,559.6699829101562,548.3106689453125,4069600
2025-03-10,542.2999877929688,546.469970703125,523.1300048828125,531.6599731445312,520.869140625,5272100
2025-03-11,532.469970703125,539.989990234375,524.2000122070312,531.4299926757812,520.643798828125,4190500
2025-03-12,544.0,545.0,528.5900268554688,535.7100219726562,524.8369750976562,3078100
2025-03-13,535.6699829101562,538.1400146484375,520.0599975585938,524.8099975585938,514.158203125,2529100
2025-03-14,533.989990234375,543.5700073242188,526.7000122070312,541.4099731445312,530.4212646484375,2808100
2025-03-17,541.22998046875,557.1599731445312,540.0,551.3400268554688,540.1497802734375,2695600
2025-03-18,550.2899780273438,553.75,546.6500244140625,551.780029296875,540.5808715820312,2641000
2025-03-19,549.0,563.0,544.5999755859375,557.3400268554688,546.0280151367188,2769800
2025-03-20,553.0999755859375,568.4400024414062,552.0,562.6799926757812,551.259521484375,2531300
2025-03-21,555.3300170898438,567.0,551.2100219726562,565.1400146484375,553.6697387695312,3565600
2025-03-24,575.0,582.719970703125,573.0499877929688,580.0999755859375,568.3260498046875,1877700
2025-03-25,584.6900024414062,586.8900146484375,578.2100219726562,585.9400024414062,574.0474853515625,1875500
2025-03-26,588.3900146484375,592.6400146484375,571.0,573.9199829101562,562.2714233398438,1944200
2025-03-27,565.0,566.0,552.5499877929688,558.9199829101562,547.5758666992188,2100900
2025-03-28,555.9500122070312,560.5,537.7100219726562,543.1199951171875,532.0966186523438,2773100
2025-03-31,533.8200073242188,547.3900146484375,528.5900268554688,546.2899780273438,535.2022094726562,2455100
2025-04-01,543.25,551.9600219726562,533.239990234375,548.4500122070312,537.3184204101562,1869600
2025-04-02,539.7999877929688,567.3200073242188,539.0800170898438,563.0999755859375,551.6710815429688,2560700
2025-04-03,525.4299926757812,529.989990234375,509.55999755859375,511.2300109863281,500.8538513183594,5193900
2025-04-04,487.0,492.0,460.0,470.80999755859375,461.2542419433594,8105200
2025-04-07,446.8999938964844,489.9800109863281,439.3800048828125,465.510009765625,456.0617980957031,6353800
2025-04-08,488.25,491.9200134277344,452.8299865722656,462.2200012207031,452.8385925292969,4240900
2025-04-09,451.3599853515625,522.0,447.1099853515625,516.8699951171875,506.37939453125,7024100
2025-04-10,503.1000061035156,503.1000061035156,474.0,489.79998779296875,479.8587646484375,5374500
2025-04-11,487.0,498.5199890136719,478.5799865722656,494.44000244140625,484.40460205078125,3770200
2025-04-14,510.0,512.0,497.1499938964844,503.9800109863281,493.7509765625,4392600
2025-04-15,507.4100036621094,518.6500244140625,507.0,507.8900146484375,497.5816345214844,2501200
2025-04-16,501.7200012207031,509.45001220703125,492.69000244140625,499.04998779296875,488.9210205078125,2765600
2025-04-17,503.239990234375,514.8300170898438,499.1199951171875,509.489990234375,499.1491394042969,2593500
2025-04-21,505.3999938964844,509.2699890136719,494.67999267578125,501.3599853515625,491.1841125488281,2859300
2025-04-22,510.2300109863281,521.0,508.92999267578125,519.989990234375,509.4360046386719,2514600
2025-04-23,533.6300048828125,551.7899780273438,528.260009765625,529.3099975585938,518.5668334960938,3048100
2025-04-24,527.0999755859375,546.8400268554688,523.4199829101562,545.3699951171875,534.3009033203125,2223600
2025-04-25,544.5999755859375,549.0900268554688,541.219970703125,544.8599853515625,533.8012084960938,1612700
2025-04-28,544.8599853515625,554.5,542.469970703125,546.4000244140625,535.3099975585938,1459700
2025-04-29,543.7899780273438,550.8800048828125,541.2999877929688,548.9199829101562,537.7788696289062,1695600
2025-04-30,535.760009765625,549.52001953125,531.4500122070312,547.5499877929688,536.4366455078125,2438300
2025-05-01,548.0999755859375,558.3499755859375,545.5,553.8300170898438,542.5891723632812,2583000
2025-05-02,561.5800170898438,569.780029296875,559.7000122070312,566.0999755859375,554.6101684570312,2883000
2025-05-05,558.3599853515625,566.5599975585938,557.5,559.5599975585938,548.202880859375,2197200
2025-05-06,549.5999755859375,557.4400024414062,547.0599975585938,549.3599853515625,538.2098999023438,2902500
2025-05-07,550.2100219726562,555.3800048828125,547.739990234375,551.9199829101562,540.7179565429688,1954900
2025-05-08,558.8200073242188,572.1599731445312,558.2100219726562,565.7000122070312,554.2183227539062,1994600
2025-05-09,570.25,572.0999755859375,565.780029296875,567.0999755859375,555.5899047851562,1522500
2025-05-12,596.260009765625,603.3699951171875,588.0800170898438,591.3400268554688,579.337890625,3527700
2025-05-13,593.2999877929688,607.7100219726562,593.0599975585938,603.8099975585938,591.5548095703125,2765800
2025-05-14,603.7999877929688,615.0,602.5,611.5999755859375,599.1865844726562,2874400
2025-05-15,609.72998046875,619.2100219726562,609.72998046875,615.9000244140625,603.3993530273438,2428100
2025-05-16,616.9500122070312,620.7899780273438,613.5599975585938,619.030029296875,606.4658813476562,2021800
2025-05-19,609.1900024414062,619.3800048828125,598.3400268554688,612.2999877929688,599.8724365234375,2842100
2025-05-20,607.75,611.5499877929688,603.010009765625,606.52001953125,594.2098388671875,1601600
2025-05-21,601.7999877929688,609.8699951171875,592.0,593.4600219726562,581.4149169921875,2635900
2025-05-22,592.5499877929688,602.2000122070312,592.510009765625,598.22998046875,586.0880126953125,1939600
2025-05-23,585.0,601.9600219726562,582.5,598.5399780273438,586.3917846679688,1530600
2025-05-27,605.9000244140625,617.6699829101562,604.9500122070312,615.72998046875,603.2328491210938,2364700
2025-05-28,617.280029296875,618.6300048828125,607.3099975585938,608.4400024414062,596.0908203125,2001900
2025-05-29,608.52001953125,610.0,598.2999877929688,604.8599853515625,592.5834350585938,1736100
2025-05-30,600.0,603.5999755859375,593.8300170898438,600.4500122070312,591.1952514648438,2129500
2025-06-02,598.5999755859375,599.1699829101562,592.1699829101562,598.719970703125,589.4918212890625,1221200
2025-06-03,600.0,606.3200073242188,593.72998046875,603.8300170898438,594.5231323242188,1730300
2025-06-04,605.47998046875,606.3300170898438,598.719970703125,599.2100219726562,589.9743041992188,1294900
2025-06-05,600.0,609.719970703125,592.9000244140625,605.8800048828125,596.54150390625,2086700
2025-06-06,613.0,621.3800048828125,610.0,614.0,604.536376953125,1675900
2025-06-09,614.75,619.0999755859375,611.010009765625,613.52001953125,604.0637817382812,1610700
2025-06-10,613.0,616.5499877929688,609.3099975585938,614.8699951171875,605.3929443359375,1376400
2025-06-11,617.1799926757812,629.8400268554688,614.5900268554688,624.1699829101562,614.5496215820312,2063600
2025-06-12,621.0,626.010009765625,615.7999877929688,625.1099853515625,615.4751586914062,1634700
2025-06-13,616.0499877929688,620.1199951171875,609.5900268554688,613.5399780273438,604.0834350585938,1674800
2025-06-16,619.0,632.27001953125,618.0,627.8499755859375,618.1729125976562,1870400
2025-06-17,624.7000122070312,631.6699829101562,623.0,624.6400146484375,615.0123901367188,1479300
2025-06-18,624.510009765625,639.8800048828125,623.6500244140625,635.239990234375,625.448974609375,2423100
2025-06-20,638.8300170898438,642.6400146484375,636.6900024414062,640.7999877929688,630.9232788085938,4115400
2025-06-23,639.260009765625,647.4199829101562,630.010009765625,646.8800048828125,636.9096069335938,2020800
2025-06-24,654.4500122070312,663.77001953125,653.239990234375,662.1099853515625,651.9048461914062,2307800
2025-06-25,664.5999755859375,670.1199951171875,660.7899780273438,669.8699951171875,659.5452270507812,1566400
2025-06-26,670.6199951171875,689.3300170898438,670.510009765625,687.1599731445312,676.5687255859375,2849500
2025-06-27,691.0,694.2000122070312,685.3900146484375,690.8099975585938,680.1624755859375,3650500
2025-06-30,714.27001953125,714.2999877929688,702.9500122070312,707.75,696.8413696289062,3976400
2025-07-01,708.0,713.010009765625,700.6099853515625,706.4600219726562,695.5712890625,3301000
2025-07-02,708.7999877929688,718.72998046875,705.0800170898438,715.8900146484375,704.85595703125,2906500
2025-07-03,715.9099731445312,726.0,713.4000244140625,723.6799926757812,712.52587890625,1502000
2025-07-07,721.7000122070312,723.969970703125,706.3400268554688,710.9299926757812,699.9723510742188,2863700
2025-07-08,710.719970703125,711.1900024414062,693.77001953125,697.280029296875,686.5327758789062,3100700
2025-07-09,704.3400268554688,704.3400268554688,694.7100219726562,696.5599975585938,685.8239135742188,1763400
2025-07-10,696.739990234375,710.3800048828125,696.4500122070312,709.1199951171875,698.1902465820312,1733500
2025-07-11,703.5900268554688,706.0,700.22998046875,704.9500122070312,694.0845947265625,1681800
2025-07-14,704.739990234375,713.4299926757812,702.1300048828125,713.2999877929688,702.3058471679688,1909300
2025-07-15,713.2999877929688,714.6900024414062,700.0399780273438,702.510009765625,691.6821899414062,1981200
2025-07-16,708.5,709.780029296875,691.2999877929688,708.8200073242188,697.8948974609375,3323200
2025-07-17,706.280029296875,717.4500122070312,704.280029296875,705.8400268554688,694.9608764648438,2046100
2025-07-18,707.0599975585938,710.2899780273438,698.3900146484375,708.260009765625,697.3435668945312,1925200
2025-07-21,709.1400146484375,712.760009765625,704.3499755859375,706.0,695.1183471679688,2006500
2025-07-22,703.6599731445312,706.489990234375,691.8800048828125,700.4099731445312,689.614501953125,1978900
2025-07-23,702.0,719.010009765625,701.5,717.52001953125,706.4608154296875,2395700
2025-07-24,718.9299926757812,725.77001953125,714.72998046875,719.1799926757812,708.09521484375,1974700
2025-07-25,720.760009765625,729.8900146484375,718.3499755859375,728.97998046875,717.744140625,1851400
2025-07-28,728.0,732.52001953125,722.1699829101562,723.6500244140625,712.496337890625,1464800
2025-07-29,726.8499755859375,734.1300048828125,722.4199829101562,731.97998046875,720.6979370117188,2136000
2025-07-30,731.1400146484375,737.8800048828125,723.1799926757812,730.75,719.4868774414062,1816200
2025-07-31,726.5900268554688,734.0399780273438,720.4400024414062,723.5900268554688,712.4373168945312,2358100
2025-08-01,710.510009765625,714.52001953125,694.0499877929688,709.5700073242188,698.6333618164062,2999100
2025-08-04,715.2000122070312,726.7899780273438,715.2000122070312,726.030029296875,714.8396606445312,1753700
2025-08-05,728.0,729.4000244140625,714.5499877929688,720.9099731445312,709.7984619140625,1977300
2025-08-06,724.5,728.2999877929688,722.0,724.739990234375,713.5695190429688,1477100
2025-08-07,730.6199951171875,732.9400024414062,717.6099853515625,719.739990234375,708.6465454101562,1400400
2025-08-08,725.8599853515625,728.0,718.6500244140625,721.27001953125,710.153076171875,1275400
2025-08-11,722.2000122070312,723.8400268554688,715.739990234375,719.239990234375,708.154296875,1273500
2025-08-12,725.280029296875,748.1400146484375,724.3499755859375,743.3800048828125,731.9221801757812,2418100
2025-08-13,745.780029296875,748.9099731445312,732.6199951171875,744.6900024414062,733.2120361328125,1862600
2025-08-14,742.719970703125,748.1599731445312,737.0,747.2000122070312,735.683349609375,1371200
2025-08-15,749.0,749.0499877929688,729.1799926757812,730.719970703125,719.4573364257812,1645900
2025-08-18,729.5,731.6099853515625,723.8699951171875,730.9600219726562,719.6937255859375,1157800
2025-08-19,729.1599731445312,730.0,717.72998046875,721.3800048828125,710.2612915039062,1856400
2025-08-20,721.2000122070312,722.25,705.5499877929688,720.6799926757812,709.5720825195312,1872700
2025-08-21,716.5399780273438,719.219970703125,712.969970703125,715.9500122070312,704.9149780273438,1162000
2025-08-22,720.1400146484375,744.8400268554688,718.5800170898438,741.8900146484375,730.4552001953125,1948600
2025-08-25,741.8900146484375,746.5,738.3300170898438,738.7899780273438,727.4029541015625,1381200
2025-08-26,737.7100219726562,749.1599731445312,733.8599853515625,748.9500122070312,737.4063720703125,1511600
2025-08-27,745.969970703125,753.0,745.02001953125,749.6699829101562,738.115234375,1534800
2025-08-28,750.989990234375,753.3300170898438,746.989990234375,751.219970703125,739.6412963867188,1411200
2025-08-29,746.7100219726562,748.9199829101562,738.9000244140625,745.25,737.6913452148438,1467000
2025-09-02,736.3900146484375,736.3900146484375,721.1599731445312,730.8499755859375,723.4373779296875,2296400
2025-09-03,728.5599975585938,732.02001953125,722.2999877929688,730.5599975585938,723.1503295898438,1485600
2025-09-04,733.75,748.9099731445312,731.1699829101562,748.9000244140625,741.3043212890625,1778200
2025-09-05,752.1900024414062,757.3499755859375,727.1500244140625,738.2100219726562,730.7227783203125,1822800
2025-09-08,739.4199829101562,743.5399780273438,733.5700073242188,741.8499755859375,734.3258056640625,1400100
2025-09-09,740.1300048828125,765.6199951171875,738.5399780273438,763.9199829101562,756.1719970703125,2611300
2025-09-10,761.8599853515625,774.469970703125,761.6300048828125,769.5800170898438,761.7745971679688,1996200
2025-09-11,772.0,793.1699829101562,771.3499755859375,784.72998046875,776.7709350585938,2075700
2025-09-12,783.5,787.030029296875,776.260009765625,780.0599975585938,772.1483154296875,1099400
2025-09-15,782.9500122070312,792.3800048828125,781.4400024414062,786.760009765625,778.7803344726562,1292000
2025-09-16,789.530029296875,790.010009765625,779.6900024414062,785.530029296875,777.5628051757812,1529500
2025-09-17,788.8599853515625,798.5700073242188,785.22998046875,794.219970703125,786.1646728515625,1945300
2025-09-18,795.5700073242188,807.280029296875,792.4000244140625,804.3099975585938,796.15234375,1501600
2025-09-19,804.0900268554688,809.6599731445312,797.3699951171875,805.0,796.8353271484375,3789800
2025-09-22,801.1400146484375,806.030029296875,797.5399780273438,805.5599975585938,797.3896484375,1151000
2025-09-23,807.0999755859375,825.25,802.0,806.3200073242188,798.1419677734375,1758800
2025-09-24,809.5499877929688,812.8400268554688,792.3400268554688,792.4299926757812,784.3928833007812,1402500
2025-09-25,786.0,798.1799926757812,782.010009765625,794.760009765625,786.69921875,1413100
2025-09-26,797.1599731445312,809.5,795.1300048828125,802.510009765625,794.37060546875,1376200
2025-09-29,807.7999877929688,808.8400268554688,797.989990234375,804.1199951171875,795.9642944335938,1059000
2025-09-30,805.5,809.6199951171875,786.4500122070312,796.3499755859375,788.2730102539062,2463900
2025-10-01,793.6199951171875,796.280029296875,783.22998046875,785.510009765625,777.5430297851562,1788900
2025-10-02,788.8800048828125,791.0,772.4400024414062,779.3800048828125,771.4752197265625,1553700
2025-10-03,783.0,794.9199829101562,777.8599853515625,789.97998046875,781.9677124023438,1470500
2025-10-06,795.0,802.5,780.0499877929688,796.780029296875,788.69873046875,1632600
2025-10-07,798.0,805.3200073242188,781.3900146484375,789.6500244140625,781.6410522460938,1547200
2025-10-08,791.75,795.0,774.3400268554688,776.510009765625,768.6343383789062,1939300
2025-10-09,778.8499755859375,782.9099731445312,771.3499755859375,779.9600219726562,772.04931640625,1575000
2025-10-10,783.1199951171875,791.6599731445312,764.0,764.3599853515625,756.6074829101562,2457900
2025-10-13,777.8800048828125,791.0499877929688,777.8800048828125,786.780029296875,778.8001708984375,2766000
2025-10-14,764.4500122070312,786.5700073242188,742.4600219726562,770.760009765625,762.942626953125,4710800
2025-10-15,778.6199951171875,782.489990234375,762.6599731445312,767.9299926757812,760.1412963867188,3217400
2025-10-16,770.6599731445312,781.4400024414062,752.4099731445312,758.0900268554688,750.401123046875,3160900
2025-10-17,758.1500244140625,758.9400024414062,740.010009765625,750.77001953125,743.1553955078125,2884700
2025-10-20,757.0,766.4199829101562,752.8800048828125,763.3200073242188,755.5780639648438,1925400
2025-10-21,759.0,765.2999877929688,758.27001953125,758.97998046875,751.2821044921875,1782200
2025-10-22,760.6099853515625,760.6099853515625,743.1099853515625,744.5999755859375,737.0479125976562,2141400
2025-10-23,749.3400268554688,755.0,744.6599731445312,750.780029296875,743.165283203125,1615400
2025-10-24,759.8499755859375,784.6099853515625,756.0,783.8800048828125,775.9295654296875,2505600
2025-10-27,789.0,796.7100219726562,787.010009765625,789.989990234375,781.9776000976562,1645300
2025-10-28,792.0499877929688,798.3599853515625,787.3499755859375,792.0900268554688,784.0563354492188,1242000
2025-10-29,788.0,800.489990234375,778.8200073242188,783.0599975585938,775.1178588867188,2251500
2025-10-30,783.5599975585938,807.1400146484375,780.5999755859375,790.1599731445312,782.1458129882812,1829500
2025-10-31,784.97998046875,791.719970703125,783.0,789.3699951171875,781.3638916015625,1328100
2025-11-03,789.5700073242188,796.0,781.4400024414062,785.52001953125,777.5529174804688,1569100
2025-11-04,777.0,806.0,773.0,790.8300170898438,782.80908203125,2046000
2025-11-05,790.4400024414062,797.3599853515625,775.5800170898438,793.0900268554688,785.046142578125,1832700
2025-11-06,794.0,798.2000122070312,777.0,787.5800170898438,779.592041015625,1572500
2025-11-07,783.0,787.0599975585938,762.7999877929688,786.3400268554688,778.3646240234375,2098400
2025-11-10,796.0800170898438,806.3599853515625,788.7999877929688,797.2000122070312,789.1144409179688,1698200
2025-11-11,798.47998046875,812.0,795.6099853515625,810.3099975585938,802.0914916992188,1521500
2025-11-12,814.1300048828125,840.0,814.1300048828125,838.969970703125,830.4608154296875,2954100
2025-11-13,833.0599975585938,841.280029296875,805.02001953125,805.5,797.3302612304688,2557400
2025-11-14,795.5499877929688,800.6099853515625,778.0,790.9099731445312,782.8882446289062,2552000
2025-11-17,790.0,796.72998046875,770.5,775.5599975585938,767.6939697265625,1850600
2025-11-18,772.0599975585938,787.7000122070312,766.5399780273438,776.2999877929688,768.4263916015625,1673500
2025-11-19,776.2999877929688,787.8699951171875,775.0,785.989990234375,778.0181274414062,1521100
2025-11-20,795.25,816.0,772.1900024414062,773.7000122070312,765.852783203125,2599000
2025-11-21,776.8300170898438,780.3699951171875,754.0,774.030029296875,766.1795043945312,2284700
2025-11-24,778.6400146484375,793.989990234375,775.3599853515625,790.7100219726562,782.6903076171875,2319500
2025-11-25,797.0,805.260009765625,777.989990234375,802.3200073242188,794.1824951171875,2252900
2025-11-26,805.8400268554688,819.5800170898438,805.0,816.010009765625,807.7337036132812,1862500
2025-11-28,820.0,830.5700073242188,818.9500122070312,826.0399780273438,817.6619262695312,868300
2025-12-01,818.5900268554688,824.72998046875,809.6099853515625,810.8599853515625,802.6359252929688,2133200
2025-12-02,811.1199951171875,819.7000122070312,808.2999877929688,815.2100219726562,810.9422607421875,2254200
2025-12-03,812.9500122070312,837.9099731445312,812.9500122070312,836.5700073242188,832.1904296875,2347900
2025-12-04,835.5399780273438,843.989990234375,834.5,837.8300170898438,833.4437866210938,1670800
2025-12-05,837.260009765625,856.2000122070312,836.52001953125,854.5599975585938,850.086181640625,2277500
2025-12-08,861.0999755859375,870.5599975585938,856.2999877929688,866.6900024414062,862.1527099609375,2238100
2025-12-09,866.0,883.719970703125,864.3099975585938,876.5800170898438,871.990966796875,2274800
2025-12-10,871.3499755859375,897.2000122070312,869.27001953125,889.239990234375,884.5846557617188,2394300
2025-12-11,889.97998046875,919.0999755859375,888.0,911.030029296875,906.2606201171875,2683000
2025-12-12,913.75,914.989990234375,886.989990234375,887.9600219726562,883.3114013671875,2715200
2025-12-15,892.0,904.469970703125,889.5900268554688,889.5900268554688,884.932861328125,1976600
2025-12-16,890.22998046875,896.239990234375,874.3200073242188,879.1500244140625,874.5474853515625,2161600
2025-12-17,886.3300170898438,895.969970703125,868.4400024414062,872.3300170898438,867.76318359375,2213300
2025-12-18,880.5,892.7899780273438,874.7000122070312,876.2999877929688,871.71240234375,2066300
2025-12-19,883.1699829101562,899.75,881.9500122070312,893.47998046875,888.8024291992188,4808300
2025-12-22,896.52001953125,905.47998046875,894.8400268554688,899.0,894.2935791015625,1442300
2025-12-23,900.3499755859375,905.9199829101562,893.7000122070312,901.7100219726562,896.9893798828125,1210200
2025-12-24,901.1599731445312,911.8800048828125,898.7000122070312,910.780029296875,906.0119018554688,771800
2025-12-26,911.0,913.3200073242188,905.3099975585938,907.0399780273438,902.2914428710938,995300
2025-12-29,906.4500122070312,906.47998046875,891.5599975585938,892.1799926757812,887.50927734375,1578000
2025-12-30,894.739990234375,895.02001953125,881.1799926757812,884.4199829101562,879.7898559570312,1833300
2025-12-31,884.0999755859375,886.0,876.7899780273438,879.0,874.3982543945312,1221500
2026-01-02,884.0,914.4400024414062,880.75,914.3400268554688,909.5532836914062,2817600
2026-01-05,914.4000244140625,961.6900024414062,912.5999755859375,948.4400024414062,943.4747314453125,3742000
2026-01-06,949.4099731445312,958.5700073242188,943.25,955.469970703125,950.4678955078125,1966000
2026-01-07,956.8800048828125,958.25,934.0,941.02001953125,936.0935668945312,2683300
2026-01-08,935.47998046875,945.1900024414062,932.0,934.8300170898438,929.9359741210938,1960800
2026-01-09,938.77001953125,946.1400146484375,932.7000122070312,938.97998046875,934.064208984375,1334100
2026-01-12,934.0,950.5599975585938,929.1099853515625,949.5499877929688,944.5789184570312,2179600
2026-01-13,947.3200073242188,949.9400024414062,931.0,938.1500244140625,933.2386474609375,1969600
2026-01-14,932.2999877929688,938.1500244140625,917.9000244140625,932.6699829101562,927.7872924804688,2513000
2026-01-15,924.9000244140625,981.260009765625,924.6699829101562,975.8599853515625,970.7511596679688,3773700
2026-01-16,973.0,984.7000122070312,957.0,962.0,956.9637451171875,3071600
2026-01-20,946.3800048828125,962.5999755859375,939.0999755859375,943.3699951171875,938.4312744140625,2629100
2026-01-21,944.0,968.9199829101562,943.4500122070312,953.010009765625,948.0208129882812,2251300
2026-01-22,960.0599975585938,970.9500122070312,950.8099975585938,954.6500244140625,949.6522216796875,2468300
2026-01-23,934.0800170898438,937.1900024414062,917.0499877929688,918.8800048828125,914.0695190429688,3872600
2026-01-26,918.4099731445312,933.739990234375,917.97998046875,931.8599853515625,926.9815063476562,2655900
2026-01-27,924.0,933.4000244140625,920.3900146484375,929.719970703125,924.8527221679688,2012500
2026-01-28,932.510009765625,937.1699829101562,922.760009765625,936.8099975585938,931.9056396484375,1674100
2026-01-29,937.2999877929688,955.3800048828125,925.1300048828125,940.1199951171875,935.1983032226562,2335400
2026-01-30,933.9500122070312,947.0,923.1699829101562,935.4099731445312,930.512939453125,1893700
2026-02-02,932.1300048828125,949.4400024414062,912.0800170898438,946.3300170898438,941.3757934570312,1802000
2026-02-03,949.5,964.5,919.0599975585938,938.989990234375,934.07421875,2321900
2026-02-04,937.1199951171875,944.1599731445312,893.7999877929688,913.2999877929688,908.5186767578125,3561900
2026-02-05,901.6699829101562,910.8300170898438,876.719970703125,890.4099731445312,885.7484741210938,3214300
2026-02-06,907.8699951171875,931.77001953125,907.22998046875,928.75,923.8878173828125,2473200
2026-02-09,929.0,949.0,927.1099853515625,943.6199951171875,938.679931640625,2322600
2026-02-10,945.7000122070312,961.8300170898438,929.9299926757812,948.989990234375,944.0218505859375,3324900
2026-02-11,950.6400146484375,968.1300048828125,931.280029296875,944.5900268554688,939.6448974609375,2654300
2026-02-12,956.1699829101562,968.3900146484375,903.97998046875,904.5499877929688,899.8145141601562,3188700
2026-02-13,894.4099731445312,905.989990234375,869.0,905.1400146484375,900.4014282226562,2623000
2026-02-17,907.72998046875,921.5499877929688,905.6799926757812,916.0399780273438,911.2443237304688,2008500
2026-02-18,921.5800170898438,947.7000122070312,919.97998046875,933.72998046875,928.8417358398438,1864900
2026-02-19,925.0,929.6599731445312,906.489990234375,916.6500244140625,911.8511962890625,1974200
2026-02-20,912.5499877929688,922.3699951171875,900.5700073242188,922.239990234375,917.411865234375,2009100
2026-02-23,918.5,932.0,883.75,892.3099975585938,887.6386108398438,2535900
2026-02-24,885.4400024414062,911.77001953125,881.6500244140625,902.27001953125,897.5464477539062,1971500
2026-02-25,914.719970703125,922.510009765625,907.52001953125,921.3800048828125,916.556396484375,1763600
2026-02-26,927.760009765625,938.3900146484375,921.5399780273438,929.0,924.136474609375,2220300
2026-02-27,912.0,916.25,854.1500244140625,859.5700073242188,855.0700073242188,5552300
2026-03-02,840.0,873.6300048828125,836.0,861.7000122070312,861.7000122070312,2873200
2026-03-03,836.0,868.3400268554688,824.6400146484375,862.5800170898438,862.5800170898438,3782100
2026-03-04,869.8400268554688,878.7999877929688,860.0,867.25,867.25,2081700
2026-03-05,862.010009765625,866.52001953125,822.2000122070312,835.4600219726562,835.4600219726562,3093700
2026-03-06,816.0,827.1599731445312,801.3300170898438,821.4199829101562,821.4199829101562,2473000
2026-03-09,810.0,836.6799926757812,795.0,832.030029296875,832.030029296875,3258200
2026-03-10,834.6799926757812,846.0900268554688,826.3499755859375,833.8099975585938,833.8099975585938,1871900
2026-03-11,829.9500122070312,832.7999877929688,810.5399780273438,823.760009765625,823.760009765625,2227000
2026-03-12,805.3200073242188,807.2100219726562,784.0999755859375,787.52001953125,787.52001953125,3533000
2026-03-13,789.3599853515625,798.0,780.5,782.2100219726562,782.2100219726562,2567400
2026-03-16,792.0,805.4600219726562,790.0,794.77001953125,794.77001953125,2082700
2026-03-17,806.2999877929688,820.4400024414062,803.469970703125,807.0399780273438,807.0399780273438,1955600
2026-03-18,801.0,816.1900024414062,801.0,805.47998046875,805.47998046875,1541300
2026-03-19,792.9299926757812,816.1799926757812,790.5900268554688,809.5,809.5,1765900
2026-03-20,807.0,827.22998046875,804.9299926757812,813.530029296875,813.530029296875,3918400
2026-03-23,833.0,849.530029296875,829.0,831.27001953125,831.27001953125,2190300
2026-03-24,824.9299926757812,844.5,818.0,835.719970703125,835.719970703125,1656100
2026-03-25,845.010009765625,854.75,833.9000244140625,841.8400268554688,841.8400268554688,1628900
2026-03-26,833.7899780273438,844.7999877929688,816.1099853515625,822.6400146484375,822.6400146484375,2052200
2026-03-27,813.6699829101562,817.0999755859375,797.780029296875,802.8900146484375,802.8900146484375,2106800
2026-03-30,811.1199951171875,818.6300048828125,801.8800048828125,807.5999755859375,807.5999755859375,1621400
2026-03-31,823.9000244140625,848.5,810.0,845.989990234375,845.989990234375,2689800
2026-04-01,859.9500122070312,870.2000122070312,850.1500244140625,860.2100219726562,860.2100219726562,1803600
2026-04-02,838.3900146484375,867.2999877929688,831.0,863.0399780273438,863.0399780273438,1717700
2026-04-06,863.0,873.2100219726562,859.77001953125,866.0499877929688,866.0499877929688,1444500
2026-04-07,858.0,867.969970703125,850.0,864.1500244140625,864.1500244140625,1498400
2026-04-08,903.010009765625,918.1199951171875,893.5999755859375,905.75,905.75,2439000
2026-04-09,902.0,909.4000244140625,895.2899780273438,903.719970703125,903.719970703125,1797800
2026-04-10,903.3699951171875,908.9600219726562,895.0,907.7999877929688,907.7999877929688,1642700
2026-04-13,875.5499877929688,896.9400024414062,865.3400268554688,890.7899780273438,890.7899780273438,4236200
2026-04-14,894.4199829101562,914.1900024414062,890.0999755859375,909.6300048828125,909.6300048828125,2822600
2026-04-15,915.0,927.7899780273438,897.0999755859375,899.489990234375,899.489990234375,2403900
2026-04-16,897.989990234375,907.9600219726562,895.8499755859375,900.0,900.0,1742100
2026-04-17,915.5,929.1900024414062,912.219970703125,925.9500122070312,925.9500122070312,2805100
2026-04-20,923.6799926757812,941.7999877929688,922.989990234375,941.739990234375,941.739990234375,2374300
2026-04-21,944.5,952.010009765625,922.5399780273438,926.5499877929688,926.5499877929688,1765400
2026-04-22,939.0,940.97998046875,931.1500244140625,934.8400268554688,934.8400268554688,1382600
2026-04-23,935.0,944.3900146484375,920.6900024414062,931.2999877929688,931.2999877929688,1655000
2026-04-24,930.489990234375,932.9199829101562,919.219970703125,926.9099731445312,926.9099731445312,1263300
2026-04-27,926.0399780273438,941.72998046875,926.0,937.8099975585938,937.8099975585938,1223000
2026-04-28,941.239990234375,945.2999877929688,924.239990234375,926.5499877929688,926.5499877929688,1501600
2026-04-29,927.5,930.0,899.1599731445312,905.5999755859375,905.5999755859375,1725900
2026-04-30,910.4099731445312,928.0,905.0,923.77001953125,923.77001953125,1880300
2026-05-01,916.4000244140625,935.780029296875,912.1400146484375,923.7100219726562,923.7100219726562,1359800
2026-05-04,922.27001953125,925.0,899.0,903.27001953125,903.27001953125,1660100
2026-05-05,909.72998046875,921.75,908.219970703125,918.8900146484375,918.8900146484375,1507200
2026-05-06,935.9299926757812,944.0599975585938,931.3300170898438,937.3499755859375,937.3499755859375,2318200
2026-05-07,937.9299926757812,945.2899780273438,921.97998046875,925.8699951171875,925.8699951171875,1715300
2026-05-08,936.0,939.780029296875,927.4600219726562,936.47998046875,936.47998046875,1665000
2026-05-11,932.6500244140625,949.780029296875,926.6300048828125,944.8599853515625,944.8599853515625,2411400
2026-05-12,942.1599731445312,948.5,920.7999877929688,945.9000244140625,945.9000244140625,2236500
2026-05-13,941.8400268554688,959.5499877929688,933.0800170898438,955.4199829101562,955.4199829101562,2355200
2026-05-14,966.9000244140625,975.6599731445312,960.5,968.9600219726562,968.9600219726562,1898000
2026-05-15,953.6500244140625,959.5,941.6099853515625,948.469970703125,948.469970703125,1862700
2026-05-18,947.739990234375,961.6900024414062,938.5499877929688,946.3599853515625,946.3599853515625,1508000
2026-05-19,933.219970703125,939.6400146484375,923.8099975585938,928.739990234375,928.739990234375,1767300
2026-05-20,945.0,982.72998046875,940.5,982.1199951171875,982.1199951171875,3104400
2026-05-21,982.2100219726562,999.5,970.2999877929688,988.1699829101562,988.1699829101562,2452300
2026-05-22,994.6300048828125,1005.3599853515625,990.9000244140625,996.72998046875,996.72998046875,1923500
