Date,Open,High,Low,Close,Adj Close,Volume
2021-05-24,211.59283447265625,212.55419921875,210.3393096923828,212.0640869140625,191.162109375,1924124
2021-05-25,212.0640869140625,212.7332763671875,210.54666137695312,211.15928649902344,190.34646606445312,1914681
2021-05-26,212.02638244628906,212.05467224121094,210.47125244140625,211.3760528564453,190.54185485839844,1854416
2021-05-27,213.65692138671875,218.41659545898438,213.56268310546875,217.97361755371094,196.4891357421875,7052361
2021-05-28,218.66163635253906,218.88784790039062,217.0688018798828,217.63430786132812,196.1832733154297,2683587
2021-06-01,219.50047302246094,220.2544708251953,218.19981384277344,219.55702209472656,197.91650390625,2370274
2021-06-02,220.5655059814453,220.5655059814453,217.2478790283203,217.4740753173828,196.03883361816406,2361149
2021-06-03,217.44580078125,218.3223419189453,215.3345947265625,216.02261352539062,194.73048400878906,2462899
2021-06-04,216.55043029785156,217.48350524902344,216.01319885253906,216.82374572753906,195.45262145996094,1379300
2021-06-07,216.31480407714844,217.1159210205078,214.44863891601562,215.07069396972656,193.8723602294922,2156376
2021-06-08,215.1837921142578,217.5494842529297,214.3638153076172,216.59754943847656,195.24871826171875,1825557
2021-06-09,216.6069793701172,217.15362548828125,214.5146026611328,214.71253967285156,193.54949951171875,2093777
2021-06-10,215.9472198486328,216.8331756591797,213.14797973632812,213.24221801757812,192.22406005859375,2359240
2021-06-11,214.65599060058594,215.20263671875,211.08387756347656,212.23374938964844,191.3149871826172,2120515
2021-06-14,211.9886932373047,212.0169677734375,209.9246063232422,210.3393096923828,189.6073455810547,2743852
2021-06-15,210.1979217529297,210.98963928222656,208.925537109375,209.70782470703125,189.0380401611328,2188843
2021-06-16,209.70782470703125,210.08482360839844,206.03204345703125,206.39962768554688,186.05593872070312,3238490
2021-06-17,206.59754943847656,207.54005432128906,202.38453674316406,203.8548583984375,183.761962890625,2573349
2021-06-18,201.3195037841797,202.912353515625,199.7738037109375,200.28274536132812,180.54196166992188,5757304
2021-06-21,202.3939666748047,204.92930603027344,202.0169677734375,203.58152770996094,183.51560974121094,3047616
2021-06-22,203.27992248535156,204.3355255126953,202.5259246826172,203.10084533691406,183.0823211669922,2239665
2021-06-23,203.27049255371094,203.9302520751953,202.2243194580078,202.31857299804688,182.3771514892578,2370486
2021-06-24,203.38360595703125,205.50424194335938,202.30914306640625,205.1743621826172,184.9514617919922,3569522
2021-06-25,205.34400939941406,207.51177978515625,204.83506774902344,206.16400146484375,185.8435516357422,5537465
2021-06-28,206.52215576171875,207.45523071289062,203.86427307128906,204.32611083984375,184.18679809570312,2504278
2021-06-29,204.55230712890625,205.80584716796875,203.0348663330078,203.53440856933594,183.47314453125,3185016
2021-06-30,203.1385498046875,207.2196044921875,203.1385498046875,206.73892211914062,186.36181640625,3041144
2021-07-01,207.89820861816406,208.5391082763672,207.03109741210938,207.9359130859375,187.44081115722656,1729642
2021-07-02,208.28463745117188,209.28369140625,207.07823181152344,208.5956573486328,188.0355224609375,1636805
2021-07-06,207.43638610839844,208.24693298339844,203.5155487060547,205.9943389892578,185.69061279296875,2053672
2021-07-07,205.49481201171875,208.8501434326172,205.47596740722656,208.04901123046875,187.542724609375,1658555
2021-07-08,205.9943389892578,208.02073669433594,204.6465606689453,206.7106475830078,186.3363037109375,2551387
2021-07-09,208.3223419189453,211.6870880126953,208.04901123046875,211.44203186035156,190.6013641357422,2293670
2021-07-12,210.06597900390625,212.72384643554688,209.35910034179688,212.08294677734375,191.1791229248047,2192344
2021-07-13,212.86521911621094,212.86521911621094,210.84825134277344,211.19699096679688,190.38043212890625,1503755
2021-07-14,211.2818145751953,215.60791015625,211.2818145751953,214.67483520507812,193.51551818847656,2792340
2021-07-15,216.77662658691406,220.00942993164062,215.871826171875,219.42506408691406,197.7975311279297,5885155
2021-07-16,218.84071350097656,220.41470336914062,216.41847229003906,217.087646484375,195.69049072265625,3811961
2021-07-19,212.69557189941406,213.58152770996094,207.36097717285156,207.97361755371094,187.47482299804688,6479633
2021-07-20,208.8972625732422,217.97361755371094,208.76531982421875,216.4561767578125,195.1212615966797,29959563
2021-07-21,216.02261352539062,218.7276153564453,215.5796356201172,218.520263671875,196.98191833496094,4832537
2021-07-22,219.33082580566406,220.78228759765625,216.89915466308594,219.35910034179688,197.73806762695312,3904692
2021-07-23,215.83412170410156,217.8322296142578,213.17625427246094,216.13572692871094,194.83238220214844,4146812
2021-07-26,215.34400939941406,216.55043029785156,212.2714385986328,216.0697479248047,194.77296447753906,2946079
2021-07-27,215.5325164794922,218.91612243652344,214.9764404296875,217.1159210205078,195.7160186767578,2299293
2021-07-28,216.8426055908203,218.925537109375,216.18284606933594,217.2384490966797,195.82644653320312,1818448
2021-07-29,219.50047302246094,219.8397674560547,218.03958129882812,219.4910430908203,197.8570098876953,1593516
2021-07-30,219.40621948242188,220.49009704589844,218.73704528808594,220.34872436523438,198.630126953125,2373775
2021-08-02,221.62110900878906,223.24221801757812,218.86898803710938,219.0574951171875,197.46615600585938,2148843
2021-08-03,219.76437377929688,220.4052734375,217.32327270507812,219.27427673339844,197.66165161132812,1891763
2021-08-04,218.47314453125,219.58529663085938,215.74929809570312,216.39019775390625,195.06179809570312,2465764
2021-08-05,216.33364868164062,218.23751831054688,215.7869873046875,216.6635284423828,195.3082275390625,1556699
2021-08-06,216.77662658691406,217.61546325683594,215.84353637695312,216.4750213623047,195.13829040527344,1408371
2021-08-09,215.61734008789062,216.13572692871094,214.4674835205078,215.10838317871094,193.90631103515625,1453358
2021-08-10,215.27804565429688,218.7276153564453,215.0047149658203,218.5485382080078,197.00738525390625,2534517
2021-08-11,219.22714233398438,221.18756103515625,218.5391082763672,220.71630859375,198.96151733398438,2226509
2021-08-12,220.09425354003906,220.31101989746094,217.43638610839844,218.60508728027344,197.8440704345703,2034149
2021-08-13,218.520263671875,219.28369140625,217.86050415039062,218.43544006347656,197.6905517578125,1490387
2021-08-16,218.52969360351562,220.358154296875,216.93685913085938,220.30160522460938,199.37945556640625,1903965
2021-08-17,219.78321838378906,220.26390075683594,215.21206665039062,218.1432647705078,197.4261016845703,2842525
2021-08-18,216.73892211914062,218.1809539794922,215.11781311035156,215.28746032714844,194.84152221679688,2711173
2021-08-19,214.49575805664062,216.06031799316406,213.04429626464844,214.6371307373047,194.25296020507812,2063751
2021-08-20,215.01414489746094,215.5796356201172,213.48727416992188,214.60885620117188,194.2273406982422,2207941
2021-08-23,214.1847381591797,218.2940673828125,214.1847381591797,215.9377899169922,195.43011474609375,2274041
2021-08-24,215.6927490234375,217.64373779296875,215.1837921142578,217.1913299560547,196.56459045410156,1342589
2021-08-25,217.58718872070312,218.98208618164062,215.64561462402344,217.398681640625,196.7522430419922,1914256
2021-08-26,216.85202026367188,217.88877868652344,216.23939514160156,217.6060333251953,196.9398956298828,1382589
2021-08-27,218.2657928466797,220.1319580078125,217.398681640625,217.85108947753906,197.16171264648438,1765080
2021-08-30,217.92648315429688,219.39678955078125,217.30442810058594,218.5391082763672,197.78439331054688,1398716
2021-08-31,218.12440490722656,219.27427673339844,217.31385803222656,218.57681274414062,197.81845092773438,2075634
2021-09-01,219.55702209472656,219.78321838378906,216.1168670654297,216.58811950683594,196.0186767578125,2635842
2021-09-02,217.64373779296875,218.1338348388672,216.55984497070312,217.69085693359375,197.01666259765625,1691765
2021-09-03,217.71913146972656,217.71913146972656,214.67483520507812,215.2309112548828,194.7903594970703,1721366
2021-09-07,214.60885620117188,214.60885620117188,209.96229553222656,210.11309814453125,190.15855407714844,3418966
2021-09-08,209.94345092773438,211.96983337402344,209.06692504882812,211.4985809326172,191.4124755859375,2576745
2021-09-09,211.03675842285156,212.0452423095703,209.54759216308594,210.11309814453125,190.15855407714844,2056112
2021-09-10,210.1508026123047,212.2431640625,209.4344940185547,209.58529663085938,189.6808624267578,2501732
2021-09-13,211.42318725585938,212.7332763671875,209.4344940185547,210.7445831298828,190.73008728027344,2940455
2021-09-14,211.16871643066406,211.23468017578125,207.07823181152344,207.53062438964844,187.82135009765625,2864382
2021-09-15,207.94532775878906,210.09425354003906,207.48350524902344,208.94439697265625,189.10086059570312,2145024
2021-09-16,208.5485382080078,208.6804962158203,205.95664978027344,207.0216827392578,187.3607635498047,2539504
2021-09-17,207.2196044921875,207.2196044921875,204.9952850341797,205.92837524414062,186.37124633789062,4659488
2021-09-20,203.66635131835938,205.31573486328125,201.87559509277344,203.32705688476562,184.01695251464844,4253019
2021-09-21,204.32611083984375,204.4674835205078,202.02638244628906,202.54476928710938,183.3090057373047,2725391
2021-09-22,203.99623107910156,205.871826171875,203.8831329345703,204.54287719726562,185.11737060546875,2420247
2021-09-23,204.80679321289062,208.64279174804688,204.80679321289062,207.0688018798828,187.4034423828125,2312980
2021-09-24,207.10650634765625,208.114990234375,205.90951538085938,206.58811950683594,186.96835327148438,2067995
2021-09-27,206.3524932861328,207.1913299560547,205.21206665039062,205.37228393554688,185.8679962158203,2333457
2021-09-28,204.16587829589844,205.79641723632812,202.13949584960938,202.61074829101562,183.36875915527344,2816000
2021-09-29,203.42129516601562,203.96795654296875,202.2148895263672,202.56361389160156,183.3260498046875,2237649
2021-09-30,203.74176025390625,203.81715393066406,199.90574645996094,200.0753936767578,181.0741729736328,3113398
2021-10-01,200.7351531982422,203.97738647460938,199.47219848632812,203.25164794921875,183.94879150390625,2415367
2021-10-04,202.87464904785156,204.16587829589844,200.93307495117188,201.89443969726562,182.72044372558594,2792764
2021-10-05,201.3289337158203,204.57115173339844,201.3289337158203,203.317626953125,184.00845336914062,1655266
2021-10-06,201.479736328125,204.5146026611328,200.8671112060547,204.39208984375,184.98089599609375,1841790
2021-10-07,205.46653747558594,207.2196044921875,205.19320678710938,205.8152618408203,186.26890563964844,1965609
2021-10-08,206.10745239257812,206.92742919921875,204.2789764404297,205.1837921142578,185.69740295410156,1426833
2021-10-11,204.88218688964844,205.67388916015625,202.8840789794922,202.912353515625,183.6416778564453,1437867
2021-10-12,203.2987823486328,203.80772399902344,201.6305389404297,202.00753784179688,182.82278442382812,1468106
2021-10-13,202.912353515625,204.22242736816406,200.69744873046875,203.1856689453125,183.88906860351562,1697812
2021-10-14,204.67483520507812,206.20169067382812,204.0810546875,206.02261352539062,186.4565887451172,1512456
2021-10-15,207.63430786132812,208.7181854248047,206.6540985107422,208.03016662597656,188.27346801757812,2313617
2021-10-18,206.01319885253906,208.73704528808594,205.31573486328125,207.94532775878906,188.19667053222656,1998181
2021-10-19,208.63336181640625,209.0857696533203,206.8426055908203,209.0292205810547,189.17764282226562,1697176
2021-10-20,209.45333862304688,210.82940673828125,208.1338348388672,210.78228759765625,190.7642059326172,1757971
2021-10-21,210.763427734375,211.93214416503906,208.520263671875,211.6116943359375,191.51486206054688,2810801
2021-10-22,210.1508026123047,211.02732849121094,204.75022888183594,204.90103149414062,185.4414825439453,3712015
2021-10-25,204.34495544433594,206.40904235839844,203.25164794921875,205.03298950195312,185.56092834472656,2875734
2021-10-26,205.65504455566406,207.79454040527344,204.3072509765625,205.7681427001953,186.2262725830078,2592978
2021-10-27,205.560791015625,205.61734008789062,202.84637451171875,203.317626953125,184.00845336914062,1747573
2021-10-28,202.05467224121094,206.20169067382812,202.05467224121094,205.9189453125,186.3627471923828,2066722
2021-10-29,205.46653747558594,207.63430786132812,204.58058166503906,206.05088806152344,186.4821319580078,2774833
2021-11-01,206.1262969970703,207.398681640625,205.5325164794922,207.12535095214844,187.45460510253906,1801366
2021-11-02,207.86050415039062,209.2082977294922,206.64466857910156,208.47314453125,188.67440795898438,2437541
2021-11-03,208.20924377441406,210.2261962890625,206.95570373535156,209.99057006835938,190.04766845703125,2182795
2021-11-04,209.8680419921875,211.9132843017578,209.3119659423828,209.69839477539062,189.78323364257812,2461520
2021-11-05,211.3477783203125,214.52403259277344,210.95193481445312,213.06314086914062,192.8284454345703,2471281
2021-11-08,214.71253967285156,215.11781311035156,211.479736328125,212.7521209716797,192.54693603515625,1820039
2021-11-09,212.72384643554688,215.13665771484375,212.3939666748047,214.65599060058594,194.27005004882812,2513509
2021-11-10,214.20358276367188,214.80679321289062,212.23374938964844,212.4505157470703,193.10491943359375,1405613
2021-11-11,212.53533935546875,212.53533935546875,207.91705322265625,208.30348205566406,189.3355255126953,1693144
2021-11-12,209.18002319335938,209.7455291748047,206.8802947998047,209.60414123535156,190.51773071289062,2317861
2021-11-15,209.83035278320312,211.15928649902344,208.8972625732422,209.67955017089844,190.58627319335938,1281582
2021-11-16,209.8209228515625,210.44297790527344,208.35061645507812,208.64279174804688,189.64395141601562,1749059
2021-11-17,208.28463745117188,208.5673828125,206.97454833984375,207.81338500976562,188.8900909423828,2012293
2021-11-18,206.8802947998047,208.24693298339844,206.4279022216797,208.0113067626953,189.06996154785156,1791286
2021-11-19,208.30348205566406,208.48255920410156,204.68426513671875,205.92837524414062,187.1766815185547,2223962
2021-11-22,205.77757263183594,208.3411865234375,205.49481201171875,205.59849548339844,186.87686157226562,2601148
2021-11-23,204.86334228515625,205.9001007080078,202.7803955078125,203.58152770996094,185.04354858398438,4266705
2021-11-24,202.77096557617188,203.4967041015625,199.6606903076172,200.00942993164062,181.79673767089844,3465226
2021-11-26,193.1668243408203,196.98397827148438,190.9236602783203,196.23939514160156,178.3699951171875,4093126
2021-11-29,198.12440490722656,198.12440490722656,195.09896850585938,195.7210235595703,177.8988037109375,2756584
2021-11-30,194.37322998046875,194.5994415283203,189.54759216308594,190.6126251220703,173.25555419921875,6026798
2021-12-01,193.8265838623047,194.04335021972656,187.7285614013672,187.9547576904297,170.83973693847656,3313609
2021-12-02,189.40621948242188,193.63807678222656,188.03016662597656,192.2714385986328,174.76332092285156,6371199
2021-12-03,192.28086853027344,192.72384643554688,189.4439239501953,191.80018615722656,174.3350067138672,3762200
2021-12-06,193.43072509765625,196.1262969970703,193.09141540527344,194.39208984375,176.6908721923828,4643360
2021-12-07,195.4099884033203,197.5494842529297,193.9302520751953,195.24034118652344,177.4618682861328,5078689
2021-12-08,193.06314086914062,193.5249786376953,190.87652587890625,192.8840789794922,175.32020568847656,5302241
2021-12-09,192.81809997558594,195.24977111816406,191.2818145751953,194.15646362304688,176.47674560546875,5296512
2021-12-10,194.9481658935547,197.9641876220703,193.98680114746094,197.74740600585938,179.74070739746094,3618222
2021-12-13,197.73797607421875,198.63336181640625,196.6069793701172,197.2007598876953,179.24380493164062,3068730
2021-12-14,196.82374572753906,199.37794494628906,194.07162475585938,194.79736328125,177.05926513671875,4021827
2021-12-15,195.61734008789062,198.30348205566406,193.44015502929688,197.70028686523438,179.69789123535156,3132072
2021-12-16,199.1046142578125,199.1328887939453,197.2667236328125,197.5589141845703,179.56932067871094,3175785
2021-12-17,197.4175262451172,198.03016662597656,192.9406280517578,193.37417602539062,175.76565551757812,5919425
2021-12-20,190.49952697753906,190.99905395507812,186.7106475830078,188.3600311279297,171.20811462402344,3594031
2021-12-21,189.58529663085938,191.12158203125,188.79359436035156,190.0753936767578,172.76730346679688,2788520
2021-12-22,189.65127563476562,190.3864288330078,188.57681274414062,190.23562622070312,172.9129180908203,3300877
2021-12-23,191.51744079589844,194.44863891601562,191.3289337158203,193.42129516601562,175.80850219726562,2521042
2021-12-27,193.86427307128906,194.75965881347656,193.12911987304688,194.56173706054688,176.84506225585938,2638070
2021-12-28,194.5994415283203,196.1451416015625,194.3638153076172,195.14608764648438,177.37619018554688,2091443
2021-12-29,195.95664978027344,196.0791778564453,194.5900115966797,195.59849548339844,177.78744506835938,1819085
2021-12-30,196.13572692871094,196.8897247314453,195.01414489746094,195.20263671875,177.42762756347656,1350759
2021-12-31,194.96701049804688,197.16305541992188,194.5146026611328,196.52215576171875,178.62701416015625,1630227
2022-01-03,195.90951538085938,197.31385803222656,193.74176025390625,194.91046142578125,177.1620330810547,2735895
2022-01-04,194.8256378173828,197.50234985351562,193.8265838623047,196.98397827148438,179.0467529296875,3455040
2022-01-05,197.49293518066406,203.1856689453125,197.09707641601562,198.925537109375,180.8115692138672,4337899
2022-01-06,199.6230010986328,202.02638244628906,198.51083374023438,198.6993408203125,180.6059112548828,3469894
2022-01-07,199.952880859375,204.8162078857422,199.40621948242188,203.3459014892578,184.8293914794922,3243159
2022-01-10,203.27049255371094,204.01507568359375,199.67955017089844,201.18756103515625,182.86758422851562,3664376
2022-01-11,202.0923614501953,204.5146026611328,199.35910034179688,203.8737030029297,185.3091278076172,3744800
2022-01-12,204.98585510253906,206.58811950683594,204.85391235351562,205.70216369628906,186.97108459472656,3294193
2022-01-13,205.84353637695312,209.1328887939453,205.5325164794922,206.8143310546875,187.98196411132812,3270533
2022-01-14,205.09896850585938,205.43826293945312,202.9783172607422,205.13665771484375,186.4570770263672,3547029
2022-01-18,202.5259246826172,203.5249786376953,199.8680419921875,201.31008911132812,182.97894287109375,3241355
2022-01-19,202.08294677734375,202.4222412109375,198.4919891357422,198.61451721191406,180.52883911132812,2774303
2022-01-20,199.50990295410156,202.12063598632812,196.72950744628906,196.90858459472656,178.97825622558594,2725391
2022-01-21,197.22903442382812,197.5494842529297,193.17625427246094,193.30819702148438,175.70570373535156,4711689
2022-01-24,192.45994567871094,193.006591796875,187.54005432128906,192.69557189941406,175.1488494873047,5769824
2022-01-25,189.17059326171875,192.07351684570312,186.5315704345703,190.66917419433594,173.30699157714844,5557306
2022-01-26,191.47030639648438,194.0527801513672,187.2949981689453,189.11404418945312,171.8934783935547,3594244
2022-01-27,191.39491271972656,193.05372619628906,187.803955078125,189.11404418945312,171.8934783935547,2917750
2022-01-28,188.8595733642578,190.4335479736328,184.77850341796875,190.3769989013672,173.04139709472656,3599230
2022-01-31,189.0292205810547,193.19509887695312,187.85108947753906,192.72384643554688,175.174560546875,3498966
2022-02-01,192.20545959472656,193.98680114746094,189.9246063232422,193.53440856933594,175.91131591796875,3239551
2022-02-02,193.60980224609375,195.8906707763672,192.87464904785156,195.61734008789062,177.80458068847656,3008890
2022-02-03,188.6522216796875,189.4439239501953,180.5655059814453,180.71630859375,164.26043701171875,9209374
2022-02-04,180.83883666992188,181.7059326171875,177.2196044921875,180.49009704589844,164.05479431152344,5814174
2022-02-07,181.1027374267578,183.40245056152344,179.8397674560547,181.41375732421875,164.89437866210938,3668726
2022-02-08,181.41375732421875,183.84542846679688,180.06597900390625,183.37417602539062,166.67626953125,2902684
2022-02-09,184.844482421875,185.6927490234375,183.4967041015625,185.31573486328125,168.44102478027344,3406341
2022-02-10,182.95004272460938,185.64561462402344,180.03770446777344,180.72572326660156,164.26898193359375,3882836
2022-02-11,180.78228759765625,181.80018615722656,175.82469177246094,176.23939514160156,160.19117736816406,5648234
2022-02-14,176.6069793701172,177.58718872070312,173.9302520751953,175.95664978027344,159.9341583251953,3349365
2022-02-15,177.36097717285156,179.01036071777344,175.80584716796875,178.63336181640625,162.36717224121094,3001039
2022-02-16,178.64279174804688,178.88784790039062,176.06031799316406,178.1903839111328,161.96450805664062,3273822
2022-02-17,176.7012176513672,177.07823181152344,173.7040557861328,173.97738647460938,158.13511657714844,3263530
2022-02-18,173.35533142089844,174.4203643798828,170.9613494873047,171.6588134765625,156.0276641845703,5345742
2022-02-22,172.59188842773438,174.62771606445312,170.5372314453125,172.0640869140625,156.3960723876953,4252488
2022-02-23,173.01602172851562,173.30819702148438,168.520263671875,168.6710662841797,153.31201171875,3800926
2022-02-24,164.89161682128906,172.18661499023438,164.39208984375,171.8567352294922,157.06771850585938,6259582
2022-02-25,171.6305389404297,178.6239471435547,171.60226440429688,177.71913146972656,162.42559814453125,5306061
2022-02-28,175.3534393310547,179.01979064941406,175.3534393310547,178.84071350097656,163.4506378173828,4361877
2022-03-01,175.9189453125,178.93496704101562,172.41281127929688,173.04429626464844,158.153076171875,5796243
2022-03-02,174.68426513671875,177.4269561767578,173.5720977783203,175.7210235595703,160.59947204589844,5666483
2022-03-03,178.57681274414062,180.81997680664062,176.36192321777344,176.73892211914062,161.52975463867188,5329297
2022-03-04,174.9764404296875,176.8802947998047,173.91140747070312,176.6540985107422,161.4522247314453,5370782
2022-03-07,176.28652954101562,176.5315704345703,171.5551300048828,171.6870880126953,156.9126739501953,3749362
2022-03-08,171.71536254882812,176.26766967773438,171.64938354492188,172.7050018310547,157.84295654296875,4854075
2022-03-09,175.64561462402344,176.46559143066406,174.2601318359375,174.74081420898438,159.70361328125,3076263
2022-03-10,172.0452423095703,174.4674835205078,171.74363708496094,173.76060485839844,158.80772399902344,2605179
2022-03-11,175.6644744873047,176.18284606933594,171.56455993652344,171.76248168945312,156.98158264160156,2891756
2022-03-14,172.92176818847656,174.56173706054688,172.2148895263672,172.66729736328125,157.8085174560547,3185228
2022-03-15,174.486328125,177.3515625,174.16587829589844,176.993408203125,161.76235961914062,4162091
2022-03-16,178.6993408203125,180.2544708251953,175.79641723632812,180.047119140625,164.55328369140625,4384795
2022-03-17,178.7464599609375,181.53628540039062,178.3223419189453,180.8953857421875,165.3285369873047,3345864
2022-03-18,180.7445831298828,183.71347045898438,178.88784790039062,183.5249786376953,167.73184204101562,9282265
2022-03-21,182.4410858154297,183.23280334472656,180.5089569091797,181.92271423339844,166.26744079589844,3714137
2022-03-22,182.0358123779297,184.65599060058594,182.0358123779297,183.81715393066406,167.99887084960938,2514040
2022-03-23,183.26107788085938,183.7511749267578,180.9707794189453,181.2818145751953,165.68170166015625,1926882
2022-03-24,182.07351684570312,183.5249786376953,181.00848388671875,183.4967041015625,167.70599365234375,2331866
2022-03-25,184.11875915527344,186.95570373535156,184.09048461914062,186.41847229003906,170.37635803222656,2698229
2022-03-28,185.7587127685547,185.9943389892578,183.08200073242188,185.77757263183594,169.7905731201172,3470001
2022-03-29,187.63430786132812,187.92648315429688,183.62864685058594,186.18284606933594,170.16099548339844,3554668
2022-03-30,185.7869873046875,186.7860565185547,184.439208984375,185.24034118652344,169.2996063232422,2575578
2022-03-31,185.3628692626953,186.8143310546875,183.36474609375,183.3930206298828,167.6112518310547,3475836
2022-04-01,184.6371307373047,184.83506774902344,182.3751220703125,184.75965881347656,168.8602752685547,2426083
2022-04-04,184.0998992919922,185.32516479492188,182.31857299804688,184.79736328125,168.8947296142578,2176323
2022-04-05,183.44956970214844,185.1743621826172,181.9886932373047,182.49765014648438,166.7929229736328,2433722
2022-04-06,180.88595581054688,183.8548583984375,180.14137268066406,182.48822021484375,166.7843017578125,3121993
2022-04-07,181.4326171875,182.46937561035156,177.6060333251953,181.62110900878906,165.9918212890625,2335792
2022-04-08,181.90386962890625,182.2714385986328,178.8972625732422,179.22714233398438,163.8038330078125,3053346
2022-04-11,179.33082580566406,180.2544708251953,177.87936401367188,178.3883056640625,163.03721618652344,2865443
2022-04-12,179.9246063232422,181.80018615722656,179.0763397216797,180.00942993164062,164.51882934570312,3287827
2022-04-13,180.80113220214844,183.79830932617188,180.32044982910156,183.6475067138672,167.8438262939453,2537169
2022-04-14,183.94911193847656,185.39114379882812,183.7040557861328,183.96795654296875,168.13670349121094,4536624
2022-04-18,183.1197052001953,184.6182861328125,180.1508026123047,181.02732849121094,165.4491424560547,2077438
2022-04-19,181.96983337402344,186.01319885253906,181.4985809326172,185.86239624023438,169.86810302734375,3544483
2022-04-20,186.7860565185547,188.03016662597656,184.74081420898438,185.0518341064453,169.1272735595703,2782897
2022-04-21,186.57870483398438,189.0574951171875,184.22242736816406,184.67483520507812,168.7827606201172,2565710
2022-04-22,183.41188049316406,183.43072509765625,179.40621948242188,179.6701202392578,164.20872497558594,3226289
2022-04-25,179.3873748779297,180.8671112060547,176.55984497070312,180.7917022705078,165.23377990722656,2543748
2022-04-26,178.61451721191406,179.88690185546875,176.7860565185547,176.8802947998047,161.65899658203125,3022789
2022-04-27,175.7210235595703,177.92648315429688,175.08010864257812,175.6361846923828,160.52191162109375,3239764
2022-04-28,176.98397827148438,179.70782470703125,174.5994415283203,179.00094604492188,163.59710693359375,3633395
2022-04-29,188.6804962158203,190.3769989013672,181.78134155273438,182.38453674316406,166.6895294189453,7690659
2022-05-02,183.30819702148438,189.36851501464844,180.8953857421875,185.55136108398438,169.5838623046875,7532676
2022-05-03,185.03298950195312,186.94627380371094,184.02450561523438,185.7115936279297,169.73028564453125,5686748
2022-05-04,186.13572692871094,194.53346252441406,186.00376892089844,194.01507568359375,177.3192138671875,5818206
2022-05-05,191.9886932373047,192.90292358398438,185.1743621826172,186.49388122558594,170.4452667236328,6110299
2022-05-06,185.9377899169922,186.0697479248047,182.05467224121094,184.19415283203125,168.3434295654297,3845913
2022-05-09,183.89254760742188,184.54287719726562,181.3006591796875,182.8086700439453,167.07716369628906,4012065
2022-05-10,184.9952850341797,185.9001007080078,181.16871643066406,183.5720977783203,167.77488708496094,5058318
2022-05-11,183.62864685058594,185.5419464111328,180.41470336914062,180.98020935058594,165.4060821533203,3484218
2022-05-12,180.0,183.55325317382812,177.84165954589844,181.82846069335938,167.0337677001953,4233708
2022-05-13,182.29029846191406,183.74176025390625,179.952880859375,182.4033966064453,167.56195068359375,3434881
2022-05-16,182.46937561035156,184.0622100830078,181.2723846435547,182.8086700439453,167.93423461914062,2784276
2022-05-17,184.70310974121094,188.5485382080078,184.54287719726562,187.61546325683594,172.34991455078125,2890058
2022-05-18,186.39019775390625,187.2667236328125,182.13949584960938,182.72384643554688,167.85635375976562,3380240
2022-05-19,180.98963928222656,183.98680114746094,177.30442810058594,181.57398986816406,166.80001831054688,3316898
2022-05-20,182.4033966064453,183.04429626464844,175.09896850585938,178.84071350097656,164.2891387939453,4121030
2022-05-23,180.87652587890625,181.13101196289062,177.66258239746094,178.6804962158203,164.14195251464844,3953286
2022-05-24,178.42601013183594,179.7926483154297,174.2601318359375,179.0386505126953,164.47096252441406,3015786
2022-05-25,178.24693298339844,180.1790771484375,175.966064453125,179.4910430908203,164.8865966796875,2665232
2022-05-26,180.28274536132812,183.01602172851562,180.1979217529297,181.99810791015625,167.1896209716797,2375155
2022-05-27,183.77944946289062,185.09896850585938,182.8840789794922,185.06126403808594,170.00355529785156,2383430
2022-05-31,182.43167114257812,184.15646362304688,180.5560760498047,182.48822021484375,167.63990783691406,3717107
2022-06-01,183.317626953125,183.5249786376953,179.4439239501953,180.87652587890625,166.1593017578125,2505339
2022-06-02,182.6484375,185.86239624023438,181.01791381835938,185.7115936279297,170.60096740722656,2663747
2022-06-03,184.11875915527344,184.89161682128906,182.47879028320312,183.61923217773438,168.67884826660156,2392449
2022-06-06,185.28746032714844,185.64561462402344,183.30819702148438,183.96795654296875,168.9992218017578,1682958
2022-06-07,182.49765014648438,186.6069793701172,181.1027374267578,186.25823974609375,171.10313415527344,2260036
2022-06-08,185.3345947265625,185.560791015625,182.48822021484375,183.3364715576172,168.4190673828125,1791817
2022-06-09,182.13006591796875,184.3355255126953,180.81997680664062,180.9707794189453,166.2458953857422,1776963
2022-06-10,177.49293518066406,177.84165954589844,175.50424194335938,175.57022094726562,161.28475952148438,3054301
2022-06-13,171.87559509277344,175.41941833496094,171.84732055664062,173.81715393066406,159.67433166503906,5054922
2022-06-14,174.49575805664062,176.26766967773438,171.95098876953125,172.74269104003906,158.68727111816406,3663103
2022-06-15,173.81715393066406,176.51272583007812,172.2714385986328,174.3355255126953,160.15054321289062,3160931
2022-06-16,171.39491271972656,171.9132843017578,168.7464599609375,169.53817749023438,155.74356079101562,4698320
2022-06-17,169.0857696533203,171.885009765625,167.94532775878906,169.36851501464844,155.5876922607422,5977250
2022-06-21,171.3006591796875,171.4514617919922,169.09519958496094,170.1319580078125,156.28900146484375,3114566
2022-06-22,168.19981384277344,169.4344940185547,166.04147338867188,167.51177978515625,153.8820037841797,3084009
2022-06-23,167.04052734375,168.3411865234375,162.9783172607422,164.53346252441406,151.14602661132812,3536737
2022-06-24,166.34307861328125,169.78321838378906,165.59849548339844,169.6701202392578,155.86474609375,4408773
2022-06-27,170.5843505859375,170.72572326660156,167.2007598876953,168.03958129882812,154.3668670654297,2759343
2022-06-28,169.15174865722656,171.02732849121094,165.64561462402344,165.83412170410156,152.34085083007812,3375147
2022-06-29,165.92837524414062,166.33364868164062,161.5551300048828,163.24221801757812,149.95986938476562,2576426
2022-06-30,161.41375732421875,164.39208984375,160.39585876464844,163.81715393066406,150.48800659179688,3047404
2022-07-01,163.66635131835938,165.28746032714844,161.7059326171875,165.04241943359375,151.61355590820312,2093459
2022-07-05,163.74176025390625,163.74176025390625,159.24598693847656,162.196044921875,148.99879455566406,3549682
2022-07-06,162.83694458007812,164.2318572998047,161.24411010742188,163.25164794921875,149.968505859375,2336216
2022-07-07,164.19415283203125,164.19415283203125,161.41375732421875,163.79830932617188,150.47071838378906,2924859
2022-07-08,163.89254760742188,164.3072509765625,161.6588134765625,163.37417602539062,150.08106994628906,1713303
2022-07-11,164.9481658935547,164.98585510253906,162.196044921875,162.90292358398438,149.64816284179688,3420876
2022-07-12,161.84732055664062,166.6540985107422,161.84732055664062,163.62864685058594,150.31483459472656,2925814
2022-07-13,160.9613494873047,162.4222412109375,160.1036834716797,161.0461883544922,147.9425048828125,2118923
2022-07-14,159.01979064941406,160.0188446044922,157.7285614013672,159.76437377929688,146.76498413085938,1935476
2022-07-15,161.19699096679688,163.006591796875,160.34872436523438,162.86521911621094,149.613525390625,2321999
2022-07-18,163.1856689453125,164.2130126953125,160.72572326660156,161.12158203125,148.0117645263672,1758077
2022-07-19,162.9783172607422,167.4740753173828,162.8557891845703,167.04052734375,153.44911193847656,2605179
2022-07-20,166.64466857910156,168.3694610595703,166.05088806152344,168.0113067626953,154.34092712402344,1749377
2022-07-21,168.0113067626953,169.8680419921875,166.92742919921875,169.67955017089844,155.8733673095703,1966776
2022-07-22,170.12252807617188,172.3751220703125,169.8397674560547,171.03675842285156,157.1201934814453,2469053
2022-07-25,171.3195037841797,171.95098876953125,169.99057006835938,170.83883666992188,156.93833923339844,2059613
2022-07-26,171.20640563964844,172.9783172607422,170.03770446777344,170.98963928222656,157.07688903808594,2465870
2022-07-27,169.9811553955078,174.38265991210938,169.22714233398438,173.10084533691406,159.01629638671875,3719972
2022-07-28,178.23751831054688,180.47125244140625,176.13572692871094,179.4910430908203,164.8865966796875,3876788
2022-07-29,179.52874755859375,182.02638244628906,178.00189208984375,181.39491271972656,166.63555908203125,3084751
2022-08-01,180.4052734375,182.05467224121094,179.9246063232422,180.95193481445312,166.2285919189453,2475631
2022-08-02,180.14137268066406,180.34872436523438,177.81338500976562,178.24693298339844,163.7436981201172,3538966
2022-08-03,178.47314453125,180.87652587890625,177.00282287597656,180.49009704589844,165.8043212890625,2689741
2022-08-04,180.14137268066406,181.7342071533203,179.4910430908203,181.3760528564453,166.61819458007812,1804973
2022-08-05,180.5560760498047,181.76248168945312,179.34024047851562,181.21583557128906,166.47100830078125,1961471
2022-08-08,183.02545166015625,184.22242736816406,181.9886932373047,182.81809997558594,167.9429168701172,2204440
2022-08-09,183.38360595703125,183.7040557861328,182.28086853027344,182.9311981201172,168.04681396484375,2420778
2022-08-10,185.61734008789062,186.91799926757812,185.08010864257812,185.8906707763672,170.76548767089844,2800616
2022-08-11,185.67388916015625,188.1432647705078,185.67388916015625,187.09707641601562,172.7319793701172,2538655
2022-08-12,187.86993408203125,189.42506408691406,186.8426055908203,189.32139587402344,174.78553771972656,2395526
2022-08-15,189.09519958496094,191.0461883544922,187.97361755371094,190.62205505371094,175.98634338378906,2448682
2022-08-16,188.8972625732422,192.51649475097656,188.55796813964844,191.96041870117188,177.22195434570312,1762533
2022-08-17,190.2073516845703,192.2431640625,189.67955017089844,191.12158203125,176.44752502441406,1762533
2022-08-18,190.8671112060547,192.2714385986328,190.7445831298828,192.00753784179688,177.2654571533203,1601261
2022-08-19,190.9707794189453,191.15928649902344,189.3119659423828,189.9717254638672,175.3859405517578,2165183
2022-08-22,188.10556030273438,188.1903839111328,185.98492431640625,186.46559143066406,172.14903259277344,2745868
2022-08-23,186.95570373535156,187.398681640625,185.80584716796875,186.19227600097656,171.89669799804688,1705664
2022-08-24,185.42884826660156,187.1159210205078,185.03298950195312,186.41847229003906,172.10549926757812,1434260
2022-08-25,187.76625061035156,188.97267150878906,186.54100036621094,188.9066925048828,174.4026641845703,1731022
2022-08-26,187.7851104736328,188.91612243652344,181.84732055664062,181.96041870117188,167.98974609375,3010057
2022-08-29,181.69651794433594,182.7521209716797,180.2073516845703,181.35720825195312,167.43283081054688,2223538
2022-08-30,180.9236602783203,181.94155883789062,178.40716552734375,179.73609924316406,165.93618774414062,2359664
2022-08-31,181.4985809326172,181.58340454101562,178.1432647705078,178.46371459960938,164.76148986816406,2789687
2022-09-01,178.27520751953125,180.1508026123047,177.70028686523438,179.76437377929688,165.96229553222656,2379399
2022-09-02,181.9886932373047,182.30914306640625,175.52308654785156,176.1451416015625,162.62094116210938,2916052
2022-09-06,176.3524932861328,177.5966033935547,173.76060485839844,174.92930603027344,161.49844360351562,2704383
2022-09-07,175.21206665039062,178.8501434326172,175.14608764648438,178.21865844726562,164.5352325439453,2487302
2022-09-08,177.51177978515625,177.51177978515625,173.83599853515625,177.0216827392578,163.43016052246094,3720397
2022-09-09,178.23751831054688,180.9707794189453,177.9547576904297,180.66917419433594,166.79763793945312,3087404
2022-09-12,182.0923614501953,182.53533935546875,180.3769989013672,180.98963928222656,167.09347534179688,2935469
2022-09-13,177.67201232910156,179.11404418945312,174.0056610107422,174.34495544433594,160.95899963378906,5154869
2022-09-14,174.5994415283203,174.5994415283203,167.94532775878906,169.6230010986328,156.5995635986328,5251844
2022-09-15,168.84071350097656,169.641845703125,166.0697479248047,166.69180297851562,153.89341735839844,3662678
2022-09-16,163.58152770996094,167.4269561767578,162.601318359375,167.15362548828125,154.31976318359375,6809392
2022-09-19,165.88124084472656,168.7747344970703,165.6361846923828,168.3600311279297,155.4335479736328,2563588
2022-09-20,166.8614501953125,167.34213256835938,165.0047149658203,166.8331756591797,154.02395629882812,2630007
2022-09-21,167.68142700195312,169.30255126953125,164.26956176757812,164.2789764404297,151.66586303710938,2658229
2022-09-22,163.56268310546875,164.70310974121094,162.13006591796875,163.2893524169922,150.752197265625,2365924
2022-09-23,162.84637451171875,164.2789764404297,160.1508026123047,161.52685546875,149.125,3397640
2022-09-26,161.66824340820312,162.4222412109375,159.15174865722656,160.29217529296875,147.98516845703125,3471168
2022-09-27,161.03675842285156,162.54476928710938,158.6993408203125,160.29217529296875,147.98516845703125,2856636
2022-09-28,161.97926330566406,164.71253967285156,160.63148498535156,163.83599853515625,151.25689697265625,3265546
2022-09-29,163.3930206298828,163.3930206298828,158.4448699951172,160.29217529296875,147.98516845703125,3307137
2022-09-30,160.32044982910156,161.35720825195312,157.04995727539062,157.3704071044922,145.28773498535156,4042728
2022-10-03,160.29217529296875,164.35438537597656,159.35910034179688,163.09141540527344,150.56947326660156,3585119
2022-10-04,164.844482421875,168.15267944335938,164.77850341796875,167.94532775878906,155.05068969726562,3916469
2022-10-05,166.46559143066406,169.4344940185547,164.9481658935547,167.58718872070312,154.72003173828125,3119552
2022-10-06,166.15457153320312,167.4740753173828,163.86427307128906,164.9764404296875,152.3097686767578,2757751
2022-10-07,163.60980224609375,164.14703369140625,160.57493591308594,161.5551300048828,149.15113830566406,3142258
2022-10-10,162.87464904785156,163.80772399902344,160.3393096923828,162.00753784179688,149.56884765625,2049958
2022-10-11,161.54571533203125,165.65504455566406,160.9613494873047,163.63807678222656,151.0741424560547,3085706
2022-10-12,164.0527801513672,164.93873596191406,162.29971313476562,162.8557891845703,150.35191345214844,2894408
2022-10-13,159.6606903076172,168.1338348388672,159.4910430908203,167.34213256835938,154.49378967285156,3419603
2022-10-14,167.9076385498047,168.25636291503906,163.83599853515625,164.14703369140625,151.54403686523438,3151488
2022-10-17,167.44580078125,168.70877075195312,166.00376892089844,166.8614501953125,154.05006408691406,3647612
2022-10-18,169.8209228515625,170.7445831298828,167.4269561767578,169.53817749023438,156.52125549316406,2099295
2022-10-19,169.18002319335938,170.4335479736328,167.70970153808594,168.97267150878906,155.99917602539062,1790968
2022-10-20,169.04806518554688,170.42413330078125,166.92742919921875,167.4269561767578,154.5721435546875,2851438
2022-10-21,166.8143310546875,172.77096557617188,166.37135314941406,172.29971313476562,159.07078552246094,3140348
2022-10-24,173.9019775390625,177.2667236328125,173.27049255371094,176.15457153320312,162.62966918945312,3470531
2022-10-25,175.92837524414062,178.94439697265625,175.49481201171875,178.7464599609375,165.02255249023438,3084433
2022-10-26,180.6126251220703,181.8567352294922,178.8501434326172,179.33082580566406,165.56204223632812,4459277
2022-10-27,182.2431640625,188.10556030273438,181.71536254882812,185.19320678710938,170.97430419921875,5043994
2022-10-28,187.5589141845703,193.36474609375,185.3817138671875,193.14797973632812,178.318359375,5191155
2022-10-31,190.77285766601562,193.20452880859375,190.65975952148438,192.29029846191406,177.52650451660156,4703837
2022-11-01,192.69557189941406,193.2893524169922,189.93402099609375,191.42318725585938,176.72596740722656,4643573
2022-11-02,191.64938354492188,194.9952850341797,188.5485382080078,188.94439697265625,174.4374542236328,4978955
2022-11-03,188.8501434326172,194.20358276367188,187.71913146972656,192.63902282714844,177.8484344482422,4937576
2022-11-04,194.439208984375,196.0697479248047,192.46937561035156,195.9001007080078,180.85916137695312,4376625
2022-11-07,195.7587127685547,198.15267944335938,195.2309112548828,197.70970153808594,182.52981567382812,2834674
2022-11-08,197.2949981689453,200.16964721679688,196.87088012695312,199.2082977294922,183.913330078125,2791809
2022-11-09,197.92648315429688,199.37794494628906,196.4561767578125,196.63525390625,182.42686462402344,3225864
2022-11-10,202.49765014648438,202.7050018310547,199.01036071777344,202.4505157470703,187.82196044921875,4620231
2022-11-11,202.25259399414062,202.601318359375,199.29312133789062,200.49952697753906,186.01190185546875,4484635
2022-11-14,200.54666137695312,203.65692138671875,199.65127563476562,200.75401306152344,186.24801635742188,3261514
2022-11-15,202.9783172607422,203.76060485839844,200.83883666992188,203.04429626464844,188.37277221679688,2511811
2022-11-16,203.35533142089844,203.79830932617188,201.0461883544922,201.69651794433594,187.12242126464844,2596161
2022-11-17,200.047119140625,202.99717712402344,199.83035278320312,202.17718505859375,187.56834411621094,2853347
2022-11-18,203.94911193847656,204.85391235351562,200.90480041503906,202.196044921875,187.58584594726562,3156157
2022-11-21,202.63902282714844,204.73138427734375,201.5551300048828,204.1093292236328,189.3608856201172,2489637
2022-11-22,204.6465606689453,206.41847229003906,204.52403259277344,206.18284606933594,191.28457641601562,2669900
2022-11-23,206.21112060546875,207.99246215820312,205.74929809570312,206.32421875,191.41567993164062,2850589
2022-11-25,205.22149658203125,208.25636291503906,205.22149658203125,207.398681640625,192.41253662109375,1188214
2022-11-28,207.0688018798828,207.5494842529297,203.08200073242188,203.36474609375,188.67010498046875,2803799
2022-11-29,203.50611877441406,204.91989135742188,202.8086700439453,204.2601318359375,189.5007781982422,2229904
2022-11-30,203.8831329345703,207.9641876220703,201.4043426513672,206.92742919921875,191.97535705566406,4960175
2022-12-01,207.61546325683594,207.9359130859375,203.91140747070312,204.89161682128906,190.08663940429688,4233814
2022-12-02,202.47879028320312,207.2196044921875,202.3751220703125,206.4844512939453,191.5643768310547,2328152
2022-12-05,205.2309112548828,206.02261352539062,202.8275146484375,203.20452880859375,188.5214385986328,3265546
2022-12-06,203.83599853515625,204.2789764404297,199.2082977294922,200.93307495117188,186.4141387939453,2672022
2022-12-07,201.66824340820312,201.78134155273438,199.8209228515625,201.17813110351562,186.64146423339844,3165494
2022-12-08,201.5551300048828,202.25259399414062,200.00942993164062,201.08387756347656,186.55404663085938,2301840
2022-12-09,201.08387756347656,202.15834045410156,199.24598693847656,199.4627685546875,185.05006408691406,2397860
2022-12-12,199.96229553222656,202.25259399414062,198.925537109375,202.1677703857422,187.5596160888672,3551167
2022-12-13,206.92742919921875,207.31385803222656,200.88595581054688,202.601318359375,187.9618377685547,3660238
2022-12-14,203.78887939453125,205.34400939941406,200.80113220214844,202.3751220703125,187.75193786621094,2701200
2022-12-15,200.65032958984375,201.4326171875,196.0697479248047,196.95570373535156,182.7241668701172,3417905
2022-12-16,195.42884826660156,198.19981384277344,194.37322998046875,197.68142700195312,183.39744567871094,7563339
2022-12-19,197.22903442382812,200.12252807617188,196.39019775390625,197.3704071044922,183.10887145996094,3278278
2022-12-20,197.52120971679688,200.52780151367188,197.1913299560547,199.33082580566406,184.9276580810547,1990330
2022-12-21,200.71630859375,202.92176818847656,200.51837158203125,202.7332763671875,188.08424377441406,2785337
2022-12-22,202.0169677734375,202.2714385986328,196.97454833984375,200.1036834716797,185.64466857910156,2355420
2022-12-23,199.81149291992188,202.36569213867188,199.30255126953125,201.57398986816406,187.0087432861328,1380043
2022-12-27,201.60226440429688,203.37417602539062,201.42318725585938,202.53533935546875,187.90060424804688,1550121
2022-12-28,203.5155487060547,204.0622100830078,199.8209228515625,199.99057006835938,185.53973388671875,1705345
2022-12-29,200.83883666992188,202.87464904785156,200.5372314453125,202.4033966064453,187.77822875976562,1994574
2022-12-30,201.6776580810547,202.1677703857422,199.7455291748047,201.97926330566406,187.3846893310547,1697600
2023-01-03,202.7803955078125,202.7803955078125,200.0188446044922,201.97926330566406,187.3846893310547,2354677
2023-01-04,196.51272583007812,199.09519958496094,195.4005584716797,197.9641876220703,183.65972900390625,4095778
2023-01-05,196.49388122558594,196.80490112304688,192.32798767089844,192.71441650390625,178.78932189941406,4305008
2023-01-06,194.5994415283203,198.925537109375,194.033935546875,198.1809539794922,183.86083984375,4303734
2023-01-09,198.1809539794922,201.3477783203125,197.49293518066406,198.55796813964844,184.2106475830078,2787671
2023-01-10,197.45523071289062,199.29312133789062,197.45523071289062,199.18943786621094,184.79649353027344,1884018
2023-01-11,199.7926483154297,200.66917419433594,197.9359130859375,200.09425354003906,185.6359405517578,3097590
2023-01-12,200.6126251220703,204.73138427734375,200.16964721679688,203.56268310546875,188.85372924804688,3145016
2023-01-13,202.15834045410156,204.3638153076172,200.65975952148438,204.15646362304688,189.4046173095703,2118923
2023-01-17,204.54287719726562,204.54287719726562,199.7455291748047,200.03770446777344,185.58348083496094,3481459
2023-01-18,198.76531982421875,198.76531982421875,192.25259399414062,192.49765014648438,178.5882110595703,5412585
2023-01-19,192.55419921875,192.6295928955078,188.70877075195312,189.12347412109375,175.45787048339844,4826595
2023-01-20,188.09613037109375,191.00848388671875,187.3798370361328,190.41470336914062,176.65582275390625,4220128
2023-01-23,190.90480041503906,194.01507568359375,189.8020782470703,192.7050018310547,178.7805938720703,2970482
2023-01-24,192.23374938964844,195.7398681640625,190.60321044921875,195.03298950195312,180.9403533935547,3413449
2023-01-25,192.7803955078125,195.24034118652344,192.0452423095703,194.78793334960938,180.7130126953125,2286137
2023-01-26,195.85296630859375,197.3798370361328,194.0527801513672,197.31385803222656,183.05645751953125,2044865
2023-01-27,195.9377899169922,197.76625061035156,195.70216369628906,196.16400146484375,181.9896240234375,2251866
2023-01-30,194.65599060058594,197.3515625,193.78887939453125,193.94911193847656,179.93482971191406,2700988
2023-01-31,194.6936798095703,196.57870483398438,193.6946258544922,196.49388122558594,182.2957000732422,2439027
2023-02-01,195.4853973388672,196.46559143066406,192.0923614501953,194.83506774902344,180.75674438476562,5721124
2023-02-02,187.51177978515625,196.2488250732422,186.32421875,195.45712280273438,181.3338623046875,7621694
2023-02-03,195.28746032714844,195.28746032714844,190.0282745361328,191.03675842285156,177.23291015625,4729620
2023-02-06,190.62205505371094,192.3939666748047,189.21771240234375,192.30914306640625,178.41334533691406,3028306
2023-02-07,191.3289337158203,194.17530822753906,190.1790771484375,193.65692138671875,179.66372680664062,3127616
2023-02-08,192.17718505859375,193.0348663330078,189.641845703125,190.59378051757812,176.8218994140625,3779494
2023-02-09,191.66824340820312,192.20545959472656,187.2196044921875,187.76625061035156,174.19869995117188,3197111
2023-02-10,187.3798370361328,189.28369140625,186.9651336669922,188.94439697265625,175.2917022705078,3067033
2023-02-13,188.6804962158203,192.02638244628906,188.2657928466797,191.6776580810547,177.82748413085938,3154565
2023-02-14,191.41375732421875,191.42318725585938,187.2478790283203,189.4439239501953,175.7551727294922,3182363
2023-02-15,188.3129119873047,190.14137268066406,187.4269561767578,190.11309814453125,176.3759765625,2686664
2023-02-16,187.34213256835938,189.952880859375,186.59754943847656,187.89820861816406,174.32113647460938,2922949
2023-02-17,187.803955078125,190.36758422851562,187.2384490966797,189.8397674560547,176.12242126464844,3024274
2023-02-21,189.9811553955078,190.05654907226562,185.155517578125,185.44769287109375,172.04769897460938,3003585
2023-02-22,185.74929809570312,186.13572692871094,183.43072509765625,184.25070190429688,170.93719482421875,3144061
2023-02-23,184.7690887451172,184.7690887451172,181.5080108642578,183.80772399902344,171.42942810058594,2595843
2023-02-24,182.74269104003906,182.74269104003906,179.88690185546875,180.99905395507812,168.8098907470703,3507136
2023-02-27,183.24221801757812,183.78887939453125,180.71630859375,181.38548278808594,169.17031860351562,3568249
2023-02-28,180.49952697753906,181.3006591796875,178.7276153564453,180.47125244140625,168.3176727294922,3299816
2023-03-01,179.6701202392578,183.17625427246094,179.6135711669922,181.79075622558594,169.54830932617188,3428834
2023-03-02,180.57493591308594,183.9019775390625,180.49009704589844,183.27049255371094,170.92840576171875,4513812
2023-03-03,184.20358276367188,186.18284606933594,183.05372619628906,185.50424194335938,173.01170349121094,3306607
2023-03-06,185.85296630859375,187.85108947753906,185.34400939941406,185.7115936279297,173.205078125,2887830
2023-03-07,186.0697479248047,186.80490112304688,183.55325317382812,184.37322998046875,171.9568634033203,2950641
2023-03-08,184.9952850341797,185.34400939941406,182.96890258789062,184.32611083984375,171.9129180908203,2190859
2023-03-09,185.560791015625,185.62677001953125,181.29122924804688,181.79075622558594,169.54830932617188,3383105
2023-03-10,181.79075622558594,185.37228393554688,180.85768127441406,182.2148895263672,169.94387817382812,3890793
2023-03-13,181.90386962890625,184.0056610107422,181.12158203125,181.99810791015625,169.74169921875,3420240
2023-03-14,184.78793334960938,184.89161682128906,179.236572265625,181.87559509277344,169.62742614746094,5149245
2023-03-15,179.14231872558594,180.0282745361328,174.13760375976562,177.30442810058594,165.36410522460938,4165804
2023-03-16,176.59754943847656,178.8595733642578,175.5890655517578,178.2657928466797,166.2607421875,4087184
2023-03-17,177.0122528076172,177.2007598876953,173.63807678222656,174.02450561523438,162.3050537109375,7834106
2023-03-20,175.26861572265625,179.30255126953125,174.844482421875,178.96324157714844,166.9112091064453,3014089
2023-03-21,180.08482360839844,181.0933074951172,178.27520751953125,180.16964721679688,168.03636169433594,3325068
2023-03-22,180.69744873046875,180.9613494873047,176.32421875,176.39962768554688,164.5202178955078,2491759
2023-03-23,176.1168670654297,178.52969360351562,174.88218688964844,176.1734161376953,164.30926513671875,2504066
2023-03-24,175.67388916015625,177.398681640625,173.98680114746094,177.34213256835938,165.39926147460938,2474570
2023-03-27,177.7851104736328,178.68991088867188,176.6540985107422,177.18190002441406,165.2498321533203,2263219
2023-03-28,176.95570373535156,178.70877075195312,176.62582397460938,177.1159210205078,165.1882781982422,2195952
2023-03-29,178.75588989257812,178.80300903320312,176.97454833984375,178.19981384277344,166.1991729736328,2847936
2023-03-30,178.70877075195312,179.4910430908203,177.1724853515625,178.24693298339844,166.24313354492188,2121363
2023-03-31,179.18943786621094,180.3769989013672,178.4448699951172,180.1319580078125,168.001220703125,2867459
2023-04-03,179.6135711669922,182.7521209716797,179.0386505126953,182.1677703857422,169.89991760253906,3048890
2023-04-04,182.0169677734375,182.12063598632812,178.7747344970703,179.96229553222656,167.8429718017578,2651545
2023-04-05,179.34967041015625,180.0282745361328,178.39773559570312,178.5391082763672,166.51564025878906,3214618
2023-04-06,178.70877075195312,181.06503295898438,178.1432647705078,179.50990295410156,167.42105102539062,2952020
2023-04-10,179.7738037109375,181.52685546875,179.37794494628906,180.65975952148438,168.49351501464844,2695152
2023-04-11,181.79075622558594,182.05467224121094,180.7917022705078,181.1404266357422,168.9417724609375,2584172
2023-04-12,182.33741760253906,183.66635131835938,181.2723846435547,182.12063598632812,169.85598754882812,3879865
2023-04-13,182.13949584960938,185.1272430419922,181.52685546875,184.6371307373047,172.20298767089844,3565597
2023-04-14,184.38265991210938,186.36192321777344,184.02450561523438,185.24977111816406,172.77438354492188,2083698
2023-04-17,185.84353637695312,186.682373046875,185.42884826660156,186.4844512939453,173.92591857910156,1785345
2023-04-18,187.2949981689453,188.00189208984375,184.93873596191406,185.60791015625,173.10838317871094,2546400
2023-04-19,186.85202026367188,187.2384490966797,185.88124084472656,186.43731689453125,173.88197326660156,1977810
2023-04-20,186.1451416015625,186.39019775390625,184.73138427734375,185.43826293945312,172.95018005371094,2065873
2023-04-21,185.7587127685547,186.00376892089844,184.16587829589844,184.80679321289062,172.36122131347656,2090913
2023-04-24,185.871826171875,186.69180297851562,184.98585510253906,185.46653747558594,172.9765625,1703542
2023-04-25,187.10650634765625,187.4740753173828,184.5994415283203,184.6936798095703,172.2557373046875,2381202
2023-04-26,182.7332763671875,183.2893524169922,179.24598693847656,179.9246063232422,167.8078155517578,3797743
2023-04-27,184.67483520507812,187.4175262451172,182.4410858154297,187.1913299560547,174.58517456054688,4098006
2023-04-28,187.5589141845703,189.2648468017578,187.07823181152344,188.35061645507812,175.66639709472656,3037749
2023-05-01,188.5014190673828,190.5372314453125,188.46371459960938,188.9538116455078,176.22898864746094,2360619
2023-05-02,188.1809539794922,188.1809539794922,185.08010864257812,186.8614501953125,174.2775421142578,2745974
2023-05-03,188.3600311279297,189.0763397216797,186.34307861328125,186.57870483398438,174.01380920410156,2944593
2023-05-04,186.82374572753906,187.5589141845703,183.722900390625,184.93873596191406,172.4842987060547,2445393
2023-05-05,185.9943389892578,187.1724853515625,185.46653747558594,187.0122528076172,174.4181671142578,2215474
2023-05-08,188.2657928466797,188.48255920410156,184.70310974121094,185.62677001953125,173.12596130371094,1585665
2023-05-09,184.6936798095703,186.8897247314453,183.7511749267578,185.79641723632812,173.28419494628906,2374200
2023-05-10,186.13572692871094,187.31385803222656,183.14797973632812,185.9943389892578,173.4687957763672,2289956
2023-05-11,184.6654052734375,185.0047149658203,182.0923614501953,182.8275146484375,171.409912109375,3045919
2023-05-12,183.73233032226562,184.11875915527344,181.62110900878906,182.48822021484375,171.09182739257812,2230222
2023-05-15,182.3751220703125,184.2412872314453,181.57398986816406,183.1385498046875,171.70150756835938,1661314
2023-05-16,182.8086700439453,182.8086700439453,180.30160522460938,180.59378051757812,169.315673828125,2175793
2023-05-17,181.93214416503906,185.13665771484375,181.47030639648438,184.75022888183594,173.2125244140625,2568681
2023-05-18,184.2130126953125,186.98397827148438,183.68519592285156,186.85202026367188,175.18309020996094,2586718
2023-05-19,188.03016662597656,188.7464599609375,185.73043823242188,186.00376892089844,174.38780212402344,2832340
2023-05-22,185.7210235595703,187.00282287597656,183.99623107910156,185.60791015625,174.0166473388672,1871286
2023-05-23,185.86239624023438,186.21112060546875,183.68519592285156,183.76060485839844,172.2847442626953,2290487
2023-05-24,183.722900390625,183.97738647460938,179.91517639160156,180.82940673828125,169.53659057617188,1850915
2023-05-25,180.83883666992188,181.479736328125,179.06692504882812,181.21583557128906,169.89886474609375,2569318
2023-05-26,181.69651794433594,183.14797973632812,181.1027374267578,182.61074829101562,171.20668029785156,2092292
2023-05-30,182.46937561035156,183.58152770996094,179.47219848632812,183.36474609375,171.91358947753906,2394253
2023-05-31,182.7050018310547,182.8840789794922,179.4156494140625,180.5843505859375,169.3068084716797,3878804
2023-06-01,180.81997680664062,183.12911987304688,179.51931762695312,182.71441650390625,171.3038787841797,2025237
2023-06-02,185.155517578125,188.0867156982422,184.62771606445312,187.4175262451172,175.71327209472656,2907883
2023-06-05,187.2949981689453,187.67201232910156,184.77850341796875,185.84353637695312,174.23756408691406,1764125
2023-06-06,186.20169067382812,186.7106475830078,184.128173828125,185.0518341064453,173.4953155517578,2434465
2023-06-07,185.6361846923828,187.27615356445312,183.06314086914062,186.98397827148438,175.30677795410156,2711279
2023-06-08,186.49388122558594,187.32327270507812,185.73043823242188,186.75778198242188,175.0947265625,1725823
2023-06-09,186.26766967773438,187.33270263671875,184.8162078857422,186.51272583007812,174.86497497558594,1867466
2023-06-12,186.8143310546875,187.51177978515625,185.32516479492188,187.087646484375,175.4039764404297,1783223
2023-06-13,187.087646484375,189.70782470703125,186.39019775390625,189.54759216308594,177.71031188964844,2109162
2023-06-14,190.3864288330078,191.1498565673828,187.2384490966797,188.99151611328125,177.18894958496094,2818865
2023-06-15,189.67955017089844,192.36569213867188,188.9066925048828,192.0169677734375,180.02548217773438,2618230
2023-06-16,193.2139434814453,194.17530822753906,190.81997680664062,191.3006591796875,179.35391235351562,5311154
2023-06-20,190.99905395507812,191.3006591796875,187.58718872070312,188.87841796875,177.08294677734375,2212397
2023-06-21,187.8322296142578,191.12158203125,186.72007751464844,190.1979217529297,178.3200225830078,2709051
2023-06-22,190.34872436523438,190.65032958984375,188.15267944335938,189.11404418945312,177.30381774902344,1715531
2023-06-23,187.68142700195312,189.12347412109375,187.22903442382812,188.58624267578125,176.80899047851562,3525597
2023-06-26,188.78416442871094,191.38548278808594,187.9830322265625,190.93307495117188,179.00929260253906,2261628
2023-06-27,190.9142303466797,192.33741760253906,190.81056213378906,191.64938354492188,179.68084716796875,2502687
2023-06-28,191.72479248046875,192.196044921875,190.3864288330078,190.85768127441406,178.9385986328125,2092292
2023-06-29,190.78228759765625,194.75022888183594,190.14137268066406,194.5994415283203,182.44667053222656,2699290
2023-06-30,195.73043823242188,196.5032958984375,194.91989135742188,195.57022094726562,183.35682678222656,3193504
2023-07-03,194.90103149414062,196.64466857910156,193.25164794921875,196.32421875,184.06370544433594,1289221
2023-07-05,195.47596740722656,196.36192321777344,194.1093292236328,194.56173706054688,182.41134643554688,2478390
2023-07-06,193.1856689453125,193.26107788085938,190.46182250976562,192.28086853027344,180.2728729248047,2230540
2023-07-07,191.21583557128906,193.89254760742188,190.5372314453125,191.57398986816406,179.6101531982422,2391176
2023-07-10,192.46937561035156,196.02261352539062,191.9132843017578,195.79641723632812,183.56890869140625,3291434
2023-07-11,196.4561767578125,197.48350524902344,195.513671875,196.72950744628906,184.44374084472656,2972392
2023-07-12,198.2940673828125,198.7464599609375,196.37135314941406,196.5315704345703,184.25814819335938,3147987
2023-07-13,195.73043823242188,197.18190002441406,195.27804565429688,196.7106475830078,184.426025390625,2466082
2023-07-14,195.95664978027344,195.95664978027344,193.68519592285156,194.2884063720703,182.15505981445312,2293033
2023-07-17,193.7511749267578,196.82374572753906,193.45899963378906,196.20169067382812,183.94886779785156,2281893
2023-07-18,194.8162078857422,195.24977111816406,192.2243194580078,193.44956970214844,181.3686065673828,3892597
2023-07-19,192.13006591796875,194.2130126953125,192.11122131347656,193.37417602539062,181.2979278564453,2658866
2023-07-20,194.29783630371094,197.21017456054688,193.76060485839844,196.00376892089844,183.76329040527344,2687195
2023-07-21,196.33364868164062,198.2940673828125,195.83412170410156,196.6069793701172,184.32882690429688,7988906
2023-07-24,196.67294311523438,198.07728576660156,196.23939514160156,197.28558349609375,184.965087890625,1959349
2023-07-25,196.18284606933594,198.05844116210938,195.3534393310547,197.6248779296875,185.28318786621094,2088472
2023-07-26,196.77662658691406,197.36097717285156,195.27804565429688,196.28652954101562,184.02841186523438,3493979
2023-07-27,191.99810791015625,192.38453674316406,184.40150451660156,185.11781311035156,173.5572052001953,6997826
2023-07-28,186.2959442138672,186.8143310546875,183.79830932617188,183.96795654296875,172.47911071777344,4174505
2023-07-31,183.9019775390625,184.26956176757812,182.29971313476562,182.96890258789062,171.54246520996094,3656630
2023-08-01,182.23374938964844,183.60037231445312,181.8661651611328,182.35626220703125,170.9680938720703,4215459
2023-08-02,182.7521209716797,184.07162475585938,181.33836364746094,181.8096160888672,170.45558166503906,3180454
2023-08-03,181.69651794433594,181.8096160888672,179.50990295410156,179.55702209472656,168.34364318847656,2661943
2023-08-04,180.26390075683594,180.7917022705078,177.9547576904297,178.33175659179688,167.19493103027344,2555206
2023-08-07,179.18002319335938,179.70782470703125,177.7568359375,178.6993408203125,167.53953552246094,3016105
2023-08-08,177.7568359375,177.7568359375,175.84353637695312,176.8614501953125,165.8164520263672,3460664
2023-08-09,176.2959442138672,179.33082580566406,176.2488250732422,178.3600311279297,167.221435546875,3421407
2023-08-10,177.398681640625,179.6606903076172,177.2478790283203,177.88877868652344,167.6923065185547,2983214
2023-08-11,177.3798370361328,180.4335479736328,177.3798370361328,179.70782470703125,169.40708923339844,2864700
2023-08-14,179.9717254638672,180.78228759765625,178.28463745117188,178.61451721191406,168.37643432617188,2593296
2023-08-15,177.1724853515625,177.58718872070312,175.83412170410156,177.00282287597656,166.85716247558594,2389372
2023-08-16,176.8614501953125,177.66258239746094,175.6927490234375,175.7681427001953,165.69325256347656,2378019
2023-08-17,176.682373046875,177.398681640625,175.28746032714844,175.28746032714844,165.24008178710938,2632235
2023-08-18,174.54287719726562,176.77662658691406,174.42977905273438,175.85296630859375,165.773193359375,2178976
2023-08-21,175.31573486328125,176.5315704345703,174.75965881347656,176.20169067382812,166.10194396972656,2048579
2023-08-22,176.57870483398438,176.72007751464844,174.88218688964844,175.31573486328125,165.26675415039062,1817493
2023-08-23,175.77757263183594,176.7860565185547,175.44769287109375,176.32421875,166.21742248535156,2015157
2023-08-24,176.19227600097656,177.9359130859375,174.4674835205078,174.5146026611328,164.51153564453125,2537275
2023-08-25,174.9481658935547,176.40904235839844,173.96795654296875,175.5890655517578,165.5244140625,2062478
2023-08-28,177.6060333251953,178.73704528808594,176.36192321777344,177.07823181152344,166.92822265625,2059507
2023-08-29,177.07823181152344,178.9066925048828,176.57870483398438,178.6239471435547,168.38534545898438,2313511
2023-08-30,178.6239471435547,179.73609924316406,176.91799926757812,177.71913146972656,167.5323944091797,2341415
2023-08-31,177.61546325683594,178.51083374023438,177.1159210205078,177.13478088378906,166.9815216064453,2757009
2023-09-01,178.15267944335938,178.5956573486328,176.75778198242188,177.5589141845703,167.38134765625,1693144
2023-09-05,177.73797607421875,177.94532775878906,174.9481658935547,175.0235595703125,164.9913330078125,2365075
2023-09-06,174.40150451660156,175.14608764648438,173.07257080078125,173.9019775390625,163.93402099609375,2364757
2023-09-07,174.128173828125,175.14608764648438,172.69557189941406,173.53440856933594,163.5875244140625,2213458
2023-09-08,173.23280334472656,174.35438537597656,172.87464904785156,173.91140747070312,163.9429168701172,1877652
2023-09-11,175.24034118652344,175.90951538085938,174.128173828125,175.50424194335938,165.44444274902344,2244439
2023-09-12,175.4853973388672,179.01979064941406,175.27804565429688,178.33175659179688,168.1099090576172,3891218
2023-09-13,178.9066925048828,182.5259246826172,178.87841796875,180.57493591308594,170.2244873046875,5365795
2023-09-14,181.33836364746094,184.0810546875,180.90480041503906,182.43167114257812,171.97479248046875,3906814
2023-09-15,183.3364715576172,183.71347045898438,181.3289337158203,181.94155883789062,171.51278686523438,6380854
2023-09-18,181.66824340820312,184.11875915527344,181.3760528564453,183.27992248535156,172.77444458007812,2436905
2023-09-19,182.0358123779297,184.37322998046875,182.0358123779297,184.11875915527344,173.565185546875,3047298
2023-09-20,184.86334228515625,185.7587127685547,183.2139434814453,183.26107788085938,172.7566680908203,2518920
2023-09-21,183.47784423828125,183.47784423828125,180.39585876464844,180.42413330078125,170.08233642578125,3095468
2023-09-22,179.952880859375,180.81056213378906,178.68991088867188,178.86898803710938,168.61631774902344,2996582
2023-09-25,178.17153930664062,180.98963928222656,177.71913146972656,180.82940673828125,170.4644012451172,2889209
2023-09-26,180.0282745361328,180.3393096923828,176.9651336669922,177.087646484375,166.93711853027344,3606870
2023-09-27,178.07728576660156,178.07728576660156,175.6361846923828,177.07823181152344,166.92822265625,2372078
2023-09-28,176.93685913085938,178.114990234375,175.9472198486328,176.3524932861328,166.24407958984375,3089950
2023-09-29,177.398681640625,177.40811157226562,173.74176025390625,174.11875915527344,164.1383819580078,3534085
2023-10-02,173.42129516601562,174.19415283203125,170.65975952148438,172.11122131347656,162.24591064453125,2865549
2023-10-03,171.4043426513672,172.2148895263672,169.87747192382812,170.72572326660156,160.9398193359375,2642208
2023-10-04,170.99905395507812,172.4410858154297,170.047119140625,172.00753784179688,162.14816284179688,2438921
2023-10-05,171.6776580810547,171.93214416503906,168.83128356933594,169.6701202392578,159.9447479248047,2427780
2023-10-06,170.09425354003906,174.6465606689453,169.36851501464844,174.04335021972656,164.0673065185547,4000819
2023-10-09,174.6182861328125,176.22996520996094,174.13760375976562,175.79641723632812,165.71987915039062,2417913
2023-10-10,177.1913299560547,177.27615356445312,173.77944946289062,175.62677001953125,165.55996704101562,3461725
2023-10-11,175.83412170410156,177.46466064453125,175.1272430419922,176.62582397460938,166.50173950195312,2345022
2023-10-12,176.58811950683594,176.61639404296875,172.30914306640625,173.36474609375,163.4275665283203,2561148
2023-10-13,174.22242736816406,174.22242736816406,171.87559509277344,173.006591796875,163.08998107910156,2382582
2023-10-16,174.93873596191406,176.72007751464844,174.486328125,175.52308654785156,165.4622344970703,2581413
2023-10-17,174.68426513671875,176.52215576171875,174.3355255126953,175.60791015625,165.5421600341797,1961683
2023-10-18,174.95758056640625,175.34400939941406,172.51649475097656,172.92176818847656,163.00999450683594,2399982
2023-10-19,172.63902282714844,175.1743621826172,171.4043426513672,171.79075622558594,161.94383239746094,2722208
2023-10-20,172.14891052246094,173.2139434814453,170.65032958984375,170.8953857421875,161.09976196289062,3229047
2023-10-23,171.1498565673828,172.55419921875,170.0188446044922,170.14137268066406,160.38897705078125,2199984
2023-10-24,171.13101196289062,172.49765014648438,169.8963165283203,171.02732849121094,161.22413635253906,2707990
2023-10-25,171.01791381835938,171.3289337158203,167.74740600585938,167.85108947753906,158.22996520996094,4400391
2023-10-26,168.3129119873047,172.46937561035156,164.8256378173828,165.9377899169922,156.4263458251953,5111474
2023-10-27,165.55136108398438,168.82186889648438,165.26861572265625,166.82374572753906,157.2615203857422,3607718
2023-10-30,167.33270263671875,169.93402099609375,166.44674682617188,169.4156494140625,159.70484924316406,2794462
2023-10-31,169.18002319335938,173.3459014892578,168.87841796875,172.72384643554688,162.82345581054688,4000288
2023-11-01,173.60037231445312,173.67578125,170.98963928222656,173.41188049316406,163.47201538085938,3563581
2023-11-02,174.92930603027344,176.38076782226562,173.56268310546875,175.7115936279297,165.6399383544922,3246236
2023-11-03,177.32327270507812,179.27427673339844,177.1724853515625,178.12440490722656,167.91444396972656,3140560
2023-11-06,177.82281494140625,178.03958129882812,176.26766967773438,176.72007751464844,166.59059143066406,2482634
2023-11-07,176.03204345703125,176.4844512939453,174.89161682128906,175.88124084472656,165.7998504638672,2633508
2023-11-08,176.13572692871094,176.13572692871094,173.2139434814453,174.0056610107422,164.03176879882812,3388304
2023-11-09,173.2987823486328,174.75965881347656,172.66729736328125,173.1197052001953,164.1568603515625,2884116
2023-11-10,173.99623107910156,176.1734161376953,173.10084533691406,175.97549438476562,166.8648223876953,2311495
2023-11-13,176.06031799316406,176.72950744628906,175.03298950195312,175.7869873046875,166.68606567382812,1778130
2023-11-14,177.91705322265625,179.70782470703125,177.803955078125,179.30255126953125,170.01962280273438,3131648
2023-11-15,179.52874755859375,180.7351531982422,177.92648315429688,178.6522216796875,169.4029541015625,4325485
2023-11-16,180.2261962890625,181.3006591796875,179.4627685546875,179.7455291748047,170.43966674804688,2263644
2023-11-17,180.763427734375,180.9613494873047,179.01036071777344,180.21678161621094,170.8865203857422,2342370
2023-11-20,179.70782470703125,181.3195037841797,179.14231872558594,180.77285766601562,171.413818359375,2122212
2023-11-21,180.1036834716797,180.59378051757812,179.14231872558594,180.24505615234375,170.91331481933594,1991921
2023-11-22,180.11309814453125,181.78134155273438,179.19886779785156,181.2535400390625,171.86961364746094,1996378
2023-11-24,182.0169677734375,182.5730438232422,181.3477783203125,182.29029846191406,172.85269165039062,1140045
2023-11-27,181.53628540039062,182.54476928710938,181.29122924804688,181.87559509277344,172.45944213867188,2631811
2023-11-28,181.89443969726562,183.8548583984375,181.3477783203125,183.10084533691406,173.62130737304688,3532175
2023-11-29,184.2884063720703,185.03298950195312,182.7803955078125,183.09141540527344,173.61233520507812,2379823
2023-11-30,183.10084533691406,184.844482421875,182.87464904785156,184.65599060058594,175.0958709716797,3303954
2023-12-01,185.20263671875,186.7012176513672,184.09048461914062,186.40904235839844,176.75820922851562,3301938
2023-12-04,185.22149658203125,187.04995727539062,185.16493225097656,186.95570373535156,177.2765655517578,2883268
2023-12-05,186.16400146484375,186.46559143066406,184.0998992919922,185.62677001953125,176.0164337158203,2741836
2023-12-06,186.75778198242188,187.68142700195312,185.9377899169922,186.41847229003906,176.76715087890625,2366985
2023-12-07,187.5494842529297,187.6060333251953,186.10745239257812,186.41847229003906,176.76715087890625,2585551
2023-12-08,184.7690887451172,185.8906707763672,181.9132843017578,183.42129516601562,173.92514038085938,4822563
2023-12-11,185.155517578125,188.98208618164062,184.77850341796875,188.86898803710938,179.09078979492188,3932278
2023-12-12,190.3864288330078,190.66917419433594,189.3119659423828,189.9246063232422,180.0917510986328,3282628
2023-12-13,190.95193481445312,191.479736328125,188.73704528808594,191.4043426513672,181.49488830566406,3250267
2023-12-14,192.2714385986328,192.87464904785156,190.81997680664062,191.71536254882812,181.789794921875,4016628
2023-12-15,192.13006591796875,193.26107788085938,190.80113220214844,191.7059326171875,181.78085327148438,7982221
2023-12-18,192.28086853027344,193.63807678222656,191.78134155273438,193.30819702148438,183.30015563964844,3151913
2023-12-19,192.77096557617188,193.27992248535156,191.79075622558594,192.83694458007812,182.8533172607422,2755311
2023-12-20,191.99810791015625,193.56268310546875,191.17813110351562,191.23468017578125,181.33399963378906,3553926
2023-12-21,192.07351684570312,193.41188049316406,191.7342071533203,193.26107788085938,183.2554931640625,2290275
2023-12-22,193.26107788085938,195.24977111816406,193.17625427246094,193.81715393066406,183.7827911376953,2004972
2023-12-26,194.2884063720703,196.55984497070312,193.95852661132812,196.0791778564453,185.92767333984375,1973672
2023-12-27,195.24977111816406,197.6060333251953,195.24977111816406,197.00282287597656,186.8035430908203,2482846
2023-12-28,197.28558349609375,197.89820861816406,196.82374572753906,197.1442108154297,186.9375762939453,1748210
2023-12-29,197.1913299560547,198.0867156982422,196.89915466308594,197.6531524658203,187.42018127441406,2394040
2024-01-02,196.85202026367188,198.5014190673828,196.34307861328125,196.98397827148438,186.78565979003906,3323795
2024-01-03,196.43731689453125,196.43731689453125,192.51649475097656,192.77096557617188,182.7907257080078,4046654
2024-01-04,192.38453674316406,194.3638153076172,192.29971313476562,193.1197052001953,183.12142944335938,2697062
2024-01-05,192.63902282714844,192.8086700439453,190.63148498535156,191.82846069335938,181.8970489501953,2846239
2024-01-08,191.44203186035156,191.84732055664062,189.67955017089844,191.00848388671875,181.11952209472656,4265220
2024-01-09,188.9538116455078,190.1319580078125,187.46466064453125,190.03770446777344,180.19900512695312,3270108
2024-01-10,189.4439239501953,190.82940673828125,188.8972625732422,190.763427734375,180.88714599609375,2516904
2024-01-11,190.65975952148438,190.9425048828125,188.07728576660156,190.0753936767578,180.23472595214844,2059083
2024-01-12,191.69651794433594,192.26202392578125,188.6522216796875,189.53817749023438,179.72537231445312,2577381
2024-01-16,189.14231872558594,189.5664520263672,186.15457153320312,186.39962768554688,176.74928283691406,3713924
2024-01-17,185.43826293945312,186.7012176513672,184.73138427734375,186.56927490234375,176.91012573242188,2663428
2024-01-18,186.3524932861328,189.01036071777344,185.9189453125,188.6239471435547,178.85842895507812,2763481
2024-01-19,188.76531982421875,189.6701202392578,187.2196044921875,189.236572265625,179.43934631347656,3278066
2024-01-22,189.76437377929688,192.196044921875,188.9066925048828,189.48162841796875,179.6717071533203,3808141
2024-01-23,189.6606903076172,191.479736328125,189.09519958496094,191.2723846435547,181.3697509765625,2157862
2024-01-24,191.2723846435547,192.0640869140625,188.19981384277344,188.37889099121094,178.62608337402344,3696418
2024-01-25,190.14137268066406,191.48916625976562,189.1328887939453,190.9142303466797,181.03013610839844,2815045
2024-01-26,191.35720825195312,192.1677703857422,189.81149291992188,190.1979217529297,180.35092163085938,2042107
2024-01-29,189.8491973876953,191.38548278808594,189.27427673339844,191.3760528564453,181.4680633544922,2330805
2024-01-30,189.5947265625,194.50518798828125,189.5947265625,194.0622100830078,184.01513671875,5990406
2024-01-31,195.28746032714844,195.7681427001953,190.1602325439453,190.63148498535156,180.76202392578125,5967595
2024-02-01,184.60885620117188,186.21112060546875,178.75588989257812,185.966064453125,176.33816528320312,8296065
2024-02-02,185.7115936279297,188.5485382080078,184.29783630371094,184.83506774902344,175.2657012939453,4581080
2024-02-05,182.8086700439453,183.6475067138672,181.7342071533203,181.9132843017578,172.49517822265625,4914764
2024-02-06,181.47030639648438,182.912353515625,180.99905395507812,182.50706481933594,173.05825805664062,3969732
2024-02-07,184.2318572998047,184.56173706054688,182.45994567871094,182.9406280517578,173.46934509277344,3214618
2024-02-08,182.45994567871094,182.86521911621094,181.19699096679688,182.33741760253906,172.8973846435547,2669688
2024-02-09,181.90386962890625,184.0056610107422,181.74363708496094,183.63807678222656,174.1306915283203,3911164
2024-02-12,182.8275146484375,186.26766967773438,182.6295928955078,186.00376892089844,176.3739013671875,3000402
2024-02-13,185.42884826660156,185.6361846923828,181.6399688720703,182.8557891845703,173.388916015625,4702458
2024-02-14,183.26107788085938,184.34495544433594,182.7332763671875,183.66635131835938,174.15748596191406,2244227
2024-02-15,184.73138427734375,186.80490112304688,184.37322998046875,186.56927490234375,176.91012573242188,2118074
2024-02-16,186.16400146484375,187.46466064453125,185.155517578125,185.83412170410156,176.2130584716797,2473191
2024-02-20,186.56927490234375,188.17153930664062,185.5890655517578,187.50234985351562,177.79490661621094,2929527
2024-02-21,188.12440490722656,188.8595733642578,186.8143310546875,188.05844116210938,178.32220458984375,2089640
2024-02-22,187.9641876220703,189.9717254638672,187.1913299560547,189.2648468017578,179.4661407470703,3856735
2024-02-23,189.2648468017578,190.98020935058594,189.00094604492188,189.09519958496094,179.3052978515625,2599662
2024-02-26,188.52969360351562,188.68991088867188,186.8143310546875,187.73797607421875,178.01832580566406,2152345
2024-02-27,188.114990234375,188.21865844726562,185.62677001953125,186.7860565185547,177.11570739746094,2601360
2024-02-28,186.72007751464844,187.49293518066406,185.90951538085938,186.21112060546875,176.5705108642578,2826610
2024-02-29,186.8897247314453,188.6993408203125,185.32516479492188,187.30442810058594,178.5834503173828,3646975
2024-03-01,186.22996520996094,187.50234985351562,184.79736328125,187.2478790283203,178.52952575683594,2955309
2024-03-04,187.0216827392578,188.30348205566406,186.76719665527344,187.7851104736328,179.04173278808594,2279983
2024-03-05,187.68142700195312,188.05844116210938,185.32516479492188,186.00376892089844,177.34332275390625,2686664
2024-03-06,188.03016662597656,190.77285766601562,187.2478790283203,188.97267150878906,180.1740264892578,2878917
2024-03-07,190.5843505859375,191.57398986816406,190.1319580078125,190.9613494873047,182.07008361816406,2596798
2024-03-08,191.4514617919922,192.196044921875,188.925537109375,189.2082977294922,180.39866638183594,2269903
2024-03-11,189.99057006835938,190.9236602783203,187.67201232910156,188.7747344970703,179.98529052734375,2592235
2024-03-12,188.24693298339844,188.73704528808594,186.3053741455078,187.68142700195312,178.94288635253906,3118067
2024-03-13,188.45428466796875,189.5664520263672,187.40811157226562,188.24693298339844,179.48207092285156,2692394
2024-03-14,187.79454040527344,188.24693298339844,183.7511749267578,185.06126403808594,176.44473266601562,4072118
2024-03-15,185.09896850585938,187.13478088378906,184.6371307373047,186.32421875,177.64886474609375,6695016
2024-03-18,187.56832885742188,187.56832885742188,185.08953857421875,185.44769287109375,176.8131561279297,2633084
2024-03-19,185.44769287109375,187.7851104736328,184.844482421875,187.5966033935547,178.86199951171875,4800813
2024-03-20,187.1724853515625,190.11309814453125,186.92742919921875,189.6135711669922,180.78506469726562,2879978
2024-03-21,190.3864288330078,191.41375732421875,189.71725463867188,189.8020782470703,180.9647979736328,2983320
2024-03-22,189.93402099609375,190.358154296875,188.58624267578125,189.18943786621094,180.38067626953125,2187039
2024-03-25,188.8595733642578,189.17059326171875,187.0216827392578,187.0688018798828,178.35877990722656,2080939
2024-03-26,186.6635284423828,189.88690185546875,186.38076782226562,189.4439239501953,180.62335205078125,2861623
2024-03-27,191.2723846435547,193.45899963378906,190.5843505859375,193.3364715576172,184.33462524414062,2928466
2024-03-28,193.59095764160156,194.92930603027344,193.38360595703125,193.44956970214844,184.44247436523438,3813340
2024-04-01,193.58152770996094,194.0527801513672,190.28274536132812,190.39585876464844,181.5309600830078,2357436
2024-04-02,190.46182250976562,190.66917419433594,188.520263671875,188.7181854248047,179.9313507080078,2774621
2024-04-03,187.9547576904297,189.3873748779297,186.54100036621094,186.58811950683594,177.9004669189453,2648256
2024-04-04,189.14231872558594,189.14231872558594,184.2789764404297,184.77850341796875,176.1751251220703,3622997
2024-04-05,184.6371307373047,186.993408203125,183.9302520751953,185.8152618408203,177.16360473632812,2347781
2024-04-08,186.22996520996094,187.73797607421875,185.98492431640625,186.39019775390625,177.71177673339844,2530167
2024-04-09,186.94627380371094,188.04901123046875,184.75022888183594,187.00282287597656,178.2958526611328,2166562
2024-04-10,184.32611083984375,185.155517578125,183.22337341308594,184.40150451660156,175.81568908691406,3084645
2024-04-11,184.74081420898438,185.86239624023438,183.10084533691406,185.55136108398438,176.91200256347656,3210904
2024-04-12,184.6465606689453,185.155517578125,183.42129516601562,184.88218688964844,176.27398681640625,3712970
2024-04-15,186.72007751464844,187.07823181152344,182.07351684570312,182.8840789794922,174.368896484375,3373874
2024-04-16,182.0358123779297,182.55419921875,179.57586669921875,179.75494384765625,171.38546752929688,2972816
2024-04-17,181.3477783203125,181.4514617919922,178.84071350097656,179.4156494140625,171.0619659423828,2572182
2024-04-18,180.0188446044922,181.24411010742188,179.06692504882812,180.09425354003906,171.70895385742188,2273829
2024-04-19,181.53628540039062,183.3459014892578,180.6126251220703,183.09141540527344,174.5665740966797,3787770
2024-04-22,183.1102752685547,185.01414489746094,182.9783172607422,184.3355255126953,175.7527618408203,2511281
2024-04-23,184.75965881347656,186.2488250732422,184.42977905273438,184.88218688964844,176.27398681640625,2713295
2024-04-24,182.43167114257812,184.4674835205078,182.14891052246094,183.59095764160156,175.0428466796875,3796576
2024-04-25,187.99246215820312,188.63336181640625,179.53817749023438,181.92271423339844,173.45228576660156,4131852
2024-04-26,179.35910034179688,182.51649475097656,179.18002319335938,182.32798767089844,173.8386993408203,3226819
2024-04-29,182.14891052246094,183.09141540527344,181.16871643066406,182.6295928955078,174.1262664794922,2751810
2024-04-30,182.83694458007812,184.58058166503906,181.26295471191406,181.64938354492188,173.19168090820312,3318702
2024-05-01,180.93307495117188,185.84353637695312,180.8671112060547,184.07162475585938,175.50115966796875,5394761
2024-05-02,185.08953857421875,185.1837921142578,181.6116943359375,182.50706481933594,174.00946044921875,3627241
2024-05-03,183.5720977783203,184.95758056640625,182.41281127929688,184.55230712890625,175.95945739746094,2388735
2024-05-06,185.08010864257812,185.86239624023438,182.7992401123047,183.78887939453125,175.2315673828125,2395314
2024-05-07,183.81715393066406,185.85296630859375,183.81715393066406,185.5325164794922,176.89404296875,2177384
2024-05-08,185.3817138671875,186.95570373535156,184.65599060058594,186.6635284423828,177.9723663330078,1897386
2024-05-09,187.4175262451172,189.24598693847656,186.49388122558594,189.09519958496094,180.29083251953125,2856212
2024-05-10,189.4439239501953,191.54571533203125,189.18002319335938,191.2535400390625,182.3486785888672,2459822
2024-05-13,192.68614196777344,194.83506774902344,192.02638244628906,192.08294677734375,183.1394500732422,3719123
2024-05-14,193.2139434814453,193.5720977783203,191.24411010742188,191.52685546875,182.60928344726562,2523482
2024-05-15,192.6201629638672,193.5438232421875,191.11215209960938,193.27049255371094,184.271728515625,2839024
2024-05-16,193.1856689453125,195.3534393310547,192.81809997558594,194.74081420898438,186.6566619873047,2723375
2024-05-17,194.9952850341797,195.09896850585938,193.38360595703125,194.128173828125,186.06944274902344,2405499
2024-05-20,193.9208221435547,194.3355255126953,191.56455993652344,192.8557891845703,184.84988403320312,2130806
2024-05-21,193.42129516601562,193.44015502929688,191.4608917236328,191.8096160888672,183.8471221923828,1849111
2024-05-22,191.44203186035156,192.2148895263672,190.27333068847656,191.1404266357422,183.2057342529297,2136111
2024-05-23,189.94345092773438,189.96229553222656,187.76625061035156,187.92648315429688,180.1251983642578,2776000
2024-05-24,188.83128356933594,189.2648468017578,187.73797607421875,188.20924377441406,180.39622497558594,2504597
2024-05-28,186.76719665527344,189.29312133789062,186.7106475830078,187.7285614013672,179.9355010986328,2564755
2024-05-29,186.4561767578125,187.00282287597656,185.57022094726562,185.7398681640625,178.02935791015625,3019818
2024-05-30,186.4279022216797,189.70782470703125,186.05088806152344,189.35910034179688,181.49835205078125,2453881
2024-05-31,188.81243896484375,190.65032958984375,187.68142700195312,190.5655059814453,182.65467834472656,3356474
2024-06-03,192.10179138183594,192.10179138183594,189.4344940185547,190.81997680664062,182.8985595703125,2592554
2024-06-04,189.50047302246094,196.18284606933594,189.50047302246094,195.31573486328125,187.2077178955078,3565809
2024-06-05,195.97549438476562,197.40811157226562,194.033935546875,197.2384490966797,189.05059814453125,2888891
2024-06-06,197.1442108154297,198.12440490722656,195.68331909179688,196.46559143066406,188.30982971191406,3470319
2024-06-07,196.5315704345703,198.84071350097656,195.7210235595703,196.77662658691406,188.6079559326172,2719555
2024-06-10,197.70970153808594,198.925537109375,197.10650634765625,198.6239471435547,190.3785858154297,2809740
2024-06-11,197.71913146972656,197.79454040527344,195.24034118652344,197.43638610839844,189.24032592773438,2445287
2024-06-12,198.63336181640625,199.4627685546875,195.79641723632812,196.51272583007812,188.3550262451172,2621943
2024-06-13,195.1837921142578,196.95570373535156,194.39208984375,196.63525390625,188.47244262695312,2079242
2024-06-14,195.28746032714844,196.682373046875,194.16587829589844,196.54100036621094,188.38209533691406,2375791
2024-06-17,196.04147338867188,199.9717254638672,195.60791015625,199.76437377929688,191.4716796875,3289737
2024-06-18,198.9066925048828,200.9707794189453,198.33175659179688,200.63148498535156,192.30279541015625,2592447
2024-06-20,201.13101196289062,202.81809997558594,200.63148498535156,201.82846069335938,193.4500732421875,4288562
2024-06-21,203.38360595703125,203.65692138671875,201.24411010742188,202.72384643554688,194.30828857421875,8412669
2024-06-24,202.83694458007812,205.80584716796875,202.55419921875,203.47784423828125,195.031005859375,3112125
2024-06-25,204.3638153076172,204.3638153076172,201.4326171875,202.12063598632812,193.73011779785156,3146608
2024-06-26,201.2723846435547,201.76248168945312,199.4344940185547,201.15928649902344,192.8086700439453,2306508
2024-06-27,201.97926330566406,202.96890258789062,200.763427734375,202.05467224121094,193.6668701171875,2029905
2024-06-28,201.82846069335938,203.722900390625,199.00094604492188,201.26295471191406,192.90805053710938,5097893
2024-07-01,200.88595581054688,203.1385498046875,198.7464599609375,198.82186889648438,190.5682830810547,2279559
2024-07-02,199.5947265625,201.01791381835938,198.83128356933594,200.9707794189453,192.62799072265625,2024706
2024-07-03,200.75401306152344,201.00848388671875,199.87747192382812,200.24505615234375,191.93238830566406,1152989
2024-07-05,200.34872436523438,200.66917419433594,198.6239471435547,200.03770446777344,191.73365783691406,1437973
2024-07-08,199.70782470703125,200.9707794189453,198.88784790039062,199.4627685546875,191.1825714111328,1950224
2024-07-09,199.51931762695312,199.90574645996094,198.45428466796875,198.4919891357422,190.25213623046875,1459299
2024-07-10,199.0574951171875,202.5824737548828,198.6522216796875,202.15834045410156,193.76626586914062,1901100
2024-07-11,202.63902282714844,204.2130126953125,201.36663818359375,202.49765014648438,194.09149169921875,2864806
2024-07-12,203.1385498046875,204.38265991210938,200.12252807617188,202.74269104003906,194.32635498046875,2216641
2024-07-15,202.07351684570312,203.89254760742188,201.1404266357422,203.317626953125,194.87742614746094,1837864
2024-07-16,203.44015502929688,206.41847229003906,203.25164794921875,205.90951538085938,197.3616943359375,3160189
2024-07-17,206.40904235839844,208.02073669433594,205.32516479492188,207.5494842529297,198.93357849121094,2852074
2024-07-18,207.33270263671875,208.09613037109375,205.01414489746094,205.155517578125,196.63902282714844,2297489
2024-07-19,205.21206665039062,205.59849548339844,201.92271423339844,202.2714385986328,193.87466430664062,2822897
2024-07-22,202.89349365234375,204.62771606445312,201.3477783203125,204.49575805664062,196.0066680908203,2954461
2024-07-23,204.50518798828125,206.277099609375,203.77944946289062,204.88218688964844,196.37704467773438,1900463
2024-07-24,204.88218688964844,205.24977111816406,200.87652587890625,201.36663818359375,193.00741577148438,3739601
2024-07-25,191.13101196289062,193.43072509765625,187.5589141845703,190.81056213378906,182.88954162597656,7091406
2024-07-26,191.35720825195312,195.85296630859375,186.8426055908203,191.08387756347656,183.1515350341797,7906996
2024-07-29,191.82846069335938,192.0452423095703,187.68142700195312,189.8209228515625,181.9409942626953,3049208
2024-07-30,190.3393096923828,192.2243194580078,189.88690185546875,190.98963928222656,183.0612030029297,2767619
2024-07-31,192.0452423095703,194.8727569580078,190.51837158203125,192.9783172607422,184.9673309326172,3526658
2024-08-01,192.5824737548828,194.8727569580078,189.91517639160156,192.81809997558594,184.81373596191406,3971323
2024-08-02,196.277099609375,196.94627380371094,189.72666931152344,191.97926330566406,184.00973510742188,3583740
2024-08-05,190.88595581054688,190.88595581054688,185.5796356201172,188.22808837890625,180.41429138183594,4154133
2024-08-06,188.21865844726562,190.5560760498047,187.07823181152344,187.3704071044922,179.5922088623047,3850475
2024-08-07,189.01979064941406,192.2243194580078,186.33364868164062,186.54100036621094,178.79725646972656,3493024
2024-08-08,186.54100036621094,189.01036071777344,186.54100036621094,188.33175659179688,180.51364135742188,2611227
2024-08-09,187.58718872070312,187.70970153808594,186.16400146484375,186.8331756591797,179.07728576660156,2003274
2024-08-12,187.04995727539062,187.087646484375,185.2309112548828,185.47596740722656,177.7764129638672,3261408
2024-08-13,185.9189453125,186.06031799316406,184.3638153076172,185.41941833496094,177.72219848632812,3967291
2024-08-14,184.73138427734375,186.41847229003906,184.32611083984375,186.23939514160156,178.50814819335938,3682943
2024-08-15,187.51177978515625,188.7181854248047,186.7106475830078,187.04995727539062,179.2850799560547,3077112
2024-08-16,186.22996520996094,188.1338348388672,185.513671875,187.087646484375,180.30238342285156,2982577
2024-08-19,187.04995727539062,187.9641876220703,186.46559143066406,187.5966033935547,180.79287719726562,2168896
2024-08-20,187.5589141845703,188.98208618164062,186.55043029785156,188.5673828125,181.72845458984375,3247084
2024-08-21,189.29312133789062,190.1790771484375,188.39773559570312,189.8397674560547,182.95468139648438,1893673
2024-08-22,189.2082977294922,189.7926483154297,187.86050415039062,188.63336181640625,181.7920379638672,2066404
2024-08-23,190.09425354003906,191.12158203125,189.29312133789062,190.83883666992188,183.91751098632812,3128252
2024-08-26,191.885009765625,193.04429626464844,191.24411010742188,192.13006591796875,185.1619110107422,1946723
2024-08-27,192.2431640625,194.439208984375,192.0452423095703,194.2601318359375,187.21473693847656,2506188
2024-08-28,194.73138427734375,195.19320678710938,192.07351684570312,193.2139434814453,186.2064971923828,2481467
2024-08-29,194.4580535888672,196.4279022216797,192.68614196777344,195.5796356201172,188.4863739013672,2513721
2024-08-30,196.02261352539062,196.74835205078125,193.4967041015625,195.95664978027344,188.84971618652344,2040727
2024-09-03,195.7115936279297,195.95664978027344,192.3751220703125,193.08200073242188,186.07933044433594,2182371
2024-09-04,193.4684295654297,195.22149658203125,193.38360595703125,193.722900390625,186.69699096679688,1845610
2024-09-05,193.3930206298828,193.61923217773438,190.09425354003906,191.31008911132812,184.37167358398438,1604444
2024-09-06,191.3289337158203,191.42318725585938,186.4750213623047,186.73892211914062,179.96630859375,2695683
2024-09-09,188.48255920410156,190.1036834716797,187.70028686523438,189.5947265625,182.71852111816406,2440724
2024-09-10,188.78416442871094,189.6135711669922,187.15362548828125,189.39678955078125,182.52777099609375,1480519
2024-09-11,189.29312133789062,192.61074829101562,186.01319885253906,192.30914306640625,185.33450317382812,2904700
2024-09-12,192.2148895263672,193.20452880859375,190.26390075683594,192.90292358398438,185.90673828125,2063327
2024-09-13,192.71441650390625,193.79830932617188,191.8567352294922,192.41281127929688,185.43441772460938,2093671
2024-09-16,194.15646362304688,195.0518341064453,192.0169677734375,192.912353515625,185.9158172607422,1657494
2024-09-17,193.2139434814453,193.91140747070312,191.84732055664062,192.49765014648438,185.51614379882812,1529538
2024-09-18,192.49765014648438,192.95004272460938,189.0574951171875,190.047119140625,183.15451049804688,2537275
2024-09-19,192.4222412109375,193.722900390625,190.5560760498047,191.9886932373047,185.02566528320312,2859607
2024-09-20,192.07351684570312,192.07351684570312,190.34872436523438,191.6588134765625,184.707763671875,4063418
2024-09-23,192.28086853027344,192.31857299804688,190.9613494873047,192.05467224121094,185.08924865722656,2401892
2024-09-24,192.05467224121094,194.15646362304688,191.03675842285156,193.4684295654297,186.4517364501953,2739184
2024-09-25,194.34495544433594,195.8152618408203,193.45899963378906,194.89161682128906,187.82330322265625,3032444
2024-09-26,195.77757263183594,196.51272583007812,194.68426513671875,195.1272430419922,188.05039978027344,1695478
2024-09-27,195.57022094726562,198.7276153564453,195.22149658203125,195.6927490234375,188.59536743164062,2604012
2024-09-30,196.13572692871094,196.79547119140625,192.48822021484375,194.8256378173828,187.75970458984375,2784488
2024-10-01,194.56173706054688,196.04147338867188,193.05372619628906,194.22242736816406,187.1783905029297,2440618
2024-10-02,193.7511749267578,194.20358276367188,191.95098876953125,192.15834045410156,185.18914794921875,1954150
2024-10-03,190.85768127441406,191.8661651611328,190.00942993164062,191.21583557128906,184.28082275390625,2172504
2024-10-04,192.8086700439453,193.2893524169922,190.047119140625,192.0640869140625,185.0983428955078,1743754
2024-10-07,190.5843505859375,192.5824737548828,190.12252807617188,191.6399688720703,184.68959045410156,1911285
2024-10-08,196.69180297851562,197.6248779296875,192.07351684570312,195.09896850585938,188.02313232421875,4384476
2024-10-09,195.11781311035156,201.72479248046875,195.0047149658203,201.41375732421875,194.10890197753906,5392639
2024-10-10,199.34024047851562,201.38548278808594,198.98208618164062,201.3195037841797,194.01808166503906,5260014
2024-10-11,202.8086700439453,204.11875915527344,201.44203186035156,203.5720977783203,196.18896484375,4041880
2024-10-14,203.80772399902344,205.20263671875,202.8840789794922,205.08953857421875,197.65138244628906,1962850
2024-10-15,205.46653747558594,206.61639404296875,204.033935546875,204.77850341796875,197.3516387939453,4189252
2024-10-16,204.5900115966797,206.98397827148438,204.1093292236328,206.37135314941406,198.88670349121094,2754780
2024-10-17,206.40904235839844,207.4269561767578,205.79641723632812,206.92742919921875,199.42262268066406,3326235
2024-10-18,205.20263671875,209.30255126953125,205.20263671875,209.2554168701172,201.66616821289062,4279756
2024-10-21,209.2082977294922,210.1602325439453,207.43638610839844,208.76531982421875,201.19387817382812,3915196
2024-10-22,207.86993408203125,210.0282745361328,207.12535095214844,209.5664520263672,201.96591186523438,4256202
2024-10-23,208.80300903320312,209.8209228515625,206.56927490234375,207.67201232910156,200.14019775390625,6561012
2024-10-24,202.0452423095703,203.77003479003906,196.8897247314453,197.07823181152344,189.93063354492188,9230912
2024-10-25,197.07823181152344,198.2657928466797,194.75965881347656,196.04147338867188,188.93145751953125,6459262
2024-10-28,196.0980224609375,196.7106475830078,193.12911987304688,194.25070190429688,187.2056427001953,6466158
2024-10-29,193.24221801757812,195.6644744873047,191.35720825195312,194.13760375976562,187.09666442871094,6441119
2024-10-30,192.69557189941406,194.75022888183594,191.41375732421875,192.45994567871094,185.4798126220703,5680806
2024-10-31,192.8840789794922,194.29783630371094,191.69651794433594,193.8548583984375,186.82415771484375,4938531
2024-11-01,194.42977905273438,197.48350524902344,193.94911193847656,197.16305541992188,190.01235961914062,4757842
2024-11-04,196.82374572753906,196.82374572753906,194.55230712890625,195.60791015625,188.51364135742188,4275724
2024-11-05,196.22996520996094,199.6606903076172,194.74081420898438,196.77662658691406,189.63995361328125,7827634
2024-11-06,199.8680419921875,204.4203643798828,197.0688018798828,203.95852661132812,196.5614013671875,6527484
2024-11-07,204.47691345214844,205.79641723632812,203.0348663330078,204.9952850341797,197.560546875,5700965
2024-11-08,204.9481658935547,207.07823181152344,204.0622100830078,206.87088012695312,199.36810302734375,6042183
2024-11-11,206.59754943847656,212.36569213867188,206.59754943847656,212.29029846191406,204.59097290039062,7743602
2024-11-12,225.59849548339844,228.81243896484375,216.38076782226562,220.46182250976562,212.46612548828125,11765111
2024-11-13,221.48916625976562,222.9311981201172,218.83128356933594,219.6701202392578,211.7031707763672,5868497
2024-11-14,219.5947265625,221.08387756347656,217.04995727539062,217.40811157226562,209.52317810058594,4071057
2024-11-15,215.83412170410156,217.9076385498047,215.25918579101562,215.82469177246094,209.0211181640625,3934082
2024-11-18,216.28652954101562,216.8426055908203,215.14608764648438,215.6927490234375,208.8933563232422,3656312
2024-11-19,214.2601318359375,215.74929809570312,213.26107788085938,215.08010864257812,208.30003356933594,3921987
2024-11-20,214.17530822753906,215.73043823242188,212.4505157470703,213.63807678222656,206.9034423828125,4915189
2024-11-21,214.89161682128906,215.7115936279297,211.89443969726562,213.09141540527344,206.3740234375,5974279
2024-11-22,214.65599060058594,216.8897247314453,214.0622100830078,215.9377899169922,209.1306610107422,4068192
2024-11-25,217.8322296142578,218.6522216796875,216.49388122558594,217.34213256835938,210.49073791503906,4071800
2024-11-26,218.47314453125,219.1328887939453,216.63525390625,217.15362548828125,210.30819702148438,4459489
2024-11-27,218.83128356933594,219.5664520263672,216.277099609375,216.43731689453125,209.61444091796875,3045070
2024-11-29,216.22055053710938,219.85862731933594,216.22055053710938,219.53817749023438,212.61756896972656,2034468
2024-12-02,219.78321838378906,220.27333068847656,216.59754943847656,216.72950744628906,209.89744567871094,3422149
2024-12-03,215.0235595703125,216.02261352539062,210.3298797607422,213.91140747070312,207.1681671142578,4268721
2024-12-04,214.32611083984375,216.90858459472656,213.7511749267578,216.57870483398438,209.75137329101562,2816743
2024-12-05,216.72950744628906,216.90858459472656,212.54476928710938,213.27992248535156,206.5565948486328,5499906
2024-12-06,214.22242736816406,214.85391235351562,212.7332763671875,213.36474609375,206.6387481689453,3373874
2024-12-09,213.60980224609375,214.6465606689453,212.00753784179688,212.14891052246094,205.46124267578125,2697911
2024-12-10,212.2148895263672,216.34307861328125,211.66824340820312,215.90951538085938,209.10328674316406,3764322
2024-12-11,218.55796813964844,220.54666137695312,214.75965881347656,215.8906707763672,209.08502197265625,4649833
2024-12-12,214.65599060058594,216.72007751464844,214.26956176757812,214.5994415283203,207.8345184326172,2881252
2024-12-13,212.95004272460938,215.9189453125,212.8840789794922,214.53346252441406,207.77061462402344,2580564
2024-12-16,219.09519958496094,224.2601318359375,216.91799926757812,222.43167114257812,215.4198455810547,8697335
2024-12-17,224.4674835205078,224.60885620117188,218.3223419189453,219.72666931152344,212.80010986328125,5710726
2024-12-18,220.26390075683594,221.20640563964844,213.3930206298828,213.81715393066406,207.07688903808594,6821063
2024-12-19,215.47596740722656,220.0753936767578,213.2893524169922,213.83599853515625,207.0951385498047,5167601
2024-12-20,212.2148895263672,216.54100036621094,211.7059326171875,215.19320678710938,208.4095458984375,7250025
2024-12-23,214.67483520507812,215.1272430419922,212.95947265625,214.0810546875,207.33245849609375,3679336
2024-12-24,213.61923217773438,216.0980224609375,212.67672729492188,215.7398681640625,208.93899536132812,1987890
2024-12-26,215.62677001953125,218.6710662841797,215.28746032714844,218.52969360351562,211.640869140625,3258862
2024-12-27,217.71913146972656,218.24693298339844,215.64561462402344,216.31480407714844,209.4958038330078,3239976
2024-12-30,214.09048461914062,214.35438537597656,212.4410858154297,213.5720977783203,206.8395538330078,2516268
2024-12-31,214.09048461914062,214.4674835205078,212.6295928955078,212.90292358398438,206.1914825439453,2054945
2025-01-02,214.01507568359375,214.88218688964844,211.7342071533203,212.55419921875,205.85372924804688,2216960
2025-01-03,212.9877471923828,214.34495544433594,212.87464904785156,213.4967041015625,206.76654052734375,2797963
2025-01-06,211.76248168945312,213.8737030029297,208.63336181640625,208.99151611328125,202.40335083007812,4062887
2025-01-07,208.76531982421875,210.2544708251953,207.2667236328125,207.94532775878906,201.39015197753906,3199976
2025-01-08,207.43638610839844,208.6522216796875,206.59754943847656,207.51177978515625,200.97027587890625,3310851
2025-01-10,207.32327270507812,207.3515625,203.84542846679688,205.64561462402344,199.16293334960938,3803791
2025-01-13,205.155517578125,215.80584716796875,204.91989135742188,206.5032958984375,199.99359130859375,5721230
2025-01-14,207.67201232910156,207.8322296142578,202.26202392578125,205.9377899169922,199.44590759277344,4267024
2025-01-15,207.1442108154297,207.85108947753906,203.76060485839844,206.91799926757812,200.39520263671875,4931316
2025-01-16,207.3515625,211.62110900878906,207.27615356445312,209.88690185546875,203.2705535888672,4893014
2025-01-17,213.79830932617188,213.8265838623047,209.50990295410156,209.78321838378906,203.1701202392578,3553395
2025-01-21,210.52780151367188,214.6371307373047,210.358154296875,212.13006591796875,205.44297790527344,4940653
2025-01-22,211.12158203125,211.6305389404297,209.8397674560547,210.26390075683594,203.6356201171875,3153823
2025-01-23,210.60321044921875,213.07257080078125,209.94345092773438,212.68614196777344,205.98153686523438,3221833
2025-01-24,212.0640869140625,214.09048461914062,208.55796813964844,208.7747344970703,202.19342041015625,6719207
2025-01-27,207.58718872070312,212.8840789794922,207.44580078125,212.7332763671875,206.02719116210938,3300347
2025-01-28,211.80018615722656,211.80018615722656,207.51177978515625,208.0113067626953,201.45407104492188,3818751
2025-01-29,208.24693298339844,209.99057006835938,207.9641876220703,208.3411865234375,201.77354431152344,2033194
2025-01-30,209.28369140625,211.78134155273438,208.84071350097656,211.17813110351562,204.5210418701172,1924017
2025-01-31,210.03770446777344,212.95947265625,209.75494384765625,210.85768127441406,204.21070861816406,2632978
2025-02-03,209.70782470703125,210.46182250976562,207.03109741210938,209.6230010986328,203.01495361328125,3417057
2025-02-04,211.6588134765625,212.72384643554688,210.28274536132812,210.69744873046875,204.05552673339844,3652917
2025-02-05,210.69744873046875,211.3195037841797,206.64466857910156,209.5664520263672,202.96017456054688,4877311
2025-02-06,202.63902282714844,202.86521911621094,194.32611083984375,197.7568359375,191.52285766601562,12928603
2025-02-07,199.81149291992188,201.13101196289062,193.5720977783203,193.7040557861328,187.5978240966797,7105093
2025-02-10,194.67483520507812,197.13478088378906,193.2893524169922,196.5315704345703,190.336181640625,7032520
2025-02-11,194.6936798095703,197.30442810058594,193.94911193847656,195.04241943359375,188.8939971923828,3264909
2025-02-12,193.77003479003906,194.42977905273438,192.50706481933594,193.22337341308594,187.1322784423828,3621193
2025-02-13,194.6371307373047,195.3817138671875,192.84637451171875,193.4684295654297,187.36962890625,3588408
2025-02-14,193.04429626464844,193.3459014892578,189.952880859375,191.0933074951172,185.06935119628906,5677835
2025-02-18,192.66729736328125,196.40904235839844,191.12158203125,196.0791778564453,189.8980712890625,5196672
2025-02-19,195.97549438476562,199.52874755859375,195.966064453125,198.68991088867188,192.42649841308594,5373541
2025-02-20,197.54005432128906,199.34024047851562,196.8614501953125,199.19886779785156,192.91940307617188,3857796
2025-02-21,199.01979064941406,200.28274536132812,197.36097717285156,199.75494384765625,193.4579620361328,6601648
2025-02-24,199.58529663085938,202.81809997558594,197.66258239746094,197.84165954589844,191.60498046875,7153474
2025-02-25,199.01036071777344,201.52685546875,198.88784790039062,199.81149291992188,193.5127410888672,4030102
2025-02-26,198.70877075195312,200.48068237304688,197.69085693359375,199.18002319335938,192.90115356445312,3317429
2025-02-27,199.6135711669922,202.53533935546875,199.45333862304688,200.06597900390625,193.75918579101562,2923479
2025-02-28,200.7445831298828,201.479736328125,198.48255920410156,200.65032958984375,195.36512756347656,4219173
2025-03-03,201.4326171875,203.63807678222656,198.8972625732422,199.83035278320312,194.5667724609375,5658844
2025-03-04,199.52874755859375,200.31101989746094,195.88124084472656,196.04147338867188,190.87767028808594,7386470
2025-03-05,196.04147338867188,198.33175659179688,194.90103149414062,197.56832885742188,192.36431884765625,5618844
2025-03-06,196.92742919921875,199.5664520263672,195.9472198486328,199.11404418945312,193.86932373046875,5349986
2025-03-07,199.1046142578125,202.9783172607422,198.6710662841797,202.18661499023438,196.8609619140625,6029345
2025-03-10,201.96983337402344,205.90951538085938,201.3006591796875,201.52685546875,196.2185821533203,4431903
2025-03-11,201.21583557128906,201.4608917236328,195.0235595703125,196.59754943847656,191.4191131591797,5563354
2025-03-12,195.1837921142578,195.84353637695312,192.95947265625,194.486328125,189.36349487304688,4045063
2025-03-13,193.83599853515625,195.9472198486328,193.317626953125,194.80679321289062,189.67552185058594,3746391
2025-03-14,196.4844512939453,199.01036071777344,195.9377899169922,197.4269561767578,192.22666931152344,4121348
2025-03-17,196.4561767578125,198.97267150878906,195.7869873046875,198.3223419189453,193.09844970703125,4684421
2025-03-18,198.3129119873047,199.34967041015625,196.82374572753906,197.68142700195312,192.4744415283203,4043471
2025-03-19,198.19981384277344,199.9246063232422,196.33364868164062,196.6540985107422,191.4741668701172,6799206
2025-03-20,195.65504455566406,199.50047302246094,195.3817138671875,198.76531982421875,193.52976989746094,3801457
2025-03-21,197.10650634765625,199.29312133789062,196.77662658691406,198.03958129882812,192.8231658935547,6944351
2025-03-24,199.47219848632812,200.45240783691406,198.39773559570312,199.6701202392578,194.41075134277344,4507340
2025-03-25,198.9538116455078,200.763427734375,198.1809539794922,199.9246063232422,194.6585235595703,4042728
2025-03-26,200.49952697753906,204.67483520507812,200.3864288330078,200.8671112060547,195.57620239257812,5570993
2025-03-27,200.84825134277344,202.83694458007812,200.06597900390625,201.8567352294922,196.53976440429688,3802942
2025-03-28,201.95098876953125,202.54476928710938,197.89820861816406,198.24693298339844,193.02503967285156,3451857
2025-03-31,198.70877075195312,200.2261962890625,197.70028686523438,199.57586669921875,194.3189697265625,4210366
2025-04-01,198.97267150878906,201.3477783203125,197.6248779296875,201.17813110351562,195.87904357910156,2720192
2025-04-02,200.27333068847656,203.96795654296875,200.12252807617188,203.5720977783203,198.20993041992188,3632758
2025-04-03,201.31008911132812,203.8548583984375,194.4674835205078,194.79736328125,189.6663360595703,6907853
2025-04-04,191.56455993652344,192.86521911621094,179.7455291748047,180.00942993164062,175.26792907714844,8960463
2025-04-07,179.8397674560547,184.9481658935547,172.84637451171875,176.682373046875,172.02850341796875,9922684
2025-04-08,177.4175262451172,180.1790771484375,170.4335479736328,172.3468475341797,167.8071746826172,7376072
2025-04-09,170.12252807617188,188.2940673828125,169.04806518554688,187.6531524658203,182.7103271484375,9698919
2025-04-10,185.6644744873047,188.07728576660156,177.94532775878906,182.2714385986328,177.47035217285156,6176399
2025-04-11,181.69651794433594,187.94532775878906,180.5843505859375,187.13478088378906,182.20558166503906,5414177
2025-04-14,187.5777587890625,189.78321838378906,186.80490112304688,188.73704528808594,183.7656707763672,4766118
2025-04-15,189.28369140625,190.72572326660156,186.98397827148438,187.3798370361328,182.44419860839844,3203690
2025-04-16,186.1451416015625,187.1724853515625,181.44203186035156,182.1677703857422,177.36941528320312,4380763
2025-04-17,184.02450561523438,186.92742919921875,183.77003479003906,185.29689025878906,180.41610717773438,3411752
2025-04-21,183.77003479003906,184.54287719726562,181.074462890625,183.06314086914062,178.24119567871094,5250359
2025-04-22,184.5994415283203,188.17153930664062,184.17530822753906,186.9651336669922,182.0404052734375,4611849
2025-04-23,188.15267944335938,189.70782470703125,185.50424194335938,185.966064453125,181.06765747070312,4411320
2025-04-24,185.98492431640625,190.00942993164062,184.95758056640625,189.19886779785156,184.21531677246094,3437322
2025-04-25,187.74740600585938,189.04806518554688,186.41847229003906,187.70970153808594,182.76536560058594,3860979
2025-04-28,188.09613037109375,190.12252807617188,186.6069793701172,189.12347412109375,184.14190673828125,6037727
2025-04-29,195.52308654785156,200.21678161621094,194.96701049804688,199.33082580566406,194.08038330078125,9278021
2025-04-30,198.98208618164062,199.4910430908203,193.95852661132812,198.39773559570312,193.171875,5338952
2025-05-01,198.30348205566406,199.36851501464844,197.70970153808594,198.6239471435547,193.39212036132812,3810688
2025-05-02,199.9811553955078,202.5824737548828,199.83035278320312,201.8190460205078,196.50308227539062,4645589
2025-05-05,200.81997680664062,203.14797973632812,200.2544708251953,201.93214416503906,196.61317443847656,6668491
2025-05-06,200.49952697753906,201.02732849121094,197.44580078125,197.86050415039062,192.64878845214844,5442081
2025-05-07,201.60226440429688,204.3072509765625,200.87652587890625,202.2714385986328,196.94354248046875,4598374
2025-05-08,203.2987823486328,204.20358276367188,201.48916625976562,202.20545959472656,196.8793182373047,4139598
2025-05-09,202.20545959472656,202.5259246826172,200.44297790527344,200.78228759765625,195.49362182617188,2540034
2025-05-12,205.46653747558594,206.8426055908203,204.0810546875,206.72950744628906,201.2841796875,4278483
2025-05-13,207.12535095214844,207.70028686523438,205.52308654785156,205.67388916015625,200.25636291503906,4093550
2025-05-14,203.9302520751953,205.65504455566406,203.41188049316406,204.6936798095703,199.30198669433594,3432335
2025-05-15,205.1837921142578,210.1602325439453,205.1837921142578,209.50990295410156,203.9913330078125,4385007
2025-05-16,209.51931762695312,210.16964721679688,207.9359130859375,210.06597900390625,205.5778350830078,3072656
2025-05-19,208.86898803710938,212.15834045410156,207.9359130859375,212.00753784179688,207.47789001464844,3623527
2025-05-20,210.42413330078125,212.30914306640625,210.42413330078125,212.12063598632812,207.58856201171875,3536950
2025-05-21,211.52685546875,212.02638244628906,208.7747344970703,209.11404418945312,204.64622497558594,3831695
2025-05-22,208.66163635253906,212.0923614501953,208.47314453125,210.77285766601562,206.26959228515625,3093346
2025-05-23,208.12440490722656,210.1790771484375,208.12440490722656,209.2648468017578,204.79380798339844,2691969
2025-05-27,211.51744079589844,213.722900390625,209.54759216308594,213.44015502929688,208.87989807128906,3279339
2025-05-28,213.44015502929688,214.78793334960938,211.29122924804688,211.69651794433594,207.17352294921875,2740245
2025-05-29,212.5730438232422,212.92176818847656,210.4052734375,212.2431640625,207.70848083496094,7151246
2025-05-30,213.61923217773438,213.96795654296875,210.90480041503906,213.63807678222656,209.07359313964844,8805876
2025-06-02,212.0640869140625,212.95004272460938,210.2073516845703,212.55419921875,208.01287841796875,2685815
2025-06-03,212.0640869140625,214.15646362304688,212.05467224121094,213.73233032226562,209.1658172607422,2980455
2025-06-04,214.40150451660156,215.61734008789062,213.1856689453125,214.37322998046875,209.7930450439453,1944495
2025-06-05,214.39208984375,214.8162078857422,213.1197052001953,213.63807678222656,209.07359313964844,3447826
2025-06-06,215.59849548339844,217.2196044921875,215.03298950195312,215.62677001953125,211.01979064941406,2350858
2025-06-09,215.5419464111328,215.55136108398438,213.50611877441406,214.07162475585938,209.4978790283203,2717327
2025-06-10,214.0622100830078,214.52403259277344,212.7521209716797,213.25164794921875,208.6954345703125,2827671
2025-06-11,212.9311981201172,213.76060485839844,208.9066925048828,212.83694458007812,208.28958129882812,2645816
2025-06-12,212.0923614501953,213.67578125,210.90480041503906,213.05372619628906,208.50173950195312,1696327
2025-06-13,211.96983337402344,213.12911987304688,210.65975952148438,211.39491271972656,206.87835693359375,2649317
2025-06-16,212.601318359375,213.38360595703125,210.67860412597656,211.20640563964844,206.6938934326172,2587779
2025-06-17,210.7445831298828,211.24411010742188,208.7464599609375,209.0386505126953,204.5724334716797,3294829
2025-06-18,209.3873748779297,210.7351531982422,208.1903839111328,209.11404418945312,204.64622497558594,3817796
2025-06-20,210.54666137695312,210.5560760498047,207.54005432128906,209.04806518554688,204.58164978027344,6233481
2025-06-23,210.48068237304688,212.0640869140625,208.99151611328125,211.8190460205078,207.29342651367188,2737062
2025-06-24,212.6201629638672,213.1102752685547,210.7917022705078,211.6870880126953,207.16429138183594,3802412
2025-06-25,211.76248168945312,211.76248168945312,208.43544006347656,209.0386505126953,204.5724334716797,3187032
2025-06-26,210.00942993164062,213.4684295654297,209.35910034179688,213.36474609375,208.8061065673828,2790324
2025-06-27,213.1668243408203,215.79641723632812,212.8086700439453,215.6927490234375,211.0843505859375,5299165
2025-06-30,215.6927490234375,220.1319580078125,215.19320678710938,219.4910430908203,214.801513671875,4308721
2025-07-01,220.1508026123047,225.14608764648438,219.78321838378906,225.04241943359375,220.23428344726562,4160605
2025-07-02,224.4674835205078,226.69180297851562,223.2987823486328,225.50424194335938,220.6862335205078,4353601
2025-07-03,226.0980224609375,227.4269561767578,225.62677001953125,226.57870483398438,221.73773193359375,2019295
2025-07-07,226.0791778564453,227.04995727539062,224.2601318359375,225.5890655517578,220.7692413330078,2875947
2025-07-08,225.52308654785156,227.7568359375,225.28746032714844,226.01319885253906,221.18431091308594,2936636
2025-07-09,226.8614501953125,227.82281494140625,223.1102752685547,224.9952850341797,220.18814086914062,2309797
2025-07-10,224.14703369140625,225.61734008789062,222.912353515625,223.1573944091797,218.3895263671875,2402210
2025-07-11,220.8953857421875,222.47879028320312,220.54666137695312,222.36569213867188,217.61473083496094,2564649
2025-07-14,222.90292358398438,225.0518341064453,221.1404266357422,224.37322998046875,219.5793914794922,3088783
2025-07-15,223.55325317382812,223.94911193847656,221.66824340820312,221.77191162109375,217.03366088867188,2498973
2025-07-16,221.92271423339844,223.37417602539062,219.6135711669922,223.26107788085938,218.49099731445312,2997007
2025-07-17,223.006591796875,224.96701049804688,222.59188842773438,224.6654052734375,219.8653106689453,2659503
2025-07-18,225.9377899169922,225.9377899169922,221.71536254882812,222.9406280517578,218.17739868164062,3834242
2025-07-21,222.9406280517578,224.6465606689453,221.6588134765625,221.69651794433594,216.95985412597656,3070534
2025-07-22,221.62110900878906,223.44015502929688,220.85768127441406,222.9783172607422,218.21426391601562,3617055
2025-07-23,223.93968200683594,226.682373046875,223.59095764160156,225.513671875,220.69546508789062,4062675
2025-07-24,213.1197052001953,217.33270263671875,210.93307495117188,211.57398986816406,207.05360412597656,11877152
2025-07-25,213.30819702148438,213.5720977783203,209.50990295410156,211.3477783203125,206.8322296142578,6333215
2025-07-28,212.18661499023438,214.65599060058594,211.80018615722656,212.13949584960938,207.60704040527344,5117309
2025-07-29,212.71441650390625,213.006591796875,208.520263671875,208.97267150878906,204.50787353515625,3994135
2025-07-30,209.60414123535156,211.48916625976562,208.5014190673828,209.3873748779297,204.91371154785156,5035612
2025-07-31,208.82186889648438,210.8671112060547,208.57681274414062,209.5664520263672,205.08895874023438,3241143
2025-08-01,208.64279174804688,208.8972625732422,204.67483520507812,205.19320678710938,200.8091583251953,4208987
2025-08-04,205.7681427001953,208.114990234375,205.27804565429688,208.09613037109375,203.65003967285156,3662890
2025-08-05,207.3704071044922,208.64279174804688,206.8897247314453,208.35061645507812,203.8990936279297,2631068
2025-08-06,208.9066925048828,209.14231872558594,206.40904235839844,206.62582397460938,202.21115112304688,2963267
2025-08-07,207.61546325683594,207.8322296142578,203.2139434814453,204.128173828125,199.76687622070312,3079553
2025-08-08,204.3072509765625,205.1837921142578,203.58152770996094,203.8737030029297,199.517822265625,3246130
2025-08-11,203.8737030029297,204.13760375976562,201.885009765625,204.0056610107422,199.64698791503906,2558389
2025-08-12,204.1847381591797,204.78793334960938,203.1573944091797,204.53346252441406,200.1634979248047,4615244
2025-08-13,204.8727569580078,207.2949981689453,204.72195434570312,207.10650634765625,202.6815643310547,3849414
2025-08-14,206.49388122558594,206.49388122558594,204.78793334960938,205.65504455566406,201.26112365722656,3153716
2025-08-15,205.4853973388672,205.4853973388672,203.37417602539062,204.3072509765625,200.98297119140625,2908201
2025-08-18,204.26956176757812,204.91046142578125,203.50611877441406,203.95852661132812,200.63990783691406,4364105
2025-08-19,203.8265838623047,205.62677001953125,203.08200073242188,204.2789764404297,200.9551544189453,2521679
2025-08-20,204.58058166503906,206.89915466308594,203.78887939453125,204.52403259277344,201.1962127685547,4309252
2025-08-21,204.04335021972656,205.24977111816406,202.63902282714844,204.91989135742188,201.5856475830078,2851331
2025-08-22,206.93685913085938,210.2544708251953,206.10745239257812,210.0188446044922,206.60162353515625,3483051
2025-08-25,208.99151611328125,209.63241577148438,207.82281494140625,207.92648315429688,204.54330444335938,2394783
2025-08-26,207.5589141845703,210.0,207.2007598876953,209.76437377929688,206.35130310058594,4304477
2025-08-27,208.87841796875,209.91517639160156,208.00189208984375,208.52969360351562,205.13671875,2240514
2025-08-28,208.9538116455078,209.14231872558594,207.1442108154297,208.6239471435547,205.22943115234375,2758918
2025-08-29,208.3600311279297,208.8595733642578,206.57870483398438,206.8802947998047,203.51414489746094,2112557
2025-09-02,204.55230712890625,205.5796356201172,203.01602172851562,205.08953857421875,201.7525177001953,3450372
2025-09-03,204.6936798095703,204.74081420898438,200.3393096923828,201.69651794433594,198.4147186279297,3736418
2025-09-04,201.44203186035156,203.23280334472656,199.90574645996094,202.78982543945312,199.49021911621094,4939486
2025-09-05,202.6201629638672,203.8548583984375,201.1027374267578,201.93214416503906,198.64649963378906,4355299
2025-09-08,202.46937561035156,202.8275146484375,200.32044982910156,202.4033966064453,199.11009216308594,4842192
2025-09-09,202.601318359375,202.9311981201172,199.75494384765625,201.885009765625,198.6001434326172,3124751
2025-09-10,201.66824340820312,202.0169677734375,199.22714233398438,199.52874755859375,196.2822265625,4546597
2025-09-11,199.73609924316406,203.73233032226562,199.3119659423828,202.9311981201172,199.62930297851562,5920911
2025-09-12,201.74363708496094,202.2431640625,198.81243896484375,199.30255126953125,196.05970764160156,3362309
2025-09-15,199.58529663085938,200.6880340576172,198.57681274414062,199.5664520263672,196.31930541992188,4022994
2025-09-16,199.50990295410156,201.05560302734375,198.4919891357422,198.82186889648438,195.58682250976562,3543528
2025-09-17,199.50047302246094,201.36663818359375,198.162109375,199.50990295410156,196.263671875,5742450
2025-09-18,198.9538116455078,201.13101196289062,197.97361755371094,198.114990234375,194.89146423339844,4725270
2025-09-19,198.96324157714844,198.96324157714844,195.49481201171875,197.33270263671875,194.1219024658203,11677472
2025-09-22,196.74835205078125,198.43544006347656,195.4099884033203,196.98397827148438,193.7788543701172,5098529
2025-09-23,197.398681640625,198.88784790039062,196.80490112304688,197.27615356445312,194.0662841796875,6615653
2025-09-24,197.2667236328125,198.1903839111328,196.2488250732422,196.6069793701172,193.40798950195312,6534487
2025-09-25,196.8897247314453,197.34213256835938,195.3817138671875,195.7587127685547,192.57351684570312,4322514
2025-09-26,196.43731689453125,197.03109741210938,195.42884826660156,196.22055053710938,193.02784729003906,3768248
2025-09-29,197.82281494140625,198.07728576660156,192.6201629638672,197.2478790283203,194.03846740722656,5981918
2025-09-30,196.93685913085938,198.97267150878906,196.46559143066406,198.39773559570312,195.1696014404297,4437420
2025-10-01,198.39773559570312,200.5560760498047,197.91705322265625,198.09613037109375,194.87290954589844,4124319
2025-10-02,198.39773559570312,200.77285766601562,198.0113067626953,198.87841796875,195.6424560546875,4570364
2025-10-03,198.8501434326172,199.8397674560547,196.43731689453125,197.03109741210938,193.82521057128906,4590417
2025-10-06,197.92648315429688,198.39773559570312,195.85296630859375,196.98397827148438,193.7788543701172,5471895
2025-10-07,196.63525390625,197.6248779296875,195.86239624023438,196.9651336669922,193.76031494140625,4109677
2025-10-08,196.8331756591797,197.81338500976562,195.9472198486328,197.7851104736328,194.5669403076172,2985760
2025-10-09,197.91705322265625,197.92648315429688,191.78134155273438,192.48822021484375,189.3562469482422,3983949
2025-10-10,193.1856689453125,193.66635131835938,189.18002319335938,189.35910034179688,186.27804565429688,5870195
2025-10-13,190.77285766601562,191.5551300048828,189.0763397216797,191.24411010742188,188.1323699951172,3950634
2025-10-14,189.8397674560547,196.72950744628906,189.7738037109375,196.61639404296875,193.41725158691406,4297262
2025-10-15,196.77662658691406,197.3704071044922,190.48068237304688,190.85768127441406,187.75222778320312,4700548
2025-10-16,191.9886932373047,193.09141540527344,190.6126251220703,191.48916625976562,188.37344360351562,3294299
2025-10-17,191.4514617919922,193.2139434814453,190.4052734375,191.29122924804688,188.17872619628906,4109677
2025-10-20,192.59188842773438,194.3355255126953,192.5730438232422,194.1847381591797,191.02516174316406,4147661
2025-10-21,194.2884063720703,198.5014190673828,194.04335021972656,197.0593719482422,193.85302734375,4031800
2025-10-22,197.73797607421875,198.10556030273438,194.15646362304688,194.73138427734375,191.56289672851562,4532910
2025-10-23,202.63902282714844,209.68898010253906,201.93214416503906,207.9830322265625,204.59893798828125,10045972
2025-10-24,208.22808837890625,208.22808837890625,202.4033966064453,203.71347045898438,200.3988494873047,8531289
2025-10-27,206.37135314941406,206.6069793701172,202.35626220703125,202.7050018310547,199.4067840576172,5723140
2025-10-28,202.45994567871094,203.09141540527344,200.9142303466797,202.08294677734375,198.79486083984375,4500232
2025-10-29,201.11215209960938,202.13006591796875,198.39773559570312,200.65032958984375,197.3855438232422,4441983
2025-10-30,201.8000030517578,205.22000122070312,199.8000030517578,200.11000061035156,196.85401916503906,6511200
2025-10-31,198.8000030517578,201.8699951171875,198.64999389648438,201.3300018310547,198.0541534423828,4067800
2025-11-03,201.3300018310547,201.4499969482422,197.10000610351562,197.77000427246094,194.55209350585938,4963400
2025-11-04,197.66000366210938,198.00999450683594,194.67999267578125,196.4600067138672,193.26339721679688,5727000
2025-11-05,196.1199951171875,199.72999572753906,195.30999755859375,197.0500030517578,193.84381103515625,4206400
2025-11-06,195.99000549316406,197.25,195.22000122070312,195.91000366210938,192.72235107421875,3031300
2025-11-07,196.0500030517578,196.44000244140625,193.6999969482422,194.07000732421875,190.9123077392578,3706900
2025-11-10,194.99000549316406,196.47999572753906,193.6199951171875,196.07000732421875,192.87974548339844,3820700
2025-11-11,196.47999572753906,201.50999450683594,195.77999877929688,200.41000366210938,197.1491241455078,4196500
2025-11-12,200.97999572753906,202.27999877929688,199.5800018310547,201.58999633789062,198.30990600585938,4606900
2025-11-13,201.27000427246094,203.0399932861328,199.52999877929688,199.8699951171875,196.61790466308594,4162200
2025-11-14,198.4600067138672,199.55999755859375,195.6699981689453,199.0399932861328,196.97415161132812,3725400
2025-11-17,197.88999938964844,199.35000610351562,194.97000122070312,196.0800018310547,194.04490661621094,2837500
2025-11-18,191.8300018310547,193.83999633789062,190.57000732421875,191.4499969482422,189.46295166015625,6072500
2025-11-19,190.67999267578125,191.35000610351562,189.00999450683594,190.57000732421875,188.5920867919922,3394100
2025-11-20,192.42999267578125,193.25,186.75999450683594,188.13999938964844,186.1873016357422,3673200
2025-11-21,188.27000427246094,191.0800018310547,187.83999633789062,190.02000427246094,188.04779052734375,4711500
2025-11-24,190.0500030517578,190.19000244140625,187.0399932861328,188.66000366210938,186.701904296875,5304200
2025-11-25,189.82000732421875,191.6300048828125,189.22999572753906,191.02000427246094,189.03741455078125,3663400
2025-11-26,192.2899932861328,192.2899932861328,189.9499969482422,189.99000549316406,188.0181121826172,3120900
2025-11-28,190.0,192.39999389648438,189.60000610351562,192.19000244140625,190.1952667236328,1644100
2025-12-01,190.27999877929688,192.16000366210938,189.97999572753906,190.22000122070312,188.24571228027344,3220200
2025-12-02,190.8000030517578,193.72999572753906,189.52999877929688,193.14999389648438,191.14529418945312,4477200
2025-12-03,193.3300018310547,195.1999969482422,192.77000427246094,193.47000122070312,191.4619903564453,4181000
2025-12-04,193.4600067138672,193.9199981689453,191.4600067138672,192.22999572753906,190.23484802246094,4006200
2025-12-05,192.77000427246094,193.36000061035156,190.64999389648438,191.3300018310547,189.34420776367188,4294300
2025-12-08,192.13999938964844,192.36000061035156,190.52999877929688,191.99000549316406,189.99734497070312,3239800
2025-12-09,191.1699981689453,192.69000244140625,189.86000061035156,190.1699981689453,188.19622802734375,2772000
2025-12-10,190.16000366210938,192.6999969482422,190.1199951171875,192.05999755859375,190.0666046142578,5567800
2025-12-11,192.67999267578125,194.42999267578125,192.63999938964844,193.85000610351562,191.83804321289062,3733700
2025-12-12,194.1199951171875,194.72000122070312,192.50999450683594,193.66000366210938,191.65000915527344,3324500
2025-12-15,195.66000366210938,197.5399932861328,193.3699951171875,197.4499969482422,195.40066528320312,3463300
2025-12-16,197.5,198.75999450683594,196.69000244140625,198.25999450683594,196.20225524902344,4734400
2025-12-17,198.41000366210938,202.4600067138672,198.1199951171875,199.88999938964844,197.8153533935547,6291100
2025-12-18,200.8300018310547,201.3300018310547,196.66000366210938,198.0800018310547,196.02413940429688,4168300
2025-12-19,198.8300018310547,201.05999755859375,198.1699981689453,199.11000061035156,197.04345703125,7866500
2025-12-22,198.27999877929688,199.75,195.1999969482422,195.9600067138672,193.9261474609375,4384000
2025-12-23,195.8000030517578,196.2100067138672,194.72000122070312,195.5,193.47091674804688,2419700
2025-12-24,195.5,197.13999938964844,195.00999450683594,196.92999267578125,194.88607788085938,1480100
2025-12-26,196.72999572753906,197.47999572753906,195.8800048828125,197.3699951171875,195.32150268554688,1457900
2025-12-29,197.35000610351562,197.60000610351562,196.24000549316406,197.08999633789062,195.04441833496094,2067900
2025-12-30,196.33999633789062,197.5800018310547,195.41000366210938,196.36000061035156,194.32199096679688,1904100
2025-12-31,196.36000061035156,197.0500030517578,195.0500030517578,195.08999633789062,193.06515502929688,2027300
2026-01-02,195.69000244140625,196.5800018310547,193.35000610351562,195.8800048828125,193.84698486328125,3156300
2026-01-05,195.8000030517578,201.77999877929688,194.9199981689453,201.08999633789062,199.00289916992188,3846200
2026-01-06,200.39999389648438,205.55999755859375,200.35000610351562,204.94000244140625,202.8129425048828,4005000
2026-01-07,205.11000061035156,206.0,198.52000427246094,199.50999450683594,197.4392852783203,5087100
2026-01-08,198.94000244140625,205.49000549316406,198.5500030517578,205.24000549316406,203.10983276367188,5192500
2026-01-09,204.64999389648438,208.74000549316406,203.50999450683594,207.3800048828125,205.2276153564453,5707700
2026-01-12,207.10000610351562,208.7100067138672,204.63999938964844,208.60000610351562,206.43495178222656,5521600
2026-01-13,209.27000427246094,211.2100067138672,208.32000732421875,210.27999877929688,208.09750366210938,4121200
2026-01-14,213.85000610351562,214.57000732421875,210.97999572753906,213.0399932861328,210.828857421875,4421100
2026-01-15,213.39999389648438,215.5500030517578,211.85000610351562,215.02000427246094,212.788330078125,5569400
2026-01-16,219.22000122070312,220.6300048828125,216.52999877929688,219.38999938964844,217.1129608154297,8529500
2026-01-20,216.69000244140625,218.33999633789062,214.1999969482422,215.07000732421875,212.8378143310547,8222000
2026-01-21,215.9600067138672,220.41000366210938,215.5399932861328,219.1699981689453,216.89523315429688,5655500
2026-01-22,220.0,223.44000244140625,219.69000244140625,222.5399932861328,220.23025512695312,4353300
2026-01-23,221.97000122070312,223.32000732421875,220.58999633789062,221.4600067138672,219.16148376464844,3819900
2026-01-26,221.36000061035156,221.8300018310547,219.72000122070312,221.16000366210938,218.86459350585938,3703900
2026-01-27,221.3300018310547,222.77999877929688,220.11000061035156,220.91000366210938,218.6171875,3520800
2026-01-28,220.00999450683594,221.27000427246094,216.19000244140625,216.63999938964844,214.39149475097656,5107500
2026-01-29,221.24000549316406,227.86000061035156,220.77999877929688,227.24000549316406,224.88148498535156,6945200
2026-01-30,226.74000549316406,229.58999633789062,225.5,227.52000427246094,225.15858459472656,6719200
2026-02-02,226.24000549316406,228.36000061035156,225.0800018310547,227.55999755859375,225.1981658935547,4514500
2026-02-03,226.5399932861328,231.75999450683594,226.5399932861328,230.91000366210938,228.51339721679688,4531400
2026-02-04,233.52000427246094,236.33999633789062,233.0500030517578,235.35000610351562,232.90731811523438,5943100
2026-02-05,233.72999572753906,236.0800018310547,232.5500030517578,233.85000610351562,231.42288208007812,5017500
2026-02-06,234.75999450683594,239.0800018310547,234.14999389648438,238.3800048828125,235.90586853027344,3976500
2026-02-09,237.39999389648438,240.9499969482422,237.0,239.83999633789062,237.3507080078125,3006700
2026-02-10,239.97000122070312,244.77999877929688,239.25,243.33999633789062,240.8143768310547,3888800
2026-02-11,243.99000549316406,245.02999877929688,239.1199951171875,242.6999969482422,240.1810302734375,4192200
2026-02-12,244.4199981689453,245.6300048828125,239.19000244140625,239.8300018310547,237.3408203125,6536100
2026-02-13,239.63999938964844,243.22000122070312,238.9600067138672,241.3800048828125,238.87472534179688,5330200
2026-02-17,239.6699981689453,244.75,239.6699981689453,242.64999389648438,240.13153076171875,3699800
2026-02-18,242.94000244140625,243.13999938964844,239.11000061035156,241.13999938964844,238.63722229003906,2853200
2026-02-19,240.57000732421875,242.7899932861328,239.17999267578125,240.77000427246094,238.27105712890625,2360100
2026-02-20,240.82000732421875,244.5,240.3000030517578,243.97000122070312,241.43785095214844,2681200
2026-02-23,243.72999572753906,246.0,242.3800048828125,243.05999755859375,240.5372772216797,2496100
2026-02-24,243.05999755859375,245.41000366210938,243.05999755859375,243.61000061035156,241.08157348632812,2575500
2026-02-25,244.75,245.0,240.66000366210938,242.1999969482422,239.68621826171875,3368600
2026-02-26,242.72999572753906,243.85000610351562,239.82000732421875,240.8800048828125,238.37991333007812,3040000
2026-02-27,241.3800048828125,243.92999267578125,240.25999450683594,243.58999633789062,242.2585906982422,3888100
2026-03-02,242.6999969482422,248.17999267578125,241.22000122070312,248.0399932861328,246.68426513671875,3634700
2026-03-03,243.92999267578125,247.16000366210938,241.63999938964844,243.85000610351562,242.51718139648438,6367200
2026-03-04,244.6199951171875,247.27000427246094,239.17999267578125,245.97000122070312,244.62559509277344,4774800
2026-03-05,243.5399932861328,243.9199981689453,235.97000122070312,238.3800048828125,237.07708740234375,4308200
2026-03-06,235.32000732421875,236.9600067138672,234.1199951171875,235.2899932861328,234.0039520263672,3857900
2026-03-09,234.1300048828125,238.38999938964844,230.7899932861328,237.58999633789062,236.29139709472656,3405100
2026-03-10,236.8000030517578,245.25999450683594,236.6199951171875,240.61000061035156,239.29489135742188,5089100
2026-03-11,239.75999450683594,241.9499969482422,237.42999267578125,239.44000244140625,238.13128662109375,3241200
2026-03-12,237.77000427246094,239.77000427246094,233.19000244140625,233.39999389648438,232.12428283691406,4592800
2026-03-13,235.49000549316406,237.5800018310547,233.8300018310547,234.5,233.21827697753906,3117500
2026-03-16,235.0,236.30999755859375,233.63999938964844,234.50999450683594,233.2282257080078,3176700
2026-03-17,234.39999389648438,235.63999938964844,228.5,231.4199981689453,230.15512084960938,4224000
2026-03-18,231.55999755859375,233.07000732421875,228.55999755859375,229.9199981689453,228.66331481933594,3255200
2026-03-19,228.1699981689453,230.61000061035156,227.0,229.02999877929688,227.77818298339844,3031900
2026-03-20,227.94000244140625,229.5,219.8300018310547,221.5,220.28933715820312,8098400
2026-03-23,224.9499969482422,226.5,222.91000366210938,223.00999450683594,221.79107666015625,3657400
2026-03-24,220.61000061035156,224.64999389648438,220.5800018310547,221.57000732421875,220.3589630126953,3326000
2026-03-25,223.82000732421875,227.61000061035156,222.63999938964844,225.7899932861328,224.55587768554688,4574600
2026-03-26,224.67999267578125,228.64999389648438,224.42999267578125,225.1699981689453,223.93927001953125,4754400
2026-03-27,226.2100067138672,226.2100067138672,222.67999267578125,223.1199951171875,221.90048217773438,3316200
2026-03-30,225.8000030517578,226.35000610351562,222.61000061035156,223.47999572753906,222.25851440429688,3217500
2026-03-31,225.6699981689453,226.67999267578125,222.1199951171875,226.02999877929688,224.79457092285156,3479000
2026-04-01,227.2100067138672,229.6999969482422,226.6199951171875,228.1999969482422,226.9527130126953,3837700
2026-04-02,226.88999938964844,230.5,225.1199951171875,229.4499969482422,228.1958770751953,2987300
2026-04-06,228.0399932861328,228.80999755859375,226.3800048828125,228.2100067138672,226.96266174316406,3139500
2026-04-07,226.67999267578125,226.80999755859375,221.44000244140625,223.83999633789062,222.61654663085938,3719500
2026-04-08,229.52999877929688,232.49000549316406,228.30999755859375,232.47000122070312,231.1993865966797,3807800
2026-04-09,230.67999267578125,236.36000061035156,228.72999572753906,236.05999755859375,234.76976013183594,3191900
2026-04-10,236.32000732421875,236.8300018310547,234.07000732421875,235.0399932861328,233.7553253173828,1906900
2026-04-13,233.44000244140625,234.88999938964844,231.7899932861328,233.63999938964844,232.36297607421875,2657300
2026-04-14,233.24000549316406,234.47999572753906,231.66000366210938,233.24000549316406,231.96517944335938,3155300
2026-04-15,232.91000366210938,232.9199981689453,228.92999267578125,232.19000244140625,230.92091369628906,3514500
2026-04-16,231.6999969482422,233.60000610351562,228.97999572753906,229.3800048828125,228.1262664794922,2925900
2026-04-17,231.1300048828125,236.4499969482422,230.77000427246094,233.5500030517578,232.2734832763672,4071900
2026-04-20,233.3300018310547,233.61000061035156,228.9499969482422,229.74000549316406,228.4842987060547,3217800
2026-04-21,227.0,229.7899932861328,221.13999938964844,222.22000122070312,221.00540161132812,4895100
2026-04-22,224.2899932861328,226.0,219.2899932861328,219.97000122070312,218.7677001953125,4470200
2026-04-23,207.8699951171875,218.0,207.8300018310547,214.33999633789062,213.16847229003906,8019200
2026-04-24,212.80999755859375,214.6999969482422,209.82000732421875,213.1699981689453,212.00486755371094,4607600
2026-04-27,213.36000061035156,214.1300048828125,210.52000427246094,212.0500030517578,210.8909912109375,3615500
2026-04-28,214.74000549316406,214.94000244140625,210.36000061035156,212.92999267578125,211.76617431640625,3796900
2026-04-29,212.5,212.89999389648438,208.3000030517578,210.3000030517578,209.1505584716797,4502600
2026-04-30,209.50999450683594,214.58999633789062,209.4499969482422,214.3300018310547,213.1585235595703,4128600
2026-05-01,215.02999877929688,215.55999755859375,212.00999450683594,212.5,211.33853149414062,2988200
2026-05-04,211.91000366210938,213.25,209.22999572753906,209.58999633789062,208.44442749023438,2822000
2026-05-05,209.97999572753906,211.1199951171875,208.5399932861328,209.05999755859375,207.91732788085938,2655200
2026-05-06,212.85000610351562,218.0800018310547,212.85000610351562,216.86000061035156,215.67469787597656,4297300
2026-05-07,216.86000061035156,218.25999450683594,214.00999450683594,216.07000732421875,214.88902282714844,3573100
2026-05-08,216.47999572753906,216.66000366210938,212.75999450683594,213.1199951171875,211.95513916015625,3731700
2026-05-11,215.27999877929688,221.0399932861328,214.8699951171875,219.11000061035156,217.9123992919922,4454000
2026-05-12,219.13999938964844,219.82000732421875,216.41000366210938,218.5399932861328,217.3455047607422,3590600
2026-05-13,218.0,219.42999267578125,215.9600067138672,217.9600067138672,216.76869201660156,3354100
2026-05-14,217.58999633789062,218.9499969482422,215.75999450683594,217.72000122070312,216.52999877929688,3377700
2026-05-15,215.63999938964844,215.63999938964844,211.5,213.24000549316406,213.24000549316406,4464500
2026-05-18,214.11000061035156,218.85000610351562,213.02000427246094,217.22999572753906,217.22999572753906,5846700
2026-05-19,217.00999450683594,218.2100067138672,215.1699981689453,217.14999389648438,217.14999389648438,5105500
2026-05-20,216.9499969482422,218.32000732421875,214.77000427246094,217.38999938964844,217.38999938964844,4027000
2026-05-21,218.0800018310547,225.30999755859375,217.25,223.8000030517578,223.8000030517578,4732500
2026-05-22,225.5399932861328,228.99000549316406,222.5500030517578,227.9199981689453,227.9199981689453,5071100
