Date,Open,High,Low,Close,Adj Close,Volume
2018-06-04,108.98999786376953,109.26000213623047,108.2699966430664,108.44999694824219,87.1886215209961,9415400.0
2018-06-05,108.23999786376953,108.30999755859375,107.06999969482422,107.83999633789062,86.69819641113281,10415200.0
2018-06-06,108.66000366210938,110.73999786376953,108.4800033569336,110.36000061035156,88.72415924072266,15453600.0
2018-06-07,111.18000030517578,111.5,110.02999877929688,110.80000305175781,89.07789611816406,13444400.0
2018-06-08,110.62000274658203,111.13999938964844,110.05999755859375,111.11000061035156,89.32713317871094,10383200.0
2018-06-11,111.12000274658203,111.91000366210938,110.7699966430664,110.83000183105469,89.10202026367188,12642900.0
2018-06-12,111.13999938964844,111.52999877929688,109.5199966430664,110.19000244140625,88.58749389648438,15294100.0
2018-06-13,110.45999908447266,111.44999694824219,109.58000183105469,109.97000122070312,88.4106216430664,14979700.0
2018-06-14,110.27999877929688,110.36000061035156,107.77999877929688,108.02999877929688,86.8509750366211,20487300.0
2018-06-15,107.80000305175781,108.37999725341797,106.2699966430664,107.9000015258789,86.74644470214844,26028600.0
2018-06-18,107.26000213623047,108.4000015258789,106.69000244140625,108.18000030517578,86.97154998779297,9786800.0
2018-06-19,106.9000015258789,107.87999725341797,106.5999984741211,107.55000305175781,86.46504974365234,12707200.0
2018-06-20,108.18000030517578,108.63999938964844,107.44000244140625,107.54000091552734,86.45702362060547,8876900.0
2018-06-21,107.0999984741211,108.20999908447266,106.52999877929688,107.51000213623047,86.4328842163086,11048700.0
2018-06-22,108.16000366210938,108.37000274658203,105.51000213623047,105.75,85.0179214477539,19478900.0
2018-06-25,105.66000366210938,105.69999694824219,103.95999908447266,104.79000091552734,84.24613189697266,16907600.0
2018-06-26,104.70999908447266,105.20999908447266,103.11000061035156,104.86000061035156,84.30242156982422,17086800.0
2018-06-27,104.68000030517578,105.91999816894531,103.2300033569336,103.23999786376953,83.0000228881836,16276800.0
2018-06-28,103.68000030517578,105.45999908447266,103.51000213623047,104.93000030517578,84.35871124267578,14491300.0
2018-06-29,106.68000030517578,106.9000015258789,104.1500015258789,104.19999694824219,83.7718276977539,18972400.0
2018-07-02,103.72000122070312,105.08999633789062,103.37999725341797,105.08000183105469,84.47929382324219,11130000.0
2018-07-03,105.41000366210938,105.77999877929688,103.5199966430664,103.61000061035156,83.29751586914062,8311700.0
2018-07-04,105.41000366210938,105.77999877929688,103.5199966430664,103.61000061035156,83.29751586914062,8311700.0
2018-07-05,104.12999725341797,104.37999725341797,103.52999877929688,103.72000122070312,83.83905792236328,10723400.0
2018-07-06,103.12000274658203,104.5,102.19999694824219,104.05999755859375,84.11389923095703,12173700.0
2018-07-09,104.70999908447266,107.45999908447266,104.70999908447266,107.27999877929688,86.71666717529297,13900800.0
2018-07-10,108.0199966430664,108.4000015258789,106.52999877929688,106.62000274658203,86.18318176269531,14575900.0
2018-07-11,106.30999755859375,107.05999755859375,106.20999908447266,106.38999938964844,85.99726867675781,10186500.0
2018-07-12,107.41999816894531,107.55999755859375,105.97000122070312,106.8499984741211,86.36911010742188,12456800.0
2018-07-13,107.30000305175781,107.80000305175781,105.13999938964844,106.36000061035156,85.97303009033203,21289100.0
2018-07-16,107.05000305175781,110.7699966430664,106.9800033569336,110.58000183105469,89.38414764404297,24662600.0
2018-07-17,110.69000244140625,110.93000030517578,109.75,110.5,89.31949615478516,14821900.0
2018-07-18,110.41999816894531,112.12000274658203,110.19999694824219,111.52999877929688,90.15205383300781,14244900.0
2018-07-19,111.05999755859375,111.08999633789062,109.7300033569336,109.88999938964844,88.82640075683594,16775300.0
2018-07-20,110.0,111.73999786376953,109.77999877929688,111.27999877929688,89.94998168945312,13578100.0
2018-07-23,111.05999755859375,114.23999786376953,110.93000030517578,113.3499984741211,91.6231918334961,18140000.0
2018-07-24,113.55000305175781,114.77999877929688,113.41999816894531,114.1500015258789,92.26983642578125,14000400.0
2018-07-25,113.87999725341797,115.5199966430664,113.37999725341797,115.18000030517578,93.10243225097656,13329100.0
2018-07-26,115.41999816894531,115.58999633789062,114.58000183105469,114.8499984741211,92.8356704711914,11897800.0
2018-07-27,115.18000030517578,116.30000305175781,114.80999755859375,116.02999877929688,93.78950500488281,12802700.0
2018-07-30,116.27999877929688,117.61000061035156,116.05999755859375,116.7300033569336,94.3553237915039,13411600.0
2018-07-31,117.08000183105469,117.08000183105469,114.81999969482422,114.94999694824219,92.91651153564453,15843800.0
2018-08-01,115.75,116.69000244140625,115.27999877929688,115.66000366210938,93.49042510986328,13531600.0
2018-08-02,114.56999969482422,116.25,114.33000183105469,116.1500015258789,93.88651275634766,11058100.0
2018-08-03,116.0,117.12999725341797,115.94000244140625,117.08999633789062,94.6463394165039,11016100.0
2018-08-06,116.79000091552734,117.52999877929688,116.18000030517578,117.12000274658203,94.67056274414062,9857400.0
2018-08-07,117.73999786376953,118.29000091552734,117.33000183105469,117.55000305175781,95.01815032958984,10562100.0
2018-08-08,117.33000183105469,118.2699966430664,117.27999877929688,117.79000091552734,95.21214294433594,8997100.0
2018-08-09,117.51000213623047,117.72000122070312,116.69999694824219,116.87999725341797,94.47655487060547,9694200.0
2018-08-10,115.5,115.94999694824219,114.68000030517578,115.7300033569336,93.54702758789062,12630600.0
2018-08-13,115.55999755859375,115.87999725341797,113.81999969482422,113.88999938964844,92.05970001220703,10336300.0
2018-08-14,114.2699966430664,115.04000091552734,113.6500015258789,114.6500015258789,92.67400360107422,10597600.0
2018-08-15,113.81999969482422,114.33000183105469,112.97000122070312,113.69999694824219,91.90611267089844,10152100.0
2018-08-16,114.3499984741211,115.30999755859375,114.30000305175781,114.7699966430664,92.77098846435547,10118600.0
2018-08-17,114.63999938964844,115.06999969482422,114.30000305175781,114.7699966430664,92.77098846435547,8505100.0
2018-08-20,114.58999633789062,115.05000305175781,114.11000061035156,114.62000274658203,92.64977264404297,8618700.0
2018-08-21,115.37000274658203,116.38999938964844,114.87999725341797,115.31999969482422,93.21558380126953,10976700.0
2018-08-22,115.30999755859375,115.41000366210938,114.77999877929688,114.97000122070312,92.93265533447266,8314700.0
2018-08-23,114.95999908447266,115.1500015258789,114.43000030517578,114.7300033569336,92.73867797851562,9265400.0
2018-08-24,114.9800033569336,115.22000122070312,114.44999694824219,114.68000030517578,92.69827270507812,8845700.0
2018-08-27,115.22000122070312,117.27999877929688,115.16999816894531,116.70999908447266,94.3391342163086,13768000.0
2018-08-28,117.0,117.02999877929688,115.97000122070312,116.13999938964844,93.87841033935547,8302600.0
2018-08-29,116.3499984741211,116.37000274658203,115.36000061035156,115.76000213623047,93.57125091552734,7221700.0
2018-08-30,115.58999633789062,116.04000091552734,114.9800033569336,115.19000244140625,93.11048889160156,8991800.0
2018-08-31,114.83000183105469,114.83999633789062,113.81999969482422,114.58000183105469,92.61742401123047,13065700.0
2018-09-03,114.83000183105469,114.83999633789062,113.81999969482422,114.58000183105469,92.61742401123047,13065700.0
2018-09-04,114.33999633789062,115.23999786376953,113.62999725341797,115.1500015258789,93.07817077636719,10174200.0
2018-09-05,115.0,115.69999694824219,114.25,114.58999633789062,92.62550354003906,11462400.0
2018-09-06,114.5,114.69999694824219,113.5,114.0999984741211,92.22943878173828,9877600.0
2018-09-07,114.5,114.7699966430664,113.62999725341797,114.31999969482422,92.40725708007812,10955600.0
2018-09-10,114.8499984741211,114.97000122070312,113.66000366210938,113.70999908447266,91.9141845703125,8276900.0
2018-09-11,113.54000091552734,114.58000183105469,113.18000030517578,114.43000030517578,92.4961929321289,9333800.0
2018-09-12,114.25,114.87999725341797,112.8499984741211,113.08000183105469,91.40495300292969,10800800.0
2018-09-13,113.37000274658203,114.12999725341797,112.66999816894531,113.5199966430664,91.76060485839844,12470800.0
2018-09-14,113.80999755859375,114.48999786376953,113.2300033569336,113.5,91.74442291259766,10337900.0
2018-09-17,113.79000091552734,114.43000030517578,113.30000305175781,113.83999633789062,92.01925659179688,9561300.0
2018-09-18,114.33000183105469,114.66000366210938,113.55999755859375,114.30000305175781,92.39110565185547,7944200.0
2018-09-19,114.44000244140625,118.05999755859375,114.44000244140625,117.62000274658203,95.07473754882812,16052800.0
2018-09-20,118.5,119.23999786376953,118.08000183105469,118.62999725341797,95.89112091064453,15590000.0
2018-09-21,119.12999725341797,119.2300033569336,117.73999786376953,117.8499984741211,95.2606430053711,24788200.0
2018-09-24,117.76000213623047,118.45999908447266,116.43000030517578,116.72000122070312,94.34725189208984,12492500.0
2018-09-25,117.04000091552734,117.97000122070312,116.31999969482422,116.38999938964844,94.08050537109375,9308300.0
2018-09-26,116.75,116.87000274658203,114.66000366210938,115.0199966430664,92.97309112548828,14023600.0
2018-09-27,115.41999816894531,115.76000213623047,114.16000366210938,114.5199966430664,92.56892395019531,13283000.0
2018-09-28,113.6500015258789,114.23999786376953,112.5199966430664,112.83999633789062,91.2109375,15815100.0
2018-10-01,113.37000274658203,114.61000061035156,113.04000091552734,113.5,91.74442291259766,10146300.0
2018-10-02,113.36000061035156,114.12000274658203,112.80999755859375,113.97000122070312,92.12437438964844,13753100.0
2018-10-03,114.94000244140625,115.66000366210938,114.4800033569336,115.04000091552734,92.98927307128906,17142000.0
2018-10-04,114.55000305175781,116.80999755859375,114.20999908447266,115.2699966430664,93.82762908935547,16357400.0
2018-10-05,115.83000183105469,116.0999984741211,114.0199966430664,114.62000274658203,93.2985610961914,13777600.0
2018-10-08,114.25,115.77999877929688,113.3499984741211,115.31999969482422,93.86835479736328,14370900.0
2018-10-09,114.66999816894531,115.02999877929688,113.66999816894531,114.5199966430664,93.21715545654297,14069500.0
2018-10-10,114.69999694824219,114.94999694824219,111.47000122070312,111.47000122070312,90.7345199584961,23086400.0
2018-10-11,110.97000122070312,111.47000122070312,107.37999725341797,108.12999725341797,88.01583099365234,33705600.0
2018-10-12,110.37000274658203,110.83000183105469,105.5999984741211,106.94999694824219,87.05531311035156,32075700.0
2018-10-15,107.19999694824219,108.8499984741211,106.31999969482422,106.33999633789062,86.5588150024414,18903200.0
2018-10-16,107.16000366210938,108.77999877929688,106.7300033569336,108.62000274658203,88.41468811035156,19302800.0
2018-10-17,108.37999725341797,110.80000305175781,108.2300033569336,109.83000183105469,89.39959716796875,18794500.0
2018-10-18,109.0199966430664,109.83999633789062,107.80999755859375,108.08999633789062,87.98326873779297,17582500.0
2018-10-19,107.6500015258789,109.22000122070312,107.2699966430664,107.91000366210938,87.83675384521484,15234500.0
2018-10-22,108.1500015258789,108.33999633789062,106.11000061035156,106.36000061035156,86.5750961303711,16199100.0
2018-10-23,104.19999694824219,106.16000366210938,103.69999694824219,105.25,85.67156982421875,21407500.0
2018-10-24,104.76000213623047,105.02999877929688,102.91000366210938,103.29000091552734,84.07615661621094,23168900.0
2018-10-25,104.18000030517578,105.9000015258789,103.72000122070312,104.86000061035156,85.35409545898438,17464700.0
2018-10-26,104.0,104.55999755859375,102.7300033569336,103.41999816894531,84.18196868896484,19174900.0
2018-10-29,104.45999908447266,106.62999725341797,103.69999694824219,104.8499984741211,85.345947265625,18445200.0
2018-10-30,105.70999908447266,106.9800033569336,104.86000061035156,106.69999694824219,86.8518295288086,18019700.0
2018-10-31,108.08000183105469,110.4800033569336,107.79000091552734,109.0199966430664,88.74026489257812,20860000.0
2018-11-01,109.62000274658203,110.22000122070312,108.31999969482422,108.9800033569336,88.70772552490234,13065000.0
2018-11-02,109.9000015258789,110.80999755859375,107.48999786376953,108.37999725341797,88.21931457519531,19009200.0
2018-11-05,108.61000061035156,109.29000091552734,108.41999816894531,109.08999633789062,88.79725646972656,10276400.0
2018-11-06,108.66999816894531,109.66999816894531,107.76000213623047,109.5999984741211,89.21239471435547,10825000.0
2018-11-07,110.37000274658203,111.7300033569336,109.3499984741211,111.4800033569336,90.74263763427734,12679600.0
2018-11-08,111.01000213623047,112.93000030517578,111.0,112.37999725341797,91.47525024414062,11662500.0
2018-11-09,112.2300033569336,112.36000061035156,110.83000183105469,111.29000091552734,90.58802032470703,10432200.0
2018-11-12,111.41999816894531,111.94000244140625,108.5999984741211,108.94999694824219,88.68328857421875,13279700.0
2018-11-13,109.0999984741211,111.12000274658203,109.0999984741211,109.58999633789062,89.20425415039062,13746100.0
2018-11-14,110.2300033569336,110.70999908447266,105.9800033569336,107.33000183105469,87.36463928222656,18361400.0
2018-11-15,108.23999786376953,110.08000183105469,106.80999755859375,110.06999969482422,89.5949478149414,19100000.0
2018-11-16,109.44999694824219,110.76000213623047,108.55000305175781,109.98999786376953,89.52983093261719,13798600.0
2018-11-19,109.95999908447266,111.19999694824219,109.52999877929688,110.83000183105469,90.21357727050781,13987000.0
2018-11-20,109.77999877929688,110.48999786376953,107.9800033569336,108.44999694824219,88.27631378173828,18936200.0
2018-11-21,109.02999877929688,109.61000061035156,107.63999938964844,107.63999938964844,87.6169662475586,10619600.0
2018-11-22,109.02999877929688,109.61000061035156,107.63999938964844,107.63999938964844,87.6169662475586,10619600.0
2018-11-23,106.73999786376953,107.38999938964844,106.05999755859375,106.6500015258789,86.81114196777344,6488400.0
2018-11-26,107.72000122070312,109.9800033569336,107.44999694824219,109.26000213623047,88.93563842773438,13948300.0
2018-11-27,108.76000213623047,110.02999877929688,108.62999725341797,109.72000122070312,89.31007385253906,9238200.0
2018-11-28,109.80000305175781,111.4000015258789,108.87000274658203,110.94000244140625,90.30313110351562,13977300.0
2018-11-29,110.2699966430664,110.80000305175781,109.63999938964844,110.05999755859375,89.58679962158203,11144300.0
2018-11-30,109.8499984741211,111.31999969482422,109.58000183105469,111.19000244140625,90.50663757324219,18652700.0
2018-12-03,112.37999725341797,112.88999938964844,111.73999786376953,112.23999786376953,91.36128234863281,16034500.0
2018-12-04,111.5999984741211,111.5999984741211,106.7300033569336,107.2300033569336,87.28324127197266,23555900.0
2018-12-05,111.5999984741211,111.5999984741211,106.7300033569336,107.2300033569336,87.28324127197266,23555900.0
2018-12-06,105.01000213623047,105.36000061035156,102.87999725341797,105.19000244140625,85.6227035522461,27213900.0
2018-12-07,105.16000366210938,106.9800033569336,102.91000366210938,103.29000091552734,84.07615661621094,19248600.0
2018-12-10,102.87000274658203,103.48999786376953,99.27999877929688,101.36000061035156,82.50519561767578,23636400.0
2018-12-11,103.12999725341797,103.66000366210938,100.20999908447266,100.37000274658203,81.69933319091797,16860700.0
2018-12-12,101.66000366210938,102.9000015258789,100.05999755859375,101.0199966430664,82.2284164428711,22621500.0
2018-12-13,101.55000305175781,101.97000122070312,100.66999816894531,101.12000274658203,82.309814453125,17250900.0
2018-12-14,99.98999786376953,101.94000244140625,99.86000061035156,100.29000091552734,81.63420867919922,19879500.0
2018-12-17,99.7699966430664,100.55999755859375,98.44000244140625,99.01000213623047,80.59229278564453,25113500.0
2018-12-18,99.41999816894531,100.88999938964844,98.12000274658203,98.54000091552734,80.20974731445312,20837200.0
2018-12-19,98.41000366210938,100.58000183105469,96.5999984741211,97.29000091552734,79.1922836303711,28767900.0
2018-12-20,96.61000061035156,98.27999877929688,95.69000244140625,96.44999694824219,78.50852966308594,31825200.0
2018-12-21,96.68000030517578,98.43000030517578,93.69000244140625,94.16999816894531,76.65265655517578,41313900.0
2018-12-24,92.88999938964844,94.22000122070312,92.13999938964844,92.13999938964844,75.0002670288086,17009300.0
2018-12-25,92.88999938964844,94.22000122070312,92.13999938964844,92.13999938964844,75.0002670288086,17009300.0
2018-12-26,92.69000244140625,95.95999908447266,91.11000061035156,95.95999908447266,78.10967254638672,22542900.0
2018-12-27,94.81999969482422,97.1500015258789,93.55000305175781,97.04000091552734,78.98878479003906,20304700.0
2018-12-28,97.94999694824219,98.31999969482422,96.44000244140625,96.83000183105469,78.8178482055664,17963300.0
2018-12-31,97.58999633789062,98.80999755859375,96.7699966430664,97.62000274658203,79.46088409423828,13237200.0
2019-01-01,97.58999633789062,98.80999755859375,96.7699966430664,97.62000274658203,79.46088409423828,13237200.0
2019-01-02,95.94999694824219,99.77999877929688,95.94000244140625,99.30999755859375,80.8365249633789,15670900.0
2019-01-03,98.63999938964844,98.88999938964844,96.69000244140625,97.11000061035156,79.68766784667969,16286400.0
2019-01-04,99.11000061035156,100.93000030517578,98.27999877929688,100.69000244140625,82.62541961669922,16935200.0
2019-01-07,100.43000030517578,101.47000122070312,99.70999908447266,100.76000213623047,82.6828384399414,15430700.0
2019-01-08,101.62999725341797,101.81999969482422,99.55000305175781,100.56999969482422,82.52693939208984,13578800.0
2019-01-09,100.80999755859375,101.48999786376953,99.93000030517578,100.4000015258789,82.38744354248047,14230300.0
2019-01-10,100.0199966430664,100.7300033569336,99.2699966430664,100.38999938964844,82.37921905517578,14376100.0
2019-01-11,99.88999938964844,100.16999816894531,98.94999694824219,99.91000366210938,81.98533630371094,15439900.0
2019-01-14,98.87000274658203,101.36000061035156,98.66000366210938,100.94000244140625,82.83055877685547,21258500.0
2019-01-15,98.88999938964844,102.47000122070312,98.5999984741211,101.68000030517578,83.43777465820312,26504900.0
2019-01-16,102.25,103.44999694824219,101.80000305175781,102.5,84.11067199707031,18533000.0
2019-01-17,102.11000061035156,103.5,101.91999816894531,102.91999816894531,84.45533752441406,14247600.0
2019-01-18,103.7699966430664,104.9000015258789,102.83000183105469,104.58999633789062,85.82569885253906,16428700.0
2019-01-21,103.7699966430664,104.9000015258789,102.83000183105469,104.58999633789062,85.82569885253906,16428700.0
2019-01-22,103.08000183105469,103.58999633789062,102.12999725341797,102.94000244140625,84.47174835205078,17083700.0
2019-01-23,103.44000244140625,103.69999694824219,101.97000122070312,102.68000030517578,84.25839233398438,12146700.0
2019-01-24,102.12999725341797,103.08999633789062,101.94000244140625,102.73999786376953,84.30762481689453,11296800.0
2019-01-25,103.51000213623047,104.30999755859375,102.73999786376953,103.38999938964844,84.84098815917969,14369400.0
2019-01-28,102.88999938964844,104.23999786376953,102.58999633789062,103.87999725341797,85.24309539794922,12283100.0
2019-01-29,103.87999725341797,105.11000061035156,103.7300033569336,104.16999816894531,85.48107147216797,9743300.0
2019-01-30,104.13999938964844,105.23999786376953,103.77999877929688,104.41000366210938,85.67799377441406,12526300.0
2019-01-31,103.41000366210938,103.80000305175781,102.7300033569336,103.5,84.93125915527344,17520600.0
2019-02-01,104.0,104.8499984741211,103.5199966430664,103.87999725341797,85.24309539794922,13000800.0
2019-02-04,103.79000091552734,104.25,103.01000213623047,104.25,85.54670715332031,9871500.0
2019-02-05,104.5199966430664,104.55000305175781,103.29000091552734,103.79000091552734,85.16924285888672,12763000.0
2019-02-06,103.70999908447266,104.62000274658203,103.47000122070312,103.73999786376953,85.12821960449219,8745000.0
2019-02-07,103.25,103.5,101.44000244140625,102.37999725341797,84.01217651367188,13177500.0
2019-02-08,102.08000183105469,102.33999633789062,100.05999755859375,101.36000061035156,83.17520904541016,12892600.0
2019-02-11,101.76000213623047,102.01000213623047,100.7699966430664,100.87999725341797,82.78130340576172,10978500.0
2019-02-12,101.94999694824219,102.91999816894531,101.88999938964844,102.5999984741211,84.1927261352539,12852300.0
2019-02-13,102.9000015258789,103.8499984741211,102.9000015258789,103.08999633789062,84.5948257446289,10754100.0
2019-02-14,102.47000122070312,103.0999984741211,101.3499984741211,102.41999816894531,84.0450210571289,11518500.0
2019-02-15,103.9000015258789,105.69999694824219,103.66000366210938,105.55000305175781,86.61347961425781,14716900.0
2019-02-18,103.9000015258789,105.69999694824219,103.66000366210938,105.55000305175781,86.61347961425781,14716900.0
2019-02-19,104.91000366210938,105.37000274658203,103.80999755859375,105.18000030517578,86.30985260009766,12764900.0
2019-02-20,105.20999908447266,105.80000305175781,104.87999725341797,105.69000244140625,86.72834014892578,10030300.0
2019-02-21,105.44999694824219,105.98999786376953,104.95999908447266,105.47000122070312,86.5478286743164,8400100.0
2019-02-22,105.69999694824219,106.08999633789062,104.77999877929688,105.0,86.16214752197266,10647300.0
2019-02-25,105.75,107.2699966430664,105.69000244140625,106.0999984741211,87.06481170654297,11230700.0
2019-02-26,104.5,105.47000122070312,103.94000244140625,105.29000091552734,86.40011596679688,15465400.0
2019-02-27,105.18000030517578,105.37999725341797,104.51000213623047,105.16000366210938,86.29344940185547,9968800.0
2019-02-28,105.01000213623047,105.20999908447266,104.18000030517578,104.36000061035156,85.636962890625,15156900.0
2019-03-01,105.0999984741211,105.91000366210938,104.19999694824219,104.43000030517578,85.69442749023438,13813300.0
2019-03-04,104.91999816894531,105.91999816894531,103.2699966430664,104.19000244140625,85.49747467041016,12466300.0
2019-03-05,104.12999725341797,104.55000305175781,103.26000213623047,104.11000061035156,85.43181610107422,10856600.0
2019-03-06,103.86000061035156,104.56999969482422,103.55000305175781,103.72000122070312,85.1117935180664,9070800.0
2019-03-07,103.25,103.47000122070312,102.16000366210938,102.97000122070312,84.4963607788086,12705700.0
2019-03-08,101.98999786376953,103.2300033569336,101.98999786376953,103.01000213623047,84.52919006347656,10582400.0
2019-03-11,103.9800033569336,104.55000305175781,103.66000366210938,104.3499984741211,85.62876892089844,9763200.0
2019-03-12,104.58999633789062,104.79000091552734,103.75,104.04000091552734,85.3743896484375,10219100.0
2019-03-13,104.19000244140625,104.9800033569336,103.94999694824219,104.38999938964844,85.66158294677734,13022200.0
2019-03-14,104.5,105.87000274658203,104.45999908447266,105.33999633789062,86.44115447998047,10926500.0
2019-03-15,105.41000366210938,106.80000305175781,105.2300033569336,106.55000305175781,87.43407440185547,24811700.0
2019-03-18,106.55000305175781,107.79000091552734,106.5,107.19000244140625,87.95923614501953,12935500.0
2019-03-19,108.19999694824219,108.4000015258789,106.55000305175781,106.80000305175781,87.63921356201172,12889300.0
2019-03-20,106.43000030517578,106.6500015258789,104.41000366210938,104.5199966430664,85.76824951171875,14920700.0
2019-03-21,103.48999786376953,103.48999786376953,102.27999877929688,102.87000274658203,84.41429901123047,19751000.0
2019-03-22,101.81999969482422,102.31999969482422,99.5199966430664,99.76000213623047,81.86226654052734,31115200.0
2019-03-25,99.58999633789062,100.56999969482422,98.08999633789062,98.93000030517578,81.18115997314453,21032300.0
2019-03-26,99.81999969482422,100.4000015258789,98.81999969482422,99.91999816894531,81.99353790283203,15987100.0
2019-03-27,99.87999725341797,100.44999694824219,99.08000183105469,99.58000183105469,81.71454620361328,12753200.0
2019-03-28,100.0,100.80000305175781,99.73999786376953,100.70999908447266,82.64183044433594,12454100.0
2019-03-29,101.54000091552734,101.98999786376953,100.58999633789062,101.2300033569336,83.06853485107422,14523400.0
2019-04-01,102.1500015258789,104.68000030517578,102.12000274658203,104.63999938964844,85.86673736572266,17499300.0
2019-04-02,104.5999984741211,105.44000244140625,104.33000183105469,105.13999938964844,86.27703094482422,10295400.0
2019-04-03,105.80999755859375,106.36000061035156,104.79000091552734,105.3499984741211,86.44935607910156,11499200.0
2019-04-04,104.55000305175781,105.7300033569336,104.44999694824219,105.55999755859375,87.28447723388672,11952100.0
2019-04-05,105.80000305175781,106.11000061035156,104.98999786376953,105.30999755859375,87.0777587890625,9933700.0
2019-04-08,105.11000061035156,105.6500015258789,104.91000366210938,105.6500015258789,87.35890197753906,8056300.0
2019-04-09,105.08000183105469,105.19999694824219,104.25,104.87000274658203,86.71395874023438,9092200.0
2019-04-10,105.12999725341797,105.72000122070312,104.47000122070312,105.33999633789062,87.10260009765625,10882300.0
2019-04-11,105.70999908447266,106.7300033569336,105.55999755859375,106.2300033569336,87.8385009765625,11183800.0
2019-04-12,109.44000244140625,111.8499984741211,108.87999725341797,111.20999908447266,91.95630645751953,25834100.0
2019-04-15,110.91999816894531,111.0,109.12000274658203,109.94000244140625,90.9062271118164,15163800.0
2019-04-16,109.9000015258789,111.38999938964844,109.86000061035156,111.0999984741211,91.86534118652344,11583200.0
2019-04-17,111.69999694824219,114.66000366210938,111.01000213623047,114.30000305175781,94.5113525390625,17791900.0
2019-04-18,114.52999877929688,114.94999694824219,113.33000183105469,113.45999908447266,93.81678009033203,12501900.0
2019-04-19,114.52999877929688,114.94999694824219,113.33000183105469,113.45999908447266,93.81678009033203,12501900.0
2019-04-22,112.83000183105469,113.93000030517578,112.66000366210938,113.5999984741211,93.93254089355469,7975900.0
2019-04-23,113.0,114.37000274658203,112.8499984741211,113.73999786376953,94.04829406738281,9193100.0
2019-04-24,113.26000213623047,114.1500015258789,112.80999755859375,113.55000305175781,93.89120483398438,9245700.0
2019-04-25,113.01000213623047,114.1500015258789,112.5,113.61000061035156,93.9408187866211,9311800.0
2019-04-26,113.94999694824219,114.58000183105469,113.5999984741211,114.47000122070312,94.65190124511719,7889300.0
2019-04-29,114.5999984741211,117.16000366210938,114.44999694824219,116.12000274658203,96.01627349853516,14242200.0
2019-04-30,116.43000030517578,116.72000122070312,115.26000213623047,116.05000305175781,95.9583740234375,11389100.0
2019-05-01,115.72000122070312,117.0,115.11000061035156,115.16000366210938,95.22245788574219,10412900.0
2019-05-02,115.16999816894531,115.77999877929688,114.58000183105469,115.41000366210938,95.42916870117188,8613300.0
2019-05-03,116.0,116.68000030517578,115.66999816894531,116.12000274658203,96.01627349853516,8185400.0
2019-05-06,114.18000030517578,115.47000122070312,113.72000122070312,115.08999633789062,95.16458129882812,9387000.0
2019-05-07,114.02999877929688,114.02999877929688,112.29000091552734,113.20999908447266,93.61006164550781,15017700.0
2019-05-08,112.66000366210938,113.66999816894531,112.45999908447266,112.61000061035156,93.11392974853516,9575800.0
2019-05-09,111.13999938964844,112.73999786376953,110.58000183105469,112.5199966430664,93.03951263427734,12205900.0
2019-05-10,111.75,112.83999633789062,110.54000091552734,112.51000213623047,93.03125,13189000.0
2019-05-13,110.08000183105469,110.44999694824219,108.9800033569336,109.44999694824219,90.50102996826172,13783700.0
2019-05-14,109.55000305175781,111.72000122070312,109.5,110.31999969482422,91.22041320800781,10503600.0
2019-05-15,109.20999908447266,110.9000015258789,108.61000061035156,109.9000015258789,90.87312316894531,10142000.0
2019-05-16,110.62000274658203,112.16999816894531,110.58999633789062,111.30999755859375,92.03900146484375,9672700.0
2019-05-17,110.0,111.75,109.83000183105469,110.7699966430664,91.5925064086914,9570100.0
2019-05-20,110.58000183105469,111.80999755859375,110.37000274658203,111.3499984741211,92.07205200195312,8518200.0
2019-05-21,111.44000244140625,111.91999816894531,111.22000122070312,111.7300033569336,92.38630676269531,7967900.0
2019-05-22,111.4000015258789,111.79000091552734,110.75,110.81999969482422,91.63383483886719,7918900.0
2019-05-23,109.63999938964844,109.79000091552734,107.5,108.63999938964844,89.83128356933594,14558000.0
2019-05-24,109.5199966430664,109.95999908447266,109.19000244140625,109.70999908447266,90.71601867675781,8537300.0
2019-05-27,109.5199966430664,109.95999908447266,109.19000244140625,109.70999908447266,90.71601867675781,8537300.0
2019-05-28,109.19999694824219,109.83000183105469,108.44000244140625,108.5199966430664,89.7320327758789,11665500.0
2019-05-29,107.44999694824219,108.4000015258789,107.05999755859375,108.22000122070312,89.48397064208984,9966400.0
2019-05-30,108.6500015258789,109.18000030517578,106.54000091552734,107.05999755859375,88.5248031616211,10367800.0
2019-05-31,105.55999755859375,106.58999633789062,104.83999633789062,105.95999908447266,87.6152572631836,10952800.0
2019-06-03,105.80000305175781,106.86000061035156,105.30000305175781,106.45999908447266,88.02867126464844,11680700.0
2019-06-04,107.8499984741211,109.9000015258789,107.12999725341797,109.73999786376953,90.74082946777344,12858600.0
2019-06-05,109.86000061035156,110.37999725341797,108.63999938964844,110.12999725341797,91.06330871582031,8340500.0
2019-06-06,110.1500015258789,110.87000274658203,108.93000030517578,110.37000274658203,91.26174926757812,8726700.0
2019-06-07,109.69999694824219,110.0199966430664,108.95999908447266,109.16000366210938,90.26123046875,10618900.0
2019-06-10,110.75,111.20999908447266,110.22000122070312,110.33999633789062,91.23693084716797,11380600.0
2019-06-11,110.81999969482422,111.56999969482422,110.37000274658203,110.68000030517578,91.51809692382812,9847700.0
2019-06-12,110.69999694824219,110.9000015258789,108.88999938964844,109.2699966430664,90.35216522216797,9670500.0
2019-06-13,109.45999908447266,110.16000366210938,109.05000305175781,109.54000091552734,90.57545471191406,8406900.0
2019-06-14,109.56999969482422,110.30000305175781,108.62999725341797,109.81999969482422,90.80696105957031,9077400.0
2019-06-17,109.69999694824219,110.37000274658203,109.05999755859375,109.22000122070312,90.31085205078125,8128600.0
2019-06-18,109.01000213623047,111.41000366210938,108.9800033569336,110.70999908447266,91.54290771484375,11057300.0
2019-06-19,110.81999969482422,111.58999633789062,109.69999694824219,109.91000366210938,90.88140106201172,13126500.0
2019-06-20,110.87999725341797,111.08999633789062,109.02999877929688,110.19000244140625,91.1129150390625,13638000.0
2019-06-21,110.19000244140625,111.66999816894531,109.08999633789062,109.44000244140625,90.49273681640625,27089500.0
2019-06-24,109.27999877929688,109.7699966430664,108.54000091552734,108.66000366210938,89.84780883789062,13039600.0
2019-06-25,108.68000030517578,108.9800033569336,107.66999816894531,107.76000213623047,89.10363006591797,18660100.0
2019-06-26,108.30000305175781,109.30999755859375,108.16000366210938,108.4800033569336,89.698974609375,10324600.0
2019-06-27,108.83999633789062,109.55000305175781,108.44000244140625,108.83999633789062,89.99662780761719,10906600.0
2019-06-28,111.04000091552734,112.43000030517578,110.9000015258789,111.80000305175781,92.4441909790039,21634700.0
2019-07-01,113.2300033569336,114.5199966430664,113.08000183105469,113.68000030517578,93.99870300292969,12724500.0
2019-07-02,113.51000213623047,114.19999694824219,113.22000122070312,113.80000305175781,94.09790802001953,10174900.0
2019-07-03,113.33999633789062,113.87000274658203,112.26000213623047,112.81999969482422,93.94802856445312,6849400.0
2019-07-04,113.33999633789062,113.87000274658203,112.26000213623047,112.81999969482422,93.94802856445312,6849400.0
2019-07-05,113.51000213623047,114.2699966430664,112.91999816894531,113.48999786376953,94.50595092773438,7929400.0
2019-07-08,112.95999908447266,113.4800033569336,112.5,112.87000274658203,93.98965454101562,6917200.0
2019-07-09,112.27999877929688,113.48999786376953,112.1500015258789,113.3499984741211,94.3893814086914,8947300.0
2019-07-10,113.37000274658203,113.83000183105469,112.73999786376953,113.0199966430664,94.11456298828125,9242300.0
2019-07-11,113.37000274658203,114.36000061035156,113.12000274658203,114.0999984741211,95.01388549804688,11595200.0
2019-07-12,114.12999725341797,115.3499984741211,113.93000030517578,115.30000305175781,96.01319122314453,10783400.0
2019-07-15,115.54000091552734,115.56999969482422,113.52999877929688,113.9000015258789,94.84736633300781,12946600.0
2019-07-16,113.4800033569336,115.5,112.91999816894531,115.12000274658203,95.86329650878906,16945000.0
2019-07-17,114.43000030517578,114.94000244140625,113.7300033569336,113.98999786376953,94.92230987548828,13120900.0
2019-07-18,113.93000030517578,115.06999969482422,113.55000305175781,114.66999816894531,95.48856353759766,9397200.0
2019-07-19,114.88999938964844,115.12000274658203,113.4000015258789,113.54000091552734,94.54759979248047,10402800.0
2019-07-22,112.91000366210938,114.44999694824219,112.7699966430664,114.2699966430664,95.15547180175781,9061100.0
2019-07-23,114.87999725341797,116.44999694824219,114.81999969482422,116.36000061035156,96.89586639404297,12752200.0
2019-07-24,115.58000183105469,116.87999725341797,115.5199966430664,116.83000183105469,97.28726196289062,10011000.0
2019-07-25,116.88999938964844,117.23999786376953,115.31999969482422,115.70999908447266,96.35457611083984,10138400.0
2019-07-26,115.7699966430664,116.51000213623047,115.52999877929688,116.22000122070312,96.77928924560547,12800400.0
2019-07-29,116.45999908447266,117.18000030517578,115.79000091552734,115.8499984741211,96.47119140625,8500400.0
2019-07-30,115.19000244140625,116.08000183105469,114.76000213623047,115.58999633789062,96.25467681884766,7121100.0
2019-07-31,116.0999984741211,116.18000030517578,114.86000061035156,116.0,96.59608459472656,13648000.0
2019-08-01,115.33000183105469,116.80000305175781,112.5999984741211,112.94000244140625,94.0479507446289,15664500.0
2019-08-02,112.4000015258789,113.43000030517578,111.4000015258789,112.93000030517578,94.03964233398438,11025500.0
2019-08-05,110.79000091552734,110.9800033569336,108.2699966430664,109.56999969482422,91.24169158935547,15855300.0
2019-08-06,110.05000305175781,110.5,108.33999633789062,110.43000030517578,91.95781707763672,10203500.0
2019-08-07,108.0,108.27999877929688,105.94000244140625,108.02999877929688,89.95926666259766,17320900.0
2019-08-08,109.05000305175781,110.08000183105469,108.72000122070312,109.86000061035156,91.483154296875,10903300.0
2019-08-09,109.3499984741211,110.44999694824219,108.29000091552734,109.73999786376953,91.38322448730469,9980800.0
2019-08-12,108.44000244140625,108.51000213623047,107.20999908447266,107.68000030517578,89.66780090332031,9393700.0
2019-08-13,107.94999694824219,110.33000183105469,107.02999877929688,109.33999633789062,91.05014038085938,12124700.0
2019-08-14,106.30000305175781,106.91000366210938,104.44999694824219,104.80000305175781,87.26957702636719,19491800.0
2019-08-15,104.81999969482422,106.37999725341797,104.33999633789062,105.19999694824219,87.60264587402344,13365600.0
2019-08-16,106.37000274658203,107.9800033569336,105.87000274658203,107.72000122070312,89.70112609863281,11830600.0
2019-08-19,109.62999725341797,109.75,108.41999816894531,108.69000244140625,90.50888061523438,8265400.0
2019-08-20,107.8499984741211,108.44000244140625,107.23999786376953,107.30999755859375,89.35971069335938,8374000.0
2019-08-21,108.20999908447266,108.43000030517578,107.44999694824219,107.61000061035156,89.60952758789062,8189300.0
2019-08-22,108.37000274658203,109.2699966430664,107.93000030517578,108.72000122070312,90.53385925292969,9343400.0
2019-08-23,108.0,108.77999877929688,105.11000061035156,106.0199966430664,88.28550720214844,14762300.0
2019-08-26,106.62000274658203,106.98999786376953,106.01000213623047,106.87000274658203,88.99332427978516,8209500.0
2019-08-27,107.3499984741211,107.55999755859375,104.83999633789062,105.73999786376953,88.05233001708984,14331800.0
2019-08-28,105.08000183105469,107.20999908447266,105.04000091552734,106.80000305175781,88.93502807617188,10585500.0
2019-08-29,108.13999938964844,109.88999938964844,108.0199966430664,109.22000122070312,90.95023345947266,10002200.0
2019-08-30,109.83999633789062,110.55999755859375,109.47000122070312,109.86000061035156,91.483154296875,10170300.0
2019-09-02,109.83999633789062,110.55999755859375,109.47000122070312,109.86000061035156,91.483154296875,10170300.0
2019-09-03,108.9800033569336,108.98999786376953,107.31999969482422,108.55999755859375,90.40061950683594,9868800.0
2019-09-04,109.44999694824219,110.22000122070312,108.55999755859375,109.87000274658203,91.4914779663086,6929200.0
2019-09-05,111.25,113.72000122070312,111.19999694824219,112.37000274658203,93.57328033447266,13224700.0
2019-09-06,112.66000366210938,112.9800033569336,111.95999908447266,112.61000061035156,93.77315521240234,7836600.0
2019-09-09,113.70999908447266,116.05999755859375,113.5999984741211,115.4000015258789,96.09645080566406,13985100.0
2019-09-10,116.30000305175781,117.2699966430664,115.7300033569336,116.87000274658203,97.32057189941406,14333100.0
2019-09-11,116.88999938964844,117.19999694824219,115.37999725341797,117.19000244140625,97.58702087402344,9919200.0
2019-09-12,116.55000305175781,118.47000122070312,115.91999816894531,117.91000366210938,98.18660736083984,12283500.0
2019-09-13,119.0,120.4000015258789,118.75,120.2300033569336,100.11852264404297,16257200.0
2019-09-16,118.9000015258789,119.87000274658203,118.37999725341797,119.16000366210938,99.22750854492188,11993900.0
2019-09-17,118.41999816894531,118.61000061035156,117.23999786376953,118.56999969482422,98.73619079589844,10735400.0
2019-09-18,118.31999969482422,120.08000183105469,117.75,119.76000213623047,99.72713470458984,10665600.0
2019-09-19,119.69999694824219,120.33999633789062,119.08999633789062,119.37999725341797,99.41067504882812,9382600.0
2019-09-20,119.73999786376953,120.33999633789062,118.87000274658203,118.9000015258789,99.01101684570312,21862800.0
2019-09-23,117.77999877929688,119.12000274658203,117.68000030517578,118.87999725341797,98.99433898925781,9135100.0
2019-09-24,118.75,119.26000213623047,117.04000091552734,117.33000183105469,97.70360565185547,11696500.0
2019-09-25,117.2699966430664,118.36000061035156,117.12000274658203,118.0,98.26154327392578,9389400.0
2019-09-26,117.87999725341797,118.05000305175781,116.94999694824219,117.02999877929688,97.45379638671875,9899200.0
2019-09-27,117.95999908447266,118.63999938964844,117.27999877929688,117.72000122070312,98.02838134765625,10207800.0
2019-09-30,118.36000061035156,118.7699966430664,117.22000122070312,117.69000244140625,98.00341796875,9755000.0
2019-10-01,118.4000015258789,119.0,115.41000366210938,115.55000305175781,96.22137451171875,11250300.0
2019-10-02,114.80999755859375,114.9000015258789,112.93000030517578,113.25,94.30609893798828,12548700.0
2019-10-03,112.2699966430664,112.91000366210938,110.5199966430664,112.19000244140625,94.1717758178711,12735200.0
2019-10-04,112.33999633789062,114.94000244140625,112.2699966430664,114.62000274658203,96.21151733398438,9453100.0
2019-10-07,114.19000244140625,115.5,114.06999969482422,114.37000274658203,96.00169372558594,6771600.0
2019-10-08,113.05999755859375,113.05999755859375,111.66000366210938,111.81999969482422,93.86121368408203,10806300.0
2019-10-09,112.66999816894531,113.16000366210938,112.06999969482422,112.62999725341797,94.54112243652344,7273700.0
2019-10-10,113.13999938964844,115.4000015258789,113.0,114.20999908447266,95.86737060546875,10994100.0
2019-10-11,116.02999877929688,117.98999786376953,115.87000274658203,116.13999938964844,97.48741149902344,15076500.0
2019-10-14,115.8499984741211,116.87000274658203,115.66000366210938,116.44999694824219,97.74763488769531,8779000.0
2019-10-15,118.8499984741211,121.58999633789062,117.87000274658203,119.95999908447266,100.69390869140625,23379000.0
2019-10-16,119.95999908447266,120.62000274658203,119.37999725341797,119.68000030517578,100.45886993408203,11087700.0
2019-10-17,120.75,121.56999969482422,119.87999725341797,120.3499984741211,101.02127075195312,10818500.0
2019-10-18,120.0,121.0199966430664,119.86000061035156,120.55999755859375,101.1975326538086,10417400.0
2019-10-21,122.05000305175781,123.7699966430664,121.98999786376953,123.55000305175781,103.70733642578125,12714600.0
2019-10-22,123.44999694824219,125.0999984741211,123.12000274658203,124.79000091552734,104.74816131591797,12549100.0
2019-10-23,124.19999694824219,125.1500015258789,124.16999816894531,125.12000274658203,105.0251693725586,8828300.0
2019-10-24,125.29000091552734,125.66000366210938,124.06999969482422,125.02999877929688,104.94964599609375,8020500.0
2019-10-25,125.0,126.6500015258789,124.75,126.02999877929688,105.7890396118164,9055700.0
2019-10-28,126.56999969482422,127.20999908447266,126.4000015258789,126.51000213623047,106.19196319580078,9522200.0
2019-10-29,126.05999755859375,127.41999816894531,125.94000244140625,126.43000030517578,106.12478637695312,9797300.0
2019-10-30,126.05000305175781,126.26000213623047,124.91999816894531,125.7300033569336,105.53719329833984,8513700.0
2019-10-31,125.48999786376953,125.7300033569336,123.86000061035156,124.91999816894531,104.8572998046875,11589100.0
2019-11-01,126.19999694824219,127.98999786376953,126.0199966430664,127.80000305175781,107.27476501464844,11682600.0
2019-11-04,129.0800018310547,129.4199981689453,128.55999755859375,128.82000732421875,108.13095092773438,9159900.0
2019-11-05,129.38999938964844,130.3000030517578,128.83999633789062,129.10000610351562,108.36599731445312,13747600.0
2019-11-06,128.69000244140625,129.83999633789062,128.5800018310547,129.3000030517578,108.53385925292969,11231100.0
2019-11-07,130.42999267578125,131.2899932861328,129.9199981689453,130.0,109.1214370727539,13528900.0
2019-11-08,129.8800048828125,130.39999389648438,129.25,130.3800048828125,109.44041442871094,9293400.0
2019-11-11,129.60000610351562,130.10000610351562,129.35000610351562,129.9199981689453,109.05429077148438,8679000.0
2019-11-12,129.6300048828125,130.6199951171875,129.00999450683594,129.16000366210938,108.41634368896484,9099000.0
2019-11-13,128.1300048828125,128.82000732421875,127.41999816894531,128.47999572753906,107.8455581665039,8023300.0
2019-11-14,127.72000122070312,128.83999633789062,127.58999633789062,128.60000610351562,107.9462890625,8483400.0
2019-11-15,129.22999572753906,129.52999877929688,128.39999389648438,129.52999877929688,108.72691345214844,10163600.0
2019-11-18,129.55999755859375,130.64999389648438,128.99000549316406,130.6199951171875,109.641845703125,8749300.0
2019-11-19,130.99000549316406,131.25,130.17999267578125,130.5800018310547,109.60830688476562,8824500.0
2019-11-20,130.3000030517578,130.6199951171875,128.94000244140625,129.6300048828125,108.81084442138672,11782800.0
2019-11-21,130.0,130.72000122070312,129.38999938964844,129.92999267578125,109.06267547607422,7705500.0
2019-11-22,130.14999389648438,131.22000122070312,130.10000610351562,130.7899932861328,109.78455352783203,8167900.0
2019-11-25,131.25,132.07000732421875,130.8699951171875,131.49000549316406,110.37215423583984,10068500.0
2019-11-26,131.82000732421875,131.82000732421875,130.36000061035156,131.6699981689453,110.52323150634766,10490700.0
2019-11-27,132.2899932861328,132.42999267578125,131.64999389648438,132.05999755859375,110.8505859375,6607900.0
2019-11-28,132.2899932861328,132.42999267578125,131.64999389648438,132.05999755859375,110.8505859375,6607900.0
2019-11-29,131.8699951171875,132.41000366210938,131.4499969482422,131.75999450683594,110.5987777709961,5712000.0
2019-12-02,132.30999755859375,132.74000549316406,131.35000610351562,131.47000122070312,110.3553466796875,8615600.0
2019-12-03,129.77000427246094,129.9600067138672,128.58999633789062,129.77999877929688,108.93675994873047,10361300.0
2019-12-04,130.3800048828125,132.47000122070312,129.99000549316406,132.33999633789062,111.08560943603516,10318200.0
2019-12-05,132.67999267578125,133.30999755859375,132.17999267578125,133.05999755859375,111.68995666503906,9587400.0
2019-12-06,134.69000244140625,135.77999877929688,134.64999389648438,135.0399932861328,113.35196685791016,10170600.0
2019-12-09,134.6300048828125,135.4600067138672,134.41000366210938,134.41000366210938,112.82318878173828,8498200.0
2019-12-10,133.25,134.77000427246094,132.8800048828125,134.5,112.89871215820312,7532900.0
2019-12-11,134.2899932861328,135.02000427246094,134.00999450683594,134.17999267578125,112.63008117675781,9011900.0
2019-12-12,134.49000549316406,138.47000122070312,134.2100067138672,138.02000427246094,115.8533706665039,13717400.0
2019-12-13,137.9499969482422,138.8300018310547,136.22000122070312,136.80999755859375,114.83772277832031,10592100.0
2019-12-16,138.3800048828125,138.83999633789062,137.32000732421875,137.33999633789062,115.28258514404297,11372000.0
2019-12-17,137.72999572753906,138.6699981689453,137.22999572753906,138.17999267578125,115.9876708984375,11546800.0
2019-12-18,138.14999389648438,139.02000427246094,137.72000122070312,138.0399932861328,115.87017822265625,10381500.0
2019-12-19,137.75999450683594,138.22000122070312,137.10000610351562,137.35000610351562,115.29096221923828,9350400.0
2019-12-20,138.02000427246094,138.8800048828125,136.89999389648438,137.24000549316406,115.19868469238281,29992600.0
2019-12-23,137.60000610351562,137.91000366210938,136.8800048828125,137.1999969482422,115.16508483886719,9738400.0
2019-12-24,137.3300018310547,137.6300048828125,137.05999755859375,137.5800018310547,115.4840316772461,3324300.0
2019-12-25,137.3300018310547,137.6300048828125,137.05999755859375,137.5800018310547,115.4840316772461,3324300.0
2019-12-26,137.88999938964844,139.10000610351562,137.77999877929688,139.0399932861328,116.70954132080078,6770900.0
2019-12-27,139.3000030517578,139.77000427246094,138.6699981689453,139.13999938964844,116.79351043701172,7868200.0
2019-12-30,139.89999389648438,140.0800018310547,138.47000122070312,138.6300048828125,116.36540985107422,6963000.0
2019-12-31,138.50999450683594,139.47999572753906,138.2899932861328,139.39999389648438,117.01173400878906,7201600.0
2020-01-01,138.50999450683594,139.47999572753906,138.2899932861328,139.39999389648438,117.01173400878906,7201600.0
2020-01-02,139.7899932861328,141.10000610351562,139.25999450683594,141.08999633789062,118.43034362792969,10803700.0
2020-01-03,137.5,139.22999572753906,137.0800018310547,138.33999633789062,116.8674545288086,10386800.0
2020-01-06,136.55999755859375,138.27000427246094,136.5,138.22999572753906,116.77455139160156,10259000.0
2020-01-07,137.27999877929688,137.86000061035156,135.82000732421875,135.8800048828125,114.78929138183594,10531300.0
2020-01-08,135.6999969482422,137.5800018310547,135.60000610351562,136.94000244140625,115.68477630615234,9695300.0
2020-01-09,138.0500030517578,138.22999572753906,137.0399932861328,137.44000244140625,116.1071548461914,9469000.0
2020-01-10,137.2100067138672,137.25,135.80999755859375,136.07000732421875,114.94979858398438,10190900.0
2020-01-13,136.19000244140625,137.1999969482422,135.75999450683594,137.1999969482422,115.90443420410156,12355200.0
2020-01-14,137.94000244140625,140.75999450683594,137.69000244140625,138.8000030517578,117.2560806274414,24906000.0
2020-01-15,137.85000610351562,138.60000610351562,136.14999389648438,136.72000122070312,115.49891662597656,16293400.0
2020-01-16,137.4499969482422,137.89999389648438,136.83999633789062,137.25,115.9466552734375,10783800.0
2020-01-17,137.5399932861328,138.2899932861328,137.32000732421875,138.1999969482422,116.74919128417969,14697700.0
2020-01-20,137.5399932861328,138.2899932861328,137.32000732421875,138.1999969482422,116.74919128417969,14697700.0
2020-01-21,137.19000244140625,138.07000732421875,136.69000244140625,136.83999633789062,115.60027313232422,8474200.0
2020-01-22,137.24000549316406,137.39999389648438,136.3800048828125,136.67999267578125,115.46512603759766,7549100.0
2020-01-23,135.7100067138672,136.74000549316406,134.72000122070312,136.5399932861328,115.34683990478516,9345700.0
2020-01-24,136.3699951171875,136.42999267578125,132.32000732421875,133.14999389648438,112.48304748535156,15166400.0
2020-01-27,130.27000427246094,132.94000244140625,129.7100067138672,132.02999877929688,111.53687286376953,12860500.0
2020-01-28,132.83999633789062,134.97000122070312,132.47999572753906,134.42999267578125,113.5643539428711,13062800.0
2020-01-29,134.80999755859375,135.5399932861328,133.69000244140625,134.22999572753906,113.39542388916016,9326000.0
2020-01-30,132.69000244140625,136.1300048828125,132.69000244140625,135.88999938964844,114.7977523803711,9048900.0
2020-01-31,134.49000549316406,134.8300018310547,131.47000122070312,132.36000061035156,111.81568145751953,12785200.0
2020-02-03,132.66000366210938,134.24000549316406,132.66000366210938,133.3699951171875,112.66890716552734,10021100.0
2020-02-04,135.5500030517578,136.60000610351562,135.0800018310547,135.2899932861328,114.29086303710938,9157100.0
2020-02-05,136.57000732421875,137.72999572753906,136.00999450683594,137.58999633789062,116.23388671875,10150700.0
2020-02-06,138.24000549316406,138.2899932861328,137.11000061035156,137.61000061035156,116.25077819824219,8992300.0
2020-02-07,136.72999572753906,137.6699981689453,136.3000030517578,137.1699981689453,115.87908935546875,6379800.0
2020-02-10,136.9499969482422,137.85000610351562,136.75,137.74000549316406,116.3606185913086,5960700.0
2020-02-11,138.25999450683594,138.82000732421875,137.77999877929688,138.0,116.58024597167969,6578600.0
2020-02-12,138.60000610351562,139.2899932861328,137.8000030517578,138.0,116.58024597167969,7958000.0
2020-02-13,137.75,138.33999633789062,136.39999389648438,137.8800048828125,116.47889709472656,7447500.0
2020-02-14,137.83999633789062,138.19000244140625,136.94000244140625,137.4600067138672,116.12405395507812,6627600.0
2020-02-17,137.83999633789062,138.19000244140625,136.94000244140625,137.4600067138672,116.12405395507812,6627600.0
2020-02-18,137.33999633789062,137.7100067138672,135.0500030517578,135.63999938964844,114.5865707397461,8996400.0
2020-02-19,136.91000366210938,138.38999938964844,136.33999633789062,137.49000549316406,116.1494369506836,7071200.0
2020-02-20,137.1699981689453,138.36000061035156,136.52999877929688,137.49000549316406,116.1494369506836,7422800.0
2020-02-21,136.5500030517578,136.9199981689453,134.9199981689453,135.80999755859375,114.73014831542969,9772800.0
2020-02-24,131.44000244140625,133.1999969482422,130.8000030517578,132.16000366210938,111.64671325683594,13618400.0
2020-02-25,131.0,132.22999572753906,125.58999633789062,126.26000213623047,106.66248321533203,20797200.0
2020-02-26,126.93000030517578,128.9499969482422,126.33999633789062,126.63999938964844,106.98351287841797,24825600.0
2020-02-27,122.91000366210938,125.62000274658203,121.30000305175781,121.37000274658203,102.53147888183594,23005500.0
2020-02-28,117.5199966430664,118.48999786376953,112.66000366210938,116.11000061035156,98.08790588378906,45931400.0
2020-03-02,116.62999725341797,121.58000183105469,114.45999908447266,121.5199966430664,102.65819549560547,27355400.0
2020-03-03,120.97000122070312,122.94999694824219,116.23999786376953,116.95999908447266,98.80597686767578,32547700.0
2020-03-04,118.33000183105469,120.19000244140625,114.69999694824219,119.8499984741211,101.2474136352539,25795900.0
2020-03-05,115.66999816894531,116.43000030517578,112.58000183105469,113.97000122070312,96.28008270263672,25025600.0
2020-03-06,106.26000213623047,110.31999969482422,105.0199966430664,108.08000183105469,91.30428314208984,38159400.0
2020-03-09,96.56999969482422,99.2300033569336,93.0,93.44000244140625,78.9366683959961,40352000.0
2020-03-10,99.0,101.27999877929688,94.58000183105469,100.69999694824219,85.06978607177734,31102700.0
2020-03-11,97.69999694824219,100.05000305175781,94.55000305175781,95.95999908447266,81.06552124023438,38127000.0
2020-03-12,89.58999633789062,96.95999908447266,86.31999969482422,88.05000305175781,74.38327026367188,49725200.0
2020-03-13,95.98999786376953,103.98999786376953,92.0,103.91000366210938,87.78155517578125,38543300.0
2020-03-16,85.19999694824219,93.9800033569336,84.55000305175781,88.36000061035156,74.64514923095703,38589700.0
2020-03-17,90.88999938964844,97.44000244140625,87.5,93.76000213623047,79.20699310302734,35239800.0
2020-03-18,87.66999816894531,90.79000091552734,80.36000061035156,83.88999938964844,70.86896514892578,41525600.0
2020-03-19,81.55999755859375,88.11000061035156,76.91000366210938,85.30000305175781,72.06011962890625,32175100.0
2020-03-20,86.30000305175781,89.45999908447266,82.4800033569336,83.5,70.53949737548828,30150800.0
2020-03-23,82.68000030517578,83.75,78.08999633789062,79.02999877929688,66.76332092285156,32536600.0
2020-03-24,84.9000015258789,90.0999984741211,82.9000015258789,88.43000030517578,74.70429229736328,34363200.0
2020-03-25,89.23999786376953,95.1500015258789,84.54000091552734,91.7300033569336,77.49208068847656,38111700.0
2020-03-26,94.08000183105469,98.56999969482422,93.54000091552734,98.12000274658203,82.89025115966797,29826300.0
2020-03-27,93.19000244140625,94.83999633789062,90.55000305175781,91.12999725341797,76.9852066040039,30041500.0
2020-03-30,90.6500015258789,94.08999633789062,89.30000305175781,93.5,78.98734283447266,21656900.0
2020-03-31,92.05000305175781,94.16999816894531,89.33999633789062,90.02999877929688,76.05594635009766,23379300.0
2020-04-01,85.0999984741211,86.55999755859375,83.25,84.36000061035156,71.2660140991211,28029600.0
2020-04-02,83.51000213623047,87.91000366210938,82.95999908447266,87.51000213623047,73.92707824707031,24018000.0
2020-04-03,86.0,87.4800033569336,82.7699966430664,84.05000305175781,71.74198913574219,21199400.0
2020-04-06,88.98999786376953,90.98999786376953,87.69999694824219,89.45999908447266,76.35974884033203,26820800.0
2020-04-07,94.44999694824219,94.5,90.37999725341797,90.63999938964844,77.36693572998047,22563800.0
2020-04-08,92.0999984741211,94.86000061035156,90.55000305175781,94.30000305175781,80.49099731445312,22903300.0
2020-04-09,96.91999816894531,104.38999938964844,96.88999938964844,102.76000213623047,87.71212768554688,42055900.0
2020-04-10,96.91999816894531,104.38999938964844,96.88999938964844,102.76000213623047,87.71212768554688,42055900.0
2020-04-13,103.11000061035156,103.11000061035156,97.30000305175781,98.19000244140625,83.81135559082031,26911900.0
2020-04-14,101.0199966430664,102.0,93.63999938964844,95.5,81.5152587890625,46151300.0
2020-04-15,91.1500015258789,92.02999877929688,90.12999725341797,90.79000091552734,77.49498748779297,30118600.0
2020-04-16,90.2300033569336,90.56999969482422,87.05000305175781,87.33000183105469,74.54165649414062,32449600.0
2020-04-17,92.0,95.69999694824219,90.95999908447266,95.18000030517578,81.24211883544922,30191900.0
2020-04-20,92.47000122070312,94.70999908447266,90.45999908447266,91.70999908447266,78.28025817871094,23679400.0
2020-04-21,88.62000274658203,91.37999725341797,88.33000183105469,89.05000305175781,76.00980377197266,23035000.0
2020-04-22,90.69000244140625,91.87000274658203,89.18000030517578,89.33999633789062,76.25730895996094,16662400.0
2020-04-23,89.73999786376953,91.27999877929688,89.26000213623047,89.38999938964844,76.29998779296875,16638800.0
2020-04-24,90.63999938964844,91.0999984741211,88.48999786376953,90.70999908447266,77.42668914794922,15809200.0
2020-04-27,91.94000244140625,95.62999725341797,91.54000091552734,94.62000274658203,80.76411437988281,22870200.0
2020-04-28,97.80999755859375,98.36000061035156,95.02999877929688,95.29000091552734,81.33602142333984,20238900.0
2020-04-29,99.08000183105469,99.44999694824219,97.2699966430664,97.86000061035156,83.52964782714844,20462600.0
2020-04-30,95.5999984741211,96.83999633789062,94.55000305175781,95.76000213623047,81.73719787597656,19127600.0
2020-05-01,93.5,93.73999786376953,91.83999633789062,93.25,79.59475708007812,18547700.0
2020-05-04,92.0199966430664,92.66999816894531,90.80000305175781,92.13999938964844,78.64730072021484,15725900.0
2020-05-05,93.6500015258789,94.20999908447266,91.9000015258789,92.0,78.52778625488281,18064100.0
2020-05-06,92.16000366210938,92.76000213623047,89.93000030517578,90.2699966430664,77.05113220214844,20978000.0
2020-05-07,91.33999633789062,92.91000366210938,90.58000183105469,91.20999908447266,77.85346221923828,16771900.0
2020-05-08,92.80000305175781,94.08000183105469,92.11000061035156,92.69999694824219,79.1252670288086,20487800.0
2020-05-11,91.11000061035156,91.11000061035156,89.33000183105469,89.97000122070312,76.79505157470703,31907600.0
2020-05-12,90.1500015258789,90.79000091552734,86.9000015258789,87.02999877929688,74.28557586669922,27962900.0
2020-05-13,86.37999725341797,86.86000061035156,83.4000015258789,84.02999877929688,71.72489929199219,35451600.0
2020-05-14,82.72000122070312,88.11000061035156,82.4000015258789,87.5199966430664,74.70381927490234,35152500.0
2020-05-15,86.8499984741211,87.27999877929688,85.30000305175781,85.9000015258789,73.32106018066406,26099000.0
2020-05-18,88.69000244140625,91.1500015258789,87.87999725341797,90.44999694824219,77.20475769042969,30504400.0
2020-05-19,90.05000305175781,91.19999694824219,88.58999633789062,88.66999816894531,75.6854248046875,19597300.0
2020-05-20,90.70999908447266,92.38999938964844,90.37000274658203,91.33000183105469,77.95589447021484,20552400.0
2020-05-21,90.2699966430664,91.76000213623047,89.66999816894531,90.16999816894531,76.96576690673828,14621400.0
2020-05-22,90.01000213623047,90.36000061035156,88.72000122070312,89.47000122070312,76.3682861328125,13557900.0
2020-05-25,90.01000213623047,90.36000061035156,88.72000122070312,89.47000122070312,76.3682861328125,13557900.0
2020-05-26,92.88999938964844,97.5,92.61000061035156,95.81999969482422,81.78839111328125,41233900.0
2020-05-27,102.06999969482422,102.58000183105469,98.80000305175781,101.37000274658203,86.52568817138672,39402000.0
2020-05-28,102.94000244140625,102.94999694824219,99.4000015258789,99.86000061035156,85.23680114746094,24713900.0
2020-05-29,98.66000366210938,99.18000030517578,96.77999877929688,97.30999755859375,83.0602035522461,26526400.0
2020-06-01,97.75,99.51000213623047,97.37999725341797,98.5999984741211,84.16130828857422,15176800.0
2020-06-02,100.27999877929688,100.41999816894531,97.93000030517578,98.93000030517578,84.44297790527344,21195000.0
2020-06-03,101.58000183105469,104.91999816894531,101.05999755859375,104.2699966430664,89.0009994506836,25941100.0
2020-06-04,103.81999969482422,106.61000061035156,102.79000091552734,106.44000244140625,90.8532485961914,26784700.0
2020-06-05,114.93000030517578,115.7699966430664,109.52999877929688,111.2300033569336,94.9417953491211,42231000.0
2020-06-08,113.41000366210938,114.19000244140625,111.94000244140625,113.44999694824219,96.83670043945312,24881800.0
2020-06-09,110.6500015258789,111.62999725341797,109.01000213623047,110.54000091552734,94.35284423828125,17031100.0
2020-06-10,110.45999908447266,110.51000213623047,105.8499984741211,106.05999755859375,90.52888488769531,24913300.0
2020-06-11,100.02999877929688,101.58000183105469,96.54000091552734,97.20999908447266,82.97486114501953,36259200.0
2020-06-12,100.70999908447266,101.12999725341797,97.33000183105469,99.87000274658203,85.2453384399414,24856800.0
2020-06-15,96.41999816894531,101.43000030517578,95.87000274658203,101.25,86.42323303222656,22153600.0
2020-06-16,105.37000274658203,105.68000030517578,99.30999755859375,102.05999755859375,87.1146469116211,22193600.0
2020-06-17,102.52999877929688,102.54000091552734,99.20999908447266,99.4800033569336,84.91244506835938,15639800.0
2020-06-18,98.66999816894531,100.5199966430664,98.12999725341797,98.94000244140625,84.45152282714844,16591900.0
2020-06-19,100.52999877929688,100.5999984741211,96.7300033569336,97.80999755859375,83.48698425292969,40371200.0
2020-06-22,97.25,97.94999694824219,96.54000091552734,96.75,82.58220672607422,16216900.0
2020-06-23,98.97000122070312,99.97000122070312,97.8499984741211,97.93000030517578,83.58940887451172,15381400.0
2020-06-24,96.75,96.83999633789062,94.30999755859375,94.66000366210938,80.79826354980469,22919800.0
2020-06-25,94.3499984741211,98.20999908447266,94.26000213623047,97.95999908447266,83.61502075195312,25743600.0
2020-06-26,95.11000061035156,95.37000274658203,92.0,92.58999633789062,79.03141021728516,41896300.0
2020-06-29,93.4000015258789,94.48999786376953,92.18000030517578,93.0,79.38135528564453,18499700.0
2020-06-30,92.83000183105469,94.66000366210938,92.56999969482422,94.05999755859375,80.28614044189453,19137000.0
2020-07-01,94.88999938964844,95.70999908447266,93.02999877929688,93.26000213623047,79.60327911376953,18755700.0
2020-07-02,94.73999786376953,94.95999908447266,91.93000030517578,92.66000366210938,79.86184692382812,27845600.0
2020-07-03,94.73999786376953,94.95999908447266,91.93000030517578,92.66000366210938,79.86184692382812,27845600.0
2020-07-06,94.43000030517578,95.19999694824219,93.4800033569336,95.0,81.87864685058594,18625300.0
2020-07-07,93.81999969482422,94.0999984741211,92.0,92.31999969482422,79.56880187988281,25757200.0
2020-07-08,92.29000091552734,93.33999633789062,91.80000305175781,93.30000305175781,80.4134521484375,18762200.0
2020-07-09,93.5199966430664,94.12000274658203,90.77999877929688,91.27999877929688,78.6724624633789,25600800.0
2020-07-10,92.0,96.83999633789062,91.87000274658203,96.2699966430664,82.97325897216797,28954200.0
2020-07-13,98.7300033569336,99.2699966430664,96.2300033569336,97.6500015258789,84.16262817382812,32079200.0
2020-07-14,98.37000274658203,99.94999694824219,96.63999938964844,98.20999908447266,84.64525604248047,42731700.0
2020-07-15,100.88999938964844,101.29000091552734,98.6500015258789,99.7300033569336,85.95533752441406,22508400.0
2020-07-16,98.77999877929688,101.22000122070312,98.55000305175781,100.01000213623047,86.1966552734375,16886900.0
2020-07-17,100.0,100.08000183105469,98.13999938964844,98.16000366210938,84.6021957397461,16137700.0
2020-07-20,97.43000030517578,98.38999938964844,97.26000213623047,97.30000305175781,83.86096954345703,14458100.0
2020-07-21,97.70999908447266,100.05000305175781,97.63999938964844,99.41000366210938,85.67953491210938,17798100.0
2020-07-22,99.6500015258789,100.12999725341797,97.52999877929688,98.69000244140625,85.05899810791016,14271200.0
2020-07-23,98.5,99.3499984741211,97.97000122070312,98.9800033569336,85.30892181396484,12870200.0
2020-07-24,99.5999984741211,99.80000305175781,97.94000244140625,98.27999877929688,84.70561218261719,12744200.0
2020-07-27,97.51000213623047,97.62999725341797,96.16999816894531,96.9000015258789,83.51620483398438,11959100.0
2020-07-28,96.5,97.88999938964844,96.5,97.31999969482422,83.87821197509766,11754300.0
2020-07-29,97.06999969482422,99.70999908447266,97.0,99.68000030517578,85.91226196289062,12743500.0
2020-07-30,97.54000091552734,97.73999786376953,96.05000305175781,97.0199966430664,83.61964416503906,14834800.0
2020-07-31,96.4800033569336,96.93000030517578,95.25,96.63999938964844,83.29212951660156,14535000.0
2020-08-03,97.0199966430664,97.56999969482422,95.8499984741211,96.0999984741211,82.82672882080078,12962800.0
2020-08-04,95.91000366210938,95.94999694824219,95.02999877929688,95.55000305175781,82.3526840209961,13366200.0
2020-08-05,95.87000274658203,98.47000122070312,95.72000122070312,97.20999908447266,83.78340911865234,15260900.0
2020-08-06,97.58000183105469,98.0999984741211,96.54000091552734,97.23999786376953,83.80924987792969,10482100.0
2020-08-07,96.93000030517578,99.48999786376953,96.55999755859375,99.37999725341797,85.65367889404297,14743700.0
2020-08-10,100.11000061035156,102.04000091552734,100.02999877929688,100.63999938964844,86.73965454101562,14989900.0
2020-08-11,103.86000061035156,106.16000366210938,103.51000213623047,103.81999969482422,89.48043823242188,31518600.0
2020-08-12,106.16000366210938,106.43000030517578,101.70999908447266,102.94000244140625,88.72197723388672,19240800.0
2020-08-13,102.0,103.36000061035156,101.63999938964844,102.37000274658203,88.23072052001953,13598600.0
2020-08-14,101.5,103.30999755859375,101.41999816894531,102.41000366210938,88.26519012451172,12134400.0
2020-08-17,101.5,102.0,99.52999877929688,99.70999908447266,85.93809509277344,14988000.0
2020-08-18,99.91000366210938,99.91000366210938,98.12000274658203,98.31999969482422,84.74006652832031,13246500.0
2020-08-19,98.91999816894531,100.58999633789062,98.33999633789062,98.55000305175781,84.9383316040039,13533000.0
2020-08-20,97.26000213623047,98.02999877929688,96.80000305175781,97.37000274658203,83.92131805419922,13672600.0
2020-08-21,97.2699966430664,98.56999969482422,96.94000244140625,97.31999969482422,83.87821197509766,12228300.0
2020-08-24,98.44999694824219,100.20999908447266,97.41999816894531,100.05999755859375,86.2397689819336,17898300.0
2020-08-25,101.2699966430664,101.9800033569336,99.80000305175781,100.5,86.61897277832031,13648900.0
2020-08-26,99.94000244140625,100.2699966430664,99.05000305175781,99.08999633789062,85.40372467041016,12052400.0
2020-08-27,99.0,102.6500015258789,99.0,102.3499984741211,88.21347045898438,22163900.0
2020-08-28,103.13999938964844,103.25,101.80999755859375,102.7699966430664,88.57547760009766,13756700.0
2020-08-31,102.12000274658203,102.18000030517578,100.0199966430664,100.19000244140625,86.35182189941406,14219400.0
2020-09-01,99.55000305175781,100.87000274658203,99.04000091552734,100.13999938964844,86.30870056152344,11595600.0
2020-09-02,99.94999694824219,101.94000244140625,99.55999755859375,101.6500015258789,87.61014556884766,14475700.0
2020-09-03,103.31999969482422,104.98999786376953,100.63999938964844,101.33000183105469,87.33435821533203,23281200.0
2020-09-04,104.05000305175781,105.20999908447266,101.37000274658203,103.5199966430664,89.22186279296875,26325500.0
2020-09-07,104.05000305175781,105.20999908447266,101.37000274658203,103.5199966430664,89.22186279296875,26325500.0
2020-09-08,102.9800033569336,103.56999969482422,99.4800033569336,99.91999816894531,86.11909484863281,22108600.0
2020-09-09,100.80000305175781,101.69000244140625,99.55999755859375,100.87000274658203,86.93788146972656,13434000.0
2020-09-10,101.4000015258789,102.41999816894531,99.63999938964844,99.83000183105469,86.0415267944336,15922800.0
2020-09-11,99.97000122070312,101.36000061035156,99.58999633789062,101.06999969482422,87.1102523803711,13784300.0
2020-09-14,101.51000213623047,103.45999908447266,101.37000274658203,102.47000122070312,88.31687927246094,19017400.0
2020-09-15,102.7300033569336,102.8499984741211,99.13999938964844,99.27999877929688,85.56748962402344,23683000.0
2020-09-16,99.43000030517578,101.12999725341797,98.76000213623047,99.69999694824219,85.9294662475586,19270600.0
2020-09-17,98.69999694824219,99.33999633789062,97.70999908447266,98.55999755859375,84.94692993164062,18290100.0
2020-09-18,97.88999938964844,99.48999786376953,97.44000244140625,98.3499984741211,84.76596069335938,20121600.0
2020-09-21,95.19999694824219,96.05000305175781,93.81999969482422,95.30999755859375,82.14582824707031,28378800.0
2020-09-22,94.95999908447266,95.66000366210938,93.66999816894531,94.2699966430664,81.24947357177734,19257000.0
2020-09-23,94.77999877929688,95.3499984741211,92.66000366210938,92.73999786376953,79.9308090209961,19952700.0
2020-09-24,92.31999969482422,94.30000305175781,91.37999725341797,92.66000366210938,79.86184692382812,18366500.0
2020-09-25,92.05000305175781,93.72000122070312,91.87000274658203,93.47000122070312,80.55997467041016,13293100.0
2020-09-28,95.05999755859375,96.93000030517578,94.3499984741211,96.16000366210938,82.87843322753906,20894100.0
2020-09-29,96.02999877929688,96.02999877929688,94.33000183105469,95.3499984741211,82.18030548095703,12848200.0
2020-09-30,95.3499984741211,97.19999694824219,95.26000213623047,96.2699966430664,82.97325897216797,16400600.0
2020-10-01,97.12000274658203,97.7699966430664,96.02999877929688,96.97000122070312,83.57654571533203,15778700.0
2020-10-02,95.25,98.58999633789062,95.08999633789062,97.88999938964844,84.36947631835938,15149600.0
2020-10-05,98.31999969482422,99.25,97.52999877929688,99.04000091552734,86.15274047851562,13871900.0
2020-10-06,100.06999969482422,100.86000061035156,97.51000213623047,98.0199966430664,85.26543426513672,19220400.0
2020-10-07,98.95999908447266,100.3499984741211,98.66999816894531,99.7300033569336,86.7529525756836,16358500.0
2020-10-08,100.51000213623047,101.91999816894531,99.9000015258789,101.77999877929688,88.53618621826172,15659000.0
2020-10-09,102.0,102.11000061035156,100.11000061035156,101.19999694824219,88.03167724609375,13689100.0
2020-10-12,101.0999984741211,103.0,100.8499984741211,102.44000244140625,89.11031341552734,16058000.0
2020-10-13,103.0,103.22000122070312,100.26000213623047,100.77999877929688,87.66633605957031,21697300.0
2020-10-14,101.02999877929688,101.93000030517578,100.0999984741211,100.22000122070312,87.1791763305664,15204100.0
2020-10-15,99.0999984741211,101.77999877929688,99.04000091552734,101.72000122070312,88.48401641845703,17171200.0
2020-10-16,101.41000366210938,102.33000183105469,100.72000122070312,101.51000213623047,88.30133056640625,13275000.0
2020-10-19,101.5999984741211,101.87000274658203,99.55999755859375,99.80000305175781,86.81385040283203,11725700.0
2020-10-20,100.30999755859375,101.7699966430664,100.12000274658203,100.37000274658203,87.30966186523438,11257100.0
2020-10-21,100.36000061035156,100.98999786376953,99.33000183105469,99.37000274658203,86.43978881835938,10730500.0
2020-10-22,99.31999969482422,103.23999786376953,99.30999755859375,102.87999725341797,89.49304962158203,14837200.0
2020-10-23,103.5,104.44999694824219,102.93000030517578,103.80999755859375,90.30206298828125,15087600.0
2020-10-26,102.6500015258789,102.69999694824219,100.25,101.23999786376953,88.06647491455078,12410700.0
2020-10-27,100.51000213623047,100.91999816894531,99.16000366210938,99.33000183105469,86.40499877929688,10391700.0
2020-10-28,97.5,98.30000305175781,96.06999969482422,96.54000091552734,83.97801971435547,16389500.0
2020-10-29,96.12000274658203,97.9800033569336,95.23999786376953,97.16999816894531,84.52606964111328,14208800.0
2020-10-30,97.91000366210938,98.41999816894531,96.2300033569336,98.04000091552734,85.2828598022461,15194500.0
2020-11-02,99.38999938964844,100.87999725341797,97.86000061035156,100.25,87.20530700683594,15011600.0
2020-11-03,103.0199966430664,104.73999786376953,102.69000244140625,103.41000366210938,89.95410919189453,17482600.0
2020-11-04,101.0,102.06999969482422,98.93000030517578,100.25,87.20530700683594,18886500.0
2020-11-05,101.05999755859375,105.0999984741211,101.0,104.3499984741211,90.77175903320312,17837400.0
2020-11-06,105.02999877929688,105.0999984741211,102.38999938964844,102.95999908447266,89.56266021728516,12552800.0
2020-11-09,113.16000366210938,118.9000015258789,110.3499984741211,116.9000015258789,101.68875885009766,47792400.0
2020-11-10,117.3499984741211,117.44999694824219,114.69000244140625,116.5199966430664,101.35818481445312,20539300.0
2020-11-11,116.88999938964844,116.95999908447266,113.95999908447266,114.77999877929688,99.8446044921875,14443400.0
2020-11-12,112.52999877929688,113.95999908447266,112.05999755859375,113.37000274658203,98.61809539794922,22063000.0
2020-11-13,114.69999694824219,114.86000061035156,113.56999969482422,114.08000183105469,99.23571014404297,11847900.0
2020-11-16,117.79000091552734,118.61000061035156,115.7300033569336,117.30000305175781,102.03669738769531,19858600.0
2020-11-17,115.38999938964844,116.44000244140625,114.58000183105469,116.11000061035156,101.00154113769531,14553200.0
2020-11-18,117.33999633789062,118.61000061035156,115.19999694824219,115.25,100.25346374511719,12571200.0
2020-11-19,114.18000030517578,115.81999969482422,113.55999755859375,115.55999755859375,100.52312469482422,10202500.0
2020-11-20,114.43000030517578,115.6500015258789,114.08999633789062,114.56999969482422,99.66193389892578,12718900.0
2020-11-23,116.05000305175781,118.16999816894531,115.56999969482422,117.87000274658203,102.53253173828125,13209200.0
2020-11-24,120.06999969482422,123.5,119.70999908447266,123.31999969482422,107.27337646484375,20121600.0
2020-11-25,121.37000274658203,122.37999725341797,120.47000122070312,122.02999877929688,106.15120697021484,11715600.0
2020-11-26,121.37000274658203,122.37999725341797,120.47000122070312,122.02999877929688,106.15120697021484,11715600.0
2020-11-27,122.0,122.3499984741211,121.08000183105469,121.22000122070312,105.44664001464844,5983600.0
2020-11-30,120.0,120.72000122070312,117.7699966430664,117.87999725341797,102.54125213623047,14411800.0
2020-12-01,120.33999633789062,121.58000183105469,119.62999725341797,119.73999786376953,104.15921020507812,12668900.0
2020-12-02,119.69999694824219,122.30999755859375,119.2699966430664,122.04000091552734,106.1599349975586,10811300.0
2020-12-03,121.8499984741211,121.88999938964844,120.36000061035156,121.23999786376953,105.46404266357422,12904400.0
2020-12-04,122.4800033569336,123.29000091552734,121.69000244140625,122.33999633789062,106.42089080810547,13583700.0
2020-12-07,121.1500015258789,122.16999816894531,120.20999908447266,121.87999725341797,106.0207290649414,9724300.0
2020-12-08,121.04000091552734,122.33000183105469,120.76000213623047,122.0,106.12512969970703,9592100.0
2020-12-09,123.16999816894531,123.30000305175781,120.44000244140625,121.05000305175781,105.29876708984375,13073900.0
2020-12-10,119.98999786376953,120.77999877929688,119.55999755859375,120.2699966430664,104.62023162841797,13668400.0
2020-12-11,118.94000244140625,120.0199966430664,118.37000274658203,119.55999755859375,104.00263977050781,9981600.0
2020-12-14,121.33999633789062,121.41999816894531,118.11000061035156,118.30000305175781,102.90658569335938,12112400.0
2020-12-15,119.29000091552734,120.9000015258789,118.62000274658203,120.31999969482422,104.66374969482422,12590200.0
2020-12-16,120.30000305175781,121.08000183105469,119.86000061035156,120.66999816894531,104.96817779541016,11169400.0
2020-12-17,121.26000213623047,121.44999694824219,119.58000183105469,119.66999816894531,104.09835052490234,11618000.0
2020-12-18,119.13999938964844,119.87999725341797,118.2699966430664,119.08000183105469,103.58509826660156,28954800.0
2020-12-21,123.16999816894531,125.0,121.08999633789062,123.55000305175781,107.47345733642578,28323600.0
2020-12-22,123.38999938964844,123.5199966430664,121.61000061035156,121.66999816894531,105.83808135986328,11788200.0
2020-12-23,122.77999877929688,126.5199966430664,122.3499984741211,125.06999969482422,108.795654296875,14973200.0
2020-12-24,125.08999633789062,125.55000305175781,123.56999969482422,124.5199966430664,108.3172378540039,4164900.0
2020-12-25,125.08999633789062,125.55000305175781,123.56999969482422,124.5199966430664,108.3172378540039,4164900.0
2020-12-28,125.81999969482422,126.6500015258789,124.79000091552734,125.33999633789062,109.030517578125,8072600.0
2020-12-29,126.19999694824219,126.27999877929688,124.88999938964844,125.01000213623047,108.74347686767578,8389200.0
2020-12-30,125.48999786376953,125.8499984741211,124.9000015258789,125.36000061035156,109.0479507446289,7398000.0
2020-12-31,125.08999633789062,127.33000183105469,124.81999969482422,127.06999969482422,110.53543853759766,8580200.0
2021-01-01,125.08999633789062,127.33000183105469,124.81999969482422,127.06999969482422,110.53543853759766,8580200.0
2021-01-04,127.5,127.86000061035156,124.77999877929688,125.87000274658203,109.49156951904297,16819900.0
2021-01-05,124.98999786376953,126.30000305175781,123.7699966430664,125.6500015258789,110.08734893798828,13731200.0
2021-01-06,129.8800048828125,132.77000427246094,127.87999725341797,131.5500030517578,115.2565689086914,24909100.0
2021-01-07,135.69000244140625,138.19000244140625,134.9199981689453,135.8699951171875,119.04149627685547,21940400.0
2021-01-08,135.97000122070312,136.35000610351562,134.1199951171875,136.02000427246094,119.17294311523438,12035100.0
2021-01-11,134.5800018310547,138.1999969482422,134.11000061035156,138.0500030517578,120.95148468017578,15937900.0
2021-01-12,139.44000244140625,141.66000366210938,138.8300018310547,140.22000122070312,122.85270690917969,18033500.0
2021-01-13,138.58999633789062,140.7899932861328,138.10000610351562,140.35000610351562,122.96662902832031,14816800.0
2021-01-14,140.49000549316406,142.75,140.0,141.1699981689453,123.6850814819336,18565600.0
2021-01-15,137.42999267578125,141.64999389648438,137.00999450683594,138.63999938964844,121.46842956542969,27881000.0
2021-01-18,137.42999267578125,141.64999389648438,137.00999450683594,138.63999938964844,121.46842956542969,27881000.0
2021-01-19,139.86000061035156,140.6999969482422,137.82000732421875,138.0399932861328,120.94273376464844,19843800.0
2021-01-20,137.82000732421875,138.1699981689453,135.44000244140625,135.97000122070312,119.12911987304688,16028800.0
2021-01-21,135.69000244140625,136.16000366210938,134.32000732421875,134.8300018310547,118.13034057617188,13411700.0
2021-01-22,132.69000244140625,134.39999389648438,132.1999969482422,133.7899932861328,117.21910858154297,12933200.0
2021-01-25,132.13999938964844,133.1699981689453,130.05999755859375,132.1199951171875,115.75599670410156,14212800.0
2021-01-26,132.75,133.1699981689453,131.33999633789062,131.5800018310547,115.2828598022461,11307800.0
2021-01-27,129.58999633789062,129.85000610351562,127.3499984741211,127.86000061035156,112.02361297607422,17603900.0
2021-01-28,129.89999389648438,132.1699981689453,128.99000549316406,130.11000061035156,113.99493408203125,13761800.0
2021-01-29,131.19000244140625,131.72000122070312,128.19000244140625,128.6699981689453,112.7332992553711,14808100.0
2021-02-01,129.39999389648438,130.07000732421875,128.47999572753906,129.6199951171875,113.56562042236328,11080700.0
2021-02-02,131.94000244140625,134.38999938964844,131.22000122070312,133.61000061035156,117.06143951416016,12253600.0
2021-02-03,133.64999389648438,135.75999450683594,133.50999450683594,135.13999938964844,118.40193176269531,10600800.0
2021-02-04,135.47000122070312,138.66000366210938,135.47000122070312,138.25,121.126708984375,12419500.0
2021-02-05,139.38999938964844,139.49000549316406,137.3800048828125,137.97999572753906,120.89016723632812,10051300.0
2021-02-08,138.1999969482422,140.3000030517578,138.17999267578125,140.13999938964844,122.78264617919922,10136400.0
2021-02-09,139.42999267578125,139.97999572753906,138.5399932861328,139.5800018310547,122.29199981689453,8614800.0
2021-02-10,140.0,140.8699951171875,139.0399932861328,139.66000366210938,122.36209869384766,10323200.0
2021-02-11,139.66000366210938,140.5500030517578,138.22000122070312,139.27000427246094,122.02042388916016,9201000.0
2021-02-12,139.0500030517578,141.61000061035156,139.0,141.25,123.75514221191406,8324600.0
2021-02-15,139.0500030517578,141.61000061035156,139.0,141.25,123.75514221191406,8324600.0
2021-02-16,143.5500030517578,145.32000732421875,142.39999389648438,144.64999389648438,126.73405456542969,12130600.0
2021-02-17,143.9499969482422,145.3800048828125,143.1199951171875,145.10000610351562,127.12830352783203,10810100.0
2021-02-18,144.0,145.7899932861328,143.39999389648438,145.58999633789062,127.55763244628906,10587800.0
2021-02-19,145.86000061035156,148.83999633789062,145.86000061035156,148.02000427246094,129.68663024902344,11969800.0
2021-02-22,146.8699951171875,150.19000244140625,146.7899932861328,149.41000366210938,130.90451049804688,11488400.0
2021-02-23,151.50999450683594,152.30999755859375,149.58999633789062,150.61000061035156,131.95587158203125,16234400.0
2021-02-24,150.11000061035156,153.75999450683594,150.11000061035156,153.25999450683594,134.27764892578125,15061400.0
2021-02-25,154.27000427246094,154.89999389648438,150.58999633789062,151.17999267578125,132.4552764892578,18127700.0
2021-02-26,150.3000030517578,150.8699951171875,146.50999450683594,147.1699981689453,128.94195556640625,19829200.0
2021-03-01,149.52000427246094,151.3800048828125,148.47999572753906,150.5,131.85948181152344,14845500.0
2021-03-02,150.0800018310547,151.77999877929688,149.83999633789062,150.00999450683594,131.43019104003906,14221700.0
2021-03-03,151.22999572753906,154.97999572753906,150.82000732421875,152.91000366210938,133.9710235595703,14324100.0
2021-03-04,152.61000061035156,154.3800048828125,148.6199951171875,150.55999755859375,131.91204833984375,20093900.0
2021-03-05,153.22000122070312,153.49000549316406,147.97000122070312,150.91000366210938,132.21871948242188,18465100.0
2021-03-08,152.47000122070312,155.4600067138672,150.75,152.91000366210938,133.9710235595703,17133300.0
2021-03-09,151.5,154.25,149.82000732421875,151.8300018310547,133.02476501464844,16238800.0
2021-03-10,151.91000366210938,156.16000366210938,151.50999450683594,155.1300048828125,135.91603088378906,14342200.0
2021-03-11,154.11000061035156,156.14999389648438,153.36000061035156,154.32000732421875,135.20632934570312,11771500.0
2021-03-12,156.86000061035156,157.6300048828125,155.07000732421875,156.14999389648438,136.80967712402344,12849500.0
2021-03-15,156.35000610351562,156.9199981689453,153.9600067138672,155.3699951171875,136.12628173828125,12101100.0
2021-03-16,154.08999633789062,154.60000610351562,152.19000244140625,153.50999450683594,134.49668884277344,12805600.0
2021-03-17,155.33999633789062,156.8800048828125,153.0500030517578,155.08999633789062,135.88101196289062,13952400.0
2021-03-18,157.60000610351562,161.69000244140625,157.11000061035156,157.64999389648438,138.12388610839844,21898500.0
2021-03-19,155.50999450683594,155.94000244140625,151.19000244140625,155.13999938964844,135.92483520507812,54418800.0
2021-03-22,152.8000030517578,153.97000122070312,150.61000061035156,150.97000122070312,132.2712860107422,19944800.0
2021-03-23,150.3300018310547,152.1199951171875,148.9600067138672,149.4600067138672,130.94833374023438,17076300.0
2021-03-24,150.0,153.17999267578125,149.86000061035156,150.6199951171875,131.9646453857422,13079800.0
2021-03-25,150.0,152.97000122070312,149.3300018310547,152.5500030517578,133.6555938720703,15608300.0
2021-03-26,154.3000030517578,155.4499969482422,152.5500030517578,155.08999633789062,135.88101196289062,16754400.0
2021-03-29,152.1199951171875,153.72999572753906,151.0399932861328,152.67999267578125,133.76947021484375,17570300.0
2021-03-30,154.4600067138672,155.8699951171875,153.8800048828125,154.47999572753906,135.34652709960938,13184300.0
2021-03-31,153.27999877929688,154.49000549316406,152.1199951171875,152.22999572753906,133.37522888183594,16736700.0
2021-04-01,151.89999389648438,153.7899932861328,151.5500030517578,153.7100067138672,134.6719207763672,16561500.0
2021-04-02,151.89999389648438,153.7899932861328,151.5500030517578,153.7100067138672,134.6719207763672,16561500.0
2021-04-05,154.39999389648438,154.94000244140625,152.60000610351562,153.6199951171875,135.3857879638672,13508000.0
2021-04-06,152.7899932861328,154.27999877929688,151.86000061035156,152.5399932861328,134.43397521972656,13071600.0
2021-04-07,153.10000610351562,155.22999572753906,152.64999389648438,154.92999267578125,136.54026794433594,16903500.0
2021-04-08,154.0,155.50999450683594,152.30999755859375,155.1199951171875,136.7077178955078,12335500.0
2021-04-09,155.80999755859375,157.0399932861328,154.97000122070312,156.27999877929688,137.73004150390625,12122400.0
2021-04-12,155.5800018310547,157.25,155.57000732421875,155.9499969482422,137.43919372558594,12273400.0
2021-04-13,154.75,155.1999969482422,152.42999267578125,154.08999633789062,135.7999725341797,16113600.0
2021-04-14,151.47000122070312,153.8300018310547,150.92999267578125,151.2100067138672,133.26182556152344,19939600.0
2021-04-15,151.25,152.1999969482422,149.32000732421875,152.1699981689453,134.10787963867188,17694100.0
2021-04-16,153.8699951171875,154.50999450683594,152.69000244140625,153.3000030517578,135.10372924804688,13773400.0
2021-04-19,153.4199981689453,153.8800048828125,152.22000122070312,152.64999389648438,134.53091430664062,11900200.0
2021-04-20,151.74000549316406,151.75,148.64999389648438,149.27000427246094,131.55210876464844,13716700.0
2021-04-21,147.7899932861328,150.61000061035156,146.7899932861328,150.5399932861328,132.6713409423828,12236700.0
2021-04-22,150.22999572753906,150.3000030517578,147.25999450683594,147.3699951171875,129.87762451171875,15256100.0
2021-04-23,147.17999267578125,151.1300048828125,146.69000244140625,150.19000244140625,132.36293029785156,14041900.0
2021-04-26,150.77999877929688,152.4600067138672,150.3800048828125,150.55999755859375,132.68898010253906,10799100.0
2021-04-27,150.5,151.57000732421875,150.11000061035156,151.25,133.2970733642578,12821200.0
2021-04-28,152.42999267578125,152.88999938964844,151.39999389648438,152.22999572753906,134.1607666015625,8943700.0
2021-04-29,153.5399932861328,155.27999877929688,153.1999969482422,155.19000244140625,136.76939392089844,12976900.0
2021-04-30,154.10000610351562,154.49000549316406,153.00999450683594,153.80999755859375,135.55320739746094,11705100.0
2021-05-03,154.85000610351562,155.47999572753906,153.1300048828125,153.36000061035156,135.15660095214844,11801100.0
2021-05-04,152.8699951171875,155.63999938964844,152.13999938964844,155.47999572753906,137.0249786376953,12977700.0
2021-05-05,156.0,158.27999877929688,154.6300048828125,157.52000427246094,138.8228302001953,10506700.0
2021-05-06,158.07000732421875,160.82000732421875,157.16000366210938,160.69000244140625,141.6165771484375,13542400.0
2021-05-07,157.22000122070312,161.5,157.02000427246094,161.24000549316406,142.10130310058594,14257800.0
2021-05-10,161.5,163.72999572753906,161.1199951171875,161.22000122070312,142.08367919921875,14014300.0
2021-05-11,161.0800018310547,162.38999938964844,158.0399932861328,158.5399932861328,139.72178649902344,15451700.0
2021-05-12,159.61000061035156,160.77999877929688,157.02999877929688,157.4499969482422,138.7611083984375,14381700.0
2021-05-13,158.17999267578125,162.4499969482422,157.67999267578125,161.5,142.3304443359375,15395000.0
2021-05-14,162.38999938964844,164.4499969482422,161.99000549316406,164.00999450683594,144.5425262451172,10584000.0
2021-05-17,163.3699951171875,164.85000610351562,163.02999877929688,164.6699981689453,145.12417602539062,9886800.0
2021-05-18,164.67999267578125,165.5,162.24000549316406,162.35000610351562,143.07952880859375,11098100.0
2021-05-19,161.0,161.17999267578125,158.63999938964844,161.11000061035156,141.98670959472656,13278900.0
2021-05-20,160.8300018310547,161.86000061035156,159.52000427246094,160.8300018310547,141.73995971679688,10426000.0
2021-05-21,161.33999633789062,163.22000122070312,160.94000244140625,162.66000366210938,143.3527374267578,10249000.0
2021-05-24,163.36000061035156,164.22999572753906,162.1199951171875,163.5399932861328,144.1282958984375,9440300.0
2021-05-25,163.85000610351562,165.6999969482422,161.55999755859375,161.85000610351562,142.63888549804688,12609100.0
2021-05-26,163.57000732421875,163.74000549316406,161.30999755859375,161.8300018310547,142.6212921142578,13058300.0
2021-05-27,163.9499969482422,164.75,162.57000732421875,164.35000610351562,144.8421173095703,15707500.0
2021-05-28,164.67999267578125,164.94000244140625,163.25999450683594,164.24000549316406,144.74520874023438,10291300.0
2021-05-31,164.67999267578125,164.94000244140625,163.25999450683594,164.24000549316406,144.74520874023438,10291300.0
2021-06-01,165.8699951171875,166.91000366210938,165.47999572753906,166.0500030517578,146.3403778076172,9445400.0
2021-06-02,167.25999450683594,167.44000244140625,165.52999877929688,166.05999755859375,146.34915161132812,10498600.0
2021-06-03,165.41000366210938,167.25,164.66000366210938,166.1699981689453,146.4460906982422,13354400.0
2021-06-04,166.2100067138672,166.6699981689453,165.02999877929688,166.44000244140625,146.68405151367188,8510800.0
2021-06-07,167.0,167.10000610351562,165.13999938964844,165.66000366210938,145.9966583251953,7267200.0
2021-06-08,164.49000549316406,165.75999450683594,163.16000366210938,165.0,145.4149932861328,10370700.0
2021-06-09,164.13999938964844,164.22000122070312,162.27999877929688,162.94000244140625,143.59950256347656,12377400.0
2021-06-10,164.36000061035156,165.24000549316406,160.30999755859375,160.39999389648438,141.36097717285156,12119400.0
2021-06-11,160.42999267578125,161.1999969482422,159.05999755859375,160.2899932861328,141.26405334472656,13683800.0
2021-06-14,160.14999389648438,160.3300018310547,156.66000366210938,157.57000732421875,138.86691284179688,19917900.0
2021-06-15,156.6999969482422,156.9199981689453,154.1300048828125,155.17999267578125,136.76060485839844,24485500.0
2021-06-16,154.72999572753906,157.6199951171875,153.11000061035156,156.27000427246094,137.7212371826172,25321200.0
2021-06-17,157.10000610351562,157.4600067138672,151.25,151.75999450683594,133.7465057373047,29722400.0
2021-06-18,149.3000030517578,149.6999969482422,147.55999755859375,147.9199981689453,130.36231994628906,43595700.0
2021-06-21,149.0800018310547,151.1999969482422,149.02000427246094,150.42999267578125,132.5744171142578,18664800.0
2021-06-22,150.60000610351562,150.97000122070312,148.66000366210938,150.2100067138672,132.3805389404297,14251200.0
2021-06-23,150.1999969482422,152.0399932861328,150.08999633789062,151.1199951171875,133.1824951171875,12733300.0
2021-06-24,151.9199981689453,153.1199951171875,151.22000122070312,152.50999450683594,134.4075164794922,13733200.0
2021-06-25,152.58999633789062,154.5,151.6699981689453,154.0500030517578,135.76470947265625,15484900.0
2021-06-28,153.6999969482422,154.47999572753906,152.1199951171875,154.3300018310547,136.01148986816406,14125800.0
2021-06-29,155.0,156.30999755859375,153.61000061035156,154.13999938964844,135.84405517578125,14528700.0
2021-06-30,153.75,156.0800018310547,153.7100067138672,155.5399932861328,137.07786560058594,12531000.0
2021-07-01,156.25999450683594,157.13999938964844,155.4199981689453,157.0800018310547,138.43505859375,10479400.0
2021-07-02,155.9499969482422,156.32000732421875,155.1199951171875,156.02999877929688,138.30210876464844,11424000.0
2021-07-05,155.9499969482422,156.32000732421875,155.1199951171875,156.02999877929688,138.30210876464844,11424000.0
2021-07-06,155.77999877929688,155.77999877929688,152.35000610351562,153.41000366210938,135.97979736328125,15083400.0
2021-07-07,152.00999450683594,154.27999877929688,151.5500030517578,153.58999633789062,136.13934326171875,12271800.0
2021-07-08,151.61000061035156,152.52999877929688,150.0399932861328,150.94000244140625,133.79042053222656,17834600.0
2021-07-09,153.0500030517578,156.14999389648438,152.5800018310547,155.77000427246094,138.0716552734375,13694500.0
2021-07-12,154.35000610351562,159.16000366210938,153.94000244140625,158.0,140.04827880859375,19940400.0
2021-07-13,156.0500030517578,157.38999938964844,153.5,155.64999389648438,137.9652862548828,22671700.0
2021-07-14,155.9499969482422,157.27999877929688,152.9499969482422,155.1199951171875,137.49551391601562,14622800.0
2021-07-15,153.89999389648438,156.52999877929688,153.6999969482422,155.4600067138672,137.79693603515625,11539300.0
2021-07-16,155.9600067138672,156.27999877929688,151.02000427246094,151.91000366210938,134.6502685546875,14002700.0
2021-07-19,148.5500030517578,149.82000732421875,145.7100067138672,146.97000122070312,130.27149963378906,22172900.0
2021-07-20,146.52000427246094,151.1199951171875,146.3300018310547,149.7100067138672,132.70016479492188,15385200.0
2021-07-21,152.0500030517578,153.64999389648438,151.36000061035156,152.86000061035156,135.49229431152344,12356700.0
2021-07-22,152.8800048828125,153.44000244140625,149.97000122070312,150.92999267578125,133.78155517578125,9913300.0
2021-07-23,151.47999572753906,152.83999633789062,150.25,150.63999938964844,133.52452087402344,9666100.0
2021-07-26,150.19000244140625,151.9600067138672,150.1699981689453,151.64999389648438,134.41976928710938,8208000.0
2021-07-27,150.39999389648438,152.49000549316406,149.8000030517578,151.4499969482422,134.2424774169922,11218700.0
2021-07-28,152.2899932861328,152.77000427246094,150.8800048828125,151.6999969482422,134.46408081054688,9217300.0
2021-07-29,153.13999938964844,153.8699951171875,151.91000366210938,153.0,135.6163787841797,9063500.0
2021-07-30,152.5800018310547,153.6699981689453,151.1999969482422,151.77999877929688,134.53500366210938,9805200.0
2021-08-02,152.02999877929688,154.4499969482422,151.07000732421875,151.1699981689453,133.99429321289062,10203200.0
2021-08-03,151.9499969482422,153.32000732421875,149.52000427246094,152.88999938964844,135.5188751220703,10394800.0
2021-08-04,151.25,153.3699951171875,150.91000366210938,151.24000549316406,134.0563507080078,10155000.0
2021-08-05,152.27999877929688,153.69000244140625,152.00999450683594,153.14999389648438,135.74932861328125,9151500.0
2021-08-06,155.19000244140625,157.82000732421875,155.11000061035156,157.5,139.60511779785156,13328800.0
2021-08-09,157.52000427246094,158.5500030517578,155.89999389648438,157.3300018310547,139.4544219970703,9516900.0
2021-08-10,156.74000549316406,159.97999572753906,156.30999755859375,159.25999450683594,141.16510009765625,8667000.0
2021-08-11,160.0,161.5,159.0800018310547,161.16000366210938,142.8492431640625,9156500.0
2021-08-12,161.8800048828125,162.3699951171875,160.5500030517578,161.7899932861328,143.40765380859375,8844200.0
2021-08-13,161.7899932861328,162.16000366210938,159.57000732421875,159.97999572753906,141.80331420898438,8980900.0
2021-08-16,158.94000244140625,159.02999877929688,156.77999877929688,158.92999267578125,140.87258911132812,8755800.0
2021-08-17,157.57000732421875,158.86000061035156,155.27000427246094,157.00999450683594,139.17076110839844,9347200.0
2021-08-18,156.30999755859375,158.00999450683594,155.33999633789062,155.5800018310547,137.90322875976562,8065500.0
2021-08-19,153.16000366210938,155.55999755859375,153.00999450683594,154.27999877929688,136.7509307861328,9517700.0
2021-08-20,154.35000610351562,154.89999389648438,153.16000366210938,154.72000122070312,137.1409454345703,6974100.0
2021-08-23,155.3300018310547,157.08999633789062,155.24000549316406,156.6999969482422,138.89598083496094,7934600.0
2021-08-24,157.0,158.5500030517578,156.8699951171875,157.6699981689453,139.75575256347656,7670900.0
2021-08-25,158.50999450683594,161.77999877929688,157.8000030517578,160.9199981689453,142.63650512695312,11335000.0
2021-08-26,162.25999450683594,163.8300018310547,161.14999389648438,161.75,143.37222290039062,11027500.0
2021-08-27,161.75,163.16000366210938,161.25999450683594,163.0500030517578,144.52452087402344,8780200.0
2021-08-30,163.2100067138672,163.49000549316406,159.8800048828125,160.44000244140625,142.2110595703125,7937600.0
2021-08-31,160.44000244140625,161.3699951171875,159.35000610351562,159.9499969482422,141.7767333984375,12340800.0
2021-09-01,160.22000122070312,160.75999450683594,158.97000122070312,159.72000122070312,141.57289123535156,8729900.0
2021-09-02,160.02000427246094,161.61000061035156,159.42999267578125,160.4600067138672,142.2288055419922,8813300.0
2021-09-03,160.38999938964844,160.88999938964844,159.14999389648438,159.49000549316406,141.36898803710938,7959700.0
2021-09-06,160.38999938964844,160.88999938964844,159.14999389648438,159.49000549316406,141.36898803710938,7959700.0
2021-09-07,159.99000549316406,161.3800048828125,158.9600067138672,159.2100067138672,141.1208038330078,9285600.0
2021-09-08,158.88999938964844,159.5800018310547,158.0399932861328,158.5,140.49148559570312,7852700.0
2021-09-09,158.27000427246094,160.8300018310547,158.0800018310547,159.19000244140625,141.1030731201172,7904300.0
2021-09-10,160.55999755859375,160.72000122070312,157.22000122070312,157.36000061035156,139.48101806640625,8311600.0
2021-09-13,158.52999877929688,160.0500030517578,158.07000732421875,159.86000061035156,141.6969451904297,10052800.0
2021-09-14,160.4499969482422,161.33999633789062,156.25999450683594,157.07000732421875,139.2239532470703,11685600.0
2021-09-15,156.72000122070312,158.69000244140625,156.47000122070312,158.16000366210938,140.19009399414062,11691500.0
2021-09-16,159.41000366210938,160.85000610351562,157.22000122070312,158.08999633789062,140.12806701660156,10880900.0
2021-09-17,157.3800048828125,159.00999450683594,157.0,157.67999267578125,139.7646484375,25581600.0
2021-09-20,153.88999938964844,154.55999755859375,150.49000549316406,152.9600067138672,135.58090209960938,15819900.0
2021-09-21,153.52999877929688,154.5500030517578,152.5800018310547,152.97999572753906,135.59866333007812,8999900.0
2021-09-22,155.1999969482422,157.25,155.10000610351562,155.91000366210938,138.19577026367188,11236200.0
2021-09-23,158.0,161.7100067138672,157.6699981689453,161.17999267578125,142.8669891357422,12336100.0
2021-09-24,161.44000244140625,163.58999633789062,160.82000732421875,163.0399932861328,144.5156707763672,10102400.0
2021-09-27,165.0,167.39999389648438,164.61000061035156,166.97999572753906,148.00804138183594,13220900.0
2021-09-28,167.6999969482422,169.3000030517578,165.66000366210938,166.0800018310547,147.21026611328125,13387900.0
2021-09-29,166.2100067138672,166.89999389648438,165.0399932861328,165.9499969482422,147.09500122070312,7777100.0
2021-09-30,166.9199981689453,166.99000549316406,162.7899932861328,163.69000244140625,145.09182739257812,13161200.0
2021-10-01,164.0,168.3000030517578,163.60000610351562,167.1300048828125,148.14093017578125,11285000.0
2021-10-04,166.97000122070312,170.44000244140625,165.72999572753906,166.9499969482422,147.98143005371094,14120000.0
2021-10-05,167.2100067138672,170.13999938964844,166.6699981689453,168.66000366210938,150.39794921875,12292900.0
2021-10-06,167.99000549316406,169.10000610351562,166.0,169.02000427246094,150.71897888183594,8692600.0
2021-10-07,171.1999969482422,171.50999450683594,169.5399932861328,170.08999633789062,151.6731414794922,10195400.0
2021-10-08,170.02000427246094,171.33999633789062,169.3000030517578,170.22000122070312,151.78904724121094,8190100.0
2021-10-11,170.8000030517578,171.2899932861328,166.4600067138672,166.63999938964844,148.59666442871094,12154700.0
2021-10-12,165.75,166.69000244140625,164.77000427246094,165.36000061035156,147.4552764892578,13032600.0
2021-10-13,164.07000732421875,165.41000366210938,160.60000610351562,161.0,143.56735229492188,22753500.0
2021-10-14,161.75,164.00999450683594,160.05999755859375,163.47000122070312,145.7698974609375,15176800.0
2021-10-15,165.35000610351562,167.1699981689453,164.13999938964844,166.61000061035156,148.56991577148438,14267400.0
2021-10-18,166.47999572753906,168.61000061035156,165.91000366210938,166.5500030517578,148.5164337158203,12672900.0
2021-10-19,167.39999389648438,168.64999389648438,166.5800018310547,168.57000732421875,150.3177032470703,8053900.0
2021-10-20,168.3000030517578,170.8699951171875,167.4600067138672,170.83999633789062,152.34190368652344,8185600.0
2021-10-21,170.75999450683594,171.3300018310547,168.67999267578125,169.5,151.14703369140625,8415200.0
2021-10-22,170.02999877929688,172.08999633789062,169.6999969482422,171.77999877929688,153.18014526367188,8817900.0
2021-10-25,172.7100067138672,172.9600067138672,170.47999572753906,170.94000244140625,152.43109130859375,10159200.0
2021-10-26,171.0,172.49000549316406,170.5399932861328,171.39999389648438,152.84127807617188,8015100.0
2021-10-27,170.32000732421875,170.6999969482422,167.33999633789062,167.8300018310547,149.65786743164062,9847000.0
2021-10-28,168.3000030517578,170.50999450683594,167.9600067138672,170.36000061035156,151.9138946533203,7212900.0
2021-10-29,171.17999267578125,172.24000549316406,169.38999938964844,169.88999938964844,151.4947967529297,8140100.0
2021-11-01,172.0399932861328,172.3300018310547,169.00999450683594,169.8000030517578,151.41453552246094,7435500.0
2021-11-02,169.8000030517578,171.69000244140625,168.9199981689453,170.47000122070312,152.011962890625,7173800.0
2021-11-03,170.1300048828125,171.1300048828125,169.14999389648438,170.52999877929688,152.06549072265625,8402700.0
2021-11-04,170.0,170.1999969482422,166.49000549316406,168.2899932861328,150.0680389404297,9574200.0
2021-11-05,168.89999389648438,170.08999633789062,167.41000366210938,168.0500030517578,149.85401916503906,7975600.0
2021-11-08,169.0500030517578,170.9199981689453,168.74000549316406,169.05999755859375,150.75466918945312,6413700.0
2021-11-09,167.35000610351562,168.47000122070312,166.60000610351562,167.77999877929688,149.61325073242188,7990300.0
2021-11-10,167.4499969482422,168.9499969482422,167.08999633789062,167.6199951171875,149.47061157226562,6999200.0
2021-11-11,167.52000427246094,168.67999267578125,166.89999389648438,167.61000061035156,149.46165466308594,5815300.0
2021-11-12,167.64999389648438,167.74000549316406,165.72000122070312,166.86000061035156,148.79286193847656,8113400.0
2021-11-15,167.2100067138672,167.7899932861328,166.0,166.55999755859375,148.5253448486328,6492500.0
2021-11-16,167.05999755859375,167.07000732421875,165.1199951171875,165.36000061035156,147.4552764892578,9706100.0
2021-11-17,165.2100067138672,165.55999755859375,163.38999938964844,164.47000122070312,146.6616668701172,9909600.0
2021-11-18,164.38999938964844,164.85000610351562,162.55999755859375,163.0500030517578,145.39541625976562,8122500.0
2021-11-19,161.3000030517578,162.11000061035156,159.4499969482422,160.9199981689453,143.49606323242188,12193600.0
2021-11-22,164.16000366210938,165.97999572753906,162.99000549316406,164.35000610351562,146.5546417236328,14549900.0
2021-11-23,165.5,168.55999755859375,165.3699951171875,168.27999877929688,150.05911254882812,12354400.0
2021-11-24,168.4600067138672,169.44000244140625,166.44000244140625,166.9600067138672,148.8820343017578,9629800.0
2021-11-25,168.4600067138672,169.44000244140625,166.44000244140625,166.9600067138672,148.8820343017578,9629800.0
2021-11-26,162.13999938964844,162.64999389648438,158.82000732421875,161.92999267578125,144.39663696289062,13619300.0
2021-11-29,163.30999755859375,164.77999877929688,159.82000732421875,161.22999572753906,143.7724609375,12104400.0
2021-11-30,159.16000366210938,160.6300048828125,158.2899932861328,158.8300018310547,141.63230895996094,18922600.0
2021-12-01,161.0,163.27000427246094,157.8000030517578,157.88999938964844,140.79412841796875,12253400.0
2021-12-02,159.8300018310547,163.25,158.8000030517578,161.2100067138672,143.75465393066406,12969900.0
2021-12-03,161.5,161.8300018310547,157.19000244140625,158.2899932861328,141.15078735351562,12681800.0
2021-12-06,161.00999450683594,162.61000061035156,159.4600067138672,160.16000366210938,142.81834411621094,11186500.0
2021-12-07,161.8800048828125,163.38999938964844,161.16000366210938,162.57000732421875,144.96737670898438,9851600.0
2021-12-08,162.66000366210938,163.27000427246094,160.1699981689453,160.7100067138672,143.3087921142578,11705700.0
2021-12-09,159.64999389648438,160.92999267578125,158.64999389648438,160.4600067138672,143.08583068847656,11189600.0
2021-12-10,161.32000732421875,161.6999969482422,159.1300048828125,159.82000732421875,142.51513671875,10405400.0
2021-12-13,159.5,159.7899932861328,157.27999877929688,157.9199981689453,140.8208465576172,12069000.0
2021-12-14,157.4499969482422,160.88999938964844,157.3000030517578,159.1300048828125,141.8998260498047,12563600.0
2021-12-15,159.85000610351562,159.85000610351562,157.35000610351562,157.94000244140625,140.8386993408203,14014200.0
2021-12-16,160.38999938964844,161.82000732421875,158.6999969482422,160.41000366210938,143.041259765625,19542800.0
2021-12-17,159.32000732421875,159.3800048828125,155.17999267578125,156.75999450683594,139.7864532470703,28082000.0
2021-12-20,154.50999450683594,154.6999969482422,151.83999633789062,153.94000244140625,137.27178955078125,15148000.0
2021-12-21,155.41000366210938,157.17999267578125,155.08999633789062,156.08999633789062,139.1890106201172,11291300.0
2021-12-22,155.75,157.05999755859375,155.24000549316406,156.6999969482422,139.73294067382812,7273000.0
2021-12-23,157.61000061035156,159.1199951171875,157.2100067138672,157.25999450683594,140.23233032226562,8055200.0
2021-12-24,157.61000061035156,159.1199951171875,157.2100067138672,157.25999450683594,140.23233032226562,8055200.0
2021-12-27,157.60000610351562,158.1999969482422,156.33999633789062,158.16000366210938,141.03488159179688,6188100.0
2021-12-28,158.1999969482422,160.14999389648438,158.0800018310547,158.63999938964844,141.462890625,6342300.0
2021-12-29,158.85000610351562,159.6300048828125,158.14999389648438,158.55999755859375,141.39157104492188,6398900.0
2021-12-30,159.11000061035156,160.24000549316406,158.3699951171875,158.47999572753906,141.3202362060547,6948200.0
2021-12-31,158.4499969482422,159.2899932861328,157.9600067138672,158.35000610351562,141.20431518554688,5805900.0
2022-01-03,159.86000061035156,162.63999938964844,159.50999450683594,161.6999969482422,144.19158935546875,13120900.0
2022-01-04,164.30999755859375,168.5800018310547,164.22999572753906,167.8300018310547,149.65786743164062,20195800.0
2022-01-05,167.82000732421875,168.36000061035156,163.72999572753906,163.77999877929688,146.9217529296875,17539400.0
2022-01-06,166.91000366210938,167.3699951171875,163.8699951171875,165.52000427246094,148.48272705078125,14047500.0
2022-01-07,165.6699981689453,167.52999877929688,165.05999755859375,167.16000366210938,149.95388793945312,13913300.0
2022-01-10,169.07000732421875,169.30999755859375,165.52999877929688,167.32000732421875,150.09738159179688,12922500.0
2022-01-11,168.25999450683594,168.52000427246094,166.30999755859375,167.49000549316406,150.24990844726562,11854100.0
2022-01-12,168.4600067138672,169.58999633789062,167.17999267578125,168.44000244140625,151.10214233398438,12568000.0
2022-01-13,168.33999633789062,169.80999755859375,167.88999938964844,168.22999572753906,150.9137420654297,13623400.0
2022-01-14,160.75999450683594,161.02999877929688,156.89999389648438,157.88999938964844,141.6380615234375,40158400.0
2022-01-17,160.75999450683594,161.02999877929688,156.89999389648438,157.88999938964844,141.6380615234375,40158400.0
2022-01-18,155.77999877929688,155.77999877929688,150.5399932861328,151.27000427246094,135.69944763183594,32324800.0
2022-01-19,151.57000732421875,152.22999572753906,148.5500030517578,148.92999267578125,133.60031127929688,22380000.0
2022-01-20,148.99000549316406,150.61000061035156,147.36000061035156,147.66000366210938,132.4610595703125,14860800.0
2022-01-21,147.5,147.50999450683594,144.27000427246094,145.0800018310547,130.14662170410156,20705400.0
2022-01-24,142.27999877929688,145.47999572753906,139.57000732421875,144.9499969482422,130.02999877929688,28471400.0
2022-01-25,143.64999389648438,146.85000610351562,140.7899932861328,146.52999877929688,131.4473876953125,18915900.0
2022-01-26,148.72000122070312,150.57000732421875,145.9600067138672,147.9199981689453,132.69427490234375,20709100.0
2022-01-27,149.4199981689453,150.3800048828125,144.1300048828125,145.30999755859375,130.3529510498047,17536800.0
2022-01-28,144.19000244140625,146.75999450683594,142.1699981689453,146.61000061035156,131.51910400390625,14117000.0
2022-01-31,145.63999938964844,148.7899932861328,144.6699981689453,148.60000610351562,133.30429077148438,13985700.0
2022-02-01,148.69000244140625,151.47000122070312,148.3000030517578,151.14999389648438,135.59178161621094,14584900.0
2022-02-02,150.5,150.94000244140625,148.07000732421875,149.94000244140625,134.50636291503906,12441100.0
2022-02-03,150.0,151.64999389648438,148.2899932861328,148.6999969482422,133.39401245117188,12474900.0
2022-02-04,149.10000610351562,153.5,148.77000427246094,152.55999755859375,136.85667419433594,16654400.0
2022-02-07,153.27000427246094,153.6199951171875,150.85000610351562,153.07000732421875,137.3141632080078,12572300.0
2022-02-08,155.0,158.47999572753906,154.8000030517578,155.9499969482422,139.89773559570312,20411400.0
2022-02-09,156.58999633789062,157.42999267578125,155.82000732421875,156.60000610351562,140.48086547851562,9131100.0
2022-02-10,156.66000366210938,159.02999877929688,155.22000122070312,155.9499969482422,139.89773559570312,16455600.0
2022-02-11,155.61000061035156,158.19000244140625,152.97000122070312,153.9199981689453,138.07669067382812,16830000.0
2022-02-14,152.72999572753906,153.67999267578125,150.32000732421875,152.49000549316406,136.7938995361328,17026500.0
2022-02-15,154.50999450683594,155.94000244140625,153.85000610351562,154.72000122070312,138.79434204101562,9500000.0
2022-02-16,153.74000549316406,156.10000610351562,153.74000549316406,155.0,139.04551696777344,9076500.0
2022-02-17,153.0,153.72999572753906,150.6699981689453,151.42999267578125,135.84298706054688,11367500.0
2022-02-18,152.1300048828125,154.13999938964844,151.1300048828125,152.13999938964844,136.4799041748047,11733300.0
2022-02-21,152.1300048828125,154.13999938964844,151.1300048828125,152.13999938964844,136.4799041748047,11733300.0
2022-02-22,150.60000610351562,153.24000549316406,150.41000366210938,151.8699951171875,136.23768615722656,11333500.0
2022-02-23,153.1199951171875,153.3000030517578,147.97000122070312,148.69000244140625,133.3850555419922,11799000.0
2022-02-24,142.94000244140625,144.99000549316406,139.77999877929688,144.5500030517578,129.67117309570312,25655100.0
2022-02-25,145.25,150.1300048828125,144.91000366210938,147.97000122070312,132.73915100097656,18367700.0
2022-02-28,143.5500030517578,145.05999755859375,140.8800048828125,141.8000030517578,127.20425415039062,31315300.0
2022-03-01,140.0399932861328,140.47999572753906,133.5800018310547,136.4499969482422,122.40489196777344,36840400.0
2022-03-02,137.2899932861328,140.0399932861328,136.61000061035156,139.27999877929688,124.94358825683594,19405600.0
2022-03-03,139.83999633789062,140.97999572753906,137.05999755859375,138.2899932861328,124.05551147460938,16640800.0
2022-03-04,134.94000244140625,135.4199981689453,132.39999389648438,134.39999389648438,120.56591796875,21016000.0
2022-03-07,132.1699981689453,132.69000244140625,128.9499969482422,129.2100067138672,115.91016387939453,27560100.0
2022-03-08,129.63999938964844,131.7899932861328,127.2699966430664,128.3000030517578,115.09381866455078,19207800.0
2022-03-09,132.89999389648438,135.24000549316406,132.44000244140625,133.44000244140625,119.70474243164062,17536200.0
2022-03-10,131.86000061035156,133.4499969482422,130.32000732421875,131.86000061035156,118.28738403320312,15604200.0
2022-03-11,132.49000549316406,134.0800018310547,128.4199981689453,128.88999938964844,115.62310028076172,20061800.0
2022-03-14,129.4600067138672,132.9199981689453,129.22999572753906,130.1699981689453,116.77131652832031,15786900.0
2022-03-15,131.8000030517578,133.5500030517578,131.1300048828125,132.47999572753906,118.84355926513672,15096600.0
2022-03-16,134.8699951171875,138.49000549316406,134.42999267578125,138.39999389648438,124.1541748046875,20354900.0
2022-03-17,136.86000061035156,140.19000244140625,135.9199981689453,140.14999389648438,125.72405242919922,17050500.0
2022-03-18,140.19000244140625,140.85000610351562,138.4600067138672,140.10000610351562,125.6792221069336,23656500.0
2022-03-21,140.35000610351562,140.75999450683594,138.72999572753906,139.64999389648438,125.27550506591797,12676100.0
2022-03-22,142.27000427246094,143.92999267578125,141.72000122070312,142.6199951171875,127.93978881835938,13548600.0
2022-03-23,140.97999572753906,141.58999633789062,139.1999969482422,139.77999877929688,125.39215087890625,12093200.0
2022-03-24,140.3000030517578,140.7100067138672,139.11000061035156,140.69000244140625,126.20848846435547,10017600.0
2022-03-25,141.08999633789062,143.17999267578125,140.8000030517578,141.9199981689453,127.3118896484375,8383500.0
2022-03-28,140.0,140.97000122070312,137.89999389648438,140.8699951171875,126.36996459960938,10818100.0
2022-03-29,143.35000610351562,143.60000610351562,140.24000549316406,141.17999267578125,126.64804077148438,11316500.0
2022-03-30,141.89999389648438,142.1199951171875,139.91000366210938,140.5399932861328,126.07391357421875,8771000.0
2022-03-31,139.8300018310547,140.35000610351562,136.25999450683594,136.32000732421875,122.28827667236328,17353900.0
2022-04-01,137.39999389648438,137.41000366210938,133.8000030517578,135.30999755859375,121.38226318359375,15721300.0
2022-04-04,134.1199951171875,136.94000244140625,132.88999938964844,135.91000366210938,121.92047119140625,17416400.0
2022-04-05,134.07000732421875,135.39999389648438,133.00999450683594,133.33999633789062,120.50164031982422,12110300.0
2022-04-06,131.5800018310547,132.55999755859375,130.9600067138672,131.49000549316406,118.82978820800781,12914700.0
2022-04-07,130.9499969482422,131.9199981689453,128.72999572753906,131.08999633789062,118.46832275390625,12994200.0
2022-04-08,131.6699981689453,133.89999389648438,131.49000549316406,133.49000549316406,120.63722229003906,13126900.0
2022-04-11,133.0,134.89999389648438,132.57000732421875,133.0,120.19441223144531,10466400.0
2022-04-12,132.13999938964844,134.5800018310547,130.6999969482422,131.5399932861328,118.8749771118164,12989900.0
2022-04-13,126.94000244140625,129.25,126.01000213623047,127.30000305175781,115.04320526123047,30838000.0
2022-04-14,126.5,128.3000030517578,125.0199966430664,126.12000274658203,113.97683715820312,18835200.0
2022-04-15,126.5,128.3000030517578,125.0199966430664,126.12000274658203,113.97683715820312,18835200.0
2022-04-18,125.66999816894531,129.24000549316406,125.54000091552734,128.4600067138672,116.09154510498047,11834400.0
2022-04-19,128.4499969482422,131.32000732421875,128.22999572753906,131.1199951171875,118.49540710449219,15015400.0
2022-04-20,132.52000427246094,133.50999450683594,131.33999633789062,131.5800018310547,118.91111755371094,13430200.0
2022-04-21,132.22000122070312,132.80999755859375,129.9600067138672,130.55999755859375,117.98931884765625,12174200.0
2022-04-22,130.27999877929688,130.52000427246094,126.69000244140625,126.80999755859375,114.60039520263672,14318800.0
2022-04-25,126.01000213623047,127.12000274658203,123.11000061035156,126.7699966430664,114.5642318725586,17149000.0
2022-04-26,124.63999938964844,126.41000366210938,122.87000274658203,123.0199966430664,111.17530822753906,17209500.0
2022-04-27,122.33000183105469,123.55999755859375,121.22000122070312,121.41999816894531,109.72935485839844,17215200.0
2022-04-28,122.80999755859375,123.6500015258789,121.13999938964844,123.33999633789062,111.4645004272461,13015600.0
2022-04-29,123.05000305175781,123.61000061035156,118.9000015258789,119.36000061035156,107.86772155761719,14874800.0
2022-05-02,119.87999725341797,120.70999908447266,118.22000122070312,120.44999694824219,108.85273742675781,18545000.0
2022-05-03,121.52999877929688,124.16999816894531,120.77999877929688,123.02999877929688,111.18434143066406,15720900.0
2022-05-04,122.80000305175781,127.4000015258789,122.73999786376953,127.0999984741211,114.86245727539062,17128500.0
2022-05-05,125.25,126.0999984741211,122.16000366210938,123.91999816894531,111.98865509033203,15055400.0
2022-05-06,123.80000305175781,124.29000091552734,121.18000030517578,123.72000122070312,111.80790710449219,14417900.0
2022-05-09,122.11000061035156,123.33000183105469,120.5,121.86000061035156,110.12699890136719,14312300.0
2022-05-10,123.11000061035156,123.77999877929688,117.55999755859375,118.88999938964844,107.44294738769531,16382400.0
2022-05-11,119.30000305175781,122.88999938964844,117.94000244140625,118.13999938964844,106.76516723632812,14630300.0
2022-05-12,117.0,118.31999969482422,115.37000274658203,118.04000091552734,106.67479705810547,16318800.0
2022-05-13,119.41000366210938,120.25,117.95999908447266,119.08999633789062,107.62368774414062,10443200.0
2022-05-16,118.54000091552734,119.45999908447266,117.2300033569336,118.26000213623047,106.87360382080078,10269000.0
2022-05-17,121.04000091552734,122.97000122070312,120.80999755859375,122.18000030517578,110.41618347167969,11160200.0
2022-05-18,121.30000305175781,121.97000122070312,119.52999877929688,120.08999633789062,108.52742004394531,12664900.0
2022-05-19,118.19000244140625,119.6500015258789,117.62999725341797,118.30999755859375,106.91880798339844,12765800.0
2022-05-20,119.45999908447266,119.66999816894531,115.0199966430664,117.33999633789062,106.04218292236328,13150100.0
2022-05-23,120.45999908447266,126.56999969482422,120.44999694824219,124.5999984741211,112.6031723022461,24376700.0
2022-05-24,124.36000061035156,127.48999786376953,123.11000061035156,126.36000061035156,114.19371795654297,19324900.0
2022-05-25,126.27999877929688,127.86000061035156,125.16999816894531,127.23999786376953,114.9889907836914,12780400.0
2022-05-26,128.3699951171875,130.19000244140625,128.2100067138672,129.44000244140625,116.9771728515625,15990900.0
2022-05-27,130.16000366210938,131.27000427246094,129.13999938964844,131.27000427246094,118.6309814453125,11177800.0
2022-05-30,130.16000366210938,131.27000427246094,129.13999938964844,131.27000427246094,118.6309814453125,11177800.0
2022-05-31,130.17999267578125,133.14999389648438,129.7100067138672,132.22999572753906,119.49853515625,17015000.0
2022-06-01,132.8699951171875,132.8699951171875,128.6699981689453,129.91000366210938,117.40190887451172,10768000.0
2022-06-02,129.89999389648438,132.00999450683594,128.6699981689453,132.0,119.2906723022461,8374800.0
2022-06-03,131.2100067138672,131.77000427246094,129.99000549316406,130.16000366210938,117.62784576416016,8596000.0
2022-06-06,131.08999633789062,132.38999938964844,129.4600067138672,129.72999572753906,117.23926544189453,11323500.0
2022-06-07,128.8300018310547,130.32000732421875,128.6199951171875,130.07000732421875,117.5465316772461,6722200.0
2022-06-08,129.0,129.4499969482422,126.9000015258789,128.0,115.67581176757812,8422100.0
2022-06-09,127.37000274658203,128.10000610351562,125.2699966430664,125.30999755859375,113.24481201171875,13560100.0
2022-06-10,122.58999633789062,123.4000015258789,119.31999969482422,119.55000305175781,108.0394058227539,12945200.0
2022-06-13,116.86000061035156,117.94999694824219,115.05999755859375,115.98999786376953,104.82215881347656,16805600.0
2022-06-14,115.55000305175781,117.31999969482422,113.22000122070312,114.05999755859375,103.07798767089844,13357900.0
2022-06-15,115.62000274658203,116.94999694824219,113.16999816894531,115.41000366210938,104.29801177978516,14083500.0
2022-06-16,113.86000061035156,114.26000213623047,111.87000274658203,113.43000030517578,102.50865936279297,16724900.0
2022-06-17,113.54000091552734,114.62999725341797,112.16000366210938,113.02999877929688,102.14717864990234,30919900.0
2022-06-20,113.54000091552734,114.62999725341797,112.16000366210938,113.02999877929688,102.14717864990234,30919900.0
2022-06-21,115.87000274658203,117.02999877929688,115.04000091552734,115.83000183105469,104.67757415771484,11680500.0
2022-06-22,114.87999725341797,116.19999694824219,114.38999938964844,115.18000030517578,104.09017944335938,9842700.0
2022-06-23,115.01000213623047,115.18000030517578,111.4800033569336,113.91999816894531,102.95145416259766,11851500.0
2022-06-24,113.2300033569336,117.81999969482422,112.83000183105469,117.31999969482422,106.02410888671875,14841100.0
2022-06-27,118.05999755859375,118.5,115.63999938964844,116.37999725341797,105.17463684082031,11280500.0
2022-06-28,117.66999816894531,119.29000091552734,115.5999984741211,115.81999969482422,104.66854095458984,11590900.0
2022-06-29,116.0,116.81999969482422,114.7300033569336,115.30000305175781,104.19862365722656,9338400.0
2022-06-30,113.16999816894531,114.08000183105469,110.93000030517578,112.61000061035156,101.76760864257812,15172600.0
2022-07-01,112.6500015258789,114.41999816894531,111.16000366210938,114.05000305175781,103.06896209716797,10573600.0
2022-07-04,112.6500015258789,114.41999816894531,111.16000366210938,114.05000305175781,103.06896209716797,10573600.0
2022-07-05,110.7699966430664,112.70999908447266,109.30000305175781,112.62000274658203,102.67692565917969,12514200.0
2022-07-06,111.7300033569336,112.98999786376953,110.79000091552734,111.88999938964844,102.01136016845703,10656200.0
2022-07-07,113.5,114.9000015258789,113.4000015258789,114.72000122070312,104.59151458740234,10347400.0
2022-07-08,115.16000366210938,115.6500015258789,113.61000061035156,114.36000061035156,104.26329803466797,8807800.0
2022-07-11,113.55000305175781,114.2300033569336,112.22000122070312,112.86000061035156,102.89572143554688,7939500.0
2022-07-12,112.58000183105469,115.18000030517578,112.26000213623047,112.97000122070312,102.99604034423828,11250900.0
2022-07-13,111.75,112.4800033569336,110.37999725341797,111.91000366210938,102.02960205078125,12979900.0
2022-07-14,107.98999786376953,108.2300033569336,106.05999755859375,108.0,98.4648208618164,26204800.0
2022-07-15,109.16000366210938,113.87999725341797,107.66999816894531,112.94999694824219,102.97779846191406,18863900.0
2022-07-18,114.7699966430664,115.83999633789062,111.29000091552734,111.79000091552734,101.9201889038086,13977900.0
2022-07-19,113.12999725341797,114.94000244140625,112.66999816894531,114.55999755859375,104.44564819335938,11862300.0
2022-07-20,114.0999984741211,114.73999786376953,113.4800033569336,114.54000091552734,104.42741394042969,11667500.0
2022-07-21,114.44000244140625,115.52999877929688,113.37000274658203,115.31999969482422,105.13854217529297,11595900.0
2022-07-22,115.23999786376953,116.25,113.66999816894531,114.76000213623047,104.62799072265625,7645500.0
2022-07-25,115.83999633789062,116.45999908447266,114.7699966430664,115.22000122070312,105.04737854003906,9394000.0
2022-07-26,114.58000183105469,115.58000183105469,113.02999877929688,113.41999816894531,103.40628051757812,10675100.0
2022-07-27,114.01000213623047,115.73999786376953,113.30000305175781,115.23999786376953,105.06558990478516,9337400.0
2022-07-28,115.25,115.9800033569336,113.52999877929688,114.80999755859375,104.67357635498047,10384800.0
2022-07-29,115.58999633789062,116.5,114.79000091552734,115.36000061035156,105.17501831054688,12944500.0
2022-08-01,114.5,115.11000061035156,113.06999969482422,114.20999908447266,104.12653350830078,14740400.0
2022-08-02,113.91999816894531,114.4000015258789,112.2699966430664,112.43000030517578,102.5036849975586,14942900.0
2022-08-03,113.44999694824219,114.0999984741211,111.70999908447266,113.61000061035156,103.57952117919922,14394500.0
2022-08-04,112.8499984741211,113.31999969482422,111.0199966430664,112.36000061035156,102.43988800048828,18033900.0
2022-08-05,112.52999877929688,116.19000244140625,112.05000305175781,115.76000213623047,105.53971099853516,14174600.0
2022-08-08,116.25,116.69999694824219,114.18000030517578,114.3499984741211,104.2541732788086,10332500.0
2022-08-09,114.75,115.98999786376953,114.37000274658203,115.37999725341797,105.19325256347656,10233800.0
2022-08-10,117.95999908447266,119.37000274658203,117.5,118.38999938964844,107.9375,12847300.0
2022-08-11,119.9000015258789,121.19999694824219,119.30999755859375,120.13999938964844,109.53299713134766,11684900.0
2022-08-12,120.66999816894531,122.25,119.44000244140625,122.12999725341797,111.34728240966797,9906700.0
2022-08-15,121.13999938964844,122.72000122070312,120.5999984741211,122.45999908447266,111.64816284179688,8456200.0
2022-08-16,122.29000091552734,124.23999786376953,121.87000274658203,123.62999725341797,112.71485137939453,9555000.0
2022-08-17,122.30000305175781,123.16000366210938,121.69000244140625,122.58999633789062,111.76669311523438,8149300.0
2022-08-18,122.23999786376953,122.47000122070312,120.55000305175781,121.63999938964844,110.90055847167969,9531800.0
2022-08-19,120.62000274658203,120.98999786376953,118.11000061035156,118.62999725341797,108.15629577636719,13464500.0
2022-08-22,116.75,117.16000366210938,115.5,116.66999816894531,106.36935424804688,8967600.0
2022-08-23,116.69000244140625,117.29000091552734,115.37999725341797,115.5199966430664,105.32089233398438,7607000.0
2022-08-24,115.29000091552734,116.41000366210938,114.44999694824219,115.80000305175781,105.57617950439453,9771300.0
2022-08-25,116.16000366210938,118.73999786376953,115.68000030517578,118.55000305175781,108.0833740234375,10758900.0
2022-08-26,119.45999908447266,119.98999786376953,114.5999984741211,114.66999816894531,104.54593658447266,11276200.0
2022-08-29,114.0,114.86000061035156,113.45999908447266,114.38999938964844,104.29065704345703,8117300.0
2022-08-30,115.0,115.58000183105469,113.36000061035156,114.41000366210938,104.30889129638672,10745400.0
2022-08-31,114.4800033569336,115.02999877929688,113.33999633789062,113.7300033569336,103.68891143798828,10738300.0
2022-09-01,113.29000091552734,114.62999725341797,111.91000366210938,114.51000213623047,104.40007019042969,9979800.0
2022-09-02,115.87000274658203,117.44999694824219,113.19000244140625,113.70999908447266,103.6706771850586,10666600.0
2022-09-05,115.87000274658203,117.44999694824219,113.19000244140625,113.70999908447266,103.6706771850586,10666600.0
2022-09-06,114.33000183105469,114.75,112.06999969482422,113.73999786376953,103.69802856445312,9751900.0
2022-09-07,113.12999725341797,116.11000061035156,112.76000213623047,115.9000015258789,105.6673355102539,10647900.0
2022-09-08,115.27999877929688,118.79000091552734,114.62999725341797,118.5999984741211,108.12896728515625,11435000.0
2022-09-09,119.13999938964844,120.05000305175781,118.66999816894531,119.16999816894531,108.64863586425781,9299700.0
2022-09-12,120.62000274658203,121.55000305175781,119.79000091552734,120.58000183105469,109.93414306640625,8614600.0
2022-09-13,118.06999969482422,118.91999816894531,115.77999877929688,116.38999938964844,106.11406707763672,12904600.0
2022-09-14,116.69999694824219,117.83999633789062,114.87999725341797,116.12000274658203,105.86790466308594,9345700.0
2022-09-15,116.12000274658203,119.37999725341797,115.76000213623047,117.87000274658203,107.46340942382812,10821400.0
2022-09-16,117.38999938964844,117.4000015258789,115.37000274658203,117.08000183105469,106.74315643310547,14844100.0
2022-09-19,116.0,118.7300033569336,115.51000213623047,118.16000366210938,107.72781372070312,8201300.0
2022-09-20,117.41000366210938,117.69000244140625,114.63999938964844,115.83000183105469,105.603515625,9619000.0
2022-09-21,116.54000091552734,116.5999984741211,112.41999816894531,112.48999786376953,102.55840301513672,12606300.0
2022-09-22,113.37999725341797,113.5999984741211,111.06999969482422,111.20999908447266,101.39142608642578,11684500.0
2022-09-23,110.05000305175781,110.33999633789062,107.16000366210938,109.13999938964844,99.50418090820312,18138600.0
2022-09-26,108.0,109.61000061035156,106.05999755859375,106.79000091552734,97.36164855957031,15753600.0
2022-09-27,107.75,108.16999816894531,104.6500015258789,105.8499984741211,96.5046157836914,12793600.0
2022-09-28,105.94999694824219,108.7300033569336,105.63999938964844,107.98999786376953,98.4556884765625,12762600.0
2022-09-29,106.94999694824219,107.27999877929688,104.4000015258789,106.16000366210938,96.78727722167969,12713900.0
2022-09-30,106.05999755859375,107.62000274658203,104.4000015258789,104.5,95.27381134033203,15973400.0
2022-10-03,105.62000274658203,108.36000061035156,104.45999908447266,107.7300033569336,98.2186508178711,12248100.0
2022-10-04,110.61000061035156,112.98999786376953,109.86000061035156,112.7699966430664,102.81367492675781,16013600.0
2022-10-05,109.75,110.94999694824219,108.83000183105469,110.38999938964844,101.54425811767578,10943500.0
2022-10-06,109.45999908447266,110.19000244140625,107.94000244140625,108.13999938964844,99.47456359863281,11521400.0
2022-10-07,107.5199966430664,107.70999908447266,105.2699966430664,105.9800033569336,97.4876480102539,11681100.0
2022-10-10,106.7300033569336,107.30999755859375,104.5199966430664,104.98999786376953,96.57696533203125,8931700.0
2022-10-11,104.37000274658203,104.54000091552734,101.8499984741211,101.95999908447266,93.7897720336914,12739700.0
2022-10-12,101.80000305175781,104.7300033569336,101.27999877929688,103.61000061035156,95.30756378173828,13181000.0
2022-10-13,101.9800033569336,109.9000015258789,101.76000213623047,109.37000274658203,100.60599517822266,22398700.0
2022-10-14,111.95999908447266,115.23999786376953,110.72000122070312,111.19000244140625,102.28015899658203,33387100.0
2022-10-17,115.41000366210938,117.01000213623047,114.31999969482422,115.86000061035156,106.57595825195312,22276300.0
2022-10-18,119.66000366210938,120.13999938964844,116.95999908447266,118.83999633789062,109.31714630126953,21539700.0
2022-10-19,117.98999786376953,118.83000183105469,115.66999816894531,116.51000213623047,107.17383575439453,17072000.0
2022-10-20,117.16000366210938,118.70999908447266,115.6500015258789,116.12999725341797,106.82431030273438,12207400.0
2022-10-21,116.45999908447266,122.38999938964844,116.33000183105469,122.2300033569336,112.43550109863281,20593300.0
2022-10-24,122.06999969482422,123.0999984741211,121.33000183105469,122.37999725341797,112.5735092163086,12624200.0
2022-10-25,121.8499984741211,123.2699966430664,120.88999938964844,122.69999694824219,112.86784362792969,11289100.0
2022-10-26,123.0,125.19999694824219,122.87999725341797,124.11000061035156,114.16485595703125,11667000.0
2022-10-27,125.19999694824219,126.19999694824219,124.20999908447266,124.5999984741211,114.61559295654297,10727600.0
2022-10-28,125.29000091552734,126.27999877929688,124.05000305175781,126.08000183105469,115.97699737548828,11859500.0
2022-10-31,125.69999694824219,127.43000030517578,125.58999633789062,125.87999725341797,115.79302215576172,13295200.0
2022-11-01,126.87000274658203,128.27999877929688,126.33000183105469,128.14999389648438,117.8811264038086,13386900.0
2022-11-02,127.6500015258789,130.36000061035156,126.63999938964844,126.97000122070312,116.79566955566406,16546100.0
2022-11-03,126.30999755859375,128.17999267578125,125.91000366210938,127.19999694824219,117.00724792480469,12474400.0
2022-11-04,129.49000549316406,130.8300018310547,128.4600067138672,130.67999267578125,120.20836639404297,14953200.0
2022-11-07,131.0,132.2899932861328,130.47999572753906,131.3699951171875,120.84309387207031,12011200.0
2022-11-08,131.24000549316406,132.05999755859375,130.13999938964844,131.4499969482422,120.91669464111328,9884100.0
2022-11-09,131.32000732421875,131.42999267578125,129.22000122070312,129.74000549316406,119.34371948242188,9494000.0
2022-11-10,132.6300048828125,135.25,132.52999877929688,135.0800018310547,124.25579071044922,16351600.0
2022-11-11,135.19000244140625,136.1699981689453,133.77999877929688,135.3000030517578,124.45819854736328,10704700.0
2022-11-14,134.8000030517578,135.72999572753906,133.91000366210938,133.91000366210938,123.17957305908203,11085600.0
2022-11-15,134.67999267578125,135.7100067138672,131.60000610351562,132.94000244140625,122.28729248046875,14038300.0
2022-11-16,133.0,133.55999755859375,132.02999877929688,133.1199951171875,122.45285034179688,7893400.0
2022-11-17,132.0,132.88999938964844,131.27999877929688,132.5399932861328,121.91931915283203,8820200.0
2022-11-18,134.57000732421875,134.6699981689453,132.27999877929688,133.83999633789062,123.11517333984375,9468500.0
2022-11-21,133.74000549316406,134.55999755859375,132.75,133.0500030517578,122.38845825195312,7800500.0
2022-11-22,134.0,135.27000427246094,133.69000244140625,135.0399932861328,124.21900939941406,9185700.0
2022-11-23,134.94000244140625,136.5,134.86000061035156,136.47999572753906,125.54362487792969,7316200.0
2022-11-24,134.94000244140625,136.5,134.86000061035156,136.47999572753906,125.54362487792969,7316200.0
2022-11-25,136.47999572753906,137.13999938964844,136.05999755859375,136.74000549316406,125.78279876708984,3220500.0
2022-11-28,136.07000732421875,136.7100067138672,134.19000244140625,134.35000610351562,123.58431243896484,9906900.0
2022-11-29,134.66000366210938,136.63999938964844,134.41000366210938,136.55999755859375,125.61724090576172,7925300.0
2022-11-30,136.08999633789062,138.17999267578125,133.19000244140625,138.17999267578125,127.10739135742188,14761200.0
2022-12-01,138.17999267578125,138.66000366210938,135.42999267578125,136.24000549316406,125.32286834716797,8858500.0
2022-12-02,134.49000549316406,135.35000610351562,133.33999633789062,135.16000366210938,124.32939147949219,8931900.0
2022-12-05,134.24000549316406,134.57000732421875,130.60000610351562,131.3699951171875,120.84309387207031,10154500.0
2022-12-06,133.38999938964844,135.11000061035156,129.8699951171875,131.58999633789062,121.04546356201172,13966700.0
2022-12-07,131.30999755859375,133.0800018310547,130.3300018310547,131.5,120.96269226074219,11739400.0
2022-12-08,132.3300018310547,132.97999572753906,131.42999267578125,132.8800048828125,122.23211669921875,8907300.0
2022-12-09,132.1999969482422,133.75999450683594,132.0,132.16000366210938,121.56980895996094,7957800.0
2022-12-12,132.39999389648438,134.64999389648438,131.60000610351562,134.2100067138672,123.45552062988281,8841600.0
2022-12-13,136.88999938964844,137.08999633789062,133.0800018310547,134.0800018310547,123.3359375,10025400.0
2022-12-14,133.77999877929688,135.7100067138672,132.75999450683594,133.41000366210938,122.71965026855469,9966100.0
2022-12-15,131.14999389648438,132.0800018310547,129.0500030517578,130.10000610351562,119.67487335205078,12087800.0
2022-12-16,129.14999389648438,129.89999389648438,128.42999267578125,129.2899932861328,118.9297866821289,21133700.0
2022-12-19,129.64999389648438,131.3300018310547,129.08999633789062,130.05999755859375,119.63809967041016,9017200.0
2022-12-20,130.97000122070312,132.0500030517578,130.1999969482422,130.69000244140625,120.21759033203125,8549900.0
2022-12-21,132.17999267578125,132.97999572753906,131.77000427246094,132.16000366210938,121.56980895996094,8051700.0
2022-12-22,131.10000610351562,131.3000030517578,128.41000366210938,130.66000366210938,120.19000244140625,8648200.0
2022-12-23,130.5800018310547,131.44000244140625,129.63999938964844,131.27999877929688,120.76031494140625,5091900.0
2022-12-26,130.5800018310547,131.44000244140625,129.63999938964844,131.27999877929688,120.76031494140625,5091900.0
2022-12-27,131.57000732421875,132.22000122070312,130.5500030517578,131.74000549316406,121.1834487915039,5411000.0
2022-12-28,131.85000610351562,133.41000366210938,131.00999450683594,132.4600067138672,121.84575653076172,8827700.0
2022-12-29,132.92999267578125,133.27000427246094,132.30999755859375,133.22000122070312,122.54487609863281,6585200.0
2022-12-30,132.80999755859375,134.3300018310547,132.44000244140625,134.10000610351562,123.35433959960938,9292500.0
2023-01-02,132.80999755859375,134.3300018310547,132.44000244140625,134.10000610351562,123.35433959960938,9292500.0
2023-01-03,135.24000549316406,136.74000549316406,133.88999938964844,135.1199951171875,124.29259490966797,11054800.0
2023-01-04,135.99000549316406,137.67999267578125,135.57000732421875,136.3800048828125,125.4516372680664,11687600.0
2023-01-05,135.66000366210938,135.7100067138672,133.6999969482422,135.35000610351562,125.42384338378906,8381300.0
2023-01-06,136.1300048828125,138.3800048828125,134.49000549316406,137.94000244140625,127.82389068603516,10029100.0
2023-01-09,138.60000610351562,138.8800048828125,136.8800048828125,137.3699951171875,127.2956771850586,8482300.0
2023-01-10,137.7899932861328,138.72000122070312,137.30999755859375,138.60000610351562,128.4355010986328,9048700.0
2023-01-11,138.89999389648438,139.75,138.10000610351562,139.6300048828125,129.3899383544922,8703700.0
2023-01-12,140.0,140.86000061035156,139.22000122070312,139.49000549316406,129.26022338867188,11001700.0
2023-01-13,135.60000610351562,143.49000549316406,134.8000030517578,143.00999450683594,132.52207946777344,20200000.0
2023-01-16,135.60000610351562,143.49000549316406,134.8000030517578,143.00999450683594,132.52207946777344,20200000.0
2023-01-17,141.1699981689453,141.5399932861328,139.22999572753906,140.8000030517578,130.47415161132812,14292900.0
2023-01-18,138.9199981689453,140.72999572753906,136.41000366210938,136.57000732421875,126.55436706542969,13392600.0
2023-01-19,135.32000732421875,135.89999389648438,133.58999633789062,134.75,124.86785125732422,13303400.0
2023-01-20,135.16000366210938,135.49000549316406,133.5500030517578,135.0800018310547,125.17362976074219,13092500.0
2023-01-23,135.1199951171875,137.9600067138672,134.82000732421875,137.27000427246094,127.20305633544922,10487100.0
2023-01-24,136.4199981689453,140.2899932861328,135.0,138.4499969482422,128.2965087890625,6945000.0
2023-01-25,138.0500030517578,139.1199951171875,137.25,139.1199951171875,128.9173583984375,8967000.0
2023-01-26,139.4199981689453,140.05999755859375,138.36000061035156,139.97999572753906,129.71426391601562,7487600.0
2023-01-27,140.61000061035156,141.25999450683594,139.75,140.32000732421875,130.02935791015625,7489900.0
2023-01-30,139.22999572753906,140.08999633789062,138.91000366210938,139.1300048828125,128.9266357421875,6729300.0
2023-01-31,139.8800048828125,140.07000732421875,138.25,139.9600067138672,129.69573974609375,9188700.0
2023-02-01,138.2100067138672,140.8800048828125,138.1199951171875,139.58999633789062,129.35292053222656,8841800.0
2023-02-02,140.0,140.4600067138672,138.0,138.94000244140625,128.75057983398438,11822100.0
2023-02-03,138.17999267578125,142.3300018310547,138.1300048828125,141.08999633789062,130.74288940429688,11501200.0
2023-02-06,140.22999572753906,142.24000549316406,140.02999877929688,141.9199981689453,131.51202392578125,8406200.0
2023-02-07,141.3800048828125,144.33999633789062,141.17999267578125,143.64999389648438,133.1151580810547,10447900.0
2023-02-08,142.64999389648438,144.0399932861328,142.27999877929688,142.63999938964844,132.17919921875,6958000.0
2023-02-09,143.1199951171875,143.33999633789062,139.8699951171875,140.4199981689453,130.12200927734375,6443100.0
2023-02-10,139.77999877929688,141.27999877929688,138.58999633789062,141.0399932861328,130.69654846191406,6582900.0
2023-02-13,141.3000030517578,142.72999572753906,140.74000549316406,142.57000732421875,132.11434936523438,7134600.0
2023-02-14,142.5,143.80999755859375,141.60000610351562,143.1999969482422,132.69815063476562,9249400.0
2023-02-15,141.61000061035156,143.88999938964844,141.3000030517578,143.8000030517578,133.25413513183594,6728300.0
2023-02-16,142.91000366210938,143.38999938964844,141.67999267578125,141.82000732421875,131.4193572998047,8165300.0
2023-02-17,140.97999572753906,142.8300018310547,140.07000732421875,142.24000549316406,131.80856323242188,7948800.0
2023-02-20,140.97999572753906,142.8300018310547,140.07000732421875,142.24000549316406,131.80856323242188,7948800.0
2023-02-21,140.69000244140625,141.33999633789062,138.75,139.6300048828125,129.3899383544922,9996300.0
2023-02-22,138.9199981689453,139.42999267578125,137.44000244140625,138.55999755859375,128.3983917236328,11107500.0
2023-02-23,138.72999572753906,140.1699981689453,137.94000244140625,139.6699981689453,129.42703247070312,8068000.0
2023-02-24,139.11000061035156,141.36000061035156,138.92999267578125,140.92999267578125,130.5946044921875,9126900.0
2023-02-27,142.11000061035156,143.30999755859375,141.72000122070312,142.16000366210938,131.73440551757812,10014700.0
2023-02-28,142.94000244140625,143.75999450683594,141.89999389648438,143.35000610351562,132.837158203125,11019800.0
2023-03-01,142.10000610351562,143.4600067138672,141.8000030517578,142.5500030517578,132.09580993652344,7139200.0
2023-03-02,142.24000549316406,142.42999267578125,139.5399932861328,141.07000732421875,130.72433471679688,11106800.0
2023-03-03,141.50999450683594,143.74000549316406,141.0800018310547,143.66000366210938,133.12442016601562,9513100.0
2023-03-06,143.44000244140625,144.0399932861328,142.66000366210938,142.82000732421875,132.34600830078125,9261300.0
2023-03-07,142.00999450683594,142.30999755859375,137.80999755859375,138.6199951171875,128.45399475097656,11747600.0
2023-03-08,138.0,138.58999633789062,136.88999938964844,137.8000030517578,127.69418334960938,10002500.0
2023-03-09,136.75999450683594,137.35000610351562,129.22000122070312,130.33999633789062,120.78125,25888100.0
2023-03-10,128.9600067138672,135.25999450683594,127.81999969482422,133.64999389648438,123.84851837158203,37599700.0
2023-03-13,131.2100067138672,133.8800048828125,129.41000366210938,131.25,121.6245346069336,42901100.0
2023-03-14,135.27999877929688,135.52999877929688,131.2899932861328,134.6199951171875,124.74738311767578,29648100.0
2023-03-15,130.97999572753906,130.99000549316406,126.7300033569336,128.25999450683594,118.85379028320312,34280600.0
2023-03-16,128.00999450683594,131.9499969482422,126.0199966430664,130.75,121.16118621826172,24558500.0
2023-03-17,128.3800048828125,128.47999572753906,125.44999694824219,125.80999755859375,116.58348846435547,38396000.0
2023-03-20,126.98999786376953,129.47000122070312,126.01000213623047,127.13999938964844,117.81593322753906,22875500.0
2023-03-21,130.58999633789062,131.72999572753906,130.19000244140625,130.5500030517578,120.97586822509766,17807800.0
2023-03-22,130.55999755859375,130.66000366210938,127.08000183105469,127.18000030517578,117.85301208496094,17250200.0
2023-03-23,127.9000015258789,129.52999877929688,126.0199966430664,126.83999633789062,117.5379409790039,16677600.0
2023-03-24,125.62999725341797,125.68000030517578,123.11000061035156,124.91000366210938,115.74947357177734,22311100.0
2023-03-27,126.79000091552734,129.3800048828125,126.29000091552734,128.49000549316406,119.06693267822266,18853900.0
2023-03-28,128.7100067138672,129.33999633789062,127.73999786376953,128.8800048828125,119.4283218383789,10820500.0
2023-03-29,130.10000610351562,130.22000122070312,127.7699966430664,129.13999938964844,119.66926574707031,14595300.0
2023-03-30,129.9499969482422,130.1199951171875,127.6500015258789,128.75,119.30787658691406,12134700.0
2023-03-31,129.66000366210938,130.33999633789062,128.85000610351562,130.30999755859375,120.75346374511719,13105200.0
2023-04-03,129.91000366210938,131.44000244140625,129.41000366210938,130.16000366210938,120.61446380615234,11775400.0
2023-04-04,130.5,130.58999633789062,127.41000366210938,128.4199981689453,119.0020751953125,11579900.0
2023-04-05,126.80000305175781,128.14999389648438,126.45999908447266,127.61000061035156,119.17951202392578,9614700.0
2023-04-06,127.0,128.0800018310547,126.86000061035156,127.47000122070312,119.04877471923828,8760200.0
2023-04-07,127.0,128.0800018310547,126.86000061035156,127.47000122070312,119.04877471923828,8760200.0
2023-04-10,126.54000091552734,128.22999572753906,126.22000122070312,127.88999938964844,119.44100952148438,9477300.0
2023-04-11,128.3000030517578,128.94000244140625,127.54000091552734,128.52000427246094,120.02938842773438,10516300.0
2023-04-12,129.17999267578125,130.42999267578125,128.05999755859375,128.5,120.01070404052734,11821000.0
2023-04-13,128.4600067138672,129.0399932861328,126.83000183105469,128.99000549316406,120.46834564208984,12450200.0
2023-04-14,135.14999389648438,139.1199951171875,134.89999389648438,138.72999572753906,129.5648651123047,43931300.0
2023-04-17,139.9499969482422,140.05999755859375,137.66000366210938,139.8300018310547,130.5922088623047,16050500.0
2023-04-18,140.27000427246094,141.77999877929688,139.02999877929688,141.39999389648438,132.05845642089844,13760100.0
2023-04-19,141.22999572753906,141.5,140.39999389648438,141.22000122070312,131.89036560058594,9158100.0
2023-04-20,139.91000366210938,141.42999267578125,139.83999633789062,140.80999755859375,131.5074462890625,10586200.0
2023-04-21,139.74000549316406,141.11000061035156,138.77999877929688,140.5399932861328,131.2552947998047,11842500.0
2023-04-24,140.4600067138672,141.10000610351562,140.0399932861328,140.72999572753906,131.43272399902344,7567500.0
2023-04-25,139.60000610351562,139.9600067138672,137.6300048828125,137.6699981689453,128.57489013671875,10629300.0
2023-04-26,137.6199951171875,137.80999755859375,134.0,135.22999572753906,126.29609680175781,14416100.0
2023-04-27,136.0,137.91000366210938,135.66000366210938,137.0500030517578,127.99589538574219,9041100.0
2023-04-28,136.55999755859375,138.32000732421875,135.6699981689453,138.24000549316406,129.10726928710938,9887300.0
2023-05-01,142.25999450683594,143.3699951171875,140.8300018310547,141.1999969482422,131.8717041015625,20415800.0
2023-05-02,141.39999389648438,142.41000366210938,138.42999267578125,138.9199981689453,129.74232482910156,14113400.0
2023-05-03,138.44000244140625,138.6699981689453,135.75999450683594,135.97999572753906,126.99654388427734,12930900.0
2023-05-04,134.9600067138672,135.72000122070312,131.80999755859375,134.1199951171875,125.25943756103516,17089200.0
2023-05-05,136.44000244140625,137.8800048828125,135.91000366210938,136.74000549316406,127.70634460449219,11261400.0
2023-05-08,137.49000549316406,137.97000122070312,136.47999572753906,137.07000732421875,128.0145263671875,7484900.0
2023-05-09,135.92999267578125,136.9499969482422,135.2100067138672,136.41000366210938,127.39814758300781,7343600.0
2023-05-10,137.9499969482422,138.05999755859375,134.8699951171875,136.47999572753906,127.4635238647461,8133400.0
2023-05-11,135.0,136.80999755859375,134.89999389648438,136.0500030517578,127.06192779541016,7057300.0
2023-05-12,136.82000732421875,136.99000549316406,133.1300048828125,134.10000610351562,125.24075317382812,9988600.0
2023-05-15,134.27000427246094,135.6699981689453,133.9600067138672,135.22999572753906,126.29609680175781,7639500.0
2023-05-16,135.4600067138672,135.94000244140625,133.9600067138672,134.32000732421875,125.44622039794922,6477200.0
2023-05-17,135.89999389648438,138.58999633789062,135.4600067138672,138.4499969482422,129.30337524414062,12711500.0
2023-05-18,138.27000427246094,139.72999572753906,137.75999450683594,139.5,130.28404235839844,10999600.0
2023-05-19,139.7899932861328,140.49000549316406,138.1300048828125,139.17999267578125,129.98513793945312,13492200.0
2023-05-22,141.0,141.63999938964844,137.66000366210938,138.02999877929688,128.91111755371094,11402500.0
2023-05-23,137.5399932861328,139.02999877929688,136.4600067138672,136.58999633789062,127.56625366210938,9514900.0
2023-05-24,135.39999389648438,136.35000610351562,135.0800018310547,135.33999633789062,126.3988265991211,8578000.0
2023-05-25,134.82000732421875,136.27000427246094,134.5800018310547,135.6699981689453,126.70703125,8472500.0
2023-05-26,136.11000061035156,137.60000610351562,135.6300048828125,136.94000244140625,127.89312744140625,8579900.0
2023-05-29,136.11000061035156,137.60000610351562,135.6300048828125,136.94000244140625,127.89312744140625,8579900.0
2023-05-30,136.8000030517578,137.72000122070312,136.02000427246094,137.4600067138672,128.3787841796875,7399900.0
2023-05-31,136.72999572753906,136.83999633789062,134.39999389648438,135.7100067138672,126.74441528320312,14219900.0
2023-06-01,136.52000427246094,138.22999572753906,135.4499969482422,137.5800018310547,128.4908447265625,12248100.0
2023-06-02,139.55999755859375,141.47999572753906,139.33999633789062,140.47000122070312,131.18994140625,12922500.0
2023-06-05,140.11000061035156,140.11000061035156,138.1300048828125,139.08999633789062,129.90109252929688,8511900.0
2023-06-06,138.67999267578125,140.10000610351562,138.2100067138672,139.33999633789062,130.1345977783203,9329500.0
2023-06-07,139.5500030517578,141.27000427246094,138.8300018310547,140.69000244140625,131.39540100097656,9281400.0
2023-06-08,140.6699981689453,140.88999938964844,139.47999572753906,140.72999572753906,131.43272399902344,7368100.0
2023-06-09,140.35000610351562,141.8000030517578,140.2100067138672,141.00999450683594,131.69424438476562,7249100.0
2023-06-12,141.07000732421875,141.32000732421875,139.75999450683594,141.0,131.6848907470703,7596600.0
2023-06-13,140.47999572753906,142.8699951171875,140.13999938964844,142.02000427246094,132.6375274658203,7701600.0
2023-06-14,143.0,143.61000061035156,140.6999969482422,141.49000549316406,132.14256286621094,9068700.0
2023-06-15,140.58999633789062,143.39999389648438,140.02999877929688,143.08999633789062,133.6368408203125,9343100.0
2023-06-16,143.0500030517578,143.97000122070312,142.5,143.25999450683594,133.79559326171875,13813500.0
2023-06-19,143.0500030517578,143.97000122070312,142.5,143.25999450683594,133.79559326171875,13813500.0
2023-06-20,142.61000061035156,143.0,141.0399932861328,142.52999877929688,133.11383056640625,8428600.0
2023-06-21,142.89999389648438,144.02000427246094,141.69000244140625,142.32000732421875,132.917724609375,9926500.0
2023-06-22,142.30999755859375,142.60000610351562,138.9499969482422,139.5800018310547,130.35870361328125,10075200.0
2023-06-23,138.5399932861328,139.17999267578125,137.6199951171875,138.85000610351562,129.6769561767578,9919500.0
2023-06-26,138.8699951171875,140.00999450683594,137.69000244140625,139.19000244140625,129.99449157714844,8429700.0
2023-06-27,139.0,139.83999633789062,138.5399932861328,139.1999969482422,130.00384521484375,8154000.0
2023-06-28,139.16000366210938,139.2100067138672,137.9600067138672,138.58999633789062,129.4341278076172,7558600.0
2023-06-29,140.07000732421875,143.55999755859375,139.85000610351562,143.42999267578125,133.954345703125,15423200.0
2023-06-30,144.60000610351562,146.0,143.66000366210938,145.44000244140625,135.83155822753906,14212800.0
2023-07-03,146.19000244140625,147.47999572753906,146.0,146.61000061035156,136.92428588867188,8021600.0
2023-07-04,146.19000244140625,147.47999572753906,146.0,146.61000061035156,136.92428588867188,8021600.0
2023-07-05,144.94000244140625,145.42999267578125,144.36000061035156,144.63999938964844,136.0121307373047,8934900.0
2023-07-06,143.02000427246094,143.38999938964844,141.44000244140625,143.2100067138672,134.66744995117188,9709500.0
2023-07-07,143.91000366210938,145.83999633789062,143.0,144.33999633789062,135.7300262451172,8981500.0
2023-07-10,144.5,145.99000549316406,144.5,145.14999389648438,136.49171447753906,9100100.0
2023-07-11,146.33999633789062,147.82000732421875,145.7100067138672,147.4199981689453,138.6262969970703,11260900.0
2023-07-12,147.4499969482422,149.8699951171875,147.0,148.14999389648438,139.31277465820312,11323200.0
2023-07-13,148.6999969482422,149.3699951171875,147.75,148.8699951171875,139.9898223876953,11234900.0
2023-07-14,151.5500030517578,152.88999938964844,148.41000366210938,149.77000427246094,140.8361358642578,27028400.0
2023-07-17,150.35000610351562,153.75,150.35000610351562,153.3800048828125,144.23081970214844,17262400.0
2023-07-18,153.3800048828125,154.39999389648438,152.82000732421875,153.66000366210938,144.4940948486328,13491700.0
2023-07-19,152.75,155.2100067138672,152.22000122070312,154.25,145.0489044189453,12510000.0
2023-07-20,154.52999877929688,156.58999633789062,154.41000366210938,156.14999389648438,146.8355712890625,9935900.0
2023-07-21,155.8000030517578,156.13999938964844,154.69000244140625,154.9499969482422,145.70713806152344,10636400.0
2023-07-24,154.97000122070312,158.7899932861328,154.72999572753906,158.0,148.5751953125,14381400.0
2023-07-25,157.3000030517578,157.72000122070312,155.9600067138672,156.82000732421875,147.46560668945312,9944700.0
2023-07-26,156.7100067138672,158.25,156.27999877929688,157.75999450683594,148.34951782226562,8728600.0
2023-07-27,157.77000427246094,158.77999877929688,155.5500030517578,156.02000427246094,146.71331787109375,10778400.0
2023-07-28,157.27999877929688,157.60000610351562,156.44000244140625,156.91000366210938,147.55023193359375,9103800.0
2023-07-31,157.17999267578125,159.3800048828125,157.14999389648438,157.9600067138672,148.53761291503906,8892700.0
2023-08-01,157.42999267578125,158.0,156.14999389648438,157.17999267578125,147.8041229248047,6853900.0
2023-08-02,155.55999755859375,155.69000244140625,153.94000244140625,155.39999389648438,146.13031005859375,8299400.0
2023-08-03,155.0,156.9199981689453,154.35000610351562,156.35000610351562,147.02365112304688,6084000.0
2023-08-04,156.39999389648438,157.8000030517578,155.6999969482422,156.02000427246094,146.71331787109375,6209400.0
2023-08-07,156.60000610351562,157.6999969482422,156.60000610351562,156.75999450683594,147.40916442871094,7251800.0
2023-08-08,154.32000732421875,155.97999572753906,152.58999633789062,155.8800048828125,146.58168029785156,8623400.0
2023-08-09,155.32000732421875,155.52000427246094,153.47000122070312,153.7899932861328,144.61634826660156,6277800.0
2023-08-10,154.3800048828125,155.44000244140625,153.08999633789062,153.55999755859375,144.4000701904297,5995100.0
2023-08-11,153.02999877929688,154.52000427246094,152.6300048828125,154.4499969482422,145.2369842529297,5180700.0
2023-08-14,153.61000061035156,154.9199981689453,152.9199981689453,154.77000427246094,145.5378875732422,5044300.0
2023-08-15,152.85000610351562,153.27000427246094,150.22999572753906,150.8300018310547,141.83290100097656,10300300.0
2023-08-16,150.60000610351562,150.9600067138672,149.67999267578125,150.19000244140625,141.23106384277344,6978200.0
2023-08-17,150.8800048828125,151.25999450683594,148.39999389648438,148.6300048828125,139.76412963867188,9953900.0
2023-08-18,147.64999389648438,149.5,147.44000244140625,148.97000122070312,140.08387756347656,8517500.0
2023-08-21,149.64999389648438,150.10000610351562,148.02000427246094,149.47999572753906,140.5634307861328,8327000.0
2023-08-22,149.25999450683594,149.63999938964844,145.85000610351562,146.3800048828125,137.64833068847656,9673300.0
2023-08-23,146.35000610351562,147.58999633789062,145.4600067138672,147.3699951171875,138.5792694091797,7858000.0
2023-08-24,147.5,149.41000366210938,146.99000549316406,147.22999572753906,138.4476318359375,6534000.0
2023-08-25,147.27999877929688,148.6199951171875,145.85000610351562,147.0500030517578,138.27838134765625,6695500.0
2023-08-28,147.57000732421875,148.61000061035156,147.1300048828125,147.55999755859375,138.75796508789062,5094100.0
2023-08-29,147.7100067138672,148.85000610351562,147.17999267578125,148.75999450683594,139.88638305664062,6337000.0
2023-08-30,148.6199951171875,149.14999389648438,147.19000244140625,148.16000366210938,139.3221893310547,6277300.0
2023-08-31,148.25999450683594,148.35000610351562,145.9600067138672,146.3300018310547,137.6013641357422,10933900.0
2023-09-01,146.08999633789062,148.0800018310547,145.6999969482422,146.82000732421875,138.06211853027344,7903500.0
2023-09-04,146.08999633789062,148.0800018310547,145.6999969482422,146.82000732421875,138.06211853027344,7903500.0
2023-09-05,147.16000366210938,148.2100067138672,145.00999450683594,145.1999969482422,136.53875732421875,7854700.0
2023-09-06,144.6999969482422,145.5399932861328,144.11000061035156,144.9600067138672,136.31304931640625,8629200.0
2023-09-07,144.1300048828125,145.27000427246094,143.38999938964844,143.72000122070312,135.1470184326172,8373700.0
2023-09-08,143.3699951171875,144.1199951171875,142.64999389648438,143.8300018310547,135.25045776367188,7107900.0
2023-09-11,144.75,145.0500030517578,143.69000244140625,144.4600067138672,135.84286499023438,6854200.0
2023-09-12,144.5,147.32000732421875,144.0500030517578,146.33999633789062,137.61074829101562,8363200.0
2023-09-13,147.33999633789062,147.6999969482422,145.82000732421875,146.41000366210938,137.67657470703125,8325900.0
2023-09-14,147.83999633789062,149.89999389648438,147.52000427246094,149.25,140.34715270996094,10034900.0
2023-09-15,148.9199981689453,149.72999572753906,148.30999755859375,148.80999755859375,139.93338012695312,19863400.0
2023-09-18,148.16000366210938,149.13999938964844,147.75,149.1199951171875,140.2248992919922,6512400.0
2023-09-19,149.5,149.72000122070312,147.2100067138672,148.92999267578125,140.0462188720703,7943400.0
2023-09-20,149.64999389648438,150.25,148.13999938964844,148.3000030517578,139.4538116455078,7332000.0
2023-09-21,147.5800018310547,148.85000610351562,146.6300048828125,147.13999938964844,138.36302185058594,8052400.0
2023-09-22,147.2899932861328,147.50999450683594,145.19000244140625,145.72999572753906,137.03712463378906,7071700.0
2023-09-25,145.35000610351562,146.52000427246094,143.6999969482422,146.4499969482422,137.7141876220703,7044700.0
2023-09-26,144.60000610351562,145.83999633789062,144.22999572753906,144.92999267578125,136.28485107421875,7468400.0
2023-09-27,145.19000244140625,146.08999633789062,144.50999450683594,145.77999877929688,137.08413696289062,6717800.0
2023-09-28,146.27999877929688,148.8699951171875,146.00999450683594,147.58999633789062,138.7861785888672,8868100.0
2023-09-29,148.60000610351562,148.75999450683594,144.86000061035156,145.02000427246094,136.36949157714844,11917800.0
2023-10-02,144.8300018310547,145.6199951171875,142.6300048828125,143.77000427246094,135.19406127929688,9170600.0
2023-10-03,143.1999969482422,143.58999633789062,142.35000610351562,142.7100067138672,134.19725036621094,9431100.0
2023-10-04,143.19000244140625,143.47000122070312,141.92999267578125,143.35000610351562,134.7991180419922,8128700.0
2023-10-05,142.0399932861328,143.10000610351562,140.8300018310547,142.89999389648438,135.36746215820312,8576200.0
2023-10-06,142.91000366210938,145.8800048828125,142.13999938964844,145.10000610351562,137.45152282714844,10270600.0
2023-10-09,143.66000366210938,145.39999389648438,143.5,144.77000427246094,137.138916015625,6964900.0
2023-10-10,145.4199981689453,146.77000427246094,145.27999877929688,145.64999389648438,137.9724884033203,11288800.0
2023-10-11,146.50999450683594,147.22999572753906,145.02000427246094,146.14999389648438,138.4461669921875,8698200.0
2023-10-12,146.3000030517578,146.9600067138672,145.1300048828125,145.80999755859375,138.1240692138672,10484400.0
2023-10-13,148.5,153.11000061035156,147.83999633789062,148.0,140.19862365722656,29427000.0
2023-10-16,149.4499969482422,149.52000427246094,146.72000122070312,147.85000610351562,140.05657958984375,12663500.0
2023-10-17,147.57000732421875,149.30999755859375,146.7899932861328,147.52999877929688,139.75340270996094,11482700.0
2023-10-18,146.58999633789062,147.47999572753906,145.3699951171875,145.91000366210938,138.21881103515625,9620300.0
2023-10-19,145.47999572753906,147.02000427246094,144.8800048828125,145.2899932861328,137.63148498535156,11143600.0
2023-10-20,144.57000732421875,145.13999938964844,142.1199951171875,142.9499969482422,135.4148406982422,13332900.0
2023-10-23,142.94000244140625,143.67999267578125,140.72999572753906,141.0,133.567626953125,10133400.0
2023-10-24,141.19000244140625,141.72999572753906,140.36000061035156,141.1699981689453,133.72865295410156,8881400.0
2023-10-25,140.57000732421875,141.17999267578125,139.50999450683594,140.39999389648438,132.9992218017578,8242600.0
2023-10-26,139.75999450683594,141.6699981689453,139.42999267578125,140.75999450683594,133.3402862548828,9109400.0
2023-10-27,138.9499969482422,139.10000610351562,135.19000244140625,135.69000244140625,128.5375213623047,17434700.0
2023-10-30,136.44000244140625,138.0399932861328,136.0399932861328,137.4199981689453,130.17633056640625,9855500.0
2023-10-31,137.7100067138672,139.24000549316406,137.47000122070312,139.05999755859375,131.7299041748047,9672500.0
2023-11-01,139.25,140.52999877929688,138.47000122070312,138.94000244140625,131.61622619628906,9432000.0
2023-11-02,140.08999633789062,141.47999572753906,139.22999572753906,141.4199981689453,133.96548461914062,10186200.0
2023-11-03,142.19000244140625,143.77000427246094,141.85000610351562,143.0,135.4622039794922,9538700.0
2023-11-06,143.1699981689453,144.19000244140625,142.7899932861328,144.0800018310547,136.48526000976562,7625100.0
2023-11-07,143.50999450683594,144.25999450683594,142.82000732421875,144.00999450683594,136.41897583007812,6297900.0
2023-11-08,144.11000061035156,144.83999633789062,143.6199951171875,144.72000122070312,137.091552734375,7618200.0
2023-11-09,145.44000244140625,145.64999389648438,143.6999969482422,144.2899932861328,136.68418884277344,7992500.0
2023-11-10,144.94000244140625,146.47999572753906,144.0800018310547,146.42999267578125,138.71139526367188,7983300.0
2023-11-13,145.6999969482422,146.25,145.16000366210938,145.77999877929688,138.0956573486328,6676300.0
2023-11-14,146.67999267578125,149.25,146.52000427246094,148.44000244140625,140.6154327392578,9927700.0
2023-11-15,148.4600067138672,150.16000366210938,148.4600067138672,149.74000549316406,141.84693908691406,8365300.0
2023-11-16,150.08999633789062,151.52999877929688,150.08999633789062,151.4499969482422,143.46678161621094,8126200.0
2023-11-17,152.1999969482422,152.86000061035156,151.5399932861328,152.82000732421875,144.7645721435547,7812400.0
2023-11-20,152.0800018310547,153.75,151.9199981689453,153.2899932861328,145.20977783203125,7019000.0
2023-11-21,153.1999969482422,153.6300048828125,152.57000732421875,152.97000122070312,144.9066619873047,7083500.0
2023-11-22,153.41000366210938,153.8800048828125,152.89999389648438,153.3300018310547,145.24769592285156,5174500.0
2023-11-23,153.41000366210938,153.8800048828125,152.89999389648438,153.3300018310547,145.24769592285156,5174500.0
2023-11-24,153.58999633789062,154.44000244140625,153.27999877929688,153.5399932861328,145.44662475585938,3496900.0
2023-11-27,153.42999267578125,153.52999877929688,152.7100067138672,153.19000244140625,145.11505126953125,6259100.0
2023-11-28,153.22000122070312,153.8699951171875,152.72000122070312,153.5399932861328,145.44662475585938,6582700.0
2023-11-29,154.1699981689453,155.6300048828125,154.0,154.32000732421875,146.18548583984375,9126100.0
2023-11-30,154.91000366210938,156.1300048828125,154.3800048828125,156.0800018310547,147.8527374267578,9869800.0
2023-12-01,155.82000732421875,157.86000061035156,155.82000732421875,156.83999633789062,148.57264709472656,8916000.0
2023-12-04,156.02000427246094,158.0500030517578,155.8800048828125,157.99000549316406,149.66207885742188,9607500.0
2023-12-05,157.25999450683594,158.5,156.97000122070312,157.97000122070312,149.6431121826172,9135600.0
2023-12-06,158.83999633789062,159.22000122070312,156.0,156.30999755859375,148.07058715820312,9366000.0
2023-12-07,156.69000244140625,157.30999755859375,156.14999389648438,156.7899932861328,148.52528381347656,8130900.0
2023-12-08,157.25999450683594,158.77999877929688,156.97999572753906,158.52000427246094,150.1641082763672,7369400.0
2023-12-11,158.52000427246094,159.3000030517578,158.14999389648438,159.10000610351562,150.71353149414062,8093900.0
2023-12-12,159.22999572753906,160.64999389648438,158.8800048828125,160.52000427246094,152.0586700439453,10223000.0
2023-12-13,160.52000427246094,162.02999877929688,159.77000427246094,161.05999755859375,152.57022094726562,12379100.0
2023-12-14,161.8300018310547,164.83999633789062,161.7100067138672,163.99000549316406,155.34579467773438,13643000.0
2023-12-15,163.0800018310547,165.27999877929688,162.38999938964844,165.22999572753906,156.52041625976562,20309300.0
2023-12-18,165.9199981689453,167.1300048828125,165.6300048828125,166.22999572753906,157.46768188476562,8469600.0
2023-12-19,166.0,168.47000122070312,165.5500030517578,168.4499969482422,159.5706787109375,10345700.0
2023-12-20,167.99000549316406,169.41000366210938,166.4499969482422,166.5500030517578,157.77081298828125,10734700.0
2023-12-21,166.83999633789062,168.08999633789062,165.67999267578125,167.5,158.67076110839844,7601700.0
2023-12-22,167.5,168.22999572753906,167.22999572753906,167.39999389648438,158.57603454589844,6576300.0
2023-12-25,167.5,168.22999572753906,167.22999572753906,167.39999389648438,158.57603454589844,6576300.0
2023-12-26,167.4600067138672,168.77000427246094,167.17999267578125,168.38999938964844,159.5138397216797,4683600.0
2023-12-27,167.83999633789062,169.47000122070312,167.5800018310547,169.39999389648438,160.47059631347656,6428600.0
2023-12-28,169.35000610351562,170.66000366210938,169.0,170.3000030517578,161.32318115234375,6320100.0
2023-12-29,170.0,170.69000244140625,169.6300048828125,170.10000610351562,161.1337127685547,6435100.0
2024-01-01,170.0,170.69000244140625,169.6300048828125,170.10000610351562,161.1337127685547,6435100.0
2024-01-02,169.08999633789062,172.1699981689453,168.91000366210938,172.0800018310547,163.0093231201172,9977400.0
2024-01-03,171.86000061035156,172.0399932861328,170.3699951171875,171.3300018310547,162.29885864257812,9852300.0
2024-01-04,170.63999938964844,173.35000610351562,170.5399932861328,171.41000366210938,163.3759002685547,11972500.0
2024-01-05,171.47000122070312,173.3800048828125,171.47000122070312,172.27000427246094,164.1956024169922,10066000.0
2024-01-08,172.02000427246094,172.36000061035156,169.49000549316406,172.02000427246094,163.9573211669922,11229900.0
2024-01-09,171.6199951171875,171.7899932861328,170.10000610351562,170.66000366210938,162.6610565185547,9923600.0
2024-01-10,170.0,171.0800018310547,168.9499969482422,171.02000427246094,163.00418090820312,9670200.0
2024-01-11,170.3300018310547,170.36000061035156,168.63999938964844,170.3000030517578,162.3179473876953,11919500.0
2024-01-12,173.8000030517578,176.30999755859375,168.89999389648438,169.0500030517578,161.1265411376953,19436500.0
2024-01-15,173.8000030517578,176.30999755859375,168.89999389648438,169.0500030517578,161.1265411376953,19436500.0
2024-01-16,164.8699951171875,168.08999633789062,164.3000030517578,167.99000549316406,160.11622619628906,17206400.0
2024-01-17,167.33999633789062,169.07000732421875,166.49000549316406,167.08999633789062,159.25839233398438,11107500.0
2024-01-18,167.1199951171875,167.52999877929688,165.24000549316406,167.4199981689453,159.5729217529297,9382300.0
2024-01-19,167.5500030517578,170.57000732421875,167.0800018310547,170.30999755859375,162.3274688720703,13115700.0
2024-01-22,170.4600067138672,171.97999572753906,169.7100067138672,170.11000061035156,162.1368408203125,12837500.0
2024-01-23,169.6699981689453,169.75,168.44000244140625,168.99000549316406,161.0693359375,8360800.0
2024-01-24,169.36000061035156,171.00999450683594,168.86000061035156,170.5,162.50856018066406,9967100.0
2024-01-25,172.30999755859375,172.99000549316406,170.91000366210938,172.94000244140625,164.83421325683594,8873500.0
2024-01-26,172.61000061035156,173.05999755859375,171.77999877929688,172.27999877929688,164.2051544189453,7443000.0
2024-01-29,172.24000549316406,172.83999633789062,171.3000030517578,172.72999572753906,164.634033203125,6971200.0
2024-01-30,172.8300018310547,176.75999450683594,172.8300018310547,176.27000427246094,168.00811767578125,10822100.0
2024-01-31,176.1999969482422,178.3000030517578,174.33999633789062,174.36000061035156,166.18765258789062,11521800.0
2024-02-01,173.63999938964844,174.83999633789062,171.42999267578125,173.72999572753906,165.58718872070312,9354800.0
2024-02-02,173.3000030517578,175.82000732421875,173.25999450683594,174.72999572753906,166.54029846191406,8607600.0
2024-02-05,173.86000061035156,175.08999633789062,172.9199981689453,174.5,166.32107543945312,7820200.0
2024-02-06,174.61000061035156,175.8699951171875,173.75999450683594,175.10000610351562,166.8929443359375,6764800.0
2024-02-07,175.69000244140625,175.8699951171875,173.9600067138672,175.42999267578125,167.20748901367188,7225500.0
2024-02-08,175.0,175.30999755859375,173.57000732421875,174.8000030517578,166.60702514648438,6060300.0
2024-02-09,175.0,175.10000610351562,173.6699981689453,175.00999450683594,166.8071746826172,6296700.0
2024-02-12,174.77999877929688,176.80999755859375,173.6999969482422,175.7899932861328,167.55059814453125,8539300.0
2024-02-13,175.32000732421875,176.22999572753906,172.6199951171875,174.25999450683594,166.0923309326172,8397600.0
2024-02-14,175.07000732421875,176.10000610351562,174.4199981689453,176.02999877929688,167.7793731689453,7056700.0
2024-02-15,176.14999389648438,180.2100067138672,176.14999389648438,179.8699951171875,171.4394073486328,8723400.0
2024-02-16,179.61000061035156,179.97999572753906,178.16000366210938,179.02999877929688,170.6387481689453,8152600.0
2024-02-19,179.61000061035156,179.97999572753906,178.16000366210938,179.02999877929688,170.6387481689453,8152600.0
2024-02-20,179.19000244140625,180.4600067138672,178.41000366210938,179.72999572753906,171.30592346191406,9668000.0
2024-02-21,179.9499969482422,180.99000549316406,178.52000427246094,180.89999389648438,172.42111206054688,7024000.0
2024-02-22,181.82000732421875,183.4199981689453,181.24000549316406,183.07000732421875,174.4894256591797,9296500.0
2024-02-23,183.80999755859375,185.1999969482422,183.19000244140625,183.99000549316406,175.36630249023438,7105800.0
2024-02-26,183.75,184.4600067138672,182.47999572753906,183.36000061035156,174.76580810546875,7145400.0
2024-02-27,183.30999755859375,183.5399932861328,182.24000549316406,183.4499969482422,174.85159301757812,5717100.0
2024-02-28,183.42999267578125,185.1999969482422,182.9600067138672,184.3800048828125,175.73802185058594,6131600.0
2024-02-29,185.66000366210938,186.42999267578125,183.85000610351562,186.05999755859375,177.33924865722656,9643000.0
2024-03-01,185.6999969482422,186.44000244140625,185.10000610351562,185.2899932861328,176.60533142089844,6311800.0
2024-03-04,184.7100067138672,187.58999633789062,184.27000427246094,186.67999267578125,177.93019104003906,7063600.0
2024-03-05,186.36000061035156,189.3000030517578,186.36000061035156,188.5500030517578,179.7125701904297,6617800.0
2024-03-06,189.25,190.07000732421875,187.6300048828125,189.52999877929688,180.6466064453125,7572900.0
2024-03-07,189.91000366210938,190.5,186.6300048828125,187.8699951171875,179.06442260742188,7618300.0
2024-03-08,188.44000244140625,190.4600067138672,187.9199981689453,188.22000122070312,179.39801025390625,6172200.0
2024-03-11,187.27999877929688,188.44000244140625,186.22000122070312,188.2899932861328,179.4647216796875,5762600.0
2024-03-12,188.9499969482422,190.16000366210938,187.91000366210938,189.83999633789062,180.94210815429688,5708400.0
2024-03-13,190.36000061035156,191.72999572753906,189.83999633789062,191.3800048828125,182.40992736816406,7795500.0
2024-03-14,191.02999877929688,191.6300048828125,187.10000610351562,187.97000122070312,179.15972900390625,10310900.0
2024-03-15,186.47999572753906,190.94000244140625,186.47999572753906,190.3000030517578,181.38052368164062,17214200.0
2024-03-18,190.6300048828125,192.6999969482422,189.88999938964844,192.66000366210938,183.6299285888672,9013800.0
2024-03-19,192.7100067138672,193.92999267578125,192.3800048828125,193.7899932861328,184.7069549560547,8478700.0
2024-03-20,194.19000244140625,196.55999755859375,193.61000061035156,196.3300018310547,187.12789916992188,9367000.0
2024-03-21,196.52000427246094,199.42999267578125,196.3300018310547,199.05999755859375,189.72994995117188,11203800.0
2024-03-22,199.00999450683594,200.47999572753906,196.5399932861328,196.6199951171875,187.40426635742188,8108800.0
2024-03-25,196.60000610351562,196.94000244140625,194.36000061035156,194.82000732421875,185.68865966796875,8620000.0
2024-03-26,194.58999633789062,196.66000366210938,194.05999755859375,195.72999572753906,186.5559844970703,5961500.0
2024-03-27,196.5,199.60000610351562,196.3800048828125,199.52000427246094,190.1683807373047,8725800.0
2024-03-28,199.49000549316406,200.72000122070312,198.5399932861328,200.3000030517578,190.9117889404297,8628300.0
2024-03-29,199.49000549316406,200.72000122070312,198.5399932861328,200.3000030517578,190.9117889404297,8628300.0
2024-04-01,199.99000549316406,200.94000244140625,198.57000732421875,198.94000244140625,189.61557006835938,7309000.0
2024-04-02,198.38999938964844,199.77999877929688,198.0800018310547,198.86000061035156,189.539306640625,7014700.0
2024-04-03,199.0399932861328,199.55999755859375,197.6999969482422,198.3000030517578,189.0055694580078,9353400.0
2024-04-04,199.14999389648438,199.67999267578125,195.5500030517578,195.64999389648438,187.56752014160156,9243800.0
2024-04-05,196.16000366210938,198.1199951171875,195.11000061035156,197.4499969482422,189.29315185546875,6532300.0
2024-04-08,197.6199951171875,198.97999572753906,197.6199951171875,198.47999572753906,190.28060913085938,8001000.0
2024-04-09,198.07000732421875,198.8800048828125,194.91000366210938,197.14999389648438,189.0055389404297,7351500.0
2024-04-10,195.5500030517578,197.07000732421875,194.17999267578125,195.47000122070312,187.39495849609375,7681400.0
2024-04-11,196.0,196.57000732421875,193.24000549316406,195.42999267578125,187.35658264160156,10137700.0
2024-04-12,188.32000732421875,188.92999267578125,182.5399932861328,182.7899932861328,175.23876953125,31532300.0
2024-04-15,184.5,187.4600067138672,182.1999969482422,182.88999938964844,175.33465576171875,14766600.0
2024-04-16,182.89999389648438,183.16000366210938,179.64999389648438,180.8000030517578,173.33099365234375,16451800.0
2024-04-17,181.3699951171875,182.4199981689453,179.1999969482422,180.0800018310547,172.64073181152344,9017100.0
2024-04-18,181.10000610351562,183.36000061035156,179.97000122070312,181.25,173.7624053955078,9557700.0
2024-04-19,182.39999389648438,185.8800048828125,181.41000366210938,185.8000030517578,178.12445068359375,13402300.0
2024-04-22,185.99000549316406,190.1300048828125,185.97999572753906,189.41000366210938,181.58531188964844,11529700.0
2024-04-23,191.1300048828125,192.22999572753906,190.52000427246094,192.13999938964844,184.2025146484375,9144400.0
2024-04-24,190.52999877929688,193.22999572753906,190.1699981689453,193.0800018310547,185.1037139892578,6964900.0
2024-04-25,192.25,193.94000244140625,191.17999267578125,193.3699951171875,185.3817138671875,9802300.0
2024-04-26,193.57000732421875,194.8699951171875,193.05999755859375,193.49000549316406,185.49676513671875,6413700.0
2024-04-29,193.47999572753906,194.25999450683594,192.42999267578125,193.27999877929688,185.29542541503906,5387800.0
2024-04-30,192.80999755859375,194.99000549316406,191.63999938964844,191.74000549316406,183.81907653808594,8153700.0
2024-05-01,192.27000427246094,194.4600067138672,190.7899932861328,191.86000061035156,183.93409729003906,7445300.0
2024-05-02,193.07000732421875,193.5,189.52000427246094,191.66000366210938,183.7423553466797,6501700.0
2024-05-03,192.0,192.52999877929688,188.4600067138672,190.50999450683594,182.63986206054688,8922800.0
2024-05-06,191.72999572753906,192.1999969482422,189.82000732421875,192.0,184.0682830810547,7911100.0
2024-05-07,191.6999969482422,192.92999267578125,191.64999389648438,191.75,183.8286590576172,7688800.0
2024-05-08,191.0,196.64999389648438,191.0,195.64999389648438,187.56752014160156,9227600.0
2024-05-09,195.1699981689453,197.58999633789062,195.10000610351562,197.5,189.3411102294922,7977300.0
2024-05-10,198.5399932861328,199.33999633789062,198.27000427246094,198.77000427246094,190.55865478515625,7529800.0
2024-05-13,198.8000030517578,199.85000610351562,198.0399932861328,198.72999572753906,190.52029418945312,7049200.0
2024-05-14,199.0,201.5800018310547,198.16000366210938,201.50999450683594,193.18544006347656,8596200.0
2024-05-15,202.00999450683594,202.69000244140625,199.77000427246094,202.11000061035156,193.7606658935547,8370000.0
2024-05-16,202.22000122070312,204.47999572753906,201.99000549316406,202.47000122070312,194.1057891845703,8497900.0
2024-05-17,203.80999755859375,205.0500030517578,202.80999755859375,204.7899932861328,196.32992553710938,9260500.0
2024-05-20,204.38999938964844,205.8800048828125,195.39999389648438,195.5800018310547,187.5004119873047,17373300.0
2024-05-21,197.0,199.89999389648438,196.60000610351562,199.52000427246094,191.27764892578125,14420800.0
2024-05-22,199.0,200.94000244140625,197.69000244140625,198.30999755859375,190.11764526367188,9425300.0
2024-05-23,197.80999755859375,198.3000030517578,196.07000732421875,196.9199981689453,188.78506469726562,8069400.0
2024-05-24,197.75,200.75999450683594,197.55999755859375,200.7100067138672,192.4185028076172,7356200.0
2024-05-27,197.75,200.75999450683594,197.55999755859375,200.7100067138672,192.4185028076172,7356200.0
2024-05-28,199.86000061035156,200.41000366210938,198.66000366210938,199.5,191.2584991455078,6910200.0
2024-05-29,198.0,198.99000549316406,196.88999938964844,198.11000061035156,189.92588806152344,6120000.0
2024-05-30,198.55999755859375,199.85000610351562,198.39999389648438,199.3300018310547,191.09552001953125,6829100.0
2024-05-31,199.3000030517578,203.3000030517578,198.35000610351562,202.6300048828125,194.25918579101562,14417900.0
2024-06-03,202.30999755859375,202.4199981689453,199.19000244140625,201.82000732421875,193.48265075683594,6444300.0
2024-06-04,200.16000366210938,201.97999572753906,198.27999877929688,199.16000366210938,190.93251037597656,6848300.0
2024-06-05,199.75999450683594,199.82000732421875,196.9199981689453,197.25999450683594,189.11102294921875,8351600.0
2024-06-06,197.25999450683594,198.02000427246094,195.3300018310547,196.91000366210938,188.77549743652344,7640300.0
2024-06-07,197.42999267578125,200.9199981689453,197.00999450683594,199.9499969482422,191.68988037109375,6964500.0
2024-06-10,199.24000549316406,200.83999633789062,198.44000244140625,199.61000061035156,191.36395263671875,6070800.0
2024-06-11,197.91000366210938,197.94000244140625,193.60000610351562,194.36000061035156,186.330810546875,9235300.0
2024-06-12,196.0,196.72000122070312,191.30999755859375,191.52999877929688,183.61773681640625,12751300.0
2024-06-13,192.32000732421875,194.5800018310547,190.8800048828125,193.66000366210938,185.65972900390625,8587800.0
2024-06-14,191.4499969482422,194.86000061035156,191.4199981689453,193.77999877929688,185.7747802734375,6874000.0
2024-06-17,193.47999572753906,195.5800018310547,192.63999938964844,194.97999572753906,186.92520141601562,8725400.0
2024-06-18,194.60000610351562,197.9600067138672,194.1300048828125,197.0,188.8617706298828,9023000.0
2024-06-19,194.60000610351562,197.9600067138672,194.1300048828125,197.0,188.8617706298828,9023000.0
2024-06-20,196.38999938964844,199.4499969482422,196.11000061035156,198.6699981689453,190.46275329589844,8731100.0
2024-06-21,196.7100067138672,197.1699981689453,194.22000122070312,196.3000030517578,188.190673828125,20972100.0
2024-06-24,197.80999755859375,199.22999572753906,197.10000610351562,198.8800048828125,190.66407775878906,9785900.0
2024-06-25,198.08999633789062,200.07000732421875,197.74000549316406,198.07000732421875,189.88758850097656,6862500.0
2024-06-26,197.4499969482422,197.94000244140625,196.27999877929688,197.42999267578125,189.27398681640625,7758600.0
2024-06-27,197.44000244140625,199.86000061035156,196.89999389648438,199.1699981689453,190.94210815429688,7913500.0
2024-06-28,200.00999450683594,202.60000610351562,199.3000030517578,202.25999450683594,193.90444946289062,15307600.0
2024-07-01,202.83999633789062,207.08999633789062,202.66000366210938,205.4499969482422,196.96267700195312,10205800.0
2024-07-02,205.2899932861328,208.86000061035156,204.77000427246094,208.8300018310547,200.20306396484375,7802900.0
2024-07-03,209.5500030517578,210.3800048828125,207.64999389648438,208.69000244140625,200.06883239746094,5560900.0
2024-07-04,209.5500030517578,210.3800048828125,207.64999389648438,208.69000244140625,200.06883239746094,5560900.0
2024-07-05,206.99000549316406,207.3699951171875,204.52000427246094,204.7899932861328,197.41781616210938,8093100.0
2024-07-08,205.0399932861328,206.89999389648438,203.97000122070312,205.1699981689453,197.78414916992188,8707000.0
2024-07-09,205.6300048828125,209.75999450683594,205.4499969482422,207.6300048828125,200.15557861328125,9058900.0
2024-07-10,206.13999938964844,207.97000122070312,205.5800018310547,207.8000030517578,200.31948852539062,8328500.0
2024-07-11,206.2100067138672,208.10000610351562,205.3800048828125,207.4499969482422,199.98208618164062,10658100.0
2024-07-12,204.0,207.4499969482422,202.10000610351562,204.94000244140625,197.56243896484375,15443400.0
2024-07-15,207.19000244140625,211.61000061035156,206.72000122070312,210.0500030517578,202.4884796142578,10719700.0
2024-07-16,210.0,213.74000549316406,208.0800018310547,213.6199951171875,205.9299774169922,11557000.0
2024-07-17,213.8000030517578,217.55999755859375,213.27000427246094,216.8699951171875,209.06295776367188,11572500.0
2024-07-18,215.6300048828125,216.63999938964844,209.24000549316406,209.97999572753906,202.42098999023438,12415100.0
2024-07-19,211.1999969482422,212.35000610351562,208.9199981689453,209.77999877929688,202.2281951904297,8095900.0
2024-07-22,210.4600067138672,212.1699981689453,209.7100067138672,210.27999877929688,202.71018981933594,7663200.0
2024-07-23,211.02000427246094,211.47999572753906,209.35000610351562,210.3300018310547,202.75840759277344,5557300.0
2024-07-24,209.5500030517578,212.02999877929688,208.07000732421875,208.58999633789062,201.08103942871094,7119000.0
2024-07-25,208.64999389648438,210.19000244140625,208.0500030517578,208.6699981689453,201.15814208984375,6403800.0
2024-07-26,209.24000549316406,213.16000366210938,208.6199951171875,212.24000549316406,204.5996551513672,8027800.0
2024-07-29,212.64999389648438,213.61000061035156,210.5500030517578,210.85000610351562,203.2596893310547,6533600.0
2024-07-30,213.22999572753906,215.7899932861328,212.9600067138672,215.19000244140625,207.44345092773438,8850700.0
2024-07-31,214.77999877929688,216.38999938964844,212.6699981689453,212.8000030517578,205.13949584960938,9071600.0
2024-08-01,213.1999969482422,213.8300018310547,206.3800048828125,207.9600067138672,200.4737091064453,10918600.0
2024-08-02,203.8800048828125,204.6699981689453,196.88999938964844,199.13999938964844,191.97122192382812,18041700.0
2024-08-05,194.0500030517578,196.1699981689453,190.89999389648438,194.89999389648438,187.88385009765625,13927000.0
2024-08-06,195.39999389648438,202.60000610351562,194.0,200.33999633789062,193.12802124023438,10605800.0
2024-08-07,203.50999450683594,205.75,200.1999969482422,200.39999389648438,193.18585205078125,9204400.0
2024-08-08,202.47000122070312,204.91000366210938,201.7899932861328,204.05999755859375,196.71409606933594,7761200.0
2024-08-09,203.47000122070312,206.47000122070312,202.89999389648438,205.8000030517578,198.3914794921875,5540200.0
2024-08-12,206.41000366210938,207.13999938964844,203.66000366210938,206.19000244140625,198.76742553710938,6936000.0
2024-08-13,207.72999572753906,208.08999633789062,205.39999389648438,207.94000244140625,200.4544219970703,6387800.0
2024-08-14,207.74000549316406,210.75999450683594,207.1199951171875,210.24000549316406,202.67164611816406,6999800.0
2024-08-15,213.0,213.88999938964844,211.10000610351562,211.5500030517578,203.93446350097656,7001000.0
2024-08-16,211.69000244140625,214.08999633789062,211.58999633789062,213.97000122070312,206.2673797607422,7931200.0
2024-08-19,214.0,215.52999877929688,213.82000732421875,215.4499969482422,207.69407653808594,6090800.0
2024-08-20,215.0,216.0,213.67999267578125,214.52000427246094,206.7975616455078,5640000.0
2024-08-21,214.42999267578125,215.0,212.83999633789062,214.60000610351562,206.8746795654297,5202300.0
2024-08-22,214.5800018310547,216.8000030517578,214.33999633789062,216.6300048828125,208.83160400390625,5247100.0
2024-08-23,217.60000610351562,219.19000244140625,216.5,218.30999755859375,210.4511260986328,7214000.0
2024-08-26,219.00999450683594,219.67999267578125,218.0500030517578,219.1699981689453,211.28016662597656,5105200.0
2024-08-27,219.50999450683594,220.4199981689453,219.19000244140625,220.17999267578125,212.25379943847656,5185200.0
2024-08-28,219.25,222.2100067138672,219.19000244140625,221.2899932861328,213.3238525390625,6506400.0
2024-08-29,222.14999389648438,222.97999572753906,218.94000244140625,222.2100067138672,214.21072387695312,6416100.0
2024-08-30,222.5,225.47999572753906,221.92999267578125,224.8000030517578,216.70750427246094,8574100.0
2024-09-02,222.5,225.47999572753906,221.92999267578125,224.8000030517578,216.70750427246094,8574100.0
2024-09-03,222.3000030517578,224.10000610351562,219.24000549316406,220.3000030517578,212.36949157714844,8956100.0
2024-09-04,221.0399932861328,222.07000732421875,217.2100067138672,219.3300018310547,211.4344024658203,7389500.0
2024-09-05,220.14999389648438,220.8000030517578,216.02999877929688,217.6300048828125,209.79562377929688,8067900.0
2024-09-06,217.60000610351562,218.74000549316406,211.08999633789062,212.4600067138672,204.81173706054688,7777000.0
2024-09-09,215.19000244140625,218.14999389648438,214.17999267578125,216.80999755859375,209.005126953125,8935100.0
2024-09-10,218.60000610351562,218.63999938964844,200.61000061035156,205.55999755859375,198.1601104736328,28406900.0
2024-09-11,205.25,207.6999969482422,201.8300018310547,207.22999572753906,199.77000427246094,13658700.0
2024-09-12,207.64999389648438,208.77999877929688,204.88999938964844,206.60000610351562,199.1626739501953,9054400.0
2024-09-13,206.86000061035156,207.85000610351562,203.02000427246094,204.32000732421875,196.96475219726562,10226700.0
2024-09-16,205.8300018310547,208.2100067138672,205.58999633789062,207.86000061035156,200.3773193359375,8634900.0
2024-09-17,207.72999572753906,209.92999267578125,207.66000366210938,209.25,201.71728515625,7573300.0
2024-09-18,209.00999450683594,211.33999633789062,206.6999969482422,207.52999877929688,200.05918884277344,8259900.0
2024-09-19,209.77999877929688,211.91000366210938,207.33999633789062,210.47999572753906,202.9029998779297,11635200.0
2024-09-20,209.92999267578125,211.4199981689453,209.5,211.08999633789062,203.49102783203125,20885000.0
2024-09-23,211.0,211.8000030517578,209.99000549316406,211.44000244140625,203.8284149169922,7223500.0
2024-09-24,211.14999389648438,212.9499969482422,210.3699951171875,211.58999633789062,203.97303771972656,7323200.0
2024-09-25,211.67999267578125,212.24000549316406,208.61000061035156,210.19000244140625,202.62344360351562,8976500.0
2024-09-26,211.1300048828125,211.6999969482422,209.00999450683594,209.77999877929688,202.2281951904297,7807500.0
2024-09-27,210.64999389648438,212.44000244140625,209.3300018310547,210.5,202.9222869873047,7032500.0
2024-09-30,206.30999755859375,210.9600067138672,205.25999450683594,210.86000061035156,203.2693328857422,8663800.0
2024-10-01,208.89999389648438,209.08999633789062,206.19000244140625,207.0399932861328,199.58682250976562,8540100.0
2024-10-02,207.0800018310547,208.9499969482422,205.69000244140625,207.2899932861328,199.82781982421875,5810900.0
2024-10-03,206.1699981689453,206.49000549316406,204.33999633789062,205.22999572753906,197.84197998046875,7251300.0
2024-10-04,209.3000030517578,211.6699981689453,206.91000366210938,211.22000122070312,204.8641357421875,10211700.0
2024-10-07,211.02999877929688,213.3300018310547,209.69000244140625,210.92999267578125,204.5828399658203,6718900.0
2024-10-08,210.5800018310547,211.3300018310547,208.3800048828125,210.75,204.4082489013672,6021800.0
2024-10-09,209.6999969482422,214.24000549316406,209.3800048828125,213.4199981689453,206.9979248046875,7024000.0
2024-10-10,214.80999755859375,214.80999755859375,211.47000122070312,212.83999633789062,206.4353790283203,7927100.0
2024-10-11,215.6699981689453,224.6300048828125,215.16000366210938,222.2899932861328,215.60101318359375,18320700.0
2024-10-14,223.1999969482422,223.6999969482422,218.8800048828125,221.47999572753906,214.81539916992188,9048900.0
2024-10-15,223.66000366210938,225.4499969482422,221.82000732421875,222.38999938964844,215.697998046875,9235800.0
2024-10-16,222.3300018310547,223.67999267578125,221.0399932861328,223.63999938964844,216.91038513183594,6382500.0
2024-10-17,224.27000427246094,225.85000610351562,223.30999755859375,224.4199981689453,217.6669158935547,6470200.0
2024-10-18,225.0,225.9199981689453,223.10000610351562,225.3699951171875,218.5883331298828,7000500.0
2024-10-21,225.22000122070312,225.6999969482422,222.89999389648438,223.0,216.2896728515625,5870000.0
2024-10-22,223.02000427246094,225.27999877929688,221.10000610351562,224.1199951171875,217.37594604492188,9586800.0
2024-10-23,223.66000366210938,224.8000030517578,222.52999877929688,223.41000366210938,216.6873321533203,6180500.0
2024-10-24,221.8300018310547,225.05999755859375,221.66000366210938,224.97999572753906,218.2100830078125,6002200.0
2024-10-25,225.0,225.6199951171875,220.8800048828125,222.30999755859375,215.62042236328125,6369700.0
2024-10-28,223.35000610351562,225.63999938964844,222.9499969482422,225.5,218.71441650390625,6843000.0
2024-10-29,225.2100067138672,226.75,222.80999755859375,222.89999389648438,216.19264221191406,6580000.0
2024-10-30,222.5399932861328,226.30999755859375,221.5800018310547,224.41000366210938,217.6572265625,7110900.0
2024-10-31,224.6999969482422,225.69000244140625,221.82000732421875,221.9199981689453,215.2421417236328,7829900.0
2024-11-01,223.55999755859375,226.14999389648438,222.6999969482422,222.94000244140625,216.23146057128906,6923500.0
2024-11-04,222.64999389648438,223.75999450683594,219.1699981689453,219.77999877929688,213.16653442382812,8229600.0
2024-11-05,220.02999877929688,221.9600067138672,220.0,221.49000549316406,214.82510375976562,5600700.0
2024-11-06,235.0,248.0,234.77000427246094,247.05999755859375,239.62564086914062,23987800.0
2024-11-07,244.5,244.57000732421875,235.22000122070312,236.3800048828125,229.26702880859375,16451100.0
2024-11-08,239.33999633789062,239.33999633789062,235.77999877929688,236.97999572753906,229.8489532470703,9502100.0
2024-11-11,240.0,242.10000610351562,239.0,239.2899932861328,232.08946228027344,9017100.0
2024-11-12,240.5500030517578,241.4600067138672,238.75999450683594,239.55999755859375,232.35133361816406,6861000.0
2024-11-13,240.5800018310547,244.08999633789062,240.30999755859375,241.16000366210938,233.9031982421875,11472600.0
2024-11-14,242.4199981689453,244.2899932861328,241.0500030517578,241.8699951171875,234.59181213378906,10172200.0
2024-11-15,241.4600067138672,246.4199981689453,241.4600067138672,245.30999755859375,237.92832946777344,11518800.0
2024-11-18,247.75999450683594,247.92999267578125,242.67999267578125,245.02999877929688,237.65675354003906,9051400.0
2024-11-19,242.25,245.14999389648438,241.5500030517578,243.08999633789062,235.77511596679688,6792700.0
2024-11-20,244.39999389648438,244.61000061035156,238.63999938964844,240.77999877929688,233.53463745117188,9015300.0
2024-11-21,243.22999572753906,245.49000549316406,242.11000061035156,244.75999450683594,237.39486694335938,8783500.0
2024-11-22,243.61000061035156,249.14999389648438,243.02999877929688,248.5500030517578,241.07081604003906,7997300.0
2024-11-25,249.58999633789062,254.30999755859375,249.05999755859375,250.2899932861328,242.75845336914062,10295400.0
2024-11-26,250.49000549316406,251.0,248.33999633789062,249.97000122070312,242.44808959960938,6212100.0
2024-11-27,249.35000610351562,251.19000244140625,248.77000427246094,249.7899932861328,242.27349853515625,5472300.0
2024-11-28,249.35000610351562,251.19000244140625,248.77000427246094,249.7899932861328,242.27349853515625,5472300.0
2024-11-29,249.86000061035156,251.77000427246094,249.4499969482422,249.72000122070312,242.2056121826172,5494800.0
2024-12-02,249.5500030517578,250.25,245.02999877929688,246.25,238.8400115966797,8899700.0
2024-12-03,248.22999572753906,249.0399932861328,244.6300048828125,244.82000732421875,237.45306396484375,6657700.0
2024-12-04,244.6999969482422,245.35000610351562,242.22999572753906,243.39999389648438,236.07577514648438,7346300.0
2024-12-05,245.38999938964844,247.17999267578125,244.6199951171875,245.47999572753906,238.09320068359375,6572500.0
2024-12-06,245.6999969482422,247.74000549316406,244.83999633789062,247.36000061035156,239.9166259765625,5519700.0
2024-12-09,247.1300048828125,247.8699951171875,243.75999450683594,243.80999755859375,236.4734649658203,7076500.0
2024-12-10,243.88999938964844,247.9600067138672,242.22000122070312,242.86000061035156,235.5520477294922,9108300.0
2024-12-11,244.0,244.27000427246094,242.17999267578125,243.52999877929688,236.20188903808594,7884400.0
2024-12-12,243.0,244.10000610351562,241.0399932861328,241.52999877929688,234.2620391845703,6113800.0
2024-12-13,242.07000732421875,242.72000122070312,239.13999938964844,239.94000244140625,232.71990966796875,10392700.0
2024-12-16,240.61000061035156,240.6699981689453,237.52000427246094,239.5800018310547,232.37074279785156,9032000.0
2024-12-17,238.64999389648438,239.02000427246094,236.6300048828125,238.36000061035156,231.18743896484375,8083600.0
2024-12-18,239.0,239.07000732421875,229.52999877929688,230.3699951171875,223.4378662109375,11322400.0
2024-12-19,232.27000427246094,236.36000061035156,232.27000427246094,232.9600067138672,225.94993591308594,11790800.0
2024-12-20,231.9199981689453,239.2100067138672,231.58999633789062,237.60000610351562,230.45033264160156,32348400.0
2024-12-23,236.07000732421875,238.6199951171875,234.8800048828125,238.38999938964844,231.21653747558594,8611500.0
2024-12-24,239.42999267578125,242.49000549316406,239.07000732421875,242.30999755859375,235.01856994628906,3729100.0
2024-12-25,239.42999267578125,242.49000549316406,239.07000732421875,242.30999755859375,235.01856994628906,3729100.0
2024-12-26,241.42999267578125,243.25999450683594,240.7899932861328,243.13999938964844,235.8236083984375,4451800.0
2024-12-27,242.72000122070312,243.38999938964844,240.0399932861328,241.1699981689453,233.91290283203125,5730200.0
2024-12-30,238.77000427246094,240.83999633789062,237.11000061035156,239.32000732421875,232.11856079101562,5723800.0
2024-12-31,240.0500030517578,241.44000244140625,239.02999877929688,239.7100067138672,232.49684143066406,4871000.0
2025-01-01,240.0500030517578,241.44000244140625,239.02999877929688,239.7100067138672,232.49684143066406,4871000.0
2025-01-02,240.9199981689453,243.27999877929688,239.4499969482422,240.0,232.77809143066406,9220900.0
2025-01-03,243.88999938964844,244.8800048828125,240.25999450683594,243.27999877929688,235.95941162109375,9491100.0
2025-01-06,243.6999969482422,245.69000244140625,240.5800018310547,240.85000610351562,234.80899047851562,9917800.0
2025-01-07,242.13999938964844,245.25999450683594,240.89999389648438,243.1699981689453,237.07080078125,8753400.0
2025-01-08,242.75,244.25,240.5,243.1300048828125,237.0318145751953,8675300.0
2025-01-09,242.75,244.25,240.5,243.1300048828125,237.0318145751953,8675300.0
2025-01-10,243.08999633789062,243.80999755859375,238.74000549316406,239.8699951171875,233.8535614013672,10256800.0
2025-01-13,239.6699981689453,244.5399932861328,239.0,244.2100067138672,238.08473205566406,10005300.0
2025-01-14,242.66000366210938,247.72000122070312,242.19000244140625,247.47000122070312,241.26295471191406,12407400.0
2025-01-15,250.39999389648438,253.6699981689453,243.67999267578125,252.35000610351562,246.0205535888672,18448500.0
2025-01-16,254.0,257.0400085449219,252.3300018310547,254.27000427246094,247.89239501953125,15292300.0
2025-01-17,254.13999938964844,260.6199951171875,252.13999938964844,259.1600036621094,252.65975952148438,17678100.0
2025-01-20,254.13999938964844,260.6199951171875,252.13999938964844,259.1600036621094,252.65975952148438,17678100.0
2025-01-21,260.07000732421875,264.25,259.5,263.0299987792969,256.43267822265625,13712100.0
2025-01-22,262.8999938964844,263.3800048828125,260.25,262.8399963378906,256.2474365234375,9021900.0
2025-01-23,264.69000244140625,266.8599853515625,263.80999755859375,265.95001220703125,259.2794494628906,10749700.0
2025-01-24,263.69000244140625,267.1000061035156,263.010009765625,264.8399963378906,258.197265625,7666300.0
2025-01-27,264.1700134277344,265.9700012207031,262.260009765625,265.8500061035156,259.1819763183594,7522300.0
2025-01-28,265.8500061035156,267.3299865722656,264.8299865722656,267.1400146484375,260.4396057128906,7375400.0
2025-01-29,267.2099914550781,270.67999267578125,265.6099853515625,266.5799865722656,259.89361572265625,7684900.0
2025-01-30,268.6300048828125,269.70001220703125,266.6199951171875,268.2300109863281,261.5022277832031,8753500.0
2025-01-31,269.2300109863281,270.82000732421875,266.9599914550781,267.29998779296875,260.5956115722656,7193800.0
2025-02-03,261.8299865722656,268.1700134277344,261.70001220703125,266.80999755859375,260.11785888671875,8381400.0
2025-02-04,269.8399963378906,269.8399963378906,266.8299865722656,267.94000244140625,261.2195129394531,5626000.0
2025-02-05,268.9100036621094,270.6400146484375,268.3299865722656,270.42999267578125,263.64703369140625,5704400.0
2025-02-06,272.45001220703125,276.9800109863281,271.19000244140625,276.8999938964844,269.9548034667969,7264400.0
2025-02-07,277.2699890136719,278.54998779296875,274.7099914550781,275.79998779296875,268.88232421875,6857900.0
2025-02-10,276.1499938964844,276.17999267578125,269.5899963378906,271.0400085449219,264.2417907714844,8627400.0
2025-02-11,270.260009765625,276.2200012207031,269.6600036621094,274.989990234375,268.0926818847656,7196400.0
2025-02-12,274.0799865722656,276.45001220703125,273.25,275.45001220703125,268.5411376953125,6683900.0
2025-02-13,275.5,276.9700012207031,273.80999755859375,276.32000732421875,269.38934326171875,8398700.0
2025-02-14,277.3699951171875,279.2300109863281,276.45001220703125,276.5899963378906,269.652587890625,5688600.0
2025-02-17,277.3699951171875,279.2300109863281,276.45001220703125,276.5899963378906,269.652587890625,5688600.0
2025-02-18,276.760009765625,279.9700012207031,276.0199890136719,279.95001220703125,272.9283142089844,7919800.0
2025-02-19,278.3800048828125,280.25,277.2200012207031,279.25,272.245849609375,7007200.0
2025-02-20,278.67999267578125,278.739990234375,265.739990234375,266.79998779296875,260.10809326171875,13846700.0
2025-02-21,268.32000732421875,269.20001220703125,262.8399963378906,264.239990234375,257.6123352050781,12835600.0
2025-02-24,265.489990234375,267.0,258.6099853515625,261.3399963378906,254.7850341796875,10372800.0
2025-02-25,262.2300109863281,263.0,253.35000610351562,257.3999938964844,250.94386291503906,9608400.0
2025-02-26,257.1600036621094,260.9100036621094,256.92999267578125,258.7900085449219,252.29904174804688,5943600.0
2025-02-27,260.17999267578125,263.6400146484375,257.8599853515625,259.04998779296875,252.55247497558594,8204400.0
2025-02-28,260.7300109863281,264.80999755859375,257.8900146484375,264.6499938964844,258.01202392578125,10467100.0
2025-03-03,264.0,266.32000732421875,257.82000732421875,260.6199951171875,254.08309936523438,9058300.0
2025-03-04,255.27999877929688,257.2300109863281,245.9499969482422,250.25,243.97320556640625,13465600.0
2025-03-05,251.25,253.0500030517578,247.8300018310547,251.52999877929688,245.2211151123047,7861400.0
2025-03-06,248.11000061035156,249.36000061035156,243.85000610351562,246.5399932861328,240.3562774658203,9983200.0
2025-03-07,245.22999572753906,246.72000122070312,239.4199981689453,242.27999877929688,236.203125,20498700.0
2025-03-10,236.2100067138672,237.50999450683594,228.6999969482422,232.22000122070312,226.3954620361328,18887200.0
2025-03-11,231.75,233.32000732421875,226.69000244140625,229.13999938964844,223.39271545410156,18143000.0
2025-03-12,234.0,234.32000732421875,227.25999450683594,227.89999389648438,222.18380737304688,16054000.0
2025-03-13,229.3000030517578,229.5,224.22999572753906,225.19000244140625,219.54177856445312,16467900.0
2025-03-14,228.1199951171875,233.13999938964844,227.5800018310547,232.44000244140625,226.60995483398438,11962100.0
2025-03-17,231.17999267578125,235.6699981689453,230.4600067138672,233.92999267578125,228.06253051757812,9586000.0
2025-03-18,234.32000732421875,236.1699981689453,233.52000427246094,234.97000122070312,229.07647705078125,10344900.0
2025-03-19,235.74000549316406,242.3300018310547,234.88999938964844,239.11000061035156,233.11264038085938,10120600.0
2025-03-20,236.55999755859375,241.75999450683594,236.1999969482422,239.00999450683594,233.01512145996094,8328500.0
2025-03-21,237.80999755859375,242.3000030517578,236.5,241.6300048828125,235.56942749023438,19326900.0
2025-03-24,245.47999572753906,248.69000244140625,244.41000366210938,248.05999755859375,241.838134765625,9422700.0
2025-03-25,249.30999755859375,251.82000732421875,247.6199951171875,251.1300048828125,244.83114624023438,9287700.0
2025-03-26,252.60000610351562,254.6699981689453,249.77999877929688,251.02999877929688,244.73365783691406,12779300.0
2025-03-27,249.52999877929688,250.63999938964844,247.17999267578125,248.1199951171875,241.89663696289062,8022500.0
2025-03-28,246.94000244140625,249.50999450683594,241.11000061035156,242.85000610351562,236.7588348388672,11978400.0
2025-03-31,239.41000366210938,245.86000061035156,237.36000061035156,245.3000030517578,239.14736938476562,13603000.0
2025-04-01,242.6199951171875,245.69000244140625,240.8800048828125,243.66000366210938,237.5485076904297,8054700.0
2025-04-02,241.60000610351562,247.25,241.4600067138672,245.82000732421875,239.65432739257812,7758800.0
2025-04-03,234.27000427246094,235.13999938964844,227.3000030517578,228.69000244140625,222.95399475097656,17188500.0
2025-04-04,215.30999755859375,217.6999969482422,208.92999267578125,210.27999877929688,206.26849365234375,27170700.0
2025-04-07,205.77000427246094,222.0500030517578,202.16000366210938,214.44000244140625,210.34913635253906,22914400.0
2025-04-08,223.52000427246094,227.83999633789062,213.25,216.8699951171875,212.73275756835938,19485700.0
2025-04-09,212.5,237.47999572753906,211.0,234.33999633789062,229.86949157714844,24022400.0
2025-04-10,230.0,230.35000610351562,220.10000610351562,227.11000061035156,222.7774200439453,18896400.0
2025-04-11,226.30999755859375,238.5800018310547,225.0,236.1999969482422,231.6940155029297,20284500.0
2025-04-14,237.10000610351562,239.77999877929688,233.6300048828125,234.72000122070312,230.24224853515625,13017800.0
2025-04-15,236.10000610351562,238.64999389648438,232.82000732421875,233.1300048828125,228.6825714111328,10912900.0
2025-04-16,232.0,233.5800018310547,227.92999267578125,229.61000061035156,225.22972106933594,9322300.0
2025-04-17,230.8000030517578,234.33999633789062,230.5500030517578,231.9600067138672,227.53489685058594,9557900.0
2025-04-18,230.8000030517578,234.33999633789062,230.5500030517578,231.9600067138672,227.53489685058594,9557900.0
2025-04-21,230.6300048828125,231.80999755859375,226.33999633789062,228.99000549316406,224.62156677246094,8716200.0
2025-04-22,231.97999572753906,235.99000549316406,231.3699951171875,235.58999633789062,231.09564208984375,10701400.0
2025-04-23,240.22000122070312,246.7899932861328,240.0,240.8800048828125,236.28472900390625,14126800.0
2025-04-24,239.74000549316406,245.47000122070312,237.5800018310547,244.63999938964844,239.97300720214844,9055200.0
2025-04-25,244.64999389648438,245.6199951171875,241.75,243.5500030517578,238.90380859375,8588600.0
2025-04-28,244.55999755859375,246.83999633789062,240.83999633789062,243.22000122070312,238.58009338378906,7394300.0
2025-04-29,242.19000244140625,245.25,241.69000244140625,244.6199951171875,239.95338439941406,7216800.0
2025-04-30,241.2100067138672,245.22000122070312,238.42999267578125,244.6199951171875,239.95338439941406,12991700.0
2025-05-01,242.83999633789062,248.4499969482422,242.1699981689453,246.88999938964844,242.18008422851562,8689600.0
2025-05-02,251.25999450683594,253.6199951171875,249.4600067138672,252.50999450683594,247.69285583496094,7165000.0
2025-05-05,251.17999267578125,255.16000366210938,250.58999633789062,252.55999755859375,247.74192810058594,5450700.0
2025-05-06,250.0,252.64999389648438,249.0,249.25,244.49505615234375,6369900.0
2025-05-07,249.85000610351562,252.4499969482422,248.8300018310547,249.38999938964844,244.63238525390625,8724100.0
2025-05-08,251.57000732421875,255.8800048828125,251.5500030517578,253.47000122070312,248.63453674316406,8320100.0
2025-05-09,254.5,255.50999450683594,252.33999633789062,253.0800018310547,248.2519989013672,5087600.0
2025-05-12,262.8999938964844,263.6000061035156,258.70001220703125,260.04998779296875,255.08901977539062,9603900.0
2025-05-13,261.0299987792969,263.6700134277344,260.3900146484375,263.010009765625,257.9925537109375,8589000.0
2025-05-14,263.0,266.6400146484375,262.2900085449219,265.6400146484375,260.5724182128906,8643100.0
2025-05-15,266.9700012207031,269.5199890136719,264.760009765625,267.489990234375,262.3870849609375,9214600.0
2025-05-16,267.5,268.4599914550781,264.7099914550781,267.55999755859375,262.4557189941406,8932900.0
2025-05-19,265.54998779296875,268.32000732421875,261.92999267578125,264.8800048828125,259.8268737792969,12145000.0
2025-05-20,262.5199890136719,266.6600036621094,262.29998779296875,265.67999267578125,260.61163330078125,8436300.0
2025-05-21,264.3500061035156,265.6499938964844,260.7300109863281,261.0400085449219,256.0601501464844,7464000.0
2025-05-22,259.44000244140625,262.29998779296875,258.8699951171875,260.6700134277344,255.69720458984375,6514100.0
2025-05-23,256.80999755859375,261.989990234375,256.0,260.7099914550781,255.7364044189453,6671800.0
2025-05-26,256.80999755859375,261.989990234375,256.0,260.7099914550781,255.7364044189453,6671800.0
2025-05-27,262.0400085449219,265.29998779296875,261.989990234375,265.2900085449219,260.22906494140625,7506600.0
2025-05-28,266.239990234375,266.7200012207031,262.8999938964844,263.489990234375,258.4633483886719,5535400.0
2025-05-29,264.79998779296875,265.4100036621094,262.5299987792969,264.3699951171875,259.3266296386719,5081200.0
2025-05-30,263.45001220703125,265.3299865722656,262.7300109863281,264.0,258.96368408203125,10977700.0
2025-06-02,263.0199890136719,265.0299987792969,261.8999938964844,264.6600036621094,259.6110534667969,6011200.0
2025-06-03,263.7300109863281,266.5799865722656,262.8800048828125,266.2699890136719,261.19036865234375,6998400.0
2025-06-04,265.9200134277344,267.1199951171875,264.17999267578125,264.2200012207031,259.1794738769531,5915700.0
2025-06-05,264.739990234375,264.739990234375,260.30999755859375,261.95001220703125,256.9527893066406,8173800.0
2025-06-06,264.3299865722656,266.6499938964844,264.260009765625,265.7300109863281,260.6606750488281,7738100.0
2025-06-09,266.0,267.8999938964844,263.3500061035156,266.739990234375,261.6513977050781,8285000.0
2025-06-10,265.8800048828125,268.8999938964844,265.8500061035156,268.6000061035156,263.4759216308594,7538100.0
2025-06-11,268.67999267578125,269.6199951171875,265.7900085449219,268.1499938964844,263.03448486328125,7434100.0
2025-06-12,266.8599853515625,268.2900085449219,265.1400146484375,268.239990234375,263.1227722167969,6618000.0
2025-06-13,265.0799865722656,267.0199890136719,262.7099914550781,264.95001220703125,259.89556884765625,7098300.0
2025-06-16,267.0,271.7300109863281,266.8500061035156,270.3599853515625,265.20233154296875,8566000.0
2025-06-17,268.1700134277344,270.5899963378906,267.79998779296875,269.5199890136719,264.37835693359375,6739300.0
2025-06-18,270.0,277.7200012207031,269.7200012207031,273.9599914550781,268.733642578125,9586400.0
2025-06-19,270.0,277.7200012207031,269.7200012207031,273.9599914550781,268.733642578125,9586400.0
2025-06-20,275.57000732421875,277.29998779296875,273.80999755859375,275.0,269.7538146972656,13969700.0
2025-06-23,275.05999755859375,278.54998779296875,272.1099853515625,278.2699890136719,272.9614562988281,8094600.0
2025-06-24,280.2099914550781,282.7099914550781,279.510009765625,281.260009765625,275.8944091796875,9267900.0
2025-06-25,281.5,284.2799987792969,280.9100036621094,284.05999755859375,278.6409912109375,6826900.0
2025-06-26,284.70001220703125,289.4100036621094,284.4700012207031,288.75,283.24151611328125,8942100.0
2025-06-27,285.80999755859375,288.70001220703125,285.0400085449219,287.1099853515625,281.63275146484375,17868600.0
2025-06-30,290.3999938964844,292.6499938964844,288.9200134277344,289.9100036621094,284.37939453125,12689200.0
2025-07-01,290.8900146484375,291.1300048828125,286.5899963378906,290.4100036621094,284.8698425292969,9338300.0
2025-07-02,292.0400085449219,292.82000732421875,289.70001220703125,292.0,286.4295349121094,8158700.0
2025-07-03,292.1499938964844,296.3999938964844,291.2099914550781,296.0,291.75201416015625,6541600.0
2025-07-04,292.1499938964844,296.3999938964844,291.2099914550781,296.0,291.75201416015625,6541600.0
2025-07-07,295.25,296.0400085449219,290.0799865722656,291.9700012207031,287.7798767089844,8825700.0
2025-07-08,289.2699890136719,289.70001220703125,280.30999755859375,282.7799987792969,278.72174072265625,15440900.0
2025-07-09,287.17999267578125,287.20001220703125,282.4800109863281,283.1600036621094,279.0963134765625,11273800.0
2025-07-10,283.0,288.30999755859375,283.0,288.19000244140625,284.0540771484375,8410900.0
2025-07-11,285.5199890136719,287.3800048828125,283.6499938964844,286.8599853515625,282.7431640625,7384700.0
2025-07-14,287.07000732421875,289.29998779296875,285.260009765625,288.70001220703125,284.5567932128906,9079900.0
2025-07-15,288.0,291.95001220703125,285.4800109863281,286.54998779296875,282.4376220703125,12526100.0
2025-07-16,288.3999938964844,290.7300109863281,283.010009765625,285.82000732421875,281.7181396484375,9979800.0
2025-07-17,283.44000244140625,290.29998779296875,283.44000244140625,289.8999938964844,285.73956298828125,8509500.0
2025-07-18,289.5199890136719,292.5,288.2300109863281,291.2699890136719,287.0898742675781,12217000.0
2025-07-21,291.0,294.17999267578125,290.5799865722656,290.9700012207031,286.794189453125,7898100.0
2025-07-22,291.5,293.6300048828125,289.17999267578125,291.42999267578125,287.24761962890625,6717500.0
2025-07-23,292.8399963378906,296.989990234375,292.54998779296875,296.760009765625,292.5011291503906,7083500.0
2025-07-24,297.4200134277344,299.5899963378906,296.20001220703125,296.54998779296875,292.2940979003906,7001200.0
2025-07-25,296.70001220703125,298.8999938964844,295.9599914550781,298.6199951171875,294.33441162109375,5918500.0
2025-07-28,297.6600036621094,299.42999267578125,296.82000732421875,298.2799987792969,293.9992980957031,5840400.0
2025-07-29,300.0,301.2900085449219,296.20001220703125,297.0400085449219,292.7771301269531,7635700.0
2025-07-30,297.4200134277344,300.6099853515625,297.3800048828125,299.6300048828125,295.3299560546875,8061700.0
2025-07-31,299.1400146484375,300.9800109863281,295.5,296.239990234375,291.9885559082031,14749700.0
2025-08-01,290.3999938964844,291.79998779296875,284.239990234375,289.3699951171875,285.2171630859375,12007100.0
2025-08-04,290.260009765625,294.32000732421875,290.260009765625,294.260009765625,290.0370178222656,6649500.0
2025-08-05,294.69000244140625,295.7900085449219,287.239990234375,291.3699951171875,287.1884765625,7182300.0
2025-08-06,292.29998779296875,293.2900085449219,290.1600036621094,291.3500061035156,287.16876220703125,6330200.0
2025-08-07,292.94000244140625,293.4599914550781,286.4100036621094,286.94000244140625,282.8220520019531,8057100.0
2025-08-08,288.9800109863281,291.2300109863281,284.7099914550781,288.760009765625,284.6159362792969,6634100.0
2025-08-11,289.3999938964844,291.32000732421875,288.7799987792969,289.55999755859375,285.4044494628906,5510100.0
2025-08-12,291.5,294.75,290.3399963378906,292.8500061035156,288.6472473144531,8570900.0
2025-08-13,293.95001220703125,294.54998779296875,287.1600036621094,290.5299987792969,286.36053466796875,8420400.0
2025-08-14,290.5799865722656,294.20001220703125,289.6400146484375,294.1600036621094,289.93841552734375,6322400.0
2025-08-15,294.8399963378906,295.5,289.82000732421875,290.489990234375,286.32110595703125,7340500.0
2025-08-18,290.0,291.8999938964844,288.4100036621094,291.5299987792969,287.3461608886719,5386900.0
2025-08-19,290.8299865722656,292.4800109863281,289.5299987792969,290.6600036621094,286.4886779785156,6031500.0
2025-08-20,290.80999755859375,293.3299865722656,287.2699890136719,292.239990234375,288.04595947265625,7374200.0
2025-08-21,291.94000244140625,292.7699890136719,289.4700012207031,291.4700012207031,287.2870178222656,6624000.0
2025-08-22,293.20001220703125,297.1600036621094,290.1300048828125,296.239990234375,291.9885559082031,8552800.0
2025-08-25,296.239990234375,297.3500061035156,294.1400146484375,294.8999938964844,290.6678161621094,5856300.0
2025-08-26,294.1600036621094,298.739990234375,293.5,298.57000732421875,294.2851257324219,6714700.0
2025-08-27,297.25,301.07000732421875,297.0400085449219,299.2799987792969,294.9849548339844,6056500.0
2025-08-28,300.0199890136719,301.239990234375,298.70001220703125,301.07000732421875,296.749267578125,6410500.0
2025-08-29,302.0400085449219,302.95001220703125,299.7300109863281,301.4200134277344,297.0942687988281,6796400.0
2025-09-01,302.0400085449219,302.95001220703125,299.7300109863281,301.4200134277344,297.0942687988281,6796400.0
2025-09-02,300.260009765625,300.4599914550781,294.5,299.70001220703125,295.39892578125,7221900.0
2025-09-03,300.57000732421875,300.57000732421875,296.3800048828125,299.510009765625,295.211669921875,6316900.0
2025-09-04,300.0,304.42999267578125,298.2799987792969,303.82000732421875,299.4598083496094,6605800.0
2025-09-05,303.6499938964844,305.1499938964844,294.30999755859375,294.3800048828125,290.1552734375,9837700.0
2025-09-08,294.8900146484375,296.4599914550781,291.44000244140625,292.9100036621094,288.70635986328125,8188500.0
2025-09-09,292.6000061035156,299.0,292.30999755859375,297.8500061035156,293.57550048828125,7848200.0
2025-09-10,296.70001220703125,301.5400085449219,295.3999938964844,300.5400085449219,296.22686767578125,7787300.0
2025-09-11,301.239990234375,305.7300109863281,300.7900085449219,305.55999755859375,301.1748046875,7942500.0
2025-09-12,305.0,307.54998779296875,303.70001220703125,306.9100036621094,302.5054626464844,6846700.0
2025-09-15,307.1700134277344,309.95001220703125,307.1700134277344,308.8999938964844,304.46685791015625,7122000.0
2025-09-16,310.0,310.8999938964844,307.1300048828125,309.19000244140625,304.75274658203125,10525600.0
2025-09-17,310.3900146484375,312.9100036621094,308.7699890136719,311.75,307.2759704589844,8657800.0
2025-09-18,311.7900085449219,313.44000244140625,309.6099853515625,313.2300109863281,308.73480224609375,8050700.0
2025-09-19,313.6000061035156,315.79998779296875,309.1199951171875,314.7799987792969,310.26251220703125,23568600.0
2025-09-22,309.79998779296875,313.70001220703125,309.55999755859375,312.44000244140625,307.9560852050781,7520200.0
2025-09-23,311.82000732421875,316.30999755859375,310.5799865722656,312.739990234375,308.2517395019531,8584400.0
2025-09-24,314.04998779296875,316.5799865722656,311.6700134277344,313.4200134277344,308.92205810546875,7310500.0
2025-09-25,314.1199951171875,315.6499938964844,311.79998779296875,313.45001220703125,308.95159912109375,7083200.0
2025-09-26,314.8999938964844,317.80999755859375,313.70001220703125,316.05999755859375,311.52410888671875,7258100.0
2025-09-29,317.05999755859375,318.010009765625,313.6600036621094,315.69000244140625,311.159423828125,6462400.0
2025-09-30,316.25,317.4100036621094,310.1099853515625,315.42999267578125,310.9031677246094,11823300.0
2025-10-01,313.9700012207031,314.5899963378906,307.4100036621094,310.7099914550781,306.25091552734375,9235200.0
2025-10-02,310.0,310.55999755859375,306.1400146484375,307.54998779296875,303.13623046875,7600000.0
2025-10-03,308.510009765625,311.6600036621094,308.2099914550781,310.0299987792969,305.5806579589844,6029900.0
2025-10-06,310.17999267578125,311.75,305.1300048828125,309.17999267578125,306.22442626953125,7214500.0
2025-10-07,309.3500061035156,310.010009765625,304.70001220703125,307.69000244140625,304.74871826171875,8454200.0
2025-10-08,308.2099914550781,308.7799987792969,303.54998779296875,304.0299987792969,301.1236572265625,6489900.0
2025-10-09,305.04998779296875,308.0400085449219,303.3900146484375,305.5299987792969,302.6093444824219,7060300.0
2025-10-10,305.6600036621094,310.4700012207031,300.80999755859375,300.8900146484375,298.0137023925781,8597400.0
2025-10-13,305.6000061035156,309.4599914550781,305.45001220703125,307.9700012207031,305.0260314941406,10788700.0
2025-10-14,305.8399963378906,307.0,294.2099914550781,302.0799865722656,299.19232177734375,16178800.0
2025-10-15,306.3900146484375,312.1199951171875,305.44000244140625,305.69000244140625,302.767822265625,11354800.0
2025-10-16,305.3500061035156,308.67999267578125,297.07000732421875,298.5400085449219,295.6861572265625,10549400.0
2025-10-17,299.1600036621094,299.54998779296875,294.20001220703125,297.55999755859375,294.7155456542969,10153500.0
2025-10-20,298.5,303.69000244140625,298.1600036621094,302.3599853515625,299.4696350097656,6894900.0
2025-10-21,301.6600036621094,304.04998779296875,297.0,297.0899963378906,294.25,7372700.0
2025-10-22,297.7699890136719,298.05999755859375,290.5400085449219,294.1099853515625,291.29852294921875,8054100.0
2025-10-23,294.3800048828125,296.3699951171875,292.510009765625,294.5400085449219,291.72442626953125,5438800.0
2025-10-24,296.0799865722656,302.6000061035156,295.45001220703125,300.44000244140625,297.5679931640625,7228300.0
2025-10-27,302.1600036621094,304.5299987792969,301.010009765625,304.1499938964844,301.2425231933594,5642200.0
2025-10-28,304.8599853515625,307.9700012207031,303.1600036621094,305.3599853515625,302.44097900390625,6336000.0
2025-10-29,303.510009765625,308.25,303.010009765625,305.510009765625,302.5895690917969,7520300.0
2025-10-30,305.7900085449219,312.6099853515625,305.1000061035156,309.44000244140625,306.4819641113281,7514600.0
2025-10-31,308.5400085449219,312.8699951171875,307.25,311.1199951171875,308.1459045410156,7721300.0
2025-11-03,311.0,312.32000732421875,306.2099914550781,309.3500061035156,306.3928527832031,7770000.0
2025-11-04,306.7099914550781,312.2200012207031,305.1000061035156,309.25,306.2937927246094,7085200.0
2025-11-05,309.6099853515625,313.1000061035156,305.6300048828125,311.67999267578125,308.7005615234375,6865200.0
2025-11-06,310.989990234375,314.8399963378906,310.260009765625,313.4200134277344,310.4239501953125,7206100.0
2025-11-07,311.8900146484375,314.42999267578125,307.6400146484375,314.2099914550781,311.20635986328125,7302300.0
2025-11-10,315.0,319.55999755859375,314.2099914550781,316.8900146484375,313.86077880859375,5794100.0
2025-11-11,317.5,319.04998779296875,315.2799987792969,315.6199951171875,312.6029052734375,5030200.0
2025-11-12,316.260009765625,322.25,316.2099914550781,320.4100036621094,317.34710693359375,10578300.0
2025-11-13,319.2300109863281,320.6300048828125,309.1000061035156,309.4800109863281,306.5216064453125,8973300.0
2025-11-14,307.510009765625,307.6400146484375,301.2300109863281,303.6099853515625,300.70770263671875,10327000.0
2025-11-17,304.0,305.5899963378906,297.6700134277344,300.3699951171875,297.4986572265625,8344000.0
2025-11-18,299.5,302.95001220703125,297.0199890136719,299.4100036621094,296.5478515625,8077300.0
2025-11-19,299.739990234375,304.45001220703125,299.2699890136719,303.2699890136719,300.3709411621094,5546600.0
2025-11-20,306.3399963378906,309.9200134277344,298.1600036621094,298.3800048828125,295.5277099609375,7501600.0
2025-11-21,301.2900085449219,301.67999267578125,292.80999755859375,298.0199890136719,295.1711120605469,11766800.0
2025-11-24,298.239990234375,299.82000732421875,294.510009765625,298.0,295.1513366699219,10940200.0
2025-11-25,300.04998779296875,304.5,295.55999755859375,303.0,300.103515625,8877200.0
2025-11-26,305.0,308.5299987792969,303.20001220703125,307.6400146484375,304.6991882324219,7910900.0
2025-11-27,305.0,308.5299987792969,303.20001220703125,307.6400146484375,304.6991882324219,7910900.0
2025-11-28,309.1000061035156,313.7200012207031,308.239990234375,313.0799865722656,310.0871887207031,4322400.0
2025-12-01,312.95001220703125,314.0400085449219,308.5400085449219,308.9200134277344,305.96697998046875,7727300.0
2025-12-02,308.739990234375,310.4800109863281,307.0899963378906,307.8800048828125,304.9368896484375,7249000.0
2025-12-03,307.20001220703125,312.3599853515625,306.79998779296875,312.1300048828125,309.1462707519531,8535300.0
2025-12-04,313.260009765625,318.489990234375,313.0,316.1000061035156,313.07830810546875,9627800.0
2025-12-05,315.6400146484375,318.4800109863281,314.67999267578125,315.0400085449219,312.0284729003906,6518900.0
2025-12-08,315.05999755859375,316.4700012207031,313.3500061035156,315.2099914550781,312.1968078613281,7417200.0
2025-12-09,314.95001220703125,318.79998779296875,300.0199890136719,300.510009765625,297.6373596191406,18049200.0
2025-12-10,300.5,311.19000244140625,298.4599914550781,310.1099853515625,307.1455383300781,18874100.0
2025-12-11,309.239990234375,318.0,309.239990234375,317.3800048828125,314.3460693359375,9721900.0
2025-12-12,319.67999267578125,320.2699890136719,316.6000061035156,318.5199890136719,315.47515869140625,8982900.0
2025-12-15,319.5899963378906,322.8800048828125,318.3900146484375,320.0199890136719,316.9608459472656,10864100.0
2025-12-16,319.0899963378906,319.5199890136719,314.3999938964844,315.54998779296875,312.5335388183594,8331300.0
2025-12-17,318.42999267578125,319.3699951171875,314.6600036621094,314.9800109863281,311.9690246582031,8718700.0
2025-12-18,316.0,317.70001220703125,312.2200012207031,313.0,310.0079345703125,11444900.0
2025-12-19,313.7900085449219,318.55999755859375,313.19000244140625,317.2099914550781,314.17767333984375,24494400.0
2025-12-22,317.510009765625,323.2300109863281,317.510009765625,323.0899963378906,320.00146484375,8354600.0
2025-12-23,323.6099853515625,327.7799987792969,323.0899963378906,325.92999267578125,322.8143310546875,6668300.0
2025-12-24,326.239990234375,329.989990234375,325.5,329.1700134277344,326.02337646484375,4289300.0
2025-12-25,326.239990234375,329.989990234375,325.5,329.1700134277344,326.02337646484375,4289300.0
2025-12-26,329.1099853515625,330.8599853515625,326.5400085449219,327.9100036621094,324.7754211425781,4158300.0
2025-12-29,327.0,327.7699890136719,323.5299987792969,323.75,320.6551818847656,8635300.0
2025-12-30,324.80999755859375,324.94000244140625,322.489990234375,323.4200134277344,320.3283386230469,7904300.0
2025-12-31,324.3399963378906,324.8800048828125,322.0400085449219,322.2200012207031,319.1398010253906,5048500.0
2026-01-01,324.3399963378906,324.8800048828125,322.0400085449219,322.2200012207031,319.1398010253906,5048500.0
2026-01-02,322.5,325.7300109863281,320.739990234375,325.4800109863281,322.36865234375,8054000.0
2026-01-05,325.5,337.25,325.19000244140625,334.0400085449219,330.8468322753906,10752600.0
2026-01-06,332.6199951171875,335.8699951171875,330.6499938964844,334.6099853515625,332.90625,7660800.0
2026-01-07,331.1400146484375,332.1499938964844,324.6000061035156,326.989990234375,325.3250732421875,9815200.0
2026-01-08,326.3900146484375,331.3999938964844,325.6499938964844,329.7900085449219,328.11083984375,11737100.0
2026-01-09,329.3399963378906,331.8999938964844,328.1700134277344,329.19000244140625,327.5138854980469,6738100.0
2026-01-12,321.8800048828125,326.0199890136719,321.2300109863281,324.489990234375,322.8377990722656,12805100.0
2026-01-13,324.29998779296875,326.8599853515625,310.57000732421875,310.8999938964844,309.3169860839844,19371200.0
2026-01-14,308.20001220703125,311.760009765625,306.1199951171875,307.8699951171875,306.30242919921875,25951500.0
2026-01-15,308.4700012207031,312.94000244140625,307.75,309.260009765625,307.68536376953125,14751400.0
2026-01-16,310.3500061035156,317.2099914550781,310.0,312.4700012207031,310.8789978027344,14652500.0
2026-01-19,310.3500061035156,317.2099914550781,310.0,312.4700012207031,310.8789978027344,14652500.0
2026-01-20,306.2099914550781,311.1499938964844,301.8599853515625,302.739990234375,301.19854736328125,12900600.0
2026-01-21,303.42999267578125,305.3999938964844,301.1499938964844,302.0400085449219,300.50213623046875,10270100.0
2026-01-22,304.8599853515625,308.20001220703125,302.8999938964844,303.6300048828125,302.0840148925781,10535800.0
2026-01-23,302.0,302.3699951171875,296.510009765625,297.7200012207031,296.2041015625,11107900.0
2026-01-26,297.80999755859375,301.7799987792969,297.45001220703125,301.0400085449219,299.5072021484375,11752700.0
2026-01-27,301.3299865722656,301.9700012207031,298.1499938964844,300.30999755859375,298.7809143066406,11527400.0
2026-01-28,300.2699890136719,301.9200134277344,298.04998779296875,300.7699890136719,299.2385559082031,9556700.0
2026-01-29,302.3999938964844,306.8299865722656,302.2200012207031,306.4200134277344,304.8598327636719,11580000.0
2026-01-30,305.25,307.92999267578125,302.55999755859375,305.8900146484375,304.33251953125,11953200.0
2026-02-02,304.4599914550781,309.29998779296875,301.3699951171875,308.1400146484375,306.5710754394531,9839400.0
2026-02-03,309.7300109863281,316.25,309.1000061035156,314.8500061035156,313.24688720703125,12688000.0
2026-02-04,314.4100036621094,319.30999755859375,314.4100036621094,317.2699890136719,315.654541015625,9848800.0
2026-02-05,315.0,316.010009765625,305.5400085449219,310.1600036621094,308.5807800292969,9388000.0
2026-02-06,314.7099914550781,324.25,314.7099914550781,322.3999938964844,320.7584533691406,17797400.0
2026-02-09,321.3399963378906,326.3999938964844,320.1099853515625,322.1000061035156,320.4599914550781,11477500.0
2026-02-10,322.54998779296875,326.1300048828125,315.1199951171875,318.2799987792969,316.659423828125,9902200.0
2026-02-11,323.239990234375,325.2799987792969,308.7300109863281,310.82000732421875,309.2374267578125,8703500.0
2026-02-12,312.2799987792969,313.6199951171875,300.0199890136719,302.6400146484375,301.09906005859375,13443400.0
2026-02-13,298.5199890136719,304.2900085449219,296.5199890136719,302.54998779296875,301.0094909667969,9114500.0
2026-02-16,298.5199890136719,304.2900085449219,296.5199890136719,302.54998779296875,301.0094909667969,9114500.0
2026-02-17,302.760009765625,308.239990234375,302.5,307.1300048828125,305.5661926269531,8896800.0
2026-02-18,308.4599914550781,312.2799987792969,307.2200012207031,308.7799987792969,307.2077941894531,7209600.0
2026-02-19,307.1700134277344,309.17999267578125,305.1199951171875,308.04998779296875,306.48150634765625,6737700.0
2026-02-20,308.3999938964844,311.0,305.67999267578125,310.7900085449219,309.20758056640625,7792700.0
2026-02-23,308.79998779296875,311.0,295.1000061035156,297.6700134277344,296.1543884277344,12955400.0
2026-02-24,296.82000732421875,299.75,291.3800048828125,297.29998779296875,295.7862243652344,13554100.0
2026-02-25,298.6400146484375,303.6600036621094,297.010009765625,303.29998779296875,301.75567626953125,8095500.0
2026-02-26,304.5799865722656,309.010009765625,303.6400146484375,306.1300048828125,304.5712890625,7007800.0
2026-02-27,300.0,302.95001220703125,294.45001220703125,300.29998779296875,298.7709655761719,18620800.0
2026-03-02,294.80999755859375,299.9800109863281,293.2099914550781,297.55999755859375,296.044921875,8508900.0
2026-03-03,292.2900085449219,302.3900146484375,289.5,300.260009765625,298.7311706542969,10278200.0
2026-03-04,299.989990234375,301.0,295.82000732421875,299.3900146484375,297.8656311035156,8055700.0
2026-03-05,297.9800109863281,301.239990234375,292.42999267578125,293.54998779296875,292.0553283691406,12732500.0
2026-03-06,286.3399963378906,289.989990234375,283.7099914550781,289.4800109863281,288.0060729980469,13496500.0
2026-03-09,285.5,291.1000061035156,280.45001220703125,289.9200134277344,288.44384765625,12241100.0
2026-03-10,289.2900085449219,292.75,287.17999267578125,288.7300109863281,287.2598876953125,8344900.0
2026-03-11,288.80999755859375,290.4800109863281,284.8599853515625,287.5199890136719,286.0560302734375,10205000.0
2026-03-12,282.8299865722656,283.8800048828125,279.1000061035156,282.8900146484375,281.44964599609375,13760500.0
2026-03-13,284.6700134277344,287.19000244140625,282.95001220703125,283.44000244140625,281.996826171875,9091200.0
2026-03-16,286.3399963378906,289.2699890136719,284.6099853515625,286.1600036621094,284.7029724121094,8149000.0
2026-03-17,289.0,291.760009765625,285.95001220703125,286.8900146484375,285.42926025390625,8961200.0
2026-03-18,286.8299865722656,289.4100036621094,285.1199951171875,287.739990234375,286.27490234375,10057000.0
2026-03-19,286.8800048828125,289.510009765625,284.6199951171875,287.9700012207031,286.5037536621094,9846700.0
2026-03-20,288.0799865722656,290.7099914550781,285.2699890136719,286.55999755859375,285.1009216308594,22436500.0
2026-03-23,294.30999755859375,295.75,287.9700012207031,289.9100036621094,288.4338684082031,11470800.0
2026-03-24,286.1700134277344,295.4800109863281,285.3699951171875,292.3999938964844,290.91119384765625,11092300.0
2026-03-25,294.1499938964844,297.6400146484375,292.44000244140625,295.4200134277344,293.91583251953125,12188200.0
2026-03-26,292.5799865722656,294.989990234375,290.7300109863281,291.6600036621094,290.1749572753906,8669200.0
2026-03-27,289.1400146484375,290.1099853515625,281.75,282.8399963378906,281.3998718261719,9873300.0
2026-03-30,284.739990234375,287.25,282.3299865722656,283.7699890136719,282.32513427734375,11734400.0
2026-03-31,288.4700012207031,295.07000732421875,284.95001220703125,294.1600036621094,292.6622314453125,12956900.0
2026-04-01,295.3900146484375,298.7200012207031,292.9100036621094,295.3800048828125,293.87603759765625,11267200.0
2026-04-02,291.9100036621094,295.6199951171875,288.7200012207031,294.6000061035156,293.1000061035156,6669300.0
2026-04-03,291.9100036621094,295.6199951171875,288.7200012207031,294.6000061035156,293.1000061035156,6669300.0
2026-04-06,294.05999755859375,296.8299865722656,293.20001220703125,295.45001220703125,295.45001220703125,7142600.0
2026-04-07,293.1400146484375,298.17999267578125,292.70001220703125,297.3999938964844,297.3999938964844,7849100.0
2026-04-08,307.9700012207031,311.260009765625,305.3299865722656,307.9700012207031,307.9700012207031,10590200.0
2026-04-09,306.95001220703125,311.260009765625,306.1099853515625,310.3299865722656,310.3299865722656,6586600.0
2026-04-10,310.0,310.3500061035156,306.7200012207031,309.8699951171875,309.8699951171875,6069700.0
2026-04-13,307.4700012207031,313.739990234375,305.4599914550781,313.67999267578125,313.67999267578125,8318200.0
2026-04-14,309.82000732421875,314.32000732421875,308.8699951171875,311.1199951171875,311.1199951171875,11455500.0
2026-04-15,313.95001220703125,314.239990234375,304.260009765625,305.92999267578125,305.92999267578125,9885800.0
2026-04-16,305.3500061035156,309.95001220703125,305.20001220703125,309.95001220703125,309.95001220703125,8208600.0
2026-04-17,312.4700012207031,314.8999938964844,310.0899963378906,310.2900085449219,310.2900085449219,11082400.0
2026-04-20,310.8500061035156,317.1300048828125,310.3699951171875,316.989990234375,316.989990234375,10772000.0
2026-04-21,317.489990234375,320.239990234375,312.75,313.0,313.0,7084300.0
2026-04-22,314.8500061035156,315.1499938964844,311.94000244140625,313.0199890136719,313.0199890136719,5545900.0
2026-04-23,313.5199890136719,314.989990234375,308.8900146484375,311.69000244140625,311.69000244140625,6969700.0
2026-04-24,311.1499938964844,311.1499938964844,307.8900146484375,308.2799987792969,308.2799987792969,5215300.0
2026-04-27,306.8800048828125,312.5799865722656,306.8800048828125,311.6300048828125,311.6300048828125,7925300.0
2026-04-28,315.20001220703125,315.45001220703125,311.1700134277344,311.45001220703125,311.45001220703125,7398600.0
2026-04-29,310.57000732421875,312.04998779296875,307.2900085449219,309.25,309.25,8031800.0
2026-04-30,307.07000732421875,314.1000061035156,306.57000732421875,313.2300109863281,313.2300109863281,8865400.0
2026-05-01,313.95001220703125,316.0799865722656,311.8299865722656,312.4700012207031,312.4700012207031,6135400.0
2026-05-04,310.6199951171875,310.6499938964844,306.510009765625,307.6499938964844,307.6499938964844,7338200.0
2026-05-05,307.7099914550781,310.9700012207031,306.79998779296875,309.3999938964844,309.3999938964844,6316800.0
2026-05-06,311.45001220703125,316.260009765625,311.3500061035156,314.8999938964844,314.8999938964844,8629500.0
2026-05-07,314.6499938964844,316.29998779296875,306.1400146484375,306.2699890136719,306.2699890136719,8359600.0
2026-05-08,308.25,308.989990234375,300.5,302.1000061035156,302.1000061035156,9464300.0
2026-05-11,302.1000061035156,303.19000244140625,298.8800048828125,300.0,300.0,9512000.0
2026-05-12,300.0199890136719,306.05999755859375,295.54998779296875,304.8800048828125,304.8800048828125,9498200.0
2026-05-13,302.2699890136719,303.0,300.07000732421875,300.25,300.25,7709500.0
2026-05-14,302.25,303.75,298.80999755859375,299.9100036621094,299.9100036621094,7364300.0
2026-05-15,300.2099914550781,300.7900085449219,296.45001220703125,297.80999755859375,297.80999755859375,8699300.0
2026-05-18,298.0,301.260009765625,297.2200012207031,300.7300109863281,300.7300109863281,7546300.0
2026-05-19,301.0899963378906,301.7900085449219,295.260009765625,295.70001220703125,295.70001220703125,8066900.0
2026-05-20,296.70001220703125,302.92999267578125,293.6700134277344,301.9800109863281,301.9800109863281,9327000.0
2026-05-21,301.2300109863281,303.9800109863281,300.2099914550781,303.0,303.0,7874400.0
2026-05-22,304.67999267578125,307.45001220703125,303.8399963378906,306.3800048828125,306.3800048828125,5973900.0
2026-05-25,304.67999267578125,307.45001220703125,303.8399963378906,306.3800048828125,306.3800048828125,5973900.0
2026-05-26,308.489990234375,309.92999267578125,305.44000244140625,306.739990234375,306.739990234375,7725400.0
2026-05-27,305.0,305.8999938964844,295.75,299.2799987792969,299.2799987792969,11779200.0
2026-05-28,297.57000732421875,301.07000732421875,295.75,296.7300109863281,296.7300109863281,9757700.0
2026-05-29,296.3999938964844,299.8800048828125,295.20001220703125,299.30999755859375,299.30999755859375,13969000.0
2026-06-01,297.69000244140625,299.54998779296875,295.2699890136719,296.5799865722656,296.5799865722656,7930000.0
2026-06-02,296.5,302.07000732421875,295.2699890136719,300.9599914550781,300.9599914550781,8296200.0
2026-06-03,299.9200134277344,301.9599914550781,296.55999755859375,300.8500061035156,300.8500061035156,6997800.0
2026-06-04,305.739990234375,312.9100036621094,304.6199951171875,310.42498779296875,310.42498779296875,5267023.0
