Date,Open,High,Low,Close,Adj Close,Volume
2018-06-04,43.36000061035156,43.59000015258789,43.290000915527344,43.4900016784668,33.9607048034668,11727600.0
2018-06-05,43.5,43.540000915527344,43.099998474121094,43.11000061035156,33.66396713256836,9975900.0
2018-06-06,43.060001373291016,43.459999084472656,43.040000915527344,43.459999084472656,33.93729019165039,9202900.0
2018-06-07,43.33000183105469,43.72999954223633,43.33000183105469,43.439998626708984,33.92166519165039,11948100.0
2018-06-08,43.56999969482422,44.0,43.560001373291016,43.95000076293945,34.319908142089844,12078800.0
2018-06-11,43.95000076293945,44.25,43.88999938964844,44.130001068115234,34.460479736328125,7526100.0
2018-06-12,44.130001068115234,44.41999816894531,44.08000183105469,44.40999984741211,34.67911911010742,8243300.0
2018-06-13,44.349998474121094,44.52000045776367,44.150001525878906,44.18000030517578,34.499515533447266,16745000.0
2018-06-14,43.75,43.849998474121094,43.52000045776367,43.58000183105469,34.334068298339844,12696200.0
2018-06-15,43.560001373291016,44.150001525878906,43.45000076293945,44.119998931884766,34.7595100402832,21562500.0
2018-06-18,43.880001068115234,43.959999084472656,43.400001525878906,43.54999923706055,34.3104362487793,12161900.0
2018-06-19,43.29999923706055,43.75,43.20000076293945,43.599998474121094,34.34983444213867,12936400.0
2018-06-20,43.619998931884766,43.779998779296875,43.22999954223633,43.2599983215332,34.08195877075195,10893700.0
2018-06-21,43.27000045776367,43.29999923706055,42.959999084472656,43.09000015258789,33.94803237915039,10465200.0
2018-06-22,43.150001525878906,43.40999984741211,43.08000183105469,43.25,34.0740852355957,14924400.0
2018-06-25,43.15999984741211,43.75,43.15999984741211,43.58000183105469,34.334068298339844,12092400.0
2018-06-26,43.560001373291016,43.84000015258789,43.279998779296875,43.33000183105469,34.13711166381836,13974700.0
2018-06-27,43.33000183105469,43.61000061035156,42.9900016784668,43.06999969482422,33.932281494140625,15332600.0
2018-06-28,43.2400016784668,43.68000030517578,43.16999816894531,43.470001220703125,34.24740219116211,12668900.0
2018-06-29,43.56999969482422,44.099998474121094,43.310001373291016,43.86000061035156,34.554664611816406,11485600.0
2018-07-02,43.779998779296875,44.15999984741211,43.58000183105469,43.75,34.4680061340332,9232500.0
2018-07-03,44.060001373291016,44.33000183105469,43.9900016784668,43.9900016784668,34.6570930480957,8214300.0
2018-07-04,44.060001373291016,44.33000183105469,43.9900016784668,43.9900016784668,34.6570930480957,8214300.0
2018-07-05,44.15999984741211,44.66999816894531,44.130001068115234,44.65999984741211,35.1849479675293,11653000.0
2018-07-06,44.66999816894531,44.939998626708984,44.58000183105469,44.63999938964844,35.169185638427734,8733900.0
2018-07-09,44.540000915527344,44.72999954223633,44.34000015258789,44.400001525878906,34.9801025390625,7373100.0
2018-07-10,44.5099983215332,45.0,44.5,44.970001220703125,35.42917251586914,10606100.0
2018-07-11,44.9900016784668,45.0,44.63999938964844,44.790000915527344,35.287357330322266,7715600.0
2018-07-12,44.83000183105469,44.959999084472656,44.4900016784668,44.66999816894531,35.19281005859375,6331600.0
2018-07-13,44.70000076293945,44.779998779296875,44.470001220703125,44.7400016784668,35.24797058105469,5585900.0
2018-07-16,44.72999954223633,44.79999923706055,44.529998779296875,44.72999954223633,35.240081787109375,5831400.0
2018-07-17,44.75,45.38999938964844,44.68000030517578,45.25,35.64976501464844,11592200.0
2018-07-18,45.189998626708984,45.290000915527344,44.84000015258789,45.119998931884766,35.54734420776367,7351600.0
2018-07-19,44.9900016784668,45.43000030517578,44.91999816894531,45.11000061035156,35.53947448730469,10097500.0
2018-07-20,45.02000045776367,45.279998779296875,44.900001525878906,45.279998779296875,35.673404693603516,8588400.0
2018-07-23,45.279998779296875,45.36000061035156,44.77000045776367,44.95000076293945,35.41340637207031,9055700.0
2018-07-24,44.779998779296875,45.27000045776367,44.61000061035156,45.2599983215332,35.65764617919922,13786100.0
2018-07-25,46.0,46.58000183105469,45.75,46.09000015258789,36.311546325683594,21330600.0
2018-07-26,46.36000061035156,46.59000015258789,46.20000076293945,46.2400016784668,36.42972946166992,12673100.0
2018-07-27,46.31999969482422,46.5,46.060001373291016,46.209999084472656,36.40608215332031,10516900.0
2018-07-30,46.099998474121094,46.439998626708984,46.04999923706055,46.22999954223633,36.42184829711914,8967900.0
2018-07-31,46.400001525878906,46.66999816894531,46.310001373291016,46.630001068115234,36.736976623535156,12438800.0
2018-08-01,46.45000076293945,46.4900016784668,46.16999816894531,46.38999938964844,36.54789733886719,9904100.0
2018-08-02,46.47999954223633,46.630001068115234,46.18000030517578,46.18000030517578,36.3824577331543,12009700.0
2018-08-03,46.22999954223633,46.7599983215332,46.13999938964844,46.619998931884766,36.7291145324707,11462800.0
2018-08-06,46.599998474121094,46.869998931884766,46.54999923706055,46.650001525878906,36.75274658203125,10056100.0
2018-08-07,46.52000045776367,46.61000061035156,46.130001068115234,46.5,36.63457489013672,8632900.0
2018-08-08,46.4900016784668,46.560001373291016,46.119998931884766,46.150001525878906,36.358821868896484,6810000.0
2018-08-09,46.25,46.41999816894531,46.08000183105469,46.349998474121094,36.51639175415039,8924100.0
2018-08-10,46.209999084472656,46.41999816894531,45.970001220703125,46.08000183105469,36.30366516113281,7535400.0
2018-08-13,46.04999923706055,46.130001068115234,45.70000076293945,45.83000183105469,36.106719970703125,8143400.0
2018-08-14,45.90999984741211,46.099998474121094,45.869998931884766,45.88999938964844,36.15398025512695,6846100.0
2018-08-15,45.77000045776367,46.150001525878906,45.650001525878906,46.08000183105469,36.30366516113281,9686400.0
2018-08-16,46.11000061035156,46.380001068115234,45.970001220703125,46.220001220703125,36.413978576660156,10600700.0
2018-08-17,46.290000915527344,46.72999954223633,46.2400016784668,46.599998474121094,36.713356018066406,8885700.0
2018-08-20,46.68000030517578,46.869998931884766,46.59000015258789,46.72999954223633,36.81576919555664,6392000.0
2018-08-21,46.72999954223633,46.75,46.209999084472656,46.220001220703125,36.413978576660156,13986300.0
2018-08-22,46.34000015258789,46.380001068115234,45.91999816894531,45.93000030517578,36.18550109863281,7159100.0
2018-08-23,45.88999938964844,46.08000183105469,45.689998626708984,45.70000076293945,36.00429153442383,13144900.0
2018-08-24,45.650001525878906,45.79999923706055,45.58000183105469,45.630001068115234,35.949134826660156,10952900.0
2018-08-27,46.04999923706055,46.04999923706055,45.560001373291016,45.689998626708984,35.99641799926758,9581200.0
2018-08-28,45.650001525878906,45.72999954223633,45.279998779296875,45.369998931884766,35.74430847167969,8476800.0
2018-08-29,45.25,45.41999816894531,45.220001220703125,45.33000183105469,35.71279525756836,12410900.0
2018-08-30,45.279998779296875,45.31999969482422,44.88999938964844,44.95000076293945,35.41340637207031,9716500.0
2018-08-31,45.0,45.06999969482422,44.38999938964844,44.56999969482422,35.1140251159668,19834100.0
2018-09-03,45.0,45.06999969482422,44.38999938964844,44.56999969482422,35.1140251159668,19834100.0
2018-09-04,44.599998474121094,44.900001525878906,44.5099983215332,44.7599983215332,35.263710021972656,11138500.0
2018-09-05,44.65999984741211,45.41999816894531,44.65999984741211,45.380001068115234,35.752193450927734,10554900.0
2018-09-06,45.400001525878906,46.0,45.29999923706055,45.77000045776367,36.05943298339844,11439400.0
2018-09-07,45.599998474121094,45.81999969482422,45.279998779296875,45.720001220703125,36.020050048828125,10208100.0
2018-09-10,45.90999984741211,46.310001373291016,45.79999923706055,46.060001373291016,36.28791046142578,8568900.0
2018-09-11,46.099998474121094,46.150001525878906,45.880001068115234,46.02000045776367,36.256404876708984,9278300.0
2018-09-12,46.15999984741211,46.29999923706055,46.02000045776367,46.2400016784668,36.42972946166992,13216400.0
2018-09-13,46.0099983215332,46.119998931884766,45.709999084472656,45.83000183105469,36.41383743286133,8294800.0
2018-09-14,45.91999816894531,46.029998779296875,45.61000061035156,45.9900016784668,36.54096221923828,7612900.0
2018-09-17,46.0,46.33000183105469,45.90999984741211,46.31999969482422,36.80316162109375,8527300.0
2018-09-18,46.38999938964844,46.529998779296875,45.93000030517578,45.93000030517578,36.493289947509766,9847400.0
2018-09-19,46.0,46.11000061035156,45.869998931884766,45.959999084472656,36.51711654663086,7119000.0
2018-09-20,46.220001220703125,46.68000030517578,46.150001525878906,46.63999938964844,37.05740737915039,9736700.0
2018-09-21,46.63999938964844,46.689998626708984,46.380001068115234,46.58000183105469,37.00974655151367,19240300.0
2018-09-24,46.4900016784668,46.529998779296875,45.84000015258789,46.06999969482422,36.604522705078125,10778900.0
2018-09-25,46.060001373291016,46.18000030517578,45.61000061035156,45.68000030517578,36.29465866088867,7919100.0
2018-09-26,45.77000045776367,46.06999969482422,45.56999969482422,45.849998474121094,36.42972183227539,10162600.0
2018-09-27,45.72999954223633,46.18000030517578,45.68000030517578,46.0099983215332,36.556854248046875,10826900.0
2018-09-28,46.0,46.189998626708984,45.970001220703125,46.189998626708984,36.69986343383789,9071900.0
2018-10-01,46.16999816894531,46.349998474121094,46.04999923706055,46.22999954223633,36.731651306152344,9364700.0
2018-10-02,46.279998779296875,46.560001373291016,46.060001373291016,46.5099983215332,36.95412826538086,7462700.0
2018-10-03,46.459999084472656,46.54999923706055,45.79999923706055,45.869998931884766,36.445621490478516,10542300.0
2018-10-04,45.65999984741211,45.900001525878906,45.43000030517578,45.849998474121094,36.42972183227539,9582300.0
2018-10-05,45.939998626708984,46.15999984741211,45.689998626708984,45.880001068115234,36.45357131958008,8734100.0
2018-10-08,45.9900016784668,46.58000183105469,45.970001220703125,46.47999954223633,36.93029022216797,9808100.0
2018-10-09,46.380001068115234,46.54999923706055,46.220001220703125,46.38999938964844,36.85877990722656,10824500.0
2018-10-10,46.29999923706055,46.70000076293945,45.66999816894531,45.68000030517578,36.29465866088867,13917000.0
2018-10-11,45.79999923706055,45.970001220703125,44.5,44.63999938964844,35.46834182739258,17677900.0
2018-10-12,44.47999954223633,44.880001068115234,44.25,44.68000030517578,35.50010681152344,12420100.0
2018-10-15,44.63999938964844,45.27000045776367,44.59000015258789,44.90999984741211,35.68285369873047,11608500.0
2018-10-16,45.02000045776367,45.599998474121094,44.86000061035156,45.4900016784668,36.14369583129883,10442500.0
2018-10-17,45.40999984741211,45.9900016784668,45.36000061035156,45.86000061035156,36.43767547607422,11055800.0
2018-10-18,45.900001525878906,46.08000183105469,45.459999084472656,45.61000061035156,36.23904800415039,12716900.0
2018-10-19,45.83000183105469,46.4900016784668,45.83000183105469,46.33000183105469,36.81111526489258,13989200.0
2018-10-22,46.369998931884766,46.459999084472656,45.810001373291016,45.970001220703125,36.52507781982422,14283600.0
2018-10-23,45.619998931884766,46.459999084472656,45.45000076293945,46.36000061035156,36.83494567871094,17483900.0
2018-10-24,46.33000183105469,47.38999938964844,46.2400016784668,46.72999954223633,37.1289176940918,21626000.0
2018-10-25,46.650001525878906,46.7400016784668,46.119998931884766,46.5099983215332,36.95412826538086,14220200.0
2018-10-26,46.369998931884766,46.47999954223633,45.43000030517578,45.91999816894531,36.48533630371094,21458000.0
2018-10-29,46.150001525878906,46.560001373291016,46.04999923706055,46.459999084472656,36.914398193359375,20932200.0
2018-10-30,46.619998931884766,47.7400016784668,46.040000915527344,47.630001068115234,37.84402084350586,20895400.0
2018-10-31,47.5,48.08000183105469,47.220001220703125,47.880001068115234,38.04264831542969,25309400.0
2018-11-01,47.810001373291016,48.150001525878906,47.29999923706055,47.7400016784668,37.931419372558594,16494500.0
2018-11-02,47.81999969482422,48.0,47.439998626708984,48.0,38.13798522949219,17584900.0
2018-11-05,48.0,48.779998779296875,47.91999816894531,48.689998626708984,38.686214447021484,16543500.0
2018-11-06,48.650001525878906,49.130001068115234,48.599998474121094,49.11000061035156,39.019935607910156,14373400.0
2018-11-07,49.38999938964844,49.54999923706055,49.029998779296875,49.369998931884766,39.22650909423828,12239700.0
2018-11-08,49.119998931884766,49.369998931884766,49.099998474121094,49.33000183105469,39.19472885131836,9762800.0
2018-11-09,49.38999938964844,49.88999938964844,49.36000061035156,49.68000030517578,39.472816467285156,12398100.0
2018-11-12,49.61000061035156,50.2400016784668,49.540000915527344,49.869998931884766,39.62378692626953,13918300.0
2018-11-13,49.810001373291016,50.0,49.58000183105469,49.86000061035156,39.615848541259766,13872900.0
2018-11-14,49.849998474121094,49.939998626708984,49.59000015258789,49.7599983215332,39.5363883972168,12106800.0
2018-11-15,49.65999984741211,49.75,49.27000045776367,49.7400016784668,39.52050018310547,12080100.0
2018-11-16,49.65999984741211,50.25,49.630001068115234,50.16999816894531,39.86214065551758,13405800.0
2018-11-19,50.310001373291016,50.7599983215332,50.25,50.5099983215332,40.132293701171875,13575800.0
2018-11-20,50.81999969482422,50.84000015258789,49.209999084472656,49.380001068115234,39.234458923339844,16255300.0
2018-11-21,49.22999954223633,49.439998626708984,48.59000015258789,48.72999954223633,38.71800994873047,13559200.0
2018-11-22,49.22999954223633,49.439998626708984,48.59000015258789,48.72999954223633,38.71800994873047,13559200.0
2018-11-23,48.75,49.22999954223633,48.54999923706055,49.02000045776367,38.948429107666016,4792500.0
2018-11-26,49.0099983215332,49.22999954223633,48.66999816894531,48.869998931884766,38.8292350769043,9341900.0
2018-11-27,48.880001068115234,49.40999984741211,48.72999954223633,49.369998931884766,39.22650909423828,9180700.0
2018-11-28,49.209999084472656,49.720001220703125,49.209999084472656,49.709999084472656,39.496665954589844,11368700.0
2018-11-29,49.279998779296875,49.43000030517578,48.970001220703125,48.97999954223633,39.22437286376953,11564300.0
2018-11-30,49.0,50.4900016784668,48.9900016784668,50.400001525878906,40.36156463623047,25538200.0
2018-12-03,49.869998931884766,49.959999084472656,48.88999938964844,49.689998626708984,39.792972564697266,14877200.0
2018-12-04,49.970001220703125,50.5099983215332,49.5,49.58000183105469,39.70487594604492,19059900.0
2018-12-05,49.970001220703125,50.5099983215332,49.5,49.58000183105469,39.70487594604492,19059900.0
2018-12-06,49.5099983215332,49.630001068115234,48.65999984741211,49.380001068115234,39.54470443725586,17674900.0
2018-12-07,49.56999969482422,49.68000030517578,48.880001068115234,49.09000015258789,39.31247329711914,15565700.0
2018-12-10,49.45000076293945,49.45000076293945,48.470001220703125,49.2400016784668,39.432586669921875,12331100.0
2018-12-11,49.59000015258789,50.0099983215332,49.18000030517578,49.540000915527344,39.67284393310547,18083600.0
2018-12-12,49.95000076293945,50.02000045776367,49.189998626708984,49.220001220703125,39.41658020019531,12316900.0
2018-12-13,48.720001220703125,49.61000061035156,48.56999969482422,49.470001220703125,39.616783142089844,13766200.0
2018-12-14,49.22999954223633,49.52000045776367,49.02000045776367,49.34000015258789,39.51268005371094,13835900.0
2018-12-17,49.34000015258789,49.529998779296875,48.02000045776367,48.33000183105469,38.70384979248047,18482700.0
2018-12-18,48.61000061035156,48.83000183105469,47.849998474121094,48.31999969482422,38.695838928222656,14765700.0
2018-12-19,48.2400016784668,48.7599983215332,47.619998931884766,47.900001525878906,38.35948944091797,17903800.0
2018-12-20,47.810001373291016,48.130001068115234,47.099998474121094,47.540000915527344,38.071189880371094,21130000.0
2018-12-21,47.2599983215332,48.75,47.22999954223633,47.56999969482422,38.09520721435547,32477700.0
2018-12-24,47.619998931884766,47.869998931884766,45.83000183105469,45.959999084472656,36.80588150024414,10733700.0
2018-12-25,47.619998931884766,47.869998931884766,45.83000183105469,45.959999084472656,36.80588150024414,10733700.0
2018-12-26,45.880001068115234,46.959999084472656,45.65999984741211,46.939998626708984,37.590694427490234,14342600.0
2018-12-27,46.7400016784668,47.54999923706055,46.029998779296875,47.529998779296875,38.06317901611328,16966500.0
2018-12-28,47.88999938964844,48.0099983215332,47.029998779296875,47.20000076293945,37.79891586303711,13218200.0
2018-12-31,47.4900016784668,47.540000915527344,46.959999084472656,47.349998474121094,37.91902542114258,10576300.0
2019-01-01,47.4900016784668,47.540000915527344,46.959999084472656,47.349998474121094,37.91902542114258,10576300.0
2019-01-02,46.939998626708984,47.220001220703125,46.560001373291016,46.93000030517578,37.58269119262695,11603700.0
2019-01-03,46.81999969482422,47.369998931884766,46.529998779296875,46.63999938964844,37.3504524230957,14714400.0
2019-01-04,46.75,47.56999969482422,46.63999938964844,47.56999969482422,38.09520721435547,13013700.0
2019-01-07,47.56999969482422,47.75,46.900001525878906,46.95000076293945,37.59871292114258,13135500.0
2019-01-08,47.25,47.56999969482422,47.040000915527344,47.47999954223633,38.02314376831055,15420700.0
2019-01-09,47.08000183105469,47.279998779296875,46.43000030517578,46.56999969482422,37.294395446777344,18032500.0
2019-01-10,46.65999984741211,47.09000015258789,46.34000015258789,47.06999969482422,37.694801330566406,15976600.0
2019-01-11,47.290000915527344,47.36000061035156,46.970001220703125,47.34000015258789,37.91102600097656,11088600.0
2019-01-14,47.25,47.400001525878906,46.9900016784668,47.150001525878906,37.758872985839844,11514300.0
2019-01-15,46.88999938964844,47.599998474121094,46.810001373291016,47.56999969482422,38.09520721435547,11342900.0
2019-01-16,47.400001525878906,47.470001220703125,46.86000061035156,46.91999816894531,37.57467269897461,16907800.0
2019-01-17,46.91999816894531,47.13999938964844,46.880001068115234,47.060001373291016,37.686798095703125,12044600.0
2019-01-18,47.25,47.689998626708984,47.119998931884766,47.61000061035156,38.12723922729492,12760700.0
2019-01-21,47.25,47.689998626708984,47.119998931884766,47.61000061035156,38.12723922729492,12760700.0
2019-01-22,47.70000076293945,47.790000915527344,47.209999084472656,47.720001220703125,38.21533203125,11700400.0
2019-01-23,47.81999969482422,48.290000915527344,47.650001525878906,48.27000045776367,38.655792236328125,12058300.0
2019-01-24,48.11000061035156,48.11000061035156,47.380001068115234,47.689998626708984,38.19131088256836,10272000.0
2019-01-25,47.880001068115234,48.029998779296875,47.2400016784668,47.369998931884766,37.93505096435547,12066500.0
2019-01-28,47.220001220703125,47.29999923706055,46.939998626708984,47.16999816894531,37.77488327026367,9966900.0
2019-01-29,47.20000076293945,47.630001068115234,47.130001068115234,47.400001525878906,37.95907974243164,11998600.0
2019-01-30,47.25,47.88999938964844,47.189998626708984,47.86000061035156,38.32745361328125,12952500.0
2019-01-31,47.849998474121094,48.779998779296875,47.470001220703125,48.130001068115234,38.543678283691406,32181500.0
2019-02-01,48.47999954223633,48.779998779296875,48.400001525878906,48.70000076293945,39.000144958496094,19130100.0
2019-02-04,48.70000076293945,49.45000076293945,48.540000915527344,49.25,39.44060516357422,15105700.0
2019-02-05,49.33000183105469,49.470001220703125,49.099998474121094,49.2599983215332,39.44860076904297,12651900.0
2019-02-06,49.209999084472656,49.36000061035156,49.02000045776367,49.2599983215332,39.44860076904297,8689100.0
2019-02-07,49.16999816894531,49.459999084472656,49.0,49.41999816894531,39.57674789428711,10047800.0
2019-02-08,49.369998931884766,49.5,49.11000061035156,49.5,39.640804290771484,9813300.0
2019-02-11,49.56999969482422,49.880001068115234,49.47999954223633,49.61000061035156,39.72890090942383,9369300.0
2019-02-12,49.689998626708984,49.79999923706055,49.459999084472656,49.65999984741211,39.7689323425293,10983300.0
2019-02-13,49.61000061035156,49.939998626708984,49.560001373291016,49.790000915527344,39.873046875,12748800.0
2019-02-14,46.70000076293945,46.959999084472656,45.5,45.59000015258789,36.509586334228516,58905400.0
2019-02-15,45.900001525878906,46.2599983215332,45.20000076293945,45.2400016784668,36.22929000854492,35701600.0
2019-02-18,45.900001525878906,46.2599983215332,45.20000076293945,45.2400016784668,36.22929000854492,35701600.0
2019-02-19,45.31999969482422,45.59000015258789,44.77000045776367,44.83000183105469,35.90095901489258,25511300.0
2019-02-20,44.90999984741211,45.2400016784668,44.79999923706055,45.099998474121094,36.11717224121094,27464000.0
2019-02-21,45.0,45.90999984741211,44.959999084472656,45.86000061035156,36.72581100463867,23121200.0
2019-02-22,45.7599983215332,45.95000076293945,45.20000076293945,45.279998779296875,36.26132583618164,24728400.0
2019-02-25,45.439998626708984,45.56999969482422,44.84000015258789,44.939998626708984,35.98904800415039,23774400.0
2019-02-26,45.099998474121094,45.13999938964844,44.65999984741211,44.689998626708984,35.788841247558594,20463200.0
2019-02-27,44.599998474121094,45.02000045776367,44.41999816894531,44.939998626708984,35.98904800415039,17827500.0
2019-02-28,45.119998931884766,45.61000061035156,45.11000061035156,45.34000015258789,36.30937194824219,22533900.0
2019-03-01,45.470001220703125,45.63999938964844,45.20000076293945,45.380001068115234,36.34142303466797,16291600.0
2019-03-04,45.529998779296875,45.66999816894531,45.29999923706055,45.650001525878906,36.5576286315918,15973800.0
2019-03-05,45.650001525878906,45.70000076293945,45.400001525878906,45.599998474121094,36.51758575439453,13062300.0
2019-03-06,45.66999816894531,45.790000915527344,45.439998626708984,45.45000076293945,36.39747619628906,14232100.0
2019-03-07,45.4900016784668,45.529998779296875,45.130001068115234,45.279998779296875,36.26132583618164,12084000.0
2019-03-08,45.150001525878906,45.25,44.61000061035156,44.84000015258789,35.90896224975586,15579100.0
2019-03-11,45.13999938964844,46.2400016784668,45.099998474121094,46.18000030517578,36.98206329345703,22126900.0
2019-03-12,45.95000076293945,46.25,45.900001525878906,46.04999923706055,36.87797164916992,19348500.0
2019-03-13,46.130001068115234,46.34000015258789,45.90999984741211,46.220001220703125,37.01411056518555,16222500.0
2019-03-14,45.84000015258789,46.11000061035156,45.630001068115234,45.70000076293945,36.91716766357422,18504100.0
2019-03-15,45.720001220703125,45.900001525878906,45.13999938964844,45.29999923706055,36.59403991699219,47254500.0
2019-03-18,45.43000030517578,45.68000030517578,45.36000061035156,45.40999984741211,36.68290328979492,24006400.0
2019-03-19,45.54999923706055,45.689998626708984,45.34000015258789,45.560001373291016,36.80406951904297,14987000.0
2019-03-20,45.400001525878906,45.900001525878906,45.18000030517578,45.529998779296875,36.77983093261719,13376100.0
2019-03-21,45.529998779296875,45.7599983215332,45.439998626708984,45.5099983215332,36.76368713378906,20043000.0
2019-03-22,45.459999084472656,46.11000061035156,45.459999084472656,45.93000030517578,37.102962493896484,19055900.0
2019-03-25,45.86000061035156,46.20000076293945,45.790000915527344,46.029998779296875,37.183753967285156,11668200.0
2019-03-26,46.16999816894531,46.790000915527344,46.16999816894531,46.63999938964844,37.676509857177734,11434900.0
2019-03-27,46.650001525878906,46.90999984741211,46.33000183105469,46.61000061035156,37.65227508544922,11543600.0
2019-03-28,46.68000030517578,46.91999816894531,46.47999954223633,46.58000183105469,37.62804412841797,11121100.0
2019-03-29,46.66999816894531,46.90999984741211,46.47999954223633,46.86000061035156,37.85423278808594,16045600.0
2019-04-01,46.9900016784668,47.16999816894531,46.59000015258789,46.720001220703125,37.74114990234375,11522700.0
2019-04-02,46.75,46.93000030517578,46.56999969482422,46.56999969482422,37.619956970214844,8495000.0
2019-04-03,46.41999816894531,46.59000015258789,46.040000915527344,46.18000030517578,37.30491638183594,12854500.0
2019-04-04,46.34000015258789,46.540000915527344,46.11000061035156,46.47999954223633,37.54725646972656,7814900.0
2019-04-05,46.4900016784668,46.58000183105469,46.20000076293945,46.470001220703125,37.5391845703125,7677600.0
2019-04-08,46.540000915527344,46.56999969482422,46.27000045776367,46.54999923706055,37.60380172729492,9421300.0
2019-04-09,46.45000076293945,46.720001220703125,46.27000045776367,46.66999816894531,37.700740814208984,8641800.0
2019-04-10,46.84000015258789,47.0,46.560001373291016,46.63999938964844,37.676509857177734,8059900.0
2019-04-11,46.720001220703125,46.75,46.540000915527344,46.709999084472656,37.733062744140625,7352400.0
2019-04-12,46.66999816894531,46.93000030517578,46.56999969482422,46.7400016784668,37.75729751586914,10690000.0
2019-04-15,46.880001068115234,47.040000915527344,46.70000076293945,47.0,37.967323303222656,10261300.0
2019-04-16,47.04999923706055,47.099998474121094,46.70000076293945,46.95000076293945,37.92694091796875,10804600.0
2019-04-17,47.20000076293945,47.54999923706055,47.150001525878906,47.279998779296875,38.19350814819336,11849300.0
2019-04-18,47.33000183105469,47.58000183105469,47.27000045776367,47.47999954223633,38.35507583618164,12167000.0
2019-04-19,47.33000183105469,47.58000183105469,47.27000045776367,47.47999954223633,38.35507583618164,12167000.0
2019-04-22,47.400001525878906,47.61000061035156,47.02000045776367,47.400001525878906,38.29044723510742,9834700.0
2019-04-23,48.09000015258789,48.720001220703125,47.54999923706055,48.209999084472656,38.94477462768555,25327800.0
2019-04-24,48.029998779296875,48.22999954223633,47.91999816894531,47.97999954223633,38.75898742675781,15997300.0
2019-04-25,47.7400016784668,47.88999938964844,47.470001220703125,47.84000015258789,38.645896911621094,11444400.0
2019-04-26,47.9900016784668,48.45000076293945,47.97999954223633,48.2599983215332,38.985164642333984,10154300.0
2019-04-29,48.16999816894531,48.45000076293945,48.11000061035156,48.41999816894531,39.114418029785156,9731500.0
2019-04-30,48.529998779296875,49.18000030517578,48.38999938964844,49.060001373291016,39.63142776489258,17912900.0
2019-05-01,48.95000076293945,49.08000183105469,48.54999923706055,48.59000015258789,39.25175094604492,10551200.0
2019-05-02,48.529998779296875,48.77000045776367,48.27000045776367,48.38999938964844,39.090179443359375,8724600.0
2019-05-03,48.599998474121094,48.959999084472656,48.52000045776367,48.720001220703125,39.35676574707031,7076900.0
2019-05-06,48.33000183105469,48.61000061035156,48.2599983215332,48.470001220703125,39.154815673828125,8657800.0
2019-05-07,48.22999954223633,48.290000915527344,47.77000045776367,48.0,38.77513885498047,12487500.0
2019-05-08,48.04999923706055,48.22999954223633,47.81999969482422,47.849998474121094,38.65396499633789,9281400.0
2019-05-09,47.79999923706055,47.97999954223633,47.06999969482422,47.400001525878906,38.29044723510742,11450500.0
2019-05-10,47.40999984741211,48.29999923706055,47.400001525878906,48.189998626708984,38.928627014160156,9653800.0
2019-05-13,47.90999984741211,48.130001068115234,47.72999954223633,48.04999923706055,38.815528869628906,11911500.0
2019-05-14,48.529998779296875,49.31999969482422,48.349998474121094,48.689998626708984,39.33252716064453,16844200.0
2019-05-15,48.66999816894531,49.380001068115234,48.599998474121094,49.18000030517578,39.728363037109375,11422500.0
2019-05-16,49.27000045776367,49.65999984741211,49.209999084472656,49.58000183105469,40.05148696899414,17771300.0
2019-05-17,49.27000045776367,49.54999923706055,49.16999816894531,49.20000076293945,39.7445182800293,11257000.0
2019-05-20,49.040000915527344,49.13999938964844,48.7599983215332,48.849998474121094,39.46178436279297,13850500.0
2019-05-21,49.0,49.029998779296875,48.45000076293945,48.599998474121094,39.25981903076172,10587400.0
2019-05-22,48.779998779296875,49.709999084472656,48.720001220703125,49.650001525878906,40.108036041259766,16050400.0
2019-05-23,49.5,49.900001525878906,49.459999084472656,49.849998474121094,40.26959991455078,12199400.0
2019-05-24,49.81999969482422,49.88999938964844,49.529998779296875,49.61000061035156,40.07572555541992,6887600.0
2019-05-27,49.81999969482422,49.88999938964844,49.529998779296875,49.61000061035156,40.07572555541992,6887600.0
2019-05-28,49.599998474121094,49.66999816894531,49.029998779296875,49.099998474121094,39.663734436035156,18614000.0
2019-05-29,48.7400016784668,49.029998779296875,48.40999984741211,48.61000061035156,39.267906188964844,12534600.0
2019-05-30,48.720001220703125,49.310001373291016,48.66999816894531,49.25,39.784912109375,9087200.0
2019-05-31,49.0,49.310001373291016,48.779998779296875,49.130001068115234,39.68797302246094,11368600.0
2019-06-03,49.15999984741211,49.97999954223633,49.02000045776367,49.97999954223633,40.37459945678711,14167200.0
2019-06-04,50.0,50.279998779296875,49.619998931884766,50.0,40.39077377319336,12010600.0
2019-06-05,50.0099983215332,51.13999938964844,49.689998626708984,50.779998779296875,41.020870208740234,15837600.0
2019-06-06,50.90999984741211,51.540000915527344,50.59000015258789,51.400001525878906,41.52170944213867,15190400.0
2019-06-07,51.470001220703125,52.189998626708984,51.45000076293945,51.4900016784668,41.59441375732422,15293600.0
2019-06-10,51.540000915527344,51.540000915527344,51.09000015258789,51.380001068115234,41.505558013916016,9737400.0
2019-06-11,51.45000076293945,51.59000015258789,51.18000030517578,51.33000183105469,41.46516418457031,9915600.0
2019-06-12,51.5,52.13999938964844,51.470001220703125,51.63999938964844,41.7155876159668,11088100.0
2019-06-13,51.459999084472656,51.70000076293945,50.779998779296875,51.130001068115234,41.62602996826172,10353600.0
2019-06-14,51.04999923706055,51.529998779296875,51.04999923706055,51.310001373291016,41.7725715637207,8694300.0
2019-06-17,51.25,51.47999954223633,50.61000061035156,50.869998931884766,41.41436767578125,12322400.0
2019-06-18,51.25,51.29999923706055,50.529998779296875,50.63999938964844,41.22710418701172,9221100.0
2019-06-19,50.540000915527344,51.2400016784668,50.470001220703125,51.119998931884766,41.617881774902344,9414100.0
2019-06-20,51.5,51.790000915527344,51.349998474121094,51.65999984741211,42.05751419067383,10656600.0
2019-06-21,51.529998779296875,51.88999938964844,51.40999984741211,51.54999923706055,41.96796798706055,21264400.0
2019-06-24,51.7400016784668,52.20000076293945,51.70000076293945,51.91999816894531,42.269187927246094,10780000.0
2019-06-25,52.0,52.099998474121094,51.63999938964844,51.7599983215332,42.13893127441406,11519900.0
2019-06-26,51.52000045776367,51.63999938964844,51.09000015258789,51.119998931884766,41.617881774902344,12405100.0
2019-06-27,51.290000915527344,51.400001525878906,50.970001220703125,51.08000183105469,41.5853271484375,12374900.0
2019-06-28,51.27000045776367,51.400001525878906,50.52000045776367,50.91999816894531,41.4550666809082,16339900.0
2019-07-01,51.06999969482422,51.630001068115234,50.779998779296875,51.599998474121094,42.008670806884766,14976400.0
2019-07-02,51.779998779296875,52.04999923706055,51.54999923706055,51.97999954223633,42.31803512573242,8569200.0
2019-07-03,52.0,52.33000183105469,52.0,52.099998474121094,42.415733337402344,7253700.0
2019-07-04,52.0,52.33000183105469,52.0,52.099998474121094,42.415733337402344,7253700.0
2019-07-05,51.88999938964844,52.119998931884766,51.47999954223633,52.11000061035156,42.42387390136719,8916300.0
2019-07-08,52.20000076293945,52.33000183105469,51.88999938964844,52.0,42.33431625366211,9495100.0
2019-07-09,51.720001220703125,51.970001220703125,51.43000030517578,51.59000015258789,42.00053024291992,10584900.0
2019-07-10,51.79999923706055,51.970001220703125,51.65999984741211,51.81999969482422,42.187774658203125,7620900.0
2019-07-11,51.9900016784668,52.060001373291016,51.65999984741211,52.040000915527344,42.36688995361328,10376500.0
2019-07-12,52.25,52.290000915527344,51.90999984741211,52.119998931884766,42.43201446533203,7347400.0
2019-07-15,52.279998779296875,52.290000915527344,51.869998931884766,52.130001068115234,42.44015884399414,5876100.0
2019-07-16,51.959999084472656,52.470001220703125,51.810001373291016,52.13999938964844,42.44829559326172,7132500.0
2019-07-17,52.220001220703125,52.2599983215332,52.0099983215332,52.18000030517578,42.48086166381836,8264200.0
2019-07-18,52.040000915527344,52.16999816894531,51.66999816894531,52.029998779296875,42.35874557495117,11911800.0
2019-07-19,52.13999938964844,52.150001525878906,51.369998931884766,51.38999938964844,41.83770751953125,10355500.0
2019-07-22,51.52000045776367,51.52000045776367,51.130001068115234,51.220001220703125,41.69930648803711,12090700.0
2019-07-23,53.25,54.63999938964844,52.7599983215332,54.33000183105469,44.23122787475586,33417900.0
2019-07-24,54.119998931884766,54.81999969482422,53.619998931884766,53.779998779296875,43.78345489501953,15633400.0
2019-07-25,53.630001068115234,53.79999923706055,52.720001220703125,53.06999969482422,43.20542907714844,19135000.0
2019-07-26,53.34000015258789,54.310001373291016,53.189998626708984,54.16999816894531,44.10096740722656,11451900.0
2019-07-29,54.16999816894531,54.29999923706055,53.900001525878906,53.9900016784668,43.95442581176758,12283900.0
2019-07-30,53.959999084472656,54.29999923706055,53.56999969482422,53.720001220703125,43.73460388183594,8127100.0
2019-07-31,53.5099983215332,53.5099983215332,52.040000915527344,52.630001068115234,42.84722137451172,16865500.0
2019-08-01,52.779998779296875,53.20000076293945,52.0099983215332,52.029998779296875,42.35874557495117,19527200.0
2019-08-02,51.90999984741211,52.72999954223633,51.90999984741211,52.33000183105469,42.60298538208008,13102300.0
2019-08-05,52.38999938964844,52.65999984741211,51.400001525878906,51.650001525878906,42.049373626708984,19986500.0
2019-08-06,51.869998931884766,52.7599983215332,51.61000061035156,52.27000045776367,42.554134368896484,19903100.0
2019-08-07,52.27000045776367,53.38999938964844,51.77000045776367,53.18000030517578,43.29499053955078,17937000.0
2019-08-08,53.209999084472656,53.779998779296875,52.849998474121094,53.689998626708984,43.710182189941406,10799000.0
2019-08-09,53.790000915527344,53.900001525878906,53.08000183105469,53.41999816894531,43.4903678894043,9260900.0
2019-08-12,53.279998779296875,53.439998626708984,52.9900016784668,53.20000076293945,43.31127166748047,6588600.0
2019-08-13,52.900001525878906,53.61000061035156,52.869998931884766,53.5,43.555503845214844,8581200.0
2019-08-14,53.34000015258789,53.970001220703125,52.970001220703125,52.9900016784668,43.14030075073242,17088900.0
2019-08-15,53.43000030517578,54.0,53.22999954223633,53.869998931884766,43.856727600097656,12393200.0
2019-08-16,53.97999954223633,54.4900016784668,53.95000076293945,54.40999984741211,44.29635238647461,14288700.0
2019-08-19,54.439998626708984,54.779998779296875,54.310001373291016,54.689998626708984,44.5243034362793,10936200.0
2019-08-20,54.619998931884766,54.68000030517578,53.84000015258789,53.880001068115234,43.8648681640625,8176700.0
2019-08-21,54.25,54.40999984741211,53.849998474121094,54.099998474121094,44.04397201538086,10886500.0
2019-08-22,54.119998931884766,54.63999938964844,54.099998474121094,54.4900016784668,44.36149215698242,7467900.0
2019-08-23,54.41999816894531,54.709999084472656,53.38999938964844,53.7400016784668,43.75088882446289,14160400.0
2019-08-26,54.0,54.540000915527344,53.72999954223633,54.540000915527344,44.40219497680664,9226900.0
2019-08-27,54.70000076293945,54.95000076293945,54.40999984741211,54.720001220703125,44.548736572265625,13537000.0
2019-08-28,54.65999984741211,55.150001525878906,54.41999816894531,55.11000061035156,44.866233825683594,10046400.0
2019-08-29,55.2599983215332,55.34000015258789,54.599998474121094,55.04999923706055,44.8173942565918,9262800.0
2019-08-30,55.15999984741211,55.220001220703125,54.810001373291016,55.040000915527344,44.80925369262695,8746700.0
2019-09-02,55.15999984741211,55.220001220703125,54.810001373291016,55.040000915527344,44.80925369262695,8746700.0
2019-09-03,54.97999954223633,55.33000183105469,54.869998931884766,55.29999923706055,45.02091598510742,12991400.0
2019-09-04,55.349998474121094,55.91999816894531,55.29999923706055,55.77000045776367,45.40355682373047,10718100.0
2019-09-05,55.75,55.77000045776367,55.029998779296875,55.119998931884766,44.87437438964844,13677000.0
2019-09-06,55.439998626708984,55.439998626708984,54.7599983215332,55.22999954223633,44.96392822265625,9093500.0
2019-09-09,55.029998779296875,55.08000183105469,54.36000061035156,54.52000045776367,44.38590621948242,10814900.0
2019-09-10,54.22999954223633,54.439998626708984,53.849998474121094,54.400001525878906,44.288211822509766,12038200.0
2019-09-11,54.290000915527344,54.79999923706055,53.970001220703125,54.77000045776367,44.58943557739258,9740400.0
2019-09-12,55.099998474121094,55.310001373291016,54.97999954223633,55.11000061035156,44.866233825683594,12357900.0
2019-09-13,54.47999954223633,54.790000915527344,54.06999969482422,54.2599983215332,44.4972038269043,11486100.0
2019-09-16,54.099998474121094,54.34000015258789,53.630001068115234,53.959999084472656,44.25117111206055,11172000.0
2019-09-17,54.099998474121094,54.70000076293945,53.959999084472656,54.2400016784668,44.48080825805664,11347400.0
2019-09-18,54.20000076293945,54.290000915527344,53.81999969482422,54.22999954223633,44.47260284423828,9700400.0
2019-09-19,54.22999954223633,54.599998474121094,54.130001068115234,54.52000045776367,44.71042251586914,7560300.0
2019-09-20,54.689998626708984,54.689998626708984,53.900001525878906,53.90999984741211,44.21017837524414,19211500.0
2019-09-23,53.90999984741211,54.36000061035156,53.880001068115234,54.13999938964844,44.3988037109375,6485300.0
2019-09-24,54.25,54.61000061035156,54.040000915527344,54.29999923706055,44.53001403808594,10093000.0
2019-09-25,54.439998626708984,54.47999954223633,54.0,54.16999816894531,44.42338562011719,10248400.0
2019-09-26,54.470001220703125,54.58000183105469,54.130001068115234,54.38999938964844,44.603816986083984,10031200.0
2019-09-27,54.560001373291016,54.63999938964844,54.0,54.310001373291016,44.5382080078125,7939900.0
2019-09-30,54.150001525878906,54.68000030517578,54.150001525878906,54.439998626708984,44.644813537597656,9808700.0
2019-10-01,54.529998779296875,54.779998779296875,54.0099983215332,54.650001525878906,44.81703567504883,14261500.0
2019-10-02,54.209999084472656,54.439998626708984,52.900001525878906,53.08000183105469,43.52951431274414,14343600.0
2019-10-03,53.5,53.97999954223633,52.81999969482422,53.84000015258789,44.15277099609375,13817500.0
2019-10-04,54.0,54.540000915527344,53.88999938964844,54.540000915527344,44.726829528808594,9295400.0
2019-10-07,54.33000183105469,54.36000061035156,53.77000045776367,53.869998931884766,44.1773681640625,5964900.0
2019-10-08,53.880001068115234,54.06999969482422,53.45000076293945,53.58000183105469,43.93955612182617,13301900.0
2019-10-09,54.060001373291016,54.06999969482422,53.540000915527344,53.83000183105469,44.14457702636719,7135000.0
2019-10-10,53.54999923706055,53.880001068115234,53.36000061035156,53.65999984741211,44.005157470703125,8942900.0
2019-10-11,53.650001525878906,53.70000076293945,53.20000076293945,53.29999923706055,43.709930419921875,8981700.0
2019-10-14,53.4900016784668,53.68000030517578,53.220001220703125,53.29999923706055,43.709930419921875,7306300.0
2019-10-15,53.43000030517578,53.68000030517578,53.27000045776367,53.5099983215332,43.88214111328125,9564300.0
2019-10-16,53.459999084472656,53.56999969482422,53.130001068115234,53.4900016784668,43.865753173828125,10454800.0
2019-10-17,53.689998626708984,54.119998931884766,53.58000183105469,53.790000915527344,44.11176300048828,13190300.0
2019-10-18,55.0,55.38999938964844,54.45000076293945,54.779998779296875,44.923648834228516,18122400.0
2019-10-21,54.45000076293945,54.560001373291016,53.68000030517578,54.22999954223633,44.47260284423828,12778900.0
2019-10-22,54.22999954223633,54.41999816894531,53.7400016784668,53.849998474121094,44.16097640991211,9533400.0
2019-10-23,54.060001373291016,54.65999984741211,54.0099983215332,54.63999938964844,44.808834075927734,8556600.0
2019-10-24,54.56999969482422,54.81999969482422,54.4900016784668,54.61000061035156,44.78424072265625,11051400.0
2019-10-25,54.54999923706055,54.560001373291016,53.66999816894531,53.75,44.0789680480957,9782400.0
2019-10-28,53.7400016784668,53.95000076293945,53.369998931884766,53.56999969482422,43.931358337402344,8866100.0
2019-10-29,53.38999938964844,53.65999984741211,53.2599983215332,53.40999984741211,43.80014419555664,7999700.0
2019-10-30,53.52000045776367,54.04999923706055,53.15999984741211,53.939998626708984,44.234771728515625,8620900.0
2019-10-31,53.959999084472656,54.470001220703125,53.849998474121094,54.43000030517578,44.63661575317383,13982000.0
2019-11-01,54.630001068115234,54.7400016784668,53.849998474121094,53.900001525878906,44.20198059082031,9889500.0
2019-11-04,53.959999084472656,54.0,52.970001220703125,53.13999938964844,43.57872009277344,17515100.0
2019-11-05,52.88999938964844,52.88999938964844,52.119998931884766,52.41999816894531,42.9882698059082,19284000.0
2019-11-06,52.529998779296875,52.79999923706055,52.40999984741211,52.79999923706055,43.29989242553711,13288900.0
2019-11-07,52.880001068115234,53.0,51.959999084472656,52.290000915527344,42.88166427612305,11725500.0
2019-11-08,52.459999084472656,52.599998474121094,52.09000015258789,52.209999084472656,42.8160514831543,7141800.0
2019-11-11,52.33000183105469,52.369998931884766,51.779998779296875,51.84000015258789,42.51261901855469,8198300.0
2019-11-12,51.90999984741211,51.90999984741211,51.58000183105469,51.709999084472656,42.40601348876953,12656900.0
2019-11-13,52.18000030517578,52.45000076293945,51.959999084472656,52.40999984741211,42.98006820678711,12257900.0
2019-11-14,52.529998779296875,52.66999816894531,52.349998474121094,52.630001068115234,43.160499572753906,8660300.0
2019-11-15,52.63999938964844,52.68000030517578,52.380001068115234,52.66999816894531,43.193294525146484,8982400.0
2019-11-18,52.68000030517578,53.439998626708984,52.66999816894531,53.029998779296875,43.4885139465332,13782000.0
2019-11-19,53.150001525878906,53.310001373291016,52.869998931884766,53.08000183105469,43.52951431274414,12679500.0
2019-11-20,53.099998474121094,53.400001525878906,53.0099983215332,53.220001220703125,43.64433288574219,11970300.0
2019-11-21,53.11000061035156,53.34000015258789,52.779998779296875,52.959999084472656,43.43110275268555,7856100.0
2019-11-22,52.959999084472656,53.189998626708984,52.75,53.029998779296875,43.4885139465332,9113300.0
2019-11-25,53.279998779296875,53.38999938964844,52.77000045776367,53.220001220703125,43.64433288574219,10963500.0
2019-11-26,53.310001373291016,53.939998626708984,53.220001220703125,53.900001525878906,44.20198059082031,13219800.0
2019-11-27,53.93000030517578,54.099998474121094,53.599998474121094,53.95000076293945,44.24298858642578,9595200.0
2019-11-28,53.93000030517578,54.099998474121094,53.599998474121094,53.95000076293945,44.24298858642578,9595200.0
2019-11-29,53.70000076293945,53.72999954223633,53.220001220703125,53.400001525878906,44.11906433105469,7222300.0
2019-12-02,53.31999969482422,53.75,52.849998474121094,53.75,44.40822219848633,13173800.0
2019-12-03,53.709999084472656,53.84000015258789,53.400001525878906,53.79999923706055,44.44953155517578,14498300.0
2019-12-04,53.79999923706055,54.310001373291016,53.720001220703125,54.290000915527344,44.854366302490234,13624000.0
2019-12-05,54.209999084472656,54.290000915527344,53.83000183105469,54.189998626708984,44.77175521850586,14068100.0
2019-12-06,54.310001373291016,54.5,54.16999816894531,54.41999816894531,44.96176528930664,7843500.0
2019-12-09,54.29999923706055,54.5099983215332,54.02000045776367,54.06999969482422,44.672607421875,13887200.0
2019-12-10,54.040000915527344,54.06999969482422,53.72999954223633,53.77000045776367,44.42475128173828,8993900.0
2019-12-11,53.939998626708984,54.150001525878906,53.65999984741211,53.95000076293945,44.573455810546875,8879100.0
2019-12-12,54.0099983215332,54.45000076293945,53.939998626708984,54.13999938964844,44.730438232421875,11233300.0
2019-12-13,53.939998626708984,54.54999923706055,53.84000015258789,54.41999816894531,44.96176528930664,13072200.0
2019-12-16,54.689998626708984,54.83000183105469,54.369998931884766,54.41999816894531,44.96176528930664,9538100.0
2019-12-17,54.400001525878906,54.58000183105469,54.290000915527344,54.41999816894531,44.96176528930664,9230000.0
2019-12-18,54.529998779296875,54.75,53.88999938964844,53.90999984741211,44.54042053222656,15132100.0
2019-12-19,54.040000915527344,54.34000015258789,53.91999816894531,54.31999969482422,44.879146575927734,13385900.0
2019-12-20,54.939998626708984,55.20000076293945,54.470001220703125,54.970001220703125,45.416175842285156,23832800.0
2019-12-23,55.0,55.2400016784668,54.84000015258789,54.90999984741211,45.36662292480469,9300800.0
2019-12-24,54.79999923706055,55.0,54.63999938964844,54.709999084472656,45.20136642456055,3359300.0
2019-12-25,54.79999923706055,55.0,54.63999938964844,54.709999084472656,45.20136642456055,3359300.0
2019-12-26,54.91999816894531,55.02000045776367,54.790000915527344,55.02000045776367,45.45749282836914,6228500.0
2019-12-27,55.0099983215332,55.45000076293945,55.0,55.349998474121094,45.73013687133789,6895500.0
2019-12-30,55.18000030517578,55.38999938964844,55.060001373291016,55.27000045776367,45.66404342651367,6431700.0
2019-12-31,55.20000076293945,55.380001068115234,54.97999954223633,55.349998474121094,45.73013687133789,7982600.0
2020-01-01,55.20000076293945,55.380001068115234,54.97999954223633,55.349998474121094,45.73013687133789,7982600.0
2020-01-02,55.31999969482422,55.43000030517578,54.7599983215332,54.9900016784668,45.43271255493164,11867700.0
2020-01-03,54.31999969482422,54.9900016784668,54.09000015258789,54.689998626708984,45.18485641479492,11354500.0
2020-01-06,54.650001525878906,54.90999984741211,54.52000045776367,54.66999816894531,45.1683235168457,14698300.0
2020-01-07,54.45000076293945,54.599998474121094,54.150001525878906,54.25,44.821319580078125,9973900.0
2020-01-08,54.27000045776367,54.63999938964844,54.150001525878906,54.349998474121094,44.903934478759766,10676000.0
2020-01-09,55.0,55.400001525878906,54.84000015258789,55.34000015258789,45.72188186645508,15398000.0
2020-01-10,55.47999954223633,55.93000030517578,55.45000076293945,55.529998779296875,45.878849029541016,13040100.0
2020-01-13,55.529998779296875,56.22999954223633,55.41999816894531,56.130001068115234,46.374576568603516,14302900.0
2020-01-14,56.2400016784668,56.290000915527344,55.83000183105469,56.0,46.267173767089844,16345300.0
2020-01-15,56.0,56.97999954223633,56.0,56.70000076293945,46.84552001953125,17735400.0
2020-01-16,56.849998474121094,56.95000076293945,56.61000061035156,56.81999969482422,46.94466781616211,10234100.0
2020-01-17,56.869998931884766,57.150001525878906,56.79999923706055,56.939998626708984,47.04380416870117,14264300.0
2020-01-20,56.869998931884766,57.150001525878906,56.79999923706055,56.939998626708984,47.04380416870117,14264300.0
2020-01-21,56.849998474121094,57.25,56.56999969482422,57.16999816894531,47.23382568359375,11968900.0
2020-01-22,57.25,57.63999938964844,57.18000030517578,57.61000061035156,47.597354888916016,12869600.0
2020-01-23,57.380001068115234,57.849998474121094,57.2400016784668,57.83000183105469,47.77912521362305,12858900.0
2020-01-24,57.849998474121094,57.869998931884766,57.459999084472656,57.68000030517578,47.655189514160156,8594300.0
2020-01-27,57.209999084472656,57.849998474121094,57.130001068115234,57.47999954223633,47.48995590209961,14359900.0
2020-01-28,57.45000076293945,57.75,56.970001220703125,57.0099983215332,47.10163116455078,15240200.0
2020-01-29,57.0,57.2599983215332,56.65999984741211,57.0099983215332,47.10163116455078,13163600.0
2020-01-30,57.93000030517578,58.97999954223633,57.7599983215332,58.86000061035156,48.630104064941406,20225600.0
2020-01-31,58.970001220703125,59.08000183105469,58.150001525878906,58.400001525878906,48.250057220458984,17685200.0
2020-02-03,58.75,58.970001220703125,58.52000045776367,58.58000183105469,48.398773193359375,12333600.0
2020-02-04,58.75,59.45000076293945,58.619998931884766,58.84000015258789,48.613582611083984,15417900.0
2020-02-05,58.900001525878906,59.08000183105469,58.540000915527344,58.849998474121094,48.62184143066406,11414900.0
2020-02-06,58.97999954223633,59.34000015258789,58.84000015258789,58.9900016784668,48.73750686645508,9347000.0
2020-02-07,58.880001068115234,59.31999969482422,58.849998474121094,59.189998626708984,48.90275192260742,8757800.0
2020-02-10,59.31999969482422,59.84000015258789,59.290000915527344,59.75,49.36542510986328,7984900.0
2020-02-11,59.720001220703125,59.79999923706055,59.31999969482422,59.59000015258789,49.23323440551758,7431200.0
2020-02-12,59.47999954223633,59.77000045776367,59.31999969482422,59.40999984741211,49.084503173828125,9179100.0
2020-02-13,59.380001068115234,59.84000015258789,59.209999084472656,59.61000061035156,49.24974822998047,8173200.0
2020-02-14,59.630001068115234,60.06999969482422,59.619998931884766,59.95000076293945,49.53065872192383,9965500.0
2020-02-17,59.630001068115234,60.06999969482422,59.619998931884766,59.95000076293945,49.53065872192383,9965500.0
2020-02-18,59.810001373291016,59.93000030517578,59.45000076293945,59.529998779296875,49.183650970458984,10075700.0
2020-02-19,59.5099983215332,60.0,59.470001220703125,59.77000045776367,49.3819580078125,6265700.0
2020-02-20,59.68000030517578,59.86000061035156,59.11000061035156,59.720001220703125,49.340641021728516,7597200.0
2020-02-21,59.5099983215332,60.130001068115234,59.43000030517578,60.130001068115234,49.679378509521484,10842400.0
2020-02-24,59.11000061035156,59.79999923706055,58.56999969482422,58.650001525878906,48.45659637451172,14415500.0
2020-02-25,58.70000076293945,59.20000076293945,57.619998931884766,57.81999969482422,47.77085494995117,15915100.0
2020-02-26,57.97999954223633,58.470001220703125,57.47999954223633,57.599998474121094,47.589088439941406,15837800.0
2020-02-27,57.150001525878906,57.88999938964844,54.880001068115234,54.93000030517578,45.383140563964844,23754000.0
2020-02-28,53.83000183105469,53.88999938964844,51.58000183105469,53.4900016784668,44.19340896606445,40890600.0
2020-03-02,53.93000030517578,55.959999084472656,53.70000076293945,55.91999816894531,46.201072692871094,25698600.0
2020-03-03,56.7599983215332,57.4900016784668,55.63999938964844,56.060001373291016,46.31674575805664,27099200.0
2020-03-04,56.40999984741211,59.0,56.40999984741211,58.91999816894531,48.6796760559082,20526100.0
2020-03-05,57.79999923706055,58.16999816894531,56.189998626708984,56.7400016784668,46.878562927246094,17948500.0
2020-03-06,54.939998626708984,55.90999984741211,53.97999954223633,55.2599983215332,45.65578079223633,22353900.0
2020-03-09,52.04999923706055,53.58000183105469,51.47999954223633,51.86000061035156,42.84670639038086,27898300.0
2020-03-10,53.220001220703125,53.79999923706055,51.16999816894531,53.65999984741211,44.33385467529297,27457400.0
2020-03-11,52.349998474121094,52.650001525878906,51.13999938964844,52.209999084472656,43.13587951660156,22653900.0
2020-03-12,48.540000915527344,49.93000030517578,46.689998626708984,47.15999984741211,38.96356201171875,31913100.0
2020-03-13,49.5099983215332,49.560001373291016,46.61000061035156,48.470001220703125,40.39708709716797,33697200.0
2020-03-16,42.2400016784668,47.880001068115234,41.16999816894531,45.2599983215332,37.72173309326172,28682300.0
2020-03-17,45.880001068115234,47.5,45.369998931884766,47.18000030517578,39.32194900512695,32106700.0
2020-03-18,44.7400016784668,45.150001525878906,41.59000015258789,44.849998474121094,37.38002395629883,35408300.0
2020-03-19,44.36000061035156,44.65999984741211,41.040000915527344,41.83000183105469,34.86301803588867,41956900.0
2020-03-20,41.95000076293945,42.06999969482422,37.5099983215332,38.29999923706055,31.92095947265625,51513500.0
2020-03-23,38.7599983215332,38.88999938964844,36.27000045776367,37.560001373291016,31.3042049407959,44978500.0
2020-03-24,41.220001220703125,41.400001525878906,38.83000183105469,39.45000076293945,32.87942123413086,49096200.0
2020-03-25,40.630001068115234,43.45000076293945,39.90999984741211,41.61000061035156,34.679656982421875,42511700.0
2020-03-26,42.84000015258789,45.27000045776367,42.45000076293945,44.290000915527344,36.91329574584961,37821700.0
2020-03-27,43.65999984741211,44.029998779296875,42.400001525878906,42.810001373291016,35.6797981262207,23297900.0
2020-03-30,43.040000915527344,45.560001373291016,43.040000915527344,45.0,37.50503921508789,23446000.0
2020-03-31,45.06999969482422,45.5099983215332,44.060001373291016,44.25,36.87995529174805,25373900.0
2020-04-01,42.47999954223633,43.650001525878906,41.79999923706055,42.119998931884766,35.10471725463867,21936400.0
2020-04-02,42.220001220703125,44.189998626708984,41.86000061035156,43.95000076293945,36.62992477416992,17621900.0
2020-04-03,43.58000183105469,44.34000015258789,43.310001373291016,43.83000183105469,36.52991485595703,14207100.0
2020-04-06,45.38999938964844,47.0099983215332,44.689998626708984,46.66999816894531,38.896888732910156,22850000.0
2020-04-07,48.5,48.599998474121094,46.47999954223633,46.5099983215332,38.76353073120117,21279600.0
2020-04-08,46.63999938964844,48.09000015258789,46.33000183105469,47.81999969482422,39.85535430908203,18937100.0
2020-04-09,48.439998626708984,49.72999954223633,48.349998474121094,49.0,40.83883285522461,19165300.0
2020-04-10,48.439998626708984,49.72999954223633,48.349998474121094,49.0,40.83883285522461,19165300.0
2020-04-13,48.349998474121094,48.63999938964844,46.5,46.93000030517578,39.113582611083984,19586000.0
2020-04-14,47.939998626708984,49.25,46.93000030517578,48.91999816894531,40.77214050292969,21801900.0
2020-04-15,47.709999084472656,48.400001525878906,47.40999984741211,47.61000061035156,39.68033218383789,12893200.0
2020-04-16,47.400001525878906,47.849998474121094,46.7599983215332,47.099998474121094,39.25528335571289,17606800.0
2020-04-17,48.29999923706055,48.29999923706055,47.369998931884766,48.060001373291016,40.05537796020508,19844600.0
2020-04-20,47.790000915527344,48.0,46.310001373291016,46.529998779296875,38.78021240234375,18957900.0
2020-04-21,45.880001068115234,46.900001525878906,44.2599983215332,45.380001068115234,37.82174301147461,26863700.0
2020-04-22,46.04999923706055,46.150001525878906,45.5,45.68000030517578,38.071773529052734,15811600.0
2020-04-23,45.95000076293945,46.099998474121094,44.970001220703125,45.06999969482422,37.56338119506836,17668200.0
2020-04-24,45.5,45.75,45.119998931884766,45.43000030517578,37.8634147644043,15175000.0
2020-04-27,46.0,46.97999954223633,45.709999084472656,46.779998779296875,38.98857116699219,19175500.0
2020-04-28,47.900001525878906,48.0,46.56999969482422,46.7400016784668,38.955238342285156,17246700.0
2020-04-29,47.27000045776367,47.86000061035156,46.880001068115234,47.119998931884766,39.27193069458008,15780000.0
2020-04-30,47.0,47.0,45.70000076293945,45.88999938964844,38.24681091308594,20801100.0
2020-05-01,45.619998931884766,46.38999938964844,45.209999084472656,45.599998474121094,38.00510787963867,14290400.0
2020-05-04,45.31999969482422,45.47999954223633,44.599998474121094,45.13999938964844,37.621734619140625,22544200.0
2020-05-05,45.36000061035156,46.099998474121094,45.150001525878906,45.400001525878906,37.838417053222656,13370500.0
2020-05-06,45.400001525878906,45.630001068115234,44.720001220703125,44.75,37.29668045043945,11892900.0
2020-05-07,45.150001525878906,45.2400016784668,44.5,44.599998474121094,37.17165756225586,16466000.0
2020-05-08,45.08000183105469,46.220001220703125,44.880001068115234,46.11000061035156,38.430171966552734,13985100.0
2020-05-11,45.689998626708984,46.11000061035156,45.52000045776367,45.540000915527344,37.95509338378906,10874600.0
2020-05-12,45.599998474121094,45.849998474121094,44.79999923706055,44.81999969482422,37.35503005981445,13424400.0
2020-05-13,44.709999084472656,44.779998779296875,43.52000045776367,43.939998626708984,36.621585845947266,15854800.0
2020-05-14,43.380001068115234,44.060001373291016,43.22999954223633,43.70000076293945,36.42155838012695,18000800.0
2020-05-15,43.959999084472656,44.689998626708984,43.20000076293945,43.2599983215332,36.054840087890625,31579400.0
2020-05-18,44.81999969482422,45.38999938964844,44.130001068115234,44.970001220703125,37.480045318603516,26118500.0
2020-05-19,45.0099983215332,45.33000183105469,44.25,44.540000915527344,37.12165451049805,17839900.0
2020-05-20,45.20000076293945,46.16999816894531,45.02000045776367,45.88999938964844,38.24681091308594,22295900.0
2020-05-21,46.08000183105469,46.09000015258789,45.029998779296875,45.16999816894531,37.64672088623047,13193500.0
2020-05-22,45.220001220703125,45.310001373291016,44.650001525878906,45.029998779296875,37.53004455566406,13008400.0
2020-05-25,45.220001220703125,45.310001373291016,44.650001525878906,45.029998779296875,37.53004455566406,13008400.0
2020-05-26,46.91999816894531,46.93000030517578,45.93000030517578,46.09000015258789,38.413490295410156,22223100.0
2020-05-27,47.0,47.09000015258789,46.16999816894531,46.72999954223633,38.9468994140625,18447600.0
2020-05-28,47.29999923706055,47.459999084472656,46.81999969482422,47.09000015258789,39.24693298339844,16230600.0
2020-05-29,46.68000030517578,47.189998626708984,46.13999938964844,46.68000030517578,38.90522766113281,51125000.0
2020-06-01,46.65999984741211,47.22999954223633,46.59000015258789,46.9900016784668,39.16360092163086,17010700.0
2020-06-02,47.15999984741211,47.279998779296875,46.560001373291016,46.900001525878906,39.08858108520508,15255100.0
2020-06-03,47.27000045776367,48.119998931884766,47.119998931884766,47.900001525878906,39.92203903198242,15508300.0
2020-06-04,47.939998626708984,48.27000045776367,47.380001068115234,47.91999816894531,39.93870162963867,13604700.0
2020-06-05,48.540000915527344,49.4900016784668,48.459999084472656,49.09000015258789,40.91382598876953,20504800.0
2020-06-08,49.540000915527344,49.970001220703125,49.470001220703125,49.849998474121094,41.547245025634766,19896700.0
2020-06-09,49.59000015258789,49.59000015258789,48.68000030517578,49.0,40.83883285522461,16713700.0
2020-06-10,49.15999984741211,49.27000045776367,48.56999969482422,48.619998931884766,40.5221061706543,15716600.0
2020-06-11,47.810001373291016,47.91999816894531,45.459999084472656,45.540000915527344,37.95509338378906,26070400.0
2020-06-12,46.209999084472656,46.25,45.0099983215332,45.599998474121094,38.350372314453125,21822700.0
2020-06-15,44.56999969482422,46.45000076293945,44.470001220703125,46.29999923706055,38.9390869140625,15622300.0
2020-06-16,47.560001373291016,47.689998626708984,46.189998626708984,46.77000045776367,39.33437728881836,18803500.0
2020-06-17,46.779998779296875,47.060001373291016,46.439998626708984,46.58000183105469,39.17457962036133,12602800.0
2020-06-18,46.29999923706055,47.040000915527344,46.06999969482422,46.9900016784668,39.51940155029297,9380800.0
2020-06-19,47.77000045776367,47.790000915527344,46.02000045776367,46.02000045776367,38.7036018371582,30464600.0
2020-06-22,46.029998779296875,46.150001525878906,45.380001068115234,45.7400016784668,38.46812438964844,20876200.0
2020-06-23,46.0,46.290000915527344,45.58000183105469,45.63999938964844,38.38401794433594,14675300.0
2020-06-24,45.369998931884766,45.439998626708984,44.5,44.650001525878906,37.55141067504883,17631800.0
2020-06-25,44.470001220703125,44.97999954223633,44.029998779296875,44.93000030517578,37.786895751953125,13829700.0
2020-06-26,44.91999816894531,45.0099983215332,43.5099983215332,43.56999969482422,36.64311218261719,21955100.0
2020-06-29,44.0,44.56999969482422,43.54999923706055,44.36000061035156,37.307533264160156,17603900.0
2020-06-30,44.25,44.83000183105469,44.040000915527344,44.68000030517578,37.57664108276367,23679800.0
2020-07-01,44.93000030517578,45.529998779296875,44.709999084472656,44.81999969482422,37.69437789916992,14316500.0
2020-07-02,45.290000915527344,45.43000030517578,44.79999923706055,44.880001068115234,37.74484634399414,15111900.0
2020-07-03,45.290000915527344,45.43000030517578,44.79999923706055,44.880001068115234,37.74484634399414,15111900.0
2020-07-06,45.13999938964844,45.27000045776367,44.61000061035156,45.22999954223633,38.03919982910156,15146000.0
2020-07-07,45.0,45.5,44.79999923706055,45.209999084472656,38.02238464355469,13043600.0
2020-07-08,45.13999938964844,45.18000030517578,44.470001220703125,45.06999969482422,37.90464401245117,13851200.0
2020-07-09,45.04999923706055,45.04999923706055,43.83000183105469,43.90999984741211,36.92905807495117,16087100.0
2020-07-10,43.880001068115234,45.25,43.86000061035156,45.150001525878906,37.971923828125,15627800.0
2020-07-13,45.529998779296875,45.68000030517578,44.959999084472656,45.25,38.0560188293457,16705300.0
2020-07-14,44.90999984741211,45.939998626708984,44.66999816894531,45.869998931884766,38.577457427978516,17080100.0
2020-07-15,46.29999923706055,47.189998626708984,46.20000076293945,46.400001525878906,39.02320098876953,23738000.0
2020-07-16,46.2599983215332,46.689998626708984,45.939998626708984,46.150001525878906,38.81292724609375,13306100.0
2020-07-17,46.470001220703125,46.90999984741211,46.130001068115234,46.81999969482422,39.37641525268555,13899800.0
2020-07-20,46.720001220703125,46.83000183105469,45.849998474121094,46.119998931884766,38.78770446777344,16633200.0
2020-07-21,47.52000045776367,47.9900016784668,46.93000030517578,47.20000076293945,39.69600296020508,25681500.0
2020-07-22,47.93000030517578,48.52000045776367,47.029998779296875,48.47999954223633,40.77250671386719,29831200.0
2020-07-23,48.470001220703125,48.56999969482422,48.029998779296875,48.279998779296875,40.604312896728516,15935000.0
2020-07-24,48.400001525878906,48.79999923706055,48.06999969482422,48.4900016784668,40.780914306640625,16196800.0
2020-07-27,48.18000030517578,48.5099983215332,48.18000030517578,48.47999954223633,40.77250671386719,17346500.0
2020-07-28,48.34000015258789,49.279998779296875,48.099998474121094,48.18000030517578,40.52020263671875,13872700.0
2020-07-29,48.13999938964844,48.5,47.81999969482422,48.02000045776367,40.38563919067383,13758100.0
2020-07-30,47.66999816894531,48.22999954223633,47.20000076293945,47.689998626708984,40.10810089111328,17276500.0
2020-07-31,47.439998626708984,47.77000045776367,46.72999954223633,47.2400016784668,39.72964859008789,14849200.0
2020-08-03,47.13999938964844,47.36000061035156,46.22999954223633,46.29999923706055,38.9390869140625,14137500.0
2020-08-04,46.290000915527344,46.86000061035156,46.220001220703125,46.689998626708984,39.26708221435547,11717200.0
2020-08-05,46.900001525878906,47.27000045776367,46.810001373291016,47.220001220703125,39.71282958984375,10498700.0
2020-08-06,46.65999984741211,47.529998779296875,46.599998474121094,47.47999954223633,39.931495666503906,10745000.0
2020-08-07,47.470001220703125,48.08000183105469,47.209999084472656,47.79999923706055,40.20061492919922,11669700.0
2020-08-10,48.060001373291016,48.279998779296875,47.65999984741211,47.720001220703125,40.133338928222656,11888000.0
2020-08-11,48.459999084472656,48.650001525878906,47.70000076293945,47.93000030517578,40.3099479675293,16531600.0
2020-08-12,48.29999923706055,48.689998626708984,48.119998931884766,48.43000030517578,40.73044967651367,9562200.0
2020-08-13,48.2599983215332,48.72999954223633,48.060001373291016,48.380001068115234,40.68840026855469,9882900.0
2020-08-14,48.34000015258789,48.689998626708984,48.029998779296875,48.45000076293945,40.747283935546875,10075800.0
2020-08-17,48.31999969482422,48.75,48.20000076293945,48.209999084472656,40.545433044433594,9102400.0
2020-08-18,48.20000076293945,48.5,47.959999084472656,48.41999816894531,40.722042083740234,9829000.0
2020-08-19,48.119998931884766,48.380001068115234,47.220001220703125,47.369998931884766,39.8389778137207,17371000.0
2020-08-20,47.27000045776367,47.599998474121094,47.09000015258789,47.349998474121094,39.82215881347656,11308700.0
2020-08-21,47.34000015258789,47.5,46.970001220703125,47.279998779296875,39.763282775878906,14734100.0
2020-08-24,47.43000030517578,47.97999954223633,47.18000030517578,47.970001220703125,40.34359359741211,9257700.0
2020-08-25,48.0,48.04999923706055,47.650001525878906,47.90999984741211,40.29313278198242,7827800.0
2020-08-26,47.7599983215332,48.18000030517578,47.470001220703125,48.15999984741211,40.50338363647461,10124200.0
2020-08-27,48.25,48.81999969482422,48.20000076293945,48.22999954223633,40.56224822998047,10931600.0
2020-08-28,48.75,49.849998474121094,48.529998779296875,49.83000183105469,41.90787887573242,16420300.0
2020-08-31,49.79999923706055,50.06999969482422,49.349998474121094,49.529998779296875,41.65556716918945,18510800.0
2020-09-01,49.310001373291016,49.349998474121094,48.83000183105469,49.119998931884766,41.310752868652344,12588400.0
2020-09-02,49.36000061035156,51.36000061035156,49.36000061035156,51.189998626708984,43.051666259765625,26332600.0
2020-09-03,51.400001525878906,52.13999938964844,50.099998474121094,50.47999954223633,42.45454788208008,22289400.0
2020-09-04,50.939998626708984,51.470001220703125,50.279998779296875,51.040000915527344,42.92551040649414,21019500.0
2020-09-07,50.939998626708984,51.470001220703125,50.279998779296875,51.040000915527344,42.92551040649414,21019500.0
2020-09-08,50.93000030517578,51.040000915527344,49.36000061035156,49.810001373291016,41.891056060791016,17776700.0
2020-09-09,49.599998474121094,50.7599983215332,49.54999923706055,50.189998626708984,42.21064376831055,15252300.0
2020-09-10,50.349998474121094,50.68000030517578,49.95000076293945,50.0,42.05084991455078,15439500.0
2020-09-11,50.400001525878906,51.20000076293945,50.099998474121094,51.060001373291016,42.94233322143555,18272300.0
2020-09-14,50.970001220703125,51.22999954223633,50.56999969482422,50.709999084472656,42.99320602416992,10911700.0
2020-09-15,51.0,51.380001068115234,50.84000015258789,51.04999923706055,43.28145980834961,12838400.0
2020-09-16,50.95000076293945,51.45000076293945,50.7400016784668,50.790000915527344,43.06103515625,15353900.0
2020-09-17,50.220001220703125,50.630001068115234,49.939998626708984,50.54999923706055,42.8575439453125,13287100.0
2020-09-18,50.75,51.15999984741211,50.209999084472656,50.45000076293945,42.77277374267578,23816600.0
2020-09-21,49.75,50.02000045776367,48.61000061035156,49.09000015258789,41.61972427368164,17514800.0
2020-09-22,49.11000061035156,50.040000915527344,49.06999969482422,49.65999984741211,42.10297393798828,13034600.0
2020-09-23,49.72999954223633,49.91999816894531,48.16999816894531,48.209999084472656,40.87363815307617,17121200.0
2020-09-24,48.209999084472656,49.099998474121094,47.560001373291016,48.70000076293945,41.28907012939453,16788100.0
2020-09-25,48.20000076293945,48.7599983215332,47.97999954223633,48.720001220703125,41.306026458740234,12603400.0
2020-09-28,49.310001373291016,49.709999084472656,49.13999938964844,49.279998779296875,41.78081512451172,11215700.0
2020-09-29,49.38999938964844,49.560001373291016,48.90999984741211,48.91999816894531,41.475589752197266,12426600.0
2020-09-30,49.27000045776367,49.619998931884766,48.88999938964844,49.369998931884766,41.85710906982422,15755900.0
2020-10-01,49.439998626708984,49.65999984741211,48.59000015258789,49.18000030517578,41.69602966308594,17577300.0
2020-10-02,48.7599983215332,49.58000183105469,48.54999923706055,49.36000061035156,41.84864044189453,13610100.0
2020-10-05,49.43000030517578,49.54999923706055,49.119998931884766,49.380001068115234,41.86559295654297,10628700.0
2020-10-06,49.54999923706055,49.72999954223633,48.83000183105469,48.939998626708984,41.492549896240234,10077400.0
2020-10-07,49.02000045776367,49.7599983215332,48.95000076293945,49.560001373291016,42.01820755004883,10135600.0
2020-10-08,49.709999084472656,50.540000915527344,49.540000915527344,50.459999084472656,42.78124237060547,12143900.0
2020-10-09,50.66999816894531,51.22999954223633,50.599998474121094,50.810001373291016,43.07798767089844,11407800.0
2020-10-12,50.84000015258789,51.529998779296875,50.83000183105469,51.09000015258789,43.31536865234375,11386500.0
2020-10-13,50.9900016784668,50.9900016784668,49.900001525878906,50.220001220703125,42.57776641845703,14365300.0
2020-10-14,50.04999923706055,50.4900016784668,49.650001525878906,50.119998931884766,42.49298095703125,10582100.0
2020-10-15,49.400001525878906,50.130001068115234,49.29999923706055,49.9900016784668,42.38277053833008,9961700.0
2020-10-16,49.9900016784668,50.349998474121094,49.869998931884766,50.029998779296875,42.41666793823242,13569800.0
2020-10-19,50.029998779296875,50.47999954223633,49.459999084472656,49.619998931884766,42.069068908691406,9930400.0
2020-10-20,49.88999938964844,50.619998931884766,49.790000915527344,50.25,42.60320281982422,10970700.0
2020-10-21,49.959999084472656,50.43000030517578,49.77000045776367,49.9900016784668,42.38277053833008,12517400.0
2020-10-22,51.16999816894531,51.20000076293945,50.380001068115234,50.68000030517578,42.9677619934082,20189200.0
2020-10-23,51.0,51.18000030517578,50.470001220703125,50.52000045776367,42.83211135864258,13491300.0
2020-10-26,50.34000015258789,50.5099983215332,49.20000076293945,49.79999923706055,42.221675872802734,14696400.0
2020-10-27,49.810001373291016,50.290000915527344,49.54999923706055,49.900001525878906,42.30646514892578,13892100.0
2020-10-28,49.0,49.150001525878906,47.779998779296875,47.959999084472656,40.661678314208984,19886200.0
2020-10-29,47.72999954223633,48.47999954223633,47.29999923706055,48.02000045776367,40.71255111694336,15369900.0
2020-10-30,47.810001373291016,48.119998931884766,47.369998931884766,48.060001373291016,40.74646759033203,15804000.0
2020-11-02,48.75,48.95000076293945,48.2400016784668,48.619998931884766,41.221248626708984,15156100.0
2020-11-03,49.220001220703125,49.959999084472656,49.0,49.349998474121094,41.84015655517578,15285100.0
2020-11-04,49.43000030517578,50.209999084472656,49.08000183105469,49.16999816894531,41.68754577636719,12930800.0
2020-11-05,49.7599983215332,50.209999084472656,49.34000015258789,49.439998626708984,41.91646194458008,12452400.0
2020-11-06,49.650001525878906,49.9900016784668,49.25,49.45000076293945,41.92493438720703,9294900.0
2020-11-09,52.5,53.2599983215332,52.06999969482422,52.56999969482422,44.57015609741211,33442000.0
2020-11-10,52.56999969482422,54.279998779296875,52.45000076293945,53.97999954223633,45.76559066772461,29706700.0
2020-11-11,53.93000030517578,54.29999923706055,53.33000183105469,53.58000183105469,45.426456451416016,17399900.0
2020-11-12,53.04999923706055,53.209999084472656,52.61000061035156,53.0099983215332,44.94318771362305,15024400.0
2020-11-13,53.25,53.5,52.88999938964844,53.45000076293945,45.31623840332031,12447900.0
2020-11-16,54.5,54.619998931884766,53.279998779296875,53.849998474121094,45.65537643432617,14908200.0
2020-11-17,53.65999984741211,53.75,53.029998779296875,53.68000030517578,45.51124572753906,14248400.0
2020-11-18,53.75,54.02000045776367,52.560001373291016,52.61000061035156,44.60407257080078,15278200.0
2020-11-19,52.4900016784668,53.22999954223633,51.95000076293945,53.130001068115234,45.04494094848633,17189500.0
2020-11-20,53.189998626708984,53.25,52.59000015258789,52.66999816894531,44.654930114746094,15645600.0
2020-11-23,52.95000076293945,53.16999816894531,52.20000076293945,52.68000030517578,44.66342544555664,13191900.0
2020-11-24,53.13999938964844,53.59000015258789,53.02000045776367,53.220001220703125,45.12125015258789,13827600.0
2020-11-25,53.06999969482422,53.279998779296875,52.790000915527344,52.93000030517578,44.875370025634766,10194800.0
2020-11-26,53.06999969482422,53.279998779296875,52.790000915527344,52.93000030517578,44.875370025634766,10194800.0
2020-11-27,53.11000061035156,53.189998626708984,52.61000061035156,52.70000076293945,44.680381774902344,8499300.0
2020-11-30,52.09000015258789,52.189998626708984,51.08000183105469,51.599998474121094,44.09078598022461,43203600.0
2020-12-01,52.13999938964844,52.33000183105469,51.790000915527344,52.040000915527344,44.466758728027344,18968800.0
2020-12-02,51.900001525878906,52.130001068115234,51.63999938964844,52.11000061035156,44.52656173706055,14913100.0
2020-12-03,51.900001525878906,52.939998626708984,51.900001525878906,52.779998779296875,45.099063873291016,17318900.0
2020-12-04,52.779998779296875,53.869998931884766,52.7599983215332,53.849998474121094,46.013343811035156,18122400.0
2020-12-07,53.7599983215332,53.779998779296875,52.70000076293945,52.9900016784668,45.278499603271484,16210900.0
2020-12-08,52.939998626708984,53.47999954223633,52.790000915527344,53.18000030517578,45.44084930419922,12485800.0
2020-12-09,53.369998931884766,53.599998474121094,53.0,53.33000183105469,45.56903076171875,11508400.0
2020-12-10,53.400001525878906,53.5099983215332,52.97999954223633,53.04999923706055,45.329776763916016,12097300.0
2020-12-11,52.79999923706055,53.540000915527344,52.779998779296875,53.349998474121094,45.586116790771484,10638100.0
2020-12-14,53.650001525878906,53.84000015258789,53.18000030517578,53.27000045776367,45.51776123046875,22292000.0
2020-12-15,53.790000915527344,54.220001220703125,53.599998474121094,53.84000015258789,46.00481414794922,16193700.0
2020-12-16,53.599998474121094,53.79999923706055,52.939998626708984,53.060001373291016,45.338321685791016,15679600.0
2020-12-17,53.29999923706055,53.709999084472656,53.150001525878906,53.27000045776367,45.51776123046875,12677300.0
2020-12-18,53.08000183105469,53.84000015258789,52.619998931884766,53.7400016784668,45.91935348510742,35480100.0
2020-12-21,52.68000030517578,53.0,51.97999954223633,52.810001373291016,45.12470245361328,14926600.0
2020-12-22,52.810001373291016,53.18000030517578,52.38999938964844,52.7599983215332,45.08197021484375,9689500.0
2020-12-23,52.95000076293945,53.38999938964844,52.939998626708984,53.08000183105469,45.355411529541016,7040300.0
2020-12-24,53.02000045776367,53.54999923706055,53.02000045776367,53.439998626708984,45.66301727294922,3265500.0
2020-12-25,53.02000045776367,53.54999923706055,53.02000045776367,53.439998626708984,45.66301727294922,3265500.0
2020-12-28,53.849998474121094,54.439998626708984,53.72999954223633,54.15999984741211,46.27824020385742,9020500.0
2020-12-29,54.45000076293945,54.4900016784668,54.02000045776367,54.130001068115234,46.252601623535156,8320600.0
2020-12-30,54.04999923706055,54.630001068115234,54.029998779296875,54.439998626708984,46.51748275756836,8142700.0
2020-12-31,54.45000076293945,54.93000030517578,54.27000045776367,54.84000015258789,46.859283447265625,8495000.0
2021-01-01,54.45000076293945,54.93000030517578,54.27000045776367,54.84000015258789,46.859283447265625,8495000.0
2021-01-04,54.27000045776367,54.630001068115234,52.029998779296875,52.7599983215332,45.08197021484375,25611100.0
2021-01-05,52.33000183105469,52.619998931884766,52.029998779296875,52.18000030517578,44.586387634277344,20323800.0
2021-01-06,51.970001220703125,52.02000045776367,50.189998626708984,50.52000045776367,43.1679573059082,38724500.0
2021-01-07,50.09000015258789,50.2599983215332,49.52000045776367,49.959999084472656,42.689453125,53225700.0
2021-01-08,50.029998779296875,51.130001068115234,49.84000015258789,51.08000183105469,43.646461486816406,29674000.0
2021-01-11,50.619998931884766,50.86000061035156,49.95000076293945,50.20000076293945,42.8945198059082,19304400.0
2021-01-12,50.040000915527344,50.369998931884766,49.7599983215332,50.11000061035156,42.81761932373047,18538700.0
2021-01-13,49.97999954223633,50.36000061035156,49.95000076293945,50.15999984741211,42.860347747802734,18864100.0
2021-01-14,50.15999984741211,50.18000030517578,49.220001220703125,49.22999954223633,42.06569290161133,34303600.0
2021-01-15,49.15999984741211,49.18000030517578,48.529998779296875,48.70000076293945,41.61281204223633,24366800.0
2021-01-18,49.15999984741211,49.18000030517578,48.529998779296875,48.70000076293945,41.61281204223633,24366800.0
2021-01-19,48.7400016784668,49.040000915527344,48.2400016784668,48.5099983215332,41.450469970703125,29114500.0
2021-01-20,48.540000915527344,48.81999969482422,48.310001373291016,48.68000030517578,41.59572982788086,23115800.0
2021-01-21,48.779998779296875,49.09000015258789,48.459999084472656,48.95000076293945,41.82643127441406,19702500.0
2021-01-22,48.810001373291016,48.939998626708984,48.4900016784668,48.4900016784668,41.43338394165039,15400300.0
2021-01-25,48.41999816894531,48.84000015258789,48.2400016784668,48.779998779296875,41.68117141723633,16604200.0
2021-01-26,48.90999984741211,49.400001525878906,48.61000061035156,49.290000915527344,42.11695861816406,12922600.0
2021-01-27,48.88999938964844,49.31999969482422,48.22999954223633,48.529998779296875,41.467552185058594,21242400.0
2021-01-28,48.689998626708984,49.5,48.61000061035156,49.150001525878906,41.99732971191406,17498900.0
2021-01-29,49.029998779296875,49.119998931884766,48.11000061035156,48.150001525878906,41.14286422729492,18670300.0
2021-02-01,48.27000045776367,48.689998626708984,48.18000030517578,48.47999954223633,41.424835205078125,12183600.0
2021-02-02,48.79999923706055,49.349998474121094,48.630001068115234,48.959999084472656,41.83496856689453,13319800.0
2021-02-03,48.95000076293945,49.09000015258789,48.66999816894531,48.77000045776367,41.67262649536133,12274100.0
2021-02-04,48.959999084472656,49.06999969482422,48.650001525878906,49.0099983215332,41.8776969909668,20597400.0
2021-02-05,49.5,49.779998779296875,49.27000045776367,49.650001525878906,42.424564361572266,12742000.0
2021-02-08,49.959999084472656,50.16999816894531,49.4900016784668,49.91999816894531,42.65526580810547,17833200.0
2021-02-09,49.849998474121094,50.02000045776367,49.630001068115234,49.70000076293945,42.4672966003418,14592900.0
2021-02-10,50.40999984741211,50.58000183105469,49.529998779296875,49.599998474121094,42.3818359375,22965400.0
2021-02-11,49.810001373291016,50.59000015258789,49.79999923706055,50.29999923706055,42.97997283935547,21928600.0
2021-02-12,50.56999969482422,50.849998474121094,50.38999938964844,50.689998626708984,43.313209533691406,13137100.0
2021-02-15,50.56999969482422,50.849998474121094,50.38999938964844,50.689998626708984,43.313209533691406,13137100.0
2021-02-16,50.619998931884766,50.720001220703125,50.15999984741211,50.27000045776367,42.954341888427734,15093400.0
2021-02-17,50.0,50.4900016784668,49.88999938964844,50.130001068115234,42.834712982177734,12794300.0
2021-02-18,50.15999984741211,50.849998474121094,50.029998779296875,50.77000045776367,43.38157653808594,12747100.0
2021-02-19,50.790000915527344,50.83000183105469,49.970001220703125,50.11000061035156,42.81761932373047,15968800.0
2021-02-22,49.849998474121094,50.880001068115234,49.66999816894531,50.630001068115234,43.2619514465332,14370900.0
2021-02-23,51.0,51.5099983215332,50.41999816894531,50.540000915527344,43.1850471496582,16222300.0
2021-02-24,50.38999938964844,50.900001525878906,50.130001068115234,50.709999084472656,43.33030700683594,14442000.0
2021-02-25,50.470001220703125,50.75,49.97999954223633,50.16999816894531,42.8688850402832,14211100.0
2021-02-26,50.20000076293945,50.209999084472656,48.970001220703125,48.9900016784668,41.86062240600586,23638400.0
2021-03-01,49.439998626708984,50.439998626708984,49.400001525878906,49.900001525878906,42.63817596435547,13901200.0
2021-03-02,49.84000015258789,50.560001373291016,49.70000076293945,50.099998474121094,42.809078216552734,11755100.0
2021-03-03,49.720001220703125,50.560001373291016,49.709999084472656,49.97999954223633,42.70653533935547,15410700.0
2021-03-04,50.310001373291016,51.09000015258789,49.619998931884766,49.939998626708984,42.67236328125,22036400.0
2021-03-05,50.04999923706055,50.95000076293945,49.900001525878906,50.790000915527344,43.3986701965332,21310800.0
2021-03-08,51.470001220703125,52.4900016784668,51.15999984741211,51.63999938964844,44.12496566772461,25084900.0
2021-03-09,51.720001220703125,51.880001068115234,50.81999969482422,50.86000061035156,43.45846939086914,23082700.0
2021-03-10,51.18000030517578,51.630001068115234,50.720001220703125,51.439998626708984,43.954071044921875,21331600.0
2021-03-11,51.40999984741211,51.43000030517578,50.810001373291016,50.880001068115234,43.47556686401367,17417700.0
2021-03-12,50.59000015258789,50.68000030517578,50.20000076293945,50.36000061035156,43.389408111572266,17598600.0
2021-03-15,50.5,51.119998931884766,50.470001220703125,51.029998779296875,43.9666748046875,13411900.0
2021-03-16,51.20000076293945,51.52000045776367,51.040000915527344,51.220001220703125,44.13037872314453,14214200.0
2021-03-17,51.25,51.619998931884766,51.150001525878906,51.2400016784668,44.14760208129883,17502700.0
2021-03-18,51.060001373291016,51.189998626708984,50.4900016784668,50.56999969482422,43.57033920288086,18007300.0
2021-03-19,50.459999084472656,51.08000183105469,50.16999816894531,50.810001373291016,43.777122497558594,67845700.0
2021-03-22,50.31999969482422,51.08000183105469,50.31999969482422,51.0,43.940818786621094,17911400.0
2021-03-23,50.9900016784668,51.650001525878906,50.83000183105469,51.38999938964844,44.27683639526367,16936700.0
2021-03-24,51.16999816894531,51.88999938964844,51.150001525878906,51.52000045776367,44.38884353637695,14997400.0
2021-03-25,51.70000076293945,52.060001373291016,51.16999816894531,52.02000045776367,44.81963348388672,17091900.0
2021-03-26,52.13999938964844,53.11000061035156,51.7599983215332,53.040000915527344,45.69845199584961,17126700.0
2021-03-29,52.72999954223633,53.939998626708984,52.709999084472656,53.849998474121094,46.396331787109375,17514100.0
2021-03-30,53.75,53.790000915527344,52.93000030517578,53.150001525878906,45.79323196411133,14871800.0
2021-03-31,53.029998779296875,53.16999816894531,52.5,52.709999084472656,45.41413497924805,15826500.0
2021-04-01,52.959999084472656,53.150001525878906,52.459999084472656,52.5099983215332,45.24181365966797,15834700.0
2021-04-02,52.959999084472656,53.150001525878906,52.459999084472656,52.5099983215332,45.24181365966797,15834700.0
2021-04-05,52.349998474121094,53.220001220703125,52.290000915527344,52.810001373291016,45.50029754638672,16368700.0
2021-04-06,53.040000915527344,53.650001525878906,52.900001525878906,53.189998626708984,45.82768630981445,15614300.0
2021-04-07,53.279998779296875,53.5,53.119998931884766,53.279998779296875,45.905235290527344,10062700.0
2021-04-08,53.16999816894531,53.380001068115234,52.970001220703125,53.119998931884766,45.76738739013672,9695600.0
2021-04-09,53.16999816894531,53.279998779296875,52.810001373291016,53.18000030517578,45.81907272338867,10828200.0
2021-04-12,53.33000183105469,53.54999923706055,53.099998474121094,53.349998474121094,45.965553283691406,8565300.0
2021-04-13,53.040000915527344,53.290000915527344,52.810001373291016,53.09000015258789,45.74153518676758,11071700.0
2021-04-14,52.97999954223633,53.189998626708984,52.650001525878906,53.08000183105469,45.7329216003418,9787600.0
2021-04-15,53.130001068115234,53.65999984741211,53.119998931884766,53.33000183105469,45.94831848144531,13078100.0
2021-04-16,53.7400016784668,53.79999923706055,53.380001068115234,53.68000030517578,46.249874114990234,17974100.0
2021-04-19,54.0,54.36000061035156,53.29999923706055,54.0,46.525569915771484,19352900.0
2021-04-20,53.84000015258789,54.59000015258789,53.810001373291016,54.16999816894531,46.67204284667969,14419200.0
2021-04-21,54.2400016784668,54.7400016784668,54.2400016784668,54.61000061035156,47.051143646240234,13866500.0
2021-04-22,54.470001220703125,54.869998931884766,54.31999969482422,54.439998626708984,46.9046630859375,12558900.0
2021-04-23,54.400001525878906,54.59000015258789,54.16999816894531,54.470001220703125,46.930519104003906,9020500.0
2021-04-26,54.470001220703125,54.5099983215332,53.58000183105469,53.65999984741211,46.23263168334961,11684600.0
2021-04-27,53.560001373291016,53.70000076293945,53.31999969482422,53.58000183105469,46.1637077331543,9852400.0
2021-04-28,53.97999954223633,54.04999923706055,53.439998626708984,53.59000015258789,46.172332763671875,10868100.0
2021-04-29,53.540000915527344,54.36000061035156,53.43000030517578,54.2599983215332,46.74959182739258,15391000.0
2021-04-30,54.25,54.27000045776367,53.689998626708984,53.97999954223633,46.50833511352539,14912600.0
2021-05-03,54.27000045776367,54.79999923706055,54.15999984741211,54.47999954223633,46.939144134521484,10417900.0
2021-05-04,54.56999969482422,54.619998931884766,53.939998626708984,54.13999938964844,46.64619445800781,14151000.0
2021-05-05,54.13999938964844,54.2400016784668,53.709999084472656,54.0,46.525569915771484,9665900.0
2021-05-06,54.119998931884766,54.61000061035156,54.04999923706055,54.540000915527344,46.99082946777344,11572700.0
2021-05-07,54.439998626708984,54.77000045776367,54.15999984741211,54.5099983215332,46.96498107910156,10637500.0
2021-05-10,54.880001068115234,55.5,54.83000183105469,54.90999984741211,47.309627532958984,15545800.0
2021-05-11,55.029998779296875,55.13999938964844,54.04999923706055,54.31999969482422,46.8012809753418,12986700.0
2021-05-12,54.36000061035156,54.560001373291016,53.880001068115234,54.040000915527344,46.56004333496094,15836500.0
2021-05-13,53.970001220703125,54.779998779296875,53.83000183105469,54.5099983215332,46.96498107910156,15475800.0
2021-05-14,54.900001525878906,55.099998474121094,54.689998626708984,54.72999954223633,47.154537200927734,11725300.0
2021-05-17,54.84000015258789,55.02000045776367,54.5,54.63999938964844,47.077003479003906,12119800.0
2021-05-18,54.38999938964844,54.560001373291016,54.099998474121094,54.34000015258789,46.818519592285156,13232500.0
2021-05-19,54.119998931884766,54.18000030517578,53.61000061035156,54.16999816894531,46.67204284667969,15126100.0
2021-05-20,54.119998931884766,54.79999923706055,54.119998931884766,54.650001525878906,47.085609436035156,10948400.0
2021-05-21,54.79999923706055,55.119998931884766,54.220001220703125,54.619998931884766,47.059757232666016,16033200.0
2021-05-24,54.630001068115234,54.93000030517578,54.4900016784668,54.79999923706055,47.214839935302734,10326100.0
2021-05-25,54.81999969482422,54.81999969482422,54.349998474121094,54.790000915527344,47.20623016357422,11916500.0
2021-05-26,54.97999954223633,55.04999923706055,54.59000015258789,55.029998779296875,47.413002014160156,16064300.0
2021-05-27,55.209999084472656,55.56999969482422,54.779998779296875,55.4900016784668,47.80934143066406,59109600.0
2021-05-28,55.349998474121094,55.709999084472656,55.20000076293945,55.290000915527344,47.63702392578125,17011600.0
2021-05-31,55.349998474121094,55.709999084472656,55.20000076293945,55.290000915527344,47.63702392578125,17011600.0
2021-06-01,55.34000015258789,55.650001525878906,55.099998474121094,55.279998779296875,47.62840270996094,13304000.0
2021-06-02,55.5,55.560001373291016,55.2599983215332,55.5,47.817955017089844,11328500.0
2021-06-03,55.18000030517578,55.7400016784668,55.099998474121094,55.63999938964844,47.93857192993164,17364300.0
2021-06-04,55.900001525878906,56.47999954223633,55.779998779296875,56.2400016784668,48.45552444458008,18935100.0
2021-06-07,56.310001373291016,56.34000015258789,55.810001373291016,56.040000915527344,48.283206939697266,14010800.0
2021-06-08,56.25,56.25,55.54999923706055,55.650001525878906,47.94718933105469,10968300.0
2021-06-09,55.75,55.91999816894531,55.47999954223633,55.47999954223633,47.80072021484375,9838800.0
2021-06-10,55.90999984741211,56.119998931884766,55.7599983215332,55.90999984741211,48.171207427978516,12444400.0
2021-06-11,55.9900016784668,56.209999084472656,55.65999984741211,56.15999984741211,48.386592864990234,11825800.0
2021-06-14,55.689998626708984,55.709999084472656,55.20000076293945,55.54999923706055,48.22166442871094,9710800.0
2021-06-15,55.779998779296875,55.790000915527344,55.189998626708984,55.40999984741211,48.100135803222656,11154200.0
2021-06-16,55.439998626708984,55.459999084472656,54.63999938964844,54.66999816894531,47.45775604248047,15211700.0
2021-06-17,54.66999816894531,55.150001525878906,54.650001525878906,54.95000076293945,47.70082473754883,10658400.0
2021-06-18,54.5099983215332,54.619998931884766,53.720001220703125,53.77000045776367,46.67648696899414,31445600.0
2021-06-21,54.220001220703125,54.43000030517578,54.0,54.36000061035156,47.188663482666016,14404300.0
2021-06-22,54.34000015258789,54.849998474121094,54.2599983215332,54.560001373291016,47.362281799316406,13072800.0
2021-06-23,54.560001373291016,54.599998474121094,54.11000061035156,54.119998931884766,46.980323791503906,12339200.0
2021-06-24,54.2599983215332,54.41999816894531,54.0,54.38999938964844,47.21469497680664,11488400.0
2021-06-25,54.2400016784668,54.470001220703125,54.0099983215332,54.31999969482422,47.1539306640625,18880300.0
2021-06-28,54.25,54.369998931884766,54.0,54.2599983215332,47.10184860229492,10556900.0
2021-06-29,54.130001068115234,54.34000015258789,53.720001220703125,53.86000061035156,46.75461196899414,12300900.0
2021-06-30,53.79999923706055,54.18000030517578,53.75,54.11000061035156,46.97162628173828,14614200.0
2021-07-01,54.34000015258789,54.47999954223633,53.86000061035156,53.959999084472656,46.841426849365234,13214700.0
2021-07-02,54.0,54.45000076293945,54.0,54.18000030517578,47.032405853271484,10604600.0
2021-07-05,54.0,54.45000076293945,54.0,54.18000030517578,47.032405853271484,10604600.0
2021-07-06,53.9900016784668,54.09000015258789,53.54999923706055,53.880001068115234,46.771976470947266,15278200.0
2021-07-07,53.720001220703125,54.380001068115234,53.720001220703125,54.31999969482422,47.1539306640625,14377700.0
2021-07-08,54.0099983215332,54.16999816894531,53.7400016784668,54.130001068115234,46.98900604248047,11943900.0
2021-07-09,54.25,54.52000045776367,54.18000030517578,54.459999084472656,47.27545928955078,10847000.0
2021-07-12,54.31999969482422,54.599998474121094,54.27000045776367,54.47999954223633,47.29282760620117,15107600.0
2021-07-13,54.95000076293945,55.29999923706055,54.75,55.02000045776367,47.7615852355957,15170800.0
2021-07-14,55.02000045776367,56.349998474121094,54.959999084472656,56.2599983215332,48.83799743652344,22002700.0
2021-07-15,56.2400016784668,56.470001220703125,55.90999984741211,56.439998626708984,48.9942512512207,15068200.0
2021-07-16,56.459999084472656,56.68000030517578,56.2599983215332,56.400001525878906,48.959537506103516,14860500.0
2021-07-19,56.08000183105469,56.349998474121094,55.15999984741211,55.72999954223633,48.37792205810547,19527000.0
2021-07-20,55.72999954223633,56.33000183105469,55.52000045776367,55.83000183105469,48.464725494384766,16257900.0
2021-07-21,57.33000183105469,57.560001373291016,56.43000030517578,56.54999923706055,49.0897331237793,20918200.0
2021-07-22,56.619998931884766,56.7400016784668,56.04999923706055,56.470001220703125,49.020294189453125,13402700.0
2021-07-23,56.59000015258789,57.33000183105469,56.45000076293945,57.0099983215332,49.48905944824219,12144000.0
2021-07-26,56.88999938964844,57.119998931884766,56.560001373291016,57.060001373291016,49.5324592590332,8681100.0
2021-07-27,57.11000061035156,57.540000915527344,56.91999816894531,57.2599983215332,49.70606994628906,12794400.0
2021-07-28,56.9900016784668,57.15999984741211,56.630001068115234,56.7400016784668,49.25468063354492,9858000.0
2021-07-29,57.06999969482422,57.25,56.86000061035156,57.04999923706055,49.52377700805664,9599100.0
2021-07-30,57.150001525878906,57.25,56.900001525878906,57.029998779296875,49.50642013549805,11727000.0
2021-08-02,57.20000076293945,57.2400016784668,56.709999084472656,56.880001068115234,49.376216888427734,9778000.0
2021-08-03,57.0,57.0,56.75,56.91999816894531,49.41093063354492,8825500.0
2021-08-04,56.75,56.95000076293945,56.0099983215332,56.099998474121094,48.6991081237793,11888400.0
2021-08-05,56.439998626708984,56.59000015258789,56.290000915527344,56.5,49.04634094238281,9806800.0
2021-08-06,56.599998474121094,56.7400016784668,56.439998626708984,56.63999938964844,49.16786575317383,10409300.0
2021-08-09,56.79999923706055,56.880001068115234,56.43000030517578,56.650001525878906,49.176551818847656,8859900.0
2021-08-10,56.84000015258789,57.16999816894531,56.65999984741211,56.79999923706055,49.3067626953125,10906900.0
2021-08-11,56.88999938964844,57.18000030517578,56.709999084472656,56.72999954223633,49.246002197265625,8370700.0
2021-08-12,56.72999954223633,56.97999954223633,56.72999954223633,56.84000015258789,49.34148406982422,6169200.0
2021-08-13,56.810001373291016,57.29999923706055,56.77000045776367,57.22999954223633,49.68003463745117,7714200.0
2021-08-16,57.20000076293945,57.4900016784668,57.029998779296875,57.47999954223633,49.89706039428711,7972000.0
2021-08-17,57.459999084472656,57.560001373291016,57.0099983215332,57.279998779296875,49.72343444824219,10346400.0
2021-08-18,57.189998626708984,57.22999954223633,56.41999816894531,56.5,49.04634094238281,13873700.0
2021-08-19,56.060001373291016,56.97999954223633,55.95000076293945,56.86000061035156,49.35884094238281,9223700.0
2021-08-20,56.84000015258789,57.029998779296875,56.58000183105469,56.63999938964844,49.16786575317383,10543600.0
2021-08-23,56.66999816894531,56.75,56.380001068115234,56.439998626708984,48.9942512512207,8912800.0
2021-08-24,56.63999938964844,56.63999938964844,55.900001525878906,56.0099983215332,48.62098693847656,12067200.0
2021-08-25,56.060001373291016,56.16999816894531,55.72999954223633,56.06999969482422,48.673065185546875,11270700.0
2021-08-26,55.95000076293945,55.97999954223633,55.5099983215332,55.540000915527344,48.21297836303711,10331500.0
2021-08-27,55.65999984741211,55.790000915527344,55.45000076293945,55.650001525878906,48.308475494384766,8844100.0
2021-08-30,55.689998626708984,56.20000076293945,55.63999938964844,56.18000030517578,48.7685546875,10034700.0
2021-08-31,56.15999984741211,56.52000045776367,56.0,56.310001373291016,48.881412506103516,14185700.0
2021-09-01,56.380001068115234,56.79999923706055,56.279998779296875,56.689998626708984,49.21126937866211,9518900.0
2021-09-02,56.77000045776367,57.029998779296875,56.40999984741211,56.77000045776367,49.28071975708008,11653200.0
2021-09-03,56.459999084472656,56.77000045776367,56.25,56.72999954223633,49.246002197265625,13220400.0
2021-09-06,56.459999084472656,56.77000045776367,56.25,56.72999954223633,49.246002197265625,13220400.0
2021-09-07,56.599998474121094,56.689998626708984,55.5099983215332,55.66999816894531,48.32583236694336,20035300.0
2021-09-08,55.61000061035156,56.47999954223633,55.61000061035156,56.41999816894531,48.976890563964844,12040100.0
2021-09-09,56.18000030517578,56.41999816894531,55.79999923706055,55.86000061035156,48.49076843261719,12545400.0
2021-09-10,56.0099983215332,56.130001068115234,55.52000045776367,55.61000061035156,48.27375411987305,10573700.0
2021-09-13,55.7400016784668,56.400001525878906,55.7400016784668,56.06999969482422,48.673065185546875,20274300.0
2021-09-14,55.91999816894531,55.97999954223633,55.54999923706055,55.689998626708984,48.70804977416992,13918900.0
2021-09-15,55.68000030517578,56.0,55.41999816894531,55.880001068115234,48.874237060546875,15746000.0
2021-09-16,55.720001220703125,55.9900016784668,54.81999969482422,55.349998474121094,48.410682678222656,17430400.0
2021-09-17,55.02000045776367,55.189998626708984,54.369998931884766,54.439998626708984,47.61476135253906,33370200.0
2021-09-20,54.11000061035156,54.400001525878906,53.72999954223633,54.060001373291016,47.28240966796875,27542500.0
2021-09-21,54.38999938964844,54.81999969482422,53.939998626708984,54.04999923706055,47.273658752441406,16418200.0
2021-09-22,54.5099983215332,54.560001373291016,54.060001373291016,54.130001068115234,47.3436393737793,12719700.0
2021-09-23,54.2599983215332,54.619998931884766,54.0,54.040000915527344,47.264915466308594,13836200.0
2021-09-24,54.0,54.2400016784668,53.86000061035156,53.88999938964844,47.13371276855469,9682200.0
2021-09-27,53.849998474121094,54.25,53.56999969482422,53.61000061035156,46.888824462890625,12429500.0
2021-09-28,53.459999084472656,53.459999084472656,52.43000030517578,52.63999938964844,46.040435791015625,19926100.0
2021-09-29,52.63999938964844,53.15999984741211,52.560001373291016,52.959999084472656,46.3203125,13941500.0
2021-09-30,53.16999816894531,53.33000183105469,52.43000030517578,52.470001220703125,45.89175033569336,17672000.0
2021-10-01,52.779998779296875,53.20000076293945,52.56999969482422,53.02000045776367,46.37278747558594,16277400.0
2021-10-04,53.060001373291016,53.529998779296875,52.400001525878906,52.9900016784668,46.346561431884766,18973400.0
2021-10-05,53.02000045776367,53.470001220703125,52.93000030517578,53.08000183105469,46.425270080566406,17173100.0
2021-10-06,52.77000045776367,53.77000045776367,52.5099983215332,53.709999084472656,46.976280212402344,21284500.0
2021-10-07,53.9900016784668,54.279998779296875,53.810001373291016,53.880001068115234,47.124969482421875,13774400.0
2021-10-08,54.0,54.38999938964844,53.900001525878906,54.119998931884766,47.33489227294922,13786800.0
2021-10-11,54.209999084472656,54.38999938964844,54.0099983215332,54.22999954223633,47.43109130859375,12378500.0
2021-10-12,54.41999816894531,54.83000183105469,54.220001220703125,54.22999954223633,47.43109130859375,19474400.0
2021-10-13,54.16999816894531,54.43000030517578,53.790000915527344,54.2400016784668,47.43983840942383,12143300.0
2021-10-14,54.38999938964844,54.810001373291016,54.310001373291016,54.61000061035156,47.76345443725586,13704000.0
2021-10-15,54.63999938964844,54.880001068115234,54.290000915527344,54.47999954223633,47.649757385253906,17867000.0
2021-10-18,54.349998474121094,54.38999938964844,53.86000061035156,53.939998626708984,47.17744827270508,15861800.0
2021-10-19,54.040000915527344,54.20000076293945,53.77000045776367,54.150001525878906,47.36112976074219,11068500.0
2021-10-20,54.18000030517578,54.7599983215332,54.11000061035156,54.630001068115234,47.780948638916016,12474800.0
2021-10-21,54.599998474121094,54.66999816894531,54.209999084472656,54.349998474121094,47.53605270385742,14388300.0
2021-10-22,54.38999938964844,54.529998779296875,54.06999969482422,54.45000076293945,47.62350845336914,12828600.0
2021-10-25,54.380001068115234,54.470001220703125,54.02000045776367,54.22999954223633,47.43109130859375,11855000.0
2021-10-26,54.31999969482422,54.58000183105469,54.22999954223633,54.470001220703125,47.64100646972656,12086700.0
2021-10-27,55.970001220703125,56.08000183105469,55.27000045776367,55.52000045776367,48.55936813354492,24019800.0
2021-10-28,55.75,56.11000061035156,55.619998931884766,56.040000915527344,49.01417541503906,15928000.0
2021-10-29,55.869998931884766,56.470001220703125,55.779998779296875,56.369998931884766,49.302799224853516,24463700.0
2021-11-01,56.38999938964844,56.400001525878906,55.900001525878906,56.16999816894531,49.127872467041016,11651100.0
2021-11-02,56.470001220703125,56.5,55.970001220703125,56.099998474121094,49.066650390625,11498900.0
2021-11-03,56.0,56.33000183105469,55.779998779296875,56.290000915527344,49.23283004760742,10788300.0
2021-11-04,56.11000061035156,56.630001068115234,56.029998779296875,56.599998474121094,49.50395965576172,10820200.0
2021-11-05,56.84000015258789,57.15999984741211,56.59000015258789,56.84000015258789,49.71387481689453,12886700.0
2021-11-08,56.75,56.88999938964844,56.130001068115234,56.33000183105469,49.2678108215332,12828000.0
2021-11-09,56.40999984741211,56.52000045776367,56.09000015258789,56.4900016784668,49.40774917602539,10155800.0
2021-11-10,56.540000915527344,56.91999816894531,56.290000915527344,56.720001220703125,49.608924865722656,8813600.0
2021-11-11,56.83000183105469,56.880001068115234,56.56999969482422,56.7400016784668,49.62641525268555,7257700.0
2021-11-12,56.75,56.9900016784668,56.54999923706055,56.61000061035156,49.51271057128906,10162500.0
2021-11-15,56.529998779296875,56.68000030517578,56.27000045776367,56.619998931884766,49.521453857421875,10289200.0
2021-11-16,56.619998931884766,56.939998626708984,56.189998626708984,56.220001220703125,49.17160415649414,13756500.0
2021-11-17,56.040000915527344,56.04999923706055,55.650001525878906,55.90999984741211,48.90046310424805,13288700.0
2021-11-18,55.83000183105469,55.93000030517578,55.13999938964844,55.40999984741211,48.463157653808594,15380100.0
2021-11-19,55.439998626708984,55.4900016784668,54.900001525878906,55.130001068115234,48.21826171875,15813700.0
2021-11-22,55.099998474121094,56.02000045776367,55.08000183105469,55.470001220703125,48.51564407348633,16905600.0
2021-11-23,55.65999984741211,56.11000061035156,55.5,55.880001068115234,48.874237060546875,13835900.0
2021-11-24,55.709999084472656,55.84000015258789,55.029998779296875,55.43000030517578,48.480648040771484,12598900.0
2021-11-25,55.709999084472656,55.84000015258789,55.029998779296875,55.43000030517578,48.480648040771484,12598900.0
2021-11-26,54.59000015258789,54.75,53.58000183105469,53.72999954223633,46.99378204345703,14754300.0
2021-11-29,54.04999923706055,54.72999954223633,53.93000030517578,54.58000183105469,47.73721694946289,22712500.0
2021-11-30,53.599998474121094,53.630001068115234,52.439998626708984,52.45000076293945,46.22999954223633,30485200.0
2021-12-01,52.97999954223633,53.52000045776367,52.279998779296875,52.29999923706055,46.0977897644043,18719600.0
2021-12-02,52.599998474121094,53.34000015258789,52.5099983215332,53.06999969482422,46.77647399902344,17074200.0
2021-12-03,53.33000183105469,53.61000061035156,52.97999954223633,53.540000915527344,47.190738677978516,21064400.0
2021-12-06,54.310001373291016,55.25,54.13999938964844,54.90999984741211,48.39827346801758,26624100.0
2021-12-07,55.02000045776367,55.41999816894531,54.849998474121094,55.209999084472656,48.662689208984375,23832700.0
2021-12-08,55.119998931884766,55.349998474121094,54.36000061035156,55.0,48.477596282958984,18026300.0
2021-12-09,54.75,55.130001068115234,54.59000015258789,54.86000061035156,48.35419845581055,13846400.0
2021-12-10,55.25,56.31999969482422,55.06999969482422,56.279998779296875,49.605804443359375,23153600.0
2021-12-13,56.97999954223633,57.93000030517578,56.959999084472656,57.7599983215332,50.9102897644043,31362800.0
2021-12-14,57.400001525878906,58.16999816894531,57.400001525878906,57.79999923706055,50.9455451965332,24806600.0
2021-12-15,57.93000030517578,58.25,57.650001525878906,58.060001373291016,51.17471694946289,24923800.0
2021-12-16,57.97999954223633,58.880001068115234,57.900001525878906,58.650001525878906,51.69475555419922,24696900.0
2021-12-17,58.4900016784668,58.91999816894531,57.70000076293945,57.72999954223633,50.88385772705078,51874400.0
2021-12-20,57.20000076293945,57.779998779296875,57.0,57.540000915527344,50.716392517089844,20879500.0
2021-12-21,57.61000061035156,57.970001220703125,57.529998779296875,57.77000045776367,50.91910934448242,15864900.0
2021-12-22,57.709999084472656,58.189998626708984,57.4900016784668,58.18000030517578,51.280487060546875,12447400.0
2021-12-23,58.52000045776367,58.61000061035156,57.939998626708984,58.220001220703125,51.31575012207031,11027300.0
2021-12-24,58.52000045776367,58.61000061035156,57.939998626708984,58.220001220703125,51.31575012207031,11027300.0
2021-12-27,58.0,58.689998626708984,58.0,58.650001525878906,51.69475555419922,9860000.0
2021-12-28,58.400001525878906,58.939998626708984,58.29999923706055,58.880001068115234,51.89748001098633,8979900.0
2021-12-29,58.95000076293945,59.099998474121094,58.65999984741211,58.95000076293945,51.95916748046875,9996000.0
2021-12-30,59.060001373291016,59.22999954223633,58.7599983215332,58.779998779296875,51.809329986572266,7703900.0
2021-12-31,58.75,59.349998474121094,58.70000076293945,59.209999084472656,52.18833923339844,10021300.0
2022-01-03,58.81999969482422,59.310001373291016,58.380001068115234,59.29999923706055,52.26766586303711,20187300.0
2022-01-04,59.72999954223633,60.540000915527344,59.59000015258789,60.290000915527344,53.1402587890625,26141600.0
2022-01-05,60.09000015258789,61.20000076293945,60.04999923706055,60.790000915527344,53.580970764160156,22507300.0
2022-01-06,60.470001220703125,61.119998931884766,60.439998626708984,60.470001220703125,53.298919677734375,17902300.0
2022-01-07,60.279998779296875,60.720001220703125,60.060001373291016,60.33000183105469,53.17552185058594,12307900.0
2022-01-10,60.54999923706055,60.81999969482422,60.18000030517578,60.43000030517578,53.26365661621094,20954300.0
2022-01-11,60.43000030517578,60.4900016784668,59.84000015258789,60.45000076293945,53.281280517578125,19369600.0
2022-01-12,60.529998779296875,60.689998626708984,60.189998626708984,60.540000915527344,53.36061477661133,15753800.0
2022-01-13,60.540000915527344,61.040000915527344,60.38999938964844,60.900001525878906,53.67793273925781,14318000.0
2022-01-14,60.939998626708984,61.45000076293945,60.36000061035156,61.38999938964844,54.109825134277344,19729600.0
2022-01-17,60.939998626708984,61.45000076293945,60.36000061035156,61.38999938964844,54.109825134277344,19729600.0
2022-01-18,61.060001373291016,61.189998626708984,60.45000076293945,60.900001525878906,53.67793273925781,21976700.0
2022-01-19,60.65999984741211,61.18000030517578,60.560001373291016,61.0,53.76606369018555,18654700.0
2022-01-20,61.0,61.439998626708984,60.720001220703125,60.75,53.545711517333984,23002400.0
2022-01-21,61.08000183105469,61.29999923706055,60.400001525878906,60.45000076293945,53.281280517578125,26643200.0
2022-01-24,59.900001525878906,60.349998474121094,58.56999969482422,59.959999084472656,52.849395751953125,30185100.0
2022-01-25,59.36000061035156,60.04999923706055,58.689998626708984,59.81999969482422,52.72600555419922,19027100.0
2022-01-26,59.790000915527344,60.349998474121094,59.209999084472656,59.599998474121094,52.5320930480957,19190200.0
2022-01-27,59.880001068115234,60.93000030517578,59.5,59.650001525878906,52.5761604309082,18893800.0
2022-01-28,59.38999938964844,60.88999938964844,58.939998626708984,60.84000015258789,53.62503433227539,19101500.0
2022-01-31,60.29999923706055,61.13999938964844,60.150001525878906,61.0099983215332,53.774879455566406,22045300.0
2022-02-01,60.90999984741211,61.13999938964844,60.15999984741211,60.560001373291016,53.37825012207031,20841700.0
2022-02-02,60.619998931884766,61.27000045776367,60.560001373291016,61.18000030517578,53.92471694946289,20225600.0
2022-02-03,60.939998626708984,61.779998779296875,60.59000015258789,61.61000061035156,54.30373001098633,19440500.0
2022-02-04,61.4900016784668,61.68000030517578,60.56999969482422,60.959999084472656,53.73080825805664,17403700.0
2022-02-07,61.380001068115234,61.720001220703125,60.86000061035156,61.599998474121094,54.29491424560547,17846400.0
2022-02-08,61.83000183105469,62.33000183105469,61.7400016784668,62.0,54.64747619628906,18771700.0
2022-02-09,62.16999816894531,62.31999969482422,60.900001525878906,61.040000915527344,53.80131912231445,23595600.0
2022-02-10,60.36000061035156,62.29999923706055,60.20000076293945,61.380001068115234,54.10100555419922,23561500.0
2022-02-11,61.77000045776367,61.97999954223633,60.150001525878906,60.290000915527344,53.1402587890625,22781400.0
2022-02-14,60.15999984741211,60.790000915527344,59.279998779296875,60.68000030517578,53.48401641845703,23641300.0
2022-02-15,60.959999084472656,61.779998779296875,60.630001068115234,60.90999984741211,53.686737060546875,13408700.0
2022-02-16,60.86000061035156,61.400001525878906,60.560001373291016,60.900001525878906,53.67793273925781,15484700.0
2022-02-17,60.54999923706055,62.279998779296875,60.40999984741211,62.119998931884766,54.75324249267578,21468700.0
2022-02-18,62.119998931884766,62.81999969482422,61.9900016784668,62.540000915527344,55.12343978881836,21975000.0
2022-02-21,62.119998931884766,62.81999969482422,61.9900016784668,62.540000915527344,55.12343978881836,21975000.0
2022-02-22,62.43000030517578,62.63999938964844,61.720001220703125,62.279998779296875,54.894264221191406,21731400.0
2022-02-23,62.2400016784668,62.33000183105469,61.34000015258789,61.59000015258789,54.286102294921875,19248500.0
2022-02-24,59.970001220703125,60.619998931884766,59.220001220703125,60.5099983215332,53.334171295166016,27207400.0
2022-02-25,60.939998626708984,62.900001525878906,60.91999816894531,62.849998474121094,55.396671295166016,21487800.0
2022-02-28,61.650001525878906,62.34000015258789,61.40999984741211,62.2400016784668,54.859012603759766,25879100.0
2022-03-01,62.13999938964844,62.75,61.5099983215332,61.970001220703125,54.62103271484375,15871100.0
2022-03-02,62.22999954223633,62.880001068115234,61.779998779296875,62.43000030517578,55.02648162841797,17319100.0
2022-03-03,62.61000061035156,63.02000045776367,62.290000915527344,62.470001220703125,55.061744689941406,21262800.0
2022-03-04,61.459999084472656,62.59000015258789,61.20000076293945,62.56999969482422,55.14988327026367,17163000.0
2022-03-07,62.0099983215332,62.06999969482422,60.720001220703125,61.08000183105469,53.836578369140625,29151400.0
2022-03-08,61.45000076293945,61.540000915527344,58.59000015258789,58.65999984741211,51.70356369018555,30242100.0
2022-03-09,59.81999969482422,59.84000015258789,58.65999984741211,58.959999084472656,51.96799087524414,23022700.0
2022-03-10,58.47999954223633,58.65999984741211,57.5,57.880001068115234,51.01606750488281,20887300.0
2022-03-11,57.959999084472656,58.849998474121094,57.86000061035156,57.91999816894531,51.05131912231445,19855600.0
2022-03-14,57.970001220703125,59.040000915527344,57.970001220703125,58.540000915527344,51.992767333984375,17799400.0
2022-03-15,59.08000183105469,59.88999938964844,58.97999954223633,59.619998931884766,52.95197296142578,18607200.0
2022-03-16,59.779998779296875,59.939998626708984,58.61000061035156,59.459999084472656,52.809871673583984,17347300.0
2022-03-17,59.459999084472656,60.13999938964844,59.22999954223633,60.09000015258789,53.36940383911133,15586200.0
2022-03-18,60.29999923706055,60.29999923706055,59.709999084472656,60.099998474121094,53.3782958984375,30197800.0
2022-03-21,60.5,61.099998474121094,60.25,60.58000183105469,53.80461120605469,17440100.0
2022-03-22,60.93000030517578,60.95000076293945,60.060001373291016,60.79999923706055,54.000003814697266,17559500.0
2022-03-23,60.75,60.97999954223633,60.0,60.400001525878906,53.644737243652344,15529200.0
2022-03-24,60.63999938964844,61.02000045776367,60.459999084472656,60.97999954223633,54.159873962402344,13151300.0
2022-03-25,61.119998931884766,61.61000061035156,61.04999923706055,61.529998779296875,54.64836120605469,12259800.0
2022-03-28,61.529998779296875,61.939998626708984,61.209999084472656,61.91999816894531,54.99473190307617,11485200.0
2022-03-29,62.209999084472656,62.529998779296875,61.7400016784668,62.15999984741211,55.20790100097656,14720600.0
2022-03-30,62.0099983215332,62.209999084472656,61.560001373291016,62.209999084472656,55.25230026245117,13641000.0
2022-03-31,62.220001220703125,62.63999938964844,62.0,62.0,55.06578826904297,16822900.0
2022-04-01,62.33000183105469,62.95000076293945,62.09000015258789,62.869998931884766,55.8384895324707,12644900.0
2022-04-04,62.599998474121094,62.790000915527344,61.720001220703125,62.540000915527344,55.5453987121582,11505800.0
2022-04-05,62.400001525878906,63.2400016784668,62.369998931884766,62.470001220703125,55.48323440551758,15721200.0
2022-04-06,62.77000045776367,63.2599983215332,62.29999923706055,63.099998474121094,56.04276657104492,19267400.0
2022-04-07,63.130001068115234,63.66999816894531,62.709999084472656,63.439998626708984,56.34474182128906,13960800.0
2022-04-08,63.47999954223633,64.04000091552734,63.15999984741211,63.83000183105469,56.69112014770508,12703500.0
2022-04-11,63.90999984741211,64.30000305175781,63.63999938964844,63.810001373291016,56.67335891723633,12720100.0
2022-04-12,64.37999725341797,64.80999755859375,63.88999938964844,64.55999755859375,57.339481353759766,18089900.0
2022-04-13,64.44000244140625,64.87000274658203,64.2300033569336,64.7300033569336,57.4904670715332,11883000.0
2022-04-14,64.95999908447266,65.56999969482422,64.81999969482422,65.0199966430664,57.74802017211914,16388400.0
2022-04-15,64.95999908447266,65.56999969482422,64.81999969482422,65.0199966430664,57.74802017211914,16388400.0
2022-04-18,64.7699966430664,65.18000030517578,64.18000030517578,64.44000244140625,57.23290252685547,11679400.0
2022-04-19,64.5,65.25,64.44000244140625,65.06999969482422,57.79243469238281,11993800.0
2022-04-20,65.44000244140625,66.23999786376953,65.4000015258789,65.95999908447266,58.58289337158203,14827100.0
2022-04-21,65.9800033569336,67.0,65.72000122070312,66.20999908447266,58.8049201965332,15120400.0
2022-04-22,66.08000183105469,66.33999633789062,65.18000030517578,65.25,57.952308654785156,14902200.0
2022-04-25,67.0,67.19999694824219,64.77999877929688,65.94000244140625,58.56513977050781,25082000.0
2022-04-26,65.5199966430664,66.37000274658203,65.04000091552734,65.05000305175781,57.77467727661133,21982600.0
2022-04-27,65.0,66.27999877929688,65.0,65.55999755859375,58.227638244628906,16971000.0
2022-04-28,64.66000366210938,66.27999877929688,64.5,66.19000244140625,58.78716278076172,22010600.0
2022-04-29,65.87000274658203,66.02999877929688,64.48999786376953,64.61000061035156,57.38388442993164,20137100.0
2022-05-02,65.27999877929688,65.30999755859375,62.58000183105469,63.439998626708984,56.34474182128906,24970300.0
2022-05-03,63.720001220703125,63.939998626708984,62.66999816894531,63.08000183105469,56.025001525878906,21686300.0
2022-05-04,63.0,65.12000274658203,62.939998626708984,65.02999877929688,57.75690460205078,19780200.0
2022-05-05,64.69000244140625,65.02999877929688,64.01000213623047,64.51000213623047,57.295066833496094,20155200.0
2022-05-06,64.19999694824219,65.30999755859375,64.06999969482422,64.73999786376953,57.499351501464844,18984000.0
2022-05-09,64.47000122070312,65.36000061035156,64.04000091552734,64.61000061035156,57.38388442993164,20055300.0
2022-05-10,64.5,65.31999969482422,63.849998474121094,64.01000213623047,56.850990295410156,21322200.0
2022-05-11,64.33000183105469,65.19999694824219,63.959999084472656,64.30999755859375,57.117431640625,19648400.0
2022-05-12,64.16000366210938,64.52999877929688,63.209999084472656,64.51000213623047,57.295066833496094,22574700.0
2022-05-13,64.80999755859375,65.80000305175781,64.12000274658203,65.72000122070312,58.36973571777344,16167000.0
2022-05-16,65.44000244140625,66.37999725341797,65.44000244140625,65.95999908447266,58.58289337158203,13223200.0
2022-05-17,66.0999984741211,66.0999984741211,65.01000213623047,65.77999877929688,58.42303466796875,21300600.0
2022-05-18,65.41999816894531,65.5199966430664,60.959999084472656,61.20000076293945,54.355255126953125,31437300.0
2022-05-19,60.959999084472656,60.959999084472656,59.65999984741211,60.0,53.28947830200195,31493900.0
2022-05-20,60.4900016784668,61.2400016784668,59.65999984741211,60.97999954223633,54.159873962402344,29133800.0
2022-05-23,61.650001525878906,63.099998474121094,61.59000015258789,62.86000061035156,55.829620361328125,19406900.0
2022-05-24,62.880001068115234,64.19000244140625,62.75,64.0199966430664,56.85987091064453,16154200.0
2022-05-25,64.0,64.47000122070312,63.599998474121094,64.06999969482422,56.90428161621094,15360500.0
2022-05-26,64.06999969482422,65.0999984741211,63.959999084472656,64.30000305175781,57.10856246948242,16159800.0
2022-05-27,64.26000213623047,64.83000183105469,64.13999938964844,64.68000030517578,57.4460563659668,17709000.0
2022-05-30,64.26000213623047,64.83000183105469,64.13999938964844,64.68000030517578,57.4460563659668,17709000.0
2022-05-31,64.08000183105469,64.31999969482422,63.04999923706055,63.380001068115234,56.29145050048828,43159000.0
2022-06-01,63.41999816894531,63.68000030517578,62.130001068115234,63.06999969482422,56.0161247253418,15408300.0
2022-06-02,63.18000030517578,63.7400016784668,62.11000061035156,63.72999954223633,56.6023063659668,14586000.0
2022-06-03,63.56999969482422,63.630001068115234,62.810001373291016,62.970001220703125,55.927310943603516,13539900.0
2022-06-06,63.33000183105469,63.77000045776367,62.65999984741211,62.869998931884766,55.8384895324707,15112800.0
2022-06-07,62.380001068115234,63.369998931884766,62.220001220703125,63.25,56.17599105834961,17886300.0
2022-06-08,62.9900016784668,63.209999084472656,62.560001373291016,62.88999938964844,55.85625457763672,10211500.0
2022-06-09,62.869998931884766,63.349998474121094,61.779998779296875,61.79999923706055,54.888160705566406,13382200.0
2022-06-10,61.0099983215332,61.88999938964844,60.459999084472656,61.40999984741211,54.54178237915039,14967600.0
2022-06-13,60.75,62.290000915527344,60.66999816894531,61.34000015258789,54.4796028137207,23064200.0
2022-06-14,60.72999954223633,60.88999938964844,58.65999984741211,59.22999954223633,52.98566818237305,24620000.0
2022-06-15,60.0,60.63999938964844,58.970001220703125,59.66999816894531,53.3792839050293,19684700.0
2022-06-16,58.63999938964844,59.52000045776367,58.25,59.06999969482422,52.84253692626953,15053800.0
2022-06-17,59.70000076293945,60.130001068115234,59.130001068115234,59.43000030517578,53.164581298828125,34781900.0
2022-06-20,59.70000076293945,60.130001068115234,59.130001068115234,59.43000030517578,53.164581298828125,34781900.0
2022-06-21,59.4900016784668,60.880001068115234,59.0099983215332,60.70000076293945,54.30068588256836,17705000.0
2022-06-22,60.599998474121094,61.45000076293945,60.31999969482422,61.150001525878906,54.703250885009766,15207100.0
2022-06-23,61.29999923706055,61.90999984741211,61.22999954223633,61.880001068115234,55.356292724609375,17190900.0
2022-06-24,62.11000061035156,63.060001373291016,62.11000061035156,63.040000915527344,56.39399719238281,18147100.0
2022-06-27,62.97999954223633,63.290000915527344,62.630001068115234,62.90999984741211,56.27770233154297,12142100.0
2022-06-28,63.08000183105469,63.7599983215332,62.11000061035156,62.279998779296875,55.714115142822266,13150100.0
2022-06-29,62.540000915527344,63.11000061035156,62.43000030517578,62.72999954223633,56.116676330566406,11795500.0
2022-06-30,62.31999969482422,63.11000061035156,62.15999984741211,62.90999984741211,56.27770233154297,15514200.0
2022-07-01,63.119998931884766,64.44999694824219,62.81999969482422,64.37999725341797,57.59272766113281,15143200.0
2022-07-04,63.119998931884766,64.44999694824219,62.81999969482422,64.37999725341797,57.59272766113281,15143200.0
2022-07-05,64.18000030517578,64.18000030517578,62.41999816894531,63.279998779296875,56.60869598388672,15921200.0
2022-07-06,63.599998474121094,64.08999633789062,63.189998626708984,63.40999984741211,56.72499084472656,13450500.0
2022-07-07,63.2599983215332,63.58000183105469,62.70000076293945,62.90999984741211,56.27770233154297,14828400.0
2022-07-08,63.029998779296875,63.41999816894531,62.880001068115234,63.13999938964844,56.48345184326172,11311500.0
2022-07-11,62.9900016784668,63.459999084472656,62.59000015258789,62.939998626708984,56.30453872680664,12702100.0
2022-07-12,63.0,63.45000076293945,62.470001220703125,62.66999816894531,56.06299591064453,14731100.0
2022-07-13,62.33000183105469,63.0,61.97999954223633,62.380001068115234,55.8035774230957,13145300.0
2022-07-14,61.33000183105469,62.25,61.29999923706055,62.18000030517578,55.624664306640625,14433000.0
2022-07-15,62.75,62.970001220703125,62.06999969482422,62.5,55.910926818847656,21968400.0
2022-07-18,62.52000045776367,62.560001373291016,61.5099983215332,61.650001525878906,55.150535583496094,10780800.0
2022-07-19,62.09000015258789,62.650001525878906,61.93000030517578,62.529998779296875,55.9377555847168,10998200.0
2022-07-20,62.400001525878906,62.58000183105469,61.150001525878906,61.5,55.016357421875,11010500.0
2022-07-21,61.2599983215332,61.880001068115234,60.790000915527344,61.36000061035156,54.89110565185547,11959600.0
2022-07-22,61.380001068115234,61.869998931884766,61.31999969482422,61.59000015258789,55.096866607666016,11644700.0
2022-07-25,61.54999923706055,62.29999923706055,61.310001373291016,62.189998626708984,55.63360595703125,14941700.0
2022-07-26,62.75,63.79999923706055,62.529998779296875,63.209999084472656,56.54607391357422,20118000.0
2022-07-27,62.880001068115234,63.189998626708984,61.790000915527344,63.0099983215332,56.367164611816406,12142900.0
2022-07-28,62.91999816894531,64.25,62.88999938964844,64.05999755859375,57.30645751953125,10837000.0
2022-07-29,63.709999084472656,64.29000091552734,63.630001068115234,64.16999816894531,57.40486145019531,13734200.0
2022-08-01,64.08999633789062,65.04000091552734,64.02999877929688,64.5199966430664,57.71797180175781,12831500.0
2022-08-02,64.58999633789062,64.5999984741211,63.43000030517578,63.63999938964844,56.93074035644531,15241900.0
2022-08-03,63.54999923706055,64.0999984741211,63.310001373291016,63.91999816894531,57.18122100830078,11317000.0
2022-08-04,63.63999938964844,63.72999954223633,62.91999816894531,63.66999816894531,56.95758056640625,11795600.0
2022-08-05,63.630001068115234,63.630001068115234,62.66999816894531,63.380001068115234,56.698150634765625,10445400.0
2022-08-08,63.5,63.810001373291016,62.75,62.970001220703125,56.331382751464844,9165200.0
2022-08-09,63.18000030517578,63.310001373291016,62.849998474121094,63.04999923706055,56.40294647216797,7910900.0
2022-08-10,63.630001068115234,63.790000915527344,63.099998474121094,63.650001525878906,56.93968963623047,8857300.0
2022-08-11,63.689998626708984,63.9900016784668,63.08000183105469,63.220001220703125,56.555015563964844,8507800.0
2022-08-12,63.43000030517578,63.7599983215332,63.09000015258789,63.70000076293945,56.98440933227539,9489300.0
2022-08-15,63.63999938964844,64.69000244140625,63.56999969482422,64.5,57.700077056884766,9863300.0
2022-08-16,64.56999969482422,65.2300033569336,64.33000183105469,65.02999877929688,58.174198150634766,9569600.0
2022-08-17,64.83000183105469,65.22000122070312,64.76000213623047,64.87999725341797,58.04001998901367,8144000.0
2022-08-18,64.95999908447266,65.3499984741211,64.70999908447266,65.22000122070312,58.34416580200195,6532000.0
2022-08-19,65.20999908447266,65.47000122070312,64.95999908447266,65.16999816894531,58.299434661865234,8921100.0
2022-08-22,64.83999633789062,64.91999816894531,63.9900016784668,64.19999694824219,57.43169403076172,9087900.0
2022-08-23,63.81999969482422,64.37000274658203,63.68000030517578,64.2699966430664,57.494319915771484,8443800.0
2022-08-24,64.23999786376953,64.58000183105469,64.05000305175781,64.36000061035156,57.57483673095703,6844700.0
2022-08-25,64.36000061035156,64.70999908447266,63.900001525878906,64.66999816894531,57.85215759277344,7913900.0
2022-08-26,64.7300033569336,64.80000305175781,62.97999954223633,63.11000061035156,56.45661926269531,10089500.0
2022-08-29,62.689998626708984,63.029998779296875,62.40999984741211,62.72999954223633,56.116676330566406,9115900.0
2022-08-30,62.90999984741211,62.90999984741211,61.9900016784668,62.150001525878906,55.59782791137695,8456800.0
2022-08-31,62.380001068115234,62.529998779296875,61.70000076293945,61.709999084472656,55.20420837402344,14633600.0
2022-09-01,61.58000183105469,62.040000915527344,61.290000915527344,62.0,55.4636344909668,14939700.0
2022-09-02,62.38999938964844,62.77000045776367,60.900001525878906,61.150001525878906,54.703250885009766,11809800.0
2022-09-05,62.38999938964844,62.77000045776367,60.900001525878906,61.150001525878906,54.703250885009766,11809800.0
2022-09-06,61.290000915527344,61.970001220703125,60.9900016784668,61.18000030517578,54.73008728027344,12181800.0
2022-09-07,61.31999969482422,62.4900016784668,61.31999969482422,62.310001373291016,55.74095153808594,13290700.0
2022-09-08,62.08000183105469,62.29999923706055,61.34000015258789,62.119998931884766,55.570987701416016,17193500.0
2022-09-09,62.16999816894531,62.880001068115234,61.86000061035156,62.31999969482422,55.749900817871094,11855900.0
2022-09-12,62.43000030517578,62.810001373291016,62.27000045776367,62.5,55.910926818847656,13026900.0
2022-09-13,62.20000076293945,62.220001220703125,60.279998779296875,60.470001220703125,54.09494400024414,18532800.0
2022-09-14,60.63999938964844,61.08000183105469,60.439998626708984,60.790000915527344,54.381202697753906,12881600.0
2022-09-15,60.400001525878906,60.400001525878906,59.36000061035156,59.529998779296875,53.642303466796875,11451900.0
2022-09-16,59.65999984741211,59.79999923706055,59.11000061035156,59.540000915527344,53.65132141113281,20493500.0
2022-09-19,59.38999938964844,60.099998474121094,59.22999954223633,59.9900016784668,54.056800842285156,12596200.0
2022-09-20,59.68000030517578,60.029998779296875,59.31999969482422,59.900001525878906,53.97571563720703,11984600.0
2022-09-21,60.13999938964844,60.70000076293945,59.38999938964844,59.400001525878906,53.525169372558594,14165300.0
2022-09-22,59.54999923706055,59.72999954223633,59.20000076293945,59.2599983215332,53.399009704589844,11657600.0
2022-09-23,58.959999084472656,59.099998474121094,58.0,58.599998474121094,52.80428695678711,14824000.0
2022-09-26,58.4900016784668,58.56999969482422,57.689998626708984,57.869998931884766,52.146484375,18670100.0
2022-09-27,58.08000183105469,58.369998931884766,56.310001373291016,56.380001068115234,50.803855895996094,23829300.0
2022-09-28,56.65999984741211,57.25,55.90999984741211,56.97999954223633,51.34450912475586,21480100.0
2022-09-29,57.09000015258789,57.290000915527344,56.0,56.56999969482422,50.97505569458008,14570700.0
2022-09-30,56.869998931884766,57.130001068115234,56.0,56.02000045776367,50.479454040527344,16124600.0
2022-10-03,56.36000061035156,56.849998474121094,56.060001373291016,56.650001525878906,51.04714584350586,16277600.0
2022-10-04,56.95000076293945,57.810001373291016,56.459999084472656,56.779998779296875,51.164283752441406,18861400.0
2022-10-05,56.5,56.650001525878906,55.5099983215332,56.2400016784668,50.67770004272461,14324900.0
2022-10-06,56.0,56.099998474121094,54.869998931884766,55.029998779296875,49.587371826171875,17192800.0
2022-10-07,54.9900016784668,55.09000015258789,54.25,54.5099983215332,49.11878967285156,11479800.0
2022-10-10,54.599998474121094,54.959999084472656,54.02000045776367,54.38999938964844,49.01066207885742,10239100.0
2022-10-11,54.459999084472656,55.220001220703125,54.2400016784668,54.47999954223633,49.091766357421875,14303900.0
2022-10-12,55.22999954223633,56.040000915527344,55.040000915527344,55.13999938964844,49.686485290527344,18377400.0
2022-10-13,54.47999954223633,56.08000183105469,54.2599983215332,55.869998931884766,50.344295501708984,16220700.0
2022-10-14,56.290000915527344,56.470001220703125,54.939998626708984,54.97999954223633,49.54231262207031,15997900.0
2022-10-17,55.630001068115234,56.220001220703125,55.56999969482422,55.689998626708984,50.182098388671875,13721400.0
2022-10-18,56.310001373291016,56.779998779296875,56.099998474121094,56.439998626708984,50.857906341552734,11823100.0
2022-10-19,56.310001373291016,56.540000915527344,55.72999954223633,55.959999084472656,50.425384521484375,10182300.0
2022-10-20,55.77000045776367,55.91999816894531,54.959999084472656,55.08000183105469,49.63242721557617,16905100.0
2022-10-21,55.0,56.11000061035156,54.9900016784668,55.959999084472656,50.425384521484375,15034100.0
2022-10-24,56.63999938964844,57.72999954223633,56.56999969482422,57.56999969482422,51.87615966796875,17416700.0
2022-10-25,59.040000915527344,59.11000061035156,57.75,58.95000076293945,53.11966323852539,28829900.0
2022-10-26,59.0099983215332,59.779998779296875,58.86000061035156,59.38999938964844,53.51614761352539,15831400.0
2022-10-27,59.77000045776367,59.84000015258789,59.380001068115234,59.529998779296875,53.642303466796875,16026100.0
2022-10-28,59.56999969482422,60.90999984741211,59.470001220703125,60.7599983215332,54.750648498535156,12888900.0
2022-10-31,60.5099983215332,60.56999969482422,59.66999816894531,59.849998474121094,53.9306526184082,14016400.0
2022-11-01,60.029998779296875,60.290000915527344,59.369998931884766,59.63999938964844,53.741424560546875,10659500.0
2022-11-02,59.63999938964844,60.22999954223633,58.77000045776367,58.810001373291016,52.99351501464844,14549200.0
2022-11-03,58.11000061035156,59.0,58.099998474121094,58.779998779296875,52.96648025512695,9194000.0
2022-11-04,59.29999923706055,59.59000015258789,58.560001373291016,59.2599983215332,53.399009704589844,9725900.0
2022-11-07,59.2599983215332,59.77000045776367,59.2400016784668,59.4900016784668,53.606266021728516,8849700.0
2022-11-08,59.75,59.790000915527344,58.939998626708984,59.599998474121094,53.70538330078125,10081600.0
2022-11-09,59.59000015258789,59.63999938964844,58.75,58.77000045776367,52.95746612548828,10115200.0
2022-11-10,60.25,61.040000915527344,59.68000030517578,60.880001068115234,54.85879135131836,16804800.0
2022-11-11,61.369998931884766,61.45000076293945,60.209999084472656,61.31999969482422,55.255271911621094,18972100.0
2022-11-14,61.31999969482422,61.720001220703125,60.709999084472656,60.72999954223633,54.72361755371094,16361000.0
2022-11-15,61.130001068115234,61.45000076293945,60.0,60.630001068115234,54.63351058959961,13295800.0
2022-11-16,60.790000915527344,61.029998779296875,60.290000915527344,60.52000045776367,54.534393310546875,14199500.0
2022-11-17,60.189998626708984,60.7400016784668,60.130001068115234,60.709999084472656,54.70560073852539,11212600.0
2022-11-18,60.9900016784668,61.369998931884766,60.79999923706055,61.13999938964844,55.09306716918945,10415600.0
2022-11-21,61.40999984741211,62.209999084472656,61.20000076293945,62.08000183105469,55.94010543823242,15399400.0
2022-11-22,62.470001220703125,62.5,62.04999923706055,62.349998474121094,56.18339538574219,12319600.0
2022-11-23,62.4900016784668,62.790000915527344,62.29999923706055,62.630001068115234,56.435699462890625,8990400.0
2022-11-24,62.4900016784668,62.790000915527344,62.29999923706055,62.630001068115234,56.435699462890625,8990400.0
2022-11-25,62.72999954223633,62.810001373291016,62.380001068115234,62.689998626708984,56.48977279663086,5165500.0
2022-11-28,62.689998626708984,63.099998474121094,62.560001373291016,62.70000076293945,56.498779296875,12267500.0
2022-11-29,62.52000045776367,62.56999969482422,61.97999954223633,62.47999954223633,56.300537109375,10969600.0
2022-11-30,62.0099983215332,63.68000030517578,61.75,63.61000061035156,57.72529983520508,30433900.0
2022-12-01,63.61000061035156,64.11000061035156,63.43000030517578,63.790000915527344,57.88864517211914,12001400.0
2022-12-02,63.61000061035156,64.5199966430664,63.400001525878906,64.3499984741211,58.396827697753906,13643500.0
2022-12-05,63.40999984741211,63.79999923706055,63.2599983215332,63.470001220703125,57.59825134277344,9185100.0
2022-12-06,63.52000045776367,63.880001068115234,63.22999954223633,63.439998626708984,57.571022033691406,10099500.0
2022-12-07,63.45000076293945,63.720001220703125,63.25,63.540000915527344,57.661773681640625,12307600.0
2022-12-08,63.599998474121094,63.849998474121094,63.349998474121094,63.810001373291016,57.906795501708984,9946200.0
2022-12-09,63.61000061035156,63.84000015258789,63.09000015258789,63.13999938964844,57.298770904541016,13914900.0
2022-12-12,63.29999923706055,64.01000213623047,63.0099983215332,63.970001220703125,58.05199432373047,11647900.0
2022-12-13,64.58999633789062,64.69999694824219,63.79999923706055,63.9900016784668,58.07013702392578,17521600.0
2022-12-14,64.19000244140625,64.6500015258789,63.56999969482422,63.9900016784668,58.07013702392578,12826700.0
2022-12-15,63.59000015258789,63.88999938964844,62.4900016784668,63.11000061035156,57.27154541015625,12212300.0
2022-12-16,62.75,63.13999938964844,62.33000183105469,62.75,56.94485092163086,33631500.0
2022-12-19,62.83000183105469,63.40999984741211,62.470001220703125,62.84000015258789,57.02653503417969,10919700.0
2022-12-20,62.81999969482422,63.150001525878906,62.75,62.790000915527344,56.981163024902344,10286500.0
2022-12-21,63.06999969482422,64.05000305175781,63.06999969482422,63.79999923706055,57.89772033691406,10411300.0
2022-12-22,63.41999816894531,63.59000015258789,62.650001525878906,63.34000015258789,57.48027420043945,9666700.0
2022-12-23,63.5,63.869998931884766,63.20000076293945,63.81999969482422,57.91586685180664,6463300.0
2022-12-26,63.5,63.869998931884766,63.20000076293945,63.81999969482422,57.91586685180664,6463300.0
2022-12-27,63.93000030517578,64.29000091552734,63.709999084472656,64.20999908447266,58.2697868347168,7320700.0
2022-12-28,64.45999908447266,64.6500015258789,63.4900016784668,63.56999969482422,57.68899154663086,7159400.0
2022-12-29,63.79999923706055,64.1500015258789,63.70000076293945,63.95000076293945,58.033843994140625,7169300.0
2022-12-30,63.91999816894531,63.91999816894531,63.16999816894531,63.61000061035156,57.72529983520508,7650200.0
2023-01-02,63.91999816894531,63.91999816894531,63.16999816894531,63.61000061035156,57.72529983520508,7650200.0
2023-01-03,63.560001373291016,63.560001373291016,62.18000030517578,62.95000076293945,57.12635040283203,12180500.0
2023-01-04,63.150001525878906,63.33000183105469,62.5099983215332,62.91999816894531,57.09912872314453,13387900.0
2023-01-05,62.599998474121094,62.79999923706055,62.08000183105469,62.20000076293945,56.445735931396484,9814700.0
2023-01-06,62.90999984741211,63.66999816894531,62.58000183105469,63.400001525878906,57.53472137451172,9990000.0
2023-01-09,63.29999923706055,63.720001220703125,62.58000183105469,62.61000061035156,56.81781005859375,9442600.0
2023-01-10,62.599998474121094,62.72999954223633,61.91999816894531,62.130001068115234,56.3822135925293,10134600.0
2023-01-11,62.380001068115234,62.560001373291016,61.40999984741211,62.0099983215332,56.273311614990234,10823000.0
2023-01-12,62.11000061035156,62.18000030517578,60.970001220703125,61.209999084472656,55.547325134277344,13907300.0
2023-01-13,60.70000076293945,61.459999084472656,60.59000015258789,61.43000030517578,55.746978759765625,13986400.0
2023-01-16,60.70000076293945,61.459999084472656,60.59000015258789,61.43000030517578,55.746978759765625,13986400.0
2023-01-17,61.72999954223633,62.380001068115234,61.560001373291016,61.68000030517578,55.973846435546875,18327800.0
2023-01-18,61.5099983215332,61.59000015258789,59.68000030517578,59.810001373291016,54.2768440246582,19679400.0
2023-01-19,59.72999954223633,60.63999938964844,59.709999084472656,59.720001220703125,54.19516372680664,14894500.0
2023-01-20,59.720001220703125,60.09000015258789,59.400001525878906,60.08000183105469,54.5218620300293,14237700.0
2023-01-23,60.279998779296875,60.56999969482422,60.04999923706055,60.22999954223633,54.657981872558594,12613400.0
2023-01-24,60.08000183105469,61.849998474121094,59.79999923706055,60.54999923706055,54.94837188720703,10103300.0
2023-01-25,60.20000076293945,60.939998626708984,59.88999938964844,60.93000030517578,55.29323196411133,11265800.0
2023-01-26,60.810001373291016,61.099998474121094,60.56999969482422,60.810001373291016,55.184326171875,11884800.0
2023-01-27,60.84000015258789,60.959999084472656,60.369998931884766,60.4900016784668,54.8939323425293,14087000.0
2023-01-30,60.540000915527344,61.16999816894531,60.459999084472656,60.63999938964844,55.03005599975586,15632000.0
2023-01-31,60.97999954223633,61.34000015258789,60.5099983215332,61.31999969482422,55.647151947021484,14344400.0
2023-02-01,61.13999938964844,61.58000183105469,60.619998931884766,61.33000183105469,55.65623092651367,12535400.0
2023-02-02,60.79999923706055,61.02000045776367,59.90999984741211,60.279998779296875,54.70336151123047,16947200.0
2023-02-03,60.349998474121094,60.41999816894531,59.22999954223633,59.83000183105469,54.294986724853516,15404400.0
2023-02-06,59.790000915527344,60.34000015258789,59.720001220703125,60.16999816894531,54.60353469848633,11330900.0
2023-02-07,59.66999816894531,60.2400016784668,59.540000915527344,60.06999969482422,54.51278305053711,14922700.0
2023-02-08,59.91999816894531,59.91999816894531,59.59000015258789,59.720001220703125,54.19516372680664,11012000.0
2023-02-09,60.150001525878906,60.31999969482422,59.599998474121094,59.619998931884766,54.10441589355469,12515300.0
2023-02-10,59.720001220703125,59.900001525878906,58.880001068115234,59.619998931884766,54.10441589355469,14420700.0
2023-02-13,59.900001525878906,60.7599983215332,59.72999954223633,60.599998474121094,54.99375915527344,16191800.0
2023-02-14,60.209999084472656,60.900001525878906,59.560001373291016,59.59000015258789,54.07720184326172,20505700.0
2023-02-15,59.900001525878906,59.93000030517578,59.22999954223633,59.59000015258789,54.07720184326172,13171400.0
2023-02-16,59.22999954223633,59.81999969482422,58.95000076293945,59.220001220703125,53.741416931152344,16538300.0
2023-02-17,59.5,60.22999954223633,59.380001068115234,60.119998931884766,54.55815505981445,16814700.0
2023-02-20,59.5,60.22999954223633,59.380001068115234,60.119998931884766,54.55815505981445,16814700.0
2023-02-21,59.9900016784668,60.22999954223633,59.720001220703125,59.79999923706055,54.267765045166016,14278300.0
2023-02-22,59.849998474121094,60.36000061035156,59.75,59.97999954223633,54.431114196777344,12409600.0
2023-02-23,60.0099983215332,60.41999816894531,59.810001373291016,60.09000015258789,54.53092956542969,12222800.0
2023-02-24,59.68000030517578,59.90999984741211,59.38999938964844,59.84000015258789,54.3040657043457,9736200.0
2023-02-27,60.18000030517578,60.29999923706055,59.7400016784668,59.81999969482422,54.28592300415039,8849800.0
2023-02-28,59.70000076293945,59.70000076293945,59.13999938964844,59.5099983215332,54.00459671020508,16082200.0
2023-03-01,59.130001068115234,59.18000030517578,58.369998931884766,58.86000061035156,53.414730072021484,13275800.0
2023-03-02,58.84000015258789,59.779998779296875,58.79999923706055,59.720001220703125,54.19516372680664,11758300.0
2023-03-03,59.54999923706055,59.68000030517578,59.209999084472656,59.439998626708984,53.94106674194336,13101800.0
2023-03-06,59.2599983215332,60.380001068115234,59.220001220703125,60.36000061035156,54.77595901489258,16282700.0
2023-03-07,60.4900016784668,60.56999969482422,59.75,60.0099983215332,54.45833206176758,13961200.0
2023-03-08,60.040000915527344,60.33000183105469,59.72999954223633,60.040000915527344,54.485565185546875,10851600.0
2023-03-09,60.540000915527344,60.540000915527344,59.279998779296875,59.459999084472656,53.95922088623047,13900900.0
2023-03-10,59.70000076293945,60.13999938964844,58.9900016784668,59.209999084472656,53.73234939575195,13745800.0
2023-03-13,59.290000915527344,60.869998931884766,59.25,59.810001373291016,54.2768440246582,21956000.0
2023-03-14,60.0,60.459999084472656,59.349998474121094,60.029998779296875,54.47649383544922,19496900.0
2023-03-15,59.43000030517578,60.47999954223633,59.2400016784668,60.43000030517578,54.8394775390625,21089900.0
2023-03-16,60.09000015258789,60.34000015258789,59.70000076293945,60.29999923706055,55.14125061035156,15658300.0
2023-03-17,60.310001373291016,60.349998474121094,59.63999938964844,60.02000045776367,54.88520431518555,27351200.0
2023-03-20,60.15999984741211,60.599998474121094,59.970001220703125,60.599998474121094,55.41558837890625,12904100.0
2023-03-21,60.56999969482422,60.75,59.880001068115234,60.31999969482422,55.159542083740234,13716500.0
2023-03-22,60.400001525878906,60.869998931884766,60.029998779296875,60.04999923706055,54.912635803222656,10494200.0
2023-03-23,60.09000015258789,60.38999938964844,59.720001220703125,59.91999816894531,54.79376220703125,15479000.0
2023-03-24,60.25,61.02000045776367,59.90999984741211,60.900001525878906,55.68992233276367,12975600.0
2023-03-27,61.13999938964844,61.47999954223633,60.95000076293945,61.349998474121094,56.10141372680664,12777400.0
2023-03-28,61.38999938964844,61.7400016784668,61.27000045776367,61.41999816894531,56.16543197631836,10925700.0
2023-03-29,61.720001220703125,61.95000076293945,61.59000015258789,61.86000061035156,56.56779479980469,9441000.0
2023-03-30,61.880001068115234,62.09000015258789,61.65999984741211,61.849998474121094,56.55864334106445,9870700.0
2023-03-31,62.060001373291016,62.25,61.869998931884766,62.029998779296875,56.723243713378906,14440900.0
2023-04-03,62.29999923706055,62.52000045776367,61.86000061035156,62.400001525878906,57.06159591674805,12300700.0
2023-04-04,62.38999938964844,62.7400016784668,62.08000183105469,62.209999084472656,56.887847900390625,11433400.0
2023-04-05,62.529998779296875,63.02000045776367,62.5,62.79999923706055,57.427371978759766,12789600.0
2023-04-06,62.86000061035156,63.040000915527344,62.380001068115234,62.84000015258789,57.463958740234375,9644200.0
2023-04-07,62.86000061035156,63.040000915527344,62.380001068115234,62.84000015258789,57.463958740234375,9644200.0
2023-04-10,62.4900016784668,62.689998626708984,62.02000045776367,62.689998626708984,57.326778411865234,7952600.0
2023-04-11,62.650001525878906,62.709999084472656,62.400001525878906,62.58000183105469,57.2261962890625,9913000.0
2023-04-12,62.47999954223633,63.029998779296875,62.310001373291016,62.689998626708984,57.326778411865234,9593700.0
2023-04-13,62.7599983215332,63.15999984741211,62.47999954223633,63.150001525878906,57.7474365234375,9871400.0
2023-04-14,63.04999923706055,63.150001525878906,62.779998779296875,63.04999923706055,57.65597915649414,8946000.0
2023-04-17,63.31999969482422,63.529998779296875,63.13999938964844,63.459999084472656,58.03091049194336,9452400.0
2023-04-18,63.5099983215332,63.599998474121094,63.189998626708984,63.560001373291016,58.12235641479492,9035700.0
2023-04-19,63.72999954223633,63.83000183105469,63.43000030517578,63.68000030517578,58.232086181640625,9769500.0
2023-04-20,63.630001068115234,64.0,63.439998626708984,63.959999084472656,58.488136291503906,10706400.0
2023-04-21,64.0,64.2699966430664,63.79999923706055,64.05000305175781,58.5704345703125,12931100.0
2023-04-24,64.75,64.98999786376953,63.619998931884766,63.95000076293945,58.47898864746094,15532300.0
2023-04-25,64.16999816894531,64.16999816894531,63.630001068115234,63.849998474121094,58.38753890991211,12818900.0
2023-04-26,63.560001373291016,63.77000045776367,63.38999938964844,63.54999923706055,58.11320877075195,13179600.0
2023-04-27,63.529998779296875,63.7599983215332,63.11000061035156,63.68000030517578,58.232086181640625,13795800.0
2023-04-28,63.61000061035156,64.16000366210938,63.47999954223633,64.1500015258789,58.6618766784668,13687600.0
2023-05-01,64.1500015258789,64.69000244140625,64.05999755859375,64.30000305175781,58.799049377441406,9091500.0
2023-05-02,64.13999938964844,64.13999938964844,63.27000045776367,64.01000213623047,58.53385543823242,10948400.0
2023-05-03,64.0199966430664,64.18000030517578,63.58000183105469,63.650001525878906,58.204654693603516,11084600.0
2023-05-04,63.7400016784668,63.93000030517578,63.5099983215332,63.720001220703125,58.26866912841797,11938300.0
2023-05-05,63.63999938964844,64.20999908447266,63.630001068115234,64.0199966430664,58.542999267578125,9039000.0
2023-05-08,63.810001373291016,64.05999755859375,63.61000061035156,63.91999816894531,58.45155715942383,7240700.0
2023-05-09,63.63999938964844,63.75,63.279998779296875,63.38999938964844,57.96689987182617,9067700.0
2023-05-10,63.31999969482422,63.63999938964844,62.9900016784668,63.5,58.06748580932617,10134000.0
2023-05-11,63.58000183105469,63.93000030517578,63.0099983215332,63.86000061035156,58.39669418334961,9581500.0
2023-05-12,63.86000061035156,64.19000244140625,63.70000076293945,64.11000061035156,58.625308990478516,8740800.0
2023-05-15,64.22000122070312,64.25,63.709999084472656,63.939998626708984,58.469844818115234,8150000.0
2023-05-16,63.900001525878906,63.900001525878906,63.15999984741211,63.220001220703125,57.81144332885742,9129600.0
2023-05-17,63.400001525878906,63.41999816894531,62.72999954223633,63.150001525878906,57.7474365234375,11583000.0
2023-05-18,63.0099983215332,63.040000915527344,62.56999969482422,62.79999923706055,57.427371978759766,13595100.0
2023-05-19,63.040000915527344,63.099998474121094,62.61000061035156,62.83000183105469,57.454803466796875,14251400.0
2023-05-22,62.790000915527344,62.869998931884766,61.439998626708984,61.5099983215332,56.247737884521484,15055400.0
2023-05-23,61.5099983215332,61.66999816894531,61.16999816894531,61.400001525878906,56.14714431762695,13932700.0
2023-05-24,61.380001068115234,61.43000030517578,60.720001220703125,60.880001068115234,55.671630859375,11090100.0
2023-05-25,60.470001220703125,60.72999954223633,60.150001525878906,60.40999984741211,55.241844177246094,14463600.0
2023-05-26,60.45000076293945,60.63999938964844,60.11000061035156,60.2599983215332,55.10467529296875,12570300.0
2023-05-29,60.45000076293945,60.63999938964844,60.11000061035156,60.2599983215332,55.10467529296875,12570300.0
2023-05-30,60.09000015258789,60.20000076293945,59.52000045776367,59.779998779296875,54.66573715209961,15634200.0
2023-05-31,59.91999816894531,60.279998779296875,59.369998931884766,59.65999984741211,54.55600357055664,59432200.0
2023-06-01,59.939998626708984,60.16999816894531,59.77000045776367,60.0,54.866912841796875,13402700.0
2023-06-02,60.27000045776367,61.31999969482422,60.08000183105469,61.15999984741211,55.927677154541016,15259800.0
2023-06-05,61.0,61.439998626708984,60.54999923706055,60.75,55.552757263183594,12915600.0
2023-06-06,60.95000076293945,60.9900016784668,60.119998931884766,60.310001373291016,55.1504020690918,10943500.0
2023-06-07,60.0099983215332,60.36000061035156,59.81999969482422,60.220001220703125,55.06809616088867,16817900.0
2023-06-08,60.130001068115234,60.40999984741211,59.97999954223633,60.369998931884766,55.205257415771484,15585900.0
2023-06-09,60.27000045776367,60.66999816894531,60.16999816894531,60.470001220703125,55.296714782714844,12581500.0
2023-06-12,60.59000015258789,60.650001525878906,60.02000045776367,60.209999084472656,55.05895233154297,14208900.0
2023-06-13,60.209999084472656,60.66999816894531,60.040000915527344,60.45000076293945,55.27841567993164,13397800.0
2023-06-14,60.72999954223633,61.08000183105469,60.599998474121094,60.86000061035156,55.65334701538086,14099700.0
2023-06-15,60.61000061035156,61.29999923706055,60.34000015258789,61.22999954223633,56.41810989379883,15271400.0
2023-06-16,61.599998474121094,62.16999816894531,61.47999954223633,61.66999816894531,56.82353210449219,26738000.0
2023-06-19,61.599998474121094,62.16999816894531,61.47999954223633,61.66999816894531,56.82353210449219,26738000.0
2023-06-20,61.59000015258789,61.959999084472656,61.2400016784668,61.2599983215332,56.44575119018555,13971800.0
2023-06-21,61.310001373291016,61.720001220703125,60.97999954223633,61.43000030517578,56.602394104003906,13948700.0
2023-06-22,61.810001373291016,62.099998474121094,61.59000015258789,61.849998474121094,56.9893913269043,15193400.0
2023-06-23,61.939998626708984,61.970001220703125,61.18000030517578,61.20000076293945,56.39048385620117,25112100.0
2023-06-26,61.209999084472656,61.290000915527344,60.38999938964844,61.220001220703125,56.40890121459961,12856100.0
2023-06-27,61.220001220703125,61.36000061035156,60.97999954223633,61.09000015258789,56.289119720458984,9068500.0
2023-06-28,60.880001068115234,61.040000915527344,60.400001525878906,60.52000045776367,55.763916015625,11173200.0
2023-06-29,60.220001220703125,60.349998474121094,59.77000045776367,60.02000045776367,55.30320358276367,17142300.0
2023-06-30,60.0,60.349998474121094,59.869998931884766,60.220001220703125,55.48748779296875,19739200.0
2023-07-03,60.20000076293945,60.630001068115234,60.029998779296875,60.58000183105469,55.8192024230957,9694500.0
2023-07-04,60.20000076293945,60.630001068115234,60.029998779296875,60.58000183105469,55.8192024230957,9694500.0
2023-07-05,60.279998779296875,61.099998474121094,60.15999984741211,61.029998779296875,56.233829498291016,14716600.0
2023-07-06,60.72999954223633,61.02000045776367,60.5,60.560001373291016,55.80076599121094,12603900.0
2023-07-07,60.310001373291016,60.5,59.72999954223633,59.7599983215332,55.063636779785156,14574000.0
2023-07-10,59.970001220703125,60.150001525878906,59.13999938964844,59.310001373291016,54.64900207519531,15480600.0
2023-07-11,59.459999084472656,59.560001373291016,58.84000015258789,59.52000045776367,54.84250259399414,15967700.0
2023-07-12,59.75,60.04999923706055,59.45000076293945,59.84000015258789,55.137351989746094,14241300.0
2023-07-13,60.119998931884766,60.459999084472656,59.97999954223633,60.349998474121094,55.607269287109375,11269800.0
2023-07-14,60.13999938964844,61.040000915527344,60.09000015258789,60.900001525878906,56.11404800415039,11634200.0
2023-07-17,60.7599983215332,61.099998474121094,60.4900016784668,60.810001373291016,56.03112030029297,10014300.0
2023-07-18,60.959999084472656,61.25,60.40999984741211,60.56999969482422,55.80998611450195,11152900.0
2023-07-19,60.77000045776367,61.790000915527344,60.68000030517578,61.63999938964844,56.7958984375,12936000.0
2023-07-20,61.68000030517578,62.40999984741211,61.66999816894531,62.38999938964844,57.48695755004883,11563000.0
2023-07-21,62.459999084472656,62.68000030517578,62.2400016784668,62.439998626708984,57.533023834228516,12815100.0
2023-07-24,62.41999816894531,62.810001373291016,62.400001525878906,62.459999084472656,57.551456451416016,10251100.0
2023-07-25,62.29999923706055,62.38999938964844,62.04999923706055,62.25,57.35795974731445,13422700.0
2023-07-26,61.86000061035156,63.16999816894531,61.38999938964844,63.04999923706055,58.095088958740234,17145500.0
2023-07-27,63.04999923706055,63.27000045776367,62.380001068115234,62.439998626708984,57.533023834228516,11517100.0
2023-07-28,62.59000015258789,62.77000045776367,62.220001220703125,62.47999954223633,57.569881439208984,9721800.0
2023-07-31,62.45000076293945,62.45000076293945,61.72999954223633,61.93000030517578,57.063106536865234,15577900.0
2023-08-01,62.09000015258789,62.36000061035156,61.619998931884766,61.77000045776367,56.915679931640625,9281600.0
2023-08-02,61.560001373291016,62.59000015258789,61.560001373291016,61.959999084472656,57.09075164794922,11059400.0
2023-08-03,61.869998931884766,62.119998931884766,61.529998779296875,61.63999938964844,56.7958984375,8037400.0
2023-08-04,61.68000030517578,61.88999938964844,60.619998931884766,60.709999084472656,55.93898010253906,9359300.0
2023-08-07,60.790000915527344,61.33000183105469,60.7400016784668,61.189998626708984,56.381256103515625,6982600.0
2023-08-08,61.189998626708984,61.349998474121094,60.619998931884766,60.91999816894531,56.13248062133789,7956100.0
2023-08-09,60.90999984741211,61.630001068115234,60.75,61.060001373291016,56.261474609375,7904100.0
2023-08-10,61.349998474121094,61.72999954223633,60.790000915527344,60.91999816894531,56.13248062133789,7870300.0
2023-08-11,60.84000015258789,61.20000076293945,60.689998626708984,61.16999816894531,56.36282730102539,8483900.0
2023-08-14,61.31999969482422,61.47999954223633,60.75,60.880001068115234,56.095619201660156,7176300.0
2023-08-15,60.689998626708984,60.900001525878906,60.369998931884766,60.470001220703125,55.71784210205078,7187400.0
2023-08-16,60.540000915527344,60.81999969482422,60.400001525878906,60.47999954223633,55.72705841064453,8372300.0
2023-08-17,60.58000183105469,61.02000045776367,60.45000076293945,60.61000061035156,55.84684371948242,12873500.0
2023-08-18,60.540000915527344,61.09000015258789,60.369998931884766,60.95000076293945,56.160118103027344,11083800.0
2023-08-21,60.86000061035156,60.93000030517578,60.31999969482422,60.43000030517578,55.68098068237305,8648500.0
2023-08-22,60.34000015258789,60.58000183105469,59.97999954223633,60.060001373291016,55.34006881713867,9411500.0
2023-08-23,60.20000076293945,60.439998626708984,60.15999984741211,60.27000045776367,55.53355407714844,7749500.0
2023-08-24,60.27000045776367,60.880001068115234,60.09000015258789,60.11000061035156,55.38613510131836,8955100.0
2023-08-25,60.40999984741211,60.56999969482422,60.0099983215332,60.38999938964844,55.64413070678711,7629200.0
2023-08-28,60.54999923706055,60.72999954223633,60.369998931884766,60.560001373291016,55.80076599121094,6254300.0
2023-08-29,60.560001373291016,60.630001068115234,60.150001525878906,60.5,55.7454833984375,8189600.0
2023-08-30,60.63999938964844,60.7400016784668,60.290000915527344,60.470001220703125,55.71784210205078,9447900.0
2023-08-31,60.29999923706055,60.470001220703125,59.810001373291016,59.83000183105469,55.12813949584961,14663500.0
2023-09-01,60.0,60.130001068115234,59.119998931884766,59.310001373291016,54.64900207519531,11262300.0
2023-09-04,60.0,60.130001068115234,59.119998931884766,59.310001373291016,54.64900207519531,11262300.0
2023-09-05,59.25,59.31999969482422,58.66999816894531,58.81999969482422,54.197513580322266,12474600.0
2023-09-06,58.619998931884766,58.83000183105469,58.41999816894531,58.779998779296875,54.160648345947266,13923500.0
2023-09-07,58.95000076293945,59.15999984741211,58.29999923706055,58.33000183105469,53.74602127075195,17628600.0
2023-09-08,58.29999923706055,58.40999984741211,58.0099983215332,58.33000183105469,53.74602127075195,14312300.0
2023-09-11,58.400001525878906,58.9900016784668,58.22999954223633,58.880001068115234,54.25279998779297,14767400.0
2023-09-12,58.9900016784668,59.0,58.189998626708984,58.29999923706055,53.718379974365234,12292700.0
2023-09-13,58.400001525878906,58.68000030517578,58.34000015258789,58.439998626708984,53.847373962402344,12641400.0
2023-09-14,58.2400016784668,58.59000015258789,58.189998626708984,58.459999084472656,54.29315948486328,12311600.0
2023-09-15,58.40999984741211,58.63999938964844,57.75,57.939998626708984,53.81022262573242,55727500.0
2023-09-18,57.97999954223633,58.349998474121094,57.630001068115234,58.29999923706055,54.144561767578125,13617400.0
2023-09-19,58.2599983215332,58.38999938964844,57.91999816894531,58.18000030517578,54.033119201660156,11998900.0
2023-09-20,58.29999923706055,58.83000183105469,58.08000183105469,58.439998626708984,54.27458572387695,14766600.0
2023-09-21,58.369998931884766,58.41999816894531,57.41999816894531,57.540000915527344,53.43873977661133,15941800.0
2023-09-22,57.849998474121094,57.970001220703125,57.5,57.599998474121094,53.49446105957031,14644100.0
2023-09-25,57.400001525878906,57.4900016784668,56.7400016784668,57.0,52.93722152709961,12358800.0
2023-09-26,56.72999954223633,56.900001525878906,56.400001525878906,56.529998779296875,52.500728607177734,11194700.0
2023-09-27,56.41999816894531,56.529998779296875,55.68000030517578,55.95000076293945,51.962074279785156,13766300.0
2023-09-28,56.22999954223633,56.31999969482422,55.70000076293945,55.810001373291016,51.8320426940918,12484800.0
2023-09-29,56.13999938964844,56.27000045776367,55.619998931884766,55.97999954223633,51.989925384521484,12271600.0
2023-10-02,55.90999984741211,56.0099983215332,55.08000183105469,55.47999954223633,51.52556610107422,11792500.0
2023-10-03,55.15999984741211,55.43000030517578,54.779998779296875,54.880001068115234,50.96833801269531,13604200.0
2023-10-04,54.88999938964844,55.279998779296875,54.709999084472656,55.040000915527344,51.11692810058594,12100500.0
2023-10-05,54.7400016784668,54.95000076293945,52.2400016784668,52.380001068115234,48.64652633666992,29878100.0
2023-10-06,52.040000915527344,53.290000915527344,51.54999923706055,53.13999938964844,49.35234451293945,30298900.0
2023-10-09,52.959999084472656,53.150001525878906,52.11000061035156,52.880001068115234,49.11088943481445,15704700.0
2023-10-10,54.130001068115234,54.33000183105469,53.560001373291016,54.029998779296875,50.178916931152344,20909700.0
2023-10-11,54.220001220703125,54.279998779296875,53.02000045776367,53.709999084472656,49.88172912597656,21138900.0
2023-10-12,53.7599983215332,53.83000183105469,52.43000030517578,52.810001373291016,49.04587936401367,19330400.0
2023-10-13,52.7400016784668,53.41999816894531,52.63999938964844,52.88999938964844,49.120174407958984,14494600.0
2023-10-16,53.02000045776367,53.560001373291016,52.84000015258789,53.43000030517578,49.621681213378906,12816800.0
2023-10-17,53.310001373291016,54.099998474121094,53.209999084472656,54.06999969482422,50.216068267822266,16457200.0
2023-10-18,54.099998474121094,54.529998779296875,53.91999816894531,54.04999923706055,50.19749069213867,12809500.0
2023-10-19,54.15999984741211,54.7599983215332,53.86000061035156,54.349998474121094,50.47610855102539,16202200.0
2023-10-20,54.529998779296875,55.02000045776367,54.439998626708984,54.56999969482422,50.6804313659668,15686400.0
2023-10-23,54.380001068115234,54.88999938964844,54.04999923706055,54.08000183105469,50.2253532409668,21212700.0
2023-10-24,55.650001525878906,56.16999816894531,55.29999923706055,55.63999938964844,51.67416000366211,25290800.0
2023-10-25,55.7599983215332,56.220001220703125,55.560001373291016,56.119998931884766,52.11994934082031,16701000.0
2023-10-26,56.369998931884766,56.630001068115234,55.720001220703125,55.779998779296875,51.8041877746582,16228400.0
2023-10-27,55.54999923706055,56.13999938964844,55.099998474121094,55.2400016784668,51.302677154541016,13626500.0
2023-10-30,55.43000030517578,56.279998779296875,55.41999816894531,56.150001525878906,52.14781951904297,15014300.0
2023-10-31,56.56999969482422,56.720001220703125,56.150001525878906,56.4900016784668,52.46357727050781,16639400.0
2023-11-01,56.79999923706055,56.880001068115234,56.2599983215332,56.439998626708984,52.41714096069336,14110800.0
2023-11-02,56.5,57.150001525878906,56.36000061035156,57.09000015258789,53.02081298828125,13087200.0
2023-11-03,57.400001525878906,57.59000015258789,56.70000076293945,56.7400016784668,52.69575881958008,13958700.0
2023-11-06,56.779998779296875,57.279998779296875,56.7400016784668,56.970001220703125,52.909366607666016,12673200.0
2023-11-07,56.91999816894531,57.400001525878906,56.72999954223633,57.18000030517578,53.10439682006836,10449300.0
2023-11-08,57.31999969482422,57.470001220703125,56.91999816894531,57.09000015258789,53.02081298828125,13744000.0
2023-11-09,57.029998779296875,57.13999938964844,56.369998931884766,56.65999984741211,52.621456146240234,12021100.0
2023-11-10,56.869998931884766,56.93000030517578,56.060001373291016,56.720001220703125,52.677188873291016,11678900.0
2023-11-13,56.619998931884766,57.099998474121094,56.599998474121094,56.93000030517578,52.872215270996094,12798200.0
2023-11-14,57.02000045776367,57.2400016784668,56.810001373291016,57.099998474121094,53.030086517333984,12697100.0
2023-11-15,57.29999923706055,57.34000015258789,56.75,57.209999084472656,53.13226318359375,10201900.0
2023-11-16,57.25,57.529998779296875,56.810001373291016,57.150001525878906,53.076534271240234,16010400.0
2023-11-17,57.189998626708984,57.34000015258789,56.70000076293945,57.2599983215332,53.17869186401367,14475800.0
2023-11-20,57.04999923706055,57.58000183105469,56.959999084472656,57.400001525878906,53.308712005615234,13051000.0
2023-11-21,57.459999084472656,58.040000915527344,57.33000183105469,58.029998779296875,53.89381408691406,13891600.0
2023-11-22,58.2599983215332,58.540000915527344,58.130001068115234,58.41999816894531,54.25601577758789,11320600.0
2023-11-23,58.2599983215332,58.540000915527344,58.130001068115234,58.41999816894531,54.25601577758789,11320600.0
2023-11-24,58.459999084472656,58.75,58.34000015258789,58.56999969482422,54.395320892333984,4816000.0
2023-11-27,58.540000915527344,58.689998626708984,58.27000045776367,58.459999084472656,54.29315948486328,16246500.0
2023-11-28,58.400001525878906,58.83000183105469,58.36000061035156,58.58000183105469,54.40460968017578,13739600.0
2023-11-29,58.58000183105469,58.66999816894531,58.099998474121094,58.22999954223633,54.07954788208008,11263600.0
2023-11-30,57.959999084472656,58.459999084472656,57.599998474121094,58.439998626708984,54.706756591796875,22727500.0
2023-12-01,58.27000045776367,58.689998626708984,58.2400016784668,58.63999938964844,54.89398193359375,15371200.0
2023-12-04,58.59000015258789,58.959999084472656,58.439998626708984,58.56999969482422,54.82844543457031,14942200.0
2023-12-05,58.54999923706055,58.83000183105469,58.41999816894531,58.65999984741211,54.91270065307617,11891500.0
2023-12-06,58.560001373291016,58.72999954223633,58.209999084472656,58.599998474121094,54.85653305053711,14868500.0
2023-12-07,58.66999816894531,58.88999938964844,58.38999938964844,58.7400016784668,54.98759078979492,11587900.0
2023-12-08,58.7400016784668,58.75,58.369998931884766,58.61000061035156,54.86589431762695,11178700.0
2023-12-11,58.83000183105469,59.09000015258789,58.5,59.040000915527344,55.268428802490234,14524800.0
2023-12-12,59.20000076293945,59.41999816894531,58.900001525878906,59.41999816894531,55.624149322509766,12899000.0
2023-12-13,59.45000076293945,60.02000045776367,59.2599983215332,59.93000030517578,56.1015739440918,16196800.0
2023-12-14,59.970001220703125,60.040000915527344,58.77000045776367,59.040000915527344,55.268428802490234,22478300.0
2023-12-15,58.83000183105469,59.16999816894531,57.79999923706055,58.599998474121094,54.85653305053711,65177400.0
2023-12-18,58.79999923706055,59.4900016784668,58.619998931884766,59.02000045776367,55.24970245361328,16717700.0
2023-12-19,59.0,59.20000076293945,58.63999938964844,58.83000183105469,55.07184600830078,14612200.0
2023-12-20,58.5,58.66999816894531,57.56999969482422,57.61000061035156,53.92977523803711,17701000.0
2023-12-21,57.849998474121094,58.06999969482422,57.470001220703125,57.9900016784668,54.28550720214844,11725100.0
2023-12-22,58.119998931884766,58.459999084472656,58.02000045776367,58.31999969482422,54.59441375732422,9029400.0
2023-12-25,58.119998931884766,58.459999084472656,58.02000045776367,58.31999969482422,54.59441375732422,9029400.0
2023-12-26,58.060001373291016,58.709999084472656,58.060001373291016,58.560001373291016,54.819091796875,6422500.0
2023-12-27,58.63999938964844,58.77000045776367,58.400001525878906,58.709999084472656,54.959503173828125,8560100.0
2023-12-28,58.650001525878906,58.869998931884766,58.529998779296875,58.75,54.996944427490234,8400100.0
2023-12-29,58.7400016784668,58.97999954223633,58.630001068115234,58.93000030517578,55.16545104980469,9244300.0
2024-01-01,58.7400016784668,58.97999954223633,58.630001068115234,58.93000030517578,55.16545104980469,9244300.0
2024-01-02,58.79999923706055,59.880001068115234,58.66999816894531,59.81999969482422,55.99860382080078,16322600.0
2024-01-03,59.93000030517578,60.20000076293945,59.7599983215332,59.959999084472656,56.12965393066406,14830600.0
2024-01-04,60.04999923706055,60.2599983215332,59.65999984741211,59.7599983215332,55.94242477416992,12912900.0
2024-01-05,59.79999923706055,59.95000076293945,59.09000015258789,59.66999816894531,55.858177185058594,10412800.0
2024-01-08,59.68000030517578,60.18000030517578,59.41999816894531,60.11000061035156,56.27007293701172,11554600.0
2024-01-09,59.9900016784668,60.13999938964844,59.619998931884766,60.0,56.1671028137207,10493700.0
2024-01-10,60.220001220703125,60.40999984741211,59.97999954223633,60.20000076293945,56.35432434082031,12258000.0
2024-01-11,60.25,60.2599983215332,59.689998626708984,59.810001373291016,55.98924255371094,13754200.0
2024-01-12,60.08000183105469,60.459999084472656,59.869998931884766,60.38999938964844,56.53219223022461,13218000.0
2024-01-15,60.08000183105469,60.459999084472656,59.869998931884766,60.38999938964844,56.53219223022461,13218000.0
2024-01-16,60.38999938964844,60.43000030517578,59.849998474121094,59.9900016784668,56.157737731933594,11826900.0
2024-01-17,59.86000061035156,60.209999084472656,59.81999969482422,59.9900016784668,56.157737731933594,8982100.0
2024-01-18,59.689998626708984,60.22999954223633,59.529998779296875,60.15999984741211,56.31687927246094,10397700.0
2024-01-19,60.2599983215332,60.279998779296875,59.63999938964844,59.83000183105469,56.007957458496094,14392600.0
2024-01-22,59.7599983215332,60.06999969482422,59.439998626708984,59.56999969482422,55.76456832885742,14314300.0
2024-01-23,59.529998779296875,60.0,59.459999084472656,59.849998474121094,56.02667999267578,14481600.0
2024-01-24,59.79999923706055,59.810001373291016,58.88999938964844,58.90999984741211,55.146732330322266,16370500.0
2024-01-25,59.0099983215332,59.16999816894531,58.65999984741211,59.15999984741211,55.380760192871094,14899700.0
2024-01-26,59.25,59.4900016784668,59.130001068115234,59.369998931884766,55.577354431152344,13025100.0
2024-01-29,59.34000015258789,59.790000915527344,59.16999816894531,59.72999954223633,55.914344787597656,14547100.0
2024-01-30,59.849998474121094,60.02000045776367,59.45000076293945,59.900001525878906,56.073490142822266,22061500.0
2024-01-31,60.099998474121094,60.45000076293945,59.290000915527344,59.4900016784668,55.68968200683594,22837000.0
2024-02-01,59.56999969482422,61.0099983215332,59.36000061035156,60.97999954223633,57.084495544433594,15870900.0
2024-02-02,60.81999969482422,60.869998931884766,60.22999954223633,60.540000915527344,56.672603607177734,17544900.0
2024-02-05,60.380001068115234,60.380001068115234,59.880001068115234,60.040000915527344,56.20454406738281,12759600.0
2024-02-06,59.959999084472656,60.04999923706055,59.68000030517578,59.939998626708984,56.110931396484375,12775200.0
2024-02-07,60.06999969482422,60.209999084472656,59.939998626708984,59.9900016784668,56.157737731933594,10259900.0
2024-02-08,59.88999938964844,59.970001220703125,59.40999984741211,59.83000183105469,56.007957458496094,12874800.0
2024-02-09,59.470001220703125,59.58000183105469,59.029998779296875,59.560001373291016,55.755210876464844,15235300.0
2024-02-12,59.65999984741211,59.7599983215332,58.959999084472656,59.70000076293945,55.886260986328125,13516800.0
2024-02-13,59.5,60.65999984741211,58.790000915527344,59.349998474121094,55.558616638183594,24195700.0
2024-02-14,59.16999816894531,59.59000015258789,59.040000915527344,59.290000915527344,55.5024528503418,15872500.0
2024-02-15,59.41999816894531,59.59000015258789,59.130001068115234,59.400001525878906,55.605430603027344,13695800.0
2024-02-16,59.349998474121094,59.619998931884766,58.959999084472656,59.38999938964844,55.59606170654297,13947100.0
2024-02-19,59.349998474121094,59.619998931884766,58.959999084472656,59.38999938964844,55.59606170654297,13947100.0
2024-02-20,59.599998474121094,60.84000015258789,59.5099983215332,60.70000076293945,56.8223876953125,18339300.0
2024-02-21,60.9900016784668,61.279998779296875,60.83000183105469,61.2400016784668,57.327880859375,14373000.0
2024-02-22,60.9900016784668,61.25,60.5,61.150001525878906,57.24363708496094,12982800.0
2024-02-23,61.09000015258789,61.619998931884766,61.0,61.20000076293945,57.290443420410156,13612900.0
2024-02-26,61.2400016784668,61.27000045776367,60.65999984741211,60.709999084472656,56.83174133300781,10336100.0
2024-02-27,60.540000915527344,60.779998779296875,60.119998931884766,60.34000015258789,56.485382080078125,9931100.0
2024-02-28,60.369998931884766,60.4900016784668,60.060001373291016,60.400001525878906,56.54154968261719,8076500.0
2024-02-29,60.349998474121094,60.63999938964844,59.900001525878906,60.02000045776367,56.185821533203125,18152700.0
2024-03-01,59.900001525878906,59.900001525878906,59.34000015258789,59.529998779296875,55.727115631103516,10927600.0
2024-03-04,59.22999954223633,59.95000076293945,59.220001220703125,59.810001373291016,55.98924255371094,10150200.0
2024-03-05,59.90999984741211,60.11000061035156,59.41999816894531,59.52000045776367,55.71775817871094,12310000.0
2024-03-06,59.52000045776367,60.0,59.380001068115234,59.54999923706055,55.745845794677734,12378800.0
2024-03-07,59.689998626708984,59.77000045776367,59.2400016784668,59.439998626708984,55.64286804199219,13686900.0
2024-03-08,59.29999923706055,59.790000915527344,58.970001220703125,59.52000045776367,55.71775817871094,13239000.0
2024-03-11,59.779998779296875,60.290000915527344,59.58000183105469,60.2400016784668,56.39176559448242,14114300.0
2024-03-12,60.31999969482422,60.75,60.209999084472656,60.5,56.63515853881836,12684600.0
2024-03-13,60.880001068115234,61.209999084472656,60.79999923706055,61.119998931884766,57.215553283691406,13909500.0
2024-03-14,60.58000183105469,60.79999923706055,60.400001525878906,60.5,57.08816146850586,13996600.0
2024-03-15,60.02000045776367,60.45000076293945,59.63999938964844,59.880001068115234,56.50313186645508,36849900.0
2024-03-18,59.88999938964844,60.400001525878906,59.79999923706055,60.130001068115234,56.73903274536133,15856700.0
2024-03-19,60.2400016784668,60.349998474121094,60.060001373291016,60.22999954223633,56.83339309692383,15030600.0
2024-03-20,60.18000030517578,60.810001373291016,60.15999984741211,60.75,57.32406997680664,15258800.0
2024-03-21,60.560001373291016,60.9900016784668,60.31999969482422,60.470001220703125,57.05986022949219,13067100.0
2024-03-22,60.52000045776367,60.790000915527344,60.43000030517578,60.4900016784668,57.078731536865234,11502800.0
2024-03-25,60.47999954223633,60.709999084472656,60.119998931884766,60.400001525878906,56.993804931640625,13144700.0
2024-03-26,60.5,60.709999084472656,60.380001068115234,60.540000915527344,57.125911712646484,13277400.0
2024-03-27,60.790000915527344,61.43000030517578,60.70000076293945,61.029998779296875,57.58827590942383,12551200.0
2024-03-28,61.13999938964844,61.2599983215332,61.0,61.18000030517578,57.72981643676758,13683500.0
2024-03-29,61.13999938964844,61.2599983215332,61.0,61.18000030517578,57.72981643676758,13683500.0
2024-04-01,61.18000030517578,61.29999923706055,60.630001068115234,60.68000030517578,57.25801467895508,11668700.0
2024-04-02,60.45000076293945,60.72999954223633,60.11000061035156,60.150001525878906,56.75790023803711,13017300.0
2024-04-03,60.04999923706055,60.38999938964844,59.779998779296875,59.83000183105469,56.45594787597656,13672900.0
2024-04-04,60.09000015258789,60.150001525878906,59.16999816894531,59.29999923706055,55.95583724975586,14320700.0
2024-04-05,59.25,59.68000030517578,58.90999984741211,59.5099983215332,56.153995513916016,10157800.0
2024-04-08,59.400001525878906,59.470001220703125,59.06999969482422,59.27000045776367,55.92753601074219,10284500.0
2024-04-09,59.47999954223633,59.7400016784668,59.130001068115234,59.720001220703125,56.3521614074707,10779100.0
2024-04-10,59.31999969482422,59.38999938964844,58.689998626708984,58.91999816894531,55.597267150878906,11861900.0
2024-04-11,59.150001525878906,59.369998931884766,58.790000915527344,59.04999923706055,55.719940185546875,11109000.0
2024-04-12,58.95000076293945,59.0099983215332,58.130001068115234,58.279998779296875,54.99335479736328,12250900.0
2024-04-15,58.61000061035156,58.810001373291016,58.040000915527344,58.13999938964844,54.86125183105469,12425000.0
2024-04-16,58.25,58.380001068115234,57.93000030517578,58.060001373291016,54.785770416259766,11236800.0
2024-04-17,58.279998779296875,58.560001373291016,58.099998474121094,58.5099983215332,55.210391998291016,13805100.0
2024-04-18,58.619998931884766,58.97999954223633,58.540000915527344,58.90999984741211,55.587833404541016,11125900.0
2024-04-19,59.099998474121094,60.36000061035156,59.0,60.16999816894531,56.77677536010742,21207900.0
2024-04-22,60.13999938964844,60.630001068115234,59.720001220703125,60.54999923706055,57.13534927368164,15624500.0
2024-04-23,60.529998779296875,60.68000030517578,60.130001068115234,60.63999938964844,57.22026443481445,13689100.0
2024-04-24,60.31999969482422,61.650001525878906,59.84000015258789,61.54999923706055,58.07895278930664,19548300.0
2024-04-25,61.869998931884766,62.59000015258789,61.369998931884766,61.7400016784668,58.25823974609375,19048500.0
2024-04-26,61.54999923706055,61.93000030517578,61.349998474121094,61.7400016784668,58.25823974609375,10994300.0
2024-04-29,61.91999816894531,62.04999923706055,61.529998779296875,62.040000915527344,58.541324615478516,13409300.0
2024-04-30,62.13999938964844,62.83000183105469,61.470001220703125,61.77000045776367,58.28654479980469,19349200.0
2024-05-01,61.79999923706055,62.56999969482422,61.209999084472656,61.93000030517578,58.437522888183594,16729800.0
2024-05-02,62.18000030517578,62.400001525878906,61.720001220703125,61.9900016784668,58.494136810302734,10991300.0
2024-05-03,61.9900016784668,62.33000183105469,61.63999938964844,62.16999816894531,58.66398620605469,11628700.0
2024-05-06,62.29999923706055,62.380001068115234,61.900001525878906,62.349998474121094,58.83383560180664,9310700.0
2024-05-07,62.7599983215332,62.81999969482422,62.25,62.619998931884766,59.08860778808594,9807000.0
2024-05-08,62.849998474121094,62.970001220703125,62.47999954223633,62.849998474121094,59.30563735961914,10484400.0
2024-05-09,62.810001373291016,63.150001525878906,62.75,62.880001068115234,59.333953857421875,9113700.0
2024-05-10,62.91999816894531,63.36000061035156,62.790000915527344,63.2599983215332,59.6925163269043,8371700.0
2024-05-13,63.2400016784668,63.619998931884766,63.18000030517578,63.58000183105469,59.99447250366211,10137600.0
2024-05-14,63.58000183105469,63.7599983215332,62.79999923706055,63.099998474121094,59.541542053222656,10852200.0
2024-05-15,63.060001373291016,63.38999938964844,63.0,63.130001068115234,59.56985092163086,9838900.0
2024-05-16,63.2400016784668,63.72999954223633,63.06999969482422,63.31999969482422,59.7491340637207,10228000.0
2024-05-17,63.34000015258789,63.369998931884766,62.939998626708984,63.029998779296875,59.47549057006836,11539000.0
2024-05-20,62.93000030517578,63.0099983215332,62.459999084472656,62.56999969482422,59.04143142700195,11000900.0
2024-05-21,62.81999969482422,62.97999954223633,62.439998626708984,62.90999984741211,59.36225891113281,9796200.0
2024-05-22,62.709999084472656,63.02000045776367,62.65999984741211,63.0,59.44717788696289,7419400.0
2024-05-23,62.4900016784668,62.880001068115234,62.04999923706055,62.09000015258789,58.5885009765625,9834300.0
2024-05-24,62.220001220703125,62.41999816894531,61.970001220703125,62.0,58.503578186035156,8203100.0
2024-05-27,62.220001220703125,62.41999816894531,61.970001220703125,62.0,58.503578186035156,8203100.0
2024-05-28,61.790000915527344,62.130001068115234,61.400001525878906,61.81999969482422,58.33372497558594,12347000.0
2024-05-29,61.470001220703125,61.880001068115234,61.06999969482422,61.70000076293945,58.22049331665039,11861800.0
2024-05-30,61.849998474121094,62.08000183105469,61.599998474121094,61.970001220703125,58.47526931762695,9433800.0
2024-05-31,61.9900016784668,63.029998779296875,61.689998626708984,62.93000030517578,59.381126403808594,19816600.0
2024-06-03,62.709999084472656,63.09000015258789,62.45000076293945,62.93000030517578,59.381126403808594,9369000.0
2024-06-04,63.20000076293945,63.970001220703125,62.939998626708984,63.939998626708984,60.334171295166016,11895600.0
2024-06-05,63.9900016784668,64.06999969482422,63.349998474121094,63.91999816894531,60.31529235839844,9632500.0
2024-06-06,63.91999816894531,64.36000061035156,63.84000015258789,64.1500015258789,60.53232955932617,8658500.0
2024-06-07,64.08999633789062,64.22000122070312,63.810001373291016,63.90999984741211,60.30586242675781,9523100.0
2024-06-10,63.939998626708984,63.9900016784668,63.369998931884766,63.59000015258789,60.00390625,15685300.0
2024-06-11,63.59000015258789,63.650001525878906,63.06999969482422,63.54999923706055,59.966163635253906,8396000.0
2024-06-12,63.689998626708984,63.689998626708984,62.689998626708984,62.880001068115234,59.333953857421875,9569600.0
2024-06-13,62.86000061035156,63.040000915527344,62.45000076293945,62.9900016784668,59.4377555847168,9668900.0
2024-06-14,62.380001068115234,62.689998626708984,62.09000015258789,62.54999923706055,59.48052978515625,8179200.0
2024-06-17,62.369998931884766,62.900001525878906,62.18000030517578,62.619998931884766,59.54710006713867,10532700.0
2024-06-18,62.529998779296875,62.81999969482422,62.439998626708984,62.630001068115234,59.556610107421875,10651700.0
2024-06-19,62.529998779296875,62.81999969482422,62.439998626708984,62.630001068115234,59.556610107421875,10651700.0
2024-06-20,62.400001525878906,62.7400016784668,61.95000076293945,62.18000030517578,59.12869644165039,13306300.0
2024-06-21,62.18000030517578,63.099998474121094,62.18000030517578,62.77000045776367,59.68973922729492,28278100.0
2024-06-24,62.9900016784668,64.05999755859375,62.90999984741211,63.970001220703125,60.83085632324219,13212500.0
2024-06-25,63.939998626708984,64.06999969482422,63.5099983215332,63.84000015258789,60.70723342895508,10235300.0
2024-06-26,63.400001525878906,64.11000061035156,63.22999954223633,64.05000305175781,60.90693283081055,9402500.0
2024-06-27,64.05000305175781,64.2699966430664,63.619998931884766,63.90999984741211,60.77379608154297,8494100.0
2024-06-28,63.900001525878906,64.05999755859375,63.52000045776367,63.650001525878906,60.52655029296875,17358800.0
2024-07-01,64.02999877929688,64.30000305175781,63.119998931884766,63.279998779296875,60.17470932006836,10033400.0
2024-07-02,63.2599983215332,63.380001068115234,62.86000061035156,63.150001525878906,60.051090240478516,8878200.0
2024-07-03,63.189998626708984,63.66999816894531,62.93000030517578,63.33000183105469,60.22225570678711,9154200.0
2024-07-04,63.189998626708984,63.66999816894531,62.93000030517578,63.33000183105469,60.22225570678711,9154200.0
2024-07-05,63.33000183105469,63.790000915527344,63.0,63.7599983215332,60.63115310668945,11735500.0
2024-07-08,63.59000015258789,63.59000015258789,62.84000015258789,62.959999084472656,59.87041473388672,11235100.0
2024-07-09,63.060001373291016,63.22999954223633,62.59000015258789,62.689998626708984,59.61366271972656,11657500.0
2024-07-10,62.720001220703125,62.86000061035156,62.290000915527344,62.83000183105469,59.746795654296875,11930400.0
2024-07-11,62.63999938964844,63.459999084472656,62.400001525878906,63.099998474121094,60.003543853759766,11431600.0
2024-07-12,63.459999084472656,64.11000061035156,63.38999938964844,63.70000076293945,60.574100494384766,9201500.0
2024-07-15,63.790000915527344,63.939998626708984,63.349998474121094,63.40999984741211,60.298336029052734,8207500.0
2024-07-16,63.43000030517578,64.30999755859375,63.38999938964844,64.2699966430664,61.116127014160156,9025100.0
2024-07-17,64.47000122070312,65.38999938964844,64.41000366210938,65.20999908447266,62.010005950927734,12508200.0
2024-07-18,64.80000305175781,65.80999755859375,64.72000122070312,65.19000244140625,61.99098205566406,11128200.0
2024-07-19,65.63999938964844,65.63999938964844,64.81999969482422,65.29000091552734,62.086082458496094,13775700.0
2024-07-22,65.25,65.29000091552734,64.31999969482422,64.7699966430664,61.591590881347656,11794200.0
2024-07-23,65.43000030517578,66.04000091552734,64.8499984741211,64.95999908447266,61.77226638793945,11810300.0
2024-07-24,65.08999633789062,65.97000122070312,64.83000183105469,65.80999755859375,62.58055877685547,13244600.0
2024-07-25,66.04000091552734,66.88999938964844,65.86000061035156,66.06999969482422,62.82780456542969,16328600.0
2024-07-26,66.06999969482422,67.11000061035156,66.01000213623047,67.05000305175781,63.75971603393555,13530100.0
2024-07-29,66.87999725341797,67.02999877929688,66.38999938964844,66.83000183105469,63.550506591796875,12140200.0
2024-07-30,66.4800033569336,67.83000183105469,66.36000061035156,67.68000030517578,64.35879516601562,13258000.0
2024-07-31,67.5,67.61000061035156,66.61000061035156,66.73999786376953,63.46492385864258,15576800.0
2024-08-01,67.0,68.11000061035156,66.69999694824219,67.95999908447266,64.62506103515625,16495900.0
2024-08-02,68.52999877929688,69.66999816894531,67.69000244140625,69.33000183105469,65.92782592773438,22514800.0
2024-08-05,68.98999786376953,69.55000305175781,67.7300033569336,68.0999984741211,64.75818634033203,25484300.0
2024-08-06,68.1500015258789,68.83999633789062,67.7699966430664,68.05000305175781,64.71063995361328,12969100.0
2024-08-07,68.05000305175781,69.18000030517578,67.83000183105469,68.45999908447266,65.10051727294922,13365300.0
2024-08-08,68.0,68.86000061035156,67.8499984741211,68.7300033569336,65.35726165771484,15240900.0
2024-08-09,68.69999694824219,68.79000091552734,68.25,68.68000030517578,65.30972290039062,12080400.0
2024-08-12,68.44999694824219,68.54000091552734,67.83000183105469,68.16999816894531,64.82473754882812,11012300.0
2024-08-13,68.08000183105469,68.61000061035156,68.01000213623047,68.45999908447266,65.10051727294922,9877600.0
2024-08-14,68.2300033569336,68.88999938964844,68.12999725341797,68.58000183105469,65.21463012695312,14328000.0
2024-08-15,68.62000274658203,68.91999816894531,68.5,68.6500015258789,65.28119659423828,11285100.0
2024-08-16,68.83999633789062,69.30000305175781,68.63999938964844,69.18000030517578,65.78518676757812,12651200.0
2024-08-19,69.3499984741211,69.41999816894531,68.8499984741211,68.9800033569336,65.59500122070312,9843900.0
2024-08-20,68.98999786376953,69.38999938964844,68.7699966430664,69.37999725341797,65.9753646850586,11957400.0
2024-08-21,69.4800033569336,70.12999725341797,69.33000183105469,69.56999969482422,66.15605163574219,8792400.0
2024-08-22,69.91999816894531,69.91999816894531,68.79000091552734,69.33000183105469,65.92782592773438,12509200.0
2024-08-23,69.4000015258789,69.8499984741211,68.94000244140625,69.79000091552734,66.36524963378906,11834700.0
2024-08-26,69.83000183105469,70.91999816894531,69.7300033569336,70.83999633789062,67.36372375488281,12912200.0
2024-08-27,71.31999969482422,71.52999877929688,71.05000305175781,71.5,67.9913330078125,16988400.0
2024-08-28,71.61000061035156,71.80999755859375,71.30000305175781,71.75,68.22906494140625,13272600.0
2024-08-29,71.9000015258789,72.22000122070312,71.2300033569336,72.05000305175781,68.51435852050781,17201700.0
2024-08-30,72.19999694824219,72.56999969482422,71.77999877929688,72.47000122070312,68.91374206542969,18624200.0
2024-09-02,72.19999694824219,72.56999969482422,71.77999877929688,72.47000122070312,68.91374206542969,18624200.0
2024-09-03,72.44000244140625,73.29000091552734,72.25,73.01000213623047,69.42725372314453,14755800.0
2024-09-04,73.30000305175781,73.52999877929688,71.91000366210938,72.55999755859375,68.99931335449219,18140800.0
2024-09-05,72.62000274658203,72.68000030517578,70.9800033569336,71.16999816894531,67.67753601074219,23866100.0
2024-09-06,70.98999786376953,71.66999816894531,70.88999938964844,71.13999938964844,67.64900207519531,17485700.0
2024-09-09,71.2300033569336,72.30999755859375,70.9800033569336,71.8499984741211,68.32415771484375,12939300.0
2024-09-10,71.97000122070312,72.41999816894531,71.5199966430664,71.55000305175781,68.03887939453125,10277600.0
2024-09-11,71.36000061035156,71.37000274658203,70.56999969482422,71.08000183105469,67.59194946289062,11418200.0
2024-09-12,71.0,71.37999725341797,70.66000366210938,71.2300033569336,67.7345962524414,12337800.0
2024-09-13,70.83999633789062,71.47000122070312,70.4800033569336,71.41000366210938,68.37129974365234,11073800.0
2024-09-16,71.7699966430664,72.23999786376953,71.62000274658203,72.0999984741211,69.03192901611328,10786500.0
2024-09-17,71.9000015258789,72.3499984741211,71.72000122070312,71.80000305175781,68.74470520019531,12974400.0
2024-09-18,71.88999938964844,72.37999725341797,71.2699966430664,71.75,68.69682312011719,10719700.0
2024-09-19,71.55999755859375,71.94000244140625,70.5999984741211,70.62000274658203,67.61490631103516,13635600.0
2024-09-20,70.41000366210938,71.80000305175781,70.37999725341797,71.63999938964844,68.59149932861328,48578500.0
2024-09-23,71.55000305175781,72.19999694824219,71.18000030517578,71.7300033569336,68.67768096923828,11613000.0
2024-09-24,71.22000122070312,71.81999969482422,70.5999984741211,71.33000183105469,68.29469299316406,13330600.0
2024-09-25,71.70999908447266,71.91999816894531,71.30999755859375,71.44999694824219,68.40959167480469,12329100.0
2024-09-26,70.86000061035156,71.61000061035156,70.83999633789062,71.4000015258789,68.3617172241211,10815200.0
2024-09-27,71.54000091552734,72.19999694824219,71.45999908447266,71.79000091552734,68.73512268066406,11175700.0
2024-09-30,72.0,72.19999694824219,71.69000244140625,71.86000061035156,68.80213928222656,18015300.0
2024-10-01,72.0999984741211,72.75,71.62999725341797,71.70999908447266,68.65852355957031,13294500.0
2024-10-02,71.38999938964844,71.43000030517578,70.41000366210938,71.01000213623047,67.98831176757812,11155500.0
2024-10-03,70.86000061035156,70.98999786376953,70.19999694824219,70.5199966430664,67.51915740966797,9374800.0
2024-10-04,69.95999908447266,70.27999877929688,69.72000122070312,70.16999816894531,67.18404388427734,12684800.0
2024-10-07,70.05000305175781,70.0999984741211,68.87000274658203,69.01000213623047,66.07342529296875,14512000.0
2024-10-08,69.04000091552734,69.44000244140625,68.86000061035156,69.18000030517578,66.2361831665039,13549700.0
2024-10-09,69.19000244140625,69.73999786376953,69.06999969482422,69.56999969482422,66.60958862304688,9037700.0
2024-10-10,69.83000183105469,69.91000366210938,68.98999786376953,69.25,66.30319213867188,8635200.0
2024-10-11,69.45999908447266,69.58999633789062,69.0,69.56999969482422,66.60958862304688,8786300.0
2024-10-14,69.56999969482422,70.47000122070312,69.47000122070312,70.33999633789062,67.3468246459961,7659300.0
2024-10-15,70.45999908447266,71.20999908447266,70.16000366210938,70.33999633789062,67.3468246459961,10358700.0
2024-10-16,70.08999633789062,70.69999694824219,69.97000122070312,70.56999969482422,67.56704711914062,7937300.0
2024-10-17,70.62999725341797,70.69000244140625,69.58000183105469,69.9000015258789,66.925537109375,14674600.0
2024-10-18,69.87000274658203,70.55000305175781,69.61000061035156,70.44000244140625,67.44257354736328,15087500.0
2024-10-21,70.0,70.33000183105469,69.30999755859375,69.44999694824219,66.49468994140625,11981200.0
2024-10-22,69.0,69.75,68.68000030517578,69.44999694824219,66.49468994140625,18603300.0
2024-10-23,66.98999786376953,68.69999694824219,66.58000183105469,68.01000213623047,65.11597442626953,24655200.0
2024-10-24,67.6500015258789,68.04000091552734,66.94999694824219,67.30000305175781,64.4361801147461,17568800.0
2024-10-25,67.06999969482422,67.69999694824219,66.79000091552734,66.91999816894531,64.07235717773438,11138100.0
2024-10-28,66.95999908447266,67.4000015258789,66.5999984741211,66.66999816894531,63.83298873901367,10761400.0
2024-10-29,66.29000091552734,66.33999633789062,65.5199966430664,65.55999755859375,62.770225524902344,16525900.0
2024-10-30,65.51000213623047,66.54000091552734,65.31999969482422,65.91999816894531,63.114906311035156,14177800.0
2024-10-31,65.80999755859375,65.98999786376953,65.26000213623047,65.30999755859375,62.530860900878906,13383700.0
2024-11-01,65.47000122070312,65.66000366210938,64.88999938964844,65.01000213623047,62.24363708496094,12163100.0
2024-11-04,65.08000183105469,65.41999816894531,64.6500015258789,65.11000061035156,62.33937454223633,10984500.0
2024-11-05,64.63999938964844,65.47000122070312,64.63999938964844,65.37000274658203,62.58831787109375,8780200.0
2024-11-06,64.41999816894531,64.86000061035156,63.18000030517578,63.70000076293945,60.989376068115234,22899300.0
2024-11-07,64.29000091552734,64.38999938964844,63.599998474121094,63.65999984741211,60.951080322265625,14856100.0
2024-11-08,63.90999984741211,64.23999786376953,63.7400016784668,63.91999816894531,61.20001220703125,14719300.0
2024-11-11,63.9900016784668,64.12000274658203,63.25,63.36000061035156,60.66384506225586,13980900.0
2024-11-12,63.68000030517578,63.75,63.119998931884766,63.20000076293945,60.510650634765625,15021000.0
2024-11-13,63.04999923706055,63.2599983215332,62.4900016784668,63.0,60.31916046142578,13177600.0
2024-11-14,63.11000061035156,63.11000061035156,62.43000030517578,62.54999923706055,59.8883056640625,15910800.0
2024-11-15,62.4900016784668,62.630001068115234,61.38999938964844,61.7400016784668,59.1127815246582,26284300.0
2024-11-18,61.849998474121094,62.13999938964844,61.560001373291016,61.86000061035156,59.22766876220703,16062100.0
2024-11-19,61.900001525878906,62.619998931884766,61.630001068115234,62.59000015258789,59.92660903930664,16254800.0
2024-11-20,62.70000076293945,63.0099983215332,62.02000045776367,62.9900016784668,60.30958938598633,18904900.0
2024-11-21,63.150001525878906,63.810001373291016,62.95000076293945,63.7599983215332,61.046817779541016,17292300.0
2024-11-22,64.23999786376953,64.4800033569336,63.650001525878906,63.91999816894531,61.20001220703125,19562200.0
2024-11-25,64.31999969482422,64.70999908447266,63.84000015258789,64.37999725341797,61.640438079833984,36805300.0
2024-11-26,64.30999755859375,64.63999938964844,64.05999755859375,64.55000305175781,61.80320358276367,14473300.0
2024-11-27,64.95999908447266,65.0999984741211,64.25,64.43000030517578,61.68831253051758,13263400.0
2024-11-28,64.95999908447266,65.0999984741211,64.25,64.43000030517578,61.68831253051758,13263400.0
2024-11-29,64.0199966430664,64.25,63.77000045776367,64.08000183105469,61.818546295166016,10648400.0
2024-12-02,64.05000305175781,64.19000244140625,63.349998474121094,63.650001525878906,61.40372085571289,16500100.0
2024-12-03,63.720001220703125,64.08000183105469,63.029998779296875,63.52000045776367,61.27830505371094,24874500.0
2024-12-04,63.279998779296875,63.349998474121094,61.900001525878906,62.209999084472656,60.01454162597656,28137700.0
2024-12-05,62.470001220703125,63.119998931884766,62.099998474121094,62.91999816894531,60.699485778808594,21040400.0
2024-12-06,62.83000183105469,63.36000061035156,62.5099983215332,62.529998779296875,60.323246002197266,15581100.0
2024-12-09,62.689998626708984,62.93000030517578,61.900001525878906,62.599998474121094,60.390777587890625,22348300.0
2024-12-10,62.70000076293945,63.040000915527344,61.790000915527344,62.90999984741211,60.68983840942383,14949400.0
2024-12-11,63.0,63.630001068115234,62.400001525878906,62.63999938964844,60.42936706542969,32819000.0
2024-12-12,63.54999923706055,63.91999816894531,63.220001220703125,63.84000015258789,61.58701705932617,17542100.0
2024-12-13,63.56999969482422,63.84000015258789,63.11000061035156,63.119998931884766,60.892425537109375,13429000.0
2024-12-16,63.22999954223633,63.86000061035156,62.349998474121094,62.54999923706055,60.3425407409668,24559700.0
2024-12-17,62.45000076293945,63.54999923706055,62.31999969482422,63.400001525878906,61.16254425048828,21902400.0
2024-12-18,62.810001373291016,63.63999938964844,62.790000915527344,62.849998474121094,60.63195037841797,20946100.0
2024-12-19,62.70000076293945,63.16999816894531,62.400001525878906,62.45000076293945,60.246070861816406,21300600.0
2024-12-20,62.470001220703125,63.060001373291016,62.279998779296875,62.54999923706055,60.3425407409668,42458100.0
2024-12-23,62.5,62.7599983215332,61.529998779296875,62.380001068115234,60.17854309082031,13010800.0
2024-12-24,62.20000076293945,62.84000015258789,62.0099983215332,62.84000015258789,60.62230682373047,5019100.0
2024-12-25,62.20000076293945,62.84000015258789,62.0099983215332,62.84000015258789,60.62230682373047,5019100.0
2024-12-26,62.619998931884766,62.7400016784668,62.400001525878906,62.56999969482422,60.36183166503906,7943800.0
2024-12-27,62.45000076293945,62.95000076293945,62.209999084472656,62.45000076293945,60.246070861816406,8542800.0
2024-12-30,62.34000015258789,62.34000015258789,61.68000030517578,62.029998779296875,59.84089279174805,8972200.0
2024-12-31,62.02000045776367,62.43000030517578,61.79999923706055,62.2599983215332,60.06277084350586,9256700.0
2025-01-01,62.02000045776367,62.43000030517578,61.79999923706055,62.2599983215332,60.06277084350586,9256700.0
2025-01-02,62.349998474121094,62.75,61.619998931884766,61.84000015258789,59.657596588134766,12991000.0
2025-01-03,61.900001525878906,62.08000183105469,61.619998931884766,61.75,59.57077407836914,10403200.0
2025-01-06,61.5,61.56999969482422,60.65999984741211,60.810001373291016,58.6639518737793,17924200.0
2025-01-07,61.11000061035156,61.720001220703125,60.619998931884766,60.84000015258789,58.692893981933594,17799600.0
2025-01-08,60.9900016784668,61.77000045776367,60.93000030517578,61.709999084472656,59.53218460083008,14412400.0
2025-01-09,60.9900016784668,61.77000045776367,60.93000030517578,61.709999084472656,59.53218460083008,14412400.0
2025-01-10,61.58000183105469,61.650001525878906,60.72999954223633,61.06999969482422,58.91476821899414,22425000.0
2025-01-13,61.130001068115234,61.849998474121094,60.709999084472656,61.650001525878906,59.474308013916016,18016200.0
2025-01-14,61.65999984741211,62.06999969482422,61.29999923706055,62.040000915527344,59.85054016113281,16658300.0
2025-01-15,62.33000183105469,62.619998931884766,61.68000030517578,61.77000045776367,59.59006881713867,16187200.0
2025-01-16,61.41999816894531,62.29999923706055,61.31999969482422,62.25,60.05312728881836,12585500.0
2025-01-17,62.310001373291016,62.77000045776367,62.16999816894531,62.709999084472656,60.49689483642578,17948900.0
2025-01-20,62.310001373291016,62.77000045776367,62.16999816894531,62.709999084472656,60.49689483642578,17948900.0
2025-01-21,62.900001525878906,63.22999954223633,62.29999923706055,62.41999816894531,60.21712875366211,19817100.0
2025-01-22,62.119998931884766,62.290000915527344,61.65999984741211,61.779998779296875,59.59971237182617,18191900.0
2025-01-23,61.79999923706055,61.97999954223633,61.369998931884766,61.529998779296875,59.35853576660156,16528400.0
2025-01-24,61.720001220703125,62.0099983215332,61.439998626708984,61.91999816894531,59.734771728515625,19244600.0
2025-01-27,62.869998931884766,64.18000030517578,62.470001220703125,63.869998931884766,61.61595916748047,20742900.0
2025-01-28,63.5099983215332,64.04000091552734,62.279998779296875,62.36000061035156,60.15925216674805,14956000.0
2025-01-29,62.560001373291016,63.36000061035156,62.54999923706055,62.83000183105469,60.6126594543457,11325600.0
2025-01-30,63.849998474121094,64.29000091552734,63.22999954223633,64.05000305175781,61.789608001708984,13201000.0
2025-01-31,63.70000076293945,63.93000030517578,63.38999938964844,63.47999954223633,61.239723205566406,12096800.0
2025-02-03,63.18000030517578,63.630001068115234,62.43000030517578,63.349998474121094,61.11430740356445,12067900.0
2025-02-04,63.61000061035156,63.630001068115234,62.349998474121094,62.66999816894531,60.45830154418945,15678000.0
2025-02-05,62.720001220703125,63.290000915527344,62.59000015258789,63.119998931884766,60.892425537109375,10686800.0
2025-02-06,63.619998931884766,63.7400016784668,62.90999984741211,63.36000061035156,61.12395477294922,13423400.0
2025-02-07,63.43000030517578,63.91999816894531,63.27000045776367,63.84000015258789,61.58701705932617,13184700.0
2025-02-10,64.0999984741211,64.6500015258789,63.65999984741211,64.55000305175781,62.27195739746094,16154300.0
2025-02-11,67.5,67.66999816894531,66.41000366210938,67.5999984741211,65.21431732177734,30589100.0
2025-02-12,66.87000274658203,68.81999969482422,66.87000274658203,68.70999908447266,66.28514862060547,26033800.0
2025-02-13,69.0,69.61000061035156,68.76000213623047,69.5,67.04727172851562,24393100.0
2025-02-14,69.36000061035156,70.02999877929688,68.76000213623047,68.87000274658203,66.43949890136719,20779100.0
2025-02-17,69.36000061035156,70.02999877929688,68.76000213623047,68.87000274658203,66.43949890136719,20779100.0
2025-02-18,68.55000305175781,69.37000274658203,68.41999816894531,69.05000305175781,66.61314392089844,15569100.0
2025-02-19,69.20999908447266,70.12999725341797,69.16999816894531,70.06999969482422,67.59715270996094,16032300.0
2025-02-20,69.70999908447266,70.06999969482422,69.41999816894531,70.04000091552734,67.56820678710938,13398000.0
2025-02-21,70.31999969482422,71.5999984741211,70.12999725341797,71.3499984741211,68.83198547363281,21662300.0
2025-02-24,70.83999633789062,71.7300033569336,70.33000183105469,70.58999633789062,68.09879302978516,21418400.0
2025-02-25,70.86000061035156,71.7699966430664,70.7300033569336,71.48999786376953,68.967041015625,21555600.0
2025-02-26,71.2699966430664,71.27999877929688,70.52999877929688,70.80000305175781,68.3013916015625,14531200.0
2025-02-27,70.72000122070312,71.54000091552734,70.41999816894531,70.87000274658203,68.3689193725586,16789500.0
2025-02-28,71.44999694824219,71.56999969482422,70.55999755859375,71.20999908447266,68.6969223022461,22167400.0
2025-03-03,70.23999786376953,72.36000061035156,69.7300033569336,72.31999969482422,69.76774597167969,21717600.0
2025-03-04,72.06999969482422,72.6500015258789,69.87999725341797,70.19000244140625,67.71292877197266,25411900.0
2025-03-05,69.9000015258789,70.73999786376953,69.83999633789062,70.08000183105469,67.60679626464844,23933600.0
2025-03-06,70.41000366210938,70.52999877929688,69.44999694824219,70.45999908447266,67.973388671875,21694000.0
2025-03-07,69.6500015258789,71.81999969482422,69.6500015258789,71.43000030517578,68.90914916992188,28393300.0
2025-03-10,71.95999908447266,73.22000122070312,71.31999969482422,71.44999694824219,68.92845153808594,25251200.0
2025-03-11,71.87999725341797,72.04000091552734,70.61000061035156,71.04000091552734,68.53292083740234,28076400.0
2025-03-12,70.37000274658203,70.7300033569336,69.73999786376953,69.94000244140625,67.47174835205078,18923300.0
2025-03-13,70.25,70.25,69.27999877929688,69.62000274658203,67.16304016113281,15746600.0
2025-03-14,68.51000213623047,69.26000213623047,68.37999725341797,69.16000366210938,67.21163177490234,14205100.0
2025-03-17,69.23999786376953,70.16999816894531,69.08000183105469,70.12000274658203,68.14457702636719,15634800.0
2025-03-18,70.11000061035156,70.19000244140625,69.30000305175781,69.37999725341797,67.42543029785156,12657600.0
2025-03-19,68.55000305175781,69.37999725341797,68.54000091552734,69.27999877929688,67.32823944091797,14780000.0
2025-03-20,69.30999755859375,69.80999755859375,69.08999633789062,69.70999908447266,67.74613189697266,16295300.0
2025-03-21,69.70999908447266,69.97000122070312,68.18000030517578,68.66999816894531,66.73543548583984,47479500.0
2025-03-24,68.80000305175781,69.08000183105469,68.33000183105469,68.94999694824219,67.00753784179688,12575400.0
2025-03-25,68.94999694824219,69.08000183105469,68.5999984741211,68.80999755859375,66.8714828491211,12513900.0
2025-03-26,68.91999816894531,70.3499984741211,68.9000015258789,70.0199966430664,68.04740142822266,14478200.0
2025-03-27,70.18000030517578,70.98999786376953,70.06999969482422,70.73999786376953,68.74711608886719,11663400.0
2025-03-28,70.80999755859375,71.31999969482422,69.52999877929688,70.37000274658203,68.38754272460938,17412900.0
2025-03-31,70.7300033569336,71.94000244140625,70.48999786376953,71.62000274658203,69.60233306884766,24016900.0
2025-04-01,71.68000030517578,71.91000366210938,71.19000244140625,71.87000274658203,69.84527587890625,15309100.0
2025-04-02,71.95999908447266,72.36000061035156,71.05000305175781,71.33000183105469,69.32048797607422,14606500.0
2025-04-03,72.4800033569336,73.94999694824219,72.31999969482422,73.18000030517578,71.11837768554688,24959600.0
2025-04-04,72.41999816894531,73.01000213623047,69.79000091552734,69.93000030517578,67.9599380493164,26517300.0
2025-04-07,66.2300033569336,69.37999725341797,66.05000305175781,68.37000274658203,66.44388580322266,34258400.0
2025-04-08,68.95999908447266,69.9800033569336,67.76000213623047,68.41999816894531,66.49246978759766,22774400.0
2025-04-09,67.91999816894531,70.47000122070312,67.27999877929688,69.94999694824219,67.97936248779297,27918700.0
2025-04-10,70.19000244140625,71.20999908447266,68.9800033569336,70.76000213623047,68.76654815673828,22450200.0
2025-04-11,70.91000366210938,71.8499984741211,70.54000091552734,71.43000030517578,69.41766357421875,19988200.0
2025-04-14,71.30000305175781,72.66000366210938,70.93000030517578,72.44999694824219,70.408935546875,13930200.0
2025-04-15,72.62000274658203,72.62999725341797,71.72000122070312,71.86000061035156,69.83555603027344,14965500.0
2025-04-16,72.36000061035156,72.66999816894531,71.38999938964844,71.68000030517578,69.66062927246094,15276200.0
2025-04-17,71.9000015258789,73.43000030517578,71.72000122070312,73.0,70.94344329833984,20754500.0
2025-04-18,71.9000015258789,73.43000030517578,71.72000122070312,73.0,70.94344329833984,20754500.0
2025-04-21,73.37999725341797,73.47000122070312,71.81999969482422,72.7699966430664,70.71990966796875,16037200.0
2025-04-22,73.0,74.37999725341797,72.91999816894531,73.9000015258789,71.8180923461914,15613500.0
2025-04-23,73.29000091552734,73.94999694824219,72.37999725341797,73.30000305175781,71.23499298095703,16353900.0
2025-04-24,73.0199966430664,73.43000030517578,72.30000305175781,72.5199966430664,70.47696685791016,16893900.0
2025-04-25,72.6500015258789,72.91999816894531,71.12999725341797,71.91000366210938,69.88416290283203,16316000.0
2025-04-28,72.08000183105469,72.26000213623047,71.30999755859375,71.79000091552734,69.76752471923828,15997500.0
2025-04-29,71.19000244140625,72.70999908447266,70.27999877929688,72.3499984741211,70.31175231933594,16244100.0
2025-04-30,73.3499984741211,73.4800033569336,71.69000244140625,72.55000305175781,70.5061264038086,21074700.0
2025-05-01,72.0,72.04000091552734,71.2300033569336,71.29000091552734,69.2816162109375,18034200.0
2025-05-02,71.5,71.81999969482422,71.0999984741211,71.6500015258789,69.63147735595703,12629600.0
2025-05-05,71.66999816894531,71.80000305175781,71.01000213623047,71.69999694824219,69.68006896972656,11932700.0
2025-05-06,71.68000030517578,71.9000015258789,71.16000366210938,71.72000122070312,69.69950103759766,12705500.0
2025-05-07,71.72000122070312,72.69000244140625,71.66999816894531,72.4000015258789,70.3603515625,15018200.0
2025-05-08,72.19999694824219,72.47000122070312,71.12999725341797,71.16999816894531,69.16499328613281,14371100.0
2025-05-09,70.98999786376953,71.1500015258789,70.45999908447266,70.5199966430664,68.53329467773438,11228900.0
2025-05-12,70.1500015258789,70.33000183105469,68.69999694824219,69.52999877929688,67.57119750976562,21539000.0
2025-05-13,69.58999633789062,69.69000244140625,68.87000274658203,68.95999908447266,67.01725769042969,14389100.0
2025-05-14,68.87999725341797,69.33999633789062,68.58000183105469,69.16000366210938,67.21163177490234,16286800.0
2025-05-15,69.69999694824219,71.7300033569336,69.5999984741211,71.61000061035156,69.59260559082031,19817100.0
2025-05-16,71.86000061035156,72.26000213623047,71.43000030517578,72.0,69.97161865234375,18441200.0
2025-05-19,72.02999877929688,72.16999816894531,71.63999938964844,71.93000030517578,69.9035873413086,13282800.0
2025-05-20,71.80000305175781,72.12999725341797,71.43000030517578,71.69000244140625,69.67034912109375,12137800.0
2025-05-21,71.69000244140625,72.08000183105469,71.58000183105469,71.8499984741211,69.82584381103516,12094400.0
2025-05-22,71.83999633789062,71.98999786376953,70.95999908447266,71.13999938964844,69.13584899902344,11101800.0
2025-05-23,71.54000091552734,71.9800033569336,70.69000244140625,71.7699966430664,69.74809265136719,12822100.0
2025-05-26,71.54000091552734,71.9800033569336,70.69000244140625,71.7699966430664,69.74809265136719,12822100.0
2025-05-27,71.73999786376953,72.22000122070312,71.55999755859375,71.77999877929688,69.75782012939453,10666100.0
2025-05-28,71.69999694824219,71.9000015258789,71.05000305175781,71.1500015258789,69.14555358886719,8710900.0
2025-05-29,71.0,71.66000366210938,70.45999908447266,71.48999786376953,69.47598266601562,10291100.0
2025-05-30,71.61000061035156,72.47000122070312,71.61000061035156,72.0999984741211,70.06879425048828,28019500.0
2025-06-02,72.02999877929688,72.04000091552734,71.36000061035156,72.0,69.97161865234375,10202700.0
2025-06-03,71.70999908447266,71.77999877929688,70.47000122070312,71.16000366210938,69.1552734375,20139800.0
2025-06-04,71.26000213623047,71.8499984741211,70.68000030517578,71.37000274658203,69.35936737060547,13565900.0
2025-06-05,71.37999725341797,71.45999908447266,70.83000183105469,70.91000366210938,68.91232299804688,13531400.0
2025-06-06,71.08000183105469,71.4800033569336,70.94000244140625,71.3499984741211,69.33993530273438,9524000.0
2025-06-09,71.3499984741211,71.83000183105469,71.08999633789062,71.7699966430664,69.74809265136719,12281300.0
2025-06-10,71.9000015258789,72.69000244140625,71.76000213623047,72.3499984741211,70.31175231933594,12265000.0
2025-06-11,72.2699966430664,72.36000061035156,71.76000213623047,72.06999969482422,70.03964233398438,12718500.0
2025-06-12,72.25,72.4000015258789,71.5999984741211,72.23999786376953,70.20484924316406,12806900.0
2025-06-13,71.7699966430664,71.87999725341797,70.7300033569336,71.0199966430664,69.50994873046875,17467200.0
2025-06-16,71.19999694824219,71.62000274658203,70.23999786376953,70.5199966430664,69.02057647705078,15045900.0
2025-06-17,70.37999725341797,70.45999908447266,69.58000183105469,69.62000274658203,68.13971710205078,15437000.0
2025-06-18,70.0,70.0,69.08999633789062,69.20999908447266,67.73843383789062,16227600.0
2025-06-19,70.0,70.0,69.08999633789062,69.20999908447266,67.73843383789062,16227600.0
2025-06-20,69.08999633789062,69.55999755859375,68.77999877929688,68.83999633789062,67.37629699707031,40859400.0
2025-06-23,69.13999938964844,69.80999755859375,68.97000122070312,69.73999786376953,68.25716400146484,21822800.0
2025-06-24,69.94000244140625,70.3499984741211,69.69000244140625,70.20999908447266,68.71717834472656,15216100.0
2025-06-25,69.93000030517578,70.0199966430664,69.43000030517578,69.62999725341797,68.14949798583984,12540400.0
2025-06-26,69.69999694824219,69.91999816894531,69.1500015258789,69.47000122070312,67.99291229248047,14454100.0
2025-06-27,69.58999633789062,70.55999755859375,69.47000122070312,70.33000183105469,68.83462524414062,23470700.0
2025-06-30,70.12999725341797,70.79000091552734,70.08999633789062,70.75,69.24568939208984,15429000.0
2025-07-01,70.98999786376953,72.44999694824219,70.9000015258789,71.66999816894531,70.14612579345703,21729300.0
2025-07-02,71.69000244140625,71.83000183105469,70.73999786376953,70.91000366210938,69.40229797363281,13050200.0
2025-07-03,71.04000091552734,71.4000015258789,70.44999694824219,71.3499984741211,69.83293914794922,9440500.0
2025-07-04,71.04000091552734,71.4000015258789,70.44999694824219,71.3499984741211,69.83293914794922,9440500.0
2025-07-07,71.37000274658203,71.37000274658203,70.80000305175781,71.01000213623047,69.50016784667969,16984700.0
2025-07-08,70.68000030517578,70.68000030517578,69.87999725341797,70.23999786376953,68.74652862548828,17115500.0
2025-07-09,70.16000366210938,70.25,68.97000122070312,69.4800033569336,68.00270080566406,33704100.0
2025-07-10,69.29000091552734,69.8499984741211,69.16000366210938,69.7699966430664,68.2865219116211,14608400.0
2025-07-11,69.56999969482422,70.16000366210938,69.25,69.87000274658203,68.38440704345703,12916700.0
2025-07-14,69.80000305175781,70.08000183105469,69.2699966430664,69.47000122070312,67.99291229248047,13983200.0
2025-07-15,69.51000213623047,69.55000305175781,69.1500015258789,69.36000061035156,67.88524627685547,12639800.0
2025-07-16,69.3499984741211,69.5,68.79000091552734,69.2699966430664,67.79714965820312,13178300.0
2025-07-17,69.80999755859375,70.69000244140625,69.51000213623047,70.58999633789062,69.0890884399414,20464700.0
2025-07-18,70.44000244140625,70.69999694824219,69.83000183105469,69.8499984741211,68.36483001708984,14928000.0
2025-07-21,70.19000244140625,70.62000274658203,69.93000030517578,70.06999969482422,68.58014678955078,17811700.0
2025-07-22,69.44999694824219,70.26000213623047,68.69000244140625,69.66000366210938,68.17887878417969,22339900.0
2025-07-23,69.66000366210938,69.73999786376953,68.5999984741211,69.16000366210938,67.68950653076172,21030000.0
2025-07-24,69.26000213623047,69.55000305175781,68.98999786376953,69.0999984741211,67.63077545166016,12511400.0
2025-07-25,69.12999725341797,69.2300033569336,68.75,69.16999816894531,67.69928741455078,12574800.0
2025-07-28,68.73999786376953,68.9000015258789,68.05999755859375,68.08999633789062,66.64224243164062,13668800.0
2025-07-29,68.33999633789062,69.41999816894531,68.1500015258789,69.37999725341797,67.90482330322266,16223400.0
2025-07-30,69.11000061035156,69.33000183105469,68.52999877929688,68.75,67.28822326660156,10448200.0
2025-07-31,68.1500015258789,68.6500015258789,67.73999786376953,67.88999938964844,66.44650268554688,17193400.0
2025-08-01,68.5999984741211,69.04000091552734,68.2699966430664,68.86000061035156,67.39588165283203,16107500.0
2025-08-04,68.72000122070312,69.08000183105469,68.30999755859375,68.95999908447266,67.4937515258789,10701500.0
2025-08-05,68.9000015258789,69.48999786376953,68.75,69.05000305175781,67.58184051513672,11993400.0
2025-08-06,69.12000274658203,69.80000305175781,68.62999725341797,69.51000213623047,68.03205871582031,10783000.0
2025-08-07,69.45999908447266,70.72000122070312,69.33000183105469,70.43000030517578,68.9324951171875,15790800.0
2025-08-08,70.36000061035156,70.87000274658203,70.08000183105469,70.33999633789062,68.84440612792969,9232700.0
2025-08-11,70.30000305175781,70.86000061035156,69.95999908447266,70.75,69.24568939208984,10909400.0
2025-08-12,70.81999969482422,71.05999755859375,70.22000122070312,70.70999908447266,69.20654296875,11061100.0
2025-08-13,70.69000244140625,70.7699966430664,70.2300033569336,70.45999908447266,68.96186065673828,10356500.0
2025-08-14,70.37999725341797,70.45999908447266,69.38999938964844,69.55000305175781,68.07120513916016,10722400.0
2025-08-15,69.73999786376953,70.38999938964844,69.56999969482422,69.91999816894531,68.43334197998047,12381100.0
2025-08-18,69.9800033569336,70.05000305175781,69.05000305175781,69.12999725341797,67.6601333618164,14094900.0
2025-08-19,69.30000305175781,70.22000122070312,69.23999786376953,70.12999725341797,68.63887023925781,13862200.0
2025-08-20,70.73999786376953,71.70999908447266,70.41000366210938,70.69999694824219,69.1967544555664,17530800.0
2025-08-21,70.5999984741211,70.91000366210938,70.33000183105469,70.66000366210938,69.15760803222656,8840400.0
2025-08-22,70.95999908447266,71.0199966430664,69.91999816894531,70.12999725341797,68.63887023925781,12999600.0
2025-08-25,70.11000061035156,70.2300033569336,68.72000122070312,68.93000030517578,67.46439361572266,13634600.0
2025-08-26,69.04000091552734,69.08000183105469,68.58000183105469,68.7300033569336,67.26864624023438,17964200.0
2025-08-27,68.81999969482422,68.87000274658203,68.47000122070312,68.83000183105469,67.36650848388672,11562700.0
2025-08-28,68.87999725341797,68.9000015258789,68.27999877929688,68.36000061035156,66.90650939941406,16209900.0
2025-08-29,68.66999816894531,69.13999938964844,68.43000030517578,68.98999786376953,67.52310943603516,14601100.0
2025-09-01,68.66999816894531,69.13999938964844,68.43000030517578,68.98999786376953,67.52310943603516,14601100.0
2025-09-02,68.95999908447266,69.33999633789062,68.26000213623047,69.05999755859375,67.59162139892578,24770100.0
2025-09-03,68.66000366210938,69.0999984741211,67.37000274658203,68.98999786376953,67.52310943603516,33581500.0
2025-09-04,69.11000061035156,69.45999908447266,68.11000061035156,68.25,66.7988510131836,16736000.0
2025-09-05,68.01000213623047,68.58000183105469,67.87000274658203,67.95999908447266,66.5150146484375,23978000.0
2025-09-08,67.86000061035156,67.87999725341797,67.16000366210938,67.43000030517578,65.99628448486328,21671700.0
2025-09-09,67.27999877929688,68.11000061035156,67.27999877929688,67.86000061035156,66.41714477539062,14120600.0
2025-09-10,67.79000091552734,68.08999633789062,67.20999908447266,67.81999969482422,66.37799072265625,16041900.0
2025-09-11,67.91999816894531,68.16999816894531,67.58000183105469,67.62000274658203,66.1822509765625,15128700.0
2025-09-12,67.5999984741211,67.72000122070312,66.94000244140625,67.01000213623047,65.58521270751953,18712400.0
2025-09-15,66.68000030517578,66.77999877929688,66.0999984741211,66.20999908447266,65.29920196533203,15986100.0
2025-09-16,66.3499984741211,66.51000213623047,66.05999755859375,66.23999786376953,65.32878875732422,18555900.0
2025-09-17,66.41000366210938,67.12999725341797,66.41000366210938,67.04000091552734,66.11778259277344,17372300.0
2025-09-18,66.80000305175781,67.04000091552734,66.3499984741211,66.45999908447266,65.54576110839844,17722900.0
2025-09-19,66.48999786376953,66.7300033569336,66.05000305175781,66.43000030517578,65.51617431640625,31192900.0
2025-09-22,66.16000366210938,66.58999633789062,66.08000183105469,66.20999908447266,65.29920196533203,13298700.0
2025-09-23,66.3499984741211,66.76000213623047,65.9000015258789,66.70999908447266,65.79232788085938,15072800.0
2025-09-24,66.41000366210938,66.77999877929688,65.95999908447266,66.44999694824219,65.53589630126953,14759300.0
2025-09-25,66.75,66.91999816894531,65.94999694824219,65.9800033569336,65.07237243652344,14395000.0
2025-09-26,66.06999969482422,66.33000183105469,65.5,65.66999816894531,64.7666244506836,17821600.0
2025-09-29,65.66999816894531,66.0999984741211,65.3499984741211,66.04000091552734,65.13153839111328,14818500.0
2025-09-30,66.06999969482422,66.63999938964844,65.95999908447266,66.31999969482422,65.40768432617188,13815000.0
2025-10-01,66.51000213623047,66.83000183105469,66.29000091552734,66.77999877929688,65.86136627197266,14877500.0
2025-10-02,66.52999877929688,66.6500015258789,65.86000061035156,66.0999984741211,65.19071197509766,14350700.0
2025-10-03,66.0999984741211,66.98999786376953,66.04000091552734,66.6500015258789,65.73314666748047,12249200.0
2025-10-06,66.48999786376953,66.5,65.83999633789062,66.0999984741211,65.19071197509766,14333300.0
2025-10-07,66.22000122070312,67.26000213623047,65.87000274658203,66.79000091552734,65.87122344970703,13328300.0
2025-10-08,66.66999816894531,66.87000274658203,66.05999755859375,66.12000274658203,65.21044158935547,12606700.0
2025-10-09,66.29000091552734,66.80000305175781,66.12000274658203,66.37000274658203,65.45700073242188,12705200.0
2025-10-10,66.5199966430664,67.4000015258789,66.37999725341797,67.04000091552734,66.11778259277344,17991700.0
2025-10-13,66.2300033569336,66.80000305175781,66.0,66.80000305175781,65.88108825683594,13690000.0
2025-10-14,66.87000274658203,67.56999969482422,66.75,67.51000213623047,66.5813217163086,14245600.0
2025-10-15,67.2699966430664,67.72000122070312,66.91999816894531,67.08000183105469,66.15723419189453,11193700.0
2025-10-16,67.18000030517578,68.11000061035156,67.16000366210938,67.58999633789062,66.66021728515625,15707200.0
2025-10-17,68.0,68.5,67.80000305175781,68.44000244140625,67.49852752685547,15541800.0
2025-10-20,68.43000030517578,68.63999938964844,67.91999816894531,68.44000244140625,67.49852752685547,17786800.0
2025-10-21,70.56999969482422,71.38999938964844,70.2300033569336,71.22000122070312,70.24028015136719,33651300.0
2025-10-22,71.36000061035156,71.62000274658203,70.51000213623047,70.80999755859375,69.8359146118164,18293000.0
2025-10-23,70.80999755859375,70.93000030517578,69.72000122070312,69.94000244140625,68.97789764404297,13989400.0
2025-10-24,69.91000366210938,70.05000305175781,69.6500015258789,69.70999908447266,68.75105285644531,15688200.0
2025-10-27,69.77999877929688,70.12000274658203,69.25,70.05999755859375,69.09623718261719,13800000.0
2025-10-28,70.05000305175781,70.9000015258789,69.94999694824219,70.16000366210938,69.19486999511719,12730500.0
2025-10-29,69.91999816894531,70.02999877929688,68.16000366210938,68.3499984741211,67.40975952148438,19789600.0
2025-10-30,68.44999694824219,69.29000091552734,68.38999938964844,68.9800033569336,68.03109741210938,14751700.0
2025-10-31,68.55000305175781,69.06999969482422,67.9000015258789,68.9000015258789,67.95219421386719,16742700.0
2025-11-03,68.80000305175781,68.88999938964844,67.66000366210938,67.97000122070312,67.03499603271484,15660400.0
2025-11-04,68.47000122070312,68.7300033569336,68.16000366210938,68.66000366210938,67.71550750732422,12743800.0
2025-11-05,68.66000366210938,68.83000183105469,68.18000030517578,68.51000213623047,67.56756591796875,12850100.0
2025-11-06,68.30000305175781,69.13999938964844,67.91999816894531,69.05999755859375,68.10999298095703,15906700.0
2025-11-07,69.80999755859375,70.87000274658203,69.41000366210938,70.55000305175781,69.57950592041016,25108300.0
2025-11-10,70.01000213623047,70.66000366210938,69.44000244140625,70.5199966430664,69.5499038696289,15318000.0
2025-11-11,70.9800033569336,71.75,70.66000366210938,71.61000061035156,70.62491607666016,16160200.0
2025-11-12,71.48999786376953,71.88999938964844,71.33999633789062,71.51000213623047,70.52629089355469,13612600.0
2025-11-13,71.41999816894531,71.66999816894531,71.0,71.06999969482422,70.09234619140625,14002800.0
2025-11-14,71.41000366210938,71.63999938964844,70.5999984741211,71.16000366210938,70.18110656738281,13172000.0
2025-11-17,71.19999694824219,71.52999877929688,70.62000274658203,70.68000030517578,69.70771026611328,14772300.0
2025-11-18,70.98999786376953,71.33999633789062,70.56999969482422,71.22000122070312,70.24028015136719,12838900.0
2025-11-19,71.19999694824219,71.44999694824219,70.80999755859375,71.11000061035156,70.13179779052734,12401500.0
2025-11-20,70.94999694824219,71.4800033569336,70.61000061035156,71.20999908447266,70.23042297363281,15396500.0
2025-11-21,71.68000030517578,73.19000244140625,71.48999786376953,72.94999694824219,71.94647979736328,26492500.0
2025-11-24,73.16000366210938,73.16000366210938,71.56999969482422,72.58999633789062,71.5914306640625,39818600.0
2025-11-25,72.80000305175781,72.93000030517578,72.13999938964844,72.61000061035156,71.61116790771484,17451200.0
2025-11-26,72.5999984741211,73.08999633789062,72.38999938964844,72.87999725341797,71.87744903564453,11795100.0
2025-11-27,72.5999984741211,73.08999633789062,72.38999938964844,72.87999725341797,71.87744903564453,11795100.0
2025-11-28,73.0,73.2300033569336,72.76000213623047,73.12000274658203,72.11414337158203,7423000.0
2025-12-01,72.5999984741211,72.91000366210938,71.93000030517578,71.94999694824219,71.45864868164062,14388100.0
2025-12-02,71.80000305175781,71.80000305175781,70.43000030517578,70.66999816894531,70.18739318847656,19871300.0
2025-12-03,70.87999725341797,71.4000015258789,70.61000061035156,70.80999755859375,70.32643127441406,17001700.0
2025-12-04,70.83000183105469,71.33999633789062,70.37000274658203,70.44999694824219,69.9688949584961,17710000.0
2025-12-05,70.31999969482422,70.70999908447266,69.87000274658203,70.0,69.52196502685547,13978200.0
2025-12-08,69.83999633789062,70.37999725341797,69.48999786376953,70.25,69.770263671875,17775100.0
2025-12-09,70.37000274658203,70.62999725341797,69.83000183105469,70.08999633789062,69.6113510131836,13010600.0
2025-12-10,70.38999938964844,70.52999877929688,69.77999877929688,70.20999908447266,69.73052978515625,29789400.0
2025-12-11,70.55000305175781,70.69000244140625,68.79000091552734,69.11000061035156,68.63804626464844,23124200.0
2025-12-12,69.11000061035156,70.62000274658203,69.04000091552734,70.5199966430664,70.03841400146484,18444500.0
2025-12-15,70.43000030517578,71.31999969482422,70.31999969482422,70.97000122070312,70.48534393310547,18660100.0
2025-12-16,71.30000305175781,71.30000305175781,70.31999969482422,70.37000274658203,69.88944244384766,17370000.0
2025-12-17,70.56999969482422,70.91999816894531,70.30999755859375,70.66999816894531,70.18739318847656,13672700.0
2025-12-18,70.2699966430664,70.80000305175781,70.16999816894531,70.36000061035156,69.87950897216797,15524800.0
2025-12-19,70.05999755859375,70.7699966430664,70.02999877929688,70.05999755859375,69.58155822753906,36911100.0
2025-12-22,69.93000030517578,70.22000122070312,69.66000366210938,70.20999908447266,69.73052978515625,12828500.0
2025-12-23,70.19999694824219,70.26000213623047,69.69000244140625,69.87000274658203,69.39286041259766,9471000.0
2025-12-24,69.9000015258789,70.16000366210938,69.75,70.11000061035156,69.63121795654297,4515300.0
2025-12-25,69.9000015258789,70.16000366210938,69.75,70.11000061035156,69.63121795654297,4515300.0
2025-12-26,69.94999694824219,70.16000366210938,69.7300033569336,69.87000274658203,69.39286041259766,5711400.0
2025-12-29,70.0,70.41999816894531,69.8499984741211,70.16000366210938,69.68087768554688,9686900.0
2025-12-30,70.0,70.23999786376953,69.80000305175781,70.06999969482422,69.59149169921875,8610900.0
2025-12-31,70.06999969482422,70.16000366210938,69.87999725341797,69.91000366210938,69.43258666992188,8127800.0
2026-01-01,70.06999969482422,70.16000366210938,69.87999725341797,69.91000366210938,69.43258666992188,8127800.0
2026-01-02,69.8499984741211,69.87000274658203,68.9800033569336,69.12000274658203,68.64797973632812,12151300.0
2026-01-05,68.91999816894531,68.91999816894531,67.91999816894531,67.94000244140625,67.47603607177734,21186600.0
2026-01-06,68.01000213623047,68.25,67.58999633789062,67.83999633789062,67.37671661376953,21019900.0
2026-01-07,67.98999786376953,68.06999969482422,67.2699966430664,67.54000091552734,67.07876586914062,20223400.0
2026-01-08,67.54000091552734,69.45999908447266,67.44999694824219,69.37000274658203,68.89627075195312,19237000.0
2026-01-09,69.43000030517578,70.66000366210938,69.12000274658203,70.51000213623047,70.02848815917969,19638600.0
2026-01-12,70.9000015258789,70.97000122070312,70.23999786376953,70.5,70.0185546875,20582500.0
2026-01-13,70.41999816894531,71.23999786376953,70.2699966430664,71.23999786376953,70.75350189208984,18324800.0
2026-01-14,71.16999816894531,71.70999908447266,70.80999755859375,71.44000244140625,70.95214080810547,16739100.0
2026-01-15,71.58999633789062,71.5999984741211,70.37000274658203,70.4800033569336,69.99869537353516,15464100.0
2026-01-16,70.29000091552734,70.73999786376953,70.04000091552734,70.44000244140625,69.95896911621094,20027500.0
2026-01-19,70.29000091552734,70.73999786376953,70.04000091552734,70.44000244140625,69.95896911621094,20027500.0
2026-01-20,70.0,71.77999877929688,69.79000091552734,71.75,71.26001739501953,22152200.0
2026-01-21,71.9800033569336,72.23999786376953,70.83000183105469,72.01000213623047,71.51824188232422,21660600.0
2026-01-22,71.83000183105469,72.04000091552734,71.44000244140625,71.87000274658203,71.37920379638672,13962800.0
2026-01-23,72.0199966430664,73.05999755859375,71.77999877929688,72.87999725341797,72.3823013305664,18307100.0
2026-01-26,72.86000061035156,73.30000305175781,72.54000091552734,72.55999755859375,72.06448364257812,14017400.0
2026-01-27,72.44000244140625,73.55999755859375,72.2699966430664,73.55000305175781,73.0477294921875,13239200.0
2026-01-28,73.20999908447266,73.62000274658203,72.56999969482422,73.05999755859375,72.56106567382812,14633700.0
2026-01-29,73.18000030517578,74.08999633789062,73.13999938964844,73.43000030517578,72.92854309082031,20862100.0
2026-01-30,73.70999908447266,74.9000015258789,73.54000091552734,74.80999755859375,74.29911804199219,26420500.0
2026-02-02,75.01000213623047,75.69999694824219,74.4000015258789,75.33000183105469,74.8155746459961,19301500.0
2026-02-03,75.2699966430664,77.5,75.12999725341797,76.88999938964844,76.36491394042969,27007100.0
2026-02-04,77.2699966430664,78.11000061035156,77.08000183105469,77.3499984741211,76.82176971435547,28607300.0
2026-02-05,77.81999969482422,78.86000061035156,77.58999633789062,78.51000213623047,77.9738540649414,21633500.0
2026-02-06,78.5,79.19999694824219,78.26000213623047,79.02999877929688,78.49030303955078,18512400.0
2026-02-09,78.66999816894531,79.11000061035156,77.54000091552734,77.97000122070312,77.43754577636719,23415600.0
2026-02-10,76.62999725341797,77.51000213623047,76.01000213623047,76.80999755859375,76.28546142578125,28848200.0
2026-02-11,76.87999725341797,79.05000305175781,76.58000183105469,78.5999984741211,78.06324005126953,22649700.0
2026-02-12,78.9800033569336,80.41000366210938,78.79000091552734,79.0,78.46051025390625,26043500.0
2026-02-13,78.44999694824219,79.4000015258789,78.12999725341797,78.68000030517578,78.14269256591797,16711900.0
2026-02-16,78.44999694824219,79.4000015258789,78.12999725341797,78.68000030517578,78.14269256591797,16711900.0
2026-02-17,78.98999786376953,79.63999938964844,78.73999786376953,79.55999755859375,79.01667785644531,16260200.0
2026-02-18,79.5,79.83999633789062,78.91999816894531,79.48999786376953,78.94715881347656,16304900.0
2026-02-19,79.45999908447266,79.66999816894531,78.58999633789062,78.91000366210938,78.37112426757812,14924700.0
2026-02-20,79.33000183105469,79.83999633789062,78.88999938964844,79.83999633789062,79.29476928710938,17175100.0
2026-02-23,79.5199966430664,80.8499984741211,79.5,80.55999755859375,80.00984954833984,17157700.0
2026-02-24,80.54000091552734,81.08999633789062,79.8499984741211,80.72000122070312,80.16876220703125,16448500.0
2026-02-25,80.4000015258789,80.69000244140625,79.55999755859375,80.47000122070312,79.92047119140625,18086900.0
2026-02-26,80.75,80.88999938964844,80.0199966430664,80.5,79.95026397705078,12843200.0
2026-02-27,80.94000244140625,82.0,80.81999969482422,81.55999755859375,81.00302124023438,28483500.0
2026-03-02,81.25,81.4000015258789,80.1500015258789,80.22000122070312,79.67218017578125,18137200.0
2026-03-03,79.86000061035156,80.08000183105469,78.55999755859375,79.33999633789062,78.79817962646484,20549300.0
2026-03-04,79.29000091552734,79.47000122070312,77.75,78.0999984741211,77.566650390625,21011800.0
2026-03-05,77.68000030517578,77.72000122070312,76.5,77.02999877929688,76.50395965576172,23165700.0
2026-03-06,76.80000305175781,77.19000244140625,76.3499984741211,77.04000091552734,76.5138931274414,15516000.0
2026-03-09,76.62000274658203,78.06999969482422,76.52999877929688,77.80000305175781,77.26870727539062,18554100.0
2026-03-10,77.4800033569336,78.41000366210938,77.0999984741211,77.87999725341797,77.34815216064453,17243900.0
2026-03-11,77.70999908447266,77.70999908447266,76.5999984741211,77.62999725341797,77.09986114501953,11546800.0
2026-03-12,77.41999816894531,78.16000366210938,76.9000015258789,77.61000061035156,77.08000183105469,16842200.0
2026-03-13,77.47000122070312,78.05000305175781,77.19000244140625,77.33999633789062,77.33999633789062,11974500.0
2026-03-16,78.0,78.43000030517578,77.73999786376953,77.81999969482422,77.81999969482422,11761200.0
2026-03-17,78.0,78.30000305175781,77.44999694824219,77.58000183105469,77.58000183105469,14900100.0
2026-03-18,77.08000183105469,77.12999725341797,75.8499984741211,75.97000122070312,75.97000122070312,13134600.0
2026-03-19,76.0,76.44999694824219,75.52999877929688,75.55000305175781,75.55000305175781,13023300.0
2026-03-20,75.56999969482422,76.05000305175781,74.38999938964844,74.75,74.75,33298700.0
2026-03-23,75.33999633789062,75.44999694824219,74.55000305175781,75.11000061035156,75.11000061035156,15054900.0
2026-03-24,74.86000061035156,75.69000244140625,74.62999725341797,74.66999816894531,74.66999816894531,15653700.0
2026-03-25,74.58999633789062,75.6500015258789,74.06999969482422,75.25,75.25,14787900.0
2026-03-26,75.19000244140625,75.75,74.6500015258789,74.69000244140625,74.69000244140625,11202100.0
2026-03-27,74.81999969482422,76.05000305175781,74.69999694824219,75.70999908447266,75.70999908447266,17461000.0
2026-03-30,75.93000030517578,77.0,75.72000122070312,76.2699966430664,76.2699966430664,18502800.0
2026-03-31,76.52999877929688,77.0199966430664,75.51000213623047,76.05000305175781,76.05000305175781,18301800.0
2026-04-01,76.1500015258789,76.36000061035156,75.26000213623047,76.08000183105469,76.08000183105469,15834300.0
2026-04-02,76.58000183105469,76.95999908447266,76.12000274658203,76.72000122070312,76.72000122070312,14573400.0
2026-04-03,76.58000183105469,76.95999908447266,76.12000274658203,76.72000122070312,76.72000122070312,14573400.0
2026-04-06,76.63999938964844,77.27999877929688,76.22000122070312,77.22000122070312,77.22000122070312,8259900.0
2026-04-07,77.19999694824219,77.5999984741211,75.62999725341797,75.91000366210938,75.91000366210938,12769200.0
2026-04-08,75.80999755859375,77.37000274658203,75.31999969482422,77.29000091552734,77.29000091552734,12331300.0
2026-04-09,76.6500015258789,78.29000091552734,76.37000274658203,78.18000030517578,78.18000030517578,14311000.0
2026-04-10,77.9800033569336,78.16999816894531,77.30999755859375,77.47000122070312,77.47000122070312,11081400.0
2026-04-13,77.31999969482422,77.44999694824219,75.83000183105469,76.41000366210938,76.41000366210938,12696200.0
2026-04-14,75.97000122070312,76.62000274658203,75.80000305175781,75.9000015258789,75.9000015258789,12397600.0
2026-04-15,75.73999786376953,75.73999786376953,74.72000122070312,75.30999755859375,75.30999755859375,16212100.0
2026-04-16,75.02999877929688,75.83999633789062,74.9000015258789,75.18000030517578,75.18000030517578,11501900.0
2026-04-17,74.94999694824219,76.05999755859375,74.80000305175781,75.73999786376953,75.73999786376953,15033900.0
2026-04-20,75.81999969482422,76.22000122070312,75.36000061035156,75.4800033569336,75.4800033569336,10141800.0
2026-04-21,75.4800033569336,75.52999877929688,74.62000274658203,74.69999694824219,74.69999694824219,11806900.0
2026-04-22,74.9000015258789,75.37999725341797,74.55000305175781,74.62999725341797,74.62999725341797,9352300.0
2026-04-23,75.44000244140625,76.66000366210938,75.16000366210938,76.27999877929688,76.27999877929688,12060300.0
2026-04-24,76.70999908447266,77.01000213623047,76.16999816894531,76.62999725341797,76.62999725341797,12008700.0
2026-04-27,76.70999908447266,76.70999908447266,75.4000015258789,75.44000244140625,75.44000244140625,15812200.0
2026-04-28,79.5199966430664,80.31999969482422,78.08000183105469,78.3499984741211,78.3499984741211,30710700.0
2026-04-29,78.37000274658203,79.27999877929688,78.19000244140625,78.87000274658203,78.87000274658203,18294700.0
2026-04-30,78.80000305175781,79.12000274658203,78.33000183105469,78.76000213623047,78.76000213623047,15142200.0
2026-05-01,79.29000091552734,79.63999938964844,78.04000091552734,78.58000183105469,78.58000183105469,12610400.0
2026-05-04,78.05999755859375,78.7699966430664,77.7300033569336,78.19000244140625,78.19000244140625,12672400.0
2026-05-05,78.19000244140625,78.77999877929688,77.73999786376953,78.4800033569336,78.4800033569336,11637500.0
2026-05-06,78.77999877929688,79.33000183105469,78.56999969482422,79.2300033569336,79.2300033569336,14060300.0
2026-05-07,78.79000091552734,79.1500015258789,78.0999984741211,78.43000030517578,78.43000030517578,16531400.0
2026-05-08,78.56999969482422,79.19999694824219,78.12000274658203,78.41999816894531,78.41999816894531,12447200.0
2026-05-11,78.16000366210938,78.7300033569336,77.83999633789062,78.66000366210938,78.66000366210938,10967900.0
2026-05-12,79.0,80.31999969482422,78.27999877929688,80.02999877929688,80.02999877929688,19883100.0
2026-05-13,79.87000274658203,81.02999877929688,79.83999633789062,80.26000213623047,80.26000213623047,12357000.0
2026-05-14,80.7300033569336,80.91999816894531,79.91000366210938,80.44999694824219,80.44999694824219,10642000.0
2026-05-15,81.36000061035156,81.36000061035156,80.44999694824219,80.81999969482422,80.81999969482422,17527200.0
2026-05-18,80.87000274658203,81.38999938964844,80.38999938964844,81.19999694824219,81.19999694824219,12375500.0
2026-05-19,81.41000366210938,82.66000366210938,81.26000213623047,81.91999816894531,81.91999816894531,16595200.0
2026-05-20,82.16999816894531,82.4000015258789,81.5199966430664,81.55000305175781,81.55000305175781,16999700.0
2026-05-21,81.79000091552734,81.80000305175781,80.72000122070312,81.16999816894531,81.16999816894531,15708400.0
2026-05-22,81.18000030517578,81.68000030517578,80.91999816894531,81.4800033569336,81.4800033569336,8240200.0
2026-05-25,81.18000030517578,81.68000030517578,80.91999816894531,81.4800033569336,81.4800033569336,8240200.0
2026-05-26,80.83999633789062,81.5999984741211,80.23999786376953,80.45999908447266,80.45999908447266,13004200.0
2026-05-27,81.0999984741211,82.51000213623047,80.80000305175781,81.62000274658203,81.62000274658203,13209600.0
2026-05-28,81.31999969482422,81.76000213623047,80.33999633789062,80.41000366210938,80.41000366210938,14691400.0
2026-05-29,80.04000091552734,80.33000183105469,78.91000366210938,79.01000213623047,79.01000213623047,32477000.0
2026-06-01,78.58000183105469,79.19999694824219,78.43000030517578,78.63999938964844,78.63999938964844,12776300.0
2026-06-02,78.87999725341797,79.19999694824219,78.25,78.41000366210938,78.41000366210938,12533200.0
2026-06-03,78.29000091552734,79.02999877929688,78.11000061035156,78.76000213623047,78.76000213623047,14948800.0
2026-06-04,79.77999877929688,80.04000091552734,77.47000122070312,77.52310180664062,77.52310180664062,7084593.0
