Date,Open,High,Low,Close,Adj Close,Volume
2021-05-24,74.7699966430664,74.87999725341797,73.91999816894531,74.02999877929688,65.04290008544922,6746900
2021-05-25,74.0199966430664,74.0199966430664,73.1500015258789,73.37000274658203,64.46304321289062,7440600
2021-05-26,73.4000015258789,73.80999755859375,73.05000305175781,73.47000122070312,64.55089569091797,7408800
2021-05-27,73.62000274658203,73.80999755859375,72.80000305175781,73.0,64.137939453125,10956100
2021-05-28,73.5999984741211,74.2300033569336,73.19000244140625,73.22000122070312,64.33123779296875,9177500
2021-06-01,73.4000015258789,73.4000015258789,72.04000091552734,72.12000274658203,63.69972610473633,9056100
2021-06-02,72.08000183105469,73.16999816894531,71.81999969482422,72.70999908447266,64.2208251953125,6421000
2021-06-03,72.0199966430664,72.9800033569336,72.0199966430664,72.37000274658203,63.9205436706543,8871500
2021-06-04,72.68000030517578,72.88999938964844,72.26000213623047,72.33999633789062,63.89401626586914,6586300
2021-06-07,72.56999969482422,72.94999694824219,72.11000061035156,72.47000122070312,64.00887298583984,5988500
2021-06-08,72.91999816894531,73.11000061035156,71.70999908447266,72.13999938964844,63.71738052368164,5803000
2021-06-09,72.37000274658203,72.9000015258789,72.06999969482422,72.44999694824219,63.991188049316406,6660400
2021-06-10,72.33999633789062,73.55000305175781,72.16999816894531,73.51000213623047,64.92742919921875,8203300
2021-06-11,73.5999984741211,73.5999984741211,72.91999816894531,73.48999786376953,64.9097671508789,4548400
2021-06-14,73.61000061035156,73.94000244140625,73.02999877929688,73.30999755859375,64.75077819824219,4991900
2021-06-15,73.41999816894531,74.06999969482422,73.06999969482422,73.43000030517578,64.85677337646484,7770300
2021-06-16,74.0,74.58999633789062,73.11000061035156,73.30000305175781,64.74195861816406,9646200
2021-06-17,73.33999633789062,74.97000122070312,73.0199966430664,74.58000183105469,65.87251281738281,10553800
2021-06-18,74.44000244140625,74.91999816894531,73.02999877929688,73.27999877929688,64.72428131103516,17539000
2021-06-21,73.69000244140625,74.52999877929688,72.62000274658203,74.33000183105469,65.65168762207031,6499700
2021-06-22,74.18000030517578,74.73999786376953,74.08000183105469,74.11000061035156,65.4573745727539,5513100
2021-06-23,74.12000274658203,74.30999755859375,73.01000213623047,73.3499984741211,64.7861099243164,6079700
2021-06-24,73.4800033569336,73.58999633789062,72.58999633789062,72.87999725341797,64.3709716796875,7925200
2021-06-25,73.22000122070312,73.95999908447266,73.20999908447266,73.86000061035156,65.23655700683594,6676800
2021-06-28,74.7699966430664,75.8499984741211,74.62999725341797,75.1500015258789,66.3759536743164,8444300
2021-06-29,74.75,75.6500015258789,74.02999877929688,74.08000183105469,65.4308853149414,6477400
2021-06-30,74.2699966430664,74.48999786376953,73.06999969482422,73.27999877929688,64.72428131103516,8672600
2021-07-01,73.30000305175781,74.4800033569336,73.08000183105469,74.19000244140625,65.5280532836914,6423000
2021-07-02,74.33000183105469,74.44000244140625,73.72000122070312,74.27999877929688,65.60752868652344,4282300
2021-07-06,74.51000213623047,75.16999816894531,74.04000091552734,75.12999725341797,66.35828399658203,6957200
2021-07-07,75.26000213623047,75.61000061035156,74.8499984741211,75.33000183105469,66.53494262695312,5661800
2021-07-08,74.62000274658203,76.0199966430664,74.41999816894531,75.12999725341797,66.35828399658203,5881400
2021-07-09,75.0,75.41999816894531,74.27999877929688,74.98999786376953,66.23462677001953,5592800
2021-07-12,75.19999694824219,75.48999786376953,74.37999725341797,75.08999633789062,66.32295989990234,5743500
2021-07-13,75.0999984741211,75.76000213623047,74.62999725341797,74.86000061035156,66.11981201171875,5165500
2021-07-14,75.0,76.16999816894531,74.63999938964844,75.69999694824219,66.86174011230469,6956100
2021-07-15,75.66000366210938,76.87999725341797,75.19000244140625,76.81999969482422,67.8509750366211,7638200
2021-07-16,76.87000274658203,78.3499984741211,76.87000274658203,77.91999816894531,68.8225326538086,9088000
2021-07-19,77.43000030517578,78.37999725341797,76.0199966430664,76.98999786376953,68.0011215209961,9891800
2021-07-20,77.0199966430664,77.69999694824219,76.86000061035156,77.16999816894531,68.16011047363281,6562000
2021-07-21,77.16999816894531,77.27999877929688,75.80999755859375,75.87999725341797,67.0207290649414,8931900
2021-07-22,75.98999786376953,76.6500015258789,75.88999938964844,76.12000274658203,67.23272705078125,5534800
2021-07-23,76.52999877929688,77.41000366210938,75.91999816894531,77.19999694824219,68.18659973144531,4953500
2021-07-26,76.79000091552734,77.13999938964844,76.44000244140625,76.91000366210938,67.93045806884766,6014000
2021-07-27,76.87999725341797,77.9800033569336,76.11000061035156,77.86000061035156,68.76954650878906,7592100
2021-07-28,77.88999938964844,78.33000183105469,77.22000122070312,77.8499984741211,68.7607192993164,5177500
2021-07-29,78.0,78.4000015258789,77.62000274658203,78.16000366210938,69.0345458984375,4141900
2021-07-30,77.9800033569336,78.8499984741211,77.73999786376953,77.9000015258789,68.80487823486328,5488900
2021-08-02,78.47000122070312,78.91000366210938,78.12999725341797,78.80999755859375,69.60863494873047,7520700
2021-08-03,78.75,79.8499984741211,78.37000274658203,79.41999816894531,70.14742279052734,6249400
2021-08-04,79.36000061035156,80.0,78.7699966430664,79.87000274658203,70.54488372802734,8050200
2021-08-05,79.79000091552734,80.62000274658203,79.52999877929688,80.48999786376953,71.09247589111328,6283700
2021-08-06,80.48999786376953,81.0,80.05999755859375,80.61000061035156,71.19847869873047,4634300
2021-08-09,80.95999908447266,81.13999938964844,80.12000274658203,80.55999755859375,71.15431213378906,5621600
2021-08-10,80.68000030517578,80.80999755859375,80.19999694824219,80.52999877929688,71.12781524658203,4506800
2021-08-11,81.13999938964844,83.41000366210938,80.97000122070312,82.37000274658203,72.75300598144531,9419300
2021-08-12,82.0199966430664,83.12999725341797,81.83000183105469,83.0,73.30944061279297,6762800
2021-08-13,83.25,83.55000305175781,82.83000183105469,83.44999694824219,73.7068862915039,3999500
2021-08-16,83.44999694824219,84.43000030517578,83.1500015258789,83.94999694824219,74.14851379394531,8579700
2021-08-17,83.5999984741211,84.0,83.12000274658203,83.95999908447266,74.1573486328125,5257000
2021-08-18,84.2300033569336,84.95999908447266,83.88999938964844,84.41999816894531,74.56364440917969,9511700
2021-08-19,83.97000122070312,85.0999984741211,83.91999816894531,84.55000305175781,74.67847442626953,6968000
2021-08-20,84.54000091552734,86.43000030517578,84.0199966430664,86.27999877929688,76.20648956298828,7589700
2021-08-23,85.80999755859375,86.08000183105469,84.01000213623047,84.4000015258789,74.54598236083984,8837100
2021-08-24,84.2300033569336,84.4800033569336,83.41000366210938,84.13999938964844,74.31632995605469,5786100
2021-08-25,84.13999938964844,84.86000061035156,83.58000183105469,84.52999877929688,74.66079711914062,5930000
2021-08-26,84.11000061035156,84.19000244140625,83.66999816894531,83.80999755859375,74.36354064941406,5294000
2021-08-27,83.94000244140625,84.19000244140625,83.33999633789062,83.41000366210938,74.00865173339844,5974200
2021-08-30,83.26000213623047,84.25,83.01000213623047,83.94999694824219,74.48777770996094,6001700
2021-08-31,83.81999969482422,84.44000244140625,83.51000213623047,83.98999786376953,74.52327728271484,6844000
2021-09-01,84.1500015258789,85.76000213623047,84.05999755859375,85.33999633789062,75.72111511230469,5862300
2021-09-02,85.41999816894531,86.51000213623047,85.41999816894531,86.4800033569336,76.73262023925781,5214000
2021-09-03,85.76000213623047,86.30999755859375,85.37999725341797,85.69000244140625,76.03166961669922,4621100
2021-09-07,85.44000244140625,85.48999786376953,84.47000122070312,85.02999877929688,75.446044921875,6791300
2021-09-08,85.12000274658203,86.97000122070312,84.79000091552734,86.44000244140625,76.69713592529297,6230100
2021-09-09,86.29000091552734,86.66999816894531,85.75,85.83999633789062,76.16474151611328,4108300
2021-09-10,85.97000122070312,85.97000122070312,84.5999984741211,84.93000030517578,75.3573226928711,5508000
2021-09-13,85.88999938964844,85.94000244140625,84.38999938964844,84.58000183105469,75.04678344726562,6498800
2021-09-14,84.79000091552734,85.19000244140625,84.44999694824219,84.63999938964844,75.0999984741211,4658200
2021-09-15,84.33000183105469,85.13999938964844,84.05999755859375,84.61000061035156,75.07339477539062,5707000
2021-09-16,84.4800033569336,84.97000122070312,83.66000366210938,84.0,74.53215026855469,5380600
2021-09-17,83.4000015258789,83.93000030517578,81.55000305175781,81.63999938964844,72.43816375732422,15390400
2021-09-20,81.54000091552734,82.54000091552734,80.66000366210938,81.69000244140625,72.48251342773438,8994100
2021-09-21,81.93000030517578,82.86000061035156,81.7300033569336,81.91999816894531,72.68658447265625,6450700
2021-09-22,82.08999633789062,82.91000366210938,81.56999969482422,81.9000015258789,72.6688461303711,5662200
2021-09-23,82.18000030517578,82.37999725341797,81.13999938964844,81.2699966430664,72.10984802246094,6414300
2021-09-24,81.23999786376953,81.7300033569336,80.48999786376953,80.69999694824219,71.60409545898438,6113800
2021-09-27,80.01000213623047,80.79000091552734,78.55000305175781,78.76000213623047,69.88275146484375,8600900
2021-09-28,78.4800033569336,78.58999633789062,77.01000213623047,77.2699966430664,68.56069946289062,9257400
2021-09-29,77.62000274658203,79.02999877929688,77.44999694824219,78.3499984741211,69.51897430419922,7496100
2021-09-30,78.83999633789062,79.41000366210938,77.9000015258789,78.5199966430664,69.66979217529297,10186800
2021-10-01,79.0199966430664,79.58999633789062,78.0199966430664,79.20999908447266,70.28204345703125,7961100
2021-10-04,79.05000305175781,79.91999816894531,78.51000213623047,79.36000061035156,70.4151382446289,6027800
2021-10-05,79.43000030517578,79.9000015258789,79.08999633789062,79.4800033569336,70.52159881591797,5434600
2021-10-06,79.26000213623047,81.29000091552734,78.6500015258789,81.18000030517578,72.02999114990234,6876200
2021-10-07,81.4800033569336,82.61000061035156,80.79000091552734,80.91999816894531,71.79930877685547,5753200
2021-10-08,81.01000213623047,81.02999877929688,80.1500015258789,80.20999908447266,71.1693344116211,3592900
2021-10-11,79.19999694824219,79.36000061035156,77.73999786376953,77.83000183105469,69.0575942993164,8798700
2021-10-12,78.0999984741211,79.18000030517578,77.56999969482422,78.87000274658203,69.98035430908203,7791200
2021-10-13,79.04000091552734,80.36000061035156,78.58999633789062,80.19000244140625,71.1515884399414,6260100
2021-10-14,80.36000061035156,81.8499984741211,80.20999908447266,81.45999908447266,72.2784423828125,6486000
2021-10-15,81.94000244140625,82.44999694824219,81.19999694824219,81.66999816894531,72.46476745605469,14634200
2021-10-18,81.33999633789062,81.66000366210938,80.76000213623047,80.98999786376953,71.86138916015625,4942100
2021-10-19,81.72000122070312,82.1500015258789,81.22000122070312,82.02999877929688,72.78418731689453,5717500
2021-10-20,82.75,84.66000366210938,82.37999725341797,83.91999816894531,74.4611587524414,6942600
2021-10-21,84.20999908447266,84.69999694824219,83.72000122070312,83.80999755859375,74.36354064941406,4945000
2021-10-22,83.97000122070312,84.58999633789062,83.73999786376953,84.41999816894531,74.90480041503906,4732400
2021-10-25,84.4000015258789,84.80999755859375,83.93000030517578,84.29000091552734,74.7894515991211,3987300
2021-10-26,84.41000366210938,86.27999877929688,84.37000274658203,85.47000122070312,75.83646392822266,6969100
2021-10-27,86.01000213623047,86.3499984741211,84.76000213623047,85.01000213623047,75.42830657958984,4356900
2021-10-28,84.91999816894531,86.48999786376953,84.7300033569336,86.41999816894531,76.67937469482422,6568400
2021-10-29,86.16999816894531,86.45999908447266,84.94000244140625,85.33000183105469,75.71223449707031,7792600
2021-11-01,85.44000244140625,85.81999969482422,84.93000030517578,85.58999633789062,75.94293975830078,5135200
2021-11-02,85.8499984741211,86.23999786376953,84.38999938964844,85.41999816894531,75.7921142578125,7266400
2021-11-03,85.66999816894531,85.80000305175781,84.23999786376953,85.23999786376953,75.63238525390625,5723200
2021-11-04,85.16000366210938,85.38999938964844,83.16999816894531,84.76000213623047,75.20649719238281,6594000
2021-11-05,84.75,85.70999908447266,84.31999969482422,85.52999877929688,75.88970947265625,4885400
2021-11-08,85.52999877929688,85.5999984741211,84.04000091552734,84.58999633789062,75.05565643310547,5391000
2021-11-09,84.69000244140625,85.16999816894531,84.36000061035156,84.94000244140625,75.36619567871094,3917600
2021-11-10,84.94000244140625,85.37000274658203,84.51000213623047,85.19999694824219,75.59689331054688,5192700
2021-11-11,85.47000122070312,85.5,84.56999969482422,85.37000274658203,75.74773406982422,5370200
2021-11-12,85.37000274658203,86.66999816894531,85.02999877929688,86.30999755859375,76.58177947998047,6467100
2021-11-15,86.91000366210938,87.3499984741211,86.47000122070312,87.33999633789062,77.49568176269531,5543000
2021-11-16,87.06999969482422,87.41999816894531,86.66999816894531,86.9800033569336,77.17625427246094,5497200
2021-11-17,86.83000183105469,87.87999725341797,86.41000366210938,87.77999877929688,77.88609313964844,6203100
2021-11-18,87.72000122070312,87.87999725341797,86.81999969482422,87.5999984741211,77.72637939453125,5537400
2021-11-19,88.0,88.83000183105469,87.0,88.30999755859375,78.3563461303711,6765100
2021-11-22,88.1500015258789,88.41999816894531,87.33000183105469,87.36000061035156,77.51341247558594,5214500
2021-11-23,87.0999984741211,87.9000015258789,86.52999877929688,87.30999755859375,77.46906280517578,7408000
2021-11-24,86.61000061035156,87.30000305175781,86.19000244140625,87.20999908447266,77.72305297851562,4553900
2021-11-26,86.91999816894531,87.44999694824219,85.86000061035156,86.08999633789062,76.72489929199219,4340700
2021-11-29,87.22000122070312,88.91999816894531,86.55000305175781,88.66000366210938,79.01532745361328,8712500
2021-11-30,88.05000305175781,88.94999694824219,86.41999816894531,86.77999877929688,77.33984375,16328300
2021-12-01,87.0,89.68000030517578,87.0,87.83999633789062,78.28451538085938,10062800
2021-12-02,87.94999694824219,89.5199966430664,87.61000061035156,88.62000274658203,78.97969818115234,8303500
2021-12-03,89.1500015258789,89.1500015258789,86.0199966430664,88.02999877929688,78.45384979248047,11191000
2021-12-06,88.06999969482422,89.75,87.87999725341797,89.1500015258789,79.45201873779297,8946400
2021-12-07,89.52999877929688,90.55000305175781,88.94000244140625,90.41000366210938,80.5749740600586,7909700
2021-12-08,90.69999694824219,90.91999816894531,89.58999633789062,90.31999969482422,80.49474334716797,5356500
2021-12-09,90.5,90.5,89.51000213623047,89.91000366210938,80.12935638427734,5731200
2021-12-10,90.01000213623047,90.9000015258789,89.80000305175781,90.27999877929688,80.45909881591797,4996700
2021-12-13,90.26000213623047,92.12000274658203,90.13999938964844,91.73999786376953,81.76026916503906,6446500
2021-12-14,91.2300033569336,91.6500015258789,89.44999694824219,90.02999877929688,80.2363052368164,11022600
2021-12-15,90.29000091552734,92.05999755859375,89.58000183105469,92.0,81.99198150634766,9590000
2021-12-16,91.62000274658203,92.69999694824219,91.5199966430664,92.2300033569336,82.19699096679688,7623300
2021-12-17,92.0,92.36000061035156,90.73999786376953,90.94000244140625,81.04730987548828,15335400
2021-12-20,89.80000305175781,90.08000183105469,88.51000213623047,89.94000244140625,80.15608215332031,10167700
2021-12-21,90.6500015258789,91.33999633789062,89.36000061035156,90.44999694824219,80.61058807373047,6287900
2021-12-22,90.23999786376953,90.87999725341797,89.88999938964844,90.80000305175781,80.92253112792969,4142900
2021-12-23,90.68000030517578,91.30999755859375,90.4000015258789,90.69999694824219,80.83341979980469,5845600
2021-12-27,90.8499984741211,91.3499984741211,90.62999725341797,91.31999969482422,81.3859634399414,5410300
2021-12-28,91.66000366210938,92.19000244140625,91.51000213623047,91.87999725341797,81.88504791259766,3096400
2021-12-29,91.94999694824219,92.26000213623047,91.58999633789062,91.98999786376953,81.98307037353516,2945400
2021-12-30,92.2300033569336,92.91000366210938,91.80999755859375,92.7699966430664,82.67823791503906,3716300
2021-12-31,92.58000183105469,93.7300033569336,92.5,93.36000061035156,83.20404815673828,4811800
2022-01-03,93.41999816894531,93.6500015258789,90.54000091552734,91.66000366210938,81.68898010253906,7864400
2022-01-04,91.6500015258789,91.93000030517578,90.62000274658203,90.68000030517578,80.81558990478516,8379100
2022-01-05,90.27999877929688,91.5,89.68000030517578,89.7300033569336,79.96894073486328,6722300
2022-01-06,89.08999633789062,89.36000061035156,85.6500015258789,85.7699966430664,76.43971252441406,12658600
2022-01-07,85.7699966430664,86.87000274658203,84.51000213623047,86.41000366210938,77.01010131835938,13359300
2022-01-10,85.80000305175781,86.36000061035156,83.73999786376953,84.29000091552734,75.12069702148438,11378700
2022-01-11,83.83000183105469,85.01000213623047,83.68000030517578,84.79000091552734,75.5663070678711,8395900
2022-01-12,84.27999877929688,85.80999755859375,84.0999984741211,85.08999633789062,75.83368682861328,6484000
2022-01-13,85.58000183105469,85.80999755859375,84.72000122070312,84.9000015258789,75.66435241699219,7203100
2022-01-14,84.87999725341797,85.1500015258789,82.66999816894531,83.19999694824219,74.14927673339844,11084300
2022-01-18,82.0,82.16999816894531,80.69999694824219,81.25,72.41140747070312,10848100
2022-01-19,81.04000091552734,83.3499984741211,81.0,82.58999633789062,73.60564422607422,9673900
2022-01-20,83.31999969482422,85.27999877929688,83.1500015258789,83.51000213623047,74.4255599975586,12028900
2022-01-21,83.69999694824219,83.93000030517578,81.83000183105469,82.5999984741211,73.61454772949219,12809100
2022-01-24,81.6500015258789,82.05000305175781,79.23999786376953,81.91999816894531,73.00852966308594,14689800
2022-01-25,78.19999694824219,80.19000244140625,74.79000091552734,75.0999984741211,66.93041229248047,22925000
2022-01-26,76.5,76.52999877929688,72.36000061035156,72.63999938964844,64.7380142211914,24721700
2022-01-27,73.30000305175781,74.38999938964844,72.41000366210938,72.51000213623047,64.62218475341797,21250600
2022-01-28,72.31999969482422,72.94999694824219,69.79000091552734,72.5,64.61326599121094,25537100
2022-01-31,72.91000366210938,78.30000305175781,72.75,78.12000274658203,69.62189483642578,21787800
2022-02-01,78.04000091552734,79.47000122070312,76.02999877929688,77.2300033569336,68.8287124633789,12082900
2022-02-02,77.41999816894531,78.01000213623047,76.83000183105469,77.7300033569336,69.27433013916016,8397700
2022-02-03,76.55999755859375,77.29000091552734,75.43000030517578,75.7699966430664,67.52754211425781,7960700
2022-02-04,75.0999984741211,76.83999633789062,74.54000091552734,76.01000213623047,67.74141693115234,12132000
2022-02-07,76.0,76.12000274658203,75.30000305175781,75.68000030517578,67.44733428955078,8184500
2022-02-08,75.75,76.75,75.22000122070312,75.45999908447266,67.25126647949219,6758500
2022-02-09,76.61000061035156,77.2699966430664,76.31999969482422,76.66000366210938,68.32073974609375,7390900
2022-02-10,74.91000366210938,76.8499984741211,74.69999694824219,75.44999694824219,67.2423324584961,9673300
2022-02-11,75.9000015258789,76.69999694824219,74.66999816894531,74.95999908447266,66.80563354492188,8999100
2022-02-14,74.94999694824219,75.30999755859375,73.87999725341797,74.91999816894531,66.77000427246094,8329200
2022-02-15,75.7300033569336,76.47000122070312,74.73999786376953,75.08999633789062,66.9215087890625,9102000
2022-02-16,75.12999725341797,75.63999938964844,74.4800033569336,75.2300033569336,67.04627990722656,7505100
2022-02-17,74.72000122070312,75.83999633789062,74.48999786376953,75.37999725341797,67.17996215820312,10093100
2022-02-18,74.95999908447266,75.80999755859375,73.81999969482422,74.1500015258789,66.08377838134766,9558600
2022-02-22,73.93000030517578,74.45999908447266,73.2699966430664,73.77999877929688,65.75401306152344,8233400
2022-02-23,74.22000122070312,74.41999816894531,72.22000122070312,72.31999969482422,64.45283508300781,7837100
2022-02-24,71.0,75.77999877929688,70.73999786376953,75.44000244140625,67.23344421386719,15750400
2022-02-25,76.12000274658203,77.23999786376953,75.22000122070312,77.16000366210938,68.7663345336914,12609500
2022-02-28,77.08999633789062,78.87000274658203,76.80000305175781,78.2699966430664,70.14190673828125,16345600
2022-03-01,78.06999969482422,78.83000183105469,76.54000091552734,77.44000244140625,69.39811706542969,13930300
2022-03-02,77.29000091552734,77.80999755859375,76.48999786376953,77.55000305175781,69.49669647216797,6988700
2022-03-03,77.8499984741211,79.36000061035156,77.66000366210938,78.79000091552734,70.60792541503906,10075500
2022-03-04,78.93000030517578,80.44999694824219,78.4800033569336,80.20999908447266,71.88045501708984,8996400
2022-03-07,80.95999908447266,84.38999938964844,80.72000122070312,84.18000030517578,75.43819427490234,19948900
2022-03-08,84.30999755859375,85.4000015258789,81.73999786376953,81.94999694824219,73.43978118896484,14717600
2022-03-09,82.37999725341797,82.4800033569336,80.11000061035156,80.31999969482422,71.9790267944336,12710000
2022-03-10,79.55999755859375,80.45999908447266,78.44000244140625,80.16000366210938,71.83565521240234,9554300
2022-03-11,80.30000305175781,81.08999633789062,79.23999786376953,79.30000305175781,71.06495666503906,7230600
2022-03-14,79.68000030517578,80.63999938964844,78.69999694824219,79.27999877929688,71.04702758789062,7133800
2022-03-15,80.19999694824219,82.26000213623047,80.0999984741211,81.9800033569336,73.46665954589844,9567000
2022-03-16,81.8499984741211,82.73999786376953,80.83999633789062,82.51000213623047,73.94161224365234,8261200
2022-03-17,82.55999755859375,83.23999786376953,82.41999816894531,82.69000244140625,74.10292053222656,6341900
2022-03-18,82.91999816894531,83.48999786376953,82.23999786376953,82.37000274658203,73.81615447998047,13470800
2022-03-21,82.0,82.76000213623047,81.48999786376953,81.80000305175781,73.30535125732422,7181700
2022-03-22,81.87000274658203,82.95999908447266,81.41999816894531,82.8499984741211,74.2463150024414,8516800
2022-03-23,82.4800033569336,83.0999984741211,82.01000213623047,82.56999969482422,73.9953842163086,6125800
2022-03-24,82.91000366210938,83.79000091552734,82.76000213623047,83.69999694824219,75.00801849365234,5498000
2022-03-25,84.08999633789062,84.23999786376953,83.20999908447266,83.94000244140625,75.22312927246094,5481000
2022-03-28,84.05000305175781,84.72000122070312,83.68000030517578,84.43000030517578,75.6622314453125,6177700
2022-03-29,85.0,85.04000091552734,83.6500015258789,84.62000274658203,75.83250427246094,8954300
2022-03-30,85.12999725341797,85.77999877929688,84.62999725341797,85.5,76.62110900878906,6829300
2022-03-31,85.05999755859375,86.27999877929688,84.70999908447266,84.70999908447266,75.91313934326172,10082800
2022-04-01,84.48999786376953,85.80000305175781,84.12999725341797,85.70999908447266,76.80931854248047,6453800
2022-04-04,85.63999938964844,85.91000366210938,84.63999938964844,85.62000274658203,76.72866821289062,6465700
2022-04-05,85.86000061035156,87.44999694824219,85.72000122070312,86.33000183105469,77.36492919921875,7203200
2022-04-06,86.16999816894531,86.5199966430664,85.43000030517578,86.48999786376953,77.50830078125,7621900
2022-04-07,86.30000305175781,87.29000091552734,85.69999694824219,87.08000183105469,78.03705596923828,7817400
2022-04-08,87.16000366210938,87.5199966430664,85.95999908447266,86.08999633789062,77.14984130859375,5731600
2022-04-11,86.1500015258789,86.22000122070312,84.3499984741211,84.58000183105469,75.79666137695312,6745200
2022-04-12,84.44999694824219,84.83999633789062,83.37999725341797,83.88999938964844,75.17828369140625,8714800
2022-04-13,84.37000274658203,84.4800033569336,83.08000183105469,83.55000305175781,74.87361907958984,7858500
2022-04-14,83.55000305175781,83.88999938964844,82.77999877929688,82.80999755859375,74.21046447753906,7164100
2022-04-18,83.0,83.61000061035156,81.05999755859375,81.70999908447266,73.22468566894531,6279100
2022-04-19,81.76000213623047,82.0999984741211,81.11000061035156,81.83000183105469,73.33222961425781,8104800
2022-04-20,83.02999877929688,83.02999877929688,81.31999969482422,81.51000213623047,73.04547119140625,8457000
2022-04-21,80.31999969482422,81.0,75.9800033569336,76.18000030517578,68.26895904541016,17712800
2022-04-22,76.16999816894531,76.37000274658203,73.87999725341797,73.94999694824219,66.27053833007812,15284800
2022-04-25,74.0,74.51000213623047,71.58999633789062,74.04000091552734,66.35118103027344,15697900
2022-04-26,74.05000305175781,74.97000122070312,73.48999786376953,73.56999969482422,65.93000793457031,10971600
2022-04-27,73.83000183105469,75.13999938964844,73.19000244140625,73.2699966430664,65.66114807128906,10989600
2022-04-28,73.5,73.91000366210938,72.7699966430664,73.48999786376953,65.85832977294922,11325600
2022-04-29,72.87999725341797,73.44999694824219,70.87999725341797,71.0199966430664,63.64480972290039,14912900
2022-05-02,71.0999984741211,71.51000213623047,68.5199966430664,69.87000274658203,62.6142463684082,14338100
2022-05-03,70.0,71.52999877929688,69.56999969482422,70.76000213623047,63.41181564331055,10419900
2022-05-04,72.0,73.33000183105469,70.7300033569336,73.05999755859375,65.47296142578125,10859600
2022-05-05,72.69999694824219,72.97000122070312,71.19999694824219,71.83999633789062,64.379638671875,10382300
2022-05-06,71.26000213623047,72.86000061035156,71.08999633789062,72.47000122070312,64.94422912597656,9364900
2022-05-09,71.80000305175781,72.08000183105469,70.26000213623047,70.70999908447266,63.36701965332031,10442700
2022-05-10,71.0,71.73999786376953,68.72000122070312,69.98999786376953,62.72176742553711,14731900
2022-05-11,69.6500015258789,71.3499984741211,69.54000091552734,70.19999694824219,62.90994644165039,11129000
2022-05-12,69.58999633789062,70.48999786376953,67.22000122070312,68.51000213623047,61.39545822143555,15364900
2022-05-13,69.43000030517578,70.19000244140625,68.52999877929688,69.80000305175781,62.551517486572266,8010600
2022-05-16,69.63999938964844,70.72000122070312,69.4000015258789,70.12000274658203,62.83827590942383,7339500
2022-05-17,70.9000015258789,72.02999877929688,70.12999725341797,72.0199966430664,64.54095458984375,8889300
2022-05-18,71.79000091552734,72.25,70.70999908447266,71.0,63.62688446044922,10316800
2022-05-19,71.08999633789062,71.08999633789062,69.52999877929688,70.45999908447266,63.142974853515625,9593500
2022-05-20,70.9000015258789,71.55999755859375,69.9800033569336,71.22000122070312,63.82403564453125,9747800
2022-05-23,71.80999755859375,72.58999633789062,71.45999908447266,72.55000305175781,65.01592254638672,10378700
2022-05-24,72.61000061035156,74.91999816894531,72.16999816894531,74.66999816894531,66.91576385498047,11133500
2022-05-25,75.12000274658203,75.1500015258789,73.58999633789062,74.79000091552734,67.02330017089844,11192100
2022-05-26,75.05000305175781,75.75,74.7699966430664,75.04000091552734,67.24735260009766,9431300
2022-05-27,74.48999786376953,77.44999694824219,74.16999816894531,77.43000030517578,69.78437805175781,9435300
2022-05-31,76.77999877929688,76.94000244140625,75.16999816894531,75.69000244140625,68.2161865234375,29712000
2022-06-01,75.76000213623047,76.62999725341797,75.33000183105469,76.16999816894531,68.64878845214844,7994100
2022-06-02,76.44999694824219,78.6500015258789,76.0,78.5199966430664,70.7667465209961,9640600
2022-06-03,78.08999633789062,78.94000244140625,77.80000305175781,78.69000244140625,70.91996765136719,9293500
2022-06-06,81.19000244140625,81.48999786376953,80.06999969482422,80.19000244140625,72.2718505859375,12716900
2022-06-07,79.76000213623047,80.18000030517578,78.27999877929688,79.77999877929688,71.90234375,7405600
2022-06-08,78.9800033569336,79.58000183105469,78.23999786376953,78.48999786376953,70.7397232055664,5198000
2022-06-09,78.23999786376953,78.86000061035156,77.30000305175781,77.33999633789062,69.70327758789062,8354800
2022-06-10,76.55000305175781,76.9000015258789,75.7699966430664,75.91000366210938,68.41448211669922,8598500
2022-06-13,74.58000183105469,74.76000213623047,71.95999908447266,72.41000366210938,65.26007843017578,11882300
2022-06-14,72.30999755859375,73.12000274658203,70.2699966430664,71.4800033569336,64.4218978881836,11412500
2022-06-15,72.45999908447266,75.55000305175781,72.20999908447266,74.19000244140625,66.86431884765625,12085300
2022-06-16,72.70999908447266,73.08000183105469,70.12000274658203,70.87000274658203,63.87213897705078,12729200
2022-06-17,70.63999938964844,72.75,70.63999938964844,70.80999755859375,63.81806945800781,15919000
2022-06-21,70.80000305175781,73.4000015258789,70.80000305175781,72.7300033569336,65.54847717285156,8466900
2022-06-22,72.19999694824219,75.55000305175781,71.8499984741211,74.69000244140625,67.31494903564453,12686500
2022-06-23,75.54000091552734,77.41000366210938,75.31999969482422,77.19999694824219,69.57707977294922,12502500
2022-06-24,77.33000183105469,78.12999725341797,76.62999725341797,78.0199966430664,70.31611633300781,9320500
2022-06-27,77.7300033569336,78.18000030517578,77.36000061035156,77.88999938964844,70.19898223876953,6557200
2022-06-28,77.91000366210938,78.33000183105469,76.2300033569336,76.44000244140625,68.89214324951172,6140200
2022-06-29,76.0999984741211,76.54000091552734,75.26000213623047,76.0,68.49559020996094,7082200
2022-06-30,75.45999908447266,78.23999786376953,75.31999969482422,77.45999908447266,69.8114242553711,8872900
2022-07-01,78.33000183105469,80.63999938964844,78.08999633789062,80.55999755859375,72.60533142089844,7718400
2022-07-05,80.5,80.72000122070312,77.55999755859375,79.11000061035156,71.29850006103516,11278600
2022-07-06,79.69999694824219,80.19999694824219,78.5999984741211,79.56999969482422,71.71307373046875,7918400
2022-07-07,79.83000183105469,80.58000183105469,79.80999755859375,80.37999725341797,72.44309997558594,5498000
2022-07-08,79.69999694824219,80.43000030517578,79.41000366210938,80.25,72.32592010498047,5708300
2022-07-11,80.0,80.9800033569336,79.72000122070312,80.68000030517578,72.71346282958984,6100400
2022-07-12,80.55000305175781,80.9000015258789,79.5199966430664,79.94999694824219,72.0555419921875,7553900
2022-07-13,79.37999725341797,81.30000305175781,79.06999969482422,80.26000213623047,72.33494567871094,7552400
2022-07-14,78.70999908447266,80.3499984741211,78.5199966430664,80.12999725341797,72.2177734375,6124400
2022-07-15,78.25,78.8499984741211,76.33000183105469,78.70999908447266,70.93799591064453,8780600
2022-07-18,78.33000183105469,78.66000366210938,77.5,77.51000213623047,69.85648345947266,6610800
2022-07-19,78.12999725341797,79.33000183105469,77.91999816894531,78.93000030517578,71.13626861572266,6403800
2022-07-20,79.16000366210938,79.4000015258789,77.86000061035156,78.31999969482422,70.58650207519531,6323700
2022-07-21,78.72000122070312,78.95999908447266,78.12999725341797,78.87000274658203,71.08219909667969,7847600
2022-07-22,80.12999725341797,81.80000305175781,79.26000213623047,80.25,72.32592010498047,11517100
2022-07-25,80.0,81.04000091552734,79.4800033569336,80.9800033569336,72.98384857177734,5035600
2022-07-26,80.54000091552734,80.62000274658203,79.18000030517578,79.91000366210938,72.01951599121094,6740900
2022-07-27,80.02999877929688,80.77999877929688,79.55000305175781,80.37999725341797,72.44309997558594,6056200
2022-07-28,84.80999755859375,86.2699966430664,84.29000091552734,84.54000091552734,76.19233703613281,13561500
2022-07-29,84.5,85.41000366210938,84.30999755859375,84.48999786376953,76.14727020263672,11474800
2022-08-01,84.44999694824219,85.41999816894531,83.55999755859375,85.30999755859375,76.88629913330078,7004500
2022-08-02,85.44000244140625,86.7699966430664,85.19999694824219,85.66999816894531,77.21074676513672,7664200
2022-08-03,85.7699966430664,86.81999969482422,84.36000061035156,86.45999908447266,77.9227294921875,7640400
2022-08-04,86.95999908447266,88.66000366210938,86.44999694824219,87.9800033569336,79.29265594482422,8679200
2022-08-05,87.87999725341797,88.48999786376953,86.94000244140625,87.9800033569336,79.29265594482422,8643200
2022-08-08,88.45999908447266,88.95999908447266,86.77999877929688,87.5199966430664,78.87808227539062,7243200
2022-08-09,88.22000122070312,89.11000061035156,87.77999877929688,88.91999816894531,80.13985443115234,5154000
2022-08-10,89.66000366210938,90.08000183105469,88.83999633789062,89.77999877929688,80.91490936279297,5693300
2022-08-11,90.30999755859375,91.02999877929688,89.29000091552734,89.43000030517578,80.5994873046875,7525800
2022-08-12,90.18000030517578,90.6500015258789,89.33000183105469,90.47000122070312,81.53678131103516,5262500
2022-08-15,90.4800033569336,91.19999694824219,90.13999938964844,91.0,82.01446533203125,5032700
2022-08-16,90.54000091552734,91.3499984741211,90.33000183105469,90.52999877929688,81.59086608886719,5250600
2022-08-17,89.97000122070312,90.66999816894531,89.73999786376953,90.19999694824219,81.29344940185547,4178000
2022-08-18,90.19999694824219,90.62999725341797,89.87000274658203,90.23999786376953,81.3294906616211,5090700
2022-08-19,90.11000061035156,90.58999633789062,89.37000274658203,89.70999908447266,80.85182189941406,5542800
2022-08-22,88.93000030517578,89.52999877929688,88.2300033569336,88.54000091552734,79.79736328125,5783400
2022-08-23,88.61000061035156,88.6500015258789,87.62999725341797,87.9800033569336,79.29265594482422,3473600
2022-08-24,88.1500015258789,88.77999877929688,87.95999908447266,88.70999908447266,79.9505615234375,5669200
2022-08-25,89.01000213623047,89.45999908447266,88.05999755859375,89.38999938964844,80.56343841552734,5595200
2022-08-26,89.98999786376953,90.55999755859375,87.73999786376953,88.05999755859375,79.36475372314453,7990000
2022-08-29,86.9800033569336,87.8499984741211,86.41000366210938,87.0199966430664,78.80778503417969,5827800
2022-08-30,87.19999694824219,87.33000183105469,85.20999908447266,85.69999694824219,77.61236572265625,7394200
2022-08-31,85.69999694824219,86.2699966430664,84.80000305175781,85.05999755859375,77.03275299072266,6830900
2022-09-01,85.33000183105469,86.45999908447266,84.70999908447266,86.26000213623047,78.1195297241211,5896300
2022-09-02,86.44999694824219,87.2300033569336,84.7699966430664,85.11000061035156,77.07803344726562,5785700
2022-09-06,87.23999786376953,88.2699966430664,87.0199966430664,87.37000274658203,79.12477111816406,11077100
2022-09-07,87.70999908447266,90.41999816894531,87.61000061035156,90.23999786376953,81.72391510009766,11366600
2022-09-08,89.7300033569336,91.05999755859375,89.62999725341797,90.2699966430664,81.75109100341797,8852500
2022-09-09,90.80999755859375,90.9800033569336,89.83000183105469,89.9000015258789,81.41600799560547,5700400
2022-09-12,90.18000030517578,90.8499984741211,89.77999877929688,90.80999755859375,82.2401123046875,5573800
2022-09-13,90.05000305175781,90.47000122070312,88.44999694824219,88.86000061035156,80.47416687011719,5624800
2022-09-14,88.36000061035156,89.37000274658203,88.05999755859375,88.87999725341797,80.49225616455078,7281500
2022-09-15,85.44000244140625,86.80000305175781,84.83000183105469,86.01000213623047,77.89311218261719,18681000
2022-09-16,85.41000366210938,85.98999786376953,84.5,84.79000091552734,76.78823852539062,19190700
2022-09-19,84.72000122070312,86.9000015258789,84.54000091552734,86.83999633789062,78.64476776123047,8821000
2022-09-20,85.98999786376953,86.44999694824219,84.93000030517578,85.69000244140625,77.60332489013672,6242000
2022-09-21,86.0,86.44000244140625,83.94999694824219,83.97000122070312,76.04562377929688,6706300
2022-09-22,83.80000305175781,84.19000244140625,83.02999877929688,83.54000091552734,75.65620422363281,6748700
2022-09-23,82.5,82.66999816894531,81.33999633789062,82.5199966430664,74.73248291015625,6719700
2022-09-26,82.47000122070312,82.77999877929688,80.31999969482422,81.1500015258789,73.49176788330078,7702900
2022-09-27,82.0199966430664,82.62000274658203,80.11000061035156,81.08000183105469,73.42837524414062,9247000
2022-09-28,82.29000091552734,83.02999877929688,81.25,82.37000274658203,74.59662628173828,8713400
2022-09-29,82.16999816894531,82.3499984741211,79.45999908447266,79.97000122070312,72.4231185913086,8291300
2022-09-30,80.30000305175781,80.5999984741211,78.29000091552734,78.41000366210938,71.01033020019531,12854300
2022-10-03,79.83000183105469,81.62999725341797,79.22000122070312,81.19000244140625,73.52798461914062,8115200
2022-10-04,81.9800033569336,82.88999938964844,81.55999755859375,82.81999969482422,75.00416564941406,8193700
2022-10-05,81.75,82.4800033569336,80.5199966430664,81.7699966430664,74.0532455444336,5468700
2022-10-06,81.62999725341797,81.7300033569336,78.8499984741211,78.91000366210938,71.4631576538086,8374600
2022-10-07,78.55999755859375,78.6500015258789,76.19000244140625,76.7300033569336,69.48888397216797,7697400
2022-10-10,77.02999877929688,77.68000030517578,76.4000015258789,76.73999786376953,69.4979476928711,6118000
2022-10-11,76.25,76.93000030517578,75.22000122070312,76.02999877929688,68.85492706298828,9143100
2022-10-12,75.80999755859375,76.36000061035156,72.62000274658203,72.75,65.88447570800781,9715100
2022-10-13,71.58999633789062,73.56999969482422,70.38999938964844,73.08999633789062,66.19237518310547,13643700
2022-10-14,73.79000091552734,74.83999633789062,71.44000244140625,71.7699966430664,64.99695587158203,8735000
2022-10-17,72.80000305175781,74.41999816894531,72.75,73.6500015258789,66.6995620727539,7563500
2022-10-18,75.55000305175781,75.94000244140625,74.11000061035156,75.05999755859375,67.97647094726562,6998500
2022-10-19,74.23999786376953,74.47000122070312,72.5199966430664,73.63999938964844,66.69047546386719,8579600
2022-10-20,73.36000061035156,73.4800033569336,69.80999755859375,70.63999938964844,63.97360610961914,13023800
2022-10-21,71.08000183105469,73.0,70.30000305175781,71.6500015258789,64.8882827758789,11161300
2022-10-24,72.48999786376953,73.69000244140625,71.95999908447266,73.27999877929688,66.36445617675781,9989600
2022-10-25,73.75,76.08999633789062,73.5999984741211,75.86000061035156,68.70098114013672,9216900
2022-10-26,75.86000061035156,76.52999877929688,75.30000305175781,75.5999984741211,68.46550750732422,6247100
2022-10-27,76.05000305175781,76.93000030517578,75.45999908447266,75.47000122070312,68.3477783203125,7163300
2022-10-28,76.75,79.30000305175781,76.6500015258789,79.02999877929688,71.57182312011719,9123300
2022-10-31,78.44999694824219,79.2699966430664,76.76000213623047,77.5,70.18620300292969,8273700
2022-11-01,78.19000244140625,78.19000244140625,77.16999816894531,77.70999908447266,70.37638854980469,5410300
2022-11-02,77.69999694824219,79.83000183105469,77.0199966430664,77.27999877929688,69.98697662353516,7119000
2022-11-03,76.73999786376953,79.18000030517578,76.36000061035156,78.18000030517578,70.80203247070312,6920300
2022-11-04,78.5999984741211,79.18000030517578,77.41999816894531,78.80000305175781,71.363525390625,7758900
2022-11-07,78.7300033569336,79.12000274658203,76.29000091552734,77.29000091552734,69.99600982666016,7008500
2022-11-08,77.66999816894531,79.13999938964844,77.16000366210938,78.2699966430664,70.88353729248047,5518400
2022-11-09,78.5999984741211,79.11000061035156,78.0,78.19999694824219,70.82013702392578,4940000
2022-11-10,81.30999755859375,83.7699966430664,79.94999694824219,83.19999694824219,75.3482894897461,9315900
2022-11-11,83.2699966430664,83.8499984741211,81.9800033569336,83.30999755859375,75.44789123535156,5730900
2022-11-14,83.08999633789062,83.77999877929688,81.61000061035156,81.66000366210938,73.9536361694336,7904000
2022-11-15,82.5199966430664,83.81999969482422,82.04000091552734,82.91000366210938,75.08566284179688,5594900
2022-11-16,83.05999755859375,84.75,83.05999755859375,84.31999969482422,76.36260986328125,8444900
2022-11-17,83.26000213623047,83.3499984741211,81.87000274658203,82.3499984741211,74.57849884033203,8333900
2022-11-18,83.26000213623047,83.79000091552734,82.56999969482422,83.19999694824219,75.3482894897461,6664400
2022-11-21,82.62000274658203,83.75,82.62000274658203,83.5999984741211,75.71053314208984,6593800
2022-11-22,84.05999755859375,84.91000366210938,83.72000122070312,84.11000061035156,76.17240142822266,4105500
2022-11-23,83.54000091552734,85.0,83.44000244140625,84.91999816894531,77.2965316772461,4259700
2022-11-25,85.2699966430664,85.80000305175781,85.12999725341797,85.33999633789062,77.67884826660156,3622200
2022-11-28,84.33999633789062,85.01000213623047,83.33999633789062,83.7300033569336,76.21337890625,6464200
2022-11-29,82.91000366210938,83.12999725341797,81.9800033569336,82.48999786376953,75.0846939086914,5398200
2022-11-30,82.08999633789062,84.9000015258789,82.05999755859375,84.69999694824219,77.0962905883789,9739200
2022-12-01,85.4000015258789,85.97000122070312,83.98999786376953,84.83000183105469,77.21463012695312,5830700
2022-12-02,83.7300033569336,85.20999908447266,83.4000015258789,85.19999694824219,77.5514144897461,6316900
2022-12-05,85.0,86.02999877929688,84.7699966430664,85.1500015258789,77.50589752197266,5511700
2022-12-06,84.91000366210938,85.25,83.70999908447266,85.18000030517578,77.533203125,5027700
2022-12-07,85.16000366210938,86.3499984741211,84.61000061035156,85.29000091552734,77.63333892822266,5108800
2022-12-08,85.2699966430664,86.4000015258789,84.9000015258789,85.76000213623047,78.06114959716797,4281700
2022-12-09,85.55999755859375,86.0,84.41999816894531,84.51000213623047,76.92335510253906,4460300
2022-12-12,85.12000274658203,86.5999984741211,84.80000305175781,86.55000305175781,78.78021240234375,5348900
2022-12-13,88.0,88.37000274658203,86.0,87.1500015258789,79.32634735107422,7179500
2022-12-14,87.45999908447266,88.61000061035156,86.33999633789062,87.05000305175781,79.23533630371094,6111600
2022-12-15,86.9000015258789,87.05000305175781,85.4800033569336,85.80999755859375,78.10663604736328,6469100
2022-12-16,84.5999984741211,84.86000061035156,83.2699966430664,84.13999938964844,76.58657836914062,16949300
2022-12-19,83.9800033569336,84.27999877929688,82.95999908447266,83.5199966430664,76.02223205566406,5681100
2022-12-20,83.4000015258789,84.04000091552734,82.75,83.5199966430664,76.02223205566406,4811900
2022-12-21,83.8499984741211,84.94999694824219,83.6500015258789,84.6500015258789,77.05078125,5356200
2022-12-22,84.54000091552734,84.54000091552734,82.16000366210938,83.33999633789062,75.8583984375,4491000
2022-12-23,83.0,84.2699966430664,83.0,84.16999816894531,76.61388397216797,3254700
2022-12-27,84.0999984741211,84.27999877929688,83.47000122070312,84.0,76.45914459228516,4726500
2022-12-28,84.19999694824219,84.54000091552734,82.9800033569336,83.16000366210938,75.6945571899414,3536400
2022-12-29,83.7300033569336,84.69000244140625,83.48999786376953,84.08000183105469,76.53195190429688,3378300
2022-12-30,83.94999694824219,84.0199966430664,82.4800033569336,83.5999984741211,76.09503936767578,4266900
2023-01-03,84.37000274658203,84.9000015258789,82.54000091552734,83.83000183105469,76.30441284179688,5535400
2023-01-04,84.36000061035156,85.45999908447266,83.83000183105469,84.48999786376953,76.90514373779297,4831100
2023-01-05,83.61000061035156,84.01000213623047,82.13999938964844,82.62999725341797,75.21212005615234,5472600
2023-01-06,83.55999755859375,84.37000274658203,82.81999969482422,83.6500015258789,76.14057159423828,5235300
2023-01-09,83.63999938964844,84.93000030517578,83.48999786376953,84.06999969482422,76.52285766601562,4749000
2023-01-10,84.06999969482422,84.5999984741211,83.37000274658203,84.54000091552734,76.95066833496094,4921100
2023-01-11,84.47000122070312,85.36000061035156,84.22000122070312,85.0,77.3693618774414,6153500
2023-01-12,85.0999984741211,85.66999816894531,84.38999938964844,85.06999969482422,77.43309020996094,4648600
2023-01-13,84.44000244140625,84.97000122070312,83.75,84.68000030517578,77.0781021118164,4943200
2023-01-17,85.19000244140625,86.47000122070312,85.18000030517578,85.73999786376953,78.04293823242188,8410200
2023-01-18,85.93000030517578,86.04000091552734,83.7300033569336,83.80000305175781,76.277099609375,6107700
2023-01-19,84.05999755859375,84.33999633789062,82.29000091552734,82.58999633789062,75.17571258544922,7099700
2023-01-20,82.51000213623047,82.54000091552734,80.5,81.81999969482422,74.47484588623047,9429200
2023-01-23,81.37999725341797,83.22000122070312,80.9000015258789,82.66999816894531,75.24852752685547,6864300
2023-01-24,82.79000091552734,84.19999694824219,80.27999877929688,83.9000015258789,76.36811065673828,6652300
2023-01-25,80.52999877929688,80.98999786376953,75.9000015258789,76.58999633789062,69.71435546875,28527400
2023-01-26,75.0999984741211,77.44999694824219,74.80000305175781,76.4000015258789,69.54141235351562,18508700
2023-01-27,76.06999969482422,76.4000015258789,75.51000213623047,75.58000183105469,68.7950210571289,13243200
2023-01-30,75.36000061035156,76.3499984741211,74.88999938964844,75.05000305175781,68.31260681152344,10669600
2023-01-31,74.54000091552734,74.83000183105469,73.3499984741211,74.62999725341797,67.93030548095703,19020400
2023-02-01,74.62000274658203,75.04000091552734,73.33999633789062,74.23999786376953,67.57532501220703,15188700
2023-02-02,73.56999969482422,76.83999633789062,73.20999908447266,75.5999984741211,68.81321716308594,18604100
2023-02-03,75.25,75.44000244140625,73.66999816894531,74.66999816894531,67.9666976928711,11671500
2023-02-06,74.5999984741211,75.56999969482422,74.44999694824219,75.51000213623047,68.73130798339844,9343400
2023-02-07,75.37000274658203,76.58000183105469,74.75,76.08000183105469,69.25012969970703,10855800
2023-02-08,75.9800033569336,76.1500015258789,74.86000061035156,75.02999877929688,68.29438781738281,9082200
2023-02-09,75.19999694824219,75.94000244140625,73.12000274658203,73.2699966430664,66.69239044189453,13163500
2023-02-10,73.41999816894531,75.25,73.41999816894531,74.73999786376953,68.0304183959961,9883000
2023-02-13,75.33999633789062,76.01000213623047,75.16000366210938,75.62000274658203,68.83142852783203,8114200
2023-02-14,75.29000091552734,76.33000183105469,74.80000305175781,76.02999877929688,69.2046127319336,7089400
2023-02-15,75.6500015258789,77.08999633789062,75.6500015258789,76.94000244140625,70.0329360961914,9344300
2023-02-16,75.80000305175781,76.5199966430664,75.66000366210938,75.69000244140625,68.8951416015625,7795600
2023-02-17,75.69999694824219,76.4800033569336,75.37999725341797,76.06999969482422,69.24103546142578,9436100
2023-02-21,75.44000244140625,75.52999877929688,73.61000061035156,73.66000366210938,67.0473861694336,11915600
2023-02-22,73.9800033569336,74.73999786376953,73.44000244140625,73.68000030517578,67.06558990478516,9351200
2023-02-23,74.37000274658203,74.37000274658203,72.6500015258789,72.87000274658203,66.32830047607422,9049900
2023-02-24,72.12000274658203,73.33000183105469,71.80000305175781,72.91999816894531,66.37380981445312,9127800
2023-02-27,72.97000122070312,73.66999816894531,71.68000030517578,71.86000061035156,65.83148193359375,7029700
2023-02-28,71.69999694824219,71.8499984741211,70.80000305175781,71.02999877929688,65.07112121582031,11276700
2023-03-01,70.86000061035156,71.04000091552734,69.63999938964844,69.87000274658203,64.00843048095703,11809200
2023-03-02,70.36000061035156,72.22000122070312,70.12000274658203,72.20999908447266,66.1521224975586,16066500
2023-03-03,72.88999938964844,73.87000274658203,72.18000030517578,73.83000183105469,67.6362075805664,10724800
2023-03-06,73.54000091552734,74.5999984741211,73.41000366210938,74.4000015258789,68.15840148925781,6888900
2023-03-07,73.94000244140625,74.48999786376953,73.0199966430664,73.75,67.56291961669922,7308900
2023-03-08,73.37999725341797,74.37999725341797,73.04000091552734,74.25,68.02096557617188,5913600
2023-03-09,74.5,74.98999786376953,73.38999938964844,73.76000213623047,67.57208251953125,7678100
2023-03-10,73.98999786376953,74.2699966430664,72.37000274658203,73.01000213623047,66.88499450683594,10167100
2023-03-13,73.05999755859375,75.18000030517578,73.0,73.29000091552734,67.1415023803711,8388800
2023-03-14,73.98999786376953,74.8499984741211,73.43000030517578,74.55000305175781,68.29582214355469,8635800
2023-03-15,74.44999694824219,75.8499984741211,73.93000030517578,75.5199966430664,69.1844482421875,12030300
2023-03-16,75.66000366210938,76.51000213623047,74.83000183105469,76.2300033569336,69.83486938476562,8895800
2023-03-17,76.29000091552734,76.29000091552734,74.73999786376953,75.66999816894531,69.32186126708984,14137400
2023-03-20,75.5999984741211,77.0,75.30999755859375,75.97000122070312,69.5966796875,7140100
2023-03-21,76.3499984741211,76.3499984741211,74.2699966430664,75.36000061035156,69.03787231445312,6222300
2023-03-22,75.30999755859375,75.9800033569336,74.08999633789062,74.12999725341797,67.91104125976562,7038000
2023-03-23,73.7699966430664,75.72000122070312,73.37000274658203,73.80999755859375,67.61788177490234,7541200
2023-03-24,73.98999786376953,75.75,73.70999908447266,75.69000244140625,69.34016418457031,5293900
2023-03-27,75.87000274658203,76.05999755859375,74.94999694824219,75.44000244140625,69.11115264892578,5515900
2023-03-28,75.5,76.25,74.81999969482422,75.23999786376953,68.92790985107422,5935500
2023-03-29,75.47000122070312,76.30999755859375,75.47000122070312,76.11000061035156,69.72493743896484,5680500
2023-03-30,76.36000061035156,77.0199966430664,76.16999816894531,76.58999633789062,70.1646499633789,6187000
2023-03-31,76.7699966430664,77.12000274658203,75.9800033569336,77.08000183105469,70.61356353759766,10124400
2023-04-03,77.05000305175781,77.05000305175781,75.80000305175781,76.66999816894531,70.23794555664062,5778700
2023-04-04,76.8499984741211,77.69000244140625,76.43000030517578,77.16000366210938,70.68685150146484,6165600
2023-04-05,77.9000015258789,78.94999694824219,77.73999786376953,78.33000183105469,71.75870513916016,8200400
2023-04-06,78.80000305175781,79.0,77.95999908447266,78.97000122070312,72.34500885009766,5427700
2023-04-10,78.3499984741211,78.5,77.30999755859375,78.43000030517578,71.85031127929688,5647500
2023-04-11,78.38999938964844,78.61000061035156,77.9000015258789,78.33999633789062,71.76785278320312,6019600
2023-04-12,78.69000244140625,79.44000244140625,78.26000213623047,78.58999633789062,71.99688720703125,6786400
2023-04-13,78.41999816894531,79.11000061035156,77.4800033569336,78.8499984741211,72.23506927490234,4928600
2023-04-14,78.38999938964844,78.47000122070312,77.55999755859375,78.0199966430664,71.47469329833984,4920900
2023-04-17,78.18000030517578,78.55000305175781,77.79000091552734,78.54000091552734,71.95108032226562,4393300
2023-04-18,78.7300033569336,79.06999969482422,77.94000244140625,78.30000305175781,71.73121643066406,8147500
2023-04-19,78.30999755859375,79.16999816894531,78.29000091552734,78.94000244140625,72.31751251220703,3813300
2023-04-20,78.72000122070312,79.0999984741211,78.2300033569336,78.75,72.14347076416016,4350400
2023-04-21,79.44000244140625,79.77999877929688,78.55999755859375,78.98999786376953,72.36333465576172,5192600
2023-04-24,78.51000213623047,79.25,78.5,79.04000091552734,72.40913391113281,5725800
2023-04-25,77.7300033569336,79.0999984741211,77.5,77.81999969482422,71.29147338867188,8399800
2023-04-26,76.77999877929688,76.94999694824219,74.02999877929688,74.06999969482422,67.85607147216797,12656700
2023-04-27,74.30999755859375,76.5199966430664,73.91000366210938,75.8499984741211,69.48674774169922,8155600
2023-04-28,75.41000366210938,76.69999694824219,75.41000366210938,76.62999725341797,70.20130920410156,10005800
2023-05-01,76.47000122070312,77.37999725341797,76.36000061035156,76.80000305175781,70.35704803466797,5214700
2023-05-02,76.66000366210938,77.0199966430664,75.51000213623047,75.94000244140625,69.56920623779297,7674200
2023-05-03,76.26000213623047,76.55999755859375,75.2699966430664,75.38999938964844,69.06533813476562,6265900
2023-05-04,75.37999725341797,75.66999816894531,74.55999755859375,75.51000213623047,69.17528533935547,6042300
2023-05-05,75.61000061035156,76.56999969482422,75.19000244140625,75.51000213623047,69.17528533935547,6215500
2023-05-08,75.52999877929688,76.69000244140625,75.27999877929688,76.05999755859375,69.67913818359375,6751700
2023-05-09,76.22000122070312,76.22000122070312,75.19000244140625,75.58000183105469,69.23939514160156,5588100
2023-05-10,76.12999725341797,77.16000366210938,75.94000244140625,76.88999938964844,70.43949890136719,5696000
2023-05-11,76.58999633789062,76.83999633789062,75.54000091552734,76.0999984741211,69.71576690673828,6542700
2023-05-12,76.88999938964844,77.98999786376953,76.58000183105469,77.95999908447266,71.41973876953125,8315000
2023-05-15,78.47000122070312,78.52999877929688,76.81999969482422,77.54000091552734,71.03496551513672,5430000
2023-05-16,77.5,77.5,75.69000244140625,75.83999633789062,69.47758483886719,6215700
2023-05-17,76.16999816894531,76.27999877929688,75.19000244140625,75.33999633789062,69.01953887939453,5408600
2023-05-18,74.75,75.25,74.20999908447266,75.0999984741211,68.7996597290039,6970600
2023-05-19,75.55000305175781,75.77999877929688,74.47000122070312,74.4800033569336,68.23168182373047,6338600
2023-05-22,74.91000366210938,75.16999816894531,74.47000122070312,74.58000183105469,68.32328796386719,4272600
2023-05-23,74.0999984741211,75.19999694824219,73.91000366210938,74.16000366210938,67.93852996826172,8751200
2023-05-24,74.1500015258789,74.41999816894531,73.66000366210938,74.23999786376953,68.01181030273438,6879400
2023-05-25,74.18000030517578,74.18000030517578,72.47000122070312,73.38999938964844,67.23311614990234,7716400
2023-05-26,73.12999725341797,74.55999755859375,72.5999984741211,73.91999816894531,68.15325927734375,7174000
2023-05-30,74.3499984741211,74.75,72.55000305175781,72.69000244140625,67.01921081542969,6874000
2023-05-31,72.63999938964844,73.7699966430664,71.87999725341797,73.45999908447266,67.7291488647461,11112000
2023-06-01,73.05000305175781,73.43000030517578,72.45999908447266,72.95999908447266,67.2681655883789,6738800
2023-06-02,73.04000091552734,74.19999694824219,72.5199966430664,73.8499984741211,68.0887222290039,7175400
2023-06-05,74.1500015258789,74.88999938964844,73.33000183105469,73.58999633789062,67.84899139404297,5266600
2023-06-06,73.77999877929688,74.1500015258789,73.36000061035156,73.37999725341797,67.6553955078125,5652900
2023-06-07,73.63999938964844,74.5,73.27999877929688,74.16999816894531,68.38375091552734,6488100
2023-06-08,74.4800033569336,75.12000274658203,74.06999969482422,74.9000015258789,69.05682373046875,9984500
2023-06-09,74.86000061035156,75.19999694824219,74.0,74.06999969482422,68.29155731201172,6011400
2023-06-12,74.41000366210938,74.47000122070312,73.69000244140625,73.9800033569336,68.20858001708984,7564300
2023-06-13,73.9000015258789,74.69000244140625,73.75,74.3499984741211,68.54971313476562,8579300
2023-06-14,74.9000015258789,74.94999694824219,73.29000091552734,73.4000015258789,67.67383575439453,8893600
2023-06-15,73.73999786376953,74.5199966430664,73.41000366210938,74.36000061035156,68.55894470214844,10098300
2023-06-16,74.75,76.41999816894531,74.72000122070312,75.58999633789062,69.6929931640625,23053600
2023-06-20,75.62999725341797,76.16999816894531,74.5,74.76000213623047,68.92774963378906,7801600
2023-06-21,74.44999694824219,76.02999877929688,73.72000122070312,75.77999877929688,69.86815643310547,7176100
2023-06-22,76.06999969482422,76.38999938964844,75.0,75.12999725341797,69.26886749267578,6976200
2023-06-23,75.29000091552734,75.98999786376953,74.0,74.16999816894531,68.38375091552734,9080100
2023-06-26,74.08999633789062,74.79000091552734,73.80999755859375,74.29000091552734,68.4944076538086,5670200
2023-06-27,74.55999755859375,74.80000305175781,73.20999908447266,73.91000366210938,68.14404296875,5979100
2023-06-28,73.94999694824219,74.20999908447266,73.22000122070312,73.44000244140625,67.71070861816406,8735100
2023-06-29,72.68000030517578,73.5999984741211,72.51000213623047,72.80999755859375,67.12986755371094,7193200
2023-06-30,72.94000244140625,74.30999755859375,72.77999877929688,74.19999694824219,68.41140747070312,9259900
2023-07-03,73.87000274658203,74.47000122070312,73.5,74.37999725341797,68.57737731933594,2484500
2023-07-05,73.9800033569336,75.58999633789062,73.91999816894531,74.94999694824219,69.10291290283203,8450100
2023-07-06,74.29000091552734,74.29000091552734,73.01000213623047,73.0199966430664,67.32347106933594,7271200
2023-07-07,72.52999877929688,72.72000122070312,71.9000015258789,72.05000305175781,66.42915344238281,7511700
2023-07-10,71.80000305175781,72.48999786376953,71.0999984741211,71.70999908447266,66.11567687988281,7704700
2023-07-11,71.63999938964844,72.2300033569336,70.8499984741211,72.19000244140625,66.5582275390625,6623100
2023-07-12,72.54000091552734,73.56999969482422,72.19000244140625,73.47000122070312,67.73837280273438,9710500
2023-07-13,73.5199966430664,73.93000030517578,73.37999725341797,73.70999908447266,67.95964050292969,6058600
2023-07-14,73.4800033569336,73.75,72.79000091552734,73.19999694824219,67.48943328857422,6463500
2023-07-17,72.95999908447266,73.41999816894531,72.44999694824219,72.66000366210938,66.9915542602539,5148800
2023-07-18,72.7699966430664,73.08000183105469,71.30000305175781,72.05000305175781,66.42915344238281,7239500
2023-07-19,72.36000061035156,72.93000030517578,72.05000305175781,72.0999984741211,66.47525024414062,7464800
2023-07-20,72.0999984741211,74.12999725341797,71.6500015258789,74.0999984741211,68.31922912597656,9221600
2023-07-21,74.41999816894531,76.2699966430664,74.30000305175781,75.9000015258789,69.97880554199219,11878400
2023-07-24,75.87999725341797,76.66999816894531,75.37000274658203,75.5,69.61000061035156,8609700
2023-07-25,75.76000213623047,75.94000244140625,74.62000274658203,75.44000244140625,69.5546875,8847800
2023-07-26,74.88999938964844,76.19000244140625,73.87999725341797,74.37000274658203,68.56816101074219,7244600
2023-07-27,73.94000244140625,74.88999938964844,73.19000244140625,73.2699966430664,67.5539779663086,10185400
2023-07-28,73.75,74.37999725341797,72.4800033569336,72.8499984741211,67.16674041748047,6230700
2023-07-31,73.4000015258789,74.47000122070312,73.04000091552734,73.30000305175781,67.58163452148438,10876400
2023-08-01,73.31999969482422,73.80999755859375,72.08999633789062,72.16999816894531,66.53978729248047,6723400
2023-08-02,71.51000213623047,72.3499984741211,71.45999908447266,71.91000366210938,66.30007934570312,6589600
2023-08-03,71.19999694824219,71.5,70.05999755859375,70.0999984741211,64.63127136230469,9075100
2023-08-04,70.55000305175781,70.69000244140625,69.0199966430664,69.16999816894531,63.77382278442383,9140500
2023-08-07,69.5,69.72000122070312,68.61000061035156,68.63999938964844,63.28517150878906,8397200
2023-08-08,68.33999633789062,68.94999694824219,67.91000366210938,68.70999908447266,63.34971237182617,8890000
2023-08-09,68.79000091552734,69.58000183105469,68.51000213623047,68.91999816894531,63.5433349609375,7453000
2023-08-10,69.30000305175781,69.66000366210938,68.1500015258789,68.29000091552734,62.96247863769531,7959900
2023-08-11,68.30000305175781,68.94000244140625,68.16000366210938,68.91999816894531,63.5433349609375,6524200
2023-08-14,68.8499984741211,68.93000030517578,68.30000305175781,68.55999755859375,63.21141815185547,8021100
2023-08-15,68.1500015258789,68.2300033569336,67.16999816894531,67.3499984741211,62.09580612182617,7703900
2023-08-16,67.72000122070312,67.94999694824219,67.30999755859375,67.55999755859375,62.2894287109375,6433500
2023-08-17,67.33999633789062,68.1500015258789,67.29000091552734,67.51000213623047,62.24333190917969,6677600
2023-08-18,67.33999633789062,68.05999755859375,67.33000183105469,67.83000183105469,62.53835678100586,6291300
2023-08-21,67.75,67.80000305175781,66.66999816894531,67.08000183105469,61.84687423706055,6856100
2023-08-22,67.11000061035156,67.81999969482422,66.76000213623047,67.5199966430664,62.25254821777344,7370400
2023-08-23,68.06999969482422,68.13999938964844,67.30000305175781,67.88999938964844,62.593692779541016,7721800
2023-08-24,67.88999938964844,68.41000366210938,67.08000183105469,67.22000122070312,61.9759635925293,9242500
2023-08-25,67.30000305175781,68.22000122070312,67.2300033569336,67.95999908447266,62.65822982788086,10114100
2023-08-28,68.25,68.5999984741211,67.9800033569336,68.0199966430664,62.71353530883789,7152600
2023-08-29,67.77999877929688,67.8499984741211,67.11000061035156,67.51000213623047,62.6745491027832,11209700
2023-08-30,67.36000061035156,67.7300033569336,66.81999969482422,67.08999633789062,62.284637451171875,7461500
2023-08-31,67.5,67.79000091552734,66.7300033569336,66.80000305175781,62.01540756225586,11797800
2023-09-01,67.33999633789062,67.56999969482422,66.44999694824219,66.87000274658203,62.08039093017578,8296600
2023-09-05,66.81999969482422,67.2699966430664,65.80999755859375,66.19999694824219,61.4583740234375,10002700
2023-09-06,66.02999877929688,66.41000366210938,65.36000061035156,65.69000244140625,60.98491668701172,9250300
2023-09-07,66.27999877929688,66.97000122070312,65.87000274658203,66.25,61.50480270385742,9981100
2023-09-08,66.26000213623047,67.0,66.06999969482422,66.83000183105469,62.043251037597656,7484800
2023-09-11,67.0,67.88999938964844,66.94999694824219,67.52999877929688,62.693111419677734,7981600
2023-09-12,67.5,68.02999877929688,67.11000061035156,67.7300033569336,62.8787956237793,7171300
2023-09-13,67.87999725341797,68.7699966430664,67.87999725341797,68.43000030517578,63.52865982055664,8925700
2023-09-14,68.9000015258789,69.3499984741211,68.41999816894531,69.27999877929688,64.3177719116211,7944900
2023-09-15,69.33999633789062,69.88999938964844,68.5999984741211,68.63999938964844,63.723609924316406,18391400
2023-09-18,68.80999755859375,68.86000061035156,67.91000366210938,68.23999786376953,63.352272033691406,7534100
2023-09-19,68.05000305175781,68.16000366210938,67.3499984741211,67.58999633789062,62.74882507324219,8215500
2023-09-20,68.06999969482422,68.13999938964844,67.23999786376953,67.3499984741211,62.526004791259766,5804000
2023-09-21,67.11000061035156,67.70999908447266,66.7699966430664,66.91000366210938,62.117530822753906,9458600
2023-09-22,66.5,68.38999938964844,66.3499984741211,67.69999694824219,62.85093688964844,11796500
2023-09-25,67.22000122070312,67.5,66.77999877929688,67.47000122070312,62.63741683959961,8656500
2023-09-26,67.12000274658203,67.19000244140625,65.2699966430664,65.33999633789062,60.65997314453125,9042600
2023-09-27,64.69999694824219,64.98999786376953,59.529998779296875,59.959999084472656,55.665321350097656,25606200
2023-09-28,60.29999923706055,60.70000076293945,56.97999954223633,57.08000183105469,52.991607666015625,31153800
2023-09-29,57.66999816894531,58.7599983215332,56.97999954223633,57.290000915527344,53.18656539916992,19047600
2023-10-02,56.08000183105469,56.380001068115234,50.18000030517578,52.150001525878906,48.41472244262695,54022800
2023-10-03,52.06999969482422,53.11000061035156,50.5,52.779998779296875,48.99959945678711,36257500
2023-10-04,53.709999084472656,53.95000076293945,50.540000915527344,50.619998931884766,46.99430465698242,28467400
2023-10-05,49.810001373291016,50.130001068115234,48.2400016784668,49.45000076293945,45.90810775756836,29911400
2023-10-06,49.060001373291016,50.5,47.150001525878906,50.2400016784668,46.64152908325195,24718500
2023-10-09,49.689998626708984,50.41999816894531,48.380001068115234,49.31999969482422,45.78742599487305,20644600
2023-10-10,49.68000030517578,51.619998931884766,49.52000045776367,51.58000183105469,47.88555145263672,23164300
2023-10-11,52.04999923706055,53.56999969482422,51.70000076293945,53.540000915527344,49.70515823364258,22401400
2023-10-12,53.06999969482422,53.970001220703125,52.22999954223633,53.0,49.20383834838867,27972800
2023-10-13,53.529998779296875,55.25,53.5,54.4900016784668,50.58711242675781,22319200
2023-10-16,54.4900016784668,55.040000915527344,53.560001373291016,54.380001068115234,50.48499298095703,17089400
2023-10-17,53.58000183105469,54.84000015258789,53.54999923706055,54.16999816894531,50.290035247802734,13365500
2023-10-18,54.08000183105469,54.779998779296875,53.06999969482422,53.2400016784668,49.42665100097656,13593300
2023-10-19,53.279998779296875,53.9900016784668,52.380001068115234,52.38999938964844,48.63752746582031,11580400
2023-10-20,51.95000076293945,52.689998626708984,51.689998626708984,51.959999084472656,48.23832702636719,17798900
2023-10-23,51.27000045776367,52.560001373291016,50.95000076293945,51.52000045776367,47.82984924316406,15200700
2023-10-24,54.439998626708984,55.43000030517578,53.11000061035156,55.119998931884766,51.1719970703125,20060300
2023-10-25,55.61000061035156,56.939998626708984,54.90999984741211,56.459999084472656,52.416011810302734,19262400
2023-10-26,56.77000045776367,58.2400016784668,56.68000030517578,57.56999969482422,53.446510314941406,17357800
2023-10-27,57.36000061035156,58.02000045776367,55.93000030517578,56.2400016784668,52.2117805480957,11921000
2023-10-30,56.40999984741211,57.470001220703125,55.77000045776367,57.20000076293945,53.103004455566406,11017700
2023-10-31,57.560001373291016,58.4900016784668,57.38999938964844,58.29999923706055,54.12422180175781,19978300
2023-11-01,58.11000061035156,58.790000915527344,57.18000030517578,58.43000030517578,54.244911193847656,13428900
2023-11-02,58.52000045776367,60.470001220703125,58.5,59.90999984741211,55.618900299072266,15076500
2023-11-03,61.220001220703125,61.4900016784668,59.369998931884766,59.380001068115234,55.12687301635742,13938000
2023-11-06,59.400001525878906,59.880001068115234,58.86000061035156,59.040000915527344,54.811222076416016,9299500
2023-11-07,59.04999923706055,59.560001373291016,58.400001525878906,58.459999084472656,54.272762298583984,9615500
2023-11-08,58.16999816894531,58.16999816894531,56.779998779296875,57.5,53.38151931762695,12781600
2023-11-09,57.119998931884766,57.27000045776367,54.619998931884766,54.720001220703125,50.8006477355957,17147900
2023-11-10,55.0,55.369998931884766,54.5099983215332,55.13999938964844,51.1905632019043,12776100
2023-11-13,55.04999923706055,55.060001373291016,53.810001373291016,54.5,50.596405029296875,8951800
2023-11-14,56.08000183105469,57.7400016784668,55.45000076293945,57.54999923706055,53.427940368652344,13399500
2023-11-15,57.47999954223633,58.72999954223633,56.97999954223633,57.0,52.91733932495117,11295000
2023-11-16,57.41999816894531,57.77000045776367,56.58000183105469,56.599998474121094,52.545997619628906,11155400
2023-11-17,57.0099983215332,57.380001068115234,56.4900016784668,57.369998931884766,53.260833740234375,10136300
2023-11-20,57.0,57.68000030517578,56.310001373291016,57.34000015258789,53.23298645019531,8404900
2023-11-21,57.31999969482422,58.290000915527344,56.779998779296875,57.97999954223633,53.827144622802734,11952600
2023-11-22,57.97999954223633,58.310001373291016,56.9900016784668,57.470001220703125,53.78783416748047,9626900
2023-11-24,57.13999938964844,57.61000061035156,56.93000030517578,57.54999923706055,53.862709045410156,4629400
2023-11-27,57.5,57.70000076293945,56.869998931884766,57.58000183105469,53.89078903198242,9779100
2023-11-28,57.560001373291016,58.58000183105469,57.2599983215332,58.15999984741211,54.433624267578125,9473600
2023-11-29,58.529998779296875,59.22999954223633,57.97999954223633,58.36000061035156,54.620811462402344,17019100
2023-11-30,58.47999954223633,58.68000030517578,57.97999954223633,58.5099983215332,54.761207580566406,15381700
2023-12-01,58.54999923706055,59.540000915527344,57.66999816894531,59.16999816894531,55.378910064697266,10510200
2023-12-04,58.59000015258789,59.529998779296875,58.58000183105469,58.66999816894531,54.91094970703125,10239600
2023-12-05,58.68000030517578,58.86000061035156,57.869998931884766,58.22999954223633,54.499141693115234,12544800
2023-12-06,58.619998931884766,60.2599983215332,58.619998931884766,60.20000076293945,56.34292221069336,13235700
2023-12-07,60.380001068115234,60.560001373291016,59.439998626708984,59.849998474121094,56.015342712402344,12230500
2023-12-08,59.56999969482422,59.95000076293945,59.099998474121094,59.70000076293945,55.87495422363281,9408300
2023-12-11,58.529998779296875,59.939998626708984,58.529998779296875,59.709999084472656,55.88431930541992,11005700
2023-12-12,59.65999984741211,59.7599983215332,58.08000183105469,59.52000045776367,55.70648193359375,9931000
2023-12-13,59.599998474121094,62.599998474121094,59.33000183105469,62.5099983215332,58.504913330078125,13013400
2023-12-14,63.650001525878906,64.58999633789062,62.36000061035156,62.779998779296875,58.75761032104492,16809100
2023-12-15,62.099998474121094,62.90999984741211,61.02000045776367,61.5,57.559627532958984,28901500
2023-12-18,61.599998474121094,62.099998474121094,60.849998474121094,61.0,57.0916633605957,10755600
2023-12-19,61.36000061035156,61.83000183105469,60.869998931884766,61.56999969482422,57.62513732910156,11509600
2023-12-20,61.54999923706055,61.720001220703125,59.779998779296875,59.84000015258789,56.005985260009766,10091200
2023-12-21,60.130001068115234,60.650001525878906,59.060001373291016,59.599998474121094,55.78135681152344,12604200
2023-12-22,59.959999084472656,60.869998931884766,59.66999816894531,59.75,55.921749114990234,9799400
2023-12-26,59.68000030517578,60.560001373291016,59.619998931884766,60.209999084472656,56.3522834777832,6791600
2023-12-27,59.90999984741211,60.66999816894531,59.650001525878906,60.58000183105469,56.69857406616211,6787500
2023-12-28,60.119998931884766,61.099998474121094,60.119998931884766,61.02000045776367,57.11038589477539,5981900
2023-12-29,60.79999923706055,61.060001373291016,60.27000045776367,60.7400016784668,56.84832763671875,6814600
2024-01-02,60.54999923706055,62.150001525878906,60.18000030517578,61.56999969482422,57.62513732910156,10064300
2024-01-03,61.11000061035156,62.119998931884766,60.459999084472656,61.9900016784668,58.01823043823242,10306300
2024-01-04,62.16999816894531,62.7599983215332,61.72999954223633,61.79999923706055,57.84040832519531,10568100
2024-01-05,61.650001525878906,62.560001373291016,61.27000045776367,62.08000183105469,58.10246276855469,7803800
2024-01-08,61.779998779296875,63.060001373291016,61.59000015258789,62.91999816894531,58.88864517211914,7766600
2024-01-09,62.939998626708984,63.040000915527344,61.88999938964844,62.0099983215332,58.036949157714844,6921600
2024-01-10,62.02000045776367,62.72999954223633,61.900001525878906,62.279998779296875,58.28965377807617,8100100
2024-01-11,62.0,62.189998626708984,60.599998474121094,60.720001220703125,56.82959747314453,10686000
2024-01-12,61.18000030517578,61.65999984741211,60.91999816894531,61.040000915527344,57.12910079956055,7796900
2024-01-16,60.65999984741211,61.20000076293945,60.209999084472656,60.349998474121094,56.483306884765625,11633100
2024-01-17,59.459999084472656,60.0099983215332,57.79999923706055,58.27000045776367,54.53657913208008,11543100
2024-01-18,57.959999084472656,58.08000183105469,57.22999954223633,57.650001525878906,53.95630645751953,9626500
2024-01-19,57.720001220703125,57.790000915527344,56.58000183105469,57.2599983215332,53.59128952026367,12762600
2024-01-22,57.369998931884766,57.790000915527344,56.65999984741211,56.849998474121094,53.207557678222656,12979900
2024-01-23,57.279998779296875,57.5099983215332,56.88999938964844,57.380001068115234,53.70359802246094,16081000
2024-01-24,58.099998474121094,58.40999984741211,56.75,57.0099983215332,53.3572998046875,14471400
2024-01-25,58.95000076293945,59.36000061035156,57.060001373291016,57.97999954223633,54.265159606933594,15702600
2024-01-26,58.33000183105469,59.02000045776367,58.220001220703125,58.47999954223633,54.73311996459961,11650000
2024-01-29,58.470001220703125,59.790000915527344,58.209999084472656,59.56999969482422,55.75328063964844,10102800
2024-01-30,59.5,59.75,58.56999969482422,59.279998779296875,55.48186111450195,7807700
2024-01-31,59.70000076293945,59.97999954223633,58.43000030517578,58.630001068115234,54.873512268066406,11124900
2024-02-01,58.38999938964844,59.83000183105469,58.0099983215332,59.75,55.921749114990234,8687600
2024-02-02,58.88999938964844,59.029998779296875,57.97999954223633,58.150001525878906,54.42427062988281,14952900
2024-02-05,57.369998931884766,57.43000030517578,55.88999938964844,55.970001220703125,52.383941650390625,14293600
2024-02-06,56.0,56.58000183105469,55.5099983215332,56.22999954223633,52.62727737426758,10305400
2024-02-07,56.31999969482422,56.66999816894531,55.630001068115234,56.380001068115234,52.76767349243164,7761300
2024-02-08,56.41999816894531,56.41999816894531,55.38999938964844,56.290000915527344,52.683441162109375,8143000
2024-02-09,55.97999954223633,56.630001068115234,55.720001220703125,56.58000183105469,52.954856872558594,8003500
2024-02-12,56.59000015258789,57.630001068115234,56.5,57.54999923706055,53.862709045410156,9622000
2024-02-13,56.880001068115234,57.13999938964844,54.66999816894531,55.25,51.7100715637207,12759700
2024-02-14,55.38999938964844,56.06999969482422,55.09000015258789,56.0099983215332,52.421382904052734,8831300
2024-02-15,56.29999923706055,57.65999984741211,56.220001220703125,57.27000045776367,53.600643157958984,9880000
2024-02-16,56.86000061035156,57.41999816894531,56.33000183105469,57.029998779296875,53.37601852416992,9943500
2024-02-20,56.7400016784668,57.31999969482422,56.04999923706055,56.61000061035156,52.98293685913086,13014600
2024-02-21,57.02000045776367,57.34000015258789,56.63999938964844,57.099998474121094,53.4415397644043,9322100
2024-02-22,56.790000915527344,57.08000183105469,56.31999969482422,56.66999816894531,53.03908920288086,10426000
2024-02-23,56.79999923706055,57.459999084472656,56.5099983215332,56.779998779296875,53.14204406738281,10563900
2024-02-26,55.900001525878906,55.93000030517578,54.86000061035156,55.150001525878906,52.08892822265625,12753800
2024-02-27,55.439998626708984,55.9900016784668,54.790000915527344,55.560001373291016,52.47618103027344,12421800
2024-02-28,55.349998474121094,55.720001220703125,54.709999084472656,55.040000915527344,51.98503494262695,13240400
2024-02-29,55.4900016784668,55.86000061035156,54.959999084472656,55.189998626708984,52.126708984375,19993600
2024-03-01,55.2599983215332,55.619998931884766,54.279998779296875,55.209999084472656,52.14560317993164,15398200
2024-03-04,54.779998779296875,55.06999969482422,53.95000076293945,54.970001220703125,51.91891860961914,11674600
2024-03-05,55.0,56.5099983215332,54.95000076293945,55.400001525878906,52.32505798339844,16026100
2024-03-06,55.97999954223633,56.90999984741211,55.2599983215332,55.529998779296875,52.447837829589844,11074900
2024-03-07,56.08000183105469,56.470001220703125,55.529998779296875,56.25,53.127872467041016,10227300
2024-03-08,56.720001220703125,58.15999984741211,56.310001373291016,57.810001373291016,54.60129165649414,12735600
2024-03-11,57.56999969482422,58.13999938964844,56.88999938964844,57.869998931884766,54.657958984375,9681500
2024-03-12,57.66999816894531,58.0,56.54999923706055,57.150001525878906,53.97792434692383,9634400
2024-03-13,59.0,60.369998931884766,58.95000076293945,59.540000915527344,56.23527145385742,17495300
2024-03-14,59.20000076293945,60.2400016784668,59.11000061035156,59.540000915527344,56.23527145385742,16996100
2024-03-15,59.20000076293945,60.130001068115234,58.880001068115234,60.08000183105469,56.74528884887695,32424500
2024-03-18,60.08000183105469,61.13999938964844,59.439998626708984,60.16999816894531,56.83028793334961,17073700
2024-03-19,60.38999938964844,61.38999938964844,60.2599983215332,61.27000045776367,57.869239807128906,11433900
2024-03-20,61.45000076293945,62.40999984741211,61.36000061035156,62.20000076293945,58.74762725830078,14564500
2024-03-21,62.20000076293945,63.38999938964844,61.290000915527344,61.36000061035156,57.95425033569336,18090300
2024-03-22,62.220001220703125,62.4900016784668,61.720001220703125,61.779998779296875,58.35093688964844,10046300
2024-03-25,62.0,62.63999938964844,61.40999984741211,62.61000061035156,59.134864807128906,11423500
2024-03-26,62.619998931884766,62.90999984741211,61.29999923706055,61.43000030517578,58.020362854003906,13829600
2024-03-27,62.15999984741211,63.86000061035156,62.02000045776367,63.790000915527344,60.24937057495117,13409000
2024-03-28,63.66999816894531,64.26000213623047,63.38999938964844,63.90999984741211,60.36270523071289,12830800
2024-04-01,63.90999984741211,64.05000305175781,62.7599983215332,63.380001068115234,59.86212921142578,13175200
2024-04-02,63.27000045776367,63.34000015258789,62.36000061035156,62.880001068115234,59.3898811340332,9905300
2024-04-03,62.689998626708984,62.9900016784668,61.86000061035156,62.54999923706055,59.07819366455078,10551400
2024-04-04,63.349998474121094,63.97999954223633,62.970001220703125,63.72999954223633,60.19270324707031,10690100
2024-04-05,63.04999923706055,64.36000061035156,62.900001525878906,64.18000030517578,60.61772918701172,10278100
2024-04-08,64.1500015258789,64.91999816894531,63.93000030517578,64.86000061035156,61.259979248046875,8054900
2024-04-09,65.1500015258789,65.86000061035156,64.79000091552734,65.37999725341797,61.75112533569336,9188000
2024-04-10,63.5,64.23999786376953,63.0,64.01000213623047,60.45716094970703,10783400
2024-04-11,64.62999725341797,64.79000091552734,63.31999969482422,63.939998626708984,60.391048431396484,12145600
2024-04-12,64.12000274658203,64.30999755859375,62.95000076293945,63.08000183105469,59.57878494262695,9039500
2024-04-15,63.529998779296875,64.33000183105469,62.29999923706055,62.75,59.267093658447266,11147100
2024-04-16,62.4900016784668,62.58000183105469,61.310001373291016,61.70000076293945,58.2753791809082,11594100
2024-04-17,62.2400016784668,63.91999816894531,61.91999816894531,63.790000915527344,60.24937057495117,15653700
2024-04-18,63.849998474121094,64.38999938964844,63.130001068115234,64.01000213623047,60.45716094970703,10135000
2024-04-19,64.22000122070312,64.9000015258789,63.650001525878906,64.30000305175781,60.73106384277344,13419400
2024-04-22,64.58999633789062,65.48999786376953,63.91999816894531,65.30999755859375,61.68500900268555,14747200
2024-04-23,65.23999786376953,67.16999816894531,65.0999984741211,66.19999694824219,62.52560043334961,14349200
2024-04-24,65.91000366210938,67.0999984741211,65.22000122070312,66.55999755859375,62.865623474121094,12149600
2024-04-25,66.0,67.12000274658203,65.51000213623047,66.9000015258789,63.18675231933594,11418500
2024-04-26,67.22000122070312,67.30000305175781,65.75,65.98999786376953,62.327266693115234,9982800
2024-04-29,67.0199966430664,67.91000366210938,66.95999908447266,67.41999816894531,63.677894592285156,9795800
2024-04-30,66.9000015258789,67.48999786376953,66.2699966430664,66.97000122070312,63.252864837646484,10042600
2024-05-01,66.87000274658203,68.86000061035156,66.73999786376953,68.61000061035156,64.80184936523438,13991100
2024-05-02,68.87999725341797,69.0199966430664,67.66999816894531,68.8499984741211,65.02851104736328,10815900
2024-05-03,69.88999938964844,70.27999877929688,69.30999755859375,70.13999938964844,66.24691772460938,12687500
2024-05-06,70.36000061035156,71.30000305175781,70.26000213623047,71.25,67.29530334472656,14042100
2024-05-07,71.69000244140625,72.04000091552734,71.30999755859375,71.94999694824219,67.9564437866211,13621100
2024-05-08,71.69999694824219,72.88999938964844,71.4800033569336,72.8499984741211,68.8064956665039,9915000
2024-05-09,73.0,74.7300033569336,72.58000183105469,74.58000183105469,70.44047546386719,16627900
2024-05-10,74.87000274658203,75.20999908447266,73.6500015258789,73.79000091552734,69.6943359375,12046700
2024-05-13,74.13999938964844,74.66999816894531,73.58999633789062,74.58000183105469,70.44047546386719,7685500
2024-05-14,74.94000244140625,75.61000061035156,74.66000366210938,75.41999816894531,71.23384857177734,8176600
2024-05-15,75.97000122070312,77.19000244140625,75.97000122070312,77.05000305175781,72.77338409423828,12470600
2024-05-16,77.05999755859375,77.41000366210938,76.05999755859375,76.41000366210938,72.1689224243164,10414200
2024-05-17,76.3499984741211,76.55000305175781,75.54000091552734,76.08999633789062,71.8666763305664,9490300
2024-05-20,75.98999786376953,76.19000244140625,75.56999969482422,75.87000274658203,71.65888214111328,7179700
2024-05-21,75.87000274658203,76.95999908447266,75.44999694824219,76.94999694824219,72.67893981933594,6420100
2024-05-22,76.41000366210938,77.18000030517578,76.16000366210938,76.31999969482422,72.08390045166016,8773600
2024-05-23,75.95999908447266,75.95999908447266,74.62000274658203,75.31999969482422,71.139404296875,9097800
2024-05-24,75.41999816894531,77.0999984741211,75.26000213623047,76.61000061035156,72.35779571533203,7601100
2024-05-28,76.62000274658203,78.26000213623047,76.33000183105469,77.52999877929688,73.22673034667969,11986600
2024-05-29,76.7699966430664,76.9000015258789,76.16000366210938,76.68000030517578,72.42391204833984,6896300
2024-05-30,76.87000274658203,78.26000213623047,76.61000061035156,78.19000244140625,73.85010528564453,21762300
2024-05-31,78.29000091552734,80.47000122070312,78.12999725341797,80.0199966430664,75.57853698730469,16196000
2024-06-03,79.5,79.75,77.5199966430664,77.70999908447266,73.87218475341797,15410500
2024-06-04,77.61000061035156,77.79000091552734,76.52999877929688,77.1500015258789,73.33983612060547,8484300
2024-06-05,77.05000305175781,77.33000183105469,76.5999984741211,77.05000305175781,73.24478149414062,9264600
2024-06-06,76.94000244140625,77.7699966430664,76.62999725341797,76.69999694824219,72.91204833984375,6550600
2024-06-07,75.55999755859375,77.0,75.01000213623047,75.38999938964844,71.66676330566406,10059500
2024-06-10,75.47000122070312,77.05999755859375,74.8499984741211,76.97000122070312,73.16873931884766,11218500
2024-06-11,75.30000305175781,75.31999969482422,71.55000305175781,72.73999786376953,69.14763641357422,22781500
2024-06-12,73.79000091552734,73.94999694824219,71.4000015258789,72.26000213623047,68.69133758544922,13930500
2024-06-13,72.55999755859375,73.72000122070312,72.36000061035156,73.18000030517578,69.56588745117188,10023200
2024-06-14,72.76000213623047,73.54000091552734,72.37999725341797,73.05999755859375,69.45182800292969,6568500
2024-06-17,72.7300033569336,73.4000015258789,72.19000244140625,72.30999755859375,68.73886108398438,8445300
2024-06-18,69.0999984741211,70.58999633789062,68.97000122070312,70.44000244140625,66.96122741699219,29169800
2024-06-20,71.0,72.88999938964844,70.79000091552734,72.45999908447266,68.88146209716797,14857200
2024-06-21,73.36000061035156,73.69000244140625,72.06999969482422,72.80999755859375,69.21417999267578,19465500
2024-06-24,72.5,74.26000213623047,72.25,73.8499984741211,70.20281219482422,12063700
2024-06-25,73.56999969482422,73.73999786376953,72.38999938964844,72.9800033569336,69.37577819824219,10753200
2024-06-26,72.80000305175781,73.61000061035156,71.91999816894531,73.37000274658203,69.74652099609375,11481500
2024-06-27,73.62000274658203,74.38999938964844,73.2300033569336,73.72000122070312,70.07923126220703,9824500
2024-06-28,73.20999908447266,73.30999755859375,69.86000061035156,70.80999755859375,67.31295013427734,23935600
2024-07-01,71.45999908447266,71.62999725341797,69.54000091552734,69.9000015258789,66.44788360595703,11036400
2024-07-02,70.0,70.5999984741211,69.37999725341797,70.47000122070312,66.98973846435547,9415200
2024-07-03,70.91999816894531,71.91000366210938,70.55000305175781,71.83000183105469,68.2825698852539,4487200
2024-07-05,72.0,72.3499984741211,71.63999938964844,72.08999633789062,68.52973175048828,7688800
2024-07-08,72.1500015258789,72.58000183105469,71.73999786376953,72.11000061035156,68.54875183105469,5368700
2024-07-09,72.05999755859375,72.98999786376953,71.68000030517578,72.12000274658203,68.5582504272461,6220100
2024-07-10,72.26000213623047,73.12999725341797,71.68000030517578,72.9000015258789,69.29972839355469,6740900
2024-07-11,73.5,75.20999908447266,73.45999908447266,74.69999694824219,71.01083374023438,12188700
2024-07-12,75.0,76.69999694824219,74.7699966430664,76.0,72.24663543701172,11099400
2024-07-15,74.16999816894531,74.4000015258789,70.76000213623047,70.97000122070312,67.46504211425781,19575400
2024-07-16,71.54000091552734,72.29000091552734,70.8499984741211,71.9000015258789,68.34912109375,10551800
2024-07-17,71.75,72.25,70.4800033569336,70.9000015258789,67.39849853515625,11878900
2024-07-18,71.0,72.36000061035156,70.81999969482422,71.66999816894531,68.1304702758789,10212300
2024-07-19,71.91999816894531,72.36000061035156,71.44000244140625,72.0,68.44418334960938,7752100
2024-07-22,72.94999694824219,74.1500015258789,72.76000213623047,72.9000015258789,69.29972839355469,9034700
2024-07-23,72.43000030517578,73.0199966430664,71.91000366210938,72.11000061035156,68.54875183105469,7027500
2024-07-24,72.7300033569336,75.75,72.29000091552734,75.41000366210938,71.68577575683594,17813700
2024-07-25,75.19000244140625,75.66999816894531,73.30000305175781,73.44000244140625,69.81307220458984,13934200
2024-07-26,74.2300033569336,74.98999786376953,73.5199966430664,74.26000213623047,70.59256744384766,7076200
2024-07-29,74.45999908447266,74.66999816894531,73.55999755859375,74.33999633789062,70.66860961914062,5977500
2024-07-30,74.52999877929688,74.52999877929688,73.19999694824219,74.27999877929688,70.611572265625,8505500
2024-07-31,74.87000274658203,76.87999725341797,74.69000244140625,76.38999938964844,72.61737060546875,15618100
2024-08-01,76.31999969482422,78.41999816894531,75.9000015258789,78.38999938964844,74.51860046386719,11136600
2024-08-02,79.36000061035156,80.55999755859375,77.81999969482422,79.19999694824219,75.28858947753906,14513100
2024-08-05,78.55000305175781,79.0,76.48999786376953,76.68000030517578,72.8930435180664,11877600
2024-08-06,76.8499984741211,78.4000015258789,76.66999816894531,76.97000122070312,73.16873931884766,9050900
2024-08-07,77.72000122070312,78.76000213623047,77.29000091552734,77.55999755859375,73.7295913696289,8193200
2024-08-08,77.12000274658203,78.2300033569336,76.5999984741211,77.54000091552734,73.71057891845703,6935900
2024-08-09,77.5,78.02999877929688,76.3499984741211,77.45999908447266,73.63453674316406,5041200
2024-08-12,77.33000183105469,77.61000061035156,76.88999938964844,77.58000183105469,73.74859619140625,5955600
2024-08-13,78.3499984741211,78.5,77.52999877929688,78.12000274658203,74.2619400024414,5108900
2024-08-14,78.0,78.58000183105469,77.0999984741211,78.01000213623047,74.15736389160156,4620700
2024-08-15,77.54000091552734,77.80999755859375,77.12999725341797,77.41000366210938,73.58699798583984,5946500
2024-08-16,77.5199966430664,78.79000091552734,77.23999786376953,78.56999969482422,74.68971252441406,6344200
2024-08-19,78.56999969482422,79.56999969482422,78.43000030517578,79.3499984741211,75.43119049072266,5617000
2024-08-20,79.3499984741211,79.79000091552734,78.95999908447266,78.9800033569336,75.0794677734375,5967300
2024-08-21,79.16999816894531,79.98999786376953,79.12999725341797,79.63999938964844,75.70687103271484,5125300
2024-08-22,79.68000030517578,79.94000244140625,78.45999908447266,78.91999816894531,75.02241516113281,8006600
2024-08-23,79.45999908447266,80.31999969482422,79.16000366210938,79.66000366210938,75.72588348388672,5052900
2024-08-26,80.0,81.06999969482422,79.95999908447266,80.63999938964844,76.65747833251953,5378700
2024-08-27,80.36000061035156,80.63999938964844,79.58000183105469,79.61000061035156,75.67835235595703,5086000
2024-08-28,79.7300033569336,80.12999725341797,79.19000244140625,79.41000366210938,75.48822784423828,5462400
2024-08-29,79.52999877929688,80.18000030517578,78.70999908447266,80.02999877929688,76.07760620117188,5179200
2024-08-30,79.58999633789062,80.73999786376953,79.47000122070312,80.51000213623047,77.02959442138672,6808200
2024-09-03,80.7699966430664,81.18000030517578,79.62999725341797,79.93000030517578,76.47465515136719,9883900
2024-09-04,80.41000366210938,81.54000091552734,80.31999969482422,81.08000183105469,77.574951171875,7517700
2024-09-05,81.95999908447266,82.13999938964844,80.2300033569336,80.33000183105469,76.85737609863281,8494900
2024-09-06,80.86000061035156,81.19000244140625,79.80999755859375,79.9800033569336,76.52250671386719,8181500
2024-09-09,80.11000061035156,81.23999786376953,79.26000213623047,81.19000244140625,77.6801986694336,6918000
2024-09-10,81.47000122070312,82.38999938964844,81.05000305175781,82.30000305175781,78.74221801757812,9588000
2024-09-11,82.69999694824219,83.56999969482422,81.7300033569336,83.43000030517578,79.82335662841797,10216500
2024-09-12,83.43000030517578,83.97000122070312,82.70999908447266,83.45999908447266,79.85206604003906,7856600
2024-09-13,83.9000015258789,84.7300033569336,83.5,84.6500015258789,80.9906234741211,6734400
2024-09-16,85.08999633789062,85.55999755859375,84.37000274658203,84.63999938964844,80.9810562133789,8791400
2024-09-17,84.79000091552734,85.0,84.18000030517578,84.97000122070312,81.29679870605469,7415100
2024-09-18,84.48999786376953,84.98999786376953,83.51000213623047,84.27999877929688,80.63661193847656,9286200
2024-09-19,83.62999725341797,83.80000305175781,81.47000122070312,82.29000091552734,78.7326431274414,13965200
2024-09-20,82.25,83.76000213623047,82.05000305175781,82.76000213623047,79.18233489990234,26032300
2024-09-23,83.66000366210938,84.94000244140625,82.94000244140625,84.81999969482422,81.15327453613281,7916000
2024-09-24,84.19999694824219,85.2699966430664,83.91999816894531,84.29000091552734,80.64618682861328,8205300
2024-09-25,84.61000061035156,85.20999908447266,83.8499984741211,84.62000274658203,80.96192169189453,8354700
2024-09-26,84.25,84.5999984741211,83.23999786376953,83.45999908447266,79.85206604003906,8462500
2024-09-27,83.7699966430664,84.83999633789062,83.76000213623047,84.54000091552734,80.88538360595703,8200900
2024-09-30,84.5,84.94999694824219,84.01000213623047,84.52999877929688,80.87580108642578,13884400
2024-10-01,84.11000061035156,85.75,83.81999969482422,85.2699966430664,81.58380889892578,9112600
2024-10-02,84.7699966430664,85.58999633789062,84.48999786376953,85.43000030517578,81.73689270019531,8403800
2024-10-03,85.6500015258789,86.0999984741211,84.75,85.05000305175781,81.37333679199219,7031500
2024-10-04,83.48999786376953,84.08000183105469,83.01000213623047,83.8499984741211,80.22520446777344,8341800
2024-10-07,83.55000305175781,83.55000305175781,80.19000244140625,80.29000091552734,76.81910705566406,11971600
2024-10-08,80.77999877929688,81.80999755859375,80.48999786376953,80.5,77.02001953125,10098300
2024-10-09,79.66000366210938,81.0999984741211,79.66000366210938,80.58000183105469,77.0965805053711,10102500
2024-10-10,81.0,82.55999755859375,80.81999969482422,80.94000244140625,77.44100952148438,7928400
2024-10-11,80.9800033569336,81.87999725341797,80.38999938964844,81.86000061035156,78.32123565673828,7057000
2024-10-14,81.9000015258789,83.19000244140625,81.61000061035156,82.91000366210938,79.32584381103516,5815200
2024-10-15,83.0,84.05000305175781,82.66999816894531,82.79000091552734,79.2110366821289,15824900
2024-10-16,83.08000183105469,84.63999938964844,82.7300033569336,84.38999938964844,80.74185943603516,8061600
2024-10-17,84.30000305175781,84.62999725341797,83.69999694824219,83.77999877929688,80.1582260131836,6153000
2024-10-18,83.91999816894531,84.41000366210938,83.55000305175781,84.37999725341797,80.7322998046875,8595300
2024-10-21,84.76000213623047,84.95999908447266,83.66000366210938,84.02999877929688,80.39743041992188,7053800
2024-10-22,83.19999694824219,84.2300033569336,83.13999938964844,83.69999694824219,80.08168029785156,8358500
2024-10-23,84.58999633789062,86.0,83.0,84.95999908447266,81.28721618652344,10825100
2024-10-24,84.0,84.55000305175781,82.5,82.80999755859375,79.23016357421875,9705100
2024-10-25,82.9000015258789,83.12999725341797,81.29000091552734,81.43000030517578,77.90982055664062,6580700
2024-10-28,82.04000091552734,83.83999633789062,81.61000061035156,82.87000274658203,79.28756713867188,8679600
2024-10-29,79.94999694824219,80.69999694824219,79.47000122070312,79.55999755859375,76.12065887451172,19232900
2024-10-30,79.75,79.88999938964844,78.88999938964844,79.08999633789062,75.67097473144531,11650200
2024-10-31,78.38999938964844,79.8499984741211,78.13999938964844,79.25,75.82405853271484,13034700
2024-11-01,79.38999938964844,79.45999908447266,76.97000122070312,77.3499984741211,74.00618743896484,14615300
2024-11-04,77.3499984741211,78.81999969482422,77.0999984741211,78.37000274658203,74.98209381103516,11759100
2024-11-05,77.7699966430664,78.79000091552734,76.97000122070312,78.6500015258789,75.25,9051700
2024-11-06,74.30000305175781,74.9800033569336,72.69000244140625,74.5199966430664,71.29853820800781,28637800
2024-11-07,73.61000061035156,75.08999633789062,73.56999969482422,74.62000274658203,71.39421844482422,16311300
2024-11-08,74.9800033569336,77.19000244140625,74.68000030517578,76.97000122070312,73.64263153076172,14657100
2024-11-11,76.9800033569336,77.1500015258789,75.73999786376953,75.91000366210938,72.62844848632812,10275700
2024-11-12,75.61000061035156,75.80000305175781,73.62000274658203,74.26000213623047,71.0497817993164,12569800
2024-11-13,74.62999725341797,75.04000091552734,73.91999816894531,74.23999786376953,71.0306396484375,12451500
2024-11-14,73.87999725341797,76.18000030517578,73.6500015258789,75.27999877929688,72.02567291259766,13780200
2024-11-15,75.44999694824219,76.69000244140625,75.29000091552734,76.3499984741211,73.04943084716797,12930300
2024-11-18,76.30000305175781,76.66999816894531,75.30999755859375,76.38999938964844,73.08769989013672,9044300
2024-11-19,76.30999755859375,77.31999969482422,75.72000122070312,77.08000183105469,73.74787139892578,7942200
2024-11-20,77.19000244140625,77.5,76.36000061035156,76.87999725341797,73.5565185546875,7065200
2024-11-21,76.79000091552734,77.51000213623047,76.36000061035156,77.36000061035156,74.0157699584961,8908500
2024-11-22,77.2300033569336,77.54000091552734,75.76000213623047,76.0,73.20187377929688,8165400
2024-11-25,76.7300033569336,77.0999984741211,75.83000183105469,76.63999938964844,73.81830596923828,20803100
2024-11-26,77.0,77.77999877929688,76.47000122070312,77.48999786376953,74.63701629638672,10563600
2024-11-27,78.12999725341797,79.37999725341797,77.86000061035156,78.5199966430664,75.62908935546875,8689700
2024-11-29,78.58000183105469,78.98999786376953,78.31999969482422,78.66999816894531,75.77357482910156,6186500
2024-12-02,78.91999816894531,79.05000305175781,76.9000015258789,77.06999969482422,74.23249053955078,11361500
2024-12-03,77.06999969482422,77.56999969482422,76.2300033569336,76.29000091552734,73.481201171875,9806900
2024-12-04,76.0,76.0199966430664,75.0999984741211,75.73999786376953,72.95145416259766,8310200
2024-12-05,75.63999938964844,76.54000091552734,75.41999816894531,76.19999694824219,73.3945083618164,6487200
2024-12-06,76.19000244140625,76.5,74.91999816894531,75.23999786376953,72.4698486328125,7079200
2024-12-09,75.5,75.62999725341797,74.55999755859375,74.69999694824219,71.94973754882812,9269700
2024-12-10,74.5,74.5199966430664,73.3499984741211,74.13999938964844,71.41034698486328,8619200
2024-12-11,74.19999694824219,74.55000305175781,73.58000183105469,73.9800033569336,71.2562484741211,7472800
2024-12-12,73.83999633789062,74.08000183105469,73.08999633789062,73.22000122070312,70.52423095703125,6969600
2024-12-13,73.05000305175781,73.75,72.94000244140625,73.62000274658203,70.90950012207031,7671200
2024-12-16,73.69999694824219,74.22000122070312,72.76000213623047,72.79000091552734,70.11006164550781,9767000
2024-12-17,72.30999755859375,72.5999984741211,71.80000305175781,72.2699966430664,69.60920715332031,7723000
2024-12-18,71.95999908447266,72.54000091552734,70.43000030517578,70.5199966430664,67.92362976074219,12496000
2024-12-19,70.5199966430664,71.0,69.70999908447266,69.7699966430664,67.20124053955078,13731700
2024-12-20,69.58000183105469,71.9800033569336,69.31999969482422,71.66999816894531,69.03128814697266,27547500
2024-12-23,71.33999633789062,72.52999877929688,71.25,72.48999786376953,69.82109832763672,7509000
2024-12-24,72.41999816894531,72.91000366210938,72.02999877929688,72.91000366210938,70.22564697265625,3001800
2024-12-26,72.4800033569336,72.9000015258789,72.2699966430664,72.37000274658203,69.70552062988281,4503800
2024-12-27,71.9000015258789,72.43000030517578,71.68000030517578,72.11000061035156,69.45510864257812,5458100
2024-12-30,71.68000030517578,71.91000366210938,70.9800033569336,71.76000213623047,69.11798858642578,8399000
2024-12-31,71.86000061035156,72.41000366210938,71.4000015258789,71.69000244140625,69.05056762695312,6216500
2025-01-02,72.47000122070312,72.62000274658203,71.29000091552734,71.61000061035156,68.97350311279297,5344800
2025-01-03,71.91999816894531,72.68000030517578,71.58999633789062,71.98999786376953,69.3395004272461,5088900
2025-01-06,71.80000305175781,71.94000244140625,70.83999633789062,71.23999786376953,68.61712646484375,7025900
2025-01-07,71.45999908447266,71.9000015258789,70.05999755859375,70.43000030517578,67.83694458007812,8975400
2025-01-08,70.0199966430664,70.69999694824219,69.45999908447266,70.66000366210938,68.05847930908203,7930600
2025-01-10,69.98999786376953,70.06999969482422,67.06999969482422,67.37999725341797,64.89923095703125,16261800
2025-01-13,67.22000122070312,67.36000061035156,65.88999938964844,66.95999908447266,64.49469757080078,17056600
2025-01-14,66.9800033569336,68.01000213623047,66.87999725341797,67.9800033569336,65.4771499633789,10699100
2025-01-15,69.2699966430664,70.04000091552734,69.01000213623047,69.29000091552734,66.73892211914062,12416500
2025-01-16,68.95999908447266,71.41999816894531,68.88999938964844,71.37000274658203,68.74234008789062,11469500
2025-01-17,71.08999633789062,71.83999633789062,70.73999786376953,70.76000213623047,68.15480041503906,12664600
2025-01-21,71.36000061035156,71.87999725341797,70.77999877929688,70.8499984741211,68.24149322509766,12153800
2025-01-22,70.55999755859375,70.56999969482422,68.33999633789062,68.48999786376953,65.96836853027344,14415200
2025-01-23,68.8499984741211,69.3499984741211,68.2699966430664,69.2300033569336,66.68113708496094,10780100
2025-01-24,68.0999984741211,74.05000305175781,68.0,72.83000183105469,70.14857482910156,24588500
2025-01-27,73.30000305175781,73.93000030517578,70.63999938964844,73.83000183105469,71.11177825927734,19128900
2025-01-28,72.33000183105469,72.87999725341797,69.91999816894531,70.54000091552734,67.94290161132812,16630500
2025-01-29,70.75,71.5199966430664,70.61000061035156,70.88999938964844,68.28002166748047,9496700
2025-01-30,71.98999786376953,72.0,70.79000091552734,71.30000305175781,68.67491912841797,8639200
2025-01-31,71.51000213623047,71.7300033569336,70.93000030517578,71.55999755859375,68.92533874511719,10708600
2025-02-03,70.5,71.79000091552734,70.19000244140625,71.05000305175781,68.43412780761719,9128300
2025-02-04,70.25,70.8499984741211,69.62000274658203,69.9000015258789,67.32646179199219,10574700
2025-02-05,70.75,70.79000091552734,69.13999938964844,69.19999694824219,66.65222930908203,9026100
2025-02-06,69.4000015258789,69.62000274658203,68.26000213623047,69.2699966430664,66.71965789794922,9145300
2025-02-07,69.13999938964844,69.38999938964844,68.19999694824219,68.2699966430664,65.7564697265625,9320400
2025-02-10,68.33999633789062,69.73999786376953,68.08999633789062,69.69999694824219,67.13381958007812,9121300
2025-02-11,69.41000366210938,70.37999725341797,68.70999908447266,70.33000183105469,67.74063110351562,7020100
2025-02-12,69.30999755859375,70.19000244140625,68.9800033569336,69.27999877929688,66.72927856445312,8574000
2025-02-13,69.41999816894531,69.66000366210938,68.55999755859375,68.5999984741211,66.0743179321289,15173000
2025-02-14,68.5999984741211,69.0199966430664,67.87999725341797,68.05999755859375,65.55419921875,14184600
2025-02-18,68.0,68.55000305175781,67.52999877929688,68.5,65.97801208496094,12090900
2025-02-19,68.54000091552734,69.51000213623047,68.41000366210938,69.05999755859375,66.51738739013672,8843000
2025-02-20,69.08000183105469,70.44000244140625,68.81999969482422,70.13999938964844,67.55762481689453,9340500
2025-02-21,70.13999938964844,71.97000122070312,70.01000213623047,71.58000183105469,68.94461059570312,16742500
2025-02-24,71.30000305175781,71.45999908447266,69.91999816894531,70.80000305175781,68.1933364868164,11970900
2025-02-25,71.19999694824219,71.70999908447266,70.68000030517578,71.27999877929688,68.65564727783203,14063400
2025-02-26,71.19000244140625,71.63999938964844,70.51000213623047,71.01000213623047,68.39559936523438,8010500
2025-02-27,70.56999969482422,70.91000366210938,69.30999755859375,69.37999725341797,66.82559967041016,9379800
2025-02-28,69.58999633789062,70.22000122070312,69.27999877929688,70.16999816894531,68.1434097290039,11247700
2025-03-03,70.05000305175781,71.69999694824219,70.0,71.62000274658203,69.5515365600586,9492200
2025-03-04,71.95999908447266,73.08000183105469,70.76000213623047,70.8499984741211,68.80377960205078,17869500
2025-03-05,70.52999877929688,70.88999938964844,69.38999938964844,70.4800033569336,68.44446563720703,7722400
2025-03-06,70.0199966430664,70.11000061035156,69.0199966430664,70.01000213623047,67.988037109375,7482300
2025-03-07,70.18000030517578,73.12000274658203,70.05999755859375,72.83000183105469,70.7265853881836,13469300
2025-03-10,73.0,76.29000091552734,72.4800033569336,76.16000366210938,73.96041870117188,25263700
2025-03-11,75.9000015258789,76.26000213623047,73.19999694824219,74.02999877929688,71.89192962646484,14836800
2025-03-12,73.0,73.37999725341797,71.77999877929688,72.91999816894531,70.81399536132812,12110700
2025-03-13,73.19999694824219,73.55000305175781,72.05000305175781,72.7300033569336,70.62947845458984,11252600
2025-03-14,72.77999877929688,73.68000030517578,72.33000183105469,73.55000305175781,71.4258041381836,8699300
2025-03-17,73.43000030517578,73.43000030517578,71.06999969482422,72.11000061035156,70.02739715576172,14954000
2025-03-18,72.20999908447266,72.20999908447266,70.2699966430664,70.69999694824219,68.65811157226562,15212100
2025-03-19,71.0199966430664,71.18000030517578,70.0,70.5,68.46388244628906,9457000
2025-03-20,71.04000091552734,72.08999633789062,70.58999633789062,71.1500015258789,69.09510803222656,11815600
2025-03-21,71.0199966430664,71.95999908447266,70.16999816894531,70.87999725341797,68.8329086303711,15782000
2025-03-24,70.94999694824219,71.79000091552734,69.91000366210938,70.06999969482422,68.04630279541016,12385400
2025-03-25,70.4800033569336,70.4800033569336,68.41999816894531,68.58999633789062,66.60904693603516,12618800
2025-03-26,68.7699966430664,69.83999633789062,68.68000030517578,69.7300033569336,67.71612548828125,9154600
2025-03-27,69.76000213623047,71.0199966430664,69.61000061035156,70.02999877929688,68.0074691772461,8748800
2025-03-28,70.44000244140625,70.97000122070312,70.16999816894531,70.44999694824219,68.41532897949219,7846900
2025-03-31,70.70999908447266,71.75,70.62000274658203,70.88999938964844,68.84262084960938,13347100
2025-04-01,71.0,71.56999969482422,70.5199966430664,70.91999816894531,68.87174987792969,8715800
2025-04-02,71.08999633789062,71.29000091552734,70.12999725341797,70.4800033569336,68.44446563720703,8480100
2025-04-03,71.66999816894531,72.95999908447266,71.37000274658203,72.13999938964844,70.0565185546875,13652700
2025-04-04,72.79000091552734,73.41999816894531,66.86000061035156,66.91000366210938,64.97757720947266,20993500
2025-04-07,65.5,67.2699966430664,63.93000030517578,65.05999755859375,63.18099594116211,19494900
2025-04-08,66.43000030517578,66.58000183105469,63.20000076293945,64.11000061035156,62.2584342956543,14232600
2025-04-09,63.38999938964844,67.79000091552734,61.720001220703125,67.58000183105469,65.62821960449219,23207800
2025-04-10,66.80000305175781,67.5,65.23999786376953,66.72000122070312,64.79306030273438,12801900
2025-04-11,66.44999694824219,66.98999786376953,64.5999984741211,65.80999755859375,63.909332275390625,14856900
2025-04-14,66.4800033569336,68.12000274658203,65.95999908447266,67.69000244140625,65.73503875732422,11588800
2025-04-15,67.86000061035156,68.44000244140625,67.52999877929688,67.66000366210938,65.70590209960938,7851700
2025-04-16,67.94999694824219,68.05000305175781,65.30000305175781,65.63999938964844,63.7442512512207,11356100
2025-04-17,66.04000091552734,67.33999633789062,65.97000122070312,66.30999755859375,64.3948974609375,11212300
2025-04-21,65.81999969482422,66.05999755859375,63.63999938964844,64.68000030517578,62.81197738647461,11568700
2025-04-22,65.45999908447266,66.80000305175781,65.3499984741211,66.63999938964844,64.71537017822266,14352000
2025-04-23,67.55000305175781,69.0999984741211,66.98999786376953,67.2699966430664,65.3271713256836,19476200
2025-04-24,67.04000091552734,67.19999694824219,65.23999786376953,66.3499984741211,64.43373107910156,13724700
2025-04-25,66.66000366210938,66.87000274658203,65.36000061035156,66.08999633789062,64.18124389648438,9640200
2025-04-28,66.16000366210938,66.33999633789062,65.27999877929688,66.19000244140625,64.27835845947266,7123500
2025-04-29,66.05000305175781,67.4000015258789,65.72000122070312,67.25,65.30775451660156,8891500
2025-04-30,67.01000213623047,67.20999908447266,65.45999908447266,66.87999725341797,64.94844055175781,13763500
2025-05-01,67.48999786376953,67.62999725341797,65.94000244140625,66.05000305175781,64.14241027832031,11487900
2025-05-02,66.0999984741211,67.37000274658203,65.98999786376953,67.08999633789062,65.15237426757812,13333200
2025-05-05,67.0,67.02999877929688,65.87999725341797,66.0999984741211,64.19096374511719,7117800
2025-05-06,65.80999755859375,66.88999938964844,65.3499984741211,66.54000091552734,64.61825561523438,7943000
2025-05-07,66.26000213623047,67.9800033569336,65.97000122070312,67.36000061035156,65.4145736694336,9961300
2025-05-08,67.2699966430664,69.37999725341797,66.91000366210938,68.31999969482422,66.34683990478516,13030100
2025-05-09,68.68000030517578,70.48999786376953,68.44999694824219,70.30999755859375,68.27936553955078,17326200
2025-05-12,70.91000366210938,70.98999786376953,68.69999694824219,69.69000244140625,67.67728424072266,18943800
2025-05-13,70.06999969482422,72.4800033569336,69.95999908447266,72.11000061035156,70.02739715576172,22962500
2025-05-14,71.80000305175781,72.44000244140625,70.75,72.19000244140625,70.1050796508789,15238900
2025-05-15,73.0,74.83000183105469,72.44999694824219,74.55000305175781,72.39691925048828,17789900
2025-05-16,74.55000305175781,75.0,73.70999908447266,75.0,72.83392333984375,12829800
2025-05-19,74.22000122070312,74.25,73.16000366210938,73.86000061035156,71.72683715820312,14438400
2025-05-20,74.0,75.20999908447266,73.83000183105469,74.41000366210938,72.2609634399414,8046700
2025-05-21,74.06999969482422,74.33999633789062,71.36000061035156,71.54000091552734,69.4738540649414,16133100
2025-05-22,68.9000015258789,69.0,63.880001068115234,66.94000244140625,65.00670623779297,40207600
2025-05-23,67.01000213623047,67.94999694824219,65.97000122070312,67.76000213623047,65.80301666259766,17161100
2025-05-27,67.75,68.37000274658203,67.47000122070312,68.04000091552734,66.07493591308594,10910700
2025-05-28,67.88999938964844,68.1500015258789,66.83000183105469,67.20999908447266,65.26890563964844,7835700
2025-05-29,66.7699966430664,69.0999984741211,66.7699966430664,68.98999786376953,66.99749755859375,11570200
2025-05-30,68.80000305175781,70.69000244140625,68.5,70.63999938964844,68.59983825683594,18802700
2025-06-02,69.75,70.19999694824219,69.04000091552734,70.1500015258789,68.67522430419922,9366900
2025-06-03,70.30000305175781,71.08000183105469,69.86000061035156,70.94999694824219,69.4583969116211,11014300
2025-06-04,71.1500015258789,71.1500015258789,69.79000091552734,69.87999725341797,68.41089630126953,10894900
2025-06-05,70.30000305175781,72.0,69.75,71.5,69.99684143066406,10967200
2025-06-06,71.62000274658203,72.29000091552734,71.47000122070312,72.16000366210938,70.6429672241211,9286000
2025-06-09,72.2300033569336,72.45999908447266,71.31999969482422,71.9000015258789,70.38843536376953,7062600
2025-06-10,72.30000305175781,73.05999755859375,71.93000030517578,72.80999755859375,71.27930450439453,9888000
2025-06-11,72.83000183105469,73.48999786376953,72.55999755859375,73.0,71.4653091430664,12000200
2025-06-12,73.41999816894531,74.43000030517578,73.26000213623047,73.83999633789062,72.28765106201172,11022200
2025-06-13,73.79000091552734,75.25,73.38999938964844,74.77999877929688,73.2078857421875,13213400
2025-06-16,75.19999694824219,75.30000305175781,72.55999755859375,73.77999877929688,72.22891235351562,14546000
2025-06-17,73.33000183105469,73.62000274658203,70.44999694824219,71.86000061035156,70.34927368164062,12971300
2025-06-18,71.97000122070312,72.44000244140625,71.37999725341797,71.56999969482422,70.06536865234375,7203300
2025-06-20,71.87000274658203,72.55999755859375,71.5,71.52999877929688,70.02621459960938,15182700
2025-06-23,71.79000091552734,72.31999969482422,70.12999725341797,70.7300033569336,69.24303436279297,8671300
2025-06-24,71.0199966430664,71.61000061035156,70.68000030517578,71.4000015258789,69.8989486694336,9001300
2025-06-25,70.63999938964844,71.12999725341797,70.13999938964844,70.33999633789062,68.8612289428711,12839000
2025-06-26,70.4000015258789,71.19999694824219,70.29000091552734,70.98999786376953,69.49755859375,8010800
2025-06-27,71.51000213623047,71.81999969482422,70.3499984741211,70.88999938964844,69.39966583251953,14275000
2025-06-30,67.83000183105469,69.68000030517578,67.19999694824219,69.41999816894531,67.96056365966797,20894500
2025-07-01,69.56999969482422,73.1500015258789,67.54000091552734,73.05999755859375,71.52404022216797,23841100
2025-07-02,72.79000091552734,73.75,72.58000183105469,73.0199966430664,71.48487854003906,11240100
2025-07-03,73.0,75.05000305175781,72.47000122070312,73.87999725341797,72.32679748535156,8560900
2025-07-07,73.69999694824219,74.86000061035156,73.5,74.75,73.17851257324219,11368300
2025-07-08,72.86000061035156,73.4000015258789,71.26000213623047,72.45999908447266,70.93666076660156,19550700
2025-07-09,72.87000274658203,73.88999938964844,72.68000030517578,73.6500015258789,72.10164642333984,8818700
2025-07-10,73.30000305175781,74.83999633789062,73.0,74.63999938964844,73.07083129882812,6955100
2025-07-11,73.8499984741211,74.44000244140625,73.4800033569336,74.4000015258789,72.83586883544922,8094100
2025-07-14,74.4000015258789,75.83000183105469,74.16999816894531,75.04000091552734,73.4624252319336,10420500
2025-07-15,75.33999633789062,75.54000091552734,74.19000244140625,74.69999694824219,73.12956237792969,8880100
2025-07-16,75.05999755859375,75.30999755859375,74.26000213623047,74.7699966430664,73.1980972290039,8906300
2025-07-17,74.51000213623047,75.47000122070312,74.37000274658203,75.18000030517578,73.59947204589844,7174600
2025-07-18,75.25,76.3499984741211,74.97000122070312,75.94999694824219,74.35327911376953,7986300
2025-07-21,76.33999633789062,77.0999984741211,75.95999908447266,76.16999816894531,74.56865692138672,8349900
2025-07-22,76.3499984741211,77.5999984741211,76.3499984741211,77.54000091552734,75.90985870361328,9032600
2025-07-23,77.5,78.45999908447266,72.06999969482422,72.81999969482422,71.2890853881836,21219500
2025-07-24,72.93000030517578,72.97000122070312,71.3499984741211,71.97000122070312,70.45696258544922,11166100
2025-07-25,72.0999984741211,72.72000122070312,71.08000183105469,71.8499984741211,70.33948516845703,8074800
2025-07-28,71.9000015258789,72.30000305175781,70.97000122070312,71.33999633789062,69.84020233154297,8157200
2025-07-29,71.63999938964844,72.27999877929688,71.05000305175781,71.94999694824219,70.4373779296875,7588500
2025-07-30,71.9000015258789,72.01000213623047,70.93000030517578,70.98999786376953,69.49755859375,6940300
2025-07-31,70.41000366210938,71.22000122070312,69.69000244140625,71.05999755859375,69.56609344482422,8845200
2025-08-01,71.43000030517578,71.79000091552734,70.33999633789062,70.4000015258789,68.91996765136719,6628500
2025-08-04,70.5,71.20999908447266,70.18000030517578,70.52999877929688,69.04723358154297,6543600
2025-08-05,70.86000061035156,71.94000244140625,70.66000366210938,71.18000030517578,69.6835708618164,7178900
2025-08-06,71.44000244140625,71.51000213623047,70.48999786376953,70.54000091552734,69.0570297241211,7720200
2025-08-07,70.66999816894531,72.66000366210938,70.66999816894531,72.58000183105469,71.05413818359375,7418600
2025-08-08,72.66000366210938,73.0,72.2300033569336,72.41000366210938,70.88771057128906,5575700
2025-08-11,72.80000305175781,73.0199966430664,71.12000274658203,72.44999694824219,70.92686462402344,8420000
2025-08-12,72.69000244140625,72.77999877929688,71.13999938964844,71.86000061035156,70.34927368164062,8671100
2025-08-13,71.9000015258789,72.30999755859375,71.19999694824219,72.30000305175781,70.78002166748047,8122300
2025-08-14,71.80000305175781,72.51000213623047,71.3499984741211,72.23999786376953,70.72128295898438,6781000
2025-08-15,72.23999786376953,76.69000244140625,71.77999877929688,75.41000366210938,73.82464599609375,23398400
2025-08-18,76.11000061035156,77.30999755859375,75.30999755859375,75.72000122070312,74.12812805175781,12568400
2025-08-19,75.80000305175781,76.58000183105469,75.44999694824219,76.51000213623047,74.90151977539062,8047300
2025-08-20,76.72000122070312,77.26000213623047,75.83000183105469,76.18000030517578,74.57844543457031,11011600
2025-08-21,76.47000122070312,77.41999816894531,75.58000183105469,76.08000183105469,74.48056030273438,8637100
2025-08-22,76.6500015258789,77.08999633789062,75.43000030517578,76.31999969482422,74.71550750732422,13128900
2025-08-25,75.80999755859375,76.19999694824219,75.11000061035156,75.31999969482422,73.73653411865234,6337700
2025-08-26,75.44000244140625,75.75,74.43000030517578,74.83999633789062,73.2666244506836,7162700
2025-08-27,74.91000366210938,75.01000213623047,73.4000015258789,73.88999938964844,72.33659362792969,10119000
2025-08-28,73.26000213623047,73.4800033569336,71.9000015258789,72.08999633789062,71.12017822265625,10917200
2025-08-29,72.4000015258789,72.83000183105469,71.81999969482422,72.05000305175781,71.08072662353516,11280500
2025-09-02,72.2699966430664,72.66000366210938,71.48999786376953,72.6500015258789,71.67265319824219,8661500
2025-09-03,72.12000274658203,72.62999725341797,71.36000061035156,71.62999725341797,70.66637420654297,7722300
2025-09-04,72.05000305175781,72.5,70.16000366210938,70.87000274658203,69.91659545898438,14596800
2025-09-05,71.25,71.7300033569336,70.26000213623047,70.9000015258789,69.94619750976562,10067600
2025-09-08,70.83000183105469,70.83999633789062,69.23999786376953,69.7699966430664,68.83139038085938,12596500
2025-09-09,69.66000366210938,70.31999969482422,69.54000091552734,70.06999969482422,69.12735748291016,7294500
2025-09-10,70.0,71.33000183105469,69.62000274658203,71.04000091552734,70.08430480957031,9254400
2025-09-11,70.97000122070312,71.44000244140625,70.51000213623047,71.31999969482422,70.36054229736328,7418300
2025-09-12,71.1500015258789,72.48999786376953,70.80999755859375,71.63999938964844,70.67623901367188,9345600
2025-09-15,71.58000183105469,72.19999694824219,71.30000305175781,71.5,70.53811645507812,10399100
2025-09-16,71.29000091552734,71.54000091552734,69.7699966430664,69.83000183105469,68.89058685302734,7930200
2025-09-17,70.27999877929688,71.01000213623047,70.0999984741211,70.30999755859375,69.36412048339844,10799600
2025-09-18,70.0,71.08999633789062,69.37000274658203,70.79000091552734,69.8376693725586,8488500
2025-09-19,70.9800033569336,71.4000015258789,70.37000274658203,71.08000183105469,70.12377166748047,14819300
2025-09-22,71.4000015258789,72.54000091552734,71.2699966430664,72.3499984741211,71.37667846679688,9856700
2025-09-23,72.0999984741211,72.62000274658203,71.72000122070312,72.31999969482422,71.34708404541016,7795900
2025-09-24,72.19000244140625,73.87999725341797,72.05000305175781,73.83000183105469,72.83677673339844,11281800
2025-09-25,74.05999755859375,74.91000366210938,73.58999633789062,74.6500015258789,73.64574432373047,12916500
2025-09-26,74.7300033569336,75.86000061035156,74.62999725341797,75.8499984741211,74.82959747314453,8271500
2025-09-29,75.68000030517578,76.29000091552734,75.2699966430664,76.20999908447266,75.18475341796875,10366000
2025-09-30,76.45999908447266,76.69999694824219,75.12000274658203,75.48999786376953,74.47444152832031,9392700
2025-10-01,76.33000183105469,78.69999694824219,76.22000122070312,78.66999816894531,77.61165618896484,15044800
2025-10-02,78.63999938964844,78.88999938964844,77.54000091552734,78.18000030517578,77.12825012207031,9266600
2025-10-03,78.44999694824219,81.36000061035156,77.6500015258789,80.05999755859375,78.98295593261719,12116600
2025-10-06,80.1500015258789,82.37000274658203,80.1500015258789,82.11000061035156,81.00538635253906,15767600
2025-10-07,83.12999725341797,84.61000061035156,82.41000366210938,83.20999908447266,82.09058380126953,16109700
2025-10-08,83.69999694824219,84.38999938964844,82.87000274658203,84.04000091552734,82.90941619873047,13775600
2025-10-09,84.45999908447266,84.81999969482422,83.44999694824219,83.70999908447266,82.58385467529297,7486100
2025-10-10,83.9000015258789,84.83000183105469,83.19999694824219,83.3499984741211,82.22869873046875,10285600
2025-10-13,83.12999725341797,85.02999877929688,83.01000213623047,84.30000305175781,83.16593170166016,8424300
2025-10-14,84.16999816894531,84.83999633789062,83.43000030517578,84.63999938964844,83.50135040283203,8912900
2025-10-15,85.06999969482422,86.48999786376953,84.83000183105469,85.79000091552734,84.63587951660156,9268600
2025-10-16,86.22000122070312,86.73999786376953,84.9800033569336,85.05000305175781,83.90583801269531,8333700
2025-10-17,85.44999694824219,85.81999969482422,84.16999816894531,84.52999877929688,83.392822265625,9142200
2025-10-20,85.19000244140625,85.33999633789062,84.30999755859375,84.7699966430664,83.62959289550781,5225700
2025-10-21,85.0,85.11000061035156,83.02999877929688,83.98999786376953,82.86009216308594,7282200
2025-10-22,84.06999969482422,84.22000122070312,82.47000122070312,82.83999633789062,81.7255630493164,9208900
2025-10-23,83.88999938964844,83.88999938964844,82.56999969482422,83.25,82.13005065917969,5630800
2025-10-24,83.58000183105469,84.77999877929688,83.36000061035156,84.41000366210938,83.27444458007812,6249800
2025-10-27,83.98999786376953,87.29000091552734,83.79000091552734,86.02999877929688,84.87265014648438,18741000
2025-10-28,87.5199966430664,87.52999877929688,82.91000366210938,83.56999969482422,82.44574737548828,13998100
2025-10-29,83.30000305175781,83.79000091552734,81.05000305175781,81.76000213623047,80.66009521484375,11681500
2025-10-30,81.81999969482422,82.58000183105469,81.44000244140625,81.63999938964844,80.54170989990234,7620100
2025-10-31,81.33999633789062,82.02999877929688,80.86000061035156,81.4000015258789,80.30493927001953,9407300
2025-11-03,81.30000305175781,82.0999984741211,80.5999984741211,81.77999877929688,80.67982482910156,8508200
2025-11-04,81.77999877929688,82.20999908447266,80.80000305175781,81.69000244140625,80.59103393554688,6474500
2025-11-05,81.41999816894531,82.62999725341797,81.11000061035156,82.13999938964844,81.03498077392578,7291000
2025-11-06,82.12000274658203,82.97000122070312,81.98999786376953,82.0,80.89686584472656,6212700
2025-11-07,81.91000366210938,84.0,81.62000274658203,83.93000030517578,82.8009033203125,9167100
2025-11-10,84.18000030517578,85.47000122070312,83.69000244140625,84.7699966430664,83.62959289550781,11701700
2025-11-11,84.69000244140625,85.83000183105469,84.55000305175781,85.76000213623047,84.60628509521484,11733900
2025-11-12,85.43000030517578,86.26000213623047,85.01000213623047,85.88999938964844,84.73452758789062,7604800
2025-11-13,85.77999877929688,85.93000030517578,83.93000030517578,83.98999786376953,82.86009216308594,11859300
2025-11-14,83.51000213623047,84.48999786376953,82.52999877929688,83.87999725341797,82.7515640258789,8352100
2025-11-17,83.69000244140625,85.7699966430664,83.69000244140625,85.75,84.5964126586914,11607900
2025-11-18,86.12000274658203,86.69000244140625,84.62000274658203,84.63999938964844,83.50135040283203,11061200
2025-11-19,85.12000274658203,85.33999633789062,83.91999816894531,84.2699966430664,83.13632202148438,11138700
2025-11-20,84.79000091552734,86.48999786376953,84.19999694824219,84.30000305175781,83.16593170166016,10967000
2025-11-21,84.18000030517578,84.66999816894531,81.63999938964844,83.4800033569336,82.91463470458984,13930100
2025-11-24,83.7699966430664,84.79000091552734,83.01000213623047,84.2300033569336,83.65956115722656,13291500
2025-11-25,84.69000244140625,85.33999633789062,84.18000030517578,84.83000183105469,84.2554931640625,7916800
2025-11-26,85.25,85.69000244140625,84.69000244140625,85.54000091552734,84.96068572998047,6550600
2025-11-28,85.44000244140625,86.47000122070312,85.1500015258789,86.29000091552734,85.70560455322266,4123300
2025-12-01,85.58999633789062,85.66999816894531,84.38999938964844,84.6500015258789,84.07671356201172,7986600
2025-12-02,84.91000366210938,85.27999877929688,84.25,84.58000183105469,84.00718688964844,7087000
2025-12-03,84.66000366210938,85.97000122070312,84.5,84.94999694824219,84.37467956542969,9615100
2025-12-04,84.5199966430664,84.80999755859375,82.73999786376953,83.38999938964844,82.82524108886719,12489600
2025-12-05,83.51000213623047,84.19999694824219,83.05999755859375,83.12999725341797,82.56700134277344,8194600
2025-12-08,83.13999938964844,83.16000366210938,80.41000366210938,80.55000305175781,80.00447845458984,18136600
2025-12-09,80.80000305175781,81.13999938964844,79.5,79.63999938964844,79.10063934326172,13760400
2025-12-10,80.05000305175781,81.91999816894531,79.63999938964844,81.2699966430664,80.71959686279297,13341100
2025-12-11,81.25,82.41000366210938,81.06999969482422,81.20999908447266,80.6600112915039,9494100
2025-12-12,81.83999633789062,82.2699966430664,81.33000183105469,81.6500015258789,81.09703063964844,7783100
2025-12-15,82.01000213623047,82.23999786376953,80.52999877929688,81.6500015258789,81.09703063964844,9489800
2025-12-16,81.63999938964844,81.8499984741211,80.19000244140625,81.31999969482422,80.7692642211914,6616600
2025-12-17,80.97000122070312,81.30999755859375,79.6500015258789,80.29000091552734,79.7462387084961,10212000
2025-12-18,80.4000015258789,81.18000030517578,80.0,80.8499984741211,80.30244445800781,9201300
2025-12-19,80.56999969482422,81.13999938964844,79.52999877929688,79.54000091552734,79.0013198852539,30492300
2025-12-22,79.0199966430664,80.18000030517578,78.72000122070312,80.04000091552734,79.49793243408203,7136200
2025-12-23,80.02999877929688,80.69999694824219,79.75,79.79000091552734,79.24962615966797,7875000
2025-12-24,80.13999938964844,80.47000122070312,79.69000244140625,80.44999694824219,79.9051513671875,3011300
2025-12-26,80.4800033569336,80.63999938964844,80.05000305175781,80.41000366210938,79.86543273925781,3636400
2025-12-29,80.41999816894531,81.25,80.22000122070312,80.2699966430664,79.72637176513672,5854600
2025-12-30,80.19999694824219,80.66999816894531,80.1500015258789,80.52999877929688,79.98461151123047,4075900
2025-12-31,80.69000244140625,80.69000244140625,80.20999908447266,80.27999877929688,79.7363052368164,5036200
2026-01-02,80.44999694824219,81.0199966430664,79.58999633789062,80.93000030517578,80.38190460205078,8852900
2026-01-05,81.16000366210938,81.33999633789062,79.25,81.31999969482422,80.7692642211914,8301900
2026-01-06,81.25,81.58999633789062,80.5,81.05000305175781,80.5010986328125,7254500
2026-01-07,80.66999816894531,80.79000091552734,78.36000061035156,78.37000274658203,77.83924865722656,9859900
2026-01-08,78.44999694824219,79.95999908447266,78.37999725341797,79.48999786376953,78.95165252685547,8696700
2026-01-09,80.19999694824219,80.91999816894531,79.87000274658203,79.88999938964844,79.34894561767578,5842200
2026-01-12,79.8499984741211,81.1500015258789,79.5199966430664,81.12000274658203,80.57061767578125,11088100
2026-01-13,81.16000366210938,81.93000030517578,80.41999816894531,81.63999938964844,81.08709716796875,8543000
2026-01-14,80.94000244140625,82.62999725341797,80.94000244140625,81.9800033569336,81.42479705810547,10282400
2026-01-15,81.9800033569336,82.66999816894531,81.54000091552734,82.19000244140625,81.63337707519531,7419300
2026-01-16,83.0,84.05000305175781,82.13999938964844,83.62999725341797,83.06361389160156,12874900
2026-01-20,83.01000213623047,83.93000030517578,82.5199966430664,83.51000213623047,82.9444351196289,10054800
2026-01-21,84.04000091552734,84.38999938964844,83.19999694824219,83.8499984741211,83.2821273803711,8296600
2026-01-22,84.58000183105469,85.51000213623047,83.66999816894531,85.06999969482422,84.49386596679688,9802300
2026-01-23,85.25,85.25,84.19999694824219,84.80999755859375,84.23562622070312,13301700
2026-01-26,85.2699966430664,86.27999877929688,84.83999633789062,85.47000122070312,84.89115905761719,10990600
2026-01-27,84.5,88.95999908447266,83.80000305175781,87.1500015258789,86.55978393554688,15472300
2026-01-28,87.72000122070312,88.62000274658203,87.05999755859375,87.56999969482422,86.97693634033203,8200000
2026-01-29,88.58000183105469,89.19000244140625,87.63999938964844,88.18000030517578,87.58280181884766,11202400
2026-01-30,87.9000015258789,88.29000091552734,86.16000366210938,87.9000015258789,87.30470275878906,10205300
2026-02-02,88.13999938964844,88.75,86.31999969482422,86.33000183105469,85.7453384399414,9423100
2026-02-03,86.68000030517578,88.88999938964844,86.68000030517578,88.81999969482422,88.21846771240234,9600200
2026-02-04,89.7300033569336,90.69000244140625,88.95999908447266,89.97000122070312,89.36067962646484,12182700
2026-02-05,90.0,90.48999786376953,88.08999633789062,89.20999908447266,88.60582733154297,9799400
2026-02-06,90.52999877929688,90.98999786376953,88.38999938964844,89.47000122070312,88.86406707763672,8225200
2026-02-09,89.33999633789062,89.77999877929688,88.75,89.4800033569336,88.8740005493164,6528800
2026-02-10,89.7300033569336,91.95999908447266,89.2699966430664,90.83000183105469,90.21485900878906,7213700
2026-02-11,91.36000061035156,91.58999633789062,90.45999908447266,91.36000061035156,90.74127197265625,7305000
2026-02-12,91.37999725341797,93.58999633789062,91.2300033569336,91.93000030517578,91.30741119384766,9181600
2026-02-13,91.5199966430664,94.94000244140625,91.08000183105469,93.80000305175781,93.16474914550781,10402800
2026-02-17,94.91000366210938,95.55999755859375,92.27999877929688,92.70999908447266,92.08212280273438,9455400
2026-02-18,93.0,93.01000213623047,90.58999633789062,91.22000122070312,90.60221862792969,9064800
2026-02-19,91.05999755859375,92.18000030517578,91.02999877929688,91.63999938964844,91.01937103271484,8483500
2026-02-20,92.19000244140625,92.44999694824219,91.30999755859375,92.18000030517578,91.55571746826172,7175600
2026-02-23,92.94000244140625,94.19000244140625,92.58999633789062,94.05999755859375,93.42298126220703,8433600
2026-02-24,94.4000015258789,95.83999633789062,93.91999816894531,95.68000030517578,95.03201293945312,11597600
2026-02-25,95.69999694824219,95.91000366210938,93.80999755859375,95.11000061035156,94.46587371826172,9025500
2026-02-26,94.62000274658203,95.0,91.8499984741211,91.98999786376953,91.36699676513672,20015700
2026-02-27,90.9000015258789,94.13999938964844,90.6500015258789,93.7699966430664,93.7699966430664,25138500
2026-03-02,93.4000015258789,93.6500015258789,91.75,92.70999908447266,92.70999908447266,10147800
2026-03-03,91.3499984741211,93.0999984741211,90.33000183105469,92.58999633789062,92.58999633789062,11307700
2026-03-04,92.55999755859375,93.0999984741211,91.62999725341797,92.5999984741211,92.5999984741211,9384300
2026-03-05,92.30000305175781,92.37999725341797,89.9000015258789,91.12999725341797,91.12999725341797,12086800
2026-03-06,90.55000305175781,91.62999725341797,90.01000213623047,91.0199966430664,91.0199966430664,9745100
2026-03-09,90.2699966430664,92.19000244140625,89.6500015258789,92.01000213623047,92.01000213623047,9563600
2026-03-10,91.70999908447266,92.13999938964844,91.05999755859375,91.54000091552734,91.54000091552734,7485900
2026-03-11,91.54000091552734,92.45999908447266,91.0999984741211,91.66000366210938,91.66000366210938,9734300
2026-03-12,91.19999694824219,92.7300033569336,90.80999755859375,91.7300033569336,91.7300033569336,8730000
2026-03-13,92.7300033569336,93.9000015258789,92.30999755859375,92.77999877929688,92.77999877929688,7504400
2026-03-16,93.9000015258789,94.44000244140625,92.23999786376953,92.81999969482422,92.81999969482422,8466100
2026-03-17,93.58000183105469,93.70999908447266,92.2699966430664,92.52999877929688,92.52999877929688,5496600
2026-03-18,92.26000213623047,92.52999877929688,90.61000061035156,90.95999908447266,90.95999908447266,7053700
2026-03-19,90.6500015258789,92.45999908447266,90.30000305175781,92.41000366210938,92.41000366210938,10538400
2026-03-20,92.73999786376953,94.20999908447266,89.16999816894531,89.5,89.5,21860800
2026-03-23,91.04000091552734,91.41000366210938,90.1500015258789,90.2300033569336,90.2300033569336,10284300
2026-03-24,90.29000091552734,92.5,90.05000305175781,91.62000274658203,91.62000274658203,8808000
2026-03-25,92.41000366210938,92.56999969482422,91.06999969482422,91.16000366210938,91.16000366210938,8639900
2026-03-26,91.69999694824219,92.0,90.56999969482422,91.16000366210938,91.16000366210938,6537800
2026-03-27,91.22000122070312,92.22000122070312,90.69999694824219,91.4000015258789,91.4000015258789,7749600
2026-03-30,92.70999908447266,92.9800033569336,91.5,92.05000305175781,92.05000305175781,9362100
2026-03-31,92.26000213623047,92.98999786376953,91.36000061035156,92.87999725341797,92.87999725341797,13914200
2026-04-01,92.7300033569336,93.87000274658203,92.23999786376953,92.8499984741211,92.8499984741211,7759400
2026-04-02,93.04000091552734,94.27999877929688,92.73999786376953,93.1500015258789,93.1500015258789,10419000
2026-04-06,92.93000030517578,93.66000366210938,92.52999877929688,92.7300033569336,92.7300033569336,4790100
2026-04-07,92.87000274658203,93.66999816894531,92.16000366210938,93.66999816894531,93.66999816894531,6125400
2026-04-08,93.08000183105469,94.33999633789062,92.0199966430664,94.16999816894531,94.16999816894531,6935100
2026-04-09,94.0,96.20999908447266,93.97000122070312,94.4800033569336,94.4800033569336,7349000
2026-04-10,94.3499984741211,94.81999969482422,93.91999816894531,94.08000183105469,94.08000183105469,5323100
2026-04-13,93.8499984741211,94.04000091552734,91.93000030517578,92.30000305175781,92.30000305175781,6111500
2026-04-14,91.69000244140625,91.87000274658203,90.58000183105469,91.30999755859375,91.30999755859375,9370600
2026-04-15,90.16999816894531,91.29000091552734,89.9800033569336,91.23999786376953,91.23999786376953,9144800
2026-04-16,90.80000305175781,91.86000061035156,90.56999969482422,91.83000183105469,91.83000183105469,7734300
2026-04-17,91.05999755859375,92.0199966430664,90.45999908447266,91.9800033569336,91.9800033569336,8148800
2026-04-20,92.08000183105469,93.08000183105469,91.56999969482422,92.01000213623047,92.01000213623047,7734800
2026-04-21,92.5,92.58999633789062,90.55999755859375,90.5999984741211,90.5999984741211,8625800
2026-04-22,91.36000061035156,92.18000030517578,89.9000015258789,90.0,90.0,9477100
2026-04-23,92.5999984741211,96.69999694824219,92.31999969482422,96.25,96.25,17524900
2026-04-24,97.23999786376953,97.62999725341797,95.13999938964844,95.27999877929688,95.27999877929688,9761900
2026-04-27,95.86000061035156,96.9000015258789,94.7699966430664,94.83000183105469,94.83000183105469,7773800
2026-04-28,95.87000274658203,96.62000274658203,95.1500015258789,96.51000213623047,96.51000213623047,7245100
2026-04-29,96.58000183105469,97.0,93.66000366210938,94.16999816894531,94.16999816894531,9091700
2026-04-30,94.58999633789062,98.02999877929688,94.44000244140625,97.87999725341797,97.87999725341797,17551200
2026-05-01,98.0,98.75,96.68000030517578,96.94999694824219,96.94999694824219,7106200
2026-05-04,96.06999969482422,96.83000183105469,94.9800033569336,95.51000213623047,95.51000213623047,6806600
2026-05-05,95.93000030517578,97.05999755859375,95.30000305175781,96.27999877929688,96.27999877929688,7187400
2026-05-06,96.12999725341797,96.70999908447266,95.0199966430664,95.38999938964844,95.38999938964844,8242900
2026-05-07,94.31999969482422,94.8499984741211,92.72000122070312,93.31999969482422,93.31999969482422,9681800
2026-05-08,93.87999725341797,94.37000274658203,92.58000183105469,93.0999984741211,93.0999984741211,6230100
2026-05-11,94.0,95.80000305175781,94.0,94.83999633789062,94.83999633789062,7233800
2026-05-12,94.69999694824219,95.08000183105469,93.5999984741211,94.58999633789062,94.58999633789062,6922400
2026-05-13,94.0999984741211,95.4000015258789,93.31999969482422,94.8499984741211,94.8499984741211,6775700
2026-05-14,94.77999877929688,95.72000122070312,94.20999908447266,95.68000030517578,95.68000030517578,5438200
2026-05-15,94.66000366210938,95.08000183105469,92.69999694824219,93.36000061035156,93.36000061035156,11418400
2026-05-18,91.12000274658203,91.5999984741211,86.62999725341797,89.04000091552734,89.04000091552734,39950600
2026-05-19,88.94999694824219,90.2699966430664,87.36000061035156,90.05999755859375,90.05999755859375,25749400
2026-05-20,90.0199966430664,90.69000244140625,88.08999633789062,88.2699966430664,88.2699966430664,15748800
2026-05-21,88.97000122070312,89.8499984741211,88.45999908447266,89.69000244140625,89.69000244140625,12490600
2026-05-22,89.70999908447266,89.83999633789062,87.94999694824219,88.55000305175781,88.55000305175781,10755400
