Date,Open,High,Low,Close,Adj Close,Volume
2018-06-04,73.0,73.87000274658203,72.79000091552734,73.83000183105469,65.99301147460938,4581900.0
2018-06-05,73.61000061035156,74.22000122070312,73.13999938964844,74.05000305175781,66.18966674804688,4928700.0
2018-06-06,74.37999725341797,74.94000244140625,74.19000244140625,74.75,66.8153305053711,5318100.0
2018-06-07,74.94999694824219,75.91000366210938,74.6500015258789,74.76000213623047,66.82429504394531,6846300.0
2018-06-08,74.77999877929688,75.06999969482422,74.30000305175781,74.9000015258789,66.94940185546875,5524900.0
2018-06-11,75.05999755859375,75.20999908447266,74.54000091552734,74.58999633789062,66.67230224609375,4902800.0
2018-06-12,74.41999816894531,74.61000061035156,74.06999969482422,74.29000091552734,66.40415954589844,4356500.0
2018-06-13,74.2699966430664,74.9000015258789,73.98999786376953,74.11000061035156,66.24327087402344,4696200.0
2018-06-14,74.5999984741211,75.1500015258789,74.3499984741211,74.69999694824219,66.77063751220703,4636000.0
2018-06-15,74.70999908447266,75.8499984741211,74.5,75.83999633789062,67.78965759277344,10977300.0
2018-06-18,75.27999877929688,75.76000213623047,74.91000366210938,75.61000061035156,67.58406829833984,4515900.0
2018-06-19,74.5,74.91999816894531,73.6500015258789,74.26000213623047,66.37734985351562,7562200.0
2018-06-20,74.19999694824219,74.91000366210938,73.97000122070312,74.72000122070312,66.78852081298828,4424900.0
2018-06-21,73.69999694824219,74.79000091552734,73.55000305175781,73.94000244140625,66.09132385253906,5537900.0
2018-06-22,73.56999969482422,74.41000366210938,73.20999908447266,73.43000030517578,65.63545989990234,9404900.0
2018-06-25,73.31999969482422,73.36000061035156,72.02999877929688,72.3499984741211,64.67012023925781,9064100.0
2018-06-26,72.5,73.29000091552734,72.3499984741211,72.55999755859375,64.85779571533203,7072600.0
2018-06-27,72.7300033569336,72.94999694824219,71.1500015258789,71.3499984741211,63.776241302490234,7624700.0
2018-06-28,71.44999694824219,72.12000274658203,71.3499984741211,71.69999694824219,64.08910369873047,9118500.0
2018-06-29,78.76000213623047,81.0,78.36000061035156,79.68000030517578,71.2220230102539,31314100.0
2018-07-02,78.58000183105469,79.4800033569336,77.0199966430664,78.3499984741211,70.03321075439453,11867000.0
2018-07-03,77.41000366210938,77.88999938964844,76.0999984741211,76.27999877929688,68.18294525146484,5794900.0
2018-07-04,77.41000366210938,77.88999938964844,76.0999984741211,76.27999877929688,68.18294525146484,5794900.0
2018-07-05,76.62000274658203,77.41999816894531,76.13999938964844,76.55000305175781,68.42427825927734,6534500.0
2018-07-06,76.4800033569336,77.08000183105469,76.06999969482422,76.4800033569336,68.36168670654297,5916200.0
2018-07-09,76.83999633789062,77.37999725341797,76.3499984741211,77.27999877929688,69.07678985595703,4871400.0
2018-07-10,77.44000244140625,78.08999633789062,77.16000366210938,77.56999969482422,69.33600616455078,6281800.0
2018-07-11,77.12999725341797,77.63999938964844,76.83000183105469,77.36000061035156,69.14828491210938,3656600.0
2018-07-12,77.94000244140625,78.18000030517578,77.2300033569336,77.37000274658203,69.15724182128906,4879200.0
2018-07-13,77.19999694824219,77.61000061035156,77.13999938964844,77.37999725341797,69.1661605834961,2963100.0
2018-07-16,77.36000061035156,78.0999984741211,77.30000305175781,77.75,69.49690246582031,4755100.0
2018-07-17,77.51000213623047,78.0199966430664,77.4000015258789,77.47000122070312,69.24662780761719,4355400.0
2018-07-18,77.43000030517578,77.62000274658203,76.31999969482422,76.58999633789062,68.46005249023438,6101600.0
2018-07-19,75.93000030517578,77.16000366210938,75.80000305175781,76.94999694824219,68.78179168701172,4875100.0
2018-07-20,76.30999755859375,77.08000183105469,76.16000366210938,76.95999908447266,68.79073333740234,5246400.0
2018-07-23,76.70999908447266,76.94999694824219,76.12999725341797,76.58999633789062,68.46005249023438,4198200.0
2018-07-24,76.8499984741211,77.08999633789062,75.44000244140625,75.52999877929688,67.51253509521484,6054000.0
2018-07-25,75.23999786376953,77.18000030517578,75.05999755859375,77.16000366210938,68.96953582763672,5542400.0
2018-07-26,77.0,78.44000244140625,76.81999969482422,78.1500015258789,69.85443115234375,6706200.0
2018-07-27,78.16999816894531,78.41000366210938,76.79000091552734,76.88999938964844,68.72815704345703,6125700.0
2018-07-30,76.87999725341797,76.95999908447266,75.43000030517578,75.95999908447266,67.8968734741211,7275300.0
2018-07-31,76.44000244140625,77.58999633789062,76.16000366210938,76.91000366210938,68.74609375,8265600.0
2018-08-01,76.5,78.05999755859375,76.5,77.54000091552734,69.30917358398438,6878300.0
2018-08-02,77.7699966430664,79.06999969482422,77.4000015258789,78.6500015258789,70.30137634277344,5313800.0
2018-08-03,78.7300033569336,78.9800033569336,78.44000244140625,78.73999786376953,70.38179779052734,3762100.0
2018-08-06,78.73999786376953,79.58000183105469,78.43000030517578,79.51000213623047,71.070068359375,4280600.0
2018-08-07,79.7300033569336,80.62999725341797,79.2699966430664,80.52999877929688,71.98180389404297,5418900.0
2018-08-08,80.20999908447266,81.08000183105469,80.04000091552734,80.5,71.95498657226562,5327100.0
2018-08-09,80.48999786376953,81.87999725341797,80.41000366210938,81.26000213623047,72.63431549072266,4558500.0
2018-08-10,80.81999969482422,81.29000091552734,80.29000091552734,80.7300033569336,72.16057586669922,5036700.0
2018-08-13,80.81999969482422,81.1500015258789,80.01000213623047,80.1500015258789,71.64212799072266,4101200.0
2018-08-14,80.33000183105469,80.8499984741211,79.68000030517578,80.13999938964844,71.63319396972656,6079700.0
2018-08-15,79.56999969482422,79.86000061035156,79.12000274658203,79.56999969482422,71.12371826171875,5057200.0
2018-08-16,79.9000015258789,80.61000061035156,79.80000305175781,80.05000305175781,71.5527572631836,5475800.0
2018-08-17,80.04000091552734,80.44000244140625,79.68000030517578,79.75,71.2845687866211,9001400.0
2018-08-20,81.5199966430664,82.41999816894531,80.94999694824219,82.18000030517578,73.4566421508789,9345200.0
2018-08-21,82.30999755859375,83.08000183105469,82.0199966430664,82.94999694824219,74.1449203491211,6337000.0
2018-08-22,83.0999984741211,83.68000030517578,82.27999877929688,82.63999938964844,73.8678207397461,4308300.0
2018-08-23,82.43000030517578,83.56999969482422,82.33999633789062,82.91000366210938,74.10914611816406,4156900.0
2018-08-24,82.41999816894531,82.87999725341797,82.0999984741211,82.44999694824219,73.69798278808594,3453000.0
2018-08-27,83.04000091552734,83.44999694824219,82.2300033569336,82.6500015258789,73.87676239013672,4012400.0
2018-08-28,83.2300033569336,83.62999725341797,82.4800033569336,82.58000183105469,73.81419372558594,3788800.0
2018-08-29,82.41999816894531,83.0999984741211,82.22000122070312,82.79000091552734,74.00189208984375,5712400.0
2018-08-30,82.58000183105469,82.76000213623047,81.01000213623047,81.4000015258789,72.75946807861328,7122100.0
2018-08-31,81.25,82.25,81.25,82.19999694824219,73.65550231933594,5177100.0
2018-09-03,81.25,82.25,81.25,82.19999694824219,73.65550231933594,5177100.0
2018-09-04,79.38999938964844,80.97000122070312,79.0,79.5999984741211,71.32574462890625,18565800.0
2018-09-05,79.6500015258789,80.31999969482422,79.30000305175781,79.91999816894531,71.61251831054688,12269100.0
2018-09-06,80.16999816894531,80.83999633789062,79.7699966430664,80.4000015258789,72.04261779785156,8576900.0
2018-09-07,80.01000213623047,81.16000366210938,80.01000213623047,80.30000305175781,71.95301055908203,6633900.0
2018-09-10,81.38999938964844,82.44000244140625,81.22000122070312,82.0999984741211,73.56590270996094,6965600.0
2018-09-11,83.19999694824219,83.58000183105469,82.55000305175781,82.62999725341797,74.04081726074219,7166800.0
2018-09-12,82.69999694824219,83.04000091552734,82.04000091552734,83.0,74.37236785888672,5384300.0
2018-09-13,83.20999908447266,83.9000015258789,83.12000274658203,83.47000122070312,74.79350280761719,5382100.0
2018-09-14,83.58000183105469,83.83999633789062,83.05999755859375,83.48999786376953,74.8114013671875,4884400.0
2018-09-17,83.48999786376953,83.93000030517578,82.94000244140625,83.26000213623047,74.6053237915039,4861100.0
2018-09-18,83.23999786376953,85.3499984741211,83.23999786376953,85.26000213623047,76.39740753173828,7277700.0
2018-09-19,85.69000244140625,85.8499984741211,84.12000274658203,84.43000030517578,75.65370178222656,8053100.0
2018-09-20,85.08999633789062,85.87000274658203,84.93000030517578,85.37000274658203,76.49600219726562,6620300.0
2018-09-21,86.0,86.04000091552734,85.01000213623047,85.55000305175781,76.65729522705078,13852700.0
2018-09-24,85.16000366210938,85.26000213623047,84.25,84.2699966430664,75.51031494140625,8770400.0
2018-09-25,84.86000061035156,85.0999984741211,84.06999969482422,84.79000091552734,75.97631072998047,10519500.0
2018-09-26,82.61000061035156,84.7300033569336,81.94999694824219,83.69999694824219,74.99957275390625,16357100.0
2018-09-27,83.7699966430664,84.91999816894531,83.7300033569336,84.54000091552734,75.75225830078125,6080600.0
2018-09-28,84.29000091552734,85.2699966430664,84.25,84.72000122070312,75.9135513305664,7452700.0
2018-10-01,85.0999984741211,85.8499984741211,84.37000274658203,84.45999908447266,75.68055725097656,7876400.0
2018-10-02,84.33999633789062,84.55000305175781,82.5,82.7699966430664,74.16624450683594,8446900.0
2018-10-03,81.93000030517578,82.95999908447266,81.75,82.5,73.92431640625,10046700.0
2018-10-04,82.33999633789062,82.4800033569336,80.0199966430664,80.18000030517578,71.845458984375,9161100.0
2018-10-05,80.08999633789062,80.98999786376953,79.43000030517578,80.12000274658203,71.79171752929688,7019100.0
2018-10-08,80.04000091552734,80.54000091552734,79.08000183105469,80.2300033569336,71.8902816772461,8058700.0
2018-10-09,80.37000274658203,81.48999786376953,80.16000366210938,80.41999816894531,72.0605239868164,7643400.0
2018-10-10,79.66000366210938,80.04000091552734,74.7699966430664,74.94000244140625,67.15018463134766,12977800.0
2018-10-11,74.7699966430664,77.06999969482422,73.9000015258789,74.51000213623047,66.76486206054688,11532100.0
2018-10-12,75.97000122070312,76.86000061035156,74.91000366210938,75.91000366210938,68.01934051513672,10393800.0
2018-10-15,75.7699966430664,76.16000366210938,74.97000122070312,74.98999786376953,67.19496154785156,5789000.0
2018-10-16,75.5999984741211,77.6500015258789,75.31999969482422,77.4800033569336,69.42610931396484,7744200.0
2018-10-17,77.5199966430664,77.80000305175781,75.94000244140625,76.4800033569336,68.53006744384766,6816900.0
2018-10-18,77.4000015258789,77.41000366210938,75.0,75.5999984741211,67.74156188964844,7622200.0
2018-10-19,75.83000183105469,76.05000305175781,74.13999938964844,74.20999908447266,66.49603271484375,7301200.0
2018-10-22,74.6500015258789,75.20999908447266,74.30000305175781,74.9000015258789,67.11433410644531,7042500.0
2018-10-23,74.19000244140625,74.37999725341797,72.06999969482422,73.3499984741211,65.72544860839844,11423800.0
2018-10-24,73.47000122070312,74.61000061035156,71.94999694824219,72.12000274658203,64.623291015625,8333900.0
2018-10-25,72.69000244140625,73.5,72.2300033569336,73.0999984741211,65.50141143798828,7648000.0
2018-10-26,72.0,72.70999908447266,70.69000244140625,72.06999969482422,64.57848358154297,8371100.0
2018-10-29,73.26000213623047,74.01000213623047,71.38999938964844,72.19000244140625,64.68601989746094,9874200.0
2018-10-30,73.06999969482422,74.63999938964844,72.80999755859375,74.51000213623047,66.76486206054688,9470000.0
2018-10-31,75.5,76.33999633789062,74.91999816894531,75.04000091552734,67.2397689819336,8755500.0
2018-11-01,75.2300033569336,76.83999633789062,74.83999633789062,76.79000091552734,68.80785369873047,6117800.0
2018-11-02,77.52999877929688,78.58999633789062,75.70999908447266,76.58000183105469,68.61968994140625,6995100.0
2018-11-05,76.48999786376953,77.7699966430664,76.05000305175781,77.52999877929688,69.47096252441406,7143300.0
2018-11-06,77.33999633789062,77.58000183105469,76.36000061035156,76.56999969482422,68.6107406616211,6424200.0
2018-11-07,76.94000244140625,78.2300033569336,76.56999969482422,77.97000122070312,69.86520385742188,5403900.0
2018-11-08,77.69000244140625,78.16000366210938,77.23999786376953,77.77999877929688,69.69493865966797,5425000.0
2018-11-09,77.70999908447266,77.7699966430664,75.52999877929688,76.36000061035156,68.4225845336914,4737600.0
2018-11-12,76.3499984741211,76.7699966430664,74.98999786376953,75.0999984741211,67.29352569580078,5204900.0
2018-11-13,75.52999877929688,76.2699966430664,74.83999633789062,75.19999694824219,67.38313293457031,4584600.0
2018-11-14,76.31999969482422,77.48999786376953,74.88999938964844,75.19999694824219,67.38313293457031,7984200.0
2018-11-15,74.44000244140625,74.66999816894531,72.88999938964844,74.33000183105469,66.60358428955078,7858300.0
2018-11-16,73.76000213623047,75.5199966430664,73.05999755859375,74.73999786376953,66.9709701538086,8064200.0
2018-11-19,74.69000244140625,74.75,71.86000061035156,72.5199966430664,64.98170471191406,6744900.0
2018-11-20,70.48999786376953,72.06999969482422,69.5199966430664,71.12000274658203,63.72724151611328,9053900.0
2018-11-21,71.98999786376953,72.9000015258789,71.80999755859375,72.37000274658203,64.8473129272461,7326100.0
2018-11-22,71.98999786376953,72.9000015258789,71.80999755859375,72.37000274658203,64.8473129272461,7326100.0
2018-11-23,72.05000305175781,72.5199966430664,71.41000366210938,71.48999786376953,64.05879974365234,2582300.0
2018-11-26,72.33999633789062,73.0,72.2699966430664,72.70999908447266,65.1519775390625,6458300.0
2018-11-27,72.27999877929688,72.55000305175781,71.30000305175781,72.08999633789062,64.59640502929688,5008000.0
2018-11-28,72.30000305175781,74.76000213623047,72.30000305175781,74.66000366210938,66.89927673339844,6167200.0
2018-11-29,74.63999938964844,74.94999694824219,73.31999969482422,74.33999633789062,66.61256408691406,5436700.0
2018-11-30,74.18000030517578,75.4800033569336,73.9000015258789,75.12000274658203,67.51126098632812,7947300.0
2018-12-03,77.0999984741211,79.0,76.93000030517578,77.94000244140625,70.04561614990234,10211800.0
2018-12-04,77.41999816894531,78.4000015258789,75.41000366210938,75.79000091552734,68.1133804321289,8800400.0
2018-12-05,77.41999816894531,78.4000015258789,75.41000366210938,75.79000091552734,68.1133804321289,8800400.0
2018-12-06,74.37000274658203,75.56999969482422,73.58999633789062,75.54000091552734,67.88871765136719,9693700.0
2018-12-07,75.04000091552734,75.97000122070312,72.87000274658203,73.33999633789062,65.91153717041016,6133700.0
2018-12-10,73.0999984741211,73.70999908447266,70.61000061035156,72.51000213623047,65.16559600830078,7235000.0
2018-12-11,73.87000274658203,74.56999969482422,72.55999755859375,73.56999969482422,66.11824798583984,7794500.0
2018-12-12,74.5199966430664,75.27999877929688,73.51000213623047,74.31999969482422,66.79229736328125,6950400.0
2018-12-13,74.5,74.58999633789062,72.58999633789062,72.93000030517578,65.54307556152344,7454800.0
2018-12-14,71.97000122070312,73.6500015258789,71.41000366210938,72.52999877929688,65.18358612060547,7221200.0
2018-12-17,71.37000274658203,71.7699966430664,69.45999908447266,69.9000015258789,62.819969177246094,10647700.0
2018-12-18,70.9000015258789,72.41000366210938,70.43000030517578,71.1500015258789,63.9433708190918,7533300.0
2018-12-19,71.44999694824219,72.0,68.31999969482422,68.97000122070312,61.984161376953125,8426100.0
2018-12-20,68.7300033569336,69.56999969482422,66.52999877929688,67.52999877929688,60.69001007080078,14488500.0
2018-12-21,73.29000091552734,74.29000091552734,71.25,72.37000274658203,65.03978729248047,28487900.0
2018-12-24,71.4000015258789,71.93000030517578,68.08000183105469,68.0999984741211,61.202293395996094,8551400.0
2018-12-25,71.4000015258789,71.93000030517578,68.08000183105469,68.0999984741211,61.202293395996094,8551400.0
2018-12-26,68.69999694824219,73.01000213623047,68.6500015258789,73.01000213623047,65.61495971679688,10019200.0
2018-12-27,72.18000030517578,73.7300033569336,70.98999786376953,73.66999816894531,66.2081069946289,9004900.0
2018-12-28,73.97000122070312,74.45999908447266,72.56999969482422,73.33999633789062,65.91153717041016,6197000.0
2018-12-31,73.9800033569336,74.45999908447266,73.5199966430664,74.13999938964844,66.6305160522461,5519100.0
2019-01-01,73.9800033569336,74.45999908447266,73.5199966430664,74.13999938964844,66.6305160522461,5519100.0
2019-01-02,72.79000091552734,74.63999938964844,72.19000244140625,74.05999755859375,66.5586166381836,6762700.0
2019-01-03,73.25,73.31999969482422,71.20999908447266,72.75,65.38128662109375,8007400.0
2019-01-04,73.44999694824219,75.12000274658203,73.12000274658203,74.6500015258789,67.08885192871094,7844200.0
2019-01-07,74.73999786376953,76.36000061035156,74.30000305175781,75.72000122070312,68.05046844482422,8184800.0
2019-01-08,76.83000183105469,77.4000015258789,76.19999694824219,76.7300033569336,68.95819854736328,8809000.0
2019-01-09,76.97000122070312,77.1500015258789,76.13999938964844,76.58999633789062,68.83235931396484,8591000.0
2019-01-10,75.63999938964844,77.33999633789062,75.45999908447266,76.41999816894531,68.67955780029297,11148600.0
2019-01-11,76.33999633789062,76.88999938964844,75.80000305175781,76.04000091552734,68.33806610107422,10689900.0
2019-01-14,75.45999908447266,76.80999755859375,75.45999908447266,76.08999633789062,68.38298034667969,5677400.0
2019-01-15,76.19000244140625,77.9800033569336,76.12999725341797,77.87999725341797,69.99166107177734,6212400.0
2019-01-16,78.0,78.8499984741211,77.58999633789062,77.68000030517578,69.81194305419922,5697100.0
2019-01-17,77.54000091552734,79.4000015258789,77.30999755859375,79.12999725341797,71.11505889892578,7737300.0
2019-01-18,79.94999694824219,80.97000122070312,79.73999786376953,80.44999694824219,72.30138397216797,10404100.0
2019-01-21,79.94999694824219,80.97000122070312,79.73999786376953,80.44999694824219,72.30138397216797,10404100.0
2019-01-22,80.33000183105469,81.30999755859375,80.19999694824219,80.75,72.57098388671875,8781700.0
2019-01-23,81.19000244140625,81.4000015258789,80.22000122070312,80.5,72.34632110595703,5823000.0
2019-01-24,80.5999984741211,80.87000274658203,79.55000305175781,80.44000244140625,72.29239654541016,4753200.0
2019-01-25,81.25,81.33000183105469,80.43000030517578,80.61000061035156,72.44517517089844,4457100.0
2019-01-28,79.80000305175781,80.51000213623047,79.73999786376953,80.31999969482422,72.18455505371094,5452000.0
2019-01-29,80.36000061035156,80.83000183105469,79.83999633789062,80.22000122070312,72.0947036743164,4187500.0
2019-01-30,80.4000015258789,81.29000091552734,80.05999755859375,81.27999877929688,73.04730987548828,5200200.0
2019-01-31,81.18000030517578,81.94999694824219,80.70999908447266,81.87999725341797,73.58653259277344,8599200.0
2019-02-01,81.83000183105469,81.9000015258789,81.12999725341797,81.51000213623047,73.2540283203125,5351900.0
2019-02-04,81.22000122070312,82.0,80.83000183105469,81.98999786376953,73.68538665771484,4236600.0
2019-02-05,81.9800033569336,83.19000244140625,81.93000030517578,82.86000061035156,74.46726989746094,6545600.0
2019-02-06,82.51000213623047,82.70999908447266,81.63999938964844,82.70999908447266,74.33245086669922,3682800.0
2019-02-07,82.1500015258789,82.8499984741211,81.70999908447266,82.38999938964844,74.04486846923828,4827500.0
2019-02-08,82.25,82.72000122070312,81.94000244140625,82.36000061035156,74.01795196533203,3786500.0
2019-02-11,82.94999694824219,83.83000183105469,82.87000274658203,83.68000030517578,75.20423889160156,6158500.0
2019-02-12,83.97000122070312,84.83999633789062,83.62000274658203,84.70999908447266,76.1298828125,6290300.0
2019-02-13,84.76000213623047,85.58999633789062,84.76000213623047,85.4000015258789,76.75000762939453,5032800.0
2019-02-14,84.61000061035156,85.13999938964844,83.69999694824219,84.68000030517578,76.10292053222656,5179000.0
2019-02-15,85.48999786376953,85.77999877929688,85.0999984741211,85.37999725341797,76.73202514648438,6111300.0
2019-02-18,85.48999786376953,85.77999877929688,85.0999984741211,85.37999725341797,76.73202514648438,6111300.0
2019-02-19,84.58000183105469,85.05000305175781,84.45999908447266,84.56999969482422,76.00407409667969,5105900.0
2019-02-20,84.62999725341797,84.94999694824219,84.3499984741211,84.83999633789062,76.2467269897461,6436100.0
2019-02-21,83.56999969482422,84.1500015258789,83.3499984741211,83.94999694824219,75.4468765258789,8579200.0
2019-02-22,84.19999694824219,85.0199966430664,84.02999877929688,84.76000213623047,76.1748275756836,4449500.0
2019-02-25,85.38999938964844,85.7300033569336,84.95999908447266,85.16999816894531,76.54329681396484,6229700.0
2019-02-26,85.30999755859375,86.08000183105469,85.19999694824219,85.80000305175781,77.10948944091797,6678700.0
2019-02-27,85.52999877929688,86.22000122070312,85.05999755859375,86.16999816894531,77.4420166015625,4588200.0
2019-02-28,86.08000183105469,86.4000015258789,85.68000030517578,85.7300033569336,77.04658508300781,4988100.0
2019-03-01,86.93000030517578,87.98999786376953,86.23999786376953,87.16000366210938,78.53327941894531,6314900.0
2019-03-04,87.31999969482422,87.98999786376953,85.11000061035156,85.63999938964844,77.1637191772461,7339500.0
2019-03-05,85.87999725341797,86.25,85.44000244140625,85.44000244140625,76.98350524902344,4976300.0
2019-03-06,85.5999984741211,85.98999786376953,85.04000091552734,85.12999725341797,76.70417785644531,3198000.0
2019-03-07,84.97000122070312,85.41000366210938,84.66000366210938,85.26000213623047,76.82134246826172,4321800.0
2019-03-08,84.58000183105469,84.87999725341797,84.0199966430664,84.80000305175781,76.4068374633789,4669700.0
2019-03-11,85.38999938964844,85.94000244140625,85.05000305175781,85.81999969482422,77.3259048461914,3999800.0
2019-03-12,85.77999877929688,86.08000183105469,85.0199966430664,85.43000030517578,76.97450256347656,4431600.0
2019-03-13,85.69999694824219,86.66000366210938,85.5999984741211,85.93000030517578,77.42501831054688,5037800.0
2019-03-14,86.1500015258789,86.87999725341797,85.69999694824219,86.87000274658203,78.27198028564453,5906100.0
2019-03-15,87.22000122070312,87.61000061035156,85.95999908447266,86.80000305175781,78.20890045166016,11031400.0
2019-03-18,87.30000305175781,87.83999633789062,87.0,87.81999969482422,79.1279525756836,7750700.0
2019-03-19,88.22000122070312,88.58999633789062,87.29000091552734,87.69000244140625,79.01081848144531,6642200.0
2019-03-20,87.5,87.58000183105469,86.08999633789062,86.69000244140625,78.10977172851562,5991500.0
2019-03-21,87.23999786376953,88.12000274658203,86.83000183105469,88.01000213623047,79.29914093017578,10386900.0
2019-03-22,85.19999694824219,85.9000015258789,82.1500015258789,82.19000244140625,74.05520629882812,21659800.0
2019-03-25,81.4800033569336,83.22000122070312,80.88999938964844,82.33000183105469,74.18132781982422,15558300.0
2019-03-26,83.62999725341797,84.08999633789062,82.91000366210938,83.37999725341797,75.12740325927734,9611900.0
2019-03-27,83.69000244140625,83.80000305175781,82.04000091552734,83.08999633789062,74.86609649658203,6485100.0
2019-03-28,83.93000030517578,84.72000122070312,83.69999694824219,84.04000091552734,75.72208404541016,6032700.0
2019-03-29,84.5999984741211,84.8499984741211,83.86000061035156,84.20999908447266,75.875244140625,6492000.0
2019-04-01,85.04000091552734,85.31999969482422,84.69999694824219,85.2300033569336,76.79429626464844,6737400.0
2019-04-02,85.0,85.26000213623047,84.16000366210938,84.37000274658203,76.01939392089844,4433800.0
2019-04-03,84.9000015258789,84.98999786376953,84.25,84.47000122070312,76.10950469970703,4080900.0
2019-04-04,84.48999786376953,85.37999725341797,84.36000061035156,85.27999877929688,76.83932495117188,3660700.0
2019-04-05,86.0,86.16000366210938,85.05000305175781,85.4000015258789,76.9474868774414,7367400.0
2019-04-08,85.01000213623047,85.29000091552734,84.56999969482422,84.7300033569336,76.34378814697266,4705800.0
2019-04-09,84.22000122070312,84.5999984741211,83.97000122070312,84.27999877929688,75.93830108642578,3804500.0
2019-04-10,84.63999938964844,85.01000213623047,84.55999755859375,84.87999725341797,76.47891998291016,3918400.0
2019-04-11,84.9000015258789,85.05000305175781,84.27999877929688,85.0,76.58705139160156,3347400.0
2019-04-12,85.30000305175781,86.48999786376953,85.29000091552734,86.23999786376953,77.70433044433594,6037000.0
2019-04-15,86.88999938964844,87.23999786376953,86.44000244140625,86.83000183105469,78.23593139648438,5034900.0
2019-04-16,87.0,87.94999694824219,87.0,87.80000305175781,79.10994720458984,4652700.0
2019-04-17,87.94999694824219,88.97000122070312,87.44999694824219,88.7300033569336,79.9478759765625,5694900.0
2019-04-18,88.76000213623047,90.0,88.69999694824219,89.19999694824219,80.37134552001953,7016600.0
2019-04-19,88.76000213623047,90.0,88.69999694824219,89.19999694824219,80.37134552001953,7016600.0
2019-04-22,88.3499984741211,88.63999938964844,87.30000305175781,87.36000061035156,78.71348571777344,5390500.0
2019-04-23,87.56999969482422,87.66999816894531,87.01000213623047,87.43000030517578,78.77655029296875,7513700.0
2019-04-24,87.66999816894531,88.81999969482422,87.43000030517578,88.38999938964844,79.64153289794922,8063000.0
2019-04-25,88.4000015258789,88.54000091552734,87.48999786376953,87.55999755859375,78.89370727539062,7069900.0
2019-04-26,87.94999694824219,88.94000244140625,87.33000183105469,88.30999755859375,79.5694351196289,6219600.0
2019-04-29,88.18000030517578,88.51000213623047,88.12999725341797,88.26000213623047,79.52439880371094,5008400.0
2019-04-30,88.29000091552734,88.4000015258789,87.26000213623047,87.83000183105469,79.13694763183594,7614100.0
2019-05-01,87.7300033569336,87.94999694824219,85.87000274658203,85.9000015258789,77.3979721069336,6524600.0
2019-05-02,86.20999908447266,86.27999877929688,84.98999786376953,85.2699966430664,76.83033752441406,6813700.0
2019-05-03,85.9000015258789,86.30000305175781,85.69999694824219,85.69999694824219,77.21776580810547,6798300.0
2019-05-06,83.7699966430664,83.87000274658203,82.86000061035156,83.56999969482422,75.29859161376953,12836600.0
2019-05-07,83.0199966430664,83.62999725341797,81.83000183105469,82.54000091552734,74.37054443359375,9811300.0
2019-05-08,82.43000030517578,83.98999786376953,82.13999938964844,82.7699966430664,74.5777587890625,9501300.0
2019-05-09,82.20999908447266,83.01000213623047,81.54000091552734,82.9800033569336,74.76699829101562,6336600.0
2019-05-10,82.77999877929688,84.2699966430664,82.19000244140625,83.94999694824219,75.64097595214844,5450500.0
2019-05-13,81.6500015258789,82.62999725341797,81.31999969482422,82.52999877929688,74.36149597167969,6445200.0
2019-05-14,82.77999877929688,84.0,82.05999755859375,83.66999816894531,75.38871002197266,7529200.0
2019-05-15,83.16999816894531,84.48999786376953,82.94000244140625,84.01000213623047,75.69505310058594,4862200.0
2019-05-16,84.51000213623047,85.4000015258789,84.19999694824219,84.27999877929688,75.93830108642578,6745200.0
2019-05-17,83.51000213623047,85.5199966430664,83.5,84.56999969482422,76.19961547851562,5068200.0
2019-05-20,83.80000305175781,83.80000305175781,82.73999786376953,82.8499984741211,74.64986419677734,7181900.0
2019-05-21,83.36000061035156,83.80000305175781,82.51000213623047,83.63999938964844,75.3616714477539,5762500.0
2019-05-22,82.98999786376953,83.33999633789062,82.76000213623047,83.19999694824219,74.96521759033203,5237800.0
2019-05-23,82.5,83.05999755859375,81.98999786376953,82.63999938964844,74.46063995361328,9704200.0
2019-05-24,82.19999694824219,83.16999816894531,82.08999633789062,82.16000366210938,74.02814483642578,5999000.0
2019-05-27,82.19999694824219,83.16999816894531,82.08999633789062,82.16000366210938,74.02814483642578,5999000.0
2019-05-28,82.8499984741211,83.19000244140625,81.12999725341797,81.19999694824219,73.16316223144531,7927300.0
2019-05-29,80.70999908447266,80.86000061035156,77.69999694824219,78.87000274658203,71.06378173828125,10116900.0
2019-05-30,78.91999816894531,79.7300033569336,78.61000061035156,79.26000213623047,71.41516876220703,6177800.0
2019-05-31,78.0,78.26000213623047,77.06999969482422,77.13999938964844,69.69847869873047,8891100.0
2019-06-03,77.23999786376953,78.58000183105469,77.08000183105469,77.95999908447266,70.43934631347656,11665500.0
2019-06-04,79.30000305175781,81.6500015258789,78.77999877929688,81.62000274658203,73.74629211425781,7526800.0
2019-06-05,82.29000091552734,82.9000015258789,81.93000030517578,82.72000122070312,74.74017333984375,8173200.0
2019-06-06,82.72000122070312,83.05999755859375,82.08000183105469,82.44999694824219,74.4962158203125,4953000.0
2019-06-07,83.08999633789062,83.68000030517578,82.80999755859375,83.41000366210938,75.36360168457031,3891100.0
2019-06-10,83.75,84.19999694824219,82.44999694824219,82.58000183105469,74.61368560791016,4419800.0
2019-06-11,83.6500015258789,84.33999633789062,83.12999725341797,83.26000213623047,75.22809600830078,3939400.0
2019-06-12,83.4800033569336,84.0199966430664,82.5199966430664,82.62999725341797,74.65884399414062,4025900.0
2019-06-13,83.1500015258789,83.91999816894531,83.05000305175781,83.61000061035156,75.54430389404297,3383400.0
2019-06-14,83.51000213623047,83.86000061035156,83.04000091552734,83.44000244140625,75.3907241821289,4355600.0
2019-06-17,83.33999633789062,83.45999908447266,82.01000213623047,82.11000061035156,74.18902587890625,5101900.0
2019-06-18,82.69999694824219,84.6500015258789,82.5,84.30000305175781,76.16776275634766,6456500.0
2019-06-19,83.7300033569336,83.9000015258789,83.13999938964844,83.55000305175781,75.49010467529297,6217700.0
2019-06-20,84.9000015258789,85.66999816894531,84.41999816894531,85.23999786376953,77.01707458496094,6163800.0
2019-06-21,85.16000366210938,85.75,84.5999984741211,85.75,77.4778823852539,9289800.0
2019-06-24,86.0,86.8499984741211,84.37000274658203,84.5,76.34845733642578,8043300.0
2019-06-25,84.5999984741211,84.69000244140625,82.16000366210938,82.62000274658203,74.64982604980469,7339900.0
2019-06-26,83.1500015258789,83.69000244140625,82.44000244140625,82.55000305175781,74.5865707397461,5838500.0
2019-06-27,82.93000030517578,83.7699966430664,82.93000030517578,83.66000366210938,75.58950805664062,11436700.0
2019-06-28,83.98999786376953,84.75,82.66999816894531,83.94999694824219,75.85149383544922,12443800.0
2019-07-01,84.93000030517578,86.27999877929688,84.9000015258789,85.41000366210938,77.17070007324219,6587300.0
2019-07-02,85.36000061035156,85.47000122070312,84.22000122070312,84.95999908447266,76.76408386230469,7187200.0
2019-07-03,85.33000183105469,86.29000091552734,85.12000274658203,86.19999694824219,77.88445281982422,4012800.0
2019-07-04,85.33000183105469,86.29000091552734,85.12000274658203,86.19999694824219,77.88445281982422,4012800.0
2019-07-05,85.80000305175781,86.91000366210938,85.41999816894531,86.81999969482422,78.44465637207031,6440900.0
2019-07-08,86.05999755859375,88.5199966430664,85.97000122070312,88.4800033569336,79.94450378417969,7052000.0
2019-07-09,88.0999984741211,88.80000305175781,87.81999969482422,88.04000091552734,79.54696655273438,6219700.0
2019-07-10,88.4800033569336,88.94000244140625,87.38999938964844,87.44000244140625,79.00485229492188,5985500.0
2019-07-11,87.70999908447266,88.30000305175781,87.4000015258789,88.29000091552734,79.7728500366211,3942400.0
2019-07-12,88.18000030517578,89.30999755859375,88.01000213623047,89.12000274658203,80.52278137207031,4240900.0
2019-07-15,89.05999755859375,89.87000274658203,89.05999755859375,89.4800033569336,80.84805297851562,3750900.0
2019-07-16,89.5,89.70999908447266,88.56999969482422,88.5999984741211,80.05292510986328,5812800.0
2019-07-17,88.41999816894531,88.69000244140625,87.44000244140625,87.5,79.05904388427734,4461500.0
2019-07-18,87.62999725341797,87.76000213623047,86.76000213623047,87.44000244140625,79.00485229492188,4607000.0
2019-07-19,87.7300033569336,87.87999725341797,86.4800033569336,86.55000305175781,78.2007064819336,6635300.0
2019-07-22,86.55999755859375,86.98999786376953,85.83000183105469,85.97000122070312,77.67665100097656,6810300.0
2019-07-23,86.63999938964844,87.0999984741211,86.2300033569336,86.69999694824219,78.33625030517578,5659900.0
2019-07-24,86.6500015258789,87.20999908447266,86.30999755859375,86.69999694824219,78.33625030517578,6362900.0
2019-07-25,86.81999969482422,87.5,86.58999633789062,87.27999877929688,78.86027526855469,4546400.0
2019-07-26,87.44000244140625,87.83999633789062,86.7699966430664,87.54000091552734,79.09521484375,3707200.0
2019-07-29,87.6500015258789,87.87000274658203,87.18000030517578,87.62000274658203,79.16746520996094,4387300.0
2019-07-30,86.81999969482422,87.91000366210938,86.36000061035156,87.19999694824219,78.78800201416016,3561200.0
2019-07-31,87.08999633789062,87.2699966430664,85.55000305175781,86.02999877929688,77.73087310791016,5818200.0
2019-08-01,85.26000213623047,86.7699966430664,82.69999694824219,83.12000274658203,75.1015853881836,7871800.0
2019-08-02,82.52999877929688,83.23999786376953,80.79000091552734,81.13999938964844,73.31260681152344,8761400.0
2019-08-05,79.66000366210938,80.05000305175781,78.19000244140625,78.97000122070312,71.35194396972656,8493300.0
2019-08-06,79.8499984741211,81.58999633789062,79.48999786376953,81.30000305175781,73.45716094970703,8664500.0
2019-08-07,80.5,81.81999969482422,80.08999633789062,81.27999877929688,73.4390869140625,6275000.0
2019-08-08,81.80999755859375,83.36000061035156,81.61000061035156,83.0,74.9931411743164,6208900.0
2019-08-09,83.13999938964844,83.43000030517578,81.31999969482422,81.9800033569336,74.07157135009766,5460200.0
2019-08-12,81.41000366210938,81.94999694824219,81.18000030517578,81.6500015258789,73.77338409423828,3762500.0
2019-08-13,81.16999816894531,84.1500015258789,80.8499984741211,83.31999969482422,75.28231811523438,6896800.0
2019-08-14,81.23999786376953,81.69000244140625,80.51000213623047,81.02999877929688,73.21320343017578,7266100.0
2019-08-15,80.93000030517578,81.30000305175781,79.44000244140625,79.51000213623047,71.83985137939453,6713600.0
2019-08-16,80.08999633789062,80.55999755859375,79.25,80.27999877929688,72.53555297851562,5649000.0
2019-08-19,82.0,82.33999633789062,80.83000183105469,81.12999725341797,73.30355834960938,7027900.0
2019-08-20,80.72000122070312,81.2300033569336,79.44999694824219,80.52999877929688,72.76145935058594,5903100.0
2019-08-21,81.94000244140625,82.83999633789062,81.62999725341797,82.73999786376953,74.75824737548828,6454200.0
2019-08-22,83.0,83.72000122070312,82.5,83.30999755859375,75.27327728271484,5571600.0
2019-08-23,82.0199966430664,82.76000213623047,80.02999877929688,80.44000244140625,72.68013000488281,8497800.0
2019-08-26,81.44000244140625,82.27999877929688,80.73999786376953,82.25,74.31553649902344,4336000.0
2019-08-27,82.62999725341797,83.18000030517578,82.0,82.02999877929688,74.11673736572266,3842500.0
2019-08-28,81.9000015258789,83.58999633789062,81.72000122070312,83.4800033569336,75.42684936523438,4123700.0
2019-08-29,84.22000122070312,85.7699966430664,84.16999816894531,85.37999725341797,77.14356994628906,5101900.0
2019-08-30,85.69999694824219,85.98999786376953,84.41000366210938,84.5,76.54569244384766,5235400.0
2019-09-02,85.69999694824219,85.98999786376953,84.41000366210938,84.5,76.54569244384766,5235400.0
2019-09-03,84.0,84.83000183105469,83.62000274658203,84.66999816894531,76.69969940185547,6360800.0
2019-09-04,85.58000183105469,86.5,85.5,86.3499984741211,78.2215576171875,4151200.0
2019-09-05,87.27999877929688,88.62000274658203,87.27999877929688,88.41999816894531,80.09669494628906,6328400.0
2019-09-06,88.4000015258789,88.9800033569336,88.0199966430664,88.69000244140625,80.3412857055664,3625300.0
2019-09-09,88.94000244140625,89.3499984741211,88.41999816894531,88.66999816894531,80.32318115234375,4282400.0
2019-09-10,88.26000213623047,88.62999725341797,86.29000091552734,86.83000183105469,78.65635681152344,7072400.0
2019-09-11,86.95999908447266,87.25,85.87000274658203,86.75,78.58390808105469,4623300.0
2019-09-12,87.0999984741211,88.06999969482422,86.22000122070312,87.66999816894531,79.41729736328125,4057500.0
2019-09-13,88.25,88.79000091552734,87.30000305175781,87.31999969482422,79.1002426147461,5894700.0
2019-09-16,87.08999633789062,87.81999969482422,86.66999816894531,87.2699966430664,79.0549545288086,4171700.0
2019-09-17,86.7699966430664,87.63999938964844,86.47000122070312,87.58999633789062,79.34480285644531,3248400.0
2019-09-18,87.6500015258789,88.4000015258789,87.20999908447266,88.08000183105469,79.78868865966797,4722200.0
2019-09-19,88.4000015258789,88.72000122070312,87.51000213623047,87.69999694824219,79.44447326660156,4231200.0
2019-09-20,88.0,88.48999786376953,86.66999816894531,86.68000030517578,78.52050018310547,6991100.0
2019-09-23,86.9800033569336,88.0199966430664,86.80000305175781,87.69000244140625,79.4354019165039,4790000.0
2019-09-24,88.44999694824219,88.69000244140625,86.76000213623047,87.18000030517578,78.97343444824219,10202900.0
2019-09-25,91.77999877929688,92.79000091552734,90.1500015258789,90.80999755859375,82.26171112060547,25330700.0
2019-09-26,91.62000274658203,92.44999694824219,90.25,92.16999816894531,83.49369049072266,10408300.0
2019-09-27,91.8499984741211,92.86000061035156,91.5999984741211,92.30999755859375,83.62053680419922,6420500.0
2019-09-30,92.52999877929688,94.08000183105469,92.5,93.91999816894531,85.07896423339844,7401200.0
2019-10-01,94.12999725341797,94.75,92.05999755859375,92.27999877929688,83.59334564208984,8464900.0
2019-10-02,91.47000122070312,91.83999633789062,90.56999969482422,91.48999786376953,82.87772369384766,6933900.0
2019-10-03,91.30999755859375,92.31999969482422,90.3499984741211,92.22000122070312,83.53899383544922,5762300.0
2019-10-04,92.22000122070312,93.16999816894531,91.93000030517578,93.06999969482422,84.30896759033203,4551400.0
2019-10-07,92.5,93.91999816894531,92.4000015258789,93.16999816894531,84.3995590209961,4975400.0
2019-10-08,90.44999694824219,92.70999908447266,90.41000366210938,91.75,83.11322784423828,6916800.0
2019-10-09,92.41000366210938,93.05000305175781,91.81999969482422,92.5199966430664,83.81074523925781,5115900.0
2019-10-10,93.5,93.5,92.72000122070312,93.0,84.24557495117188,5794100.0
2019-10-11,94.0,94.56999969482422,93.55999755859375,93.87999725341797,85.04271697998047,6220100.0
2019-10-14,94.19999694824219,95.25,94.05000305175781,94.87999725341797,85.94857788085938,4636000.0
2019-10-15,95.0,95.18000030517578,94.12000274658203,94.79000091552734,85.8670654296875,4292500.0
2019-10-16,94.08999633789062,95.13999938964844,94.06999969482422,94.87999725341797,85.94857788085938,4883300.0
2019-10-17,95.56999969482422,95.88999938964844,94.97000122070312,95.55999755859375,86.5645980834961,3427400.0
2019-10-18,94.80999755859375,96.45999908447266,94.80000305175781,96.0999984741211,87.05372619628906,6209200.0
2019-10-21,96.61000061035156,96.87000274658203,95.41999816894531,96.22000122070312,87.16246795654297,5185800.0
2019-10-22,96.05999755859375,96.83000183105469,95.5199966430664,95.5999984741211,86.60079956054688,5470100.0
2019-10-23,95.02999877929688,95.54000091552734,92.12000274658203,92.31999969482422,83.62957000732422,11933600.0
2019-10-24,92.68000030517578,92.87000274658203,90.98999786376953,91.5,82.88677215576172,12085800.0
2019-10-25,91.44000244140625,91.83000183105469,90.75,90.91999816894531,82.36135864257812,8147200.0
2019-10-28,91.05999755859375,91.30000305175781,90.16999816894531,90.8499984741211,82.2979507446289,10304700.0
2019-10-29,90.8499984741211,90.91999816894531,89.12999725341797,89.27999877929688,80.87571716308594,9044700.0
2019-10-30,89.44999694824219,90.2699966430664,89.3499984741211,90.19000244140625,81.70008850097656,8127500.0
2019-10-31,90.0,90.41000366210938,88.94000244140625,89.55000305175781,81.12030029296875,6752000.0
2019-11-01,90.18000030517578,90.52999877929688,89.0,89.18000030517578,80.7851333618164,5263600.0
2019-11-04,90.12999725341797,90.55999755859375,89.31999969482422,89.86000061035156,81.4011459350586,8161200.0
2019-11-05,90.1500015258789,90.33999633789062,89.54000091552734,89.87999725341797,81.41927337646484,5589700.0
2019-11-06,90.63999938964844,90.72000122070312,88.73999786376953,89.4800033569336,81.05693054199219,7033800.0
2019-11-07,90.47000122070312,90.5999984741211,89.7699966430664,90.4000015258789,81.89030456542969,7110000.0
2019-11-08,90.27999877929688,90.3499984741211,89.29000091552734,89.80999755859375,81.3558349609375,4555400.0
2019-11-11,89.37000274658203,90.0999984741211,89.37000274658203,90.05000305175781,81.57327270507812,3247300.0
2019-11-12,90.30999755859375,92.02999877929688,89.48999786376953,89.5,81.07501220703125,3979600.0
2019-11-13,89.7300033569336,91.55000305175781,89.56999969482422,91.29000091552734,82.696533203125,5923600.0
2019-11-14,91.48999786376953,91.95999908447266,90.72000122070312,91.2699966430664,82.67841339111328,6035300.0
2019-11-15,92.13999938964844,93.55999755859375,91.95999908447266,93.04000091552734,84.28179168701172,6785500.0
2019-11-18,93.5,94.26000213623047,92.91000366210938,94.18000030517578,85.3144760131836,6165600.0
2019-11-19,94.61000061035156,95.12000274658203,93.05999755859375,93.61000061035156,84.79814147949219,5368400.0
2019-11-20,94.11000061035156,94.4000015258789,92.7699966430664,93.05000305175781,84.29087829589844,6235400.0
2019-11-21,92.62000274658203,93.30000305175781,92.06999969482422,92.16000366210938,83.48462677001953,5493100.0
2019-11-22,92.20999908447266,93.3499984741211,91.93000030517578,93.33999633789062,84.55355834960938,4264400.0
2019-11-25,93.77999877929688,93.97000122070312,92.73999786376953,92.9000015258789,84.15498352050781,5419700.0
2019-11-26,93.37999725341797,93.62999725341797,93.0199966430664,93.33000183105469,84.54450225830078,5907400.0
2019-11-27,93.5,94.37999725341797,93.5,94.13999938964844,85.27824401855469,4017400.0
2019-11-28,93.5,94.37999725341797,93.5,94.13999938964844,85.27824401855469,4017400.0
2019-11-29,94.37000274658203,94.61000061035156,93.38999938964844,93.48999786376953,84.910400390625,2541800.0
2019-12-02,94.08999633789062,94.27999877929688,92.9800033569336,93.55999755859375,84.97400665283203,3892000.0
2019-12-03,92.4800033569336,92.55000305175781,91.30999755859375,92.45999908447266,83.97493743896484,5570700.0
2019-12-04,92.80999755859375,93.79000091552734,92.7300033569336,93.72000122070312,85.11932373046875,4456400.0
2019-12-05,95.87999725341797,95.94999694824219,94.68000030517578,95.79000091552734,86.99934387207031,6946000.0
2019-12-06,96.55999755859375,97.30999755859375,96.37999725341797,97.0,88.09832000732422,6368500.0
2019-12-09,97.0199966430664,97.62999725341797,96.16000366210938,96.62999725341797,87.76225280761719,6517800.0
2019-12-10,96.76000213623047,97.58999633789062,96.62999725341797,97.01000213623047,88.10739135742188,4234300.0
2019-12-11,96.9000015258789,97.31999969482422,96.6500015258789,97.18000030517578,88.26179504394531,4319700.0
2019-12-12,97.31999969482422,98.18000030517578,96.9000015258789,97.72000122070312,88.75223541259766,4762800.0
2019-12-13,97.43000030517578,98.29000091552734,96.91000366210938,97.7699966430664,88.7976303100586,5247600.0
2019-12-16,98.13999938964844,99.33999633789062,98.05999755859375,98.80999755859375,89.7421875,8211300.0
2019-12-17,99.37999725341797,100.16999816894531,99.05000305175781,99.6500015258789,90.5051040649414,7050700.0
2019-12-18,100.19999694824219,100.79000091552734,99.58000183105469,100.56999969482422,91.34069061279297,7332000.0
2019-12-19,100.5,101.2699966430664,99.62999725341797,101.1500015258789,91.8674545288086,12214500.0
2019-12-20,101.0,101.4000015258789,98.8499984741211,99.95999908447266,90.78666687011719,17641600.0
2019-12-23,100.2300033569336,100.69000244140625,99.55000305175781,100.04000091552734,90.85932159423828,6350500.0
2019-12-24,99.83000183105469,100.66000366210938,99.76000213623047,100.13999938964844,90.95016479492188,3328100.0
2019-12-25,99.83000183105469,100.66000366210938,99.76000213623047,100.13999938964844,90.95016479492188,3328100.0
2019-12-26,100.33999633789062,100.75,100.11000061035156,100.70999908447266,91.46783447265625,3709900.0
2019-12-27,101.0,101.79000091552734,100.98999786376953,101.56999969482422,92.24893188476562,5307500.0
2019-12-30,101.54000091552734,101.61000061035156,100.45999908447266,100.80000305175781,91.54956817626953,3495200.0
2019-12-31,100.58000183105469,101.38999938964844,100.51000213623047,101.30999755859375,92.01278686523438,3213600.0
2020-01-01,100.58000183105469,101.38999938964844,100.51000213623047,101.30999755859375,92.01278686523438,3213600.0
2020-01-02,101.36000061035156,102.20999908447266,101.0199966430664,102.19999694824219,92.82111358642578,5644100.0
2020-01-03,100.58999633789062,102.0,100.30999755859375,101.91999816894531,92.56681060791016,4541800.0
2020-01-06,100.94999694824219,101.83999633789062,100.87000274658203,101.83000183105469,92.48507690429688,4612400.0
2020-01-07,101.80999755859375,102.73999786376953,100.80999755859375,101.77999877929688,92.43965148925781,6719900.0
2020-01-08,101.30999755859375,102.13999938964844,100.8499984741211,101.55000305175781,92.23076629638672,4942200.0
2020-01-09,101.94000244140625,102.41000366210938,101.38999938964844,101.4800033569336,92.16719055175781,5007500.0
2020-01-10,101.88999938964844,101.93000030517578,100.76000213623047,100.9000015258789,91.6404037475586,5135300.0
2020-01-13,101.0,102.33999633789062,100.81999969482422,102.16000366210938,92.78477478027344,6722400.0
2020-01-14,102.44999694824219,103.88999938964844,102.3499984741211,102.91999816894531,93.47501373291016,5088500.0
2020-01-15,103.25,103.69999694824219,102.4800033569336,102.79000091552734,93.3569564819336,4209200.0
2020-01-16,102.87999725341797,103.56999969482422,102.8499984741211,103.37000274658203,93.88372039794922,6571700.0
2020-01-17,103.43000030517578,104.55000305175781,103.33999633789062,104.52999877929688,94.93727111816406,6271200.0
2020-01-20,103.43000030517578,104.55000305175781,103.33999633789062,104.52999877929688,94.93727111816406,6271200.0
2020-01-21,104.25,104.69000244140625,103.80999755859375,104.58000183105469,94.98268127441406,4854700.0
2020-01-22,105.0,105.62000274658203,104.41999816894531,104.48999786376953,94.90094757080078,5031400.0
2020-01-23,104.02999877929688,104.37000274658203,102.62000274658203,103.0199966430664,93.56585693359375,7102900.0
2020-01-24,103.58999633789062,103.88999938964844,101.66000366210938,102.02999877929688,92.66669464111328,3839300.0
2020-01-27,98.20999908447266,100.70999908447266,98.01000213623047,100.23999786376953,91.04096221923828,9841400.0
2020-01-28,100.33999633789062,101.05000305175781,99.5199966430664,100.41000366210938,91.19536590576172,5673200.0
2020-01-29,101.06999969482422,101.30000305175781,99.16999816894531,99.83999633789062,90.67767333984375,4503700.0
2020-01-30,99.0199966430664,99.75,97.37000274658203,98.19000244140625,89.17911529541016,7065100.0
2020-01-31,98.11000061035156,98.44999694824219,95.91999816894531,96.30000305175781,87.46255493164062,8780300.0
2020-02-03,99.0,100.91999816894531,98.56999969482422,99.2699966430664,90.15999603271484,9727000.0
2020-02-04,101.91000366210938,102.77999877929688,101.26000213623047,101.37999725341797,92.07636260986328,6559600.0
2020-02-05,101.76000213623047,101.97000122070312,99.52999877929688,100.54000091552734,91.31343841552734,6108300.0
2020-02-06,100.9000015258789,101.52999877929688,100.16000366210938,100.2699966430664,91.06819915771484,5641800.0
2020-02-07,99.80999755859375,100.4000015258789,98.97000122070312,99.44000244140625,90.31439208984375,4121800.0
2020-02-10,99.22000122070312,100.51000213623047,99.0,100.0199966430664,90.8411636352539,4213900.0
2020-02-11,100.06999969482422,100.3499984741211,99.44000244140625,100.0199966430664,90.8411636352539,4871800.0
2020-02-12,100.73999786376953,103.08000183105469,100.44000244140625,103.0,93.54769134521484,8075600.0
2020-02-13,102.51000213623047,103.73999786376953,101.68000030517578,103.37000274658203,93.88372039794922,5386800.0
2020-02-14,103.52999877929688,103.88999938964844,102.44999694824219,103.54000091552734,94.03813171386719,4305300.0
2020-02-17,103.52999877929688,103.88999938964844,102.44999694824219,103.54000091552734,94.03813171386719,4305300.0
2020-02-18,103.0,103.37999725341797,101.61000061035156,102.0,92.63945770263672,4916200.0
2020-02-19,102.66000366210938,103.38999938964844,102.43000030517578,102.45999908447266,93.05723571777344,6200500.0
2020-02-20,102.45999908447266,102.62999725341797,100.55000305175781,102.52999877929688,93.12081146240234,6427600.0
2020-02-21,102.0,102.08000183105469,99.62999725341797,100.25,91.0500717163086,5750900.0
2020-02-24,95.54000091552734,97.06999969482422,95.25,95.91000366210938,87.10832977294922,8364200.0
2020-02-25,96.3499984741211,96.76000213623047,92.62000274658203,92.9000015258789,84.37454986572266,9602100.0
2020-02-26,93.08000183105469,94.6500015258789,91.98999786376953,92.0,83.55714416503906,9308400.0
2020-02-27,90.0,93.05999755859375,88.5,88.55000305175781,80.42376708984375,12825700.0
2020-02-28,86.02999877929688,89.47000122070312,85.1500015258789,89.37999725341797,81.4028091430664,16552400.0
2020-03-02,89.5999984741211,93.13999938964844,87.91000366210938,92.68000030517578,84.40827941894531,14102000.0
2020-03-03,92.73999786376953,94.9800033569336,90.56999969482422,90.93000030517578,82.81446838378906,14767600.0
2020-03-04,92.08000183105469,93.81999969482422,90.83999633789062,93.79000091552734,85.41924285888672,6904400.0
2020-03-05,91.26000213623047,91.68000030517578,89.94000244140625,90.58000183105469,82.4957275390625,8851100.0
2020-03-06,88.36000061035156,89.38999938964844,85.87999725341797,88.36000061035156,80.4738540649414,12336400.0
2020-03-09,81.88999938964844,86.73999786376953,80.91999816894531,84.11000061035156,76.60316467285156,13272700.0
2020-03-10,86.69000244140625,88.4000015258789,82.87999725341797,88.30000305175781,80.41919708251953,12755900.0
2020-03-11,84.0,84.62999725341797,82.06999969482422,84.0,76.50299072265625,16172000.0
2020-03-12,78.2300033569336,78.48999786376953,73.0,74.19999694824219,67.57764434814453,21534800.0
2020-03-13,78.19999694824219,78.19999694824219,71.76000213623047,75.58000183105469,68.83447265625,21859600.0
2020-03-16,65.27999877929688,72.97000122070312,63.369998931884766,66.79000091552734,60.828983306884766,17976700.0
2020-03-17,67.51000213623047,73.33000183105469,62.400001525878906,69.83999633789062,63.60676574707031,17122100.0
2020-03-18,64.79000091552734,68.33000183105469,60.0,68.04000091552734,61.967411041259766,19498800.0
2020-03-19,67.04000091552734,72.70999908447266,64.1500015258789,70.33999633789062,64.0621337890625,16177200.0
2020-03-20,71.51000213623047,74.05999755859375,67.19999694824219,67.44999694824219,61.43007278442383,15761900.0
2020-03-23,65.0,66.87999725341797,60.58000183105469,62.79999923706055,57.19508743286133,17690000.0
2020-03-24,65.69999694824219,72.66000366210938,64.0,72.33000183105469,65.87454223632812,18849500.0
2020-03-25,80.11000061035156,83.48999786376953,76.19999694824219,79.01000213623047,71.95836639404297,27053200.0
2020-03-26,80.16999816894531,86.86000061035156,80.01000213623047,84.30000305175781,76.77623748779297,17200800.0
2020-03-27,81.69999694824219,85.73999786376953,79.51000213623047,83.2300033569336,75.80171966552734,14183400.0
2020-03-30,84.0,85.95999908447266,81.5,85.37999725341797,77.75981140136719,10960100.0
2020-03-31,85.12999725341797,85.7300033569336,82.4000015258789,82.73999786376953,75.35542297363281,9610100.0
2020-04-01,79.48999786376953,81.18000030517578,78.52999877929688,79.2300033569336,72.15872192382812,9771300.0
2020-04-02,79.0,81.5999984741211,77.16000366210938,80.13999938964844,72.98749542236328,12731300.0
2020-04-03,79.36000061035156,79.79000091552734,77.91000366210938,78.86000061035156,71.82173156738281,8476900.0
2020-04-06,81.91000366210938,85.04000091552734,81.20999908447266,84.62999725341797,77.0767593383789,11266500.0
2020-04-07,88.69999694824219,88.87000274658203,84.02999877929688,84.16000366210938,76.64871978759766,10468100.0
2020-04-08,84.69999694824219,85.7699966430664,83.61000061035156,85.30000305175781,77.68695831298828,6642700.0
2020-04-09,86.69000244140625,87.38999938964844,85.16000366210938,86.79000091552734,79.04399871826172,7773600.0
2020-04-10,86.69000244140625,87.38999938964844,85.16000366210938,86.79000091552734,79.04399871826172,7773600.0
2020-04-13,85.80000305175781,85.98999786376953,84.13999938964844,84.45999908447266,76.92191314697266,5077600.0
2020-04-14,85.94999694824219,87.7699966430664,85.4800033569336,87.47000122070312,79.66327667236328,6397200.0
2020-04-15,84.87000274658203,85.87999725341797,83.70999908447266,85.04000091552734,77.45015716552734,8053900.0
2020-04-16,85.43000030517578,86.52999877929688,84.55000305175781,86.30000305175781,78.59770202636719,9373800.0
2020-04-17,89.0,90.25,88.36000061035156,89.91000366210938,81.88550567626953,8111400.0
2020-04-20,88.43000030517578,89.44000244140625,87.5199966430664,87.9000015258789,80.05490112304688,7244400.0
2020-04-21,85.98999786376953,86.9000015258789,85.08999633789062,85.19999694824219,77.59588623046875,6597000.0
2020-04-22,86.9800033569336,89.44000244140625,86.41999816894531,88.7699966430664,80.8472671508789,6463000.0
2020-04-23,88.94000244140625,89.52999877929688,87.26000213623047,87.3499984741211,79.55398559570312,5343500.0
2020-04-24,88.88999938964844,89.12000274658203,87.6500015258789,88.37000274658203,80.48297882080078,4450100.0
2020-04-27,88.37999725341797,89.87000274658203,87.30999755859375,89.37000274658203,81.39370727539062,6875100.0
2020-04-28,90.55000305175781,90.70999908447266,88.62999725341797,88.80000305175781,80.87458038330078,5145400.0
2020-04-29,90.0,91.38999938964844,87.83000183105469,88.06999969482422,80.2097396850586,9461400.0
2020-04-30,87.0,88.0,86.51000213623047,87.18000030517578,79.399169921875,9371400.0
2020-05-01,85.66999816894531,86.11000061035156,84.80999755859375,85.54000091552734,77.90555572509766,6151200.0
2020-05-04,84.68000030517578,85.80000305175781,84.30999755859375,85.75,78.0968017578125,6348900.0
2020-05-05,86.54000091552734,88.52999877929688,86.02999877929688,87.19999694824219,79.4173812866211,6321500.0
2020-05-06,88.05000305175781,88.69000244140625,87.43000030517578,88.44000244140625,80.54671478271484,7342300.0
2020-05-07,89.4000015258789,90.23999786376953,88.37999725341797,88.55999755859375,80.65599060058594,4565900.0
2020-05-08,90.11000061035156,90.63999938964844,89.58999633789062,90.45999908447266,82.38642120361328,5488000.0
2020-05-11,89.44999694824219,91.41999816894531,89.13999938964844,90.93000030517578,82.81446838378906,4937600.0
2020-05-12,91.52999877929688,91.66999816894531,88.1500015258789,88.26000213623047,80.38276672363281,5622600.0
2020-05-13,87.37999725341797,87.73999786376953,85.19999694824219,86.0199966430664,78.34268951416016,6739800.0
2020-05-14,85.0,86.58000183105469,84.11000061035156,86.55000305175781,78.82539367675781,7431800.0
2020-05-15,85.25,87.2300033569336,84.87999725341797,86.98999786376953,79.22612762451172,9165000.0
2020-05-18,90.48999786376953,91.5999984741211,89.87999725341797,91.04000091552734,82.91465759277344,8517200.0
2020-05-19,90.8499984741211,93.81999969482422,90.81999969482422,91.51000213623047,83.34271240234375,6514100.0
2020-05-20,93.19999694824219,93.86000061035156,92.69999694824219,92.94999694824219,84.6541748046875,6347000.0
2020-05-21,92.87999725341797,94.37999725341797,92.37000274658203,94.26000213623047,85.84728240966797,7504300.0
2020-05-22,94.41999816894531,94.6500015258789,93.3499984741211,93.75,85.3827896118164,4049500.0
2020-05-25,94.41999816894531,94.6500015258789,93.3499984741211,93.75,85.3827896118164,4049500.0
2020-05-26,95.9800033569336,97.43000030517578,95.27999877929688,96.62000274658203,87.99666595458984,7185200.0
2020-05-27,98.12000274658203,99.98999786376953,97.62000274658203,99.87000274658203,90.95660400390625,7915900.0
2020-05-28,100.08999633789062,100.69000244140625,98.25,98.45999908447266,89.67242431640625,7260700.0
2020-05-29,98.19000244140625,99.25,96.93000030517578,98.58000183105469,90.00569152832031,10332500.0
2020-06-01,98.4000015258789,99.77999877929688,97.88999938964844,99.54000091552734,90.8821792602539,4295400.0
2020-06-02,99.41999816894531,100.87999725341797,98.81999969482422,100.73999786376953,91.97779083251953,10798700.0
2020-06-03,101.26000213623047,104.55000305175781,101.12000274658203,104.11000061035156,95.0546875,5867700.0
2020-06-04,103.66000366210938,103.9000015258789,100.47000122070312,101.27999877929688,92.4708480834961,8775000.0
2020-06-05,104.0,104.69000244140625,102.12999725341797,102.70999908447266,93.77648162841797,8363600.0
2020-06-08,103.05000305175781,104.30000305175781,102.70999908447266,104.29000091552734,95.21903228759766,6165400.0
2020-06-09,102.81999969482422,103.7699966430664,102.43000030517578,102.62999725341797,93.70342254638672,5385900.0
2020-06-10,103.0,103.1500015258789,101.70999908447266,102.12000274658203,93.23778533935547,5194200.0
2020-06-11,98.37999725341797,98.98999786376953,94.87999725341797,95.16999816894531,86.89227294921875,10976900.0
2020-06-12,97.80000305175781,97.80000305175781,94.73999786376953,96.43000030517578,88.04267120361328,7416400.0
2020-06-15,93.9000015258789,98.08000183105469,93.44000244140625,97.83999633789062,89.33002471923828,8645300.0
2020-06-16,101.25,101.33999633789062,97.72000122070312,99.04000091552734,90.42564392089844,6054400.0
2020-06-17,99.0,100.23999786376953,98.88999938964844,99.20999908447266,90.58089447021484,3405500.0
2020-06-18,98.69000244140625,99.41999816894531,97.8499984741211,98.44999694824219,89.886962890625,4392400.0
2020-06-19,99.97000122070312,99.9800033569336,95.77999877929688,95.77999877929688,87.44921112060547,10304000.0
2020-06-22,96.8499984741211,99.54000091552734,96.0199966430664,99.51000213623047,90.85479736328125,6918200.0
2020-06-23,101.1500015258789,102.22000122070312,100.70999908447266,101.91999816894531,93.05516815185547,6499000.0
2020-06-24,100.94000244140625,101.8499984741211,98.08999633789062,100.08000183105469,91.3752212524414,8611600.0
2020-06-25,99.2300033569336,101.68000030517578,98.80000305175781,101.4000015258789,92.58039855957031,11531400.0
2020-06-26,98.5,98.77999877929688,93.56999969482422,93.66999816894531,85.52274322509766,24918500.0
2020-06-29,93.69999694824219,96.0,93.69999694824219,95.87000274658203,87.5313949584961,9624200.0
2020-06-30,96.0,98.30000305175781,95.63999938964844,98.05000305175781,89.52177429199219,9065500.0
2020-07-01,98.5,98.72000122070312,97.11000061035156,97.4000015258789,88.92830657958984,5733800.0
2020-07-02,98.77999877929688,99.66000366210938,98.0199966430664,98.43000030517578,89.86872863769531,5354900.0
2020-07-03,98.77999877929688,99.66000366210938,98.0199966430664,98.43000030517578,89.86872863769531,5354900.0
2020-07-06,99.62000274658203,100.02999877929688,99.04000091552734,99.94999694824219,91.25650787353516,4995000.0
2020-07-07,99.22000122070312,99.55000305175781,96.91999816894531,97.06999969482422,88.62699127197266,6352900.0
2020-07-08,97.5,98.9800033569336,96.95999908447266,98.83999633789062,90.24307250976562,5634600.0
2020-07-09,98.55000305175781,98.91000366210938,96.37000274658203,96.98999786376953,88.55396270751953,6282300.0
2020-07-10,97.0,98.05000305175781,95.72000122070312,97.98999786376953,89.46698760986328,3967000.0
2020-07-13,98.25,98.94000244140625,96.26000213623047,96.45999908447266,88.07007598876953,4845600.0
2020-07-14,96.33000183105469,97.25,95.51000213623047,96.76000213623047,88.3439712524414,4850600.0
2020-07-15,98.41000366210938,99.04000091552734,97.30999755859375,98.54000091552734,89.96916198730469,5343700.0
2020-07-16,97.5,98.2300033569336,97.04000091552734,97.26000213623047,88.80048370361328,3594700.0
2020-07-17,96.94999694824219,97.2300033569336,96.04000091552734,96.27999877929688,87.9057388305664,7405700.0
2020-07-20,95.5,96.3499984741211,95.11000061035156,95.6500015258789,87.33052825927734,5822300.0
2020-07-21,96.91999816894531,99.0,96.0999984741211,98.36000061035156,89.80481719970703,5855600.0
2020-07-22,98.16000366210938,98.98999786376953,97.91000366210938,98.91000366210938,90.30699920654297,4097000.0
2020-07-23,98.3499984741211,100.18000030517578,97.72000122070312,98.30000305175781,89.75003814697266,4530500.0
2020-07-24,98.13999938964844,99.36000061035156,97.69999694824219,98.43000030517578,89.86872863769531,5638400.0
2020-07-27,96.95999908447266,98.4000015258789,96.88999938964844,97.20999908447266,88.75486755371094,4273400.0
2020-07-28,96.94999694824219,97.47000122070312,96.16000366210938,96.2699966430664,87.8965835571289,3822600.0
2020-07-29,96.43000030517578,97.55000305175781,96.30000305175781,96.97000122070312,88.53569793701172,6872400.0
2020-07-30,96.47000122070312,97.2300033569336,95.80000305175781,96.81999969482422,88.39875793457031,4018400.0
2020-07-31,96.88999938964844,97.6500015258789,96.30000305175781,97.61000061035156,89.12003326416016,5509900.0
2020-08-03,98.02999877929688,99.29000091552734,97.81999969482422,98.33000183105469,89.77742767333984,5472700.0
2020-08-04,97.79000091552734,97.94999694824219,96.55000305175781,97.33000183105469,88.86439514160156,7539300.0
2020-08-05,97.12000274658203,101.25,97.08000183105469,100.94000244140625,92.160400390625,7217500.0
2020-08-06,100.63999938964844,101.18000030517578,100.02999877929688,100.44999694824219,91.71302032470703,4060900.0
2020-08-07,101.0,101.91000366210938,99.88999938964844,101.86000061035156,93.00039672851562,5545600.0
2020-08-10,102.47000122070312,106.83000183105469,102.4000015258789,105.41000366210938,96.24162292480469,12678000.0
2020-08-11,106.8499984741211,107.33000183105469,104.86000061035156,105.12000274658203,95.97684478759766,5400700.0
2020-08-12,105.72000122070312,105.88999938964844,103.37999725341797,105.22000122070312,96.06814575195312,4714800.0
2020-08-13,105.30000305175781,106.98999786376953,105.19999694824219,106.5199966430664,97.25507354736328,4281700.0
2020-08-14,106.12000274658203,106.77999877929688,105.45999908447266,106.43000030517578,97.17289733886719,2985700.0
2020-08-17,106.5,106.5,105.12000274658203,105.66000366210938,96.4698715209961,3017000.0
2020-08-18,106.45999908447266,107.0,105.47000122070312,106.97000122070312,97.66593170166016,5023000.0
2020-08-19,107.69000244140625,109.69000244140625,107.3499984741211,108.38999938964844,98.96241760253906,9508100.0
2020-08-20,107.55999755859375,108.73999786376953,107.3499984741211,108.01000213623047,98.61546325683594,4304000.0
2020-08-21,108.0,109.7699966430664,107.75,109.75,100.2041244506836,5564000.0
2020-08-24,110.0,112.0,109.9000015258789,111.83000183105469,102.10321044921875,8173100.0
2020-08-25,112.0,112.27999877929688,111.08999633789062,111.51000213623047,101.8110580444336,4380900.0
2020-08-26,111.91999816894531,112.08999633789062,111.29000091552734,111.52999877929688,101.82930755615234,4477900.0
2020-08-27,111.98999786376953,112.79000091552734,110.5,110.83999633789062,101.19932556152344,4390800.0
2020-08-28,111.01000213623047,112.66999816894531,110.56999969482422,112.29000091552734,102.75032043457031,3731100.0
2020-08-31,112.13999938964844,112.5199966430664,111.13999938964844,111.88999938964844,102.3843002319336,3519800.0
2020-09-01,112.0,114.9000015258789,111.83000183105469,114.83999633789062,105.08369445800781,4912400.0
2020-09-02,115.05999755859375,117.41000366210938,114.5,116.80000305175781,106.87718200683594,6775400.0
2020-09-03,116.80000305175781,116.9000015258789,112.0,112.8499984741211,103.26274871826172,7264400.0
2020-09-04,112.95999908447266,113.75,110.20999908447266,112.4000015258789,102.8509750366211,5157600.0
2020-09-07,112.95999908447266,113.75,110.20999908447266,112.4000015258789,102.8509750366211,5157600.0
2020-09-08,111.29000091552734,113.83999633789062,110.54000091552734,112.72000122070312,103.143798828125,5300100.0
2020-09-09,113.0199966430664,116.20999908447266,112.83000183105469,114.9000015258789,105.13859558105469,5997900.0
2020-09-10,115.9000015258789,118.2300033569336,114.0,114.79000091552734,105.03794860839844,5032800.0
2020-09-11,116.76000213623047,119.25,116.41999816894531,118.0,107.97522735595703,8565200.0
2020-09-14,118.5,119.93000030517578,118.16999816894531,119.27999877929688,109.14649200439453,4990300.0
2020-09-15,119.69999694824219,120.4800033569336,119.18000030517578,119.2699966430664,109.13733673095703,5934200.0
2020-09-16,118.30999755859375,119.69000244140625,118.16000366210938,118.58999633789062,108.51509857177734,7023700.0
2020-09-17,117.33999633789062,118.55000305175781,115.80000305175781,116.36000061035156,106.47455596923828,7376400.0
2020-09-18,115.43000030517578,117.91000366210938,114.48999786376953,114.66000366210938,104.91897583007812,12876600.0
2020-09-21,112.94999694824219,114.05999755859375,111.73999786376953,113.37000274658203,103.73857879638672,8486400.0
2020-09-22,113.0999984741211,117.19999694824219,112.8499984741211,116.87000274658203,106.94121551513672,13007200.0
2020-09-23,130.22000122070312,130.3800048828125,125.26000213623047,127.11000061035156,116.31128692626953,37822700.0
2020-09-24,126.44000244140625,127.54000091552734,123.30000305175781,124.75,114.15178680419922,13485800.0
2020-09-25,123.6500015258789,124.75,122.2699966430664,124.2300033569336,113.67597198486328,9182800.0
2020-09-28,125.16000366210938,126.19000244140625,123.88999938964844,124.31999969482422,113.75830841064453,7525000.0
2020-09-29,124.33999633789062,127.0999984741211,123.95999908447266,126.3499984741211,115.6158447265625,7796400.0
2020-09-30,126.0999984741211,127.27999877929688,125.16000366210938,125.54000091552734,114.87464904785156,8699700.0
2020-10-01,127.7300033569336,127.7300033569336,125.30999755859375,126.63999938964844,115.8812026977539,5637200.0
2020-10-02,124.3499984741211,126.80000305175781,123.58999633789062,126.63999938964844,115.8812026977539,7491100.0
2020-10-05,127.06999969482422,128.5,126.44999694824219,127.91000366210938,117.0433120727539,8270300.0
2020-10-06,128.83999633789062,130.44000244140625,127.2699966430664,127.6500015258789,116.8053970336914,5978000.0
2020-10-07,128.39999389648438,130.41000366210938,128.25,130.05999755859375,119.01065063476562,4390500.0
2020-10-08,130.39999389648438,130.92999267578125,129.50999450683594,129.7100067138672,118.6904067993164,3595600.0
2020-10-09,129.99000549316406,131.19000244140625,129.3300018310547,130.97999572753906,119.85248565673828,4293400.0
2020-10-12,131.19000244140625,131.33999633789062,129.25999450683594,129.4600067138672,118.46163177490234,5136500.0
2020-10-13,128.0500030517578,129.8699951171875,127.95999908447266,129.1999969482422,118.22370147705078,4245000.0
2020-10-14,129.52999877929688,129.60000610351562,127.01000213623047,127.66000366210938,116.81456756591797,3586600.0
2020-10-15,126.4800033569336,129.10000610351562,126.11000061035156,129.0,118.04071044921875,4235800.0
2020-10-16,129.50999450683594,130.19000244140625,127.55000305175781,128.0,117.12567138671875,6010900.0
2020-10-19,129.10000610351562,129.77999877929688,127.05000305175781,127.43000030517578,116.6041030883789,5160800.0
2020-10-20,128.0,129.89999389648438,127.72000122070312,128.49000549316406,117.57403564453125,3799200.0
2020-10-21,128.5,131.3800048828125,128.4499969482422,129.42999267578125,118.43415832519531,4916300.0
2020-10-22,129.60000610351562,130.25999450683594,128.86000061035156,130.02000427246094,118.97407531738281,2869900.0
2020-10-23,130.0,130.60000610351562,128.64999389648438,129.99000549316406,118.94659423828125,4046300.0
2020-10-26,129.05999755859375,129.6199951171875,126.68000030517578,128.3699951171875,117.4642333984375,5422500.0
2020-10-27,128.77999877929688,129.49000549316406,127.9000015258789,127.98999786376953,117.11651611328125,2985700.0
2020-10-28,125.27999877929688,126.4000015258789,121.04000091552734,122.08000183105469,111.70860290527344,8618300.0
2020-10-29,122.27999877929688,124.19000244140625,121.1500015258789,122.86000061035156,112.4223403930664,4947000.0
2020-10-30,123.66000366210938,123.66000366210938,118.80000305175781,120.08000183105469,109.87852478027344,7791600.0
2020-11-02,122.37000274658203,124.0999984741211,121.0999984741211,122.38999938964844,111.99227905273438,4740400.0
2020-11-03,124.01000213623047,125.5,123.19000244140625,124.58999633789062,114.00537109375,3490900.0
2020-11-04,125.33000183105469,128.92999267578125,125.26000213623047,127.33999633789062,116.52173614501953,5061800.0
2020-11-05,129.19000244140625,130.41000366210938,128.4600067138672,129.6999969482422,118.68124389648438,3940000.0
2020-11-06,129.91000366210938,129.91000366210938,128.35000610351562,128.89999389648438,117.9491958618164,2954000.0
2020-11-09,135.05999755859375,136.35000610351562,128.77000427246094,128.9499969482422,117.99495697021484,7491700.0
2020-11-10,130.0500030517578,130.1199951171875,126.25,127.70999908447266,116.86030578613281,8014700.0
2020-11-11,128.69000244140625,129.8000030517578,127.18000030517578,127.66000366210938,116.81456756591797,6058700.0
2020-11-12,126.62000274658203,127.83999633789062,125.62999725341797,126.63999938964844,115.8812026977539,4780400.0
2020-11-13,127.91000366210938,128.60000610351562,126.83000183105469,128.27999877929688,117.38187408447266,3986100.0
2020-11-16,129.4600067138672,130.32000732421875,127.37000274658203,130.11000061035156,119.05640411376953,6116200.0
2020-11-17,130.47999572753906,132.60000610351562,129.11000061035156,132.2100067138672,120.97801208496094,7002900.0
2020-11-18,133.07000732421875,133.97999572753906,131.52999877929688,131.6300048828125,120.44727325439453,5572800.0
2020-11-19,131.9199981689453,132.11000061035156,129.92999267578125,131.91000366210938,120.7035140991211,4642800.0
2020-11-20,133.3000030517578,133.52999877929688,131.91000366210938,132.97999572753906,121.68258666992188,4318100.0
2020-11-23,134.3800048828125,134.88999938964844,133.08999633789062,134.1300048828125,122.73491668701172,6118400.0
2020-11-24,135.0,135.99000549316406,134.2100067138672,134.6999969482422,123.25646209716797,7204700.0
2020-11-25,134.25,135.8000030517578,133.6199951171875,135.5399932861328,124.02510070800781,4484500.0
2020-11-26,134.25,135.8000030517578,133.6199951171875,135.5399932861328,124.02510070800781,4484500.0
2020-11-27,136.0,136.1300048828125,133.33999633789062,134.25,122.84469604492188,3506800.0
2020-11-30,133.91000366210938,135.2899932861328,132.69000244140625,134.6999969482422,123.25646209716797,9652500.0
2020-12-01,136.44000244140625,136.5,134.75,135.44000244140625,123.93362426757812,3833100.0
2020-12-02,135.16000366210938,136.32000732421875,134.6699981689453,135.5800018310547,124.06172180175781,4132700.0
2020-12-03,135.10000610351562,137.9499969482422,135.0,136.9600067138672,125.32447814941406,4930900.0
2020-12-04,137.0800018310547,137.39999389648438,135.63999938964844,137.19000244140625,125.78749084472656,4344000.0
2020-12-07,137.0,138.86000061035156,136.8000030517578,138.75,127.21781921386719,4590800.0
2020-12-08,138.24000549316406,140.44000244140625,137.64999389648438,139.1199951171875,127.55706787109375,6953600.0
2020-12-09,140.57000732421875,140.57000732421875,138.27000427246094,138.7899932861328,127.25444030761719,4341300.0
2020-12-10,138.27999877929688,139.13999938964844,137.24000549316406,137.5800018310547,126.14505004882812,4511000.0
2020-12-11,137.38999938964844,138.13999938964844,136.22999572753906,137.41000366210938,125.98922729492188,4172400.0
2020-12-14,138.9199981689453,139.0,136.1999969482422,136.27999877929688,124.95313262939453,7599000.0
2020-12-15,137.42999267578125,139.44000244140625,137.25,139.38999938964844,127.80464935302734,7637000.0
2020-12-16,139.07000732421875,140.49000549316406,137.4600067138672,138.33999633789062,126.8419418334961,6573400.0
2020-12-17,139.9199981689453,140.74000549316406,138.75,140.5,128.8223876953125,8727000.0
2020-12-18,141.08999633789062,141.13999938964844,137.1699981689453,137.27999877929688,125.87004852294922,17970800.0
2020-12-21,144.82000732421875,147.9499969482422,142.50999450683594,144.02000427246094,132.04981994628906,16111300.0
2020-12-22,143.0500030517578,143.47000122070312,141.08999633789062,142.4499969482422,130.61032104492188,6339400.0
2020-12-23,142.55999755859375,143.60000610351562,141.6999969482422,141.75999450683594,129.97763061523438,3388300.0
2020-12-24,141.10000610351562,142.19000244140625,141.10000610351562,141.60000610351562,129.83091735839844,1821900.0
2020-12-25,141.10000610351562,142.19000244140625,141.10000610351562,141.60000610351562,129.83091735839844,1821900.0
2020-12-28,142.5399932861328,142.9199981689453,141.0399932861328,142.42999267578125,130.5919647216797,4081500.0
2020-12-29,142.8300018310547,143.05999755859375,140.42999267578125,141.57000732421875,129.803466796875,3232400.0
2020-12-30,142.16000366210938,142.61000061035156,140.66000366210938,141.5800018310547,129.81260681152344,3052100.0
2020-12-31,141.6999969482422,141.7899932861328,140.3699951171875,141.47000122070312,129.71176147460938,2949900.0
2021-01-01,141.6999969482422,141.7899932861328,140.3699951171875,141.47000122070312,129.71176147460938,2949900.0
2021-01-04,142.85000610351562,142.97000122070312,138.32000732421875,140.10000610351562,128.45562744140625,6178500.0
2021-01-05,138.60000610351562,141.66000366210938,138.60000610351562,141.22999572753906,129.49172973632812,4163100.0
2021-01-06,141.25,143.57000732421875,139.52999877929688,142.35000610351562,130.51861572265625,6072900.0
2021-01-07,143.1999969482422,145.63999938964844,143.0,144.9499969482422,132.90249633789062,5256900.0
2021-01-08,145.5500030517578,146.82000732421875,144.89999389648438,146.35000610351562,134.1862030029297,3950500.0
2021-01-11,146.0,147.10000610351562,144.8000030517578,147.0500030517578,134.82798767089844,4252000.0
2021-01-12,146.5,146.85000610351562,144.3800048828125,145.0500030517578,132.99423217773438,3678800.0
2021-01-13,144.8300018310547,145.1300048828125,142.42999267578125,143.0399932861328,131.1512908935547,3330100.0
2021-01-14,143.66000366210938,144.89999389648438,140.92999267578125,141.3000030517578,129.55587768554688,4104000.0
2021-01-15,140.55999755859375,142.3800048828125,139.8800048828125,140.72000122070312,129.02410888671875,6412400.0
2021-01-18,140.55999755859375,142.3800048828125,139.8800048828125,140.72000122070312,129.02410888671875,6412400.0
2021-01-19,140.99000549316406,141.22000122070312,138.41000366210938,139.27000427246094,127.69464111328125,6537800.0
2021-01-20,140.3800048828125,143.2100067138672,140.00999450683594,142.8000030517578,130.9312286376953,4654400.0
2021-01-21,142.41000366210938,143.80999755859375,141.1300048828125,141.61000061035156,129.84014892578125,4011200.0
2021-01-22,141.08999633789062,141.8800048828125,139.30999755859375,139.35000610351562,127.76798248291016,4150500.0
2021-01-25,138.99000549316406,139.17999267578125,134.74000549316406,137.5500030517578,126.1175537109375,5998700.0
2021-01-26,137.75999450683594,137.85000610351562,134.7100067138672,135.10000610351562,123.87120819091797,5312300.0
2021-01-27,132.22000122070312,132.86000061035156,130.27000427246094,131.02000427246094,120.13031768798828,7815900.0
2021-01-28,132.36000061035156,136.3699951171875,131.5,134.72000122070312,123.52278137207031,6244600.0
2021-01-29,133.9499969482422,135.02999877929688,132.14999389648438,133.58999633789062,122.48670196533203,7166100.0
2021-02-01,135.3699951171875,136.0500030517578,133.3000030517578,135.7100067138672,124.43052673339844,4366800.0
2021-02-02,137.05999755859375,139.86000061035156,136.75,139.58999633789062,127.988037109375,7132800.0
2021-02-03,139.6999969482422,140.05999755859375,138.00999450683594,138.6300048828125,127.10779571533203,4678600.0
2021-02-04,139.5500030517578,141.0500030517578,138.9199981689453,140.6300048828125,128.9415740966797,4533700.0
2021-02-05,141.33999633789062,145.57000732421875,141.2899932861328,145.11000061035156,133.0492401123047,6151500.0
2021-02-08,145.14999389648438,145.8800048828125,142.8000030517578,143.41000366210938,131.4905242919922,6304300.0
2021-02-09,143.60000610351562,144.22000122070312,141.6999969482422,141.7899932861328,130.00515747070312,3436300.0
2021-02-10,142.4499969482422,142.60000610351562,140.89999389648438,142.4600067138672,130.61949157714844,4125700.0
2021-02-11,143.0,144.35000610351562,142.41000366210938,143.5399932861328,131.60971069335938,3828700.0
2021-02-12,143.11000061035156,143.4499969482422,141.39999389648438,142.1199951171875,130.3077392578125,3637000.0
2021-02-15,143.11000061035156,143.4499969482422,141.39999389648438,142.1199951171875,130.3077392578125,3637000.0
2021-02-16,143.3699951171875,143.3699951171875,141.02999877929688,141.7100067138672,129.9318389892578,4873400.0
2021-02-17,141.3000030517578,144.55999755859375,140.2100067138672,143.99000549316406,132.02230834960938,6437100.0
2021-02-18,142.97999572753906,145.38999938964844,141.2100067138672,145.08999633789062,133.0308837890625,4486800.0
2021-02-19,145.42999267578125,145.5,141.5,142.02000427246094,130.21604919433594,7486000.0
2021-02-22,141.5399932861328,142.4600067138672,136.25999450683594,136.6699981689453,125.31069946289062,8985900.0
2021-02-23,136.02999877929688,136.8300018310547,131.5800018310547,136.1300048828125,124.81555938720703,10364100.0
2021-02-24,135.05999755859375,135.9600067138672,133.9499969482422,135.64999389648438,124.37548065185547,6360900.0
2021-02-25,137.60000610351562,139.17999267578125,134.52999877929688,135.5399932861328,124.2746353149414,5674300.0
2021-02-26,135.89999389648438,136.85000610351562,133.36000061035156,134.77999877929688,123.82905578613281,6650200.0
2021-03-01,135.63999938964844,139.14999389648438,135.5,137.64999389648438,126.4658432006836,5717800.0
2021-03-02,137.55999755859375,138.25999450683594,135.61000061035156,137.02000427246094,125.88703155517578,5292700.0
2021-03-03,137.08999633789062,137.41000366210938,134.14999389648438,134.25999450683594,123.3512954711914,4888400.0
2021-03-04,134.0,135.1300048828125,130.17999267578125,132.0399932861328,121.31163024902344,7181500.0
2021-03-05,133.5399932861328,133.67999267578125,129.19000244140625,133.35000610351562,122.51522064208984,5957100.0
2021-03-08,133.63999938964844,135.6300048828125,132.3699951171875,134.55999755859375,123.62688446044922,4983000.0
2021-03-09,135.50999450683594,138.0,135.4499969482422,135.9499969482422,124.9039535522461,5977800.0
2021-03-10,136.5,138.1999969482422,136.10000610351562,137.58999633789062,126.4107437133789,4519600.0
2021-03-11,139.17999267578125,142.1999969482422,138.55999755859375,141.19000244140625,129.7182159423828,5696500.0
2021-03-12,140.0,140.91000366210938,138.60000610351562,140.4499969482422,129.03834533691406,4143200.0
2021-03-15,140.6999969482422,145.0,140.6699981689453,144.94000244140625,133.1634979248047,5413900.0
2021-03-16,145.8800048828125,146.14999389648438,143.83999633789062,144.64999389648438,132.89707946777344,5623000.0
2021-03-17,143.1999969482422,146.14999389648438,143.1999969482422,144.82000732421875,133.0532684326172,5134400.0
2021-03-18,144.3699951171875,146.66000366210938,142.5500030517578,143.1699981689453,131.53733825683594,10188400.0
2021-03-19,140.0,142.86000061035156,135.50999450683594,137.49000549316406,126.31888580322266,24980400.0
2021-03-22,137.6300048828125,138.80999755859375,136.02999877929688,138.27000427246094,127.0354995727539,7537300.0
2021-03-23,138.49000549316406,140.63999938964844,136.5500030517578,137.1199951171875,125.9789047241211,5582600.0
2021-03-24,136.4499969482422,137.9199981689453,132.8800048828125,133.16000366210938,122.3406753540039,8157600.0
2021-03-25,127.05000305175781,129.38999938964844,125.44000244140625,128.63999938964844,118.18791198730469,18475800.0
2021-03-26,131.60000610351562,133.19000244140625,129.77000427246094,132.99000549316406,122.18446350097656,10010500.0
2021-03-29,132.94000244140625,133.91000366210938,130.66000366210938,133.49000549316406,122.64385986328125,7153900.0
2021-03-30,132.35000610351562,133.35000610351562,131.22000122070312,132.9499969482422,122.1477279663086,6026600.0
2021-03-31,133.08999633789062,134.17999267578125,131.9199981689453,132.88999938964844,122.09259796142578,6878900.0
2021-04-01,134.69000244140625,134.69000244140625,132.2100067138672,132.52999877929688,121.7618637084961,5720600.0
2021-04-02,134.69000244140625,134.69000244140625,132.2100067138672,132.52999877929688,121.7618637084961,5720600.0
2021-04-05,133.10000610351562,135.67999267578125,133.10000610351562,135.1199951171875,124.14140319824219,5508900.0
2021-04-06,135.44000244140625,137.7100067138672,134.92999267578125,137.16000366210938,126.01566314697266,4670100.0
2021-04-07,136.99000549316406,138.24000549316406,136.36000061035156,136.5399932861328,125.44603729248047,6646000.0
2021-04-08,137.27999877929688,137.30999755859375,133.41000366210938,133.67999267578125,122.81838989257812,8748400.0
2021-04-09,133.94000244140625,135.5,133.5,135.4499969482422,124.4446029663086,6056800.0
2021-04-12,134.75,136.89999389648438,134.22000122070312,136.63999938964844,125.53791809082031,5638200.0
2021-04-13,135.60000610351562,135.99000549316406,133.39999389648438,133.5399932861328,122.6897964477539,8778200.0
2021-04-14,133.5399932861328,134.17999267578125,131.82000732421875,132.25999450683594,121.5137939453125,7354100.0
2021-04-15,133.0,134.07000732421875,132.67999267578125,133.6699981689453,122.8092269897461,6284800.0
2021-04-16,134.7100067138672,134.77000427246094,133.72999572753906,134.30999755859375,123.39723205566406,6852500.0
2021-04-19,134.3000030517578,134.3800048828125,132.14999389648438,132.57000732421875,121.79859161376953,5613600.0
2021-04-20,129.1699981689453,129.89999389648438,125.69999694824219,127.11000061035156,116.78224182128906,13268700.0
2021-04-21,127.58999633789062,130.3300018310547,127.37000274658203,129.89999389648438,119.34554290771484,7110900.0
2021-04-22,129.88999938964844,130.3699951171875,127.9800033569336,129.17999267578125,118.68403625488281,6442900.0
2021-04-23,128.92999267578125,130.64999389648438,128.4600067138672,130.19000244140625,119.61195373535156,7489000.0
2021-04-26,130.49000549316406,131.6999969482422,129.32000732421875,131.60000610351562,120.90740966796875,8217800.0
2021-04-27,132.0,132.7899932861328,131.41000366210938,132.11000061035156,121.37596893310547,5833100.0
2021-04-28,132.25999450683594,132.3300018310547,130.35000610351562,130.7100067138672,120.08973693847656,8195400.0
2021-04-29,131.77000427246094,134.1199951171875,131.22999572753906,133.25999450683594,122.43255615234375,6612500.0
2021-04-30,132.44000244140625,133.8800048828125,132.0500030517578,132.6199951171875,121.84454345703125,5643600.0
2021-05-03,133.3699951171875,134.4499969482422,132.58999633789062,133.02999877929688,122.22122955322266,5053000.0
2021-05-04,132.22999572753906,132.58999633789062,130.47999572753906,131.5500030517578,120.86148071289062,6129500.0
2021-05-05,132.6999969482422,134.22000122070312,132.0800018310547,132.2100067138672,121.46786499023438,6234200.0
2021-05-06,132.60000610351562,133.83999633789062,131.94000244140625,133.49000549316406,122.64385986328125,5201000.0
2021-05-07,135.0,139.36000061035156,134.72000122070312,137.80999755859375,126.61285400390625,10566700.0
2021-05-10,138.0,138.89999389648438,136.3000030517578,136.39999389648438,125.31742858886719,5669300.0
2021-05-11,138.3800048828125,138.3800048828125,135.00999450683594,137.1199951171875,125.9789047241211,8045400.0
2021-05-12,135.4199981689453,136.82000732421875,133.33999633789062,133.38999938964844,122.552001953125,5865100.0
2021-05-13,133.6999969482422,135.02999877929688,132.49000549316406,133.61000061035156,122.75409698486328,6284300.0
2021-05-14,134.33999633789062,136.67999267578125,134.0500030517578,135.92999267578125,124.88555908203125,4367900.0
2021-05-17,136.3300018310547,137.07000732421875,135.5,136.41000366210938,125.32662200927734,3934200.0
2021-05-18,136.44000244140625,137.47000122070312,135.4499969482422,135.55999755859375,124.54566955566406,5664700.0
2021-05-19,133.47999572753906,133.97000122070312,131.9600067138672,132.9600067138672,122.15691375732422,5582300.0
2021-05-20,133.77999877929688,134.2100067138672,132.19000244140625,133.27000427246094,122.44172668457031,4934800.0
2021-05-21,133.8300018310547,134.1699981689453,132.41000366210938,132.66000366210938,121.88128662109375,5329700.0
2021-05-24,133.10000610351562,134.35000610351562,132.80999755859375,134.05999755859375,123.16753387451172,4313200.0
2021-05-25,134.94000244140625,135.1699981689453,133.85000610351562,134.32000732421875,123.40645599365234,4885800.0
2021-05-26,135.1999969482422,137.9199981689453,135.0,136.88999938964844,125.76761627197266,6781500.0
2021-05-27,137.5500030517578,138.30999755859375,136.4600067138672,136.55999755859375,125.46443176269531,12882300.0
2021-05-28,136.24000549316406,137.35000610351562,136.08999633789062,136.4600067138672,125.62553405761719,4153500.0
2021-05-31,136.24000549316406,137.35000610351562,136.08999633789062,136.4600067138672,125.62553405761719,4153500.0
2021-06-01,137.85000610351562,138.0500030517578,134.2100067138672,134.50999450683594,123.830322265625,5577900.0
2021-06-02,134.58999633789062,135.49000549316406,133.52999877929688,134.1699981689453,123.51734161376953,5226100.0
2021-06-03,133.1999969482422,134.69000244140625,132.50999450683594,134.1699981689453,123.51734161376953,5027400.0
2021-06-04,134.5,134.94000244140625,132.27999877929688,133.74000549316406,123.12149810791016,5217100.0
2021-06-07,134.0,135.1999969482422,133.4499969482422,133.9499969482422,123.31478881835938,3765000.0
2021-06-08,134.69000244140625,134.72000122070312,132.41000366210938,133.35000610351562,122.7624282836914,4915200.0
2021-06-09,133.6199951171875,134.89999389648438,131.4499969482422,131.83999633789062,121.37230682373047,6448100.0
2021-06-10,131.5,132.57000732421875,130.19000244140625,130.97999572753906,120.58060455322266,6584100.0
2021-06-11,131.5,131.99000549316406,130.52999877929688,131.94000244140625,121.46438598632812,5414500.0
2021-06-14,131.6999969482422,132.0500030517578,130.1300048828125,131.36000061035156,120.93042755126953,5743600.0
2021-06-15,131.5399932861328,131.75,129.8300018310547,130.2899932861328,119.94538116455078,5168100.0
2021-06-16,130.3000030517578,131.1699981689453,129.60000610351562,130.39999389648438,120.0466537475586,7915500.0
2021-06-17,129.24000549316406,129.8800048828125,127.86000061035156,128.9199981689453,118.68415832519531,8568100.0
2021-06-18,126.68000030517578,129.02999877929688,126.68000030517578,128.41000366210938,118.21468353271484,9784800.0
2021-06-21,129.24000549316406,130.75999450683594,128.6999969482422,130.0800018310547,119.75206756591797,6288500.0
2021-06-22,130.8300018310547,132.69000244140625,130.1300048828125,132.47999572753906,121.96154022216797,6043800.0
2021-06-23,132.80999755859375,133.6999969482422,132.2100067138672,133.10000610351562,122.53229522705078,4566000.0
2021-06-24,133.89999389648438,134.82000732421875,132.89999389648438,133.60000610351562,122.99261474609375,11420500.0
2021-06-25,152.41000366210938,154.58999633789062,150.47999572753906,154.35000610351562,142.0951385498047,46285400.0
2021-06-28,153.9199981689453,154.0500030517578,151.50999450683594,152.36000061035156,140.26312255859375,13133300.0
2021-06-29,153.25999450683594,156.39999389648438,152.91000366210938,155.9499969482422,143.56809997558594,10279900.0
2021-06-30,154.7899932861328,155.33999633789062,153.52000427246094,154.49000549316406,142.22401428222656,10281800.0
2021-07-01,154.07000732421875,158.2100067138672,153.88999938964844,158.0,145.4552764892578,9011500.0
2021-07-02,158.2100067138672,159.97000122070312,157.63999938964844,159.74000549316406,147.05718994140625,6396700.0
2021-07-05,158.2100067138672,159.97000122070312,157.63999938964844,159.74000549316406,147.05718994140625,6396700.0
2021-07-06,159.9199981689453,160.44000244140625,157.86000061035156,160.11000061035156,147.3977508544922,6671000.0
2021-07-07,160.16000366210938,161.5,158.27999877929688,160.16000366210938,147.4438018798828,5408300.0
2021-07-08,158.1699981689453,160.82000732421875,157.35000610351562,160.6300048828125,147.8765106201172,6081600.0
2021-07-09,161.69000244140625,161.9600067138672,160.50999450683594,161.0,148.2171173095703,5002300.0
2021-07-12,161.63999938964844,162.42999267578125,160.7100067138672,161.82000732421875,148.97203063964844,4992200.0
2021-07-13,161.35000610351562,162.30999755859375,161.00999450683594,161.58999633789062,148.76031494140625,5747700.0
2021-07-14,161.8699951171875,162.72999572753906,161.33999633789062,161.5399932861328,148.7142333984375,4928000.0
2021-07-15,160.86000061035156,162.1999969482422,160.38999938964844,161.69000244140625,148.85235595703125,6432500.0
2021-07-16,161.6199951171875,161.6999969482422,159.63999938964844,159.85000610351562,147.15846252441406,6603700.0
2021-07-19,158.14999389648438,158.82000732421875,156.60000610351562,157.8699951171875,145.33560180664062,7377100.0
2021-07-20,157.25999450683594,160.42999267578125,156.5800018310547,159.74000549316406,147.05718994140625,4629200.0
2021-07-21,160.5,161.42999267578125,160.00999450683594,161.0800018310547,148.29078674316406,5393100.0
2021-07-22,161.11000061035156,163.75,160.92999267578125,163.67999267578125,150.68431091308594,4851500.0
2021-07-23,164.35000610351562,166.4499969482422,163.72999572753906,166.36000061035156,153.15158081054688,4217700.0
2021-07-26,165.7100067138672,166.52999877929688,163.82000732421875,165.08999633789062,151.9823455810547,3858800.0
2021-07-27,164.82000732421875,165.61000061035156,162.5800018310547,164.57000732421875,151.50367736816406,4359000.0
2021-07-28,164.49000549316406,165.89999389648438,164.0800018310547,165.4600067138672,152.32302856445312,4093600.0
2021-07-29,165.89999389648438,167.02999877929688,165.38999938964844,166.99000549316406,153.7315673828125,3605600.0
2021-07-30,166.58999633789062,167.8699951171875,166.35000610351562,167.50999450683594,154.21023559570312,5364400.0
2021-08-02,169.05999755859375,169.97999572753906,168.02999877929688,168.75,155.351806640625,5532500.0
2021-08-03,169.22000122070312,171.5,168.49000549316406,171.22999572753906,157.63490295410156,5718100.0
2021-08-04,171.36000061035156,172.33999633789062,170.9600067138672,171.91000366210938,158.26089477539062,4646200.0
2021-08-05,171.41000366210938,174.0,171.17999267578125,173.85000610351562,160.04689025878906,3824000.0
2021-08-06,174.36000061035156,174.3800048828125,172.6999969482422,172.8000030517578,159.0802459716797,4088700.0
2021-08-09,172.5,173.05999755859375,171.6199951171875,171.77000427246094,158.13201904296875,3612800.0
2021-08-10,171.55999755859375,173.9600067138672,171.42999267578125,172.27000427246094,158.59230041503906,3747100.0
2021-08-11,172.0,173.22000122070312,170.94000244140625,171.27000427246094,157.67172241210938,4078300.0
2021-08-12,170.88999938964844,171.32000732421875,169.47999572753906,170.63999938964844,157.09173583984375,3997100.0
2021-08-13,170.4499969482422,171.72000122070312,168.77999877929688,171.69000244140625,158.05838012695312,2966200.0
2021-08-16,170.6999969482422,172.39999389648438,169.66000366210938,172.36000061035156,158.67515563964844,3530200.0
2021-08-17,171.5399932861328,171.6999969482422,169.3800048828125,170.66000366210938,157.11016845703125,3602900.0
2021-08-18,169.75,171.8000030517578,168.66000366210938,168.80999755859375,155.4070281982422,5487400.0
2021-08-19,166.9600067138672,167.5399932861328,164.3699951171875,165.58999633789062,152.44268798828125,7336300.0
2021-08-20,166.27000427246094,168.00999450683594,165.4199981689453,167.7899932861328,154.46800231933594,4039100.0
2021-08-23,169.4499969482422,170.89999389648438,169.17999267578125,169.72000122070312,156.24476623535156,3796500.0
2021-08-24,169.60000610351562,170.8699951171875,168.88999938964844,169.97999572753906,156.48411560058594,3133100.0
2021-08-25,170.0,170.69000244140625,169.52999877929688,169.83999633789062,156.355224609375,3003800.0
2021-08-26,169.3800048828125,169.52000427246094,166.27000427246094,166.9199981689453,153.66709899902344,4069600.0
2021-08-27,167.27000427246094,168.07000732421875,166.27999877929688,167.5800018310547,154.52926635742188,3012400.0
2021-08-30,167.88999938964844,168.41000366210938,166.57000732421875,168.02999877929688,154.94422912597656,3537100.0
2021-08-31,167.5500030517578,167.67999267578125,164.1999969482422,164.74000549316406,151.91046142578125,7545600.0
2021-09-01,164.9199981689453,166.6199951171875,164.0800018310547,164.55999755859375,151.7444610595703,4706500.0
2021-09-02,165.24000549316406,165.42999267578125,162.7899932861328,163.6699981689453,150.9237518310547,4632100.0
2021-09-03,163.1999969482422,164.1699981689453,162.22000122070312,163.2899932861328,150.57334899902344,4254500.0
2021-09-06,163.1999969482422,164.1699981689453,162.22000122070312,163.2899932861328,150.57334899902344,4254500.0
2021-09-07,163.6999969482422,163.86000061035156,161.91000366210938,162.63999938964844,149.97401428222656,5648800.0
2021-09-08,162.0,162.08999633789062,159.75,160.7100067138672,148.19430541992188,6591700.0
2021-09-09,165.25999450683594,166.14999389648438,163.1999969482422,163.33999633789062,150.61944580078125,8414800.0
2021-09-10,164.25,165.66000366210938,163.44000244140625,163.58999633789062,150.84999084472656,4252100.0
2021-09-13,161.55999755859375,162.9199981689453,158.3300018310547,159.52000427246094,147.09698486328125,8814500.0
2021-09-14,159.1699981689453,159.38999938964844,157.07000732421875,158.75999450683594,146.39614868164062,5323900.0
2021-09-15,157.5,158.32000732421875,155.6699981689453,157.91000366210938,145.61236572265625,6827100.0
2021-09-16,157.58999633789062,159.00999450683594,157.1999969482422,157.60000610351562,145.32647705078125,5085900.0
2021-09-17,157.9600067138672,161.0,156.07000732421875,156.4199981689453,144.23838806152344,7944800.0
2021-09-20,153.72999572753906,155.27000427246094,152.32000732421875,154.25,142.23739624023438,7041200.0
2021-09-21,155.08999633789062,156.1300048828125,153.5800018310547,155.02000427246094,142.94741821289062,5857900.0
2021-09-22,156.7899932861328,158.0,155.60000610351562,157.44000244140625,145.178955078125,6844800.0
2021-09-23,158.7100067138672,160.2899932861328,158.27000427246094,159.5800018310547,147.15225219726562,11981500.0
2021-09-24,151.0399932861328,151.85000610351562,148.0,149.58999633789062,137.94027709960938,26913300.0
2021-09-27,149.50999450683594,149.91000366210938,147.2899932861328,148.0399932861328,136.51100158691406,11479300.0
2021-09-28,147.33999633789062,147.52999877929688,145.0,145.3000030517578,133.98439025878906,10692300.0
2021-09-29,145.7100067138672,147.94000244140625,145.69000244140625,146.02000427246094,134.64830017089844,7794900.0
2021-09-30,145.8800048828125,147.47999572753906,144.4199981689453,145.22999572753906,133.9198455810547,10133600.0
2021-10-01,145.22000122070312,148.0,144.3699951171875,147.05999755859375,135.60733032226562,8112300.0
2021-10-04,147.05999755859375,147.6199951171875,145.75999450683594,147.13999938964844,135.6811065673828,7951000.0
2021-10-05,148.0,151.0,147.82000732421875,149.4600067138672,137.82041931152344,10881900.0
2021-10-06,148.0,149.4600067138672,147.50999450683594,148.8000030517578,137.21182250976562,7610700.0
2021-10-07,150.3000030517578,153.66000366210938,150.25999450683594,151.85000610351562,140.02427673339844,7958000.0
2021-10-08,152.22000122070312,152.8699951171875,150.6699981689453,152.47999572753906,140.60523986816406,6333700.0
2021-10-11,151.99000549316406,153.58999633789062,150.05999755859375,150.27999877929688,138.57655334472656,5551200.0
2021-10-12,152.4199981689453,153.60000610351562,151.3000030517578,153.35000610351562,141.407470703125,7408600.0
2021-10-13,154.32000732421875,156.6699981689453,153.16000366210938,156.3000030517578,144.1277313232422,8456300.0
2021-10-14,158.17999267578125,158.4600067138672,156.25,157.13999938964844,144.90234375,6024500.0
2021-10-15,157.8000030517578,158.3300018310547,156.55999755859375,158.00999450683594,145.70455932617188,5532100.0
2021-10-18,157.30999755859375,159.47000122070312,155.9499969482422,159.42999267578125,147.01397705078125,5765300.0
2021-10-19,159.67999267578125,159.92999267578125,156.8000030517578,157.82000732421875,145.5293731689453,6198200.0
2021-10-20,158.5,158.8000030517578,157.32000732421875,158.4499969482422,146.1102752685547,4487000.0
2021-10-21,158.4499969482422,162.33999633789062,158.27999877929688,162.17999267578125,149.5498046875,6121700.0
2021-10-22,162.27999877929688,164.6199951171875,162.27999877929688,163.47999572753906,150.7486114501953,5323000.0
2021-10-25,163.22999572753906,164.72999572753906,162.66000366210938,164.22000122070312,151.43093872070312,3878200.0
2021-10-26,164.82000732421875,165.4499969482422,163.1199951171875,163.7899932861328,151.03443908691406,4711200.0
2021-10-27,163.64999389648438,164.05999755859375,161.66000366210938,162.35000610351562,149.7065887451172,4163900.0
2021-10-28,163.00999450683594,164.60000610351562,162.80999755859375,164.4600067138672,151.6522674560547,3762000.0
2021-10-29,163.05999755859375,167.6300048828125,163.0,167.2899932861328,154.2618865966797,6740600.0
2021-11-01,167.8000030517578,168.8000030517578,165.88999938964844,166.3300018310547,153.3766326904297,3610800.0
2021-11-02,166.75999450683594,168.16000366210938,166.11000061035156,167.8300018310547,154.75978088378906,5038000.0
2021-11-03,169.0,172.8699951171875,168.64999389648438,172.5,159.0661163330078,7176700.0
2021-11-04,172.2100067138672,175.6300048828125,172.0,175.44000244140625,161.7771453857422,5460100.0
2021-11-05,175.72999572753906,179.10000610351562,175.5,177.50999450683594,163.6859588623047,5892200.0
2021-11-08,176.35000610351562,176.5399932861328,170.36000061035156,171.85000610351562,158.46673583984375,8301100.0
2021-11-09,171.25,173.92999267578125,170.9499969482422,173.82000732421875,160.28335571289062,4343000.0
2021-11-10,171.22999572753906,172.1699981689453,167.5500030517578,168.25999450683594,155.1563262939453,8185200.0
2021-11-11,169.60000610351562,169.60000610351562,166.6300048828125,166.97000122070312,153.96673583984375,4994900.0
2021-11-12,167.5,169.67999267578125,167.39999389648438,169.08999633789062,155.92164611816406,5126300.0
2021-11-15,169.6999969482422,170.36000061035156,168.52000427246094,168.85000610351562,155.7003631591797,3856700.0
2021-11-16,169.25,174.0,169.25,171.8300018310547,158.44827270507812,4401000.0
2021-11-17,171.60000610351562,172.74000549316406,170.25,171.74000549316406,158.3652801513672,3940200.0
2021-11-18,172.3300018310547,173.4600067138672,170.36000061035156,171.35000610351562,158.0056610107422,4044200.0
2021-11-19,172.14999389648438,177.1999969482422,170.52999877929688,174.8800048828125,161.26077270507812,6145600.0
2021-11-22,174.97999572753906,177.75,174.22999572753906,174.24000549316406,160.67063903808594,5906400.0
2021-11-23,173.0500030517578,173.42999267578125,170.41000366210938,172.14999389648438,158.7433624267578,5302100.0
2021-11-24,168.49000549316406,172.42999267578125,167.6699981689453,172.02999877929688,158.6327362060547,4637600.0
2021-11-25,168.49000549316406,172.42999267578125,167.6699981689453,172.02999877929688,158.6327362060547,4637600.0
2021-11-26,168.05999755859375,169.67999267578125,167.5399932861328,168.02000427246094,154.93499755859375,4751100.0
2021-11-29,169.8300018310547,171.14999389648438,169.22999572753906,169.8699951171875,156.6409454345703,5448700.0
2021-11-30,168.7899932861328,171.5500030517578,167.52999877929688,169.24000549316406,156.06002807617188,11033700.0
2021-12-01,170.88999938964844,173.3699951171875,166.67999267578125,166.6999969482422,153.71780395507812,6618200.0
2021-12-02,167.27999877929688,170.5500030517578,167.0,170.0,156.76084899902344,4398900.0
2021-12-03,170.6199951171875,172.07000732421875,166.75999450683594,170.24000549316406,157.26425170898438,4878500.0
2021-12-06,170.8300018310547,171.2100067138672,168.05999755859375,168.91000366210938,156.03565979003906,5636900.0
2021-12-07,171.11000061035156,173.35000610351562,170.39999389648438,171.2899932861328,158.2342529296875,5898700.0
2021-12-08,171.22000122070312,171.7899932861328,169.83999633789062,170.25,157.27352905273438,5614400.0
2021-12-09,169.2899932861328,171.1699981689453,167.99000549316406,168.10000610351562,155.28738403320312,5171600.0
2021-12-10,168.5,170.24000549316406,167.3300018310547,169.05999755859375,156.1741943359375,4791100.0
2021-12-13,168.80999755859375,169.38999938964844,165.25999450683594,166.83999633789062,154.12342834472656,5972300.0
2021-12-14,166.2899932861328,167.0800018310547,164.2100067138672,165.39999389648438,152.7931671142578,4872200.0
2021-12-15,165.0,165.6699981689453,161.82000732421875,163.89999389648438,151.40748596191406,7144600.0
2021-12-16,162.6999969482422,165.94000244140625,162.52999877929688,162.72000122070312,150.31744384765625,7138100.0
2021-12-17,161.6300048828125,162.86000061035156,160.5500030517578,161.36000061035156,149.06106567382812,7705100.0
2021-12-20,159.33999633789062,159.60000610351562,155.47000122070312,156.97999572753906,145.01495361328125,8411900.0
2021-12-21,166.69000244140625,171.19000244140625,164.7100067138672,166.6300048828125,153.929443359375,13862900.0
2021-12-22,167.24000549316406,169.0,164.08999633789062,165.44000244140625,152.83016967773438,5811300.0
2021-12-23,166.25,167.16000366210938,165.44000244140625,165.6699981689453,153.04261779785156,3876900.0
2021-12-24,166.25,167.16000366210938,165.44000244140625,165.6699981689453,153.04261779785156,3876900.0
2021-12-27,166.52000427246094,167.69000244140625,165.47999572753906,167.5800018310547,154.80697631835938,3769300.0
2021-12-28,167.8000030517578,168.25,166.3000030517578,166.4199981689453,153.7354278564453,2658600.0
2021-12-29,167.07000732421875,169.8000030517578,166.60000610351562,168.77999877929688,155.91555786132812,3830900.0
2021-12-30,168.30999755859375,170.1199951171875,167.1999969482422,167.49000549316406,154.72390747070312,2666800.0
2021-12-31,167.55999755859375,167.72000122070312,166.2100067138672,166.6699981689453,153.96636962890625,2752000.0
2022-01-03,167.52999877929688,167.91000366210938,163.30999755859375,164.6699981689453,152.11878967285156,5670500.0
2022-01-04,165.8800048828125,167.17999267578125,165.0,166.38999938964844,153.70773315429688,6064200.0
2022-01-05,166.49000549316406,167.00999450683594,162.10000610351562,162.25,149.8832550048828,5021000.0
2022-01-06,162.08999633789062,163.19000244140625,159.05999755859375,161.0399932861328,148.76544189453125,4144600.0
2022-01-07,160.77000427246094,161.13999938964844,156.86000061035156,156.97000122070312,145.00570678710938,5108000.0
2022-01-10,150.52000427246094,151.3300018310547,148.77999877929688,150.44000244140625,138.97344970703125,10439000.0
2022-01-11,150.47999572753906,150.83999633789062,147.60000610351562,150.3000030517578,138.8441162109375,8175400.0
2022-01-12,152.1300048828125,153.4600067138672,150.74000549316406,152.2100067138672,140.60853576660156,6351200.0
2022-01-13,153.1999969482422,153.60000610351562,149.02000427246094,149.58999633789062,138.18821716308594,4990900.0
2022-01-14,148.38999938964844,148.83999633789062,146.85000610351562,148.17999267578125,136.8856964111328,6030500.0
2022-01-17,148.38999938964844,148.83999633789062,146.85000610351562,148.17999267578125,136.8856964111328,6030500.0
2022-01-18,148.05999755859375,148.8300018310547,146.3000030517578,146.9499969482422,135.7494659423828,6931000.0
2022-01-19,147.75999450683594,149.10000610351562,145.02000427246094,145.11000061035156,134.04969787597656,4823800.0
2022-01-20,145.4600067138672,147.3800048828125,142.5,142.72999572753906,131.85105895996094,5366500.0
2022-01-21,144.32000732421875,146.36000061035156,142.85000610351562,142.9499969482422,132.0543212890625,7553400.0
2022-01-24,140.80999755859375,146.30999755859375,139.55999755859375,146.0,134.87184143066406,9733200.0
2022-01-25,144.97000122070312,147.9600067138672,142.50999450683594,145.47999572753906,134.39144897460938,8195400.0
2022-01-26,147.77999877929688,148.97000122070312,142.72999572753906,143.99000549316406,133.01504516601562,7444600.0
2022-01-27,144.99000549316406,147.35000610351562,143.5800018310547,144.63999938964844,133.61550903320312,6396400.0
2022-01-28,144.1199951171875,146.02999877929688,140.61000061035156,145.91000366210938,134.78872680664062,6130200.0
2022-01-31,146.27000427246094,148.17999267578125,145.22000122070312,148.07000732421875,136.78407287597656,6932200.0
2022-02-01,149.5,149.67999267578125,146.8000030517578,148.22000122070312,136.92263793945312,6695000.0
2022-02-02,148.35000610351562,149.4600067138672,147.52999877929688,148.7100067138672,137.3753204345703,5491700.0
2022-02-03,147.39999389648438,148.4600067138672,144.97000122070312,145.30999755859375,134.2344512939453,5240200.0
2022-02-04,145.3699951171875,146.47999572753906,143.63999938964844,145.38999938964844,134.30833435058594,4313400.0
2022-02-07,145.3000030517578,146.1199951171875,144.22000122070312,145.13999938964844,134.077392578125,3877500.0
2022-02-08,144.74000549316406,145.5,142.3000030517578,143.52999877929688,132.59010314941406,5829400.0
2022-02-09,146.11000061035156,147.36000061035156,145.6699981689453,146.25999450683594,135.11204528808594,4551000.0
2022-02-10,143.9600067138672,147.5399932861328,143.85000610351562,144.82000732421875,133.7817840576172,5142600.0
2022-02-11,144.75999450683594,145.05999755859375,139.55999755859375,140.17999267578125,129.4954376220703,6710500.0
2022-02-14,140.0800018310547,143.2100067138672,139.7899932861328,141.58999633789062,130.7979736328125,6841200.0
2022-02-15,144.22000122070312,146.32000732421875,144.10000610351562,145.5800018310547,134.48385620117188,7820200.0
2022-02-16,145.02000427246094,146.9499969482422,144.61000061035156,146.49000549316406,135.32452392578125,4817500.0
2022-02-17,145.5399932861328,146.91000366210938,142.63999938964844,142.8000030517578,131.91574096679688,5202300.0
2022-02-18,143.3699951171875,143.94000244140625,141.80999755859375,142.9499969482422,132.0543212890625,5177400.0
2022-02-21,143.3699951171875,143.94000244140625,141.80999755859375,142.9499969482422,132.0543212890625,5177400.0
2022-02-22,141.58999633789062,141.63999938964844,136.16000366210938,138.19000244140625,127.65711212158203,9604500.0
2022-02-23,139.66000366210938,140.97000122070312,136.50999450683594,136.8300018310547,126.40079498291016,7636600.0
2022-02-24,133.0,137.4199981689453,130.92999267578125,137.1699981689453,126.71485137939453,8417200.0
2022-02-25,138.1300048828125,139.22000122070312,136.19000244140625,138.8000030517578,128.2206268310547,5424500.0
2022-02-28,137.05999755859375,138.3800048828125,135.0399932861328,136.5500030517578,126.14213562011719,6613300.0
2022-03-01,136.72000122070312,136.75,131.14999389648438,132.22000122070312,122.14215087890625,6534000.0
2022-03-02,132.97999572753906,136.61000061035156,132.77000427246094,135.67999267578125,125.33842468261719,7743900.0
2022-03-03,136.74000549316406,136.8000030517578,133.4499969482422,133.97000122070312,123.75879669189453,4576500.0
2022-03-04,132.50999450683594,133.6199951171875,130.6999969482422,131.17999267578125,121.45795440673828,7084500.0
2022-03-07,131.0,131.02999877929688,124.16999816894531,124.44000244140625,115.21744537353516,11383400.0
2022-03-08,125.23999786376953,125.47000122070312,120.80000305175781,121.20999908447266,112.2268295288086,9089400.0
2022-03-09,127.37999725341797,129.64999389648438,126.62999725341797,126.94999694824219,117.54144287109375,8845100.0
2022-03-10,124.0199966430664,126.5999984741211,124.0,126.02999877929688,116.68961334228516,7167400.0
2022-03-11,127.01000213623047,127.87000274658203,122.51000213623047,122.62999725341797,113.54159545898438,5882000.0
2022-03-14,121.52999877929688,122.44999694824219,116.75,117.56999969482422,108.85662078857422,13884900.0
2022-03-15,119.83999633789062,120.41999816894531,117.75,119.4000015258789,110.55098724365234,10431300.0
2022-03-16,122.8499984741211,126.11000061035156,121.93000030517578,125.19000244140625,115.91189575195312,11100400.0
2022-03-17,124.94000244140625,127.41000366210938,123.69999694824219,127.41000366210938,117.96735382080078,6845300.0
2022-03-18,126.8499984741211,131.4600067138672,126.69999694824219,131.24000549316406,121.51349639892578,10350900.0
2022-03-21,129.72000122070312,132.30999755859375,128.6199951171875,130.19000244140625,120.54132080078125,14388500.0
2022-03-22,137.27999877929688,139.0,132.99000549316406,133.08999633789062,123.22639465332031,19731200.0
2022-03-23,132.63999938964844,135.39999389648438,131.1999969482422,133.0,123.14305114746094,8068800.0
2022-03-24,133.75,134.19000244140625,131.1999969482422,132.0800018310547,122.291259765625,5853800.0
2022-03-25,133.0500030517578,133.8699951171875,131.7100067138672,133.6999969482422,123.79118347167969,6287000.0
2022-03-28,133.75999450683594,134.86000061035156,132.1699981689453,134.80999755859375,124.81895446777344,5804100.0
2022-03-29,137.85000610351562,139.75,136.9499969482422,139.13999938964844,128.82803344726562,7275900.0
2022-03-30,138.97999572753906,139.86000061035156,137.55999755859375,138.5399932861328,128.27247619628906,5545800.0
2022-03-31,137.8300018310547,138.7100067138672,134.5,134.55999755859375,124.58744812011719,7206500.0
2022-04-01,134.4499969482422,135.27999877929688,132.75,133.52000427246094,123.6245346069336,5807500.0
2022-04-04,133.0500030517578,135.2100067138672,132.86000061035156,134.33999633789062,124.38375854492188,5307300.0
2022-04-05,134.0399932861328,134.67999267578125,132.02000427246094,132.3000030517578,122.49494934082031,5707800.0
2022-04-06,130.0500030517578,130.3000030517578,126.33000183105469,128.36000061035156,118.8469467163086,6961000.0
2022-04-07,127.43000030517578,129.97999572753906,127.08999633789062,129.3800048828125,119.7913589477539,5320500.0
2022-04-08,129.44000244140625,129.92999267578125,127.87999725341797,128.14999389648438,118.6524887084961,4877400.0
2022-04-11,125.0999984741211,126.87000274658203,124.31999969482422,124.9800033569336,115.7174301147461,6365400.0
2022-04-12,125.19999694824219,128.10000610351562,124.33999633789062,125.04000091552734,115.77298736572266,5146800.0
2022-04-13,125.04000091552734,127.86000061035156,125.04000091552734,127.48999786376953,118.04142761230469,5119300.0
2022-04-14,129.0800018310547,134.3800048828125,128.88999938964844,133.4600067138672,123.56897735595703,12811300.0
2022-04-15,129.0800018310547,134.3800048828125,128.88999938964844,133.4600067138672,123.56897735595703,12811300.0
2022-04-18,132.0,133.38999938964844,130.30999755859375,131.6300048828125,121.87458801269531,5298200.0
2022-04-19,133.08999633789062,137.47999572753906,132.77999877929688,137.0500030517578,126.89288330078125,7346100.0
2022-04-20,137.9600067138672,138.64999389648438,135.66000366210938,135.8699951171875,125.80036926269531,5309700.0
2022-04-21,138.5500030517578,139.13999938964844,135.0800018310547,135.4600067138672,125.42076873779297,6562400.0
2022-04-22,134.3300018310547,134.92999267578125,128.7100067138672,129.07000732421875,119.50431823730469,7321700.0
2022-04-25,127.80000305175781,128.94000244140625,124.8499984741211,127.94000244140625,118.45809936523438,6512500.0
2022-04-26,126.94999694824219,127.58999633789062,120.4800033569336,120.5199966430664,111.58799743652344,7977900.0
2022-04-27,121.08999633789062,124.0,121.08999633789062,121.23999786376953,112.25462341308594,6007800.0
2022-04-28,123.16999816894531,127.97000122070312,122.5999984741211,127.05000305175781,117.634033203125,6551600.0
2022-04-29,126.22000122070312,128.4499969482422,124.25,124.69999694824219,115.45819854736328,5867900.0
2022-05-02,124.43000030517578,126.18000030517578,122.80000305175781,126.08000183105469,116.73592376708984,5428400.0
2022-05-03,125.0199966430664,125.76000213623047,120.22000122070312,122.86000061035156,113.75456237792969,8201200.0
2022-05-04,122.54000091552734,126.19999694824219,120.08000183105469,126.05999755859375,116.71739959716797,6924000.0
2022-05-05,124.11000061035156,124.75,116.5199966430664,118.62999725341797,109.83805084228516,8411600.0
2022-05-06,113.73999786376953,115.9000015258789,110.66000366210938,114.48999786376953,106.00487518310547,11237500.0
2022-05-09,112.97000122070312,114.43000030517578,110.58999633789062,111.20999908447266,102.96797943115234,7506000.0
2022-05-10,113.02999877929688,113.44000244140625,108.3499984741211,109.48999786376953,101.37544250488281,7526900.0
2022-05-11,110.69999694824219,111.1500015258789,107.58999633789062,107.91999816894531,99.92179107666016,6611800.0
2022-05-12,105.18000030517578,109.87999725341797,105.0,107.9000015258789,99.9032974243164,10245400.0
2022-05-13,110.26000213623047,113.11000061035156,108.66999816894531,113.01000213623047,104.63456726074219,9618800.0
2022-05-16,112.9800033569336,113.44000244140625,111.55999755859375,112.5999984741211,104.25495147705078,5722500.0
2022-05-17,115.5,117.0999984741211,113.06999969482422,115.9000015258789,107.31039428710938,6026100.0
2022-05-18,112.5,113.36000061035156,108.77999877929688,109.37000274658203,101.26433563232422,8188300.0
2022-05-19,108.94999694824219,109.11000061035156,106.27999877929688,106.44000244140625,98.55150604248047,7702000.0
2022-05-20,108.66999816894531,109.69000244140625,105.06999969482422,108.0,99.99586486816406,7621900.0
2022-05-23,107.47000122070312,108.75,105.81999969482422,108.62999725341797,100.57917785644531,7136400.0
2022-05-24,107.11000061035156,107.98999786376953,104.7300033569336,107.29000091552734,99.33848571777344,6023400.0
2022-05-25,103.45999908447266,108.88999938964844,103.45999908447266,108.19999694824219,100.18104553222656,7158800.0
2022-05-26,110.0,113.5,110.0,112.94000244140625,104.56974792480469,6520300.0
2022-05-27,114.22000122070312,116.01000213623047,114.01000213623047,115.98999786376953,107.39371490478516,5043000.0
2022-05-30,114.22000122070312,116.01000213623047,114.01000213623047,115.98999786376953,107.39371490478516,5043000.0
2022-05-31,117.5,119.79000091552734,114.44999694824219,118.8499984741211,110.04175567626953,13774600.0
2022-06-01,119.83000183105469,120.75,117.61000061035156,118.68000030517578,109.88435363769531,5543100.0
2022-06-02,119.51000213623047,123.58000183105469,119.26000213623047,123.41000366210938,114.26380157470703,5838100.0
2022-06-03,120.20999908447266,122.54000091552734,120.0,120.94999694824219,112.2635726928711,5201500.0
2022-06-06,121.5,122.13999938964844,119.43000030517578,120.2300033569336,111.59528350830078,3963400.0
2022-06-07,118.66000366210938,121.97000122070312,118.45999908447266,121.66999816894531,112.93185424804688,5373600.0
2022-06-08,120.9000015258789,123.81999969482422,120.44999694824219,122.4000015258789,113.60943603515625,4365800.0
2022-06-09,121.3499984741211,122.02999877929688,118.58999633789062,118.5999984741211,110.08235168457031,3892600.0
2022-06-10,117.08999633789062,117.08999633789062,114.26000213623047,114.7300033569336,106.49027252197266,6292600.0
2022-06-13,110.38999938964844,112.0199966430664,109.23999786376953,110.44000244140625,102.50837707519531,6423100.0
2022-06-14,110.37000274658203,111.88999938964844,110.01000213623047,110.72000122070312,102.76826477050781,4548400.0
2022-06-15,112.16000366210938,114.72000122070312,111.20999908447266,113.44000244140625,105.29292297363281,4828700.0
2022-06-16,109.51000213623047,109.9000015258789,105.72000122070312,107.12000274658203,99.42681121826172,7384800.0
2022-06-17,106.1500015258789,108.55000305175781,105.8499984741211,107.33999633789062,99.63101959228516,10256800.0
2022-06-20,106.1500015258789,108.55000305175781,105.8499984741211,107.33999633789062,99.63101959228516,10256800.0
2022-06-21,108.45999908447266,109.81999969482422,108.04000091552734,108.68000030517578,100.8747787475586,6211400.0
2022-06-22,105.4000015258789,106.9000015258789,104.61000061035156,104.91999816894531,97.38480377197266,9884000.0
2022-06-23,105.01000213623047,108.0999984741211,104.41000366210938,108.0,100.24362182617188,8898400.0
2022-06-24,109.93000030517578,112.94000244140625,109.61000061035156,112.91000366210938,104.80098724365234,10463700.0
2022-06-27,112.23999786376953,113.20999908447266,109.83999633789062,110.5,102.56407928466797,12644700.0
2022-06-28,108.19999694824219,114.05000305175781,102.4800033569336,102.77999877929688,95.39850616455078,31296500.0
2022-06-29,102.98999786376953,105.61000061035156,101.52999877929688,103.25,95.83475494384766,10326600.0
2022-06-30,101.94000244140625,103.37999725341797,100.77999877929688,102.19999694824219,94.86016082763672,9027400.0
2022-07-01,101.63999938964844,102.5,99.52999877929688,101.18000030517578,93.91340637207031,7934300.0
2022-07-04,101.63999938964844,102.5,99.52999877929688,101.18000030517578,93.91340637207031,7934300.0
2022-07-05,100.44999694824219,104.37999725341797,100.11000061035156,104.31999969482422,96.82791900634766,9948800.0
2022-07-06,104.88999938964844,105.72000122070312,103.44999694824219,104.2300033569336,96.74439239501953,6432900.0
2022-07-07,105.6500015258789,108.27999877929688,105.2699966430664,108.12999725341797,100.36426544189453,7633900.0
2022-07-08,106.58000183105469,108.61000061035156,106.51000213623047,107.93000030517578,100.17863464355469,5938600.0
2022-07-11,106.5999984741211,107.08999633789062,104.87000274658203,105.11000061035156,97.5611801147461,4935200.0
2022-07-12,105.01000213623047,105.86000061035156,103.1500015258789,103.76000213623047,96.3081283569336,6017400.0
2022-07-13,101.94000244140625,105.87999725341797,101.55999755859375,105.11000061035156,97.5611801147461,5299400.0
2022-07-14,103.11000061035156,103.80000305175781,101.8499984741211,103.22000122070312,95.80691528320312,6951300.0
2022-07-15,104.76000213623047,105.62000274658203,103.93000030517578,104.69999694824219,97.18061828613281,7862000.0
2022-07-18,106.19000244140625,106.68000030517578,103.68000030517578,103.94000244140625,96.4752197265625,6834800.0
2022-07-19,105.5999984741211,109.58000183105469,105.43000030517578,109.19000244140625,101.34814453125,8973900.0
2022-07-20,109.22000122070312,111.62999725341797,108.87000274658203,111.11000061035156,103.13027954101562,5884600.0
2022-07-21,110.37000274658203,111.66999816894531,110.06999969482422,111.62000274658203,103.60363006591797,4291400.0
2022-07-22,111.93000030517578,111.93000030517578,108.75,109.12000274658203,101.2831802368164,6039300.0
2022-07-25,109.61000061035156,109.61000061035156,107.68000030517578,109.27999877929688,101.43169403076172,5079500.0
2022-07-26,107.4800033569336,107.93000030517578,104.56999969482422,105.19999694824219,97.64470672607422,8459500.0
2022-07-27,106.30000305175781,108.37999725341797,105.75,107.86000061035156,100.1136703491211,7437000.0
2022-07-28,109.43000030517578,112.4000015258789,108.02999877929688,112.2300033569336,104.16983032226562,6773500.0
2022-07-29,112.76000213623047,115.20999908447266,111.5,114.91999816894531,106.66664123535156,7560000.0
2022-08-01,114.0,115.55000305175781,113.25,114.30000305175781,106.09117889404297,4802900.0
2022-08-02,113.56999969482422,113.77999877929688,111.66999816894531,111.7699966430664,103.74285125732422,6334400.0
2022-08-03,113.41999816894531,115.0999984741211,112.58000183105469,114.27999877929688,106.07260131835938,5986500.0
2022-08-04,114.63999938964844,115.3499984741211,113.83000183105469,114.4800033569336,106.25823211669922,4332000.0
2022-08-05,112.79000091552734,114.30000305175781,112.56999969482422,113.87000274658203,105.69204711914062,4162200.0
2022-08-08,114.0,115.58000183105469,113.30999755859375,114.0,105.81270599365234,6071600.0
2022-08-09,111.31999969482422,111.75,108.81999969482422,110.11000061035156,102.20207977294922,7377600.0
2022-08-10,113.23999786376953,113.83000183105469,111.86000061035156,113.13999938964844,105.01449584960938,6951800.0
2022-08-11,114.87999725341797,116.75,113.7300033569336,114.0999984741211,105.90550994873047,5582100.0
2022-08-12,114.38999938964844,116.12999725341797,113.7699966430664,116.06999969482422,107.73403930664062,4407900.0
2022-08-15,115.44999694824219,116.58000183105469,114.8499984741211,116.31999969482422,107.96609497070312,4279000.0
2022-08-16,115.94000244140625,118.47000122070312,115.80999755859375,118.05999755859375,109.58112335205078,6189800.0
2022-08-17,116.7699966430664,117.9800033569336,116.41000366210938,117.04000091552734,108.6343994140625,5108400.0
2022-08-18,116.0,116.68000030517578,115.30000305175781,116.01000213623047,107.67835998535156,4750200.0
2022-08-19,115.5,115.6500015258789,113.02999877929688,113.16000366210938,105.03303527832031,5967600.0
2022-08-22,111.0199966430664,111.68000030517578,109.83999633789062,110.33999633789062,102.41555786132812,5802900.0
2022-08-23,110.83999633789062,112.83000183105469,110.56999969482422,110.68000030517578,102.73115539550781,4806700.0
2022-08-24,110.68000030517578,112.43000030517578,110.0199966430664,111.41000366210938,103.40872192382812,4769000.0
2022-08-25,111.9000015258789,113.33999633789062,111.38999938964844,113.22000122070312,105.08872985839844,5433700.0
2022-08-26,113.30999755859375,113.7300033569336,108.2300033569336,108.27999877929688,100.50350952148438,6203600.0
2022-08-29,106.80999755859375,108.54000091552734,106.44000244140625,107.87999725341797,100.13224029541016,4132400.0
2022-08-30,108.97000122070312,110.08000183105469,107.12999725341797,107.86000061035156,100.1136703491211,5129500.0
2022-08-31,107.95999908447266,108.01000213623047,105.80999755859375,106.44999694824219,98.80494689941406,8884800.0
2022-09-01,105.80000305175781,106.55000305175781,103.80000305175781,106.48999786376953,98.84205627441406,5590800.0
2022-09-02,107.45999908447266,108.1500015258789,105.05000305175781,105.73999786376953,98.4278335571289,7763800.0
2022-09-05,107.45999908447266,108.1500015258789,105.05000305175781,105.73999786376953,98.4278335571289,7763800.0
2022-09-06,105.44000244140625,106.41000366210938,103.68000030517578,105.1500015258789,97.87862396240234,9158900.0
2022-09-07,105.08000183105469,108.55999755859375,105.0,108.4800033569336,100.97836303710938,7238300.0
2022-09-08,107.0,108.79000091552734,106.08000183105469,108.7300033569336,101.21107482910156,5628300.0
2022-09-09,109.37999725341797,111.69000244140625,109.30000305175781,110.97000122070312,103.29615783691406,5171500.0
2022-09-12,111.37999725341797,113.36000061035156,111.37999725341797,112.37999725341797,104.60865783691406,4836900.0
2022-09-13,108.83999633789062,108.91000366210938,105.44000244140625,105.72000122070312,98.40922546386719,5955600.0
2022-09-14,106.12999725341797,107.36000061035156,105.1500015258789,107.0,99.60070037841797,4888700.0
2022-09-15,106.1500015258789,108.13999938964844,104.83000183105469,105.5,98.20443725585938,6598900.0
2022-09-16,104.06999969482422,105.29000091552734,103.25,104.12000274658203,96.91988372802734,8000800.0
2022-09-19,103.69000244140625,107.37000274658203,103.33000183105469,107.20999908447266,99.79618072509766,5162300.0
2022-09-20,103.81999969482422,104.44000244140625,101.70999908447266,102.41999816894531,95.33740997314453,10006600.0
2022-09-21,102.66999816894531,103.62999725341797,99.7699966430664,99.79000091552734,92.88928985595703,6279300.0
2022-09-22,99.79000091552734,100.20999908447266,97.83000183105469,98.55000305175781,91.73504638671875,9638800.0
2022-09-23,96.91999816894531,97.54000091552734,95.33999633789062,97.0199966430664,90.31085205078125,9026500.0
2022-09-26,96.08999633789062,97.7300033569336,95.70999908447266,96.05999755859375,89.41722869873047,8521600.0
2022-09-27,97.06999969482422,97.73999786376953,95.0,96.29000091552734,89.6313247680664,9890300.0
2022-09-28,97.11000061035156,99.43000030517578,96.76000213623047,98.69999694824219,91.8746566772461,9423300.0
2022-09-29,98.11000061035156,98.11000061035156,94.4800033569336,95.33000183105469,88.73771667480469,19339200.0
2022-09-30,83.30000305175781,86.19999694824219,82.5,83.12000274658203,77.3720703125,48176100.0
2022-10-03,83.12999725341797,86.47000122070312,82.22000122070312,85.4000015258789,79.49439239501953,19108200.0
2022-10-04,87.69999694824219,89.06999969482422,87.11000061035156,88.63999938964844,82.51033020019531,15114800.0
2022-10-05,87.48999786376953,91.69999694824219,87.1500015258789,91.0999984741211,84.80020904541016,12732700.0
2022-10-06,90.48999786376953,92.63999938964844,89.80999755859375,90.16999816894531,83.93453979492188,9951900.0
2022-10-07,88.54000091552734,88.76000213623047,86.69000244140625,87.16000366210938,81.1326904296875,8554700.0
2022-10-10,87.76000213623047,87.77999877929688,85.06999969482422,86.69000244140625,80.69518280029297,7991200.0
2022-10-11,86.04000091552734,88.25,85.75,87.98999786376953,81.90528869628906,11903200.0
2022-10-12,88.0,88.87999725341797,87.30999755859375,88.51000213623047,82.38932800292969,8772900.0
2022-10-13,86.38999938964844,89.80999755859375,86.05000305175781,89.55999755859375,83.36673736572266,9335000.0
2022-10-14,90.51000213623047,90.87999725341797,87.48999786376953,87.55000305175781,81.4957275390625,7811700.0
2022-10-17,89.52999877929688,90.69000244140625,88.69999694824219,89.97000122070312,83.74837493896484,8451900.0
2022-10-18,92.5999984741211,92.91000366210938,89.1500015258789,89.68000030517578,83.4784164428711,7364700.0
2022-10-19,88.26000213623047,89.73999786376953,87.76000213623047,88.56999969482422,82.44517517089844,5102000.0
2022-10-20,89.47000122070312,90.58000183105469,86.61000061035156,86.83000183105469,80.82550048828125,13500000.0
2022-10-21,87.0199966430664,88.77999877929688,86.70999908447266,88.5,82.3800277709961,7976300.0
2022-10-24,87.79000091552734,88.83999633789062,86.23999786376953,88.01000213623047,81.92389678955078,8847100.0
2022-10-25,88.02999877929688,91.93000030517578,87.88999938964844,91.72000122070312,85.37736511230469,8639900.0
2022-10-26,90.77999877929688,94.3499984741211,90.69999694824219,92.38999938964844,86.00102233886719,8648200.0
2022-10-27,92.87999725341797,93.4800033569336,90.22000122070312,90.54000091552734,84.27894592285156,8617900.0
2022-10-28,91.19999694824219,93.87999725341797,90.45999908447266,93.83000183105469,87.3414306640625,6022400.0
2022-10-31,93.0,93.88999938964844,92.68000030517578,92.68000030517578,86.27096557617188,6426400.0
2022-11-01,95.69000244140625,96.45999908447266,92.97000122070312,93.7699966430664,87.28559875488281,7250700.0
2022-11-02,93.12999725341797,94.44000244140625,90.19000244140625,90.30000305175781,84.05554962158203,7176600.0
2022-11-03,89.97000122070312,91.61000061035156,88.72000122070312,90.4000015258789,84.14862823486328,6550300.0
2022-11-04,94.44999694824219,98.2300033569336,93.94999694824219,95.79000091552734,89.1658935546875,12543300.0
2022-11-07,96.30999755859375,96.87000274658203,92.66999816894531,93.44000244140625,86.97840881347656,9094500.0
2022-11-08,94.44000244140625,96.02999877929688,92.94000244140625,93.75,87.26698303222656,7017800.0
2022-11-09,92.66999816894531,93.9000015258789,91.95999908447266,92.0999984741211,85.7310562133789,6550900.0
2022-11-10,96.33000183105469,99.68000030517578,96.2300033569336,99.48999786376953,92.61003875732422,9361000.0
2022-11-11,100.30999755859375,107.20999908447266,100.13999938964844,106.08999633789062,98.7536392211914,12597500.0
2022-11-14,105.19999694824219,106.44000244140625,104.31999969482422,104.38999938964844,97.17118072509766,7134900.0
2022-11-15,107.98999786376953,109.30999755859375,105.52999877929688,106.70999908447266,99.33075714111328,7242900.0
2022-11-16,105.25,106.5999984741211,104.7699966430664,105.2300033569336,97.9531021118164,5998700.0
2022-11-17,104.11000061035156,105.4000015258789,102.91999816894531,105.36000061035156,98.0741195678711,5252900.0
2022-11-18,107.62999725341797,107.72000122070312,104.16999816894531,105.41999816894531,98.12995910644531,5498900.0
2022-11-21,104.61000061035156,105.4800033569336,103.5999984741211,103.83000183105469,96.6499252319336,4774800.0
2022-11-22,104.62000274658203,106.16000366210938,103.83999633789062,105.97000122070312,98.64192199707031,5313200.0
2022-11-23,106.0,106.9800033569336,105.2300033569336,106.6500015258789,99.27490997314453,3873100.0
2022-11-24,106.0,106.9800033569336,105.2300033569336,106.6500015258789,99.27490997314453,3873100.0
2022-11-25,106.44999694824219,107.18000030517578,105.55999755859375,105.95999908447266,98.63262176513672,3426100.0
2022-11-28,105.25,106.30000305175781,104.6500015258789,104.95999908447266,97.70177459716797,6967400.0
2022-11-29,105.37000274658203,106.81999969482422,105.12000274658203,106.25,98.9025650024414,8494400.0
2022-11-30,107.08000183105469,109.69000244140625,105.44999694824219,109.69000244140625,102.10469055175781,16251000.0
2022-12-01,110.08999633789062,111.86000061035156,109.55000305175781,111.11000061035156,103.42650604248047,7822900.0
2022-12-02,108.6500015258789,112.70999908447266,108.33999633789062,112.19999694824219,104.76167297363281,5892000.0
2022-12-05,111.0199966430664,111.12999725341797,109.19000244140625,109.62000274658203,102.35272979736328,6220100.0
2022-12-06,109.6500015258789,110.52999877929688,106.75,107.93000030517578,100.7747573852539,7086100.0
2022-12-07,107.31999969482422,109.12000274658203,107.05999755859375,108.33000183105469,101.14825439453125,5751500.0
2022-12-08,108.5999984741211,111.48999786376953,108.45999908447266,111.36000061035156,103.97737121582031,6192800.0
2022-12-09,110.22000122070312,111.37999725341797,109.26000213623047,109.41999816894531,102.16597747802734,5677700.0
2022-12-12,110.0999984741211,112.16999816894531,109.70999908447266,112.06999969482422,104.64031982421875,6426000.0
2022-12-13,115.61000061035156,116.44999694824219,111.25,112.8499984741211,105.36859130859375,8655300.0
2022-12-14,113.69999694824219,114.12000274658203,110.2300033569336,111.44999694824219,104.06139373779297,7528500.0
2022-12-15,109.19000244140625,109.62000274658203,107.7300033569336,108.51000213623047,101.31632232666016,7500700.0
2022-12-16,106.87000274658203,107.61000061035156,105.12000274658203,105.94999694824219,98.92603302001953,14083600.0
2022-12-19,104.98999786376953,105.51000213623047,102.44999694824219,103.05000305175781,96.21829223632812,10620300.0
2022-12-20,103.0,103.4000015258789,101.68000030517578,103.20999908447266,96.36768341064453,17147900.0
2022-12-21,116.76000213623047,119.18000030517578,115.33999633789062,115.77999877929688,108.1043472290039,32777300.0
2022-12-22,114.29000091552734,116.81999969482422,114.05999755859375,116.70999908447266,108.97270202636719,17147600.0
2022-12-23,116.11000061035156,117.16999816894531,115.77999877929688,116.25,108.54319763183594,6603700.0
2022-12-26,116.11000061035156,117.16999816894531,115.77999877929688,116.25,108.54319763183594,6603700.0
2022-12-27,116.47000122070312,118.19999694824219,115.81999969482422,117.55999755859375,109.76634979248047,6661100.0
2022-12-28,117.58000183105469,118.23999786376953,114.95999908447266,114.9800033569336,107.35738372802734,5437800.0
2022-12-29,116.08000183105469,118.06999969482422,115.80000305175781,117.3499984741211,109.57026672363281,4588600.0
2022-12-30,116.55999755859375,117.25,115.7699966430664,117.01000213623047,109.2528076171875,4355500.0
2023-01-02,116.55999755859375,117.25,115.7699966430664,117.01000213623047,109.2528076171875,4355500.0
2023-01-03,118.55000305175781,119.48999786376953,117.44000244140625,118.75,110.87744140625,8124800.0
2023-01-04,119.95999908447266,122.2300033569336,119.52999877929688,121.20999908447266,113.17436981201172,8550700.0
2023-01-05,120.27999877929688,122.33999633789062,120.08000183105469,120.62000274658203,112.62350463867188,6046700.0
2023-01-06,122.0,125.36000061035156,121.7699966430664,124.52999877929688,116.2742691040039,10080700.0
2023-01-09,125.0,126.61000061035156,124.55000305175781,124.8499984741211,116.57303619384766,9397900.0
2023-01-10,125.20999908447266,126.33000183105469,124.37000274658203,125.83999633789062,117.49742126464844,5899900.0
2023-01-11,126.31999969482422,128.25999450683594,126.01000213623047,127.94000244140625,119.45819854736328,6989200.0
2023-01-12,128.35000610351562,128.4600067138672,126.45999908447266,127.88999938964844,119.4115219116211,8366400.0
2023-01-13,126.66000366210938,129.22999572753906,126.66000366210938,128.85000610351562,120.30786895751953,4856500.0
2023-01-16,126.66000366210938,129.22999572753906,126.66000366210938,128.85000610351562,120.30786895751953,4856500.0
2023-01-17,128.0,129.0500030517578,127.83000183105469,128.13999938964844,119.64494323730469,6172200.0
2023-01-18,127.80000305175781,128.58999633789062,126.0,126.43000030517578,118.04830932617188,6828800.0
2023-01-19,124.79000091552734,125.44000244140625,123.61000061035156,124.52999877929688,116.2742691040039,5273500.0
2023-01-20,124.68000030517578,126.63999938964844,124.04000091552734,126.62000274658203,118.22571563720703,5673200.0
2023-01-23,126.9000015258789,128.75,126.54000091552734,128.2899932861328,119.78500366210938,5581600.0
2023-01-24,126.80999755859375,128.00999450683594,120.44999694824219,126.83000183105469,118.42179107666016,5486200.0
2023-01-25,125.86000061035156,127.01000213623047,124.83000183105469,126.81999969482422,118.4124526977539,5933700.0
2023-01-26,128.4600067138672,128.99000549316406,126.01000213623047,127.52999877929688,119.07538604736328,5838800.0
2023-01-27,127.06999969482422,128.5800018310547,126.69999694824219,127.52999877929688,119.07538604736328,5730000.0
2023-01-30,126.5,127.55999755859375,126.20999908447266,126.37000274658203,117.99229431152344,6494600.0
2023-01-31,126.41999816894531,127.8499984741211,126.01000213623047,127.33000183105469,118.8886489868164,7686900.0
2023-02-01,127.9000015258789,130.22000122070312,126.22000122070312,129.5,120.91477966308594,6387900.0
2023-02-02,130.4499969482422,131.30999755859375,127.86000061035156,129.05999755859375,120.50395202636719,5214500.0
2023-02-03,126.79000091552734,129.4199981689453,126.44000244140625,127.61000061035156,119.15007781982422,4930200.0
2023-02-06,125.5199966430664,126.0999984741211,124.31999969482422,125.7300033569336,117.39471435546875,4666400.0
2023-02-07,123.95999908447266,125.93000030517578,123.25,125.33000183105469,117.021240234375,5288900.0
2023-02-08,123.37999725341797,124.0999984741211,121.80000305175781,122.91000366210938,114.76165771484375,5877800.0
2023-02-09,124.70999908447266,125.0199966430664,121.5,122.18000030517578,114.0800552368164,5929000.0
2023-02-10,121.51000213623047,122.63999938964844,120.54000091552734,122.2300033569336,114.12675476074219,5195500.0
2023-02-13,122.81999969482422,125.72000122070312,122.45999908447266,125.1500015258789,116.85315704345703,5689800.0
2023-02-14,123.94999694824219,126.36000061035156,123.73999786376953,126.19999694824219,117.83354949951172,4845900.0
2023-02-15,124.9000015258789,127.5,124.9000015258789,127.4800033569336,119.02870178222656,5687900.0
2023-02-16,125.43000030517578,127.20999908447266,124.11000061035156,124.37999725341797,116.13422393798828,4722200.0
2023-02-17,123.70999908447266,124.88999938964844,123.44000244140625,124.83999633789062,116.563720703125,5161500.0
2023-02-20,123.70999908447266,124.88999938964844,123.44000244140625,124.83999633789062,116.563720703125,5161500.0
2023-02-21,123.27999877929688,124.0,120.9800033569336,121.0999984741211,113.07166290283203,5110300.0
2023-02-22,121.0999984741211,121.4000015258789,119.63999938964844,119.9000015258789,111.95121002197266,5022000.0
2023-02-23,120.76000213623047,120.76000213623047,118.55000305175781,119.95999908447266,112.0072250366211,4101900.0
2023-02-24,117.97000122070312,118.73999786376953,117.33999633789062,118.04000091552734,110.21453094482422,4693000.0
2023-02-27,119.26000213623047,119.81999969482422,118.31999969482422,118.52999877929688,110.67203521728516,4239800.0
2023-02-28,118.73999786376953,120.4000015258789,117.8499984741211,118.79000091552734,110.914794921875,8414100.0
2023-03-01,117.94999694824219,119.79000091552734,117.83000183105469,118.58000183105469,110.71871948242188,4120500.0
2023-03-02,117.55000305175781,119.95999908447266,117.55000305175781,119.58000183105469,111.65242004394531,4443200.0
2023-03-03,120.12999725341797,121.04000091552734,119.0199966430664,120.94000244140625,113.2442626953125,3871800.0
2023-03-06,121.12999725341797,121.98999786376953,119.95999908447266,120.16999816894531,112.52324676513672,5183800.0
2023-03-07,120.19999694824219,121.0199966430664,119.2300033569336,119.58999633789062,111.98015594482422,5345700.0
2023-03-08,119.2699966430664,120.04000091552734,118.7300033569336,119.86000061035156,112.23297119140625,4175200.0
2023-03-09,120.08000183105469,121.86000061035156,117.55000305175781,117.87000274658203,110.36961364746094,5635900.0
2023-03-10,118.83000183105469,118.98999786376953,116.63999938964844,117.48999786376953,110.01378631591797,5979600.0
2023-03-13,115.81999969482422,118.29000091552734,115.79000091552734,116.86000061035156,109.42388153076172,6038200.0
2023-03-14,119.0,119.48999786376953,117.2300033569336,119.0,111.42768859863281,6050800.0
2023-03-15,116.31999969482422,118.62999725341797,115.80999755859375,118.16999816894531,110.6505126953125,6599200.0
2023-03-16,116.86000061035156,120.80999755859375,116.61000061035156,120.6500015258789,112.97270965576172,5658700.0
2023-03-17,121.16999816894531,121.7300033569336,118.66999816894531,120.38999938964844,112.72925567626953,12868900.0
2023-03-20,120.98999786376953,122.68000030517578,119.80999755859375,121.19999694824219,113.48770141601562,7594100.0
2023-03-21,123.5,126.05999755859375,122.97000122070312,125.61000061035156,117.61708068847656,15078800.0
2023-03-22,123.66000366210938,125.26000213623047,119.33000183105469,119.5,111.89590454101562,17625500.0
2023-03-23,120.47000122070312,123.2699966430664,119.47000122070312,120.97000122070312,113.27234649658203,7628100.0
2023-03-24,120.2300033569336,121.0,119.31999969482422,120.70999908447266,113.02888488769531,6158800.0
2023-03-27,121.0199966430664,121.06999969482422,117.61000061035156,117.80999755859375,110.31341552734375,6564200.0
2023-03-28,117.94999694824219,118.44000244140625,116.8499984741211,117.87000274658203,110.36961364746094,4461400.0
2023-03-29,118.63999938964844,120.56999969482422,118.48999786376953,120.48999786376953,112.8228759765625,5644000.0
2023-03-30,121.02999877929688,121.44000244140625,119.33999633789062,120.0999984741211,112.45771026611328,4578900.0
2023-03-31,120.91999816894531,122.70999908447266,120.5999984741211,122.63999938964844,114.83607482910156,5659400.0
2023-04-03,122.5,122.8499984741211,120.81999969482422,121.66999816894531,113.92779541015625,4838400.0
2023-04-04,121.37999725341797,123.94999694824219,121.36000061035156,123.69000244140625,115.81925964355469,5895300.0
2023-04-05,123.0,123.33000183105469,120.55999755859375,120.9000015258789,113.206787109375,4331400.0
2023-04-06,119.51000213623047,120.48999786376953,117.8499984741211,120.22000122070312,112.57006072998047,4256900.0
2023-04-07,119.51000213623047,120.48999786376953,117.8499984741211,120.22000122070312,112.57006072998047,4256900.0
2023-04-10,119.30000305175781,121.91000366210938,119.12999725341797,121.91000366210938,114.15253448486328,3731200.0
2023-04-11,122.04000091552734,124.08000183105469,122.04000091552734,123.30000305175781,115.4540786743164,4471000.0
2023-04-12,124.76000213623047,124.86000061035156,123.22000122070312,123.66000366210938,115.79116821289062,4524900.0
2023-04-13,124.63999938964844,126.66999816894531,124.45999908447266,126.43000030517578,118.38490295410156,5355300.0
2023-04-14,127.0,127.48999786376953,125.48999786376953,125.94999694824219,117.93545532226562,4828700.0
2023-04-17,126.02999877929688,126.4800033569336,125.12999725341797,126.19000244140625,118.16018676757812,3917900.0
2023-04-18,127.2300033569336,127.27999877929688,125.0199966430664,126.20999908447266,118.17890167236328,3857700.0
2023-04-19,126.0,126.08000183105469,124.91999816894531,125.66999816894531,117.67327117919922,3547400.0
2023-04-20,124.80000305175781,125.3499984741211,123.70999908447266,124.44999694824219,116.53089141845703,3891600.0
2023-04-21,124.4000015258789,125.68000030517578,123.62000274658203,125.52999877929688,117.54217529296875,3651400.0
2023-04-24,125.51000213623047,127.12999725341797,125.1500015258789,127.08999633789062,119.0029067993164,3790900.0
2023-04-25,126.52999877929688,126.7699966430664,124.05000305175781,124.66000366210938,116.7275390625,4383300.0
2023-04-26,124.20999908447266,124.9800033569336,123.29000091552734,123.83999633789062,115.959716796875,4003200.0
2023-04-27,124.44000244140625,126.01000213623047,123.13999938964844,125.69999694824219,117.70135498046875,4252100.0
2023-04-28,125.1500015258789,127.06999969482422,124.95999908447266,126.72000122070312,118.65644836425781,4421400.0
2023-05-01,126.91999816894531,128.67999267578125,126.86000061035156,127.91999816894531,119.78009033203125,4112600.0
2023-05-02,127.1500015258789,127.58000183105469,125.16999816894531,127.26000213623047,119.16207885742188,3831600.0
2023-05-03,125.48999786376953,128.3800048828125,123.66999816894531,126.73999786376953,118.67517852783203,4560100.0
2023-05-04,124.94000244140625,125.19000244140625,122.81999969482422,123.66999816894531,115.80052947998047,6177100.0
2023-05-05,125.93000030517578,127.02999877929688,125.22000122070312,126.58999633789062,118.53471374511719,4887800.0
2023-05-08,127.26000213623047,127.69000244140625,125.9800033569336,126.87999725341797,118.80626678466797,3892600.0
2023-05-09,125.2699966430664,125.66000366210938,124.16999816894531,125.0999984741211,117.13953399658203,4082100.0
2023-05-10,126.29000091552734,126.45999908447266,122.16999816894531,123.51000213623047,115.65072631835938,5052600.0
2023-05-11,123.44999694824219,123.86000061035156,121.9000015258789,122.22000122070312,114.44280242919922,5923100.0
2023-05-12,120.98999786376953,121.19999694824219,119.02999877929688,120.20999908447266,112.56070709228516,6574200.0
2023-05-15,119.81999969482422,119.98999786376953,118.01000213623047,119.83000183105469,112.20487976074219,5518200.0
2023-05-16,117.5,117.83999633789062,116.12000274658203,116.4800033569336,109.06805419921875,8306400.0
2023-05-17,116.37999725341797,117.12999725341797,115.25,116.9800033569336,109.53624725341797,7765400.0
2023-05-18,117.43000030517578,119.1500015258789,116.8499984741211,118.87000274658203,111.30597686767578,5970500.0
2023-05-19,114.55999755859375,115.48999786376953,113.0999984741211,114.76000213623047,107.45751190185547,11674300.0
2023-05-22,112.8499984741211,112.8499984741211,110.0199966430664,110.18000030517578,103.16896057128906,12710300.0
2023-05-23,109.7699966430664,111.05999755859375,108.19000244140625,108.77999877929688,101.85802459716797,11790400.0
2023-05-24,109.0,109.0999984741211,107.19999694824219,108.29000091552734,101.39920806884766,8503200.0
2023-05-25,108.3499984741211,108.97000122070312,107.41999816894531,107.4800033569336,100.6407470703125,6729800.0
2023-05-26,107.0,108.44999694824219,107.0,107.51000213623047,100.66883087158203,7911200.0
2023-05-29,107.0,108.44999694824219,107.0,107.51000213623047,100.66883087158203,7911200.0
2023-05-30,108.4000015258789,108.87999725341797,106.2699966430664,106.5199966430664,99.7418441772461,9335200.0
2023-05-31,105.69999694824219,106.16999816894531,104.83000183105469,105.26000213623047,98.56201934814453,21465200.0
2023-06-01,104.18000030517578,104.5999984741211,102.9000015258789,103.62999725341797,97.0357437133789,12025200.0
2023-06-02,107.62999725341797,108.41999816894531,106.12999725341797,107.77999877929688,101.25386047363281,11838200.0
2023-06-05,107.87999725341797,107.87999725341797,105.18000030517578,105.19999694824219,98.83008575439453,7434000.0
2023-06-06,105.48999786376953,106.75,105.19999694824219,106.19000244140625,99.76013946533203,7896300.0
2023-06-07,106.04000091552734,108.23999786376953,105.41999816894531,107.08999633789062,100.60564422607422,11123900.0
2023-06-08,107.16000366210938,107.5199966430664,105.66999816894531,106.19999694824219,99.76952362060547,9137600.0
2023-06-09,105.91000366210938,106.27999877929688,105.3499984741211,105.86000061035156,99.45012664794922,5795200.0
2023-06-12,106.29000091552734,106.8499984741211,104.5999984741211,106.83000183105469,100.36138916015625,7964600.0
2023-06-13,107.13999938964844,107.4800033569336,106.29000091552734,106.77999877929688,100.31440734863281,8460500.0
2023-06-14,107.4800033569336,113.4000015258789,107.4800033569336,112.86000061035156,106.02626037597656,17415500.0
2023-06-15,111.83000183105469,112.81999969482422,110.16000366210938,112.41000366210938,105.60350799560547,10374200.0
2023-06-16,114.0,114.76000213623047,113.05999755859375,113.58999633789062,106.71206665039062,14445500.0
2023-06-19,114.0,114.76000213623047,113.05999755859375,113.58999633789062,106.71206665039062,14445500.0
2023-06-20,111.41000366210938,112.81999969482422,108.95999908447266,109.54000091552734,102.90727996826172,10602400.0
2023-06-21,109.12999725341797,110.36000061035156,108.70999908447266,109.9800033569336,103.3206558227539,8377800.0
2023-06-22,110.81999969482422,111.25,109.77999877929688,110.45999908447266,103.77159118652344,6002900.0
2023-06-23,107.75,110.29000091552734,107.30000305175781,109.5199966430664,102.88849639892578,14329200.0
2023-06-26,109.66999816894531,112.20999908447266,109.66999816894531,111.73999786376953,104.97407531738281,6887100.0
2023-06-27,112.52999877929688,114.18000030517578,112.43000030517578,113.61000061035156,106.73085021972656,7138600.0
2023-06-28,113.33999633789062,113.75,112.12000274658203,113.02999877929688,106.18596649169922,6766000.0
2023-06-29,113.5999984741211,114.2699966430664,112.61000061035156,113.37000274658203,106.5053939819336,12465500.0
2023-06-30,111.58999633789062,112.25,109.80000305175781,110.37000274658203,103.68704986572266,19629600.0
2023-07-03,111.05999755859375,111.30000305175781,109.11000061035156,109.11000061035156,102.50333404541016,5734200.0
2023-07-04,111.05999755859375,111.30000305175781,109.11000061035156,109.11000061035156,102.50333404541016,5734200.0
2023-07-05,108.62000274658203,108.91000366210938,106.54000091552734,107.0999984741211,100.61502838134766,10405300.0
2023-07-06,105.29000091552734,106.08999633789062,103.66999816894531,105.0999984741211,98.73614501953125,9923500.0
2023-07-07,104.80000305175781,105.47000122070312,104.02999877929688,104.45999908447266,98.1348876953125,7463100.0
2023-07-10,104.4800033569336,106.30999755859375,104.25,105.77999877929688,99.37495422363281,5374600.0
2023-07-11,105.6500015258789,107.62000274658203,105.62000274658203,107.38999938964844,100.88745880126953,5454900.0
2023-07-12,108.52999877929688,109.08999633789062,107.22000122070312,107.76000213623047,101.23506164550781,8305000.0
2023-07-13,109.06999969482422,109.12999725341797,107.68000030517578,107.83999633789062,101.31021118164062,6692300.0
2023-07-14,107.94000244140625,108.63999938964844,107.19000244140625,107.94999694824219,101.41358184814453,6933600.0
2023-07-17,107.26000213623047,109.0999984741211,106.76000213623047,108.70999908447266,102.12755584716797,6682900.0
2023-07-18,108.58000183105469,110.33999633789062,108.30999755859375,109.72000122070312,103.07638549804688,5717200.0
2023-07-19,109.08000183105469,110.25,108.58000183105469,109.87999725341797,103.22671508789062,5027100.0
2023-07-20,109.56999969482422,110.0199966430664,107.4800033569336,107.52999877929688,101.01898956298828,6458000.0
2023-07-21,108.0,109.29000091552734,107.51000213623047,109.05999755859375,102.45636749267578,6631600.0
2023-07-24,110.41000366210938,110.55000305175781,108.51000213623047,108.7699966430664,102.18392181396484,6787600.0
2023-07-25,108.27999877929688,108.8499984741211,107.38999938964844,108.30000305175781,101.74238586425781,7692800.0
2023-07-26,108.30000305175781,109.58999633789062,107.94999694824219,109.30000305175781,102.68183135986328,5148900.0
2023-07-27,109.83000183105469,110.2300033569336,107.4000015258789,107.66999816894531,101.15052032470703,6544600.0
2023-07-28,108.11000061035156,108.95999908447266,107.62999725341797,108.62000274658203,102.04299926757812,5988300.0
2023-07-31,109.41000366210938,110.8499984741211,109.05000305175781,110.38999938964844,103.7058334350586,6406000.0
2023-08-01,110.0,110.52999877929688,109.13999938964844,109.4000015258789,102.77577209472656,4566700.0
2023-08-02,108.27999877929688,108.5199966430664,107.44999694824219,107.51000213623047,101.0002212524414,6213200.0
2023-08-03,107.0,109.08999633789062,106.6500015258789,108.63999938964844,102.06179809570312,5084300.0
2023-08-04,108.70999908447266,110.30999755859375,108.23999786376953,108.80999755859375,102.22150421142578,5621400.0
2023-08-07,109.87000274658203,110.94000244140625,109.18000030517578,110.4800033569336,103.79037475585938,4887300.0
2023-08-08,109.62999725341797,109.88999938964844,107.3499984741211,109.69000244140625,103.04821014404297,5851900.0
2023-08-09,109.79000091552734,110.0199966430664,108.30000305175781,109.69000244140625,103.04821014404297,4328600.0
2023-08-10,110.30999755859375,111.94999694824219,108.5199966430664,109.02999877929688,102.42816162109375,7276500.0
2023-08-11,108.9000015258789,109.52999877929688,107.86000061035156,108.08999633789062,101.5450668334961,5104300.0
2023-08-14,107.91999816894531,108.30000305175781,107.06999969482422,107.63999938964844,101.1223373413086,5305200.0
2023-08-15,106.06999969482422,106.81999969482422,105.5999984741211,106.55000305175781,100.09834289550781,6197600.0
2023-08-16,106.06999969482422,108.37999725341797,106.06999969482422,106.52999877929688,100.07954406738281,5953100.0
2023-08-17,107.43000030517578,107.83000183105469,104.77999877929688,105.05000305175781,98.68917083740234,5692800.0
2023-08-18,103.83000183105469,105.05000305175781,103.76000213623047,104.80999755859375,98.46369934082031,5836100.0
2023-08-21,105.47000122070312,105.4800033569336,102.62999725341797,102.86000061035156,96.63176727294922,6697600.0
2023-08-22,100.95999908447266,102.37000274658203,100.7300033569336,101.45999908447266,95.31653594970703,9814700.0
2023-08-23,96.9800033569336,99.19000244140625,96.55000305175781,98.75,92.77064514160156,20909100.0
2023-08-24,98.69999694824219,99.19000244140625,97.55999755859375,97.62999725341797,91.71845245361328,10310000.0
2023-08-25,98.5,99.08999633789062,97.80999755859375,98.83999633789062,92.85517120361328,7290600.0
2023-08-28,99.58999633789062,100.05999755859375,98.87000274658203,99.62999725341797,93.59735107421875,6006600.0
2023-08-29,100.02999877929688,102.16000366210938,99.72000122070312,101.7699966430664,95.6077651977539,8641600.0
2023-08-30,101.63999938964844,102.80999755859375,101.51000213623047,102.0999984741211,95.91777801513672,4822100.0
2023-08-31,102.62000274658203,102.88999938964844,101.61000061035156,101.70999908447266,95.55138397216797,7046200.0
2023-09-01,101.97000122070312,102.95999908447266,101.5199966430664,102.36000061035156,96.48458099365234,6359400.0
2023-09-04,101.97000122070312,102.95999908447266,101.5199966430664,102.36000061035156,96.48458099365234,6359400.0
2023-09-05,101.5,101.95999908447266,100.2300033569336,100.31999969482422,94.56167602539062,6698700.0
2023-09-06,99.76000213623047,100.30999755859375,99.02999877929688,100.18000030517578,94.42971801757812,6096000.0
2023-09-07,98.26000213623047,98.76000213623047,97.63999938964844,97.93000030517578,92.3088607788086,9927100.0
2023-09-08,98.0999984741211,98.12999725341797,97.27999877929688,97.66999816894531,92.06378173828125,6435000.0
2023-09-11,98.33000183105469,98.37999725341797,96.58000183105469,96.79000091552734,91.23429870605469,7584700.0
2023-09-12,96.98999786376953,97.16999816894531,96.18000030517578,96.30000305175781,90.77243041992188,6307700.0
2023-09-13,96.30000305175781,97.19999694824219,95.66000366210938,96.12999725341797,90.61216735839844,7140700.0
2023-09-14,96.72000122070312,97.68000030517578,95.9000015258789,97.19000244140625,91.611328125,7075300.0
2023-09-15,98.1500015258789,98.1500015258789,96.12999725341797,96.26000213623047,90.73471069335938,10467300.0
2023-09-18,96.0,96.37000274658203,95.27999877929688,95.51000213623047,90.02777099609375,6946300.0
2023-09-19,95.04000091552734,95.48999786376953,94.41000366210938,94.62000274658203,89.18885040283203,9386600.0
2023-09-20,93.97000122070312,95.4000015258789,93.83000183105469,94.04000091552734,88.64213562011719,10274200.0
2023-09-21,93.41999816894531,93.48999786376953,91.4800033569336,91.58999633789062,86.332763671875,7958600.0
2023-09-22,91.58000183105469,92.33000183105469,90.55000305175781,90.8499984741211,85.63524627685547,9289400.0
2023-09-25,90.0,90.8499984741211,89.79000091552734,90.5999984741211,85.39959716796875,8291700.0
2023-09-26,90.0,90.69999694824219,89.77999877929688,90.16999816894531,84.9942855834961,8060500.0
2023-09-27,90.55999755859375,90.69999694824219,89.20999908447266,89.41999816894531,84.2873306274414,7631000.0
2023-09-28,89.0999984741211,89.77999877929688,88.66000366210938,89.62999725341797,84.48527526855469,16315600.0
2023-09-29,99.37000274658203,99.47000122070312,94.62000274658203,95.62000274658203,90.13146209716797,34935400.0
2023-10-02,96.19999694824219,96.37999725341797,93.7300033569336,94.55999755859375,89.1323013305664,12776300.0
2023-10-03,94.31999969482422,96.05000305175781,94.18000030517578,95.08999633789062,89.63186645507812,10964300.0
2023-10-04,95.58000183105469,96.26000213623047,95.12000274658203,95.88999938964844,90.3859634399414,8045400.0
2023-10-05,95.79000091552734,96.2300033569336,95.27999877929688,95.79000091552734,90.29169464111328,7430000.0
2023-10-06,95.79000091552734,97.70999908447266,95.05999755859375,97.11000061035156,91.53591918945312,8532900.0
2023-10-09,96.77999877929688,97.13999938964844,95.91999816894531,96.87999725341797,91.31912231445312,5964200.0
2023-10-10,97.25,98.86000061035156,97.2300033569336,97.62000274658203,92.01664733886719,8499000.0
2023-10-11,98.30999755859375,98.94999694824219,98.01000213623047,98.6500015258789,92.987548828125,7642900.0
2023-10-12,99.54000091552734,100.05000305175781,98.5199966430664,99.25,93.55308532714844,10705200.0
2023-10-13,99.58999633789062,100.8499984741211,99.44999694824219,99.91000366210938,94.17520904541016,8774700.0
2023-10-16,99.72000122070312,102.58000183105469,99.5999984741211,102.04000091552734,96.1829605102539,10845400.0
2023-10-17,101.97000122070312,103.58999633789062,101.97000122070312,103.01000213623047,97.09727478027344,9253800.0
2023-10-18,102.97000122070312,103.9000015258789,102.93000030517578,103.7699966430664,97.81363677978516,8757300.0
2023-10-19,103.7699966430664,104.3499984741211,102.8499984741211,103.05000305175781,97.13497161865234,8391100.0
2023-10-20,103.31999969482422,103.7699966430664,102.56999969482422,102.66999816894531,96.77677917480469,7823500.0
2023-10-23,102.12999725341797,103.76000213623047,101.7699966430664,102.80999755859375,96.90875244140625,5966100.0
2023-10-24,103.66000366210938,105.6500015258789,103.66000366210938,105.18000030517578,99.14271545410156,9252200.0
2023-10-25,104.45999908447266,105.04000091552734,103.48999786376953,103.54000091552734,97.59686279296875,7054700.0
2023-10-26,102.18000030517578,102.62999725341797,99.94999694824219,100.0199966430664,94.27887725830078,11222600.0
2023-10-27,99.77999877929688,100.33999633789062,97.80999755859375,97.9800033569336,92.35599517822266,9602700.0
2023-10-30,99.0,102.05000305175781,99.0,101.80000305175781,95.95672607421875,8206700.0
2023-10-31,101.4000015258789,102.93000030517578,101.4000015258789,102.7699966430664,96.87104034423828,6558500.0
2023-11-01,102.55000305175781,102.66999816894531,99.97000122070312,100.87999725341797,95.08953094482422,7272400.0
2023-11-02,102.05000305175781,105.55000305175781,101.88999938964844,105.08000183105469,99.0484619140625,8135100.0
2023-11-03,106.43000030517578,107.6500015258789,106.05000305175781,107.05999755859375,100.91480255126953,7568000.0
2023-11-06,106.95999908447266,107.5999984741211,106.37000274658203,107.25,101.09388732910156,5231900.0
2023-11-07,107.31999969482422,109.36000061035156,107.2300033569336,109.36000061035156,103.08277893066406,7745800.0
2023-11-08,109.37000274658203,110.69999694824219,108.9000015258789,109.38999938964844,103.1110610961914,8639700.0
2023-11-09,109.81999969482422,109.9000015258789,106.91999816894531,107.0,100.85823822021484,9154200.0
2023-11-10,107.33999633789062,107.83000183105469,105.61000061035156,106.11000061035156,100.01934051513672,8897700.0
2023-11-13,105.37000274658203,105.72000122070312,104.18000030517578,104.19999694824219,98.21896362304688,7055600.0
2023-11-14,105.55999755859375,107.0999984741211,105.37999725341797,105.75,99.68000030517578,9674800.0
2023-11-15,106.81999969482422,109.05999755859375,106.72000122070312,107.81999969482422,101.63117980957031,11140800.0
2023-11-16,107.0999984741211,108.0,107.0,107.61000061035156,101.4332275390625,5386800.0
2023-11-17,108.05999755859375,108.20999908447266,105.5199966430664,105.95999908447266,99.87794494628906,6352600.0
2023-11-20,106.0,106.55000305175781,105.0999984741211,106.31999969482422,100.21727752685547,6197400.0
2023-11-21,106.16999816894531,106.69999694824219,105.3499984741211,106.55000305175781,100.43408203125,5803500.0
2023-11-22,107.5,108.02999877929688,106.81999969482422,107.91999816894531,101.72541809082031,6280300.0
2023-11-23,107.5,108.02999877929688,106.81999969482422,107.91999816894531,101.72541809082031,6280300.0
2023-11-24,107.5,108.0,107.4000015258789,107.63999938964844,101.46150970458984,2443600.0
2023-11-27,107.66000366210938,108.22000122070312,106.9000015258789,107.95999908447266,101.76313018798828,5785000.0
2023-11-28,108.56999969482422,109.9000015258789,108.1500015258789,108.75,102.50780487060547,7287400.0
2023-11-29,110.80000305175781,112.1500015258789,110.1500015258789,110.37000274658203,104.03482818603516,9601800.0
2023-11-30,110.52999877929688,110.5999984741211,108.95999908447266,110.2699966430664,103.9405517578125,8690900.0
2023-12-01,110.33000183105469,113.55000305175781,109.75,113.4800033569336,107.32642364501953,8051800.0
2023-12-04,113.08000183105469,115.31999969482422,113.0,115.1500015258789,108.90586853027344,10086600.0
2023-12-05,114.66000366210938,116.04000091552734,114.5999984741211,115.41000366210938,109.15176391601562,6960000.0
2023-12-06,116.0,117.13999938964844,115.56999969482422,116.11000061035156,109.81380462646484,6317000.0
2023-12-07,114.12000274658203,116.0,114.12000274658203,114.80999755859375,108.58429718017578,7294500.0
2023-12-08,114.5,116.29000091552734,114.47000122070312,115.91000366210938,109.62464904785156,6122200.0
2023-12-11,117.79000091552734,119.41999816894531,117.43000030517578,118.61000061035156,112.17823791503906,7972800.0
2023-12-12,119.68000030517578,119.98999786376953,118.58000183105469,119.63999938964844,113.15238189697266,7378400.0
2023-12-13,119.3499984741211,121.44000244140625,119.19999694824219,121.16999816894531,114.59941101074219,8182900.0
2023-12-14,121.44000244140625,122.58999633789062,119.81999969482422,121.0199966430664,114.45755004882812,9590500.0
2023-12-15,120.93000030517578,122.05999755859375,120.5999984741211,121.55000305175781,114.95882415771484,13633300.0
2023-12-18,121.41000366210938,121.83999633789062,120.86000061035156,121.13999938964844,114.571044921875,6874800.0
2023-12-19,121.73999786376953,123.33999633789062,121.63999938964844,122.63999938964844,115.98970031738281,7697300.0
2023-12-20,121.12999725341797,123.38999938964844,121.0,121.43000030517578,114.84532928466797,9176600.0
2023-12-21,122.30000305175781,123.30000305175781,121.30000305175781,122.52999877929688,115.88567352294922,16533300.0
2023-12-22,108.26000213623047,110.80000305175781,107.44999694824219,108.04000091552734,102.1814193725586,46666200.0
2023-12-25,108.26000213623047,110.80000305175781,107.44999694824219,108.04000091552734,102.1814193725586,46666200.0
2023-12-26,108.30000305175781,108.69000244140625,107.4800033569336,108.0199966430664,102.16249084472656,12846700.0
2023-12-27,108.33999633789062,108.58999633789062,106.8499984741211,107.12999725341797,101.32074737548828,10157900.0
2023-12-28,107.20999908447266,109.4000015258789,106.80999755859375,108.81999969482422,102.91910552978516,9352900.0
2023-12-29,108.95999908447266,109.95999908447266,108.08999633789062,108.56999969482422,102.68267059326172,7667500.0
2024-01-01,108.95999908447266,109.95999908447266,108.08999633789062,108.56999969482422,102.68267059326172,7667500.0
2024-01-02,107.61000061035156,107.8499984741211,106.44999694824219,106.55000305175781,100.77220153808594,9326600.0
2024-01-03,105.72000122070312,107.4800033569336,104.0,104.04000091552734,98.3983154296875,10573700.0
2024-01-04,102.45999908447266,103.62000274658203,102.30000305175781,102.30000305175781,96.7526626586914,10420600.0
2024-01-05,102.45999908447266,103.68000030517578,101.9000015258789,102.08000183105469,96.54460144042969,8044500.0
2024-01-08,102.08000183105469,103.69000244140625,101.7300033569336,103.62000274658203,98.00110626220703,9414200.0
2024-01-09,103.16999816894531,103.4000015258789,102.5,102.73999786376953,97.1688003540039,7759500.0
2024-01-10,102.69000244140625,103.83000183105469,102.37000274658203,103.7699966430664,98.1429443359375,6784700.0
2024-01-11,104.22000122070312,106.01000213623047,103.7300033569336,105.9000015258789,100.15745544433594,9537700.0
2024-01-12,106.0,106.31999969482422,104.72000122070312,105.05999755859375,99.36299133300781,6680900.0
2024-01-15,106.0,106.31999969482422,104.72000122070312,105.05999755859375,99.36299133300781,6680900.0
2024-01-16,103.94000244140625,104.22000122070312,101.36000061035156,101.72000122070312,96.2041244506836,10547900.0
2024-01-17,101.05000305175781,101.30999755859375,100.23999786376953,100.81999969482422,95.3529281616211,8226200.0
2024-01-18,101.0,101.43000030517578,100.06999969482422,100.94000244140625,95.46640014648438,8852400.0
2024-01-19,101.0199966430664,102.18000030517578,99.66999816894531,101.77999877929688,96.26087951660156,8517200.0
2024-01-22,101.75,101.80999755859375,100.08999633789062,100.55999755859375,95.10702514648438,9897400.0
2024-01-23,101.62999725341797,102.13999938964844,101.2300033569336,101.9000015258789,96.37435913085938,8208000.0
2024-01-24,101.77999877929688,101.80000305175781,100.69000244140625,100.76000213623047,95.29617309570312,7879300.0
2024-01-25,101.52999877929688,101.73999786376953,100.08999633789062,100.7699966430664,95.30562591552734,10063700.0
2024-01-26,101.56999969482422,103.2699966430664,101.22000122070312,102.75,97.17826843261719,9735800.0
2024-01-29,102.87999725341797,104.01000213623047,101.33999633789062,103.87999725341797,98.24698638916016,8860800.0
2024-01-30,103.33999633789062,104.30999755859375,103.12999725341797,104.18000030517578,98.53072357177734,7542800.0
2024-01-31,104.08999633789062,104.30000305175781,101.12000274658203,101.52999877929688,96.0244140625,11547600.0
2024-02-01,101.9000015258789,102.25,100.61000061035156,101.76000213623047,96.24195861816406,7666700.0
2024-02-02,100.87999725341797,101.41000366210938,99.43000030517578,100.70999908447266,95.24889373779297,8966900.0
2024-02-05,100.5,100.58999633789062,99.05000305175781,99.68000030517578,94.27474975585938,10097900.0
2024-02-06,99.5,102.62999725341797,99.12999725341797,102.61000061035156,97.04585266113281,11368600.0
2024-02-07,102.38999938964844,104.33999633789062,102.3499984741211,103.79000091552734,98.161865234375,9447800.0
2024-02-08,104.43000030517578,104.95999908447266,103.05000305175781,103.7699966430664,98.1429443359375,6330400.0
2024-02-09,103.80000305175781,104.94000244140625,103.33000183105469,104.5,98.8333740234375,5449000.0
2024-02-12,104.73999786376953,107.43000030517578,104.6500015258789,107.18000030517578,101.36803436279297,7501900.0
2024-02-13,104.98999786376953,105.80000305175781,104.25,105.0,99.30625915527344,6180500.0
2024-02-14,104.81999969482422,106.41999816894531,104.45999908447266,106.33000183105469,100.56412506103516,5743300.0
2024-02-15,107.0199966430664,107.33999633789062,105.83000183105469,106.05000305175781,100.29932403564453,7201300.0
2024-02-16,104.62999725341797,104.69999694824219,101.6500015258789,103.51000213623047,97.89704132080078,14590100.0
2024-02-19,104.62999725341797,104.69999694824219,101.6500015258789,103.51000213623047,97.89704132080078,14590100.0
2024-02-20,103.12999725341797,103.83999633789062,102.16999816894531,103.30000305175781,97.69844818115234,8759500.0
2024-02-21,103.3499984741211,105.5199966430664,102.93000030517578,105.2699966430664,99.56160736083984,8888100.0
2024-02-22,105.80000305175781,106.01000213623047,104.08000183105469,105.08000183105469,99.38191223144531,6705500.0
2024-02-23,105.26000213623047,106.62000274658203,105.19000244140625,105.62999725341797,99.90209197998047,6947300.0
2024-02-26,105.30999755859375,106.0999984741211,103.76000213623047,104.54000091552734,98.87120056152344,5831500.0
2024-02-27,104.83000183105469,105.25,103.98999786376953,105.1500015258789,99.44813537597656,5317400.0
2024-02-28,104.0999984741211,105.44000244140625,103.69999694824219,104.3499984741211,98.69149780273438,4219800.0
2024-02-29,104.9800033569336,105.56999969482422,103.68000030517578,103.93000030517578,98.29426574707031,10811600.0
2024-03-01,103.87000274658203,103.94000244140625,101.83000183105469,101.87999725341797,96.69969177246094,7349300.0
2024-03-04,101.6500015258789,101.7699966430664,99.01000213623047,99.54000091552734,94.47867584228516,11050900.0
2024-03-05,99.0,99.16999816894531,98.0,98.30999755859375,93.31122589111328,8670600.0
2024-03-06,100.0,100.0999984741211,97.05999755859375,97.62999725341797,92.6657943725586,10045300.0
2024-03-07,97.98999786376953,98.4000015258789,97.68000030517578,98.19000244140625,93.19732666015625,8133900.0
2024-03-08,98.48999786376953,99.31999969482422,98.0199966430664,99.16000366210938,94.11800384521484,9043500.0
2024-03-11,99.9000015258789,101.76000213623047,99.44000244140625,101.08000183105469,95.94036865234375,8537400.0
2024-03-12,100.79000091552734,101.37000274658203,99.6500015258789,100.18000030517578,95.08615112304688,7040900.0
2024-03-13,100.61000061035156,102.0,100.33000183105469,101.36000061035156,96.20612335205078,7326400.0
2024-03-14,102.19999694824219,102.48999786376953,100.08999633789062,100.26000213623047,95.16207122802734,8350900.0
2024-03-15,100.30000305175781,101.16000366210938,99.33999633789062,99.63999938964844,94.57359313964844,15208500.0
2024-03-18,98.9800033569336,99.66000366210938,98.5199966430664,98.73999786376953,93.71936798095703,7207000.0
2024-03-19,98.5,100.04000091552734,98.44000244140625,99.95999908447266,94.87732696533203,6168900.0
2024-03-20,99.44999694824219,100.44000244140625,99.02999877929688,100.2699966430664,95.17155456542969,7771700.0
2024-03-21,100.44000244140625,101.91999816894531,99.76000213623047,100.81999969482422,95.693603515625,17176000.0
2024-03-22,93.8499984741211,95.16999816894531,91.72000122070312,93.86000061035156,89.0875015258789,41837400.0
2024-03-25,94.06999969482422,95.5199966430664,92.7699966430664,93.75,88.98309326171875,14548800.0
2024-03-26,93.73999786376953,93.86000061035156,92.41000366210938,92.58000183105469,87.87257385253906,10816900.0
2024-03-27,93.2699966430664,94.1500015258789,92.31999969482422,94.12999725341797,89.34375762939453,11095700.0
2024-03-28,94.37000274658203,94.80999755859375,93.43000030517578,93.9800033569336,89.20137786865234,11331700.0
2024-03-29,94.37000274658203,94.80999755859375,93.43000030517578,93.9800033569336,89.20137786865234,11331700.0
2024-04-01,93.80999755859375,93.91999816894531,91.69000244140625,92.55999755859375,87.85358428955078,10360000.0
2024-04-02,91.76000213623047,91.9000015258789,90.63999938964844,90.94999694824219,86.32545471191406,11107300.0
2024-04-03,91.01000213623047,91.44000244140625,90.27999877929688,90.33000183105469,85.73699188232422,8876600.0
2024-04-04,90.94999694824219,91.05000305175781,88.88999938964844,89.06999969482422,84.54105377197266,12110300.0
2024-04-05,89.1500015258789,90.25,88.80000305175781,88.83999633789062,84.32273864746094,9716700.0
2024-04-08,89.11000061035156,90.26000213623047,88.80000305175781,90.0,85.42375946044922,8452500.0
2024-04-09,90.0,91.16000366210938,89.87000274658203,91.0,86.37291717529297,7191900.0
2024-04-10,89.9000015258789,90.0999984741211,88.7699966430664,89.0,84.474609375,7932900.0
2024-04-11,91.2300033569336,92.41000366210938,90.83000183105469,92.0,87.32206726074219,15330200.0
2024-04-12,92.01000213623047,92.87000274658203,91.12000274658203,92.0,87.32206726074219,10905900.0
2024-04-15,93.58999633789062,93.91999816894531,92.54000091552734,93.0999984741211,88.36613464355469,11597300.0
2024-04-16,93.04000091552734,94.19000244140625,91.6500015258789,93.38999938964844,88.64138793945312,10388200.0
2024-04-17,94.61000061035156,95.06999969482422,93.66000366210938,94.83999633789062,90.01765441894531,10181200.0
2024-04-18,95.16000366210938,95.87999725341797,94.52999877929688,95.73999786376953,90.87190246582031,10062900.0
2024-04-19,95.41999816894531,96.22000122070312,94.48999786376953,94.52999877929688,89.72342681884766,11241900.0
2024-04-22,94.62999725341797,95.05999755859375,93.8499984741211,94.19000244140625,89.40071868896484,8642000.0
2024-04-23,94.37000274658203,94.72000122070312,93.91000366210938,94.0199966430664,89.23934173583984,6582700.0
2024-04-24,94.0999984741211,95.19000244140625,94.0999984741211,94.63999938964844,89.82782745361328,6493200.0
2024-04-25,94.0,94.79000091552734,92.44000244140625,93.94000244140625,89.1634292602539,5317900.0
2024-04-26,94.58999633789062,95.41999816894531,93.91000366210938,94.12000274658203,89.33427429199219,6115700.0
2024-04-29,94.44000244140625,94.88999938964844,93.69999694824219,94.05999755859375,89.2773208618164,5030700.0
2024-04-30,92.91000366210938,93.51000213623047,92.25,92.26000213623047,87.56885528564453,6493300.0
2024-05-01,91.80999755859375,91.87000274658203,90.08999633789062,90.33999633789062,85.74646759033203,9783100.0
2024-05-02,91.33000183105469,92.44999694824219,90.91000366210938,92.41000366210938,87.71121978759766,7333300.0
2024-05-03,93.08999633789062,93.6500015258789,91.87000274658203,92.1500015258789,87.46443939208984,5736700.0
2024-05-06,92.80999755859375,93.37000274658203,92.4800033569336,93.36000061035156,88.61289978027344,6696300.0
2024-05-07,94.08000183105469,94.31999969482422,93.20999908447266,93.77999877929688,89.01155090332031,7113500.0
2024-05-08,93.12000274658203,93.63999938964844,92.7300033569336,93.58999633789062,88.83122253417969,5372900.0
2024-05-09,93.63999938964844,93.9800033569336,93.01000213623047,93.38999938964844,88.64138793945312,6429800.0
2024-05-10,93.06999969482422,93.13999938964844,90.87999725341797,90.94000244140625,86.31596374511719,10548400.0
2024-05-13,91.2699966430664,92.7699966430664,91.1500015258789,92.72000122070312,88.0054702758789,8792100.0
2024-05-14,92.98999786376953,94.33999633789062,92.5999984741211,92.79000091552734,88.0718994140625,7811000.0
2024-05-15,92.29000091552734,92.62000274658203,90.8499984741211,91.66999816894531,87.00884246826172,15614400.0
2024-05-16,91.69000244140625,92.83999633789062,91.52999877929688,91.7699966430664,87.10376739501953,12711700.0
2024-05-17,92.01000213623047,92.29000091552734,91.33999633789062,92.18000030517578,87.49290466308594,12019600.0
2024-05-20,92.25,92.69999694824219,90.83000183105469,91.7699966430664,87.10376739501953,9701500.0
2024-05-21,91.56999969482422,92.8499984741211,91.44999694824219,92.81999969482422,88.10037231445312,7809700.0
2024-05-22,91.94999694824219,92.76000213623047,91.6500015258789,92.5,87.79664611816406,7611900.0
2024-05-23,92.44999694824219,92.58000183105469,91.1500015258789,91.4000015258789,86.75257873535156,7729000.0
2024-05-24,91.7699966430664,92.19999694824219,91.48999786376953,91.75,87.08477783203125,6936800.0
2024-05-27,91.7699966430664,92.19999694824219,91.48999786376953,91.75,87.08477783203125,6936800.0
2024-05-28,91.73999786376953,92.5199966430664,91.3499984741211,92.0,87.32206726074219,10835000.0
2024-05-29,91.68000030517578,92.72000122070312,91.37999725341797,91.66999816894531,87.00884246826172,7237300.0
2024-05-30,92.2300033569336,93.87999725341797,91.95999908447266,93.44999694824219,88.69833374023438,9300100.0
2024-05-31,93.5,95.06999969482422,92.97000122070312,95.05000305175781,90.21697998046875,12565600.0
2024-06-03,94.5199966430664,95.25,94.05000305175781,94.4000015258789,89.95018005371094,9668100.0
2024-06-04,94.29000091552734,95.11000061035156,93.41000366210938,94.73999786376953,90.27416229248047,7838400.0
2024-06-05,95.31999969482422,95.31999969482422,93.69999694824219,94.31999969482422,89.87395477294922,7463300.0
2024-06-06,94.86000061035156,96.80000305175781,93.98999786376953,95.72000122070312,91.20796966552734,9760100.0
2024-06-07,95.38999938964844,97.94000244140625,95.30000305175781,96.55000305175781,91.99883270263672,9397400.0
2024-06-10,95.7300033569336,96.98999786376953,95.5999984741211,96.0,91.47474670410156,7035100.0
2024-06-11,95.5199966430664,96.0,94.5199966430664,95.87000274658203,91.35089111328125,7301500.0
2024-06-12,96.3499984741211,96.5,93.5,93.68000030517578,89.26412963867188,9861300.0
2024-06-13,94.04000091552734,94.52999877929688,93.72000122070312,94.18000030517578,89.74054718017578,8348200.0
2024-06-14,93.80000305175781,94.77999877929688,93.30000305175781,93.38999938964844,88.98779296875,7426800.0
2024-06-17,92.01000213623047,95.12000274658203,92.01000213623047,95.0,90.52190399169922,6365400.0
2024-06-18,94.66999816894531,95.26000213623047,94.20999908447266,94.77999877929688,90.31227111816406,6712000.0
2024-06-19,94.66999816894531,95.26000213623047,94.20999908447266,94.77999877929688,90.31227111816406,6712000.0
2024-06-20,93.87999725341797,96.08999633789062,93.5199966430664,95.56999969482422,91.06503295898438,9393800.0
2024-06-21,95.95999908447266,97.20999908447266,95.41999816894531,97.18000030517578,92.5991439819336,15124400.0
2024-06-24,97.30000305175781,98.04000091552734,96.68000030517578,97.16999816894531,92.58960723876953,9466900.0
2024-06-25,97.30999755859375,97.63999938964844,94.5,94.75,90.28368377685547,9006500.0
2024-06-26,94.08999633789062,94.4800033569336,93.1500015258789,94.05999755859375,89.62620544433594,10160400.0
2024-06-27,93.7699966430664,94.73999786376953,93.38999938964844,94.19000244140625,89.75008392333984,25772700.0
2024-06-28,77.12999725341797,79.05000305175781,74.55000305175781,75.37000274658203,71.81722259521484,129967000.0
2024-07-01,75.5,77.05999755859375,74.29000091552734,76.83000183105469,73.2083969116211,44369000.0
2024-07-02,76.81999969482422,76.94000244140625,75.38999938964844,76.04000091552734,72.45563507080078,26183400.0
2024-07-03,75.5,75.91999816894531,75.0199966430664,75.23999786376953,71.6933364868164,15952000.0
2024-07-04,75.5,75.91999816894531,75.0199966430664,75.23999786376953,71.6933364868164,15952000.0
2024-07-05,75.36000061035156,76.08999633789062,74.77999877929688,75.43000030517578,71.87439727783203,19603700.0
2024-07-08,75.41000366210938,75.48999786376953,73.0,73.05000305175781,69.60657501220703,29905000.0
2024-07-09,73.30000305175781,74.13999938964844,72.37999725341797,72.45999908447266,69.04438018798828,23445500.0
2024-07-10,72.26000213623047,72.63999938964844,71.66999816894531,72.54000091552734,69.12061309814453,21378200.0
2024-07-11,72.69999694824219,73.75,72.29000091552734,73.38999938964844,69.93054962158203,15876700.0
2024-07-12,73.56999969482422,74.05000305175781,73.16999816894531,73.41999816894531,69.95913696289062,14527500.0
2024-07-15,73.0,73.01000213623047,71.23999786376953,71.30999755859375,67.94859313964844,20775800.0
2024-07-16,71.51000213623047,72.95999908447266,71.51000213623047,72.80999755859375,69.37788391113281,20980700.0
2024-07-17,72.52999877929688,73.33999633789062,72.5,73.06999969482422,69.62564086914062,11161600.0
2024-07-18,72.97000122070312,73.93000030517578,72.3499984741211,72.37999725341797,68.96815490722656,14440100.0
2024-07-19,72.30000305175781,72.81999969482422,71.8499984741211,72.69999694824219,69.2730712890625,11913300.0
2024-07-22,73.12000274658203,75.33999633789062,73.06999969482422,74.86000061035156,71.33125305175781,19385500.0
2024-07-23,74.62999725341797,75.04000091552734,73.23999786376953,73.4000015258789,69.94007873535156,11041800.0
2024-07-24,73.25,73.38999938964844,71.08000183105469,71.08999633789062,67.73897552490234,18563300.0
2024-07-25,71.52999877929688,72.43000030517578,70.91000366210938,71.41000366210938,68.04388427734375,13855400.0
2024-07-26,72.0,72.77999877929688,71.87000274658203,72.55999755859375,69.13966369628906,8892000.0
2024-07-29,72.5,73.87000274658203,72.19999694824219,73.55000305175781,70.08302307128906,10471800.0
2024-07-30,73.69000244140625,74.48999786376953,73.45999908447266,74.31999969482422,70.81671905517578,8515700.0
2024-07-31,74.5,75.43000030517578,73.91999816894531,74.86000061035156,71.33125305175781,14632900.0
2024-08-01,74.69999694824219,74.79000091552734,73.26000213623047,73.8499984741211,70.36886596679688,9563500.0
2024-08-02,72.83000183105469,74.12999725341797,71.91999816894531,74.01000213623047,70.52133178710938,11526600.0
2024-08-05,71.05999755859375,72.62000274658203,70.75,71.41999816894531,68.05341339111328,13191500.0
2024-08-06,71.66000366210938,73.23999786376953,71.51000213623047,72.5,69.0824966430664,13469700.0
2024-08-07,72.87999725341797,74.20999908447266,72.52999877929688,72.62000274658203,69.19683837890625,9571200.0
2024-08-08,73.2300033569336,74.20999908447266,73.05000305175781,74.19000244140625,70.6928482055664,8828000.0
2024-08-09,74.12000274658203,74.58000183105469,73.37000274658203,74.33999633789062,70.83576202392578,7186600.0
2024-08-12,74.70999908447266,75.0,74.05000305175781,74.63999938964844,71.12163543701172,7067300.0
2024-08-13,75.25,79.05000305175781,75.06999969482422,78.5,74.79966735839844,22114800.0
2024-08-14,78.0,79.08999633789062,77.41999816894531,78.5199966430664,74.81873321533203,13613000.0
2024-08-15,82.0999984741211,83.05999755859375,80.66999816894531,82.5,78.61112213134766,23583600.0
2024-08-16,82.87999725341797,83.94000244140625,82.44000244140625,83.2300033569336,79.30671691894531,13794200.0
2024-08-19,83.2300033569336,83.98999786376953,82.91999816894531,83.27999877929688,79.3543472290039,9627300.0
2024-08-20,83.48999786376953,83.9000015258789,82.7699966430664,83.55999755859375,79.62115478515625,7863100.0
2024-08-21,83.66999816894531,84.23999786376953,83.22000122070312,84.0,80.04041290283203,6915900.0
2024-08-22,84.44999694824219,84.68000030517578,83.20999908447266,83.41000366210938,79.47822570800781,8485500.0
2024-08-23,83.33999633789062,84.23999786376953,83.22000122070312,84.05000305175781,80.08805847167969,9219700.0
2024-08-26,83.47000122070312,84.51000213623047,83.37999725341797,84.27999877929688,80.30721282958984,7853300.0
2024-08-27,84.06999969482422,85.38999938964844,83.61000061035156,85.29000091552734,81.26961517333984,14954000.0
2024-08-28,85.05000305175781,85.43000030517578,81.87999725341797,82.79000091552734,78.88744354248047,11088600.0
2024-08-29,83.44999694824219,83.88999938964844,82.86000061035156,83.26000213623047,79.33529663085938,7477200.0
2024-08-30,83.5999984741211,83.87999725341797,82.05000305175781,83.31999969482422,79.39246368408203,13755300.0
2024-09-02,83.5999984741211,83.87999725341797,82.05000305175781,83.31999969482422,79.39246368408203,13755300.0
2024-09-03,82.70999908447266,82.94000244140625,81.01000213623047,81.31999969482422,77.83236694335938,10133700.0
2024-09-04,80.0999984741211,81.08999633789062,79.66999816894531,81.0199966430664,77.54523468017578,12837400.0
2024-09-05,81.12999725341797,81.23999786376953,80.20999908447266,80.83000183105469,77.36338806152344,7596300.0
2024-09-06,80.87999725341797,81.87999725341797,80.3499984741211,80.62999725341797,77.1719741821289,8512200.0
2024-09-09,80.75,81.58000183105469,79.0199966430664,79.48999786376953,76.08084869384766,8003300.0
2024-09-10,79.55999755859375,79.55999755859375,77.55000305175781,78.08999633789062,74.74090576171875,9748400.0
2024-09-11,78.0,78.58999633789062,76.73999786376953,78.4000015258789,75.03761291503906,8265500.0
2024-09-12,78.2300033569336,79.06999969482422,77.52999877929688,78.4000015258789,75.03761291503906,7176900.0
2024-09-13,78.30000305175781,79.48999786376953,78.11000061035156,79.01000213623047,75.62145233154297,5814200.0
2024-09-16,79.33000183105469,79.98999786376953,78.69000244140625,79.80000305175781,76.37755584716797,9547700.0
2024-09-17,80.01000213623047,80.9800033569336,79.86000061035156,80.63999938964844,77.1815414428711,7580600.0
2024-09-18,80.66000366210938,81.76000213623047,80.2300033569336,80.9000015258789,77.43038940429688,7637000.0
2024-09-19,82.5999984741211,83.12000274658203,80.47000122070312,80.9800033569336,77.50697326660156,15067100.0
2024-09-20,87.87000274658203,88.0,84.80999755859375,86.5199966430664,82.80936431884766,52039300.0
2024-09-23,85.4000015258789,86.52999877929688,85.05000305175781,86.19999694824219,82.5030746459961,17712400.0
2024-09-24,87.44000244140625,88.27999877929688,86.66000366210938,87.45999908447266,83.70904541015625,21123300.0
2024-09-25,87.8499984741211,88.0999984741211,87.23999786376953,88.0,84.22589111328125,12392800.0
2024-09-26,89.91999816894531,90.62000274658203,89.05000305175781,89.38999938964844,85.5562744140625,13592800.0
2024-09-27,89.44999694824219,90.26000213623047,89.20999908447266,89.44000244140625,85.6041259765625,9181000.0
2024-09-30,89.69999694824219,89.75,87.7300033569336,88.4000015258789,84.6087417602539,12027100.0
2024-10-01,88.0,89.63999938964844,87.70999908447266,89.12999725341797,85.30741882324219,20623400.0
2024-10-02,82.88999938964844,85.2300033569336,81.7699966430664,83.0999984741211,79.5360336303711,33208800.0
2024-10-03,82.4000015258789,83.77999877929688,81.9800033569336,82.0999984741211,78.57893371582031,18143800.0
2024-10-04,82.62999725341797,83.54000091552734,82.0999984741211,82.25,78.72249603271484,10322600.0
2024-10-07,82.13999938964844,82.47000122070312,80.08999633789062,80.83000183105469,77.36338806152344,12767400.0
2024-10-08,80.75,81.41999816894531,79.93000030517578,80.7699966430664,77.30596160888672,10569600.0
2024-10-09,81.13999938964844,82.93000030517578,81.06999969482422,82.44999694824219,78.91392517089844,11750600.0
2024-10-10,83.4000015258789,83.44999694824219,82.02999877929688,82.0999984741211,78.57893371582031,8370200.0
2024-10-11,82.04000091552734,82.2699966430664,81.18000030517578,82.1500015258789,78.62677001953125,10171100.0
2024-10-14,82.0,82.04000091552734,80.80000305175781,81.5999984741211,78.1003646850586,8177700.0
2024-10-15,81.05000305175781,82.72000122070312,81.05000305175781,82.12000274658203,78.59807586669922,11804400.0
2024-10-16,82.13999938964844,84.08999633789062,82.05000305175781,83.94000244140625,80.34001922607422,11220600.0
2024-10-17,84.11000061035156,84.76000213623047,83.37999725341797,83.4000015258789,79.82316589355469,9204500.0
2024-10-18,83.77999877929688,83.94999694824219,82.62999725341797,82.91999816894531,79.3637466430664,7214800.0
2024-10-21,82.8499984741211,83.08999633789062,81.44000244140625,81.4800033569336,77.98552703857422,7550200.0
2024-10-22,81.3499984741211,82.41999816894531,81.2300033569336,81.41999816894531,77.92809295654297,7308800.0
2024-10-23,81.0,81.04000091552734,79.79000091552734,80.05000305175781,76.61685180664062,7253100.0
2024-10-24,80.5,80.80000305175781,79.02999877929688,79.04000091552734,75.65015411376953,7424500.0
2024-10-25,79.22000122070312,79.58000183105469,78.5199966430664,78.8499984741211,75.46830749511719,9385400.0
2024-10-28,79.31999969482422,79.63999938964844,78.81999969482422,78.91000366210938,75.5257339477539,6617200.0
2024-10-29,78.87999725341797,79.47000122070312,78.19999694824219,78.4000015258789,75.03761291503906,7241100.0
2024-10-30,78.0,78.11000061035156,76.41999816894531,76.44999694824219,73.17122650146484,15691300.0
2024-10-31,76.19999694824219,77.33999633789062,75.19999694824219,77.12999725341797,73.82208251953125,13990100.0
2024-11-01,77.05000305175781,78.12999725341797,76.95999908447266,78.05999755859375,74.7121810913086,9623700.0
2024-11-04,77.98999786376953,78.55000305175781,77.11000061035156,77.19000244140625,73.87950134277344,6593800.0
2024-11-05,77.25,78.0,77.0,77.9800033569336,74.6356201171875,5629200.0
2024-11-06,76.87000274658203,76.94999694824219,75.12000274658203,75.31999969482422,72.0896987915039,16193700.0
2024-11-07,75.69999694824219,76.37000274658203,75.20999908447266,75.91999816894531,72.66397094726562,11831100.0
2024-11-08,75.5,76.55999755859375,75.25,75.87999725341797,72.62568664550781,8140800.0
2024-11-11,76.1500015258789,77.4000015258789,76.0999984741211,76.5999984741211,73.31481170654297,9877200.0
2024-11-12,76.45999908447266,77.43000030517578,76.13999938964844,76.66000366210938,73.37223052978516,9013900.0
2024-11-13,76.91000366210938,77.29000091552734,76.47000122070312,76.5199966430664,73.23823547363281,6835300.0
2024-11-14,76.68000030517578,76.9800033569336,75.66999816894531,75.68000030517578,72.43426513671875,6991600.0
2024-11-15,76.0,77.6500015258789,75.61000061035156,76.66000366210938,73.37223052978516,13584900.0
2024-11-18,76.16000366210938,76.19999694824219,74.25,74.88999938964844,71.67813873291016,12595100.0
2024-11-19,74.5,74.7300033569336,73.5999984741211,73.91000366210938,70.74017333984375,12028400.0
2024-11-20,73.66000366210938,73.83999633789062,72.70999908447266,73.36000061035156,70.21376037597656,12290300.0
2024-11-21,73.36000061035156,75.55999755859375,73.19999694824219,75.0999984741211,71.8791275024414,12818600.0
2024-11-22,76.12999725341797,77.5,75.83000183105469,77.4000015258789,74.08049774169922,12248600.0
2024-11-25,78.5,79.86000061035156,78.41000366210938,79.26000213623047,75.86073303222656,18328900.0
2024-11-26,78.9000015258789,78.9000015258789,77.56999969482422,77.61000061035156,74.28148651123047,9495600.0
2024-11-27,77.61000061035156,79.05000305175781,77.58999633789062,78.33999633789062,74.98017883300781,8713500.0
2024-11-28,77.61000061035156,79.05000305175781,77.58999633789062,78.33999633789062,74.98017883300781,8713500.0
2024-11-29,78.19999694824219,79.18000030517578,78.02999877929688,78.7699966430664,75.39173126220703,7123500.0
2024-12-02,77.91999816894531,79.0999984741211,77.19999694824219,79.08999633789062,76.0843734741211,11221000.0
2024-12-03,79.0,79.4000015258789,77.61000061035156,78.86000061035156,75.86312866210938,9414500.0
2024-12-04,77.81999969482422,78.51000213623047,77.0999984741211,78.37000274658203,75.39173889160156,15042600.0
2024-12-05,78.26000213623047,78.9000015258789,78.0999984741211,78.58000183105469,75.59376525878906,8316500.0
2024-12-06,79.22000122070312,81.18000030517578,78.83999633789062,78.88999938964844,75.89197540283203,13931100.0
2024-12-09,79.44000244140625,79.44999694824219,77.5199966430664,77.63999938964844,74.68949127197266,12043400.0
2024-12-10,77.5,78.08000183105469,76.62000274658203,76.73999786376953,73.82368469238281,12193100.0
2024-12-11,76.79000091552734,78.9800033569336,76.30999755859375,78.8499984741211,75.8534927368164,12033200.0
2024-12-12,78.70999908447266,79.37000274658203,77.86000061035156,77.95999908447266,74.99732971191406,6983200.0
2024-12-13,77.3499984741211,77.83000183105469,76.7699966430664,77.25,74.31430053710938,8037300.0
2024-12-16,76.76000213623047,79.0199966430664,76.66000366210938,77.19999694824219,74.26620483398438,13034000.0
2024-12-17,77.36000061035156,78.7699966430664,77.25,78.0,75.03579711914062,12452400.0
2024-12-18,77.9800033569336,79.0,76.83999633789062,76.9000015258789,73.97760009765625,14376900.0
2024-12-19,76.94000244140625,77.94000244140625,76.43000030517578,77.0999984741211,74.16999816894531,27067600.0
2024-12-20,75.95999908447266,78.0,74.86000061035156,76.94000244140625,74.01607513427734,49883400.0
2024-12-23,76.33000183105469,78.41000366210938,75.73999786376953,76.76000213623047,73.8429183959961,14203800.0
2024-12-24,76.75,77.11000061035156,76.36000061035156,76.79000091552734,73.87178802490234,4919100.0
2024-12-25,76.75,77.11000061035156,76.36000061035156,76.79000091552734,73.87178802490234,4919100.0
2024-12-26,76.5999984741211,77.45999908447266,76.54000091552734,76.94000244140625,74.01607513427734,6363500.0
2024-12-27,76.5199966430664,76.93000030517578,75.80000305175781,76.41999816894531,73.5158462524414,6334400.0
2024-12-30,75.5999984741211,75.7699966430664,74.55000305175781,74.6500015258789,71.81311798095703,9042900.0
2024-12-31,74.9000015258789,76.38999938964844,74.77999877929688,75.66999816894531,72.79434967041016,9425600.0
2025-01-01,74.9000015258789,76.38999938964844,74.77999877929688,75.66999816894531,72.79434967041016,9425600.0
2025-01-02,76.25,76.69000244140625,73.23999786376953,73.66999816894531,70.87034606933594,10883400.0
2025-01-03,73.91999816894531,74.19000244140625,73.01000213623047,73.30999755859375,70.5240249633789,10083500.0
2025-01-06,73.75,74.31999969482422,71.97000122070312,72.0,69.2638168334961,14947300.0
2025-01-07,72.4000015258789,73.44000244140625,71.9800033569336,72.08999633789062,69.35038757324219,10463500.0
2025-01-08,71.55999755859375,71.81999969482422,71.01000213623047,71.29000091552734,68.58079528808594,11855000.0
2025-01-09,71.55999755859375,71.81999969482422,71.01000213623047,71.29000091552734,68.58079528808594,11855000.0
2025-01-10,71.8499984741211,72.38999938964844,71.08999633789062,71.19999694824219,68.49420928955078,15677400.0
2025-01-13,71.16999816894531,72.5999984741211,70.77999877929688,72.08000183105469,69.34078216552734,14584300.0
2025-01-14,72.06999969482422,72.20999908447266,70.52999877929688,71.16999816894531,68.46534729003906,16732900.0
2025-01-15,71.98999786376953,72.25,70.83999633789062,71.06999969482422,68.3691635131836,13468100.0
2025-01-16,70.9000015258789,71.2300033569336,70.31999969482422,71.11000061035156,68.40764617919922,13694600.0
2025-01-17,71.43000030517578,71.5199966430664,70.83999633789062,70.83999633789062,68.14789581298828,9711300.0
2025-01-20,71.43000030517578,71.5199966430664,70.83999633789062,70.83999633789062,68.14789581298828,9711300.0
2025-01-21,71.30000305175781,73.2699966430664,71.13999938964844,73.16999816894531,70.38935089111328,14199900.0
2025-01-22,73.37999725341797,74.69999694824219,73.01000213623047,74.04000091552734,71.22628784179688,13029300.0
2025-01-23,73.33999633789062,74.5,72.37000274658203,74.29000091552734,71.46678161621094,10677400.0
2025-01-24,74.06999969482422,74.25,73.25,73.56999969482422,70.7741470336914,8106700.0
2025-01-27,73.44000244140625,75.8499984741211,73.41999816894531,75.58000183105469,72.707763671875,11665400.0
2025-01-28,75.33000183105469,75.5999984741211,74.16000366210938,74.38999938964844,71.56298065185547,8694400.0
2025-01-29,74.44999694824219,77.11000061035156,74.31999969482422,76.58000183105469,73.66976165771484,11764800.0
2025-01-30,76.8499984741211,78.7699966430664,76.8499984741211,78.33000183105469,75.35326385498047,10902100.0
2025-01-31,78.11000061035156,78.86000061035156,76.76000213623047,76.9000015258789,73.97760009765625,13098000.0
2025-02-03,74.9000015258789,76.69000244140625,73.22000122070312,76.58999633789062,73.67938232421875,18539200.0
2025-02-04,77.55000305175781,78.16000366210938,76.04000091552734,76.72000122070312,73.804443359375,11943700.0
2025-02-05,76.30000305175781,76.79000091552734,74.4000015258789,74.56999969482422,71.73614501953125,9807400.0
2025-02-06,75.23999786376953,75.4000015258789,71.62999725341797,71.73999786376953,69.0136947631836,16059400.0
2025-02-07,70.55999755859375,70.80999755859375,68.62000274658203,68.68000030517578,66.06999206542969,27428700.0
2025-02-10,69.36000061035156,70.94999694824219,69.12000274658203,70.94000244140625,68.24409484863281,16201300.0
2025-02-11,70.56999969482422,71.98999786376953,70.51000213623047,71.33999633789062,68.62889099121094,9636600.0
2025-02-12,70.5999984741211,72.44999694824219,70.33000183105469,72.26000213623047,69.5139389038086,10810900.0
2025-02-13,72.44999694824219,73.5999984741211,71.62999725341797,73.20999908447266,70.4278335571289,9739600.0
2025-02-14,73.16999816894531,73.5,72.33999633789062,73.04000091552734,70.26429748535156,9254400.0
2025-02-17,73.16999816894531,73.5,72.33999633789062,73.04000091552734,70.26429748535156,9254400.0
2025-02-18,74.5,77.68000030517578,74.5,77.58999633789062,74.6413803100586,28252400.0
2025-02-19,76.81999969482422,77.68000030517578,76.08999633789062,76.77999877929688,73.8621597290039,14184100.0
2025-02-20,76.91000366210938,77.2699966430664,76.33999633789062,77.2300033569336,74.29507446289062,10689600.0
2025-02-21,77.4000015258789,77.98999786376953,75.86000061035156,76.5,73.59278869628906,12823400.0
2025-02-24,78.87999725341797,81.08999633789062,78.75,80.27999877929688,77.22915649414062,24553500.0
2025-02-25,80.30999755859375,81.95999908447266,80.05000305175781,81.72000122070312,78.61443328857422,15522500.0
2025-02-26,82.0999984741211,82.44000244140625,80.83999633789062,81.16999816894531,78.0853271484375,16058100.0
2025-02-27,81.48999786376953,81.48999786376953,79.45999908447266,80.0199966430664,76.9790267944336,11651900.0
2025-02-28,79.25,80.0199966430664,78.18000030517578,79.43000030517578,76.41146087646484,14113800.0
2025-03-03,79.98999786376953,80.95999908447266,77.88999938964844,78.41000366210938,75.81200408935547,8628800.0
2025-03-04,77.69999694824219,78.6500015258789,76.77999877929688,77.31999969482422,74.75812530517578,10034100.0
2025-03-05,77.33000183105469,78.30999755859375,76.45999908447266,77.80999755859375,75.23188018798828,9853600.0
2025-03-06,76.73999786376953,78.33000183105469,76.73999786376953,77.70999908447266,75.13520050048828,9623700.0
2025-03-07,77.4800033569336,79.0,76.97000122070312,78.58999633789062,75.98603057861328,9294300.0
2025-03-10,77.51000213623047,80.19000244140625,76.05999755859375,76.4000015258789,73.86860656738281,15822600.0
2025-03-11,75.91000366210938,76.08000183105469,73.62000274658203,74.16999816894531,71.71247863769531,12837000.0
2025-03-12,74.36000061035156,74.5,73.2300033569336,73.58000183105469,71.14203643798828,12304900.0
2025-03-13,73.18000030517578,73.94000244140625,71.66999816894531,72.63999938964844,70.2331771850586,10195900.0
2025-03-14,73.27999877929688,73.54000091552734,71.31999969482422,71.66000366210938,69.28565216064453,12183000.0
2025-03-17,72.13999938964844,73.94999694824219,72.02999877929688,73.69999694824219,71.25806427001953,15996900.0
2025-03-18,73.88999938964844,74.16000366210938,72.72000122070312,73.30999755859375,70.88097381591797,8972300.0
2025-03-19,72.63999938964844,73.43000030517578,72.29000091552734,72.98999786376953,70.57157897949219,10830500.0
2025-03-20,72.91999816894531,73.6500015258789,71.5199966430664,71.86000061035156,69.4790267944336,25202300.0
2025-03-21,66.58999633789062,68.7300033569336,65.16999816894531,67.94000244140625,65.68891143798828,77287000.0
2025-03-24,68.55999755859375,68.88999938964844,66.69000244140625,67.38999938964844,65.15713500976562,26552500.0
2025-03-25,67.55999755859375,68.05000305175781,66.23999786376953,66.54000091552734,64.33528900146484,17394100.0
2025-03-26,66.37999725341797,66.58999633789062,64.94999694824219,65.73999786376953,63.561805725097656,18688300.0
2025-03-27,65.5,67.0999984741211,65.29000091552734,65.80000305175781,63.61981201171875,16435800.0
2025-03-28,65.86000061035156,65.86000061035156,63.13999938964844,63.290000915527344,61.19297790527344,19600300.0
2025-03-31,62.84000015258789,63.9900016784668,62.650001525878906,63.47999954223633,61.376686096191406,17400000.0
2025-04-01,63.83000183105469,65.16000366210938,63.29999923706055,64.76000213623047,62.61427307128906,13489500.0
2025-04-02,64.30000305175781,65.4000015258789,64.16000366210938,64.95999908447266,62.80763626098633,11161400.0
2025-04-03,56.369998931884766,58.68000030517578,55.400001525878906,55.58000183105469,53.738441467285156,71499500.0
2025-04-04,53.220001220703125,59.220001220703125,52.5,57.25,55.35310363769531,67775700.0
2025-04-07,55.400001525878906,57.18000030517578,53.400001525878906,55.61000061035156,53.7674446105957,45374400.0
2025-04-08,58.77000045776367,58.77000045776367,52.369998931884766,53.27000045776367,51.50497817993164,30404300.0
2025-04-09,53.279998779296875,59.54999923706055,52.47999954223633,59.31999969482422,57.35451889038086,44732500.0
2025-04-10,57.22999954223633,57.25,52.279998779296875,54.400001525878906,52.597537994384766,53919800.0
2025-04-11,54.400001525878906,55.029998779296875,52.86000061035156,54.38999938964844,52.587867736816406,22617100.0
2025-04-14,55.63999938964844,56.689998626708984,54.66999816894531,55.40999984741211,53.57406997680664,28346600.0
2025-04-15,54.68000030517578,55.38999938964844,54.16999816894531,54.83000183105469,53.01329040527344,15977100.0
2025-04-16,54.720001220703125,55.150001525878906,53.34000015258789,53.54999923706055,51.775699615478516,19094900.0
2025-04-17,53.81999969482422,56.02000045776367,53.650001525878906,55.7599983215332,53.9124755859375,18935100.0
2025-04-18,53.81999969482422,56.02000045776367,53.650001525878906,55.7599983215332,53.9124755859375,18935100.0
2025-04-21,55.22999954223633,56.36000061035156,53.5,56.119998931884766,54.26054382324219,17280900.0
2025-04-22,56.650001525878906,58.09000015258789,56.2400016784668,57.060001373291016,55.169403076171875,16852200.0
2025-04-23,59.0,59.20000076293945,56.70000076293945,57.38999938964844,55.48846435546875,21660300.0
2025-04-24,57.810001373291016,58.70000076293945,57.130001068115234,58.47999954223633,56.54235076904297,14508500.0
2025-04-25,58.209999084472656,58.25,56.61000061035156,57.619998931884766,55.710845947265625,17156000.0
2025-04-28,57.72999954223633,58.08000183105469,56.79999923706055,57.310001373291016,55.4111213684082,13321200.0
2025-04-29,57.0,57.7400016784668,56.7400016784668,57.540000915527344,55.63350296020508,12968000.0
2025-04-30,55.86000061035156,56.59000015258789,54.75,56.400001525878906,54.53126907348633,17205900.0
2025-05-01,56.68000030517578,57.209999084472656,56.2599983215332,56.7599983215332,54.879337310791016,10527000.0
2025-05-02,57.869998931884766,58.70000076293945,57.310001373291016,58.59000015258789,56.648704528808594,14723900.0
2025-05-05,58.119998931884766,58.34000015258789,57.290000915527344,57.349998474121094,55.44979476928711,15971000.0
2025-05-06,57.150001525878906,57.720001220703125,56.790000915527344,57.040000915527344,55.15006637573242,11440300.0
2025-05-07,57.869998931884766,58.810001373291016,57.560001373291016,58.619998931884766,56.67770767211914,11883500.0
2025-05-08,59.689998626708984,60.38999938964844,58.79999923706055,58.90999984741211,56.95810317993164,19009000.0
2025-05-09,59.13999938964844,59.380001068115234,58.220001220703125,58.29999923706055,56.36831283569336,13954400.0
2025-05-12,62.380001068115234,63.470001220703125,61.810001373291016,62.58000183105469,60.506500244140625,29776600.0
2025-05-13,62.61000061035156,62.779998779296875,61.970001220703125,62.38999938964844,60.32279586791992,17003100.0
2025-05-14,62.04999923706055,62.869998931884766,61.52000045776367,61.72999954223633,59.68466567993164,13736300.0
2025-05-15,60.63999938964844,62.68000030517578,60.41999816894531,62.400001525878906,60.33246612548828,14371100.0
2025-05-16,62.5,63.75,62.5,63.11000061035156,61.018943786621094,12950600.0
2025-05-19,62.150001525878906,62.43000030517578,61.7599983215332,62.08000183105469,60.023067474365234,15105300.0
2025-05-20,62.5,63.189998626708984,62.279998779296875,62.560001373291016,60.4871711730957,10771800.0
2025-05-21,61.16999816894531,61.7599983215332,59.880001068115234,59.97999954223633,57.992652893066406,17354700.0
2025-05-22,60.58000183105469,61.619998931884766,60.15999984741211,61.31999969482422,59.28825378417969,16764500.0
2025-05-23,59.86000061035156,60.380001068115234,59.4900016784668,60.02000045776367,58.03132629394531,14282400.0
2025-05-26,59.86000061035156,60.380001068115234,59.4900016784668,60.02000045776367,58.03132629394531,14282400.0
2025-05-27,61.130001068115234,62.84000015258789,60.84000015258789,62.83000183105469,60.74822235107422,16642100.0
2025-05-28,62.7400016784668,63.11000061035156,61.560001373291016,61.779998779296875,59.73301315307617,10015600.0
2025-05-29,62.4900016784668,62.900001525878906,61.130001068115234,61.439998626708984,59.40427780151367,12218000.0
2025-05-30,61.0,61.119998931884766,60.099998474121094,60.59000015258789,58.58243942260742,18155100.0
2025-06-02,60.04999923706055,61.599998474121094,59.599998474121094,61.56999969482422,59.92558288574219,14065300.0
2025-06-03,61.2400016784668,62.45000076293945,60.459999084472656,62.369998931884766,60.7042121887207,10286100.0
2025-06-04,62.380001068115234,63.040000915527344,62.27000045776367,62.77000045776367,61.09353256225586,10242300.0
2025-06-05,62.939998626708984,63.65999984741211,62.22999954223633,62.66999816894531,60.9962043762207,12336300.0
2025-06-06,62.66999816894531,63.09000015258789,62.119998931884766,62.79999923706055,61.12273025512695,13299600.0
2025-06-09,63.29999923706055,63.4900016784668,61.880001068115234,61.90999984741211,60.25650405883789,11640000.0
2025-06-10,62.380001068115234,64.16000366210938,62.25,63.869998931884766,62.16415023803711,15287000.0
2025-06-11,64.4000015258789,64.8499984741211,62.58000183105469,63.11000061035156,61.4244499206543,10238700.0
2025-06-12,62.7400016784668,62.93000030517578,61.7599983215332,62.79999923706055,61.12273025512695,9830500.0
2025-06-13,61.75,62.779998779296875,60.11000061035156,60.529998779296875,58.91335678100586,16509700.0
2025-06-16,61.380001068115234,62.18000030517578,61.2400016784668,61.900001525878906,60.246768951416016,13681600.0
2025-06-17,61.29999923706055,61.29999923706055,59.68000030517578,60.0,58.39751052856445,13649700.0
2025-06-18,60.0,60.45000076293945,59.369998931884766,59.5099983215332,57.92060089111328,14194300.0
2025-06-19,60.0,60.45000076293945,59.369998931884766,59.5099983215332,57.92060089111328,14194300.0
2025-06-20,59.75,60.040000915527344,59.189998626708984,59.790000915527344,58.19312286376953,19084000.0
2025-06-23,59.58000183105469,61.29999923706055,59.439998626708984,60.779998779296875,59.15667724609375,15921300.0
2025-06-24,61.33000183105469,61.97999954223633,60.47999954223633,61.41999816894531,59.77958679199219,12564000.0
2025-06-25,61.45000076293945,61.529998779296875,60.36000061035156,60.83000183105469,59.205345153808594,12186200.0
2025-06-26,61.560001373291016,62.72999954223633,60.81999969482422,62.540000915527344,60.86967849731445,39659800.0
2025-06-27,69.79000091552734,74.19000244140625,69.69000244140625,72.04000091552734,70.11595153808594,117530300.0
2025-06-30,71.44999694824219,71.70999908447266,70.05999755859375,71.04000091552734,69.14266204833984,31090400.0
2025-07-01,71.98999786376953,73.94000244140625,71.83000183105469,73.41000366210938,71.44935607910156,27512900.0
2025-07-02,73.16999816894531,76.83999633789062,73.0,76.38999938964844,74.34976959228516,36882300.0
2025-07-03,76.2699966430664,77.02999877929688,75.58000183105469,76.38999938964844,74.34976959228516,12022600.0
2025-07-04,76.2699966430664,77.02999877929688,75.58000183105469,76.38999938964844,74.34976959228516,12022600.0
2025-07-07,76.04000091552734,77.5,75.8499984741211,76.52999877929688,74.48602294921875,17296900.0
2025-07-08,76.12999725341797,76.30000305175781,73.6500015258789,73.91999816894531,71.94573211669922,19572400.0
2025-07-09,74.12999725341797,74.91999816894531,73.41999816894531,73.55999755859375,71.59535217285156,12076700.0
2025-07-10,73.12000274658203,75.5,72.94999694824219,74.62000274658203,72.62703704833984,13033000.0
2025-07-11,73.69000244140625,73.83999633789062,72.4000015258789,72.62999725341797,70.690185546875,12771400.0
2025-07-14,72.33999633789062,72.58000183105469,71.02999877929688,72.25,70.3203353881836,11385400.0
2025-07-15,72.26000213623047,72.87999725341797,71.58000183105469,71.98999786376953,70.0672836303711,9708300.0
2025-07-16,71.9000015258789,72.70999908447266,71.1500015258789,72.0999984741211,70.17434692382812,9008600.0
2025-07-17,72.12000274658203,73.20999908447266,72.04000091552734,72.9800033569336,71.03084564208984,9180400.0
2025-07-18,73.27999877929688,73.27999877929688,72.12000274658203,72.47000122070312,70.53446197509766,8801000.0
2025-07-21,72.93000030517578,74.80999755859375,72.91000366210938,74.0199966430664,72.04306030273438,12743900.0
2025-07-22,74.06999969482422,75.54000091552734,74.04000091552734,75.38999938964844,73.37647247314453,11297500.0
2025-07-23,76.1500015258789,77.20999908447266,75.81999969482422,76.75,74.70015716552734,16428100.0
2025-07-24,76.51000213623047,77.54000091552734,75.41000366210938,75.41999816894531,73.40567016601562,10037800.0
2025-07-25,75.91000366210938,76.56999969482422,75.52999877929688,76.2699966430664,74.23297119140625,7208400.0
2025-07-28,79.0,79.98999786376953,77.55999755859375,79.23999786376953,77.12364196777344,22631100.0
2025-07-29,78.76000213623047,79.37000274658203,77.76000213623047,78.33000183105469,76.23795318603516,12885500.0
2025-07-30,77.77999877929688,78.30000305175781,75.95999908447266,76.68000030517578,74.63202667236328,14601700.0
2025-07-31,76.3499984741211,76.4000015258789,74.30999755859375,74.69000244140625,72.6951675415039,16700000.0
2025-08-01,73.44000244140625,74.69999694824219,72.52999877929688,74.62000274658203,72.62703704833984,11911600.0
2025-08-04,75.02999877929688,75.26000213623047,74.16000366210938,74.81999969482422,72.82170104980469,8839000.0
2025-08-05,74.91000366210938,75.70999908447266,74.23999786376953,74.37999725341797,72.39344787597656,6533800.0
2025-08-06,74.47000122070312,75.9800033569336,74.25,75.4800033569336,73.46407318115234,7579800.0
2025-08-07,76.31999969482422,76.3499984741211,74.0,74.3499984741211,72.36425018310547,8717600.0
2025-08-08,74.19999694824219,74.95999908447266,73.38999938964844,74.19000244140625,72.20852661132812,6739000.0
2025-08-11,74.31999969482422,74.79000091552734,73.05000305175781,74.0199966430664,72.04306030273438,6985700.0
2025-08-12,74.72000122070312,75.72000122070312,74.33999633789062,74.9000015258789,72.89957427978516,6397700.0
2025-08-13,75.4800033569336,77.69000244140625,75.19000244140625,77.19999694824219,75.13813018798828,13472600.0
2025-08-14,75.91000366210938,76.5999984741211,75.3499984741211,76.38999938964844,74.34976959228516,7990500.0
2025-08-15,76.73999786376953,77.5,76.16000366210938,76.97000122070312,74.9142837524414,9767700.0
2025-08-18,77.11000061035156,78.26000213623047,76.8499984741211,77.43000030517578,75.36199188232422,9069100.0
2025-08-19,78.19999694824219,78.79000091552734,76.68000030517578,76.87999725341797,74.82667541503906,7684800.0
2025-08-20,76.69000244140625,77.55999755859375,76.16000366210938,76.26000213623047,74.22323608398438,6282600.0
2025-08-21,75.69999694824219,76.2300033569336,75.12999725341797,76.18000030517578,74.14537048339844,6354900.0
2025-08-22,76.54000091552734,79.13999938964844,76.25,78.37999725341797,76.28662109375,10985900.0
2025-08-25,78.47000122070312,80.16999816894531,78.38999938964844,79.16999816894531,77.05551147460938,12488900.0
2025-08-26,79.0,79.4800033569336,78.37999725341797,78.6500015258789,76.5494155883789,6874800.0
2025-08-27,78.95999908447266,79.51000213623047,77.6500015258789,78.05999755859375,75.97515869140625,12636700.0
2025-08-28,78.58000183105469,78.66000366210938,77.72000122070312,77.91999816894531,75.83889770507812,7478600.0
2025-08-29,77.75,79.12999725341797,77.12000274658203,77.37000274658203,75.30359649658203,14208800.0
2025-09-01,77.75,79.12999725341797,77.12000274658203,77.37000274658203,75.30359649658203,14208800.0
2025-09-02,75.63999938964844,76.05000305175781,74.0,74.29000091552734,72.6816177368164,15078700.0
2025-09-03,74.4000015258789,75.18000030517578,73.91000366210938,74.73999786376953,73.12187194824219,8300100.0
2025-09-04,74.75,75.7699966430664,74.51000213623047,75.3499984741211,73.71866607666016,11096200.0
2025-09-05,74.80000305175781,75.41000366210938,73.62999725341797,73.91000366210938,72.30985260009766,13758400.0
2025-09-08,74.26000213623047,74.58000183105469,73.70999908447266,74.1500015258789,72.54464721679688,13793300.0
2025-09-09,73.98999786376953,74.55000305175781,73.05000305175781,73.5999984741211,72.00656127929688,8740200.0
2025-09-10,75.25,75.45999908447266,73.33000183105469,74.25,72.64248657226562,11359300.0
2025-09-11,74.41000366210938,75.52999877929688,74.01000213623047,74.33000183105469,72.72075653076172,9803400.0
2025-09-12,74.23999786376953,74.27999877929688,71.93000030517578,73.0,71.41954040527344,11806000.0
2025-09-15,73.18000030517578,73.20999908447266,72.58000183105469,73.02999877929688,71.44889831542969,10323800.0
2025-09-16,72.80000305175781,73.37999725341797,72.08999633789062,72.75,71.17495727539062,8813600.0
2025-09-17,73.06999969482422,73.31999969482422,71.61000061035156,72.30999755859375,70.7444839477539,11108700.0
2025-09-18,73.44000244140625,73.5999984741211,71.62999725341797,72.0999984741211,70.53903198242188,14918400.0
2025-09-19,72.01000213623047,72.25,70.73999786376953,70.88999938964844,69.355224609375,33415600.0
2025-09-22,70.79000091552734,72.48999786376953,70.43000030517578,71.27999877929688,69.73678588867188,12336300.0
2025-09-23,71.56999969482422,72.41999816894531,70.7300033569336,70.93000030517578,69.39436340332031,10432400.0
2025-09-24,70.66999816894531,71.52999877929688,70.44999694824219,71.22000122070312,69.67809295654297,10024500.0
2025-09-25,71.16000366210938,71.16000366210938,69.05000305175781,69.23999786376953,67.74095153808594,13075300.0
2025-09-26,69.37999725341797,69.44000244140625,68.02999877929688,69.30999755859375,67.8094253540039,15627600.0
2025-09-29,69.7699966430664,69.95999908447266,68.73999786376953,69.55000305175781,68.04424285888672,18479300.0
2025-09-30,70.06999969482422,70.20999908447266,68.81999969482422,69.7300033569336,68.22034454345703,40567700.0
2025-10-01,74.3499984741211,74.69000244140625,71.61000061035156,74.19999694824219,72.59355926513672,57921900.0
2025-10-02,75.0,76.97000122070312,73.87999725341797,74.56999969482422,72.95555114746094,26254400.0
2025-10-03,74.77999877929688,74.77999877929688,71.91999816894531,71.93000030517578,70.37271118164062,18794900.0
2025-10-06,72.0199966430664,72.38999938964844,71.01000213623047,71.16999816894531,69.62916564941406,14039600.0
2025-10-07,71.2300033569336,71.58000183105469,68.9000015258789,68.91000366210938,67.41809844970703,17368000.0
2025-10-08,68.91000366210938,69.43000030517578,68.66999816894531,69.08999633789062,67.59419250488281,13051800.0
2025-10-09,69.55000305175781,69.66000366210938,67.88999938964844,68.05999755859375,66.58650207519531,13410900.0
2025-10-10,68.18000030517578,68.48999786376953,64.87999725341797,65.22000122070312,63.807987213134766,18806100.0
2025-10-13,65.69999694824219,67.5199966430664,65.55000305175781,67.37999725341797,65.92121124267578,13191200.0
2025-10-14,66.47000122070312,68.0,66.05999755859375,67.63999938964844,66.17559814453125,9483700.0
2025-10-15,68.58000183105469,69.52999877929688,68.12999725341797,68.45999908447266,66.97783660888672,13001500.0
2025-10-16,68.5999984741211,69.04000091552734,66.58000183105469,66.83999633789062,65.39291381835938,15349700.0
2025-10-17,66.62999725341797,67.7699966430664,66.31999969482422,67.37000274658203,65.91143798828125,10054000.0
2025-10-20,67.55999755859375,68.18000030517578,67.47000122070312,67.62000274658203,66.1560287475586,9670000.0
2025-10-21,67.75,69.29000091552734,67.41000366210938,68.36000061035156,66.8800048828125,9659200.0
2025-10-22,68.22000122070312,69.36000061035156,67.95999908447266,69.08000183105469,67.58441162109375,8096100.0
2025-10-23,69.08999633789062,69.88999938964844,68.73999786376953,69.68000030517578,68.17143249511719,9124900.0
2025-10-24,69.70999908447266,70.08000183105469,68.91000366210938,69.11000061035156,67.61376190185547,7102900.0
2025-10-27,70.04000091552734,70.44000244140625,68.26000213623047,68.58999633789062,67.10502624511719,9838100.0
2025-10-28,68.11000061035156,68.61000061035156,67.05000305175781,67.43000030517578,65.97013854980469,11262400.0
2025-10-29,67.01000213623047,67.19000244140625,64.94999694824219,65.3499984741211,63.9351692199707,15143100.0
2025-10-30,65.18000030517578,66.0,64.56999969482422,64.9000015258789,63.49491500854492,13895200.0
2025-10-31,65.0,65.25,64.25,64.58999633789062,63.19162368774414,17822500.0
2025-11-03,64.72000122070312,64.8499984741211,62.34000015258789,62.650001525878906,61.29362487792969,22633300.0
2025-11-04,62.41999816894531,62.59000015258789,61.119998931884766,61.22999954223633,59.90436935424805,13725400.0
2025-11-05,61.279998779296875,62.849998474121094,60.86000061035156,62.11000061035156,60.765316009521484,20979800.0
2025-11-06,61.880001068115234,62.47999954223633,61.66999816894531,61.88999938964844,60.550079345703125,15164600.0
2025-11-07,61.7400016784668,62.18000030517578,60.290000915527344,61.09000015258789,59.767398834228516,15504800.0
2025-11-10,61.75,62.09000015258789,60.4900016784668,60.79999923706055,59.483673095703125,13063100.0
2025-11-11,61.72999954223633,63.599998474121094,61.2400016784668,63.150001525878906,61.782798767089844,17646400.0
2025-11-12,64.0999984741211,65.19000244140625,63.7400016784668,64.19999694824219,62.810062408447266,14812200.0
2025-11-13,65.70999908447266,66.26000213623047,64.87999725341797,66.02999877929688,64.60044860839844,21923600.0
2025-11-14,64.94000244140625,65.05999755859375,63.75,64.16999816894531,62.78071594238281,17760100.0
2025-11-17,63.06999969482422,63.540000915527344,62.2599983215332,62.900001525878906,61.538211822509766,17064700.0
2025-11-18,62.400001525878906,62.7599983215332,61.68000030517578,62.4900016784668,61.137088775634766,14614600.0
2025-11-19,62.43000030517578,63.220001220703125,62.0099983215332,62.63999938964844,61.283843994140625,11732100.0
2025-11-20,62.95000076293945,63.83000183105469,61.40999984741211,61.43000030517578,60.10003662109375,13886600.0
2025-11-21,62.0099983215332,63.5,61.540000915527344,62.79999923706055,61.44037628173828,12476900.0
2025-11-24,62.5099983215332,63.06999969482422,61.93000030517578,61.93000030517578,60.589210510253906,16681700.0
2025-11-25,62.34000015258789,64.12000274658203,61.869998931884766,63.68000030517578,62.30132293701172,11527200.0
2025-11-26,63.5,64.87000274658203,62.970001220703125,64.33000183105469,62.937255859375,13791000.0
2025-11-27,63.5,64.87000274658203,62.970001220703125,64.33000183105469,62.937255859375,13791000.0
2025-11-28,64.47000122070312,64.77999877929688,63.970001220703125,64.62999725341797,63.23075485229492,4941400.0
2025-12-01,63.77000045776367,65.98999786376953,63.58000183105469,65.38999938964844,64.38272857666016,12047300.0
2025-12-02,65.44999694824219,65.47000122070312,64.58000183105469,64.93000030517578,63.9298210144043,9051200.0
2025-12-03,65.08000183105469,66.66000366210938,64.9800033569336,65.6500015258789,64.63872528076172,12028300.0
2025-12-04,65.5999984741211,66.0999984741211,65.01000213623047,65.69000244140625,64.67811584472656,10619500.0
2025-12-05,65.69999694824219,66.08000183105469,64.87999725341797,65.86000061035156,64.84549713134766,10917900.0
2025-12-08,65.5999984741211,65.80000305175781,63.27000045776367,63.540000915527344,62.56122970581055,12867300.0
2025-12-09,63.5099983215332,63.95000076293945,62.970001220703125,63.33000183105469,62.35446548461914,9300200.0
2025-12-10,63.97999954223633,66.1500015258789,63.7599983215332,65.79000091552734,64.77657318115234,20302100.0
2025-12-11,65.83000183105469,67.81999969482422,65.55999755859375,67.73999786376953,66.696533203125,16153500.0
2025-12-12,68.16999816894531,69.13999938964844,67.12000274658203,67.47000122070312,66.43069458007812,14829200.0
2025-12-15,67.41000366210938,68.3499984741211,66.69000244140625,67.77999877929688,66.73592376708984,15287500.0
2025-12-16,67.29000091552734,68.19999694824219,66.73999786376953,67.12000274658203,66.08609008789062,16376700.0
2025-12-17,66.55999755859375,66.83000183105469,65.62000274658203,65.69000244140625,64.67811584472656,13205500.0
2025-12-18,66.01000213623047,67.0,65.4000015258789,65.62999725341797,64.61903381347656,35650000.0
2025-12-19,59.20000076293945,60.380001068115234,58.220001220703125,58.709999084472656,57.805633544921875,108652700.0
2025-12-22,58.9900016784668,59.08000183105469,57.13999938964844,57.220001220703125,56.338584899902344,38695900.0
2025-12-23,57.18000030517578,57.599998474121094,56.9900016784668,57.34000015258789,56.45673751831055,23276700.0
2025-12-24,58.880001068115234,60.58000183105469,58.880001068115234,60.0,59.07575988769531,36073300.0
2025-12-25,58.880001068115234,60.58000183105469,58.880001068115234,60.0,59.07575988769531,36073300.0
2025-12-26,60.0,60.93000030517578,59.86000061035156,60.93000030517578,59.99143600463867,22303600.0
2025-12-29,60.540000915527344,61.75,60.5099983215332,61.209999084472656,60.26712417602539,18062100.0
2025-12-30,61.29999923706055,61.29999923706055,60.63999938964844,61.189998626708984,60.24742889404297,13507800.0
2025-12-31,62.25,64.19999694824219,61.91999816894531,63.709999084472656,62.72861099243164,35457400.0
2026-01-01,62.25,64.19999694824219,61.91999816894531,63.709999084472656,62.72861099243164,35457400.0
2026-01-02,64.0,64.12999725341797,62.54999923706055,63.279998779296875,62.30523681640625,22284100.0
2026-01-05,63.7400016784668,65.37000274658203,63.38999938964844,64.52999877929688,63.53597640991211,23482500.0
2026-01-06,64.05999755859375,65.43000030517578,63.40999984741211,65.3499984741211,64.34335327148438,19973200.0
2026-01-07,65.5199966430664,65.61000061035156,63.189998626708984,63.220001220703125,62.24616241455078,18284100.0
2026-01-08,62.18000030517578,65.73999786376953,61.70000076293945,65.26000213623047,64.25474548339844,21573900.0
2026-01-09,65.11000061035156,66.54000091552734,64.4000015258789,65.91999816894531,64.9045639038086,18470400.0
2026-01-12,65.25,66.33999633789062,64.23999786376953,65.63999938964844,64.6288833618164,13901100.0
2026-01-13,66.25,67.08000183105469,65.8499984741211,66.30000305175781,65.27872467041016,13685200.0
2026-01-14,66.29000091552734,67.12999725341797,65.04000091552734,65.56999969482422,64.55996704101562,15939100.0
2026-01-15,65.76000213623047,65.76000213623047,64.20999908447266,64.58999633789062,63.595054626464844,13295300.0
2026-01-16,64.38999938964844,64.58999633789062,63.68000030517578,64.37999725341797,63.38828659057617,15903000.0
2026-01-19,64.38999938964844,64.58999633789062,63.68000030517578,64.37999725341797,63.38828659057617,15903000.0
2026-01-20,63.4900016784668,64.58000183105469,63.02000045776367,63.630001068115234,62.64984893798828,20406000.0
2026-01-21,63.880001068115234,65.41999816894531,63.61000061035156,65.41000366210938,64.40242767333984,17166400.0
2026-01-22,65.41000366210938,66.55000305175781,65.25,65.45999908447266,64.45166015625,11853700.0
2026-01-23,65.25,65.44999694824219,64.44000244140625,65.04000091552734,64.03813171386719,11243900.0
2026-01-26,64.80999755859375,65.63999938964844,64.77999877929688,64.98999786376953,63.988895416259766,14765900.0
2026-01-27,64.75,64.83000183105469,62.880001068115234,63.09000015258789,62.1181640625,13536700.0
2026-01-28,63.04999923706055,63.47999954223633,61.970001220703125,62.2400016784668,61.28125762939453,10363600.0
2026-01-29,61.93000030517578,62.939998626708984,61.459999084472656,62.599998474121094,61.63570785522461,12739400.0
2026-01-30,62.2400016784668,62.52000045776367,61.02000045776367,61.810001373291016,60.857879638671875,14309200.0
2026-02-02,61.65999984741211,62.56999969482422,61.150001525878906,62.18000030517578,61.2221794128418,11006300.0
2026-02-03,61.779998779296875,62.529998779296875,60.43000030517578,60.93000030517578,59.99143600463867,17322100.0
2026-02-04,61.720001220703125,64.41000366210938,61.5099983215332,64.22000122070312,63.23075866699219,20957700.0
2026-02-05,64.19000244140625,64.58000183105469,62.09000015258789,62.70000076293945,61.73417282104492,12506200.0
2026-02-06,63.0099983215332,64.23999786376953,63.0,63.91999816894531,62.93537521362305,11961500.0
2026-02-09,63.56999969482422,63.90999984741211,62.369998931884766,62.40999984741211,61.44863510131836,12920800.0
2026-02-10,63.0,64.19000244140625,62.290000915527344,63.040000915527344,62.068931579589844,13003400.0
2026-02-11,63.900001525878906,64.01000213623047,61.68000030517578,62.349998474121094,61.38956069946289,15511900.0
2026-02-12,62.33000183105469,62.720001220703125,60.849998474121094,61.099998474121094,60.158817291259766,13602400.0
2026-02-13,61.59000015258789,63.380001068115234,61.59000015258789,63.130001068115234,62.15754699707031,20180900.0
2026-02-16,61.59000015258789,63.380001068115234,61.59000015258789,63.130001068115234,62.15754699707031,20180900.0
2026-02-17,62.939998626708984,64.81999969482422,62.939998626708984,64.81999969482422,63.82151412963867,12347500.0
2026-02-18,64.30999755859375,66.1500015258789,64.30999755859375,65.55000305175781,64.54027557373047,11211500.0
2026-02-19,65.19999694824219,65.83999633789062,64.25,65.61000061035156,64.5993423461914,10778300.0
2026-02-20,65.30000305175781,68.48999786376953,63.33000183105469,65.4000015258789,64.39258575439453,33436800.0
2026-02-23,64.5999984741211,64.97000122070312,62.04999923706055,63.09000015258789,62.1181640625,17748800.0
2026-02-24,63.279998779296875,64.69999694824219,62.599998474121094,64.08999633789062,63.102752685546875,14296100.0
2026-02-25,63.88999938964844,64.22000122070312,63.2599983215332,63.400001525878906,62.42338943481445,9500800.0
2026-02-26,64.20999908447266,65.05999755859375,63.779998779296875,63.95000076293945,62.96491622924805,10319100.0
2026-02-27,62.720001220703125,62.720001220703125,61.52000045776367,62.18000030517578,61.2221794128418,18017400.0
2026-03-02,59.900001525878906,61.529998779296875,59.13999938964844,61.0099983215332,60.46891784667969,15335000.0
2026-03-03,59.439998626708984,60.11000061035156,58.619998931884766,59.38999938964844,58.86328887939453,17438600.0
2026-03-04,59.189998626708984,59.4900016784668,58.61000061035156,58.63999938964844,58.119937896728516,15971300.0
2026-03-05,58.599998474121094,58.790000915527344,57.43000030517578,58.02000045776367,57.50543975830078,22040200.0
2026-03-06,57.470001220703125,57.54999923706055,56.7599983215332,57.0099983215332,56.50439453125,16323700.0
2026-03-09,55.7400016784668,56.709999084472656,55.38999938964844,56.529998779296875,56.02865219116211,18053100.0
2026-03-10,56.70000076293945,57.2400016784668,55.79999923706055,56.08000183105469,55.582645416259766,15706400.0
2026-03-11,57.599998474121094,57.599998474121094,55.40999984741211,55.70000076293945,55.20601272583008,20245300.0
2026-03-12,55.279998779296875,55.459999084472656,54.029998779296875,54.130001068115234,53.649940490722656,18611800.0
2026-03-13,54.34000015258789,54.869998931884766,53.7400016784668,53.97999954223633,53.50126647949219,14377100.0
2026-03-16,54.27000045776367,55.06999969482422,53.97999954223633,54.790000915527344,54.30408477783203,13115200.0
2026-03-17,55.45000076293945,55.68000030517578,55.0,55.119998931884766,54.63115692138672,9861400.0
2026-03-18,54.5,54.959999084472656,53.2599983215332,53.470001220703125,52.995792388916016,16861300.0
2026-03-19,52.900001525878906,53.630001068115234,52.59000015258789,53.439998626708984,52.96605682373047,12307700.0
2026-03-20,52.939998626708984,53.61000061035156,52.18000030517578,52.369998931884766,51.90554428100586,19566100.0
2026-03-23,53.279998779296875,53.560001373291016,52.529998779296875,52.709999084472656,52.242530822753906,15242700.0
2026-03-24,52.36000061035156,54.08000183105469,52.27000045776367,53.4900016784668,53.0156135559082,12073800.0
2026-03-25,53.7599983215332,54.220001220703125,52.560001373291016,52.97999954223633,52.510135650634766,13427100.0
2026-03-26,52.7599983215332,53.619998931884766,51.869998931884766,52.06999969482422,51.60820770263672,14486700.0
2026-03-27,51.709999084472656,52.11000061035156,51.20000076293945,51.369998931884766,50.91441345214844,13077800.0
2026-03-30,51.43000030517578,52.189998626708984,50.95000076293945,51.2400016784668,50.78556823730469,16869200.0
2026-03-31,51.93000030517578,53.11000061035156,51.689998626708984,52.81999969482422,52.35155487060547,36422800.0
2026-04-01,46.560001373291016,46.83000183105469,44.560001373291016,44.630001068115234,44.23419189453125,114225700.0
2026-04-02,43.7599983215332,44.34000015258789,43.16999816894531,44.189998626708984,43.798091888427734,63242600.0
2026-04-03,43.7599983215332,44.34000015258789,43.16999816894531,44.189998626708984,43.798091888427734,63242600.0
2026-04-06,44.15999984741211,44.380001068115234,43.560001373291016,44.029998779296875,43.63951110839844,26999600.0
2026-04-07,43.70000076293945,43.869998931884766,42.36000061035156,42.689998626708984,42.31139373779297,38253000.0
2026-04-08,43.90999984741211,44.29999923706055,42.7599983215332,43.130001068115234,42.747493743896484,29462900.0
2026-04-09,43.220001220703125,44.220001220703125,42.720001220703125,44.0,43.609779357910156,24147400.0
2026-04-10,43.83000183105469,43.959999084472656,42.400001525878906,42.619998931884766,42.24201583862305,26094800.0
2026-04-13,42.22999954223633,42.97999954223633,42.09000015258789,42.90999984741211,42.52944564819336,21236700.0
2026-04-14,42.9900016784668,44.209999084472656,42.95000076293945,44.20000076293945,43.808006286621094,22554100.0
2026-04-15,45.09000015258789,45.900001525878906,44.709999084472656,45.439998626708984,45.03700637817383,31523500.0
2026-04-16,45.79999923706055,46.4900016784668,45.54999923706055,45.70000076293945,45.294700622558594,21766300.0
2026-04-17,46.380001068115234,46.779998779296875,45.779998779296875,46.029998779296875,45.62177276611328,31290400.0
2026-04-20,45.97999954223633,46.560001373291016,45.56999969482422,46.47999954223633,46.06778335571289,19003100.0
2026-04-21,46.77000045776367,46.970001220703125,45.93000030517578,46.38999938964844,45.978580474853516,22194000.0
2026-04-22,46.310001373291016,46.95000076293945,45.5,45.68000030517578,45.274879455566406,17985200.0
2026-04-23,45.58000183105469,45.75,44.2400016784668,44.779998779296875,44.38285827636719,17457500.0
2026-04-24,44.97999954223633,45.41999816894531,44.59000015258789,44.689998626708984,44.29365539550781,15885000.0
2026-04-27,44.599998474121094,45.40999984741211,44.4900016784668,45.13999938964844,44.73966598510742,14583100.0
2026-04-28,45.380001068115234,45.709999084472656,44.75,45.029998779296875,44.63064193725586,12426000.0
2026-04-29,44.91999816894531,45.15999984741211,44.150001525878906,44.38999938964844,43.99631881713867,13329700.0
2026-04-30,44.09000015258789,44.810001373291016,43.5099983215332,44.36000061035156,43.96658706665039,21679500.0
2026-05-01,44.81999969482422,44.959999084472656,44.220001220703125,44.400001525878906,44.00623321533203,11562800.0
2026-05-04,44.189998626708984,44.34000015258789,43.09000015258789,43.09000015258789,42.707847595214844,33272400.0
2026-05-05,43.040000915527344,43.29999923706055,42.650001525878906,43.060001373291016,42.67811584472656,18589700.0
2026-05-06,43.630001068115234,44.06999969482422,43.20000076293945,43.880001068115234,43.490840911865234,19406700.0
2026-05-07,44.04999923706055,44.63999938964844,44.0099983215332,44.40999984741211,44.01613998413086,17177700.0
2026-05-08,44.2599983215332,44.65999984741211,43.79999923706055,44.13999938964844,43.74853515625,17357100.0
2026-05-11,44.06999969482422,44.06999969482422,42.38999938964844,42.38999938964844,42.01405715942383,24863800.0
2026-05-12,42.29999923706055,42.5099983215332,42.060001373291016,42.349998474121094,41.97441101074219,21271300.0
2026-05-13,42.20000076293945,42.61000061035156,41.70000076293945,42.34000015258789,41.964500427246094,21325200.0
2026-05-14,42.560001373291016,42.83000183105469,41.9900016784668,42.02000045776367,41.6473388671875,19146900.0
2026-05-15,42.0,42.779998779296875,41.84000015258789,41.880001068115234,41.50857925415039,26172600.0
2026-05-18,41.880001068115234,42.75,41.349998474121094,42.56999969482422,42.19245910644531,18694900.0
2026-05-19,42.599998474121094,43.20000076293945,41.810001373291016,42.41999816894531,42.04378890991211,22957900.0
2026-05-20,42.209999084472656,44.279998779296875,41.83000183105469,44.189998626708984,43.798091888427734,27060200.0
2026-05-21,43.88999938964844,44.7400016784668,43.15999984741211,44.38999938964844,43.99631881713867,18428100.0
2026-05-22,44.560001373291016,44.720001220703125,44.209999084472656,44.66999816894531,44.273834228515625,14905100.0
2026-05-25,44.560001373291016,44.720001220703125,44.209999084472656,44.66999816894531,44.273834228515625,14905100.0
2026-05-26,44.70000076293945,44.95000076293945,44.099998474121094,44.939998626708984,44.541439056396484,18667600.0
2026-05-27,45.709999084472656,46.59000015258789,45.66999816894531,45.97999954223633,45.57221603393555,24251900.0
2026-05-28,45.970001220703125,47.650001525878906,45.560001373291016,47.369998931884766,46.94989013671875,22871300.0
2026-05-29,47.11000061035156,47.20000076293945,46.08000183105469,46.22999954223633,45.81999969482422,38949100.0
2026-06-01,45.52000045776367,46.279998779296875,45.04999923706055,45.93000030517578,45.93000030517578,26885100.0
2026-06-02,45.779998779296875,45.779998779296875,43.5099983215332,43.72999954223633,43.72999954223633,28345000.0
2026-06-03,43.650001525878906,43.9900016784668,43.15999984741211,43.810001373291016,43.810001373291016,18831400.0
2026-06-04,44.5,44.70000076293945,43.130001068115234,43.149898529052734,43.149898529052734,10027007.0
