Date,Open,High,Low,Close,Adj Close,Volume
2018-06-04,6.474999904632568,6.643499851226807,6.442500114440918,6.621250152587891,6.555657386779785,642024000.0
2018-06-05,6.624499797821045,6.664750099182129,6.579249858856201,6.6267499923706055,6.561101913452148,391712000.0
2018-06-06,6.535749912261963,6.631999969482422,6.51924991607666,6.628749847412109,6.563082218170166,371356000.0
2018-06-07,6.625,6.63700008392334,6.481249809265137,6.572500228881836,6.507388591766357,369448000.0
2018-06-08,6.499000072479248,6.599999904632568,6.480000019073486,6.557000160217285,6.492044925689697,360456000.0
2018-06-11,6.544250011444092,6.586249828338623,6.502500057220459,6.515500068664551,6.450954437255859,265372000.0
2018-06-12,6.542250156402588,6.576749801635742,6.491499900817871,6.564499855041504,6.499467849731445,319160000.0
2018-06-13,6.565999984741211,6.641749858856201,6.550749778747559,6.559999942779541,6.49501371383667,338208000.0
2018-06-14,6.605500221252441,6.730000019073486,6.5904998779296875,6.672749996185303,6.606647491455078,430016000.0
2018-06-15,6.614999771118164,6.686999797821045,6.583749771118164,6.631499767303467,6.565805912017822,432260000.0
2018-06-18,6.586999893188477,6.644999980926514,6.559500217437744,6.6272501945495605,6.561596393585205,356268000.0
2018-06-19,6.5229997634887695,6.591000080108643,6.375500202178955,6.5042500495910645,6.439815044403076,594932000.0
2018-06-20,6.545750141143799,6.611249923706055,6.506999969482422,6.557750225067139,6.492786884307861,369780000.0
2018-06-21,6.590000152587891,6.608500003814697,6.420000076293945,6.427750110626221,6.364073276519775,359516000.0
2018-06-22,6.448750019073486,6.462250232696533,6.2582502365112305,6.273749828338623,6.211598873138428,434160000.0
2018-06-25,6.166250228881836,6.170000076293945,5.888500213623047,5.978000164031982,5.918780326843262,665816000.0
2018-06-26,6.09250020980835,6.141250133514404,5.9977498054504395,6.049749851226807,5.9898176193237305,478884000.0
2018-06-27,6.09375,6.160749912261963,5.887499809265137,5.89300012588501,5.834620952606201,453892000.0
2018-06-28,5.882999897003174,6.0335001945495605,5.875249862670898,6.021500110626221,5.96184778213501,338012000.0
2018-06-29,6.087250232696533,6.099999904632568,5.921249866485596,5.922500133514404,5.863829135894775,392300000.0
2018-07-02,5.852250099182129,6.059750080108643,5.831500053405762,6.056000232696533,5.996007442474365,357572000.0
2018-07-03,6.091000080108643,6.0970001220703125,5.912499904632568,5.921000003814697,5.862344264984131,222732000.0
2018-07-04,6.091000080108643,6.0970001220703125,5.912499904632568,5.921000003814697,5.862344264984131,222732000.0
2018-07-05,5.976749897003174,6.073249816894531,5.9375,6.0682501792907715,6.0081353187561035,306216000.0
2018-07-06,6.043499946594238,6.1917500495910645,6.021999835968018,6.1832499504089355,6.121995449066162,296352000.0
2018-07-09,6.2582502365112305,6.26800012588501,6.151750087738037,6.231249809265137,6.169520378112793,303880000.0
2018-07-10,6.243750095367432,6.353499889373779,6.203000068664551,6.331250190734863,6.268529891967773,360016000.0
2018-07-11,6.237500190734863,6.272500038146973,6.177499771118164,6.1882500648498535,6.126946926116943,367508000.0
2018-07-12,6.234000205993652,6.329249858856201,6.223999977111816,6.280749797821045,6.21852970123291,345508000.0
2018-07-13,6.299499988555908,6.299499988555908,6.190499782562256,6.232999801635742,6.171253204345703,246988000.0
2018-07-16,6.204999923706055,6.258500099182129,6.192500114440918,6.204999923706055,6.14353084564209,197036000.0
2018-07-17,6.155250072479248,6.357500076293945,6.129499912261963,6.342249870300293,6.279421329498291,362136000.0
2018-07-18,6.334750175476074,6.348750114440918,6.241000175476074,6.292500019073486,6.23016357421875,277640000.0
2018-07-19,6.273499965667725,6.334750175476074,6.2582502365112305,6.300749778747559,6.238331317901611,235752000.0
2018-07-20,6.298250198364258,6.337500095367432,6.261250019073486,6.272250175476074,6.210114002227783,222352000.0
2018-07-23,6.245500087738037,6.247250080108643,6.081999778747559,6.235249996185303,6.173480987548828,301584000.0
2018-07-24,6.283750057220459,6.371250152587891,6.199999809265137,6.217750072479248,6.156153678894043,354620000.0
2018-07-25,6.227250099182129,6.309500217437744,6.168749809265137,6.296750068664551,6.234373092651367,319112000.0
2018-07-26,6.276500225067139,6.408249855041504,6.259500026702881,6.370999813079834,6.307886600494385,325124000.0
2018-07-27,6.4079999923706055,6.414999961853027,6.245999813079834,6.30049991607666,6.23808479309082,295420000.0
2018-07-30,6.3147501945495605,6.3207502365112305,6.067999839782715,6.103250026702881,6.042787075042725,340340000.0
2018-07-31,6.092750072479248,6.197000026702881,6.053500175476074,6.121500015258789,6.060857772827148,283988000.0
2018-08-01,6.153250217437744,6.209000110626221,6.097249984741211,6.161749839782715,6.100709438323975,283556000.0
2018-08-02,6.089749813079834,6.269499778747559,6.030250072479248,6.265500068664551,6.203431606292725,269668000.0
2018-08-03,6.290249824523926,6.326499938964844,6.273250102996826,6.302499771118164,6.240066051483154,214288000.0
2018-08-06,6.289750099182129,6.354249954223633,6.24275016784668,6.350749969482422,6.287837505340576,207508000.0
2018-08-07,6.400000095367432,6.442500114440918,6.373000144958496,6.423749923706055,6.360113620758057,258132000.0
2018-08-08,6.425000190734863,6.50600004196167,6.389750003814697,6.4604997634887695,6.396499156951904,262100000.0
2018-08-09,6.478499889373779,6.481249809265137,6.403749942779541,6.411499977111816,6.347985744476318,204280000.0
2018-08-10,6.328750133514404,6.402500152587891,6.317500114440918,6.369750022888184,6.306647777557373,256396000.0
2018-08-13,6.378499984741211,6.525000095367432,6.3767499923706055,6.4029998779296875,6.339569091796875,375208000.0
2018-08-14,6.509500026702881,6.550000190734863,6.42549991607666,6.535749912261963,6.471004009246826,466220000.0
2018-08-15,6.5567498207092285,6.591000080108643,6.397500038146973,6.4770002365112305,6.412835597991943,591136000.0
2018-08-16,6.547500133514404,6.550000190734863,6.375249862670898,6.435999870300293,6.3722429275512695,801260000.0
2018-08-17,6.323500156402588,6.324250221252441,6.093249797821045,6.120500087738037,6.059868335723877,1143188000.0
2018-08-20,6.079500198364258,6.329999923706055,5.9679999351501465,6.196000099182129,6.134619235992432,854388000.0
2018-08-21,6.212500095367432,6.337500095367432,6.192500114440918,6.333000183105469,6.270262241363525,673988000.0
2018-08-22,6.300000190734863,6.575500011444092,6.296500205993652,6.570499897003174,6.5054097175598145,749856000.0
2018-08-23,6.531499862670898,6.736999988555908,6.517499923706055,6.671000003814697,6.60491418838501,720684000.0
2018-08-24,6.679500102996826,6.820250034332275,6.675000190734863,6.805500030517578,6.7380805015563965,531512000.0
2018-08-27,6.8354997634887695,6.972499847412109,6.803750038146973,6.897500038146973,6.829169750213623,505776000.0
2018-08-28,6.891499996185303,6.9145002365112305,6.738249778747559,6.859499931335449,6.791545867919922,475384000.0
2018-08-29,6.8480000495910645,6.987500190734863,6.827000141143799,6.962250232696533,6.897049427032471,420108000.0
2018-08-30,6.930749893188477,7.043000221252441,6.9079999923706055,6.945250034332275,6.8802080154418945,346608000.0
2018-08-31,6.925000190734863,7.03000020980835,6.914999961853027,7.017000198364258,6.951287269592285,306592000.0
2018-09-03,6.925000190734863,7.03000020980835,6.914999961853027,7.017000198364258,6.951287269592285,306592000.0
2018-09-04,7.003749847412109,7.130499839782715,6.974999904632568,7.09250020980835,7.02608060836792,391720000.0
2018-09-05,7.074749946594238,7.110499858856201,6.878749847412109,6.9604997634887695,6.895316123962402,393156000.0
2018-09-06,6.943999767303467,6.946499824523926,6.784749984741211,6.817999839782715,6.754149913787842,322796000.0
2018-09-07,6.724999904632568,6.923250198364258,6.679749965667725,6.796500205993652,6.732852935791016,295420000.0
2018-09-10,6.819250106811523,6.898250102996826,6.775000095367432,6.868249893188477,6.803929805755615,220140000.0
2018-09-11,6.821499824523926,6.909999847412109,6.80049991607666,6.820000171661377,6.756132125854492,243112000.0
2018-09-12,6.779749870300293,6.799499988555908,6.547999858856201,6.704999923706055,6.642209529876709,419092000.0
2018-09-13,6.771500110626221,6.875,6.754000186920166,6.7835001945495605,6.719972133636475,305536000.0
2018-09-14,6.874750137329102,6.977499961853027,6.837500095367432,6.910749912261963,6.846031665802002,386936000.0
2018-09-17,6.885000228881836,6.934500217437744,6.828750133514404,6.848249912261963,6.784116268157959,205528000.0
2018-09-18,6.852250099182129,6.955999851226807,6.768750190734863,6.7754998207092285,6.7120490074157715,299520000.0
2018-09-19,6.756750106811523,6.817500114440918,6.706250190734863,6.799499988555908,6.735822677612305,224860000.0
2018-09-20,6.676249980926514,6.718999862670898,6.602499961853027,6.6570000648498535,6.594658374786377,430584000.0
2018-09-21,6.669000148773193,6.715000152587891,6.552750110626221,6.586249828338623,6.524570941925049,435128000.0
2018-09-24,6.554999828338623,6.645999908447266,6.4670000076293945,6.642499923706055,6.580295085906982,293912000.0
2018-09-25,6.709249973297119,6.735499858856201,6.6227498054504395,6.710249900817871,6.647409439086914,280388000.0
2018-09-26,6.715250015258789,6.75600004196167,6.6570000648498535,6.672999858856201,6.610508441925049,268548000.0
2018-09-27,6.708499908447266,6.730000019073486,6.653250217437744,6.684999942779541,6.622394561767578,214428000.0
2018-09-28,6.8182501792907715,7.047999858856201,6.789999961853027,7.0254998207092285,6.959707260131836,709396000.0
2018-10-01,7.104000091552734,7.301499843597412,7.065000057220459,7.234000205993652,7.166255950927734,622060000.0
2018-10-02,7.206250190734863,7.318999767303467,7.139500141143799,7.1620001792907715,7.094930171966553,383964000.0
2018-10-03,7.232999801635742,7.240499973297119,7.0632500648498535,7.16825008392334,7.101120471954346,320552000.0
2018-10-04,7.131750106811523,7.15625,6.9045000076293945,6.982250213623047,6.916862964630127,391220000.0
2018-10-05,6.957250118255615,7.019999980926514,6.688499927520752,6.746500015258789,6.683319091796875,426636000.0
2018-10-08,6.662499904632568,6.7789998054504395,6.501999855041504,6.64424991607666,6.582028388977051,408612000.0
2018-10-09,6.623499870300293,6.718999862670898,6.570000171661377,6.638500213623047,6.57633113861084,273500000.0
2018-10-10,6.531499862670898,6.577750205993652,6.139999866485596,6.142250061035156,6.0847296714782715,684940000.0
2018-10-11,6.0542497634887695,6.189000129699707,5.856500148773193,5.8782501220703125,5.823200225830078,725436000.0
2018-10-12,6.137750148773193,6.238500118255615,5.991250038146973,6.16349983215332,6.105780601501465,608236000.0
2018-10-15,6.150000095367432,6.150000095367432,5.883500099182129,5.884500026702881,5.829391956329346,449760000.0
2018-10-16,5.9982500076293945,6.1570000648498535,5.948500156402588,6.145750045776367,6.088195323944092,408712000.0
2018-10-17,6.208499908447266,6.247000217437744,6.0269999504089355,6.076499938964844,6.019594192504883,329668000.0
2018-10-18,6.146500110626221,6.1852498054504395,5.927249908447266,5.988249778747559,5.932170867919922,524020000.0
2018-10-19,6.044000148773193,6.06374979019165,5.692500114440918,5.729249954223633,5.675595760345459,613608000.0
2018-10-22,5.7820000648498535,5.882999897003174,5.676750183105469,5.7804999351501465,5.72636604309082,368844000.0
2018-10-23,5.510749816894531,5.604750156402588,5.417749881744385,5.526500225067139,5.47474479675293,626436000.0
2018-10-24,5.487750053405762,5.534749984741211,4.971250057220459,4.985249996185303,4.938563823699951,884288000.0
2018-10-25,4.886750221252441,5.243750095367432,4.8420000076293945,5.196000099182129,5.147340297698975,951720000.0
2018-10-26,4.957749843597412,5.120999813079834,4.828000068664551,4.957250118255615,4.910826683044434,664784000.0
2018-10-29,5.09975004196167,5.103250026702881,4.40024995803833,4.640500068664551,4.597042083740234,758016000.0
2018-10-30,4.663750171661377,5.085000038146973,4.640500068664551,5.074999809265137,5.027472972869873,807192000.0
2018-10-31,5.241250038146973,5.3147501945495605,5.100249767303467,5.270750045776367,5.221390724182129,745772000.0
2018-11-01,5.307499885559082,5.462250232696533,5.179749965667725,5.452750205993652,5.4016852378845215,566528000.0
2018-11-02,5.4432501792907715,5.550000190734863,5.255249977111816,5.373000144958496,5.322683334350586,452960000.0
2018-11-05,5.359749794006348,5.3832502365112305,5.131999969482422,5.294250011444092,5.244670867919922,379332000.0
2018-11-06,5.286250114440918,5.371250152587891,5.238999843597412,5.276500225067139,5.227087497711182,299012000.0
2018-11-07,5.34375,5.4352498054504395,5.2795000076293945,5.344749927520752,5.294697284698486,483812000.0
2018-11-08,5.284999847412109,5.285749912261963,5.095749855041504,5.149750232696533,5.1015238761901855,511352000.0
2018-11-09,5.059999942779541,5.232999801635742,5.026000022888184,5.141749858856201,5.093597412109375,413240000.0
2018-11-12,5.049499988555908,5.071750164031982,4.7164998054504395,4.738500118255615,4.694124698638916,617116000.0
2018-11-13,4.837250232696533,5.105249881744385,4.830999851226807,4.982749938964844,4.936087608337402,644712000.0
2018-11-14,5.15749979019165,5.171999931335449,4.8207502365112305,4.929749965667725,4.883582592010498,526580000.0
2018-11-15,4.923749923706055,5.132500171661377,4.887499809265137,5.059750080108643,5.012365341186523,840708000.0
2018-11-16,4.083000183105469,4.266499996185303,4.040249824523926,4.110750198364258,4.072256088256836,1963520000.0
2018-11-19,4.044750213623047,4.045499801635742,3.6157500743865967,3.617500066757202,3.583622455596924,1697820000.0
2018-11-20,3.3515000343322754,3.8564999103546143,3.332750082015991,3.7269999980926514,3.6920969486236572,1692032000.0
2018-11-21,3.865499973297119,3.882499933242798,3.590250015258789,3.6177499294281006,3.5838701725006104,1025496000.0
2018-11-22,3.865499973297119,3.882499933242798,3.590250015258789,3.6177499294281006,3.5838701725006104,1025496000.0
2018-11-23,3.582750082015991,3.7397499084472656,3.5697500705718994,3.625,3.591052293777466,411968000.0
2018-11-26,3.7472500801086426,3.836750030517578,3.6640000343322754,3.8262500762939453,3.7904176712036133,814832000.0
2018-11-27,3.799999952316284,3.9252500534057617,3.7637500762939453,3.843250036239624,3.8072590827941895,738060000.0
2018-11-28,3.9619998931884766,4.006999969482422,3.828249931335449,4.0017499923706055,3.9642739295959473,804524000.0
2018-11-29,4.0,4.037499904632568,3.9035000801086426,3.934000015258789,3.901057720184326,549172000.0
2018-11-30,3.9437499046325684,4.096499919891357,3.8929998874664307,4.085750102996826,4.051537990570068,729564000.0
2018-12-03,4.315000057220459,4.367000102996826,4.183499813079834,4.250999927520752,4.215404987335205,890804000.0
2018-12-04,4.205999851226807,4.210999965667725,3.9124999046325684,3.9277501106262207,3.89486026763916,812112000.0
2018-12-05,4.205999851226807,4.210999965667725,3.9124999046325684,3.9277501106262207,3.89486026763916,812112000.0
2018-12-06,3.7860000133514404,3.962249994277954,3.770250082015991,3.9572501182556152,3.9241137504577637,692308000.0
2018-12-07,3.9614999294281006,3.971750020980835,3.640500068664551,3.6902499198913574,3.659349203109741,681676000.0
2018-12-10,3.6449999809265137,3.821500062942505,3.641249895095825,3.7964999675750732,3.76470947265625,629472000.0
2018-12-11,3.8889999389648438,3.897249937057495,3.625,3.7047500610351562,3.6737277507781982,671912000.0
2018-12-12,3.7105000019073486,3.819499969482422,3.620500087738037,3.7225000858306885,3.691329002380371,654136000.0
2018-12-13,3.7697501182556152,3.8345000743865967,3.686000108718872,3.722249984741211,3.6910812854766846,471384000.0
2018-12-14,3.6802499294281006,3.7647500038146973,3.637500047683716,3.661250114440918,3.6305930614471436,471820000.0
2018-12-17,3.63100004196167,3.703749895095825,3.5309998989105225,3.5894999504089355,3.5594422817230225,662868000.0
2018-12-18,3.6337499618530273,3.7582499980926514,3.606250047683716,3.6735000610351562,3.6427390575408936,564372000.0
2018-12-19,3.6394999027252197,3.69350004196167,3.410749912261963,3.46274995803833,3.4337542057037354,745364000.0
2018-12-20,3.4542500972747803,3.5450000762939453,3.3172500133514404,3.377500057220459,3.3492183685302734,749588000.0
2018-12-21,3.404249906539917,3.4375,3.2114999294281006,3.2392499446868896,3.212125062942505,863740000.0
2018-12-24,3.16225004196167,3.249500036239624,3.112499952316284,3.177000045776367,3.1503965854644775,463840000.0
2018-12-25,3.16225004196167,3.249500036239624,3.112499952316284,3.177000045776367,3.1503965854644775,463840000.0
2018-12-26,3.2235000133514404,3.3285000324249268,3.1115000247955322,3.327500104904175,3.2996368408203125,695100000.0
2018-12-27,3.274749994277954,3.309499979019165,3.129499912261963,3.279249906539917,3.2517905235290527,637044000.0
2018-12-28,3.299999952316284,3.4347500801086426,3.2577500343322754,3.341249942779541,3.3132712841033936,628728000.0
2018-12-31,3.384999990463257,3.4177498817443848,3.30649995803833,3.3375000953674316,3.3095526695251465,465140000.0
2019-01-01,3.384999990463257,3.4177498817443848,3.30649995803833,3.3375000953674316,3.3095526695251465,465140000.0
2019-01-02,3.2660000324249268,3.4619998931884766,3.2512500286102295,3.4054999351501465,3.376983165740967,508752000.0
2019-01-03,3.344749927520752,3.378999948501587,3.1922500133514404,3.1997499465942383,3.1729562282562256,705552000.0
2019-01-04,3.2734999656677246,3.4432499408721924,3.242500066757202,3.404750108718872,3.376239776611328,585620000.0
2019-01-07,3.4625000953674316,3.6222500801086426,3.410749912261963,3.5850000381469727,3.554980993270874,709160000.0
2019-01-08,3.667249917984009,3.6695001125335693,3.422499895095825,3.4957499504089355,3.466477394104004,786016000.0
2019-01-09,3.547499895095825,3.6122500896453857,3.496500015258789,3.564500093460083,3.5346519947052,617260000.0
2019-01-10,3.5450000762939453,3.6394999027252197,3.4839999675750732,3.6307499408721924,3.6003472805023193,523156000.0
2019-01-11,3.6082499027252197,3.7437500953674316,3.5802500247955322,3.720750093460083,3.689594030380249,874764000.0
2019-01-14,3.6679999828338623,3.7864999771118164,3.64424991607666,3.760999917984009,3.729506254196167,730168000.0
2019-01-15,3.7939999103546143,3.833750009536743,3.728250026702881,3.7467501163482666,3.715376138687134,617012000.0
2019-01-16,3.774250030517578,3.807499885559082,3.7155001163482666,3.7209999561309814,3.6898415088653564,470104000.0
2019-01-17,3.6877501010894775,3.833250045776367,3.660249948501587,3.7929999828338623,3.761237859725952,493436000.0
2019-01-18,3.843250036239624,3.94950008392334,3.791249990463257,3.9232499599456787,3.8903982639312744,651336000.0
2019-01-21,3.843250036239624,3.94950008392334,3.791249990463257,3.9232499599456787,3.8903982639312744,651336000.0
2019-01-22,3.8927500247955322,3.9045000076293945,3.6887500286102295,3.719249963760376,3.6881065368652344,661552000.0
2019-01-23,3.7750000953674316,3.864500045776367,3.7007501125335693,3.7322499752044678,3.7009971141815186,591020000.0
2019-01-24,3.817500114440918,3.963749885559082,3.8127501010894775,3.946000099182129,3.912958860397339,708972000.0
2019-01-25,3.885999917984009,4.021999835968018,3.7825000286102295,4.003749847412109,3.970224142074585,1154572000.0
2019-01-28,3.413749933242798,3.5409998893737793,3.2750000953674316,3.4502499103546143,3.421358823776245,2511528000.0
2019-01-29,3.403749942779541,3.452500104904175,3.27524995803833,3.2899999618530273,3.262450933456421,1153932000.0
2019-01-30,3.3667500019073486,3.4492499828338623,3.2864999771118164,3.4347500801086426,3.4059886932373047,974228000.0
2019-01-31,3.43149995803833,3.6297500133514404,3.4094998836517334,3.59375,3.56365704536438,842852000.0
2019-02-01,3.612499952316284,3.6697499752044678,3.564500093460083,3.6182498931884766,3.587952136993408,625048000.0
2019-02-04,3.6342499256134033,3.7669999599456787,3.611999988555908,3.7295000553131104,3.698270797729492,528592000.0
2019-02-05,3.741499900817871,3.785749912261963,3.7074999809265137,3.7487499713897705,3.7173593044281006,542424000.0
2019-02-06,3.782249927520752,3.890000104904175,3.776750087738037,3.825000047683716,3.792970895767212,702464000.0
2019-02-07,3.778249979019165,3.7804999351501465,3.6422500610351562,3.685499906539917,3.6546385288238525,637120000.0
2019-02-08,3.6177499294281006,3.7149999141693115,3.603250026702881,3.7042500972747803,3.673232078552246,461604000.0
2019-02-11,3.659749984741211,3.7144999504089355,3.612499952316284,3.661250114440918,3.6305930614471436,495180000.0
2019-02-12,3.700000047683716,3.7950000762939453,3.685499906539917,3.779249906539917,3.74760365486145,591060000.0
2019-02-13,3.809000015258789,3.895750045776367,3.7952499389648438,3.822000026702881,3.7899961471557617,605372000.0
2019-02-14,3.821000099182129,3.8917500972747803,3.7774999141693115,3.8632500171661377,3.830900192260742,827264000.0
2019-02-15,4.073750019073486,4.096749782562256,3.9105000495910645,3.933500051498413,3.900562047958374,1516748000.0
2019-02-18,4.073750019073486,4.096749782562256,3.9105000495910645,3.933500051498413,3.900562047958374,1516748000.0
2019-02-19,3.9227499961853027,3.9972500801086426,3.9035000801086426,3.9159998893737793,3.8832082748413086,551892000.0
2019-02-20,3.945499897003174,4.031499862670898,3.9342501163482666,3.963749885559082,3.930558919906616,540988000.0
2019-02-21,3.9765000343322754,4.00124979019165,3.879499912261963,3.89424991607666,3.861640691757202,448548000.0
2019-02-22,3.946500062942505,3.9987499713897705,3.9327499866485596,3.979749917984009,3.946425199508667,401740000.0
2019-02-25,4.064000129699707,4.131999969482422,3.9584999084472656,3.967250108718872,3.9340293407440186,656020000.0
2019-02-26,3.9625000953674316,4.019000053405762,3.893749952316284,3.927500009536743,3.8946125507354736,488464000.0
2019-02-27,3.9130001068115234,3.9397499561309814,3.8277499675750732,3.8852500915527344,3.852715492248535,500256000.0
2019-02-28,3.875,3.8975000381469727,3.8340001106262207,3.8564999103546143,3.828148126602173,324944000.0
2019-03-01,3.906749963760376,3.953749895095825,3.8480000495910645,3.911250114440918,3.882495880126953,357188000.0
2019-03-04,3.950000047683716,3.9730000495910645,3.862499952316284,3.9195001125335693,3.8906853199005127,409992000.0
2019-03-05,3.903749942779541,3.9514999389648438,3.8489999771118164,3.9130001068115234,3.884232521057129,362924000.0
2019-03-06,3.9040000438690186,3.9124999046325684,3.7985000610351562,3.8012499809265137,3.773303985595703,403524000.0
2019-03-07,3.7774999141693115,3.78725004196167,3.684999942779541,3.7314999103546143,3.7040669918060303,450104000.0
2019-03-08,3.6414999961853027,3.776750087738037,3.619999885559082,3.7660000324249268,3.738313674926758,422416000.0
2019-03-11,3.789750099182129,4.051499843597412,3.7422499656677246,4.028500080108643,3.99888277053833,859728000.0
2019-03-12,4.05649995803833,4.109749794006348,3.979749917984009,4.063000202178955,4.033129692077637,579576000.0
2019-03-13,4.100749969482422,4.244999885559082,4.093249797821045,4.2154998779296875,4.18450927734375,768900000.0
2019-03-14,4.22475004196167,4.23675012588501,4.131249904632568,4.138999938964844,4.108569622039795,519384000.0
2019-03-15,4.182499885559082,4.288249969482422,4.178999900817871,4.245250225067139,4.214041233062744,661484000.0
2019-03-18,4.2769999504089355,4.331250190734863,4.196499824523926,4.223750114440918,4.192698001861572,486992000.0
2019-03-19,4.318999767303467,4.4375,4.302000045776367,4.392749786376953,4.3604536056518555,854972000.0
2019-03-20,4.421999931335449,4.475749969482422,4.324999809265137,4.360000133514404,4.327947616577148,719148000.0
2019-03-21,4.3832502365112305,4.625,4.3782501220703125,4.598499774932861,4.564692974090576,824312000.0
2019-03-22,4.571000099182129,4.619999885559082,4.423500061035156,4.4375,4.404877185821533,747644000.0
2019-03-25,4.396500110626221,4.461249828338623,4.277750015258789,4.3445000648498535,4.31256103515625,525212000.0
2019-03-26,4.487249851226807,4.543749809265137,4.364999771118164,4.421750068664551,4.389242172241211,703508000.0
2019-03-27,4.447500228881836,4.4942498207092285,4.34250020980835,4.412499904632568,4.380059242248535,474372000.0
2019-03-28,4.43874979019165,4.497499942779541,4.377749919891357,4.431250095367432,4.398674011230469,480264000.0
2019-03-29,4.498499870300293,4.513500213623047,4.447750091552734,4.488999843597412,4.455997943878174,456896000.0
2019-04-01,4.581500053405762,4.587500095367432,4.509250164031982,4.557000160217285,4.52349853515625,483824000.0
2019-04-02,4.581250190734863,4.619750022888184,4.538000106811523,4.574999809265137,4.541367053985596,440920000.0
2019-04-03,4.625,4.775000095367432,4.619999885559082,4.7154998779296875,4.680832862854004,783504000.0
2019-04-04,4.699999809265137,4.7492499351501465,4.643249988555908,4.706500053405762,4.671899318695068,457376000.0
2019-04-05,4.75,4.791250228881836,4.713250160217285,4.773749828338623,4.738655090332031,481744000.0
2019-04-08,4.743000030517578,4.820000171661377,4.71875,4.794750213623047,4.759500503540039,424192000.0
2019-04-09,4.761000156402588,4.772250175476074,4.689000129699707,4.731500148773193,4.696714401245117,439972000.0
2019-04-10,4.73075008392334,4.828499794006348,4.726250171661377,4.802499771118164,4.767193794250488,444772000.0
2019-04-11,4.804999828338623,4.836750030517578,4.738749980926514,4.78849983215332,4.7532958984375,374600000.0
2019-04-12,4.827499866485596,4.831500053405762,4.741499900817871,4.750249862670898,4.715327262878418,471708000.0
2019-04-15,4.742499828338623,4.747499942779541,4.577499866485596,4.617499828338623,4.583554267883301,440092000.0
2019-04-16,4.6570000648498535,4.724249839782715,4.624000072479248,4.705249786376953,4.670659065246582,394964000.0
2019-04-17,4.740499973297119,4.761499881744385,4.659749984741211,4.682250022888184,4.647828578948975,351004000.0
2019-04-18,4.689000129699707,4.723249912261963,4.629499912261963,4.65749979019165,4.623259544372559,380988000.0
2019-04-19,4.689000129699707,4.723249912261963,4.629499912261963,4.65749979019165,4.623259544372559,380988000.0
2019-04-22,4.633749961853027,4.727499961853027,4.6020002365112305,4.711750030517578,4.677110195159912,279936000.0
2019-04-23,4.724999904632568,4.798250198364258,4.715250015258789,4.766749858856201,4.731705665588379,346856000.0
2019-04-24,4.777249813079834,4.820250034332275,4.716000080108643,4.779250144958496,4.744115829467773,318204000.0
2019-04-25,4.738749980926514,4.761250019073486,4.59250020980835,4.672749996185303,4.638397216796875,499296000.0
2019-04-26,4.517749786376953,4.522250175476074,4.332499980926514,4.452250003814697,4.419517993927002,868988000.0
2019-04-29,4.460249900817871,4.511250019073486,4.387499809265137,4.483250141143799,4.450290679931641,391920000.0
2019-04-30,4.45074987411499,4.550749778747559,4.43149995803833,4.525000095367432,4.491734504699707,362920000.0
2019-05-01,4.577750205993652,4.620250225067139,4.511499881744385,4.511750221252441,4.478580474853516,354280000.0
2019-05-02,4.521500110626221,4.6217498779296875,4.478000164031982,4.579750061035156,4.546080589294434,394684000.0
2019-05-03,4.588250160217285,4.598249912261963,4.51324987411499,4.575250148773193,4.5416154861450195,336824000.0
2019-05-06,4.387499809265137,4.508500099182129,4.349999904632568,4.496250152587891,4.463194370269775,422176000.0
2019-05-07,4.447500228881836,4.447500228881836,4.279250144958496,4.327750205993652,4.295933246612549,555220000.0
2019-05-08,4.300000190734863,4.428750038146973,4.288000106811523,4.3480000495910645,4.316035747528076,419168000.0
2019-05-09,4.278500080108643,4.288249969482422,4.135000228881836,4.254749774932861,4.2234697341918945,660248000.0
2019-05-10,4.223750114440918,4.289750099182129,4.099999904632568,4.2204999923706055,4.189471244812012,569500000.0
2019-05-13,4.087500095367432,4.110750198364258,3.9452500343322754,3.961250066757202,3.9321281909942627,656912000.0
2019-05-14,4.00124979019165,4.08650016784668,3.962249994277954,4.051000118255615,4.0212178230285645,524880000.0
2019-05-15,3.994999885559082,4.026249885559082,3.9352500438690186,3.989500045776367,3.9601705074310303,502320000.0
2019-05-16,3.9839999675750732,4.047749996185303,3.9412500858306885,4.004749774932861,3.975308656692505,781088000.0
2019-05-17,3.9625000953674316,4.092750072479248,3.873500108718872,3.913249969482422,3.8844804763793945,1022068000.0
2019-05-20,3.8137500286102295,3.8692500591278076,3.768749952316284,3.793750047683716,3.7658588886260986,572064000.0
2019-05-21,3.8550000190734863,3.8924999237060547,3.815999984741211,3.876499891281128,3.848001003265381,361848000.0
2019-05-22,3.8375000953674316,3.8637499809265137,3.7939999103546143,3.805000066757202,3.777027130126953,325868000.0
2019-05-23,3.7422499656677246,3.7422499656677246,3.6227500438690186,3.683000087738037,3.65592360496521,591844000.0
2019-05-24,3.7019999027252197,3.737499952316284,3.621999979019165,3.6287500858306885,3.6020734310150146,357584000.0
2019-05-27,3.7019999027252197,3.737499952316284,3.621999979019165,3.6287500858306885,3.6020734310150146,357584000.0
2019-05-28,3.6465001106262207,3.679500102996826,3.581249952316284,3.583250045776367,3.5569074153900146,428356000.0
2019-05-29,3.535249948501587,3.570499897003174,3.4735000133514404,3.508500099182129,3.4827070236206055,559800000.0
2019-05-30,3.5077500343322754,3.543750047683716,3.4392499923706055,3.477750062942505,3.4561235904693604,394300000.0
2019-05-31,3.428499937057495,3.4962499141693115,3.3847498893737793,3.3864998817443848,3.3654398918151855,389720000.0
2019-06-03,3.397749900817871,3.4367499351501465,3.315000057220459,3.3445000648498535,3.323702096939087,478644000.0
2019-06-04,3.4089999198913574,3.5802500247955322,3.3867499828338623,3.575000047683716,3.5527679920196533,641836000.0
2019-06-05,3.649250030517578,3.654750108718872,3.495500087738037,3.5320000648498535,3.510035753250122,511616000.0
2019-06-06,3.536250114440918,3.6192500591278076,3.533750057220459,3.5945000648498535,3.5721471309661865,408140000.0
2019-06-07,3.6005001068115234,3.671999931335449,3.581249952316284,3.637500047683716,3.614880323410034,348856000.0
2019-06-10,3.694000005722046,3.779750108718872,3.694000005722046,3.710750102996826,3.6876745223999023,402780000.0
2019-06-11,3.7709999084472656,3.809000015258789,3.7290000915527344,3.768749952316284,3.7453129291534424,383872000.0
2019-06-12,3.7249999046325684,3.731250047683716,3.6397500038146973,3.6549999713897705,3.6322708129882812,358892000.0
2019-06-13,3.6772499084472656,3.7249999046325684,3.6594998836517334,3.7065000534057617,3.683450698852539,308080000.0
2019-06-14,3.6127500534057617,3.6372499465942383,3.571000099182129,3.615999937057495,3.593513011932373,394428000.0
2019-06-17,3.6142499446868896,3.6630001068115234,3.591249942779541,3.6257500648498535,3.6032028198242188,276040000.0
2019-06-18,3.6875,3.8777499198913574,3.676500082015991,3.822000026702881,3.798232316970825,581920000.0
2019-06-19,3.8575000762939453,3.86899995803833,3.8017499446868896,3.828000068664551,3.804194688796997,331644000.0
2019-06-20,3.919250011444092,3.9332499504089355,3.8380000591278076,3.8524999618530273,3.8285422325134277,350168000.0
2019-06-21,3.8375000953674316,3.88700008392334,3.7874999046325684,3.7939999103546143,3.770406484603882,434428000.0
2019-06-24,3.815500020980835,3.846250057220459,3.7679998874664307,3.816499948501587,3.792766571044922,282948000.0
2019-06-25,3.821500062942505,3.8970000743865967,3.784250020980835,3.7869999408721924,3.7634499073028564,311868000.0
2019-06-26,3.915250062942505,4.043000221252441,3.902250051498413,3.9814999103546143,3.956739902496338,584072000.0
2019-06-27,4.067749977111816,4.099999904632568,4.031499862670898,4.080749988555908,4.05537223815918,445440000.0
2019-06-28,4.125,4.134250164031982,4.058750152587891,4.10575008392334,4.0802178382873535,397668000.0
2019-07-01,4.3142499923706055,4.348750114440918,4.116499900817871,4.154250144958496,4.128415584564209,709756000.0
2019-07-02,4.137499809265137,4.158750057220459,4.042500019073486,4.055749893188477,4.0305280685424805,400228000.0
2019-07-03,4.079249858856201,4.085000038146973,4.008500099182129,4.068749904632568,4.043447017669678,246636000.0
2019-07-04,4.079249858856201,4.085000038146973,4.008500099182129,4.068749904632568,4.043447017669678,246636000.0
2019-07-05,4.010000228881836,4.014500141143799,3.941999912261963,4.0057501792907715,3.980839252471924,396552000.0
2019-07-08,3.9457499980926514,3.964750051498413,3.9000000953674316,3.9302499294281006,3.9058094024658203,329788000.0
2019-07-09,3.8877499103546143,3.9609999656677246,3.875,3.9327499866485596,3.9082934856414795,342860000.0
2019-07-10,3.9765000343322754,4.0592498779296875,3.9625000953674316,4.001500129699707,3.976616382598877,452076000.0
2019-07-11,4.074999809265137,4.197999954223633,4.037499904632568,4.1570000648498535,4.131148338317871,682560000.0
2019-07-12,4.184999942779541,4.261750221252441,4.184999942779541,4.190249919891357,4.1641926765441895,506392000.0
2019-07-15,4.21150016784668,4.227749824523926,4.153250217437744,4.1817498207092285,4.155744552612305,289840000.0
2019-07-16,4.166749954223633,4.204249858856201,4.120999813079834,4.177000045776367,4.151024341583252,341444000.0
2019-07-17,4.178750038146973,4.249750137329102,4.149250030517578,4.24275016784668,4.216366767883301,348204000.0
2019-07-18,4.2532501220703125,4.317749977111816,4.196249961853027,4.254499912261963,4.228043079376221,442192000.0
2019-07-19,4.293000221252441,4.299499988555908,4.204999923706055,4.210999965667725,4.184813976287842,344896000.0
2019-07-22,4.232500076293945,4.296000003814697,4.224999904632568,4.2829999923706055,4.256364822387695,315940000.0
2019-07-23,4.322500228881836,4.393499851226807,4.3067498207092285,4.391499996185303,4.36419153213501,428176000.0
2019-07-24,4.434999942779541,4.472249984741211,4.358500003814697,4.4664998054504395,4.438724040985107,366236000.0
2019-07-25,4.424749851226807,4.4375,4.310999870300293,4.334499835968018,4.307545185089111,392700000.0
2019-07-26,4.36175012588501,4.423749923706055,4.36175012588501,4.3767499923706055,4.349531650543213,274160000.0
2019-07-29,4.369500160217285,4.386750221252441,4.281750202178955,4.370500087738037,4.343320846557617,248160000.0
2019-07-30,4.323750019073486,4.398499965667725,4.3092498779296875,4.386250019073486,4.358972549438477,197772000.0
2019-07-31,4.354499816894531,4.355500221252441,4.17549991607666,4.2179999351501465,4.191769123077393,359416000.0
2019-08-01,4.228499889373779,4.319499969482422,4.070499897003174,4.123000144958496,4.097360134124756,421212000.0
2019-08-02,4.029749870300293,4.0995001792907715,3.9820001125335693,4.029749870300293,4.004691123962402,428348000.0
2019-08-05,3.8450000286102295,3.846250057220459,3.7225000858306885,3.7697501182556152,3.746307611465454,589156000.0
2019-08-06,3.8450000286102295,3.890749931335449,3.7607500553131104,3.8087499141693115,3.785064697265625,361272000.0
2019-08-07,3.747499942779541,3.859250068664551,3.7300000190734863,3.847249984741211,3.8233251571655273,372560000.0
2019-08-08,3.905250072479248,3.957750082015991,3.8475000858306885,3.9565000534057617,3.9318959712982178,309300000.0
2019-08-09,3.915250062942505,3.918750047683716,3.8037500381469727,3.8545000553131104,3.8305301666259766,341816000.0
2019-08-12,3.802000045776367,3.8545000553131104,3.7642500400543213,3.786250114440918,3.762704610824585,279200000.0
2019-08-13,3.784749984741211,3.947499990463257,3.745500087738037,3.901249885559082,3.8769896030426025,351956000.0
2019-08-14,3.8125,3.8237500190734863,3.707750082015991,3.7517499923706055,3.728419542312622,419880000.0
2019-08-15,3.770750045776367,3.790750026702881,3.6847500801086426,3.719249963760376,3.6961212158203125,477200000.0
2019-08-16,3.983750104904175,4.03849983215332,3.921999931335449,3.989000082015991,3.964193820953369,1007960000.0
2019-08-19,4.103000164031982,4.2855000495910645,4.086750030517578,4.269499778747559,4.242949485778809,815112000.0
2019-08-20,4.263999938964844,4.264500141143799,4.17549991607666,4.196750164031982,4.170652866363525,463188000.0
2019-08-21,4.26324987411499,4.336249828338623,4.241499900817871,4.280749797821045,4.254129409790039,427244000.0
2019-08-22,4.290500164031982,4.333250045776367,4.247499942779541,4.2870001792907715,4.260341167449951,303488000.0
2019-08-23,4.210000038146973,4.264750003814697,4.040999889373779,4.060999870300293,4.035745620727539,568056000.0
2019-08-26,4.140250205993652,4.1645002365112305,4.097750186920166,4.136250019073486,4.110528469085693,318208000.0
2019-08-27,4.174749851226807,4.177499771118164,4.015500068664551,4.045000076293945,4.019845008850098,290968000.0
2019-08-28,4.014500141143799,4.083499908447266,3.9749999046325684,4.0304999351501465,4.009401798248291,255612000.0
2019-08-29,4.122499942779541,4.207499980926514,4.11899995803833,4.175000190734863,4.153142929077148,357976000.0
2019-08-30,4.221499919891357,4.271500110626221,4.16949987411499,4.187749862670898,4.165828227996826,290616000.0
2019-09-02,4.221499919891357,4.271500110626221,4.16949987411499,4.187749862670898,4.165828227996826,290616000.0
2019-09-03,4.114500045776367,4.147749900817871,4.081250190734863,4.104249954223633,4.082764625549316,296140000.0
2019-09-04,4.165249824523926,4.226500034332275,4.165249824523926,4.218999862670898,4.196913719177246,227728000.0
2019-09-05,4.321750164031982,4.499750137329102,4.320000171661377,4.493500232696533,4.469977378845215,695676000.0
2019-09-06,4.46999979019165,4.527249813079834,4.427999973297119,4.466249942779541,4.442869663238525,376976000.0
2019-09-09,4.497499942779541,4.5995001792907715,4.495999813079834,4.512499809265137,4.488876819610596,417524000.0
2019-09-10,4.479499816894531,4.606249809265137,4.469749927520752,4.579500198364258,4.555525779724121,352812000.0
2019-09-11,4.594250202178955,4.656750202178955,4.565000057220459,4.608250141143799,4.5841264724731445,361512000.0
2019-09-12,4.65500020980835,4.710000038146973,4.598750114440918,4.606750011444092,4.582633018493652,327840000.0
2019-09-13,4.539750099182129,4.577000141143799,4.504499912261963,4.548500061035156,4.524689197540283,324592000.0
2019-09-16,4.4730000495910645,4.539999961853027,4.462500095367432,4.505249977111816,4.481665134429932,231832000.0
2019-09-17,4.51200008392334,4.531000137329102,4.465250015258789,4.526750087738037,4.503053665161133,223048000.0
2019-09-18,4.519750118255615,4.5355000495910645,4.412499904632568,4.499499797821045,4.475945949554443,258152000.0
2019-09-19,4.505499839782715,4.52400016784668,4.412749767303467,4.423500061035156,4.400343418121338,245476000.0
2019-09-20,4.422500133514404,4.446249961853027,4.307000160217285,4.317249774932861,4.294649124145508,350244000.0
2019-09-23,4.317500114440918,4.416749954223633,4.31374979019165,4.370999813079834,4.348116874694824,249712000.0
2019-09-24,4.402500152587891,4.432250022888184,4.277500152587891,4.3132500648498535,4.290671348571777,317268000.0
2019-09-25,4.312749862670898,4.475500106811523,4.267749786376953,4.455749988555908,4.432424068450928,308432000.0
2019-09-26,4.446000099182129,4.454750061035156,4.38224983215332,4.433499813079834,4.410290241241455,234564000.0
2019-09-27,4.391499996185303,4.442500114440918,4.232999801635742,4.294000148773193,4.27152156829834,362056000.0
2019-09-30,4.320000171661377,4.361999988555908,4.28849983215332,4.351749897003174,4.328967571258545,186184000.0
2019-10-01,4.375,4.525000095367432,4.345250129699707,4.349999904632568,4.32722806930542,366008000.0
2019-10-02,4.328000068664551,4.340000152587891,4.2532501220703125,4.326000213623047,4.303354740142822,293372000.0
2019-10-03,4.33050012588501,4.539000034332275,4.300000190734863,4.532750129699707,4.5090203285217285,450588000.0
2019-10-04,4.534999847412109,4.578750133514404,4.4695000648498535,4.54925012588501,4.525434970855713,265524000.0
2019-10-07,4.614500045776367,4.708499908447266,4.60575008392334,4.608250141143799,4.5841264724731445,480984000.0
2019-10-08,4.515999794006348,4.515999794006348,4.412499904632568,4.430749893188477,4.407555103302002,444436000.0
2019-10-09,4.507999897003174,4.567500114440918,4.479000091552734,4.517749786376953,4.4940996170043945,292412000.0
2019-10-10,4.515500068664551,4.626999855041504,4.510250091552734,4.57574987411499,4.551796913146973,309124000.0
2019-10-11,4.660250186920166,4.733500003814697,4.641250133514404,4.649750232696533,4.625407695770264,446404000.0
2019-10-14,4.640999794006348,4.6842498779296875,4.609749794006348,4.663249969482422,4.638838291168213,200040000.0
2019-10-15,4.754000186920166,4.982250213623047,4.739999771118164,4.909249782562256,4.883549690246582,664124000.0
2019-10-16,4.875,4.980500221252441,4.84375,4.855249881744385,4.829832553863525,428944000.0
2019-10-17,4.900000095367432,4.945250034332275,4.802499771118164,4.857250213623047,4.831822872161865,263436000.0
2019-10-18,4.857749938964844,4.890500068664551,4.6875,4.762249946594238,4.737319469451904,307440000.0
2019-10-21,4.823999881744385,4.913750171661377,4.804999828338623,4.90024995803833,4.874598026275635,261868000.0
2019-10-22,4.957499980926514,5.0632500648498535,4.882500171661377,4.890250205993652,4.864651203155518,328720000.0
2019-10-23,4.807750225067139,4.891499996185303,4.775750160217285,4.8772501945495605,4.851718425750732,279916000.0
2019-10-24,4.918749809265137,4.955249786376953,4.884500026702881,4.921500205993652,4.895737171173096,232020000.0
2019-10-25,5.002500057220459,5.134500026702881,4.994750022888184,5.113500118255615,5.086731433868408,423092000.0
2019-10-28,5.15749979019165,5.222499847412109,5.127999782562256,5.169750213623047,5.142686367034912,330792000.0
2019-10-29,5.155749797821045,5.16225004196167,5.053500175476074,5.072999954223633,5.046442985534668,211236000.0
2019-10-30,5.099999904632568,5.10575008392334,5.006499767303467,5.074999809265137,5.048433303833008,205960000.0
2019-10-31,5.053999900817871,5.074999809265137,4.945250034332275,5.0254998207092285,4.999190807342529,209732000.0
2019-11-01,4.989999771118164,5.097249984741211,4.964749813079834,5.0647501945495605,5.038236618041992,283640000.0
2019-11-04,5.146249771118164,5.275000095367432,5.123000144958496,5.262499809265137,5.234951972961426,376716000.0
2019-11-05,5.262249946594238,5.28849983215332,5.191999912261963,5.240250110626221,5.212817668914795,300868000.0
2019-11-06,5.216000080108643,5.2417497634887695,5.102749824523926,5.1907501220703125,5.163576602935791,269012000.0
2019-11-07,5.277750015258789,5.292500019073486,5.16349983215332,5.208499908447266,5.1812334060668945,280340000.0
2019-11-08,5.191500186920166,5.226250171661377,5.153749942779541,5.194499969482422,5.1673078536987305,189100000.0
2019-11-11,5.193749904632568,5.227749824523926,5.10699987411499,5.204500198364258,5.1772541999816895,243436000.0
2019-11-12,5.243000030517578,5.296500205993652,5.207749843597412,5.240250110626221,5.212817668914795,283504000.0
2019-11-13,5.208749771118164,5.236499786376953,5.147500038146973,5.214250087738037,5.186954498291016,300188000.0
2019-11-14,5.223249912261963,5.247000217437744,5.163000106811523,5.244750022888184,5.217294216156006,518080000.0
2019-11-15,5.242499828338623,5.29449987411499,5.015999794006348,5.104750156402588,5.078027248382568,1053628000.0
2019-11-18,5.097249984741211,5.333749771118164,5.094250202178955,5.307000160217285,5.279219150543213,574588000.0
2019-11-19,5.275750160217285,5.299499988555908,5.141250133514404,5.199749946594238,5.172530651092529,414564000.0
2019-11-20,5.176750183105469,5.363749980926514,5.164000034332275,5.2795000076293945,5.251862525939941,472588000.0
2019-11-21,5.275000095367432,5.330999851226807,5.232749938964844,5.254499912261963,5.226992607116699,288388000.0
2019-11-22,5.277249813079834,5.323999881744385,5.248499870300293,5.272250175476074,5.244650363922119,224100000.0
2019-11-25,5.401000022888184,5.535250186920166,5.388000011444092,5.530250072479248,5.501299858093262,506476000.0
2019-11-26,5.512499809265137,5.517250061035156,5.418499946594238,5.425000190734863,5.396600246429443,385244000.0
2019-11-27,5.466750144958496,5.50124979019165,5.429500102996826,5.455999851226807,5.4314422607421875,215784000.0
2019-11-28,5.466750144958496,5.50124979019165,5.429500102996826,5.455999851226807,5.4314422607421875,215784000.0
2019-11-29,5.425000190734863,5.453499794006348,5.394499778747559,5.418499946594238,5.394111156463623,141556000.0
2019-12-02,5.411499977111816,5.425000190734863,5.216000080108643,5.231249809265137,5.207703590393066,372036000.0
2019-12-03,5.046750068664551,5.195499897003174,5.009250164031982,5.191500186920166,5.168135643005371,465232000.0
2019-12-04,5.2754998207092285,5.297999858856201,5.20674991607666,5.235499858856201,5.211935043334961,273424000.0
2019-12-05,5.257500171661377,5.273250102996826,5.187749862670898,5.218500137329102,5.195013999938965,184884000.0
2019-12-06,5.288000106811523,5.337250232696533,5.2779998779296875,5.3042497634887695,5.2803754806518555,232236000.0
2019-12-09,5.28125,5.359250068664551,5.272500038146973,5.3042497634887695,5.2803754806518555,211880000.0
2019-12-10,5.334499835968018,5.401500225067139,5.281499862670898,5.3495001792907715,5.3254218101501465,256388000.0
2019-12-11,5.360000133514404,5.439000129699707,5.357500076293945,5.433499813079834,5.40904426574707,233796000.0
2019-12-12,5.4045000076293945,5.619999885559082,5.395500183105469,5.601749897003174,5.576536655426025,404348000.0
2019-12-13,5.604750156402588,5.7245001792907715,5.545499801635742,5.59975004196167,5.574545383453369,454704000.0
2019-12-16,5.647500038146973,5.701499938964844,5.6192498207092285,5.628749847412109,5.603415012359619,320976000.0
2019-12-17,5.647500038146973,5.730000019073486,5.638000011444092,5.707250118255615,5.681561470031738,321196000.0
2019-12-18,5.742249965667725,5.798500061035156,5.733749866485596,5.737750053405762,5.711925983428955,343548000.0
2019-12-19,5.772500038146973,5.900000095367432,5.767499923706055,5.886499881744385,5.860004425048828,445360000.0
2019-12-20,5.953249931335449,6.009749889373779,5.934000015258789,5.984250068664551,5.957314491271973,603044000.0
2019-12-23,6.013000011444092,6.045249938964844,5.959750175476074,5.9704999923706055,5.943626880645752,355060000.0
2019-12-24,5.954999923706055,5.982749938964844,5.920499801635742,5.9654998779296875,5.938649654388428,138864000.0
2019-12-25,5.954999923706055,5.982749938964844,5.920499801635742,5.9654998779296875,5.938649654388428,138864000.0
2019-12-26,5.968999862670898,6.007999897003174,5.949999809265137,5.979750156402588,5.952836513519287,182852000.0
2019-12-27,5.994999885559082,6.008500099182129,5.895249843597412,5.921750068664551,5.895096778869629,254644000.0
2019-12-30,5.899750232696533,5.90500020980835,5.776500225067139,5.808000087738037,5.781859397888184,258056000.0
2019-12-31,5.772500038146973,5.892000198364258,5.7532501220703125,5.882500171661377,5.856022357940674,231004000.0
2020-01-01,5.772500038146973,5.892000198364258,5.7532501220703125,5.882500171661377,5.856022357940674,231004000.0
2020-01-02,5.96875,5.9977498054504395,5.918000221252441,5.9977498054504395,5.970753192901611,237536000.0
2020-01-03,5.877500057220459,5.9457502365112305,5.852499961853027,5.901750087738037,5.875186443328857,205384000.0
2020-01-06,5.808000087738037,5.9317498207092285,5.781750202178955,5.926499843597412,5.899824142456055,262636000.0
2020-01-07,5.954999923706055,6.044250011444092,5.909749984741211,5.9982500076293945,5.971251487731934,314856000.0
2020-01-08,5.99399995803833,6.051000118255615,5.953750133514404,6.009500026702881,5.98245096206665,277108000.0
2020-01-09,6.096250057220459,6.148250102996826,6.021500110626221,6.075500011444092,6.048154830932617,255112000.0
2020-01-10,6.1832499504089355,6.213749885559082,6.09375,6.107999801635742,6.080507278442383,316296000.0
2020-01-13,6.191500186920166,6.324749946594238,6.168749809265137,6.299499988555908,6.271146297454834,319840000.0
2020-01-14,6.256499767303467,6.2820000648498535,6.168749809265137,6.182000160217285,6.154175758361816,359088000.0
2020-01-15,6.19474983215332,6.217249870300293,6.113249778747559,6.139249801635742,6.111617088317871,263104000.0
2020-01-16,6.192999839782715,6.229249954223633,6.16949987411499,6.223249912261963,6.195240020751953,284192000.0
2020-01-17,6.242499828338623,6.25,6.1842498779296875,6.23199987411499,6.203949928283691,253792000.0
2020-01-20,6.242499828338623,6.25,6.1842498779296875,6.23199987411499,6.203949928283691,253792000.0
2020-01-21,6.195250034332275,6.232250213623047,6.164249897003174,6.198500156402588,6.170600891113281,217916000.0
2020-01-22,6.24399995803833,6.339749813079834,6.224999904632568,6.252749919891357,6.224606513977051,239240000.0
2020-01-23,6.293000221252441,6.329999923706055,6.203750133514404,6.321499824523926,6.293045997619629,244516000.0
2020-01-24,6.4375,6.487500190734863,6.207499980926514,6.26200008392334,6.2338151931762695,373512000.0
2020-01-27,5.955999851226807,6.056250095367432,5.805749893188477,6.005000114440918,5.97797155380249,470536000.0
2020-01-28,6.071249961853027,6.231750011444092,6.017749786376953,6.199250221252441,6.171347618103027,310976000.0
2020-01-29,6.184750080108643,6.2210001945495605,6.098499774932861,6.138500213623047,6.110870361328125,258848000.0
2020-01-30,6.040249824523926,6.158750057220459,5.985000133514404,6.145249843597412,6.117591381072998,290504000.0
2020-01-31,6.099249839782715,6.111249923706055,5.868750095367432,5.910749912261963,5.884146690368652,370420000.0
2020-02-03,5.892499923706055,6.027750015258789,5.886250019073486,6.0082502365112305,5.981207847595215,255564000.0
2020-02-04,6.150750160217285,6.197500228881836,6.100500106811523,6.178249835968018,6.150440692901611,271544000.0
2020-02-05,6.299749851226807,6.309999942779541,6.1852498054504395,6.269000053405762,6.240782737731934,208220000.0
2020-02-06,6.303500175476074,6.356249809265137,6.2220001220703125,6.356249809265137,6.327640533447266,218284000.0
2020-02-07,6.315999984741211,6.338250160217285,6.264249801635742,6.289750099182129,6.261440277099609,189752000.0
2020-02-10,6.3125,6.574999809265137,6.307499885559082,6.574250221252441,6.544659614562988,529608000.0
2020-02-11,6.683000087738037,6.8125,6.6207499504089355,6.697249889373779,6.667105674743652,638556000.0
2020-02-12,6.750249862670898,6.820000171661377,6.711249828338623,6.813499927520752,6.782833099365234,374644000.0
2020-02-13,6.755249977111816,6.836999893188477,6.727749824523926,6.769499778747559,6.739030838012695,528016000.0
2020-02-14,7.18149995803833,7.3742499351501465,7.150000095367432,7.244750022888184,7.212141990661621,1041924000.0
2020-02-17,7.18149995803833,7.3742499351501465,7.150000095367432,7.244750022888184,7.212141990661621,1041924000.0
2020-02-18,7.140999794006348,7.432750225067139,7.121500015258789,7.414249897003174,7.380878925323486,620164000.0
2020-02-19,7.53725004196167,7.885250091552734,7.53725004196167,7.867499828338623,7.832088470458984,694332000.0
2020-02-20,7.819250106811523,7.9079999923706055,7.408750057220459,7.71750020980835,7.682764053344727,810052000.0
2020-02-21,7.604750156402588,7.630000114440918,7.266499996185303,7.351749897003174,7.318660736083984,768180000.0
2020-02-24,6.754749774932861,7.046750068664551,6.699999809265137,6.831999778747559,6.801249980926514,856916000.0
2020-02-25,6.90749979019165,6.969749927520752,6.448999881744385,6.551249980926514,6.521762847900391,1055496000.0
2020-02-26,6.551499843597412,6.886250019073486,6.550000190734863,6.691249847412109,6.661133289337158,747732000.0
2020-02-27,6.372499942779541,6.675000190734863,6.222249984741211,6.315000057220459,6.290337562561035,906416000.0
2020-02-28,6.061500072479248,6.811500072479248,6.044750213623047,6.7517499923706055,6.725380897521973,1133252000.0
2020-03-02,6.922500133514404,6.9397501945495605,6.525000095367432,6.910749912261963,6.883759498596191,890744000.0
2020-03-03,6.966750144958496,7.026750087738037,6.561500072479248,6.647250175476074,6.621288299560547,652792000.0
2020-03-04,6.755000114440918,7.122250080108643,6.679999828338623,7.112750053405762,7.084971904754639,597408000.0
2020-03-05,6.912499904632568,7.079999923706055,6.787499904632568,6.832250118255615,6.805566787719727,540328000.0
2020-03-06,6.6519999504089355,6.709750175476074,6.449999809265137,6.651000022888184,6.625025272369385,515412000.0
2020-03-09,5.997499942779541,6.485000133514404,5.954500198364258,6.136000156402588,6.112036228179932,614160000.0
2020-03-10,6.41349983215332,6.5269999504089355,6.149750232696533,6.5269999504089355,6.501506805419922,580648000.0
2020-03-11,6.386499881744385,6.414999961853027,6.0642499923706055,6.161749839782715,6.137685298919678,499964000.0
2020-03-12,5.636499881744385,5.9029998779296875,5.394999980926514,5.407750129699707,5.386630058288574,816540000.0
2020-03-13,5.762499809265137,6.0254998207092285,5.490250110626221,6.020999908447266,5.997485637664795,634836000.0
2020-03-16,5.3102498054504395,5.652500152587891,4.849999904632568,4.909999847412109,4.890824317932129,726972000.0
2020-03-17,5.022749900817871,5.521500110626221,4.775000095367432,5.4317498207092285,5.410536766052246,833632000.0
2020-03-18,5.002500057220459,5.248499870300293,4.517000198364258,5.070499897003174,5.050697326660156,874268000.0
2020-03-19,5.048999786376953,5.41825008392334,4.834750175476074,5.324250221252441,5.303454875946045,765512000.0
2020-03-20,5.474999904632568,5.757999897003174,5.1282501220703125,5.143750190734863,5.123660564422607,804636000.0
2020-03-23,5.142749786376953,5.4120001792907715,4.9629998207092285,5.317249774932861,5.296483039855957,643876000.0
2020-03-24,5.724999904632568,6.316500186920166,5.701250076293945,6.229499816894531,6.20517110824585,1101644000.0
2020-03-25,6.34499979019165,6.545499801635742,6.0914998054504395,6.140500068664551,6.116518974304199,793432000.0
2020-03-26,6.348499774932861,6.555500030517578,6.25,6.431000232696533,6.4058837890625,696108000.0
2020-03-27,6.25,6.578000068664551,6.2170000076293945,6.3182501792907715,6.293574810028076,638828000.0
2020-03-30,6.383999824523926,6.64900016784668,6.339749813079834,6.639750003814697,6.613819122314453,602252000.0
2020-03-31,6.679999828338623,6.885000228881836,6.443749904632568,6.590000152587891,6.564263820648193,949960000.0
2020-04-01,6.391250133514404,6.538249969482422,6.0320000648498535,6.076749801635742,6.0530171394348145,656912000.0
2020-04-02,6.105999946594238,6.400000095367432,6.057750225067139,6.386750221252441,6.3618059158325195,675764000.0
2020-04-03,6.348999977111816,6.390749931335449,5.959750175476074,6.097750186920166,6.0739359855651855,663212000.0
2020-04-06,6.38100004196167,6.747000217437744,6.323249816894531,6.710000038146973,6.683793544769287,727884000.0
2020-04-07,6.932499885559082,6.956250190734863,6.432499885559082,6.475749969482422,6.45045804977417,784520000.0
2020-04-08,6.585249900817871,6.698750019073486,6.514999866485596,6.673749923706055,6.647686004638672,542444000.0
2020-04-09,6.800000190734863,6.822999954223633,6.510499954223633,6.573750019073486,6.548075199127197,525564000.0
2020-04-10,6.800000190734863,6.822999954223633,6.510499954223633,6.573750019073486,6.548075199127197,525564000.0
2020-04-13,6.513750076293945,6.755000114440918,6.425000190734863,6.746250152587891,6.719903469085693,398408000.0
2020-04-14,6.875,7.132999897003174,6.847249984741211,7.098750114440918,7.071025848388672,530948000.0
2020-04-15,6.929999828338623,7.104249954223633,6.884500026702881,7.020999908447266,6.993578910827637,366148000.0
2020-04-16,7.177000045776367,7.474999904632568,7.163750171661377,7.367499828338623,7.3387274742126465,745620000.0
2020-04-17,7.449999809265137,7.471499919891357,7.173500061035156,7.308000087738037,7.279459476470947,539120000.0
2020-04-20,7.181000232696533,7.337500095367432,7.131750106811523,7.176249980926514,7.14822244644165,449388000.0
2020-04-21,7.057750225067139,7.1192498207092285,6.677750110626221,6.737750053405762,6.711435794830322,735160000.0
2020-04-22,6.930749893188477,7.196750164031982,6.885000228881836,7.153749942779541,7.1258111000061035,483356000.0
2020-04-23,7.196000099182129,7.328499794006348,7.074999809265137,7.100249767303467,7.072519779205322,424160000.0
2020-04-24,7.090000152587891,7.2417497634887695,7.014999866485596,7.239749908447266,7.211475372314453,352328000.0
2020-04-27,7.374750137329102,7.587500095367432,7.349999904632568,7.427000045776367,7.397993564605713,479388000.0
2020-04-28,7.574999809265137,7.605000019073486,7.278500080108643,7.283999919891357,7.255552768707275,442904000.0
2020-04-29,7.419250011444092,7.514500141143799,7.34375,7.46150016784668,7.432358264923096,379160000.0
2020-04-30,7.407249927520752,7.46150016784668,7.293000221252441,7.307000160217285,7.2784624099731445,375916000.0
2020-05-01,7.108749866485596,7.222499847412109,7.020999908447266,7.069499969482422,7.041890621185303,342096000.0
2020-05-04,7.021999835968018,7.296000003814697,7.021999835968018,7.282249927520752,7.253808975219727,317556000.0
2020-05-05,7.386750221252441,7.506750106811523,7.282249927520752,7.343500137329102,7.314821243286133,368896000.0
2020-05-06,7.423250198364258,7.550000190734863,7.385250091552734,7.44474983215332,7.415674209594727,323464000.0
2020-05-07,7.584499835968018,7.6852498054504395,7.5329999923706055,7.6217498779296875,7.591983318328857,373732000.0
2020-05-08,7.693749904632568,7.818749904632568,7.659749984741211,7.8125,7.781988143920898,339216000.0
2020-05-11,7.807499885559082,8.112500190734863,7.778749942779541,8.065500259399414,8.0339994430542,469060000.0
2020-05-12,8.123499870300293,8.172499656677246,7.792749881744385,7.802499771118164,7.772027492523193,493060000.0
2020-05-13,7.917500019073486,8.078499794006348,7.594749927520752,7.78000020980835,7.7496161460876465,625852000.0
2020-05-14,7.841750144958496,8.03600025177002,7.6875,8.030500411987305,7.999135971069336,602312000.0
2020-05-15,7.889750003814697,8.500499725341797,7.874000072479248,8.490750312805176,8.457589149475098,987660000.0
2020-05-18,8.760499954223633,8.916500091552734,8.680500030517578,8.750249862670898,8.716073036193848,774460000.0
2020-05-19,8.790249824523926,9.087499618530273,8.762749671936035,8.805500030517578,8.771109580993652,717320000.0
2020-05-20,8.991000175476074,9.043000221252441,8.888750076293945,8.970000267028809,8.934968948364258,587536000.0
2020-05-21,9.05150032043457,9.052499771118164,8.737500190734863,8.775250434875488,8.740982055664062,761068000.0
2020-05-22,8.825249671936035,9.093000411987305,8.713250160217285,9.026249885559082,8.990996360778809,1038764000.0
2020-05-25,8.825249671936035,9.093000411987305,8.713250160217285,9.026249885559082,8.990996360778809,1038764000.0
2020-05-26,9.156749725341797,9.181750297546387,8.67199993133545,8.71774959564209,8.683701515197754,770780000.0
2020-05-27,8.625,8.632749557495117,7.9967498779296875,8.525250434875488,8.49195384979248,1175892000.0
2020-05-28,8.412249565124512,8.760499954223633,8.379249572753906,8.487000465393066,8.453853607177734,734896000.0
2020-05-29,8.554499626159668,8.875499725341797,8.484999656677246,8.875499725341797,8.840835571289062,745256000.0
2020-06-01,8.833250045776367,8.840749740600586,8.689499855041504,8.806249618530273,8.771856307983398,389876000.0
2020-06-02,8.796250343322754,8.837249755859375,8.657999992370605,8.825249671936035,8.790783882141113,391320000.0
2020-06-03,8.822250366210938,8.866250038146973,8.699999809265137,8.769499778747559,8.735248565673828,365440000.0
2020-06-04,8.727999687194824,8.943249702453613,8.677499771118164,8.766500473022461,8.736248970031738,424280000.0
2020-06-05,8.794500350952148,8.996999740600586,8.708000183105469,8.920000076293945,8.889217376708984,481748000.0
2020-06-08,8.877249717712402,8.889749526977539,8.685750007629395,8.805000305175781,8.774615287780762,387736000.0
2020-06-09,8.800000190734863,9.109749794006348,8.751250267028809,9.045999526977539,9.014782905578613,468488000.0
2020-06-10,9.167750358581543,9.5,9.153499603271484,9.36674976348877,9.334427833557129,632180000.0
2020-06-11,9.149999618530273,9.261249542236328,8.78600025177002,8.796250343322754,8.76589298248291,583652000.0
2020-06-12,9.162500381469727,9.187250137329102,8.70324993133545,8.932499885559082,8.901674270629883,570908000.0
2020-06-15,8.815250396728516,9.182250022888184,8.743749618530273,9.173749923706055,9.14209270477295,400004000.0
2020-06-16,9.225000381469727,9.26675033569336,8.838749885559082,9.068499565124512,9.037202835083008,535716000.0
2020-06-17,9.113750457763672,9.298999786376953,9.070249557495117,9.236000061035156,9.20412826538086,408304000.0
2020-06-18,9.22700023651123,9.282500267028809,9.114500045776367,9.218000411987305,9.186189651489258,254408000.0
2020-06-19,9.242500305175781,9.444999694824219,9.227250099182129,9.261249542236328,9.229289054870605,524160000.0
2020-06-22,9.300000190734863,9.53125,9.273249626159668,9.526749610900879,9.493873596191406,398468000.0
2020-06-23,9.550999641418457,9.642499923706055,9.407500267028809,9.449999809265137,9.417387008666992,375108000.0
2020-06-24,9.476249694824219,9.556500434875488,9.144499778747559,9.23550033569336,9.203629493713379,449372000.0
2020-06-25,9.35575008392334,9.505000114440918,9.182250022888184,9.489999771118164,9.45725154876709,376072000.0
2020-06-26,9.5,9.5,9.125,9.154999732971191,9.123407363891602,592084000.0
2020-06-29,9.169750213623047,9.204500198364258,8.899999618530273,9.199999809265137,9.168252944946289,342248000.0
2020-06-30,9.314000129699707,9.526249885559082,9.266500473022461,9.497750282287598,9.464974403381348,367892000.0
2020-07-01,9.520750045776367,9.575750350952148,9.413000106811523,9.529999732971191,9.497113227844238,326648000.0
2020-07-02,9.638999938964844,9.737500190734863,9.57824993133545,9.612250328063965,9.579079627990723,364056000.0
2020-07-03,9.638999938964844,9.737500190734863,9.57824993133545,9.612250328063965,9.579079627990723,364056000.0
2020-07-06,9.74174976348877,9.9087495803833,9.712499618530273,9.839249610900879,9.80529499053955,315892000.0
2020-07-07,9.946249961853027,10.069999694824219,9.850749969482422,9.871749877929688,9.837682723999023,357800000.0
2020-07-08,9.993749618530273,10.225000381469727,9.965499877929688,10.215999603271484,10.180746078491211,365480000.0
2020-07-09,10.380249977111816,10.569999694824219,10.233499526977539,10.508999824523926,10.472733497619629,494548000.0
2020-07-10,10.588749885559082,10.65524959564209,10.37874984741211,10.479249954223633,10.443087577819824,497676000.0
2020-07-13,10.595000267028809,10.79224967956543,10.024999618530273,10.052249908447266,10.017560005187988,457076000.0
2020-07-14,10.074999809265137,10.402750015258789,9.785499572753906,10.376999855041504,10.341187477111816,542676000.0
2020-07-15,10.414250373840332,10.432999610900879,10.055749893188477,10.227250099182129,10.1919584274292,403984000.0
2020-07-16,10.015000343322754,10.20674991607666,9.895500183105469,10.134750366210938,10.099775314331055,344964000.0
2020-07-17,10.225500106811523,10.248499870300293,10.087750434875488,10.201499938964844,10.16629409790039,266284000.0
2020-07-20,10.274250030517578,10.53125,10.156749725341797,10.510749816894531,10.47447681427002,284852000.0
2020-07-21,10.512999534606934,10.5600004196167,10.286749839782715,10.328499794006348,10.292856216430664,277036000.0
2020-07-22,10.367500305175781,10.602499961853027,10.291500091552734,10.438750267028809,10.402728080749512,367292000.0
2020-07-23,10.449999809265137,10.54699993133545,10.03125,10.12975025177002,10.094795227050781,411660000.0
2020-07-24,9.875,10.364749908447266,9.777000427246094,10.194499969482422,10.159317970275879,473292000.0
2020-07-27,10.232250213623047,10.441749572753906,10.21774959564209,10.421500205993652,10.385538101196289,292132000.0
2020-07-28,10.374250411987305,10.381999969482422,10.209250450134277,10.215499877929688,10.180248260498047,271636000.0
2020-07-29,10.39074993133545,10.516249656677246,10.347000122070312,10.465499877929688,10.4293851852417,284508000.0
2020-07-30,10.375,10.623000144958496,10.295249938964844,10.61400032043457,10.577372550964355,308880000.0
2020-07-31,10.563249588012695,10.766500473022461,10.432999610900879,10.614749908447266,10.578118324279785,386080000.0
2020-08-03,10.732500076293945,11.098750114440918,10.715250015258789,11.010250091552734,10.97225284576416,412720000.0
2020-08-04,11.050000190734863,11.227749824523926,10.906000137329102,11.227749824523926,11.189005851745605,310336000.0
2020-08-05,11.244000434875488,11.371749877929688,11.166250228881836,11.286749839782715,11.247800827026367,249924000.0
2020-08-06,11.349749565124512,11.357999801635742,11.178750038146973,11.33549976348877,11.296381950378418,244316000.0
2020-08-07,11.3125,11.50475025177002,11.037500381469727,11.19950008392334,11.160852432250977,342516000.0
2020-08-10,11.334250450134277,11.408249855041504,10.856499671936035,11.164999961853027,11.126469612121582,427796000.0
2020-08-11,11.073749542236328,11.136750221252441,10.79574966430664,10.850000381469727,10.8125581741333,354512000.0
2020-08-12,10.990750312805176,11.467000007629395,10.958250045776367,11.440250396728516,11.400768280029297,464412000.0
2020-08-13,11.545999526977539,11.721750259399414,11.35575008392334,11.442999839782715,11.403509140014648,374460000.0
2020-08-14,11.529999732971191,11.704750061035156,11.440500259399414,11.564000129699707,11.524093627929688,366436000.0
2020-08-17,11.851249694824219,12.409749984741211,11.81725025177002,12.336999893188477,12.294425964355469,621300000.0
2020-08-18,12.449999809265137,12.496000289916992,12.086250305175781,12.260749816894531,12.218440055847168,503448000.0
2020-08-19,12.296500205993652,12.3149995803833,12.097999572753906,12.138500213623047,12.096612930297852,622624000.0
2020-08-20,11.975000381469727,12.375,11.87874984741211,12.140999794006348,12.099101066589355,921388000.0
2020-08-21,12.201749801635742,12.80875015258789,12.195249557495117,12.683500289916992,12.639730453491211,999868000.0
2020-08-24,12.883749961853027,12.912500381469727,12.507499694824219,12.720250129699707,12.676355361938477,490564000.0
2020-08-25,12.630749702453613,12.761249542236328,12.573749542236328,12.75,12.705999374389648,289076000.0
2020-08-26,12.799249649047852,12.868499755859375,12.677749633789062,12.77299976348877,12.728920936584473,321244000.0
2020-08-27,12.781499862670898,12.850000381469727,12.566499710083008,12.628250122070312,12.584671020507812,317604000.0
2020-08-28,12.675000190734863,13.14799976348877,12.642499923706055,13.147749900817871,13.102375984191895,537160000.0
2020-08-31,13.18274974822998,13.574999809265137,13.037750244140625,13.374500274658203,13.328347206115723,500840000.0
2020-09-01,13.479999542236328,13.993749618530273,13.43649959564209,13.821000099182129,13.777424812316895,511316000.0
2020-09-02,14.703749656677246,14.726750373840332,13.899999618530273,14.346500396728516,14.30126953125,874012000.0
2020-09-03,13.828749656677246,13.884499549865723,12.87874984741211,13.01550006866455,12.974465370178223,945128000.0
2020-09-04,12.7837495803833,13.175000190734863,11.704750061035156,12.6225004196167,12.58270263671875,1463684000.0
2020-09-07,12.7837495803833,13.175000190734863,11.704750061035156,12.6225004196167,12.58270263671875,1463684000.0
2020-09-08,11.73449993133545,12.550000190734863,11.70425033569336,11.913000106811523,11.875441551208496,795728000.0
2020-09-09,12.399999618530273,12.809249877929688,12.231749534606934,12.71500015258789,12.67491340637207,736200000.0
2020-09-10,12.989250183105469,13.065250396728516,12.166999816894531,12.311750411987305,12.272933959960938,698684000.0
2020-09-11,12.48550033569336,12.65250015258789,11.895750045776367,12.16450023651123,12.126150131225586,636928000.0
2020-09-14,13.081000328063965,13.3149995803833,12.631250381469727,12.872249603271484,12.831666946411133,1201744000.0
2020-09-15,13.279999732971191,13.298749923706055,12.827750205993652,12.991000175476074,12.950041770935059,727556000.0
2020-09-16,12.957249641418457,13.09274959564209,12.513750076293945,12.51449966430664,12.475044250488281,556384000.0
2020-09-17,12.13224983215332,12.589750289916992,12.034749984741211,12.463500022888184,12.424205780029297,792512000.0
2020-09-18,12.59375,12.632499694824219,11.988750457763672,12.189249992370605,12.1508207321167,698460000.0
2020-09-21,11.925000190734863,12.522500038146973,11.904500007629395,12.517250061035156,12.477787017822266,721044000.0
2020-09-22,12.574999809265137,12.64799976348877,12.155500411987305,12.637749671936035,12.597908973693848,646452000.0
2020-09-23,12.575499534606934,12.72700023651123,12.07925033569336,12.123749732971191,12.085522651672363,647012000.0
2020-09-24,12.072250366210938,12.569499969482422,12.013999938964844,12.347999572753906,12.30906867980957,731240000.0
2020-09-25,12.447500228881836,12.883500099182129,12.245750427246094,12.873749732971191,12.833162307739258,588016000.0
2020-09-28,13.040249824523926,13.051750183105469,12.75,13.03499984741211,12.993902206420898,573808000.0
2020-09-29,12.9375,13.442749977111816,12.933250427246094,13.225749969482422,13.184054374694824,621460000.0
2020-09-30,13.157500267028809,13.6225004196167,13.150250434875488,13.530500411987305,13.487841606140137,689184000.0
2020-10-01,13.758000373840332,13.762749671936035,13.460749626159668,13.614500045776367,13.571578025817871,525004000.0
2020-10-02,13.225000381469727,13.519499778747559,13.050999641418457,13.062250137329102,13.021069526672363,552496000.0
2020-10-05,13.236000061035156,13.64424991607666,13.222749710083008,13.642499923706055,13.599488258361816,479820000.0
2020-10-06,13.829999923706055,14.142000198364258,13.664999961853027,13.736499786376953,13.693194389343262,784420000.0
2020-10-07,13.999750137329102,14.119250297546387,13.863499641418457,13.96399974822998,13.919974327087402,418084000.0
2020-10-08,14.074999809265137,14.084500312805176,13.758000373840332,13.838749885559082,13.795119285583496,378900000.0
2020-10-09,13.767000198364258,13.824250221252441,13.660750389099121,13.762749671936035,13.719358444213867,346892000.0
2020-10-12,13.989500045776367,14.347000122070312,13.912500381469727,14.22599983215332,14.181148529052734,434744000.0
2020-10-13,14.296500205993652,14.34850025177002,14.018750190734863,14.248250007629395,14.203327178955078,344604000.0
2020-10-14,14.290499687194824,14.34274959564209,13.960000038146973,14.095250129699707,14.050810813903809,276100000.0
2020-10-15,13.810750007629395,14.005749702453613,13.767749786376953,13.970000267028809,13.925956726074219,267224000.0
2020-10-16,14.036749839782715,14.121500015258789,13.792499542236328,13.81149959564209,13.76795482635498,242392000.0
2020-10-19,13.902999877929688,13.983499526977539,13.406749725341797,13.497750282287598,13.455193519592285,298068000.0
2020-10-20,13.583499908447266,13.799750328063965,13.506999969482422,13.645500183105469,13.60247802734375,229212000.0
2020-10-21,13.625,13.791500091552734,13.477499961853027,13.524749755859375,13.482110023498535,219596000.0
2020-10-22,13.522500038146973,13.611749649047852,13.231749534606934,13.361000061035156,13.318876266479492,290480000.0
2020-10-23,13.449999809265137,13.593250274658203,13.291250228881836,13.590250015258789,13.547401428222656,233484000.0
2020-10-26,13.427000045776367,13.692749977111816,13.03849983215332,13.141249656677246,13.099818229675293,336896000.0
2020-10-27,13.305999755859375,13.442000389099121,13.191499710083008,13.396750450134277,13.354514122009277,250520000.0
2020-10-28,13.197999954223633,13.260000228881836,12.609000205993652,12.626999855041504,12.58719253540039,376520000.0
2020-10-29,12.838500022888184,13.192749977111816,12.75,13.02400016784668,12.982938766479492,320080000.0
2020-10-30,12.850000381469727,12.93649959564209,12.300000190734863,12.534000396728516,12.494483947753906,416820000.0
2020-11-02,12.657750129699707,12.836750030517578,12.395000457763672,12.580750465393066,12.541085243225098,299652000.0
2020-11-03,12.708499908447266,13.104999542236328,12.602749824523926,13.019499778747559,12.9784517288208,272900000.0
2020-11-04,13.389249801635742,13.827500343322754,13.336999893188477,13.794249534606934,13.750757217407227,410228000.0
2020-11-05,14.162500381469727,14.33899974822998,13.991000175476074,14.15999984741211,14.11535930633545,319028000.0
2020-11-06,14.109749794006348,14.588749885559082,13.895000457763672,14.562000274658203,14.516090393066406,383348000.0
2020-11-09,14.552499771118164,14.691499710083008,13.610750198364258,13.630749702453613,13.587775230407715,582976000.0
2020-11-10,13.606499671936035,13.606499671936035,12.628250122070312,12.770000457763672,12.729742050170898,644068000.0
2020-11-11,13.053750038146973,13.4350004196167,12.948249816894531,13.418000221252441,13.375696182250977,404744000.0
2020-11-12,13.479000091552734,13.765999794006348,13.315999984741211,13.45674991607666,13.414325714111328,365812000.0
2020-11-13,13.627249717712402,13.668749809265137,13.059249877929688,13.29699993133545,13.255078315734863,346312000.0
2020-11-16,13.172499656677246,13.649499893188477,13.156000137329102,13.515250205993652,13.472640037536621,413776000.0
2020-11-17,13.552499771118164,13.5962495803833,13.303750038146973,13.422249794006348,13.37993335723877,312028000.0
2020-11-18,13.465250015258789,13.60575008392334,13.1850004196167,13.428750038146973,13.386412620544434,510924000.0
2020-11-19,13.212750434875488,13.487500190734863,13.100000381469727,13.440250396728516,13.397875785827637,565936000.0
2020-11-20,13.454000473022461,13.494500160217285,13.0649995803833,13.087750434875488,13.046485900878906,341088000.0
2020-11-23,13.171250343322754,13.382499694824219,13.01550006866455,13.140000343322754,13.0985746383667,361356000.0
2020-11-24,13.142499923706055,13.161999702453613,12.885000228881836,12.95775032043457,12.916897773742676,346500000.0
2020-11-25,13.032500267028809,13.269499778747559,13.020000457763672,13.234749794006348,13.193024635314941,259916000.0
2020-11-26,13.032500267028809,13.269499778747559,13.020000457763672,13.234749794006348,13.193024635314941,259916000.0
2020-11-27,13.375,13.407500267028809,13.170499801635742,13.261249542236328,13.219441413879395,167276000.0
2020-11-30,13.265000343322754,13.412500381469727,12.972249984741211,13.40149974822998,13.359247207641602,286952000.0
2020-12-01,13.492250442504883,13.5287504196167,13.228249549865723,13.390000343322754,13.347784042358398,296948000.0
2020-12-02,13.350500106811523,13.673500061035156,13.23425006866455,13.544500350952148,13.501795768737793,283360000.0
2020-12-03,13.587499618530273,13.65999984741211,13.329000473022461,13.395999908447266,13.357711791992188,199520000.0
2020-12-04,13.44849967956543,13.5600004196167,13.388750076293945,13.558250427246094,13.519498825073242,202244000.0
2020-12-07,13.601249694824219,13.731249809265137,13.5,13.606749534606934,13.56785774230957,223244000.0
2020-12-08,13.585000038146973,13.598750114440918,13.281499862670898,13.350000381469727,13.31184196472168,271920000.0
2020-12-09,13.30049991607666,13.413999557495117,12.868249893188477,12.930749893188477,12.89378833770752,401300000.0
2020-12-10,12.869000434875488,13.068750381469727,12.849499702453613,12.972249984741211,12.935172080993652,207764000.0
2020-12-11,12.967249870300293,13.020000457763672,12.822999954223633,13.013250350952148,12.976055145263672,209264000.0
2020-12-14,13.088000297546387,13.388750076293945,13.077500343322754,13.30875015258789,13.270709991455078,270156000.0
2020-12-15,13.439749717712402,13.46399974822998,13.186750411987305,13.36050033569336,13.32231330871582,193016000.0
2020-12-16,13.422499656677246,13.437250137329102,13.212499618530273,13.242500305175781,13.20465087890625,223116000.0
2020-12-17,13.36674976348877,13.379500389099121,13.178500175476074,13.3412504196167,13.303116798400879,231384000.0
2020-12-18,13.378999710083008,13.404999732971191,13.070500373840332,13.272000312805176,13.234065055847168,342064000.0
2020-12-21,13.074749946594238,13.369999885559082,12.967499732971191,13.332249641418457,13.294139862060547,302332000.0
2020-12-22,13.319250106811523,13.337249755859375,13.053999900817871,13.278249740600586,13.2402982711792,185580000.0
2020-12-23,13.255999565124512,13.274999618530273,13.005000114440918,13.009249687194824,12.972064971923828,179144000.0
2020-12-24,13.037249565124512,13.132499694824219,12.938750267028809,12.993749618530273,12.956608772277832,97884000.0
2020-12-25,13.037249565124512,13.132499694824219,12.938750267028809,12.993749618530273,12.956608772277832,97884000.0
2020-12-28,13.0625,13.0625,12.763250350952148,12.899999618530273,12.863129615783691,212564000.0
2020-12-29,12.925000190734863,13.072500228881836,12.842249870300293,12.943249702453613,12.90625286102295,170372000.0
2020-12-30,12.990249633789062,13.213749885559082,12.896750450134277,13.145750045776367,13.108175277709961,225396000.0
2020-12-31,13.136500358581543,13.151000022888184,12.914999961853027,13.055000305175781,13.01768684387207,192424000.0
2021-01-01,13.136500358581543,13.151000022888184,12.914999961853027,13.055000305175781,13.01768684387207,192424000.0
2021-01-04,13.104249954223633,13.65250015258789,12.962499618530273,13.113499641418457,13.076019287109375,560640000.0
2021-01-05,13.099749565124512,13.443499565124512,13.086999893188477,13.404749870300293,13.366434097290039,322760000.0
2021-01-06,13.22249984741211,13.244999885559082,12.586000442504883,12.614500045776367,12.578445434570312,580424000.0
2021-01-07,12.967499732971191,13.377750396728516,12.886500358581543,13.343999862670898,13.30586051940918,461480000.0
2021-01-08,13.362500190734863,13.420999526977539,13.041999816894531,13.276749610900879,13.23880386352539,292528000.0
2021-01-11,13.418749809265137,13.961000442504883,13.362500190734863,13.621500015258789,13.58256721496582,518344000.0
2021-01-12,13.7524995803833,13.754500389099121,13.345000267028809,13.484749794006348,13.446207046508789,291476000.0
2021-01-13,13.489999771118164,13.625,13.385000228881836,13.531749725341797,13.493070602416992,210028000.0
2021-01-14,13.574999809265137,13.599749565124512,13.180500030517578,13.200249671936035,13.162517547607422,283120000.0
2021-01-15,13.227999687194824,13.325249671936035,12.84850025177002,12.85949993133545,12.822744369506836,277780000.0
2021-01-18,13.227999687194824,13.325249671936035,12.84850025177002,12.85949993133545,12.822744369506836,277780000.0
2021-01-19,13.016249656677246,13.093999862670898,12.843999862670898,13.025250434875488,12.988018989562988,226188000.0
2021-01-20,13.111749649047852,13.430500030517578,13.056750297546387,13.365750312805176,13.327546119689941,258572000.0
2021-01-21,13.418499946594238,13.999250411987305,13.253000259399414,13.867500305175781,13.827864646911621,337780000.0
2021-01-22,13.739999771118164,13.841750144958496,13.627249717712402,13.712499618530273,13.67330551147461,246820000.0
2021-01-25,13.781749725341797,13.828499794006348,13.236499786376953,13.653249740600586,13.61422348022461,251112000.0
2021-01-26,13.580499649047852,13.644749641418457,13.387499809265137,13.435250282287598,13.396849632263184,163980000.0
2021-01-27,13.229999542236328,13.232749938964844,12.793749809265137,12.917750358581543,12.880828857421875,371272000.0
2021-01-28,12.99625015258789,13.339750289916992,12.96049976348877,13.050999641418457,13.013694763183594,228316000.0
2021-01-29,13.074999809265137,13.334750175476074,12.911499977111816,12.989749908447266,12.952622413635254,271552000.0
2021-02-01,13.053250312805176,13.270750045776367,12.902750015258789,13.237000465393066,13.199165344238281,217204000.0
2021-02-02,13.398750305175781,13.571999549865723,13.285499572753906,13.556750297546387,13.518001556396484,220440000.0
2021-02-03,13.63599967956543,13.931750297546387,13.516500473022461,13.530500411987305,13.491827011108398,245408000.0
2021-02-04,13.531000137329102,13.673500061035156,13.337750434875488,13.664250373840332,13.62519359588623,201340000.0
2021-02-05,13.725000381469727,13.737250328063965,13.54574966430664,13.590999603271484,13.552154541015625,169152000.0
2021-02-08,13.727250099182129,14.473750114440918,13.727250099182129,14.438750267028809,14.397480964660645,434624000.0
2021-02-09,14.340749740600586,14.583250045776367,14.22249984741211,14.263250350952148,14.22248363494873,287560000.0
2021-02-10,14.463250160217285,14.904999732971191,14.341500282287598,14.764249801635742,14.722050666809082,485352000.0
2021-02-11,14.980250358581543,15.272250175476074,14.925000190734863,15.250749588012695,15.207159042358398,450828000.0
2021-02-12,15.050000190734863,15.291250228881836,14.774999618530273,14.961250305175781,14.918485641479492,374756000.0
2021-02-15,15.050000190734863,15.291250228881836,14.774999618530273,14.961250305175781,14.918485641479492,374756000.0
2021-02-16,15.064249992370605,15.3725004196167,14.949999809265137,15.330249786376953,15.286431312561035,321960000.0
2021-02-17,15.170999526977539,15.22350025177002,14.779999732971191,14.906000137329102,14.863393783569336,274756000.0
2021-02-18,14.729000091552734,14.873250007629395,14.574999809265137,14.829000473022461,14.786616325378418,233868000.0
2021-02-19,15.024499893188477,15.177000045776367,14.846750259399414,14.92650032043457,14.883838653564453,271724000.0
2021-02-22,14.774749755859375,15.13325023651123,14.324999809265137,14.35575008392334,14.314716339111328,325884000.0
2021-02-23,14.075249671936035,14.238750457763672,13.38949966430664,14.142000198364258,14.101577758789062,391780000.0
2021-02-24,14.122750282287598,14.506750106811523,13.755999565124512,14.49899959564209,14.457558631896973,448320000.0
2021-02-25,14.045499801635742,14.374750137329102,13.2162504196167,13.307499885559082,13.269463539123535,824436000.0
2021-02-26,13.7524995803833,13.854499816894531,13.361000061035156,13.714500427246094,13.675300598144531,500932000.0
2021-03-01,13.875,13.925000190734863,13.553250312805176,13.841750144958496,13.802186012268066,353184000.0
2021-03-02,13.899999618530273,13.920499801635742,13.395999908447266,13.40625,13.36793041229248,264116000.0
2021-03-03,13.426250457763672,13.451499938964844,12.798749923706055,12.804750442504883,12.768147468566895,377592000.0
2021-03-04,12.800749778747559,12.975000381469727,12.083749771118164,12.37024974822998,12.334893226623535,573344000.0
2021-03-05,12.550000190734863,12.550000190734863,11.67924976348877,12.46150016784668,12.425880432128906,542840000.0
2021-03-08,12.449999809265137,12.4712495803833,11.566499710083008,11.593250274658203,11.560113906860352,543112000.0
2021-03-09,12.130249977111816,12.61674976348877,12.059249877929688,12.52025032043457,12.48877239227295,521824000.0
2021-03-10,12.840499877929688,12.979999542236328,12.457500457763672,12.468250274658203,12.436903953552246,384376000.0
2021-03-11,12.949999809265137,13.046250343322754,12.73449993133545,12.993499755859375,12.960829734802246,299916000.0
2021-03-12,12.648249626159668,12.888750076293945,12.59000015258789,12.855999946594238,12.823676109313965,243964000.0
2021-03-15,12.864749908447266,13.20674991607666,12.767250061035156,13.19124984741211,13.158086776733398,221988000.0
2021-03-16,13.356499671936035,13.512499809265137,13.11674976348877,13.291250228881836,13.257834434509277,272128000.0
2021-03-17,13.039750099182129,13.45324993133545,12.989500045776367,13.3412504196167,13.307707786560059,243864000.0
2021-03-18,13.136500358581543,13.184000015258789,12.717000007629395,12.72249984741211,12.69051456451416,293896000.0
2021-03-19,12.75,12.921500205993652,12.612500190734863,12.845749855041504,12.813454627990723,299208000.0
2021-03-22,12.912750244140625,13.394499778747559,12.906749725341797,13.186249732971191,13.153097152709961,297804000.0
2021-03-23,13.254249572753906,13.344499588012695,13.021249771118164,13.07075023651123,13.03788948059082,222048000.0
2021-03-24,13.151249885559082,13.159250259399414,12.636750221252441,12.642999649047852,12.611213684082031,245840000.0
2021-03-25,12.499500274658203,12.714750289916992,12.272000312805176,12.535249710083008,12.503734588623047,295144000.0
2021-03-26,12.554499626159668,12.856249809265137,12.373499870300293,12.839249610900879,12.80696964263916,363968000.0
2021-03-29,12.820249557495117,13.0625,12.699999809265137,12.948249816894531,12.915695190429688,273520000.0
2021-03-30,12.842000007629395,12.975250244140625,12.704999923706055,12.871749877929688,12.839390754699707,200204000.0
2021-03-31,13.01550006866455,13.470499992370605,12.982500076293945,13.348250389099121,13.314691543579102,314776000.0
2021-04-01,13.572250366210938,13.869999885559082,13.511249542236328,13.811750411987305,13.777027130126953,308276000.0
2021-04-02,13.572250366210938,13.869999885559082,13.511249542236328,13.811750411987305,13.777027130126953,308276000.0
2021-04-05,13.867500305175781,14.013999938964844,13.732999801635742,13.987500190734863,13.952333450317383,255672000.0
2021-04-06,13.999750137329102,14.05424976348877,13.773500442504883,13.861499786376953,13.826648712158203,191744000.0
2021-04-07,13.880749702453613,14.243499755859375,13.71150016784668,14.143500328063965,14.107940673828125,251284000.0
2021-04-08,14.252750396728516,14.471500396728516,14.24899959564209,14.317000389099121,14.281006813049316,244416000.0
2021-04-09,14.21399974822998,14.407999992370605,14.175000190734863,14.399999618530273,14.36379623413086,195172000.0
2021-04-12,14.289750099182129,15.352499961853027,14.139249801635742,15.208999633789062,15.170762062072754,869324000.0
2021-04-13,15.231499671936035,15.699999809265137,15.125749588012695,15.679499626159668,15.640081405639648,676212000.0
2021-04-14,15.625,15.720499992370605,15.227499961853027,15.277000427246094,15.238591194152832,385500000.0
2021-04-15,15.662500381469727,16.214250564575195,15.631500244140625,16.137250900268555,16.0966796875,598480000.0
2021-04-16,16.05299949645996,16.16575050354004,15.865249633789062,15.912500381469727,15.872495651245117,335208000.0
2021-04-19,15.536499977111816,15.807499885559082,15.232999801635742,15.361749649047852,15.323127746582031,404420000.0
2021-04-20,15.323249816894531,15.496999740600586,14.963000297546387,15.171250343322754,15.133109092712402,334132000.0
2021-04-21,15.118749618530273,15.362500190734863,15.102250099182129,15.36050033569336,15.321881294250488,216776000.0
2021-04-22,15.375,15.43850040435791,14.783499717712402,14.850250244140625,14.812915802001953,277788000.0
2021-04-23,14.934249877929688,15.335000038146973,14.900250434875488,15.265250205993652,15.226872444152832,227500000.0
2021-04-26,15.1850004196167,15.479000091552734,15.125,15.477999687194824,15.439090728759766,197796000.0
2021-04-27,15.578499794006348,15.670499801635742,15.354499816894531,15.381750106811523,15.34307861328125,164572000.0
2021-04-28,15.364500045776367,15.53225040435791,15.215499877929688,15.276749610900879,15.23834228515625,209416000.0
2021-04-29,15.399999618530273,15.43649959564209,15.071499824523926,15.324749946594238,15.286222457885742,173196000.0
2021-04-30,15.174500465393066,15.364999771118164,14.996999740600586,15.009499549865723,14.971766471862793,201912000.0
2021-05-03,15.125,15.246749877929688,14.787500381469727,14.836750030517578,14.799448013305664,203912000.0
2021-05-04,14.637249946594238,14.637499809265137,14.010250091552734,14.351249694824219,14.315170288085938,405324000.0
2021-05-05,14.708999633789062,14.81350040435791,14.387499809265137,14.458499908447266,14.422150611877441,292024000.0
2021-05-06,14.49524974822998,14.571249961853027,14.218000411987305,14.52299976348877,14.486488342285156,193380000.0
2021-05-07,14.808250427246094,14.970749855041504,14.67175006866455,14.812250137329102,14.775010108947754,229328000.0
2021-05-10,14.787249565124512,14.805999755859375,14.25,14.26574993133545,14.229883193969727,268904000.0
2021-05-11,13.824999809265137,14.35474967956543,13.75,14.306249618530273,14.270281791687012,285584000.0
2021-05-12,14.009499549865723,14.260250091552734,13.709250450134277,13.758500099182129,13.723908424377441,303408000.0
2021-05-13,14.0337495803833,14.080750465393066,13.458999633789062,13.665249824523926,13.63089370727539,285404000.0
2021-05-14,13.890000343322754,14.32800006866455,13.748499870300293,14.243000030517578,14.207194328308105,258616000.0
2021-05-17,14.156999588012695,14.169249534606934,13.853500366210938,14.165499687194824,14.12988567352295,216980000.0
2021-05-18,14.267000198364258,14.404250144958496,14.003999710083008,14.01574993133545,13.980511665344238,186256000.0
2021-05-19,13.566499710083008,14.079500198364258,13.54325008392334,14.065750122070312,14.030387878417969,344000000.0
2021-05-20,14.302499771118164,14.68375015258789,14.270500183105469,14.612500190734863,14.575764656066895,321592000.0
2021-05-21,15.163749694824219,15.222000122070312,14.869500160217285,14.99174976348877,14.954060554504395,672992000.0
2021-05-24,15.212499618530273,15.744999885559082,15.175999641418457,15.612000465393066,15.572751998901367,554816000.0
2021-05-25,15.765999794006348,15.818499565124512,15.482500076293945,15.647749900817871,15.608409881591797,435408000.0
2021-05-26,15.73425006866455,15.793749809265137,15.586250305175781,15.699999809265137,15.660527229309082,370440000.0
2021-05-27,15.699749946594238,15.75,15.460000038146973,15.48799991607666,15.44906234741211,581476000.0
2021-05-28,15.50100040435791,16.27750015258789,15.50100040435791,16.24449920654297,16.20366096496582,644536000.0
2021-05-31,15.50100040435791,16.27750015258789,15.50100040435791,16.24449920654297,16.20366096496582,644536000.0
2021-06-01,16.270000457763672,16.38825035095215,15.903249740600586,16.26449966430664,16.223609924316406,472804000.0
2021-06-02,16.25225067138672,16.918750762939453,16.23550033569336,16.778249740600586,16.73607063293457,594168000.0
2021-06-03,16.70075035095215,17.259000778198242,16.58300018310547,16.969749450683594,16.92708396911621,580008000.0
2021-06-04,17.112499237060547,17.660999298095703,17.095500946044922,17.578250885009766,17.5340576171875,617120000.0
2021-06-07,17.571250915527344,17.8125,17.192750930786133,17.618999481201172,17.57469940185547,575756000.0
2021-06-08,17.527250289916992,17.62150001525879,17.250999450683594,17.457000732421875,17.413110733032227,323848000.0
2021-06-09,17.515750885009766,17.575000762939453,17.25575065612793,17.35824966430664,17.318578720092773,381656000.0
2021-06-10,17.350000381469727,17.492000579833984,17.176000595092773,17.424999237060547,17.385175704956055,287772000.0
2021-06-11,17.47949981689453,17.939250946044922,17.443750381469727,17.82525062561035,17.784507751464844,416308000.0
2021-06-14,17.9060001373291,18.039499282836914,17.662750244140625,18.018749237060547,17.97756576538086,321376000.0
2021-06-15,17.915000915527344,18.016250610351562,17.72800064086914,17.78849983215332,17.747844696044922,243032000.0
2021-06-16,17.79075050354004,17.954750061035156,17.58449935913086,17.81024932861328,17.76954460144043,307124000.0
2021-06-17,17.774499893188477,18.834999084472656,17.756250381469727,18.657249450683594,18.61461067199707,809656000.0
2021-06-18,18.784000396728516,19.375,18.583999633789062,18.638750076293945,18.596153259277344,968856000.0
2021-06-21,18.43524932861328,18.536500930786133,17.822750091552734,18.427249908447266,18.3851318359375,672384000.0
2021-06-22,18.471500396728516,18.9637508392334,18.38599967956543,18.886749267578125,18.843585968017578,580144000.0
2021-06-23,19.007749557495117,19.15275001525879,18.90774917602539,19.057249069213867,19.01369285583496,332356000.0
2021-06-24,19.227750778198242,19.420000076293945,19.08824920654297,19.20549964904785,19.161603927612305,320924000.0
2021-06-25,19.280500411987305,19.345500946044922,18.894500732421875,19.0310001373291,18.987506866455078,278364000.0
2021-06-28,19.361249923706055,20.078750610351562,19.319000244140625,19.985000610351562,19.9393253326416,495436000.0
2021-06-29,19.88249969482422,20.0987491607666,19.656999588012695,20.026750564575195,19.980979919433594,367632000.0
2021-06-30,19.999250411987305,20.162500381469727,19.863750457763672,20.002500534057617,19.956785202026367,326568000.0
2021-07-01,20.125,20.45599937438965,20.018999099731445,20.211999893188477,20.16580581665039,480136000.0
2021-07-02,20.440250396728516,20.505250930786133,20.287750244140625,20.48699951171875,20.4401798248291,342764000.0
2021-07-05,20.440250396728516,20.505250930786133,20.287750244140625,20.48699951171875,20.4401798248291,342764000.0
2021-07-06,20.737499237060547,20.841999053955078,20.350250244140625,20.69849967956543,20.65119171142578,446708000.0
2021-07-07,20.853500366210938,20.875,20.332000732421875,20.371749877929688,20.325193405151367,418428000.0
2021-07-08,19.85650062561035,20.132999420166016,19.70075035095215,19.90275001525879,19.857261657714844,503300000.0
2021-07-09,19.962499618530273,20.080249786376953,19.754249572753906,20.050249099731445,20.004419326782227,296624000.0
2021-07-12,20.239999771118164,20.53274917602539,20.1877498626709,20.512500762939453,20.465621948242188,321984000.0
2021-07-13,20.40049934387207,20.46125030517578,20.11400032043457,20.25,20.203718185424805,290708000.0
2021-07-14,20.357749938964844,20.417749404907227,19.752750396728516,19.84149932861328,19.796152114868164,380100000.0
2021-07-15,19.811750411987305,19.847000122070312,18.85849952697754,18.966249465942383,18.922901153564453,550564000.0
2021-07-16,19.030500411987305,19.156999588012695,18.072999954223633,18.160999298095703,18.11949348449707,688224000.0
2021-07-19,17.915250778198242,19.04199981689453,17.86549949645996,18.77975082397461,18.736831665039062,749060000.0
2021-07-20,18.729999542236328,18.83799934387207,18.163999557495117,18.61199951171875,18.569459915161133,434687000.0
2021-07-21,18.881999969482422,19.527000427246094,18.742000579833984,19.40999984741211,19.365638732910156,371017000.0
2021-07-22,19.642000198364258,19.886999130249023,19.275999069213867,19.5939998626709,19.549217224121094,323826000.0
2021-07-23,19.6560001373291,19.700000762939453,19.25,19.558000564575195,19.513301849365234,195672000.0
2021-07-26,19.31100082397461,19.441999435424805,18.913999557495117,19.29400062561035,19.249902725219727,203943000.0
2021-07-27,19.264999389648438,19.621999740600586,18.740999221801758,19.20800018310547,19.164100646972656,248863000.0
2021-07-28,19.319000244140625,19.645999908447266,18.9950008392334,19.503000259399414,19.458423614501953,202191000.0
2021-07-29,19.518999099731445,19.85300064086914,19.327999114990234,19.66200065612793,19.617063522338867,190781000.0
2021-07-30,19.417999267578125,19.6299991607666,19.26300048828125,19.499000549316406,19.454435348510742,183497000.0
2021-08-02,19.700000762939453,19.961000442504883,19.361000061035156,19.75,19.704862594604492,217444000.0
2021-08-03,19.739999771118164,20.222000122070312,19.219999313354492,19.815000534057617,19.76971435546875,301811000.0
2021-08-04,19.989999771118164,20.31800079345703,19.827999114990234,20.27400016784668,20.227663040161133,231309000.0
2021-08-05,20.5,20.732999801635742,20.341999053955078,20.636999130249023,20.589832305908203,211435000.0
2021-08-06,20.52400016784668,20.56999969482422,20.209999084472656,20.365999221801758,20.3194522857666,178497000.0
2021-08-09,20.445999145507812,20.507999420166016,20.14299964904785,20.295000076293945,20.248611450195312,146443000.0
2021-08-10,20.32200050354004,20.43000030517578,19.834999084472656,19.93600082397461,19.89043617248535,179238000.0
2021-08-11,20.042999267578125,20.048999786376953,19.43000030517578,19.698999404907227,19.653980255126953,185925000.0
2021-08-12,19.8700008392334,20.02899932861328,19.6200008392334,19.905000686645508,19.859508514404297,151652000.0
2021-08-13,19.905000686645508,20.214000701904297,19.85099983215332,20.187999725341797,20.141857147216797,183063000.0
2021-08-16,20.135000228881836,20.28700065612793,19.452999114990234,19.950000762939453,19.904409408569336,210876000.0
2021-08-17,19.684999465942383,19.770000457763672,19.267000198364258,19.45800018310547,19.413530349731445,204585000.0
2021-08-18,19.5,19.634000778198242,19.0,19.040000915527344,18.99648666381836,285913000.0
2021-08-19,19.493999481201172,20.4950008392334,18.761999130249023,19.79800033569336,19.75275230407715,766555000.0
2021-08-20,19.990999221801758,20.864999771118164,19.933000564575195,20.81599998474121,20.7684268951416,675741000.0
2021-08-23,20.97100067138672,21.996999740600586,20.950000762939453,21.95800018310547,21.90781593322754,575807000.0
2021-08-24,21.753000259399414,21.958999633789062,21.53499984741211,21.792999267578125,21.743192672729492,297299000.0
2021-08-25,21.73699951171875,22.469999313354492,21.722000122070312,22.21299934387207,22.1622314453125,347701000.0
2021-08-26,22.200000762939453,22.34000015258789,21.790000915527344,22.06800079345703,22.017562866210938,237940000.0
2021-08-27,22.18400001525879,22.722000122070312,22.16699981689453,22.63599967956543,22.584264755249023,304722000.0
2021-08-30,22.829999923706055,23.042999267578125,22.551000595092773,22.687999725341797,22.636146545410156,262580000.0
2021-08-31,22.69499969482422,22.69499969482422,22.1200008392334,22.385000228881836,22.337778091430664,259850000.0
2021-09-01,22.485000610351562,22.69700050354004,22.35700035095215,22.44099998474121,22.393657684326172,201767000.0
2021-09-02,22.51799964904785,22.593000411987305,22.295000076293945,22.395999908447266,22.348751068115234,187834000.0
2021-09-03,22.325000762939453,22.986000061035156,22.200000762939453,22.843000411987305,22.79481315612793,280532000.0
2021-09-06,22.325000762939453,22.986000061035156,22.200000762939453,22.843000411987305,22.79481315612793,280532000.0
2021-09-07,22.83300018310547,22.89900016784668,22.52199935913086,22.66200065612793,22.614192962646484,198107000.0
2021-09-08,22.51300048828125,22.610000610351562,21.976999282836914,22.339000701904297,22.2918758392334,254434000.0
2021-09-09,22.312000274658203,22.538000106811523,22.131000518798828,22.177000045776367,22.130218505859375,196856000.0
2021-09-10,22.347999572753906,22.625999450683594,22.270000457763672,22.47800064086914,22.43058204650879,248376000.0
2021-09-13,22.68400001525879,22.964000701904297,21.857999801635742,22.152000427246094,22.105268478393555,297500000.0
2021-09-14,22.274999618530273,22.40999984741211,22.086000442504883,22.242000579833984,22.195079803466797,199755000.0
2021-09-15,22.30900001525879,22.367000579833984,21.965999603271484,22.340999603271484,22.293869018554688,166538000.0
2021-09-16,22.183000564575195,22.277000427246094,21.927000045776367,22.242000579833984,22.195079803466797,156033000.0
2021-09-17,22.299999237060547,22.320999145507812,21.829999923706055,21.899999618530273,21.853797912597656,294503000.0
2021-09-20,21.145999908447266,21.433000564575195,20.66200065612793,21.113000869750977,21.068462371826172,349440000.0
2021-09-21,21.41699981689453,21.424999237060547,20.950000762939453,21.246000289916992,21.20117950439453,204688000.0
2021-09-22,21.365999221801758,21.959999084472656,21.195999145507812,21.94099998474121,21.894716262817383,268726000.0
2021-09-23,22.139999389648438,22.53499984741211,21.889999389648438,22.48200035095215,22.4345703125,248555000.0
2021-09-24,22.06999969482422,22.14900016784668,21.861000061035156,22.08099937438965,22.0344181060791,217655000.0
2021-09-27,21.709999084472656,21.798999786376953,21.325000762939453,21.65999984741211,21.614307403564453,245215000.0
2021-09-28,21.214000701904297,21.41900062561035,20.650999069213867,20.698999404907227,20.655332565307617,343069000.0
2021-09-29,20.940000534057617,21.017000198364258,20.466999053955078,20.517000198364258,20.473716735839844,218394000.0
2021-09-30,20.76799964904785,21.06599998474121,20.687999725341797,20.715999603271484,20.67229652404785,221009000.0
2021-10-01,20.75,20.858999252319336,20.202999114990234,20.742000579833984,20.6982421875,240978000.0
2021-10-04,20.503999710083008,20.54199981689453,19.55500030517578,19.73200035095215,19.690378189086914,345635000.0
2021-10-05,19.950000762939453,20.648000717163086,19.854000091552734,20.451000213623047,20.40786361694336,279282000.0
2021-10-06,20.1200008392334,20.719999313354492,20.079999923706055,20.700000762939453,20.65633201599121,297202000.0
2021-10-07,21.091999053955078,21.32200050354004,20.972000122070312,21.075000762939453,21.030540466308594,256919000.0
2021-10-08,21.10099983215332,21.20599937438965,20.774999618530273,20.83099937438965,20.78705596923828,151258000.0
2021-10-11,20.575000762939453,21.062999725341797,20.51099967956543,20.69499969482422,20.651348114013672,163388000.0
2021-10-12,20.827999114990234,21.05699920654297,20.527999877929688,20.67099952697754,20.627391815185547,162134000.0
2021-10-13,20.917999267578125,20.989999771118164,20.71299934387207,20.93899917602539,20.894826889038086,180652000.0
2021-10-14,21.288000106811523,21.7549991607666,21.121999740600586,21.746000289916992,21.700124740600586,243589000.0
2021-10-15,21.809999465942383,21.930999755859375,21.66200065612793,21.86199951171875,21.81588363647461,226994000.0
2021-10-18,21.749000549316406,22.291000366210938,21.643999099731445,22.222000122070312,22.17512321472168,189494000.0
2021-10-19,22.275999069213867,22.378999710083008,22.03700065612793,22.290000915527344,22.24298095703125,161473000.0
2021-10-20,22.30500030517578,22.433000564575195,21.98200035095215,22.10300064086914,22.05637550354004,146276000.0
2021-10-21,22.097000122070312,22.711000442504883,22.08300018310547,22.691999435424805,22.64413070678711,187590000.0
2021-10-22,22.822999954223633,23.1299991607666,22.56100082397461,22.72599983215332,22.67806053161621,249384000.0
2021-10-25,22.972999572753906,23.354999542236328,22.770000457763672,23.166000366210938,23.11713409423828,230235000.0
2021-10-26,23.98900032043457,25.259000778198242,23.923999786376953,24.716999053955078,24.664859771728516,485898000.0
2021-10-27,24.474000930786133,25.09000015258789,24.281999588012695,24.451000213623047,24.3994140625,245990000.0
2021-10-28,24.878000259399414,24.950000762939453,24.523000717163086,24.94099998474121,24.888381958007812,234204000.0
2021-10-29,25.000999450683594,25.708999633789062,25.0,25.566999435424805,25.513065338134766,292503000.0
2021-11-01,25.64900016784668,25.893999099731445,25.226999282836914,25.82699966430664,25.77251434326172,265740000.0
2021-11-02,25.82200050354004,26.67799949645996,25.799999237060547,26.400999069213867,26.34530258178711,294112000.0
2021-11-03,26.670000076293945,26.784000396728516,26.235000610351562,26.597999572753906,26.54189109802246,239910000.0
2021-11-04,27.229000091552734,31.364999771118164,27.118000030517578,29.801000595092773,29.73813247680664,1153631000.0
2021-11-05,30.187000274658203,31.399999618530273,29.40999984741211,29.75200080871582,29.689237594604492,851260000.0
2021-11-08,30.14900016784668,31.100000381469727,29.906999588012695,30.804000854492188,30.7390193939209,503101000.0
2021-11-09,32.28200149536133,32.310001373291016,29.964000701904297,30.656999588012695,30.592327117919922,646746000.0
2021-11-10,29.356000900268555,30.850000381469727,28.777999877929688,29.458999633789062,29.3968563079834,636206000.0
2021-11-11,30.468000411987305,30.59000015258789,29.777000427246094,30.389999389648438,30.325889587402344,332172000.0
2021-11-12,30.010000228881836,30.68000030517578,29.6299991607666,30.389999389648438,30.325889587402344,413054000.0
2021-11-15,30.552000045776367,30.643999099731445,29.246999740600586,30.024999618530273,29.96165657043457,384909000.0
2021-11-16,29.759000778198242,30.389999389648438,29.70599937438965,30.202999114990234,30.1392822265625,264484000.0
2021-11-17,30.417999267578125,30.509000778198242,28.799999237060547,29.26099967956543,29.19927406311035,428508000.0
2021-11-18,32.367000579833984,32.7599983215332,31.320999145507812,31.674999237060547,31.608179092407227,781711000.0
2021-11-19,32.24300003051758,33.0880012512207,31.905000686645508,32.98500061035156,32.9154167175293,533867000.0
2021-11-22,33.516998291015625,34.64699935913086,31.899999618530273,31.95599937438965,31.88858413696289,754335000.0
2021-11-23,31.53499984741211,32.36000061035156,30.8799991607666,31.746000289916992,31.679025650024414,532163000.0
2021-11-24,31.461000442504883,32.85499954223633,30.92799949645996,32.67399978637695,32.60507583618164,435162000.0
2021-11-25,31.461000442504883,32.85499954223633,30.92799949645996,32.67399978637695,32.60507583618164,435162000.0
2021-11-26,32.599998474121094,32.709999084472656,31.350000381469727,31.503000259399414,31.436540603637695,283069000.0
2021-11-29,32.36600112915039,33.4119987487793,32.0359992980957,33.375999450683594,33.30559158325195,454964000.0
2021-11-30,33.16899871826172,33.35300064086914,31.86400032043457,32.67599868774414,32.60707092285156,622066000.0
2021-12-01,33.21900177001953,33.28900146484375,31.3799991607666,31.434999465942383,31.37252426147461,484368000.0
2021-12-02,31.214000701904297,32.47800064086914,31.024999618530273,32.125999450683594,32.06215286254883,472890000.0
2021-12-03,32.0,32.12900161743164,30.1299991607666,30.69300079345703,30.632001876831055,544325000.0
2021-12-06,29.8799991607666,30.240999221801758,28.038000106811523,30.03700065612793,29.97730827331543,658938000.0
2021-12-07,30.957000732421875,32.44900131225586,30.650999069213867,32.426998138427734,32.36255645751953,593053000.0
2021-12-08,31.999000549316406,32.290000915527344,31.42099952697754,31.826000213623047,31.762752532958984,475551000.0
2021-12-09,31.733999252319336,32.20500183105469,30.42799949645996,30.489999771118164,30.429407119750977,488507000.0
2021-12-10,31.149999618530273,31.30500030517578,29.861000061035156,30.197999954223633,30.137985229492188,488825000.0
2021-12-13,30.249000549316406,30.29400062561035,28.115999221801758,28.160999298095703,28.10503387451172,598344000.0
2021-12-14,27.698999404907227,28.67799949645996,27.25,28.336999893188477,28.280685424804688,667035000.0
2021-12-15,28.399999618530273,30.5,27.83799934387207,30.458999633789062,30.398468017578125,698297000.0
2021-12-16,31.152000427246094,31.15999984741211,28.093000411987305,28.386999130249023,28.330585479736328,707366000.0
2021-12-17,27.985000610351562,28.922000885009766,27.760000228881836,27.801000595092773,27.74574851989746,713758000.0
2021-12-20,27.30500030517578,28.143999099731445,27.145000457763672,27.7189998626709,27.663909912109375,461847000.0
2021-12-21,28.374000549316406,29.1200008392334,27.400999069213867,29.075000762939453,29.017215728759766,524385000.0
2021-12-22,28.891000747680664,29.55500030517578,28.448999404907227,29.399999618530273,29.341569900512695,395184000.0
2021-12-23,29.7549991607666,30.05900001525879,29.430999755859375,29.639999389648438,29.58109474182129,343022000.0
2021-12-24,29.7549991607666,30.05900001525879,29.430999755859375,29.639999389648438,29.58109474182129,343022000.0
2021-12-27,29.65999984741211,31.086999893188477,29.639999389648438,30.94499969482422,30.88350486755371,403686000.0
2021-12-28,31.312000274658203,31.329999923706055,30.011999130249023,30.32200050354004,30.261741638183594,420591000.0
2021-12-29,30.273000717163086,30.54800033569336,29.365999221801758,30.000999450683594,29.941377639770508,343139000.0
2021-12-30,29.82699966430664,30.457000732421875,29.540000915527344,29.586000442504883,29.527204513549805,308864000.0
2021-12-31,29.673999786376953,30.030000686645508,29.33099937438965,29.410999298095703,29.3525447845459,266530000.0
2022-01-03,29.815000534057617,30.711000442504883,29.78499984741211,30.121000289916992,30.061140060424805,391547000.0
2022-01-04,30.277000427246094,30.468000411987305,28.349000930786133,29.290000915527344,29.231788635253906,527154000.0
2022-01-05,28.948999404907227,29.416000366210938,27.533000946044922,27.604000091552734,27.54914093017578,498064000.0
2022-01-06,27.639999389648438,28.437999725341797,27.065000534057617,28.17799949645996,28.121999740600586,454186000.0
2022-01-07,28.141000747680664,28.422000885009766,27.05699920654297,27.246999740600586,27.192852020263672,409939000.0
2022-01-10,26.58099937438965,27.4689998626709,25.643999099731445,27.399999618530273,27.345548629760742,594681000.0
2022-01-11,27.322999954223633,28.065000534057617,26.839000701904297,27.816999435424805,27.761714935302734,404089000.0
2022-01-12,28.066999435424805,28.594999313354492,27.607999801635742,27.999000549316406,27.943359375,383413000.0
2022-01-13,28.378999710083008,28.479999542236328,26.49799919128418,26.575000762939453,26.522188186645508,540171000.0
2022-01-14,26.299999237060547,27.19700050354004,26.209999084472656,26.941999435424805,26.888460159301758,395832000.0
2022-01-17,26.299999237060547,27.19700050354004,26.209999084472656,26.941999435424805,26.888460159301758,395832000.0
2022-01-18,26.260000228881836,26.63800048828125,25.770000457763672,25.902999877929688,25.851524353027344,424270000.0
2022-01-19,26.07900047302246,26.542999267578125,25.052000045776367,25.066999435424805,25.017181396484375,488315000.0
2022-01-20,25.304000854492188,25.57900047302246,24.077999114990234,24.149999618530273,24.10200309753418,435181000.0
2022-01-21,23.506999969482422,24.822999954223633,23.26300048828125,23.374000549316406,23.327547073364258,718958000.0
2022-01-24,22.329999923706055,23.3799991607666,20.88800048828125,23.371999740600586,23.325551986694336,913982000.0
2022-01-25,22.54599952697754,22.94300079345703,22.0,22.323999404907227,22.279630661010742,664616000.0
2022-01-26,23.239999771118164,24.05699920654297,22.299999237060547,22.77199935913086,22.726741790771484,755959000.0
2022-01-27,23.56800079345703,23.9950008392334,21.674999237060547,21.944000244140625,21.900392532348633,573353000.0
2022-01-28,22.011999130249023,22.857999801635742,21.29599952697754,22.84000015258789,22.79460906982422,543774000.0
2022-01-31,23.18199920654297,24.509000778198242,23.052000045776367,24.486000061035156,24.43733787536621,564680000.0
2022-02-01,25.104000091552734,25.145000457763672,23.889999389648438,24.63800048828125,24.589038848876953,518925000.0
2022-02-02,25.79400062561035,25.816999435424805,24.55299949645996,25.242000579833984,25.191837310791016,543419000.0
2022-02-03,24.45800018310547,25.07699966430664,23.780000686645508,23.947999954223633,23.900405883789062,410178000.0
2022-02-04,23.972000122070312,24.635000228881836,23.631999969482422,24.319000244140625,24.270668029785156,354829000.0
2022-02-07,24.371999740600586,25.18199920654297,24.20199966430664,24.72800064086914,24.678857803344727,376868000.0
2022-02-08,24.358999252319336,25.229999542236328,23.979999542236328,25.107999801635742,25.058101654052734,410359000.0
2022-02-09,25.621999740600586,26.725000381469727,25.35300064086914,26.704999923706055,26.651926040649414,524282000.0
2022-02-10,25.9950008392334,26.924999237060547,25.600000381469727,25.823999404907227,25.772674560546875,513200000.0
2022-02-11,25.916000366210938,26.152000427246094,23.773000717163086,23.948999404907227,23.901405334472656,605472000.0
2022-02-14,23.93400001525879,24.875,23.7549991607666,24.267000198364258,24.21877098083496,440424000.0
2022-02-15,24.948999404907227,26.545000076293945,24.784000396728516,26.4950008392334,26.442340850830078,699869000.0
2022-02-16,26.259000778198242,26.582000732421875,25.552000045776367,26.51099967956543,26.45831298828125,732676000.0
2022-02-17,25.6299991607666,25.78499984741211,24.165000915527344,24.506999969482422,24.458293914794922,810595000.0
2022-02-18,24.667999267578125,24.986000061035156,23.100000381469727,23.642000198364258,23.595016479492188,761255000.0
2022-02-21,24.667999267578125,24.986000061035156,23.100000381469727,23.642000198364258,23.595016479492188,761255000.0
2022-02-22,23.03499984741211,24.06399917602539,23.0,23.389999389648438,23.3435115814209,633422000.0
2022-02-23,23.802000045776367,24.155000686645508,22.301000595092773,22.386999130249023,22.34250831604004,566511000.0
2022-02-24,21.014999389648438,23.799999237060547,20.889999389648438,23.74799919128418,23.700803756713867,735801000.0
2022-02-25,23.72100067138672,24.216999053955078,23.381000518798828,24.156999588012695,24.108989715576172,528866000.0
2022-02-28,23.992000579833984,24.665000915527344,23.707000732421875,24.385000228881836,24.336538314819336,477319000.0
2022-03-01,24.291000366210938,24.37700080871582,23.131999969482422,23.476999282836914,23.43033790588379,412056000.0
2022-03-02,23.756000518798828,24.409000396728516,23.415000915527344,24.219999313354492,24.17598533630371,389642000.0
2022-03-03,24.261999130249023,24.326000213623047,23.4689998626709,23.714000701904297,23.670900344848633,365095000.0
2022-03-04,23.384000778198242,23.68000030517578,22.48200035095215,22.93600082397461,22.894317626953125,431415000.0
2022-03-07,22.816999435424805,23.033000946044922,21.329999923706055,21.351999282836914,21.31319236755371,450821000.0
2022-03-08,21.30900001525879,22.37299919128418,20.649999618530273,21.513999938964844,21.47490119934082,557467000.0
2022-03-09,22.386999130249023,23.219999313354492,22.246999740600586,23.013999938964844,22.972177505493164,492742000.0
2022-03-10,22.5310001373291,22.788000106811523,21.881999969482422,22.658000946044922,22.616825103759766,428066000.0
2022-03-11,23.02199935913086,23.145000457763672,22.04599952697754,22.100000381469727,22.059839248657227,367209000.0
2022-03-14,21.868999481201172,22.261999130249023,21.159000396728516,21.329999923706055,21.291234970092773,385354000.0
2022-03-15,21.51799964904785,23.038000106811523,21.32200050354004,22.972999572753906,22.931249618530273,491996000.0
2022-03-16,23.5,24.597000122070312,23.172000885009766,24.496000289916992,24.451480865478516,671422000.0
2022-03-17,24.1200008392334,24.841999053955078,23.9060001373291,24.766000747680664,24.720993041992188,471941000.0
2022-03-18,24.798999786376953,26.569000244140625,24.624000549316406,26.452999114990234,26.40492057800293,730719000.0
2022-03-21,26.506999969482422,27.152000427246094,25.966999053955078,26.733999252319336,26.685413360595703,591727000.0
2022-03-22,26.726999282836914,27.238000869750977,26.07200050354004,26.52400016784668,26.47579574584961,547007000.0
2022-03-23,26.125999450683594,26.61199951171875,25.575000762939453,25.634000778198242,25.58741569519043,502120000.0
2022-03-24,26.166000366210938,28.31999969482422,25.906999588012695,28.149999618530273,28.098838806152344,877379000.0
2022-03-25,27.88599967956543,28.357999801635742,27.270999908447266,27.691999435424805,27.641672134399414,579016000.0
2022-03-28,27.756000518798828,28.25,27.20599937438965,28.2189998626709,28.167715072631836,425494000.0
2022-03-29,28.69499969482422,28.945999145507812,27.979999542236328,28.6560001373291,28.603919982910156,488984000.0
2022-03-30,28.304000854492188,28.496000289916992,27.503000259399414,27.690000534057617,27.639678955078125,463487000.0
2022-03-31,27.781999588012695,28.24799919128418,27.270000457763672,27.285999298095703,27.236412048339844,523440000.0
2022-04-01,27.375,27.496000289916992,26.267000198364258,26.711999893188477,26.663455963134766,517235000.0
2022-04-04,26.72800064086914,27.558000564575195,26.613000869750977,27.360000610351562,27.31027603149414,397120000.0
2022-04-05,27.253999710083008,27.319000244140625,25.81999969482422,25.930999755859375,25.88387680053711,436615000.0
2022-04-06,24.93400001525879,25.299999237060547,24.003000259399414,24.406999588012695,24.362640380859375,703833000.0
2022-04-07,24.44099998474121,24.722000122070312,23.47800064086914,24.20800018310547,24.16400909423828,557992000.0
2022-04-08,23.91699981689453,23.92300033569336,23.062000274658203,23.118999481201172,23.07698631286621,524781000.0
2022-04-11,22.214000701904297,22.31999969482422,21.65999984741211,21.91699981689453,21.877166748046875,575207000.0
2022-04-12,22.53700065612793,22.725000381469727,21.281999588012695,21.503999710083008,21.464921951293945,662258000.0
2022-04-13,21.72800064086914,22.5,21.454999923706055,22.202999114990234,22.162647247314453,516943000.0
2022-04-14,22.5049991607666,22.777000427246094,21.163000106811523,21.257999420166016,21.21936798095703,569097000.0
2022-04-15,22.5049991607666,22.777000427246094,21.163000106811523,21.257999420166016,21.21936798095703,569097000.0
2022-04-18,21.200000762939453,22.08799934387207,21.07900047302246,21.783000946044922,21.7434139251709,525701000.0
2022-04-19,21.719999313354492,22.37299919128418,21.31399917602539,22.197999954223633,22.157655715942383,512781000.0
2022-04-20,22.517000198364258,22.670000076293945,21.200000762939453,21.48200035095215,21.44295883178711,468974000.0
2022-04-21,21.708999633789062,22.392000198364258,20.0,20.183000564575195,20.14632225036621,656209000.0
2022-04-22,20.30299949645996,20.486000061035156,19.5,19.514999389648438,19.479534149169922,624713000.0
2022-04-25,19.20199966430664,19.94499969482422,19.09600067138672,19.902000427246094,19.865833282470703,641566000.0
2022-04-26,19.718000411987305,19.788000106811523,18.670000076293945,18.788000106811523,18.753856658935547,653143000.0
2022-04-27,18.597999572753906,19.16699981689453,18.290000915527344,18.415000915527344,18.38153648376465,499460000.0
2022-04-28,18.966999053955078,20.03700065612793,18.489999771118164,19.781999588012695,19.746049880981445,570327000.0
2022-04-29,19.402000427246094,20.128000259399414,18.517000198364258,18.547000885009766,18.51329231262207,500435000.0
2022-05-02,18.541000366210938,19.573999404907227,18.391000747680664,19.533000946044922,19.49750328063965,572049000.0
2022-05-03,19.399999618530273,19.825000762939453,19.132999420166016,19.601999282836914,19.566375732421875,475751000.0
2022-05-04,19.92300033569336,20.399999618530273,18.750999450683594,20.333999633789062,20.29704475402832,648855000.0
2022-05-05,19.867000579833984,19.924999237060547,18.5,18.8439998626709,18.809751510620117,626331000.0
2022-05-06,18.736000061035156,19.511999130249023,17.989999771118164,18.674999237060547,18.641061782836914,633297000.0
2022-05-09,18.034000396728516,18.2549991607666,16.82699966430664,16.950000762939453,16.9191951751709,644455000.0
2022-05-10,17.68899917602539,18.197999954223633,17.024999618530273,17.594999313354492,17.56302261352539,761474000.0
2022-05-11,17.347000122070312,17.753000259399414,16.56800079345703,16.6299991607666,16.59977912902832,670167000.0
2022-05-12,16.2189998626709,16.788000106811523,15.567000389099121,16.174999237060547,16.145605087280273,708728000.0
2022-05-13,16.788000106811523,17.92799949645996,16.593000411987305,17.70599937438965,17.6738224029541,670437000.0
2022-05-16,17.509000778198242,17.788000106811523,17.106000900268555,17.263999938964844,17.232627868652344,521446000.0
2022-05-17,18.073999404907227,18.371000289916992,17.634000778198242,18.177000045776367,18.143964767456055,585830000.0
2022-05-18,17.704999923706055,18.118000030517578,16.86400032043457,16.937999725341797,16.9072208404541,545161000.0
2022-05-19,16.937000274658203,17.687000274658203,16.733999252319336,17.124000549316406,17.092884063720703,621310000.0
2022-05-20,17.332000732421875,17.40999984741211,15.755000114440918,16.694000244140625,16.66366195678711,739105000.0
2022-05-23,16.27400016784668,16.915000915527344,16.179000854492188,16.898000717163086,16.867294311523438,639889000.0
2022-05-24,16.510000228881836,16.597000122070312,15.779999732971191,16.15399932861328,16.12464714050293,588550000.0
2022-05-25,16.020000457763672,17.111000061035156,16.0,16.975000381469727,16.944149017333984,781132000.0
2022-05-26,16.035999298095703,18.091999053955078,16.02199935913086,17.85099983215332,17.818557739257812,996575000.0
2022-05-27,18.18600082397461,18.881000518798828,18.100000381469727,18.81100082397461,18.776817321777344,738379000.0
2022-05-30,18.18600082397461,18.881000518798828,18.100000381469727,18.81100082397461,18.776817321777344,738379000.0
2022-05-31,18.979999542236328,19.200000762939453,18.350000381469727,18.672000885009766,18.638065338134766,664100000.0
2022-06-01,18.724000930786133,19.05299949645996,18.121999740600586,18.31999969482422,18.286705017089844,544514000.0
2022-06-02,18.29199981689453,19.618999481201172,18.197999954223633,19.591999053955078,19.556394577026367,648656000.0
2022-06-03,19.082000732421875,19.332000732421875,18.52199935913086,18.719999313354492,18.68597984313965,598779000.0
2022-06-06,19.138999938964844,19.336999893188477,18.56399917602539,18.785999298095703,18.751855850219727,422406000.0
2022-06-07,18.472000122070312,19.0,18.187999725341797,18.926000595092773,18.891605377197266,388914000.0
2022-06-08,18.798999786376953,19.18000030517578,18.53499984741211,18.648000717163086,18.6180477142334,363252000.0
2022-06-09,18.481000900268555,18.933000564575195,18.041000366210938,18.04800033569336,18.019010543823242,395574000.0
2022-06-10,17.600000381469727,17.69700050354004,16.868999481201172,16.974000930786133,16.946735382080078,465248000.0
2022-06-13,16.0,16.312000274658203,15.605999946594238,15.647000312805176,15.621865272521973,604153000.0
2022-06-14,15.730999946594238,16.06599998474121,15.411999702453613,15.836000442504883,15.810561180114746,469680000.0
2022-06-15,16.094999313354492,16.868000030517578,15.925999641418457,16.527000427246094,16.500450134277344,563936000.0
2022-06-16,15.859999656677246,15.942000389099121,15.401000022888184,15.60099983215332,15.575939178466797,545749000.0
2022-06-17,15.64799976348877,15.994999885559082,15.32800006866455,15.880000114440918,15.854491233825684,630334000.0
2022-06-20,15.64799976348877,15.994999885559082,15.32800006866455,15.880000114440918,15.854491233825684,630334000.0
2022-06-21,16.475000381469727,17.007999420166016,16.406999588012695,16.56599998474121,16.53939437866211,483089000.0
2022-06-22,16.22599983215332,16.66200065612793,16.18000030517578,16.360000610351562,16.333724975585938,437135000.0
2022-06-23,16.518999099731445,16.584999084472656,15.852999687194824,16.225000381469727,16.19893455505371,463680000.0
2022-06-24,16.5,17.139999389648438,16.309999465942383,17.125999450683594,17.098491668701172,472153000.0
2022-06-27,17.312000274658203,17.329999923706055,16.625999450683594,16.868999481201172,16.84190559387207,427968000.0
2022-06-28,16.899999618530273,17.20199966430664,15.944999694824219,15.982000350952148,15.956330299377441,461149000.0
2022-06-29,15.814000129699707,15.819999694824219,15.170000076293945,15.541999816894531,15.517036437988281,482352000.0
2022-06-30,15.361000061035156,15.567000389099121,14.862000465393066,15.159000396728516,15.134652137756348,686070000.0
2022-07-01,14.89900016784668,15.062999725341797,14.392000198364258,14.52299976348877,14.499670028686523,577610000.0
2022-07-04,14.89900016784668,15.062999725341797,14.392000198364258,14.52299976348877,14.499670028686523,577610000.0
2022-07-05,14.175000190734863,14.970999717712402,14.055000305175781,14.96399974822998,14.939963340759277,651397000.0
2022-07-06,15.010000228881836,15.319000244140625,14.788999557495117,15.130000114440918,15.105696678161621,529066000.0
2022-07-07,15.456000328063965,15.944999694824219,15.388999938964844,15.857999801635742,15.832528114318848,492903000.0
2022-07-08,15.430000305175781,16.03700065612793,15.388999938964844,15.838000297546387,15.812559127807617,467972000.0
2022-07-11,15.526000022888184,15.527000427246094,15.038000106811523,15.152000427246094,15.127660751342773,437321000.0
2022-07-12,15.267999649047852,15.430999755859375,14.876999855041504,15.081999778747559,15.05777359008789,458483000.0
2022-07-13,14.59000015258789,15.375,14.46500015258789,15.163999557495117,15.139639854431152,521918000.0
2022-07-14,15.107999801635742,15.472999572753906,14.727999687194824,15.371999740600586,15.347306251525879,456235000.0
2022-07-15,15.659000396728516,15.781999588012695,15.444999694824219,15.76200008392334,15.73668384552002,385935000.0
2022-07-18,16.302000045776367,16.89699935913086,16.00200080871582,16.10099983215332,16.07513427734375,670517000.0
2022-07-19,16.486000061035156,17.110000610351562,16.172000885009766,16.992000579833984,16.964704513549805,702366000.0
2022-07-20,16.94700050354004,17.933000564575195,16.801000595092773,17.80699920654297,17.77839469909668,760538000.0
2022-07-21,17.885000228881836,18.143999099731445,17.545000076293945,18.049999237060547,18.021007537841797,557049000.0
2022-07-22,17.89299964904785,17.966999053955078,17.136999130249023,17.319000244140625,17.291181564331055,536671000.0
2022-07-25,17.018999099731445,17.124000549316406,16.64900016784668,17.02400016784668,16.996652603149414,480748000.0
2022-07-26,16.888999938964844,16.91900062561035,16.47800064086914,16.533000946044922,16.506444931030273,397865000.0
2022-07-27,17.031999588012695,17.93600082397461,16.913000106811523,17.790000915527344,17.761428833007812,569776000.0
2022-07-28,17.975000381469727,18.139999389648438,17.440000534057617,17.983999252319336,17.955110549926758,474646000.0
2022-07-29,17.812999725341797,18.243999481201172,17.691999435424805,18.163000106811523,18.133827209472656,435460000.0
2022-08-01,18.18199920654297,18.84600067138672,17.989999771118164,18.44099998474121,18.411376953125,476469000.0
2022-08-02,18.121999740600586,18.937999725341797,18.091999053955078,18.525999069213867,18.49624252319336,489527000.0
2022-08-03,18.18400001525879,18.968000411987305,18.136999130249023,18.89299964904785,18.862651824951172,418146000.0
2022-08-04,18.849000930786133,19.27400016784668,18.760000228881836,19.21500015258789,19.18413734436035,409652000.0
2022-08-05,18.809999465942383,19.229000091552734,18.666000366210938,18.98900032043457,18.95849609375,386068000.0
2022-08-08,17.50200080871582,18.23900032043457,17.242000579833984,17.792999267578125,17.76441764831543,981859000.0
2022-08-09,17.25200080871582,17.44700050354004,16.724000930786133,17.086000442504883,17.058555603027344,668263000.0
2022-08-10,17.697999954223633,18.118000030517578,17.316999435424805,18.097000122070312,18.06793212890625,597422000.0
2022-08-11,18.131000518798828,18.707000732421875,17.875999450683594,17.941999435424805,17.913175582885742,509327000.0
2022-08-12,18.15999984741211,18.718000411987305,17.952999114990234,18.708999633789062,18.678943634033203,478094000.0
2022-08-15,18.701000213623047,19.163999557495117,18.613000869750977,19.031999588012695,19.001426696777344,457666000.0
2022-08-16,18.920000076293945,19.142000198364258,18.500999450683594,18.878999710083008,18.84867286682129,451240000.0
2022-08-17,18.523000717163086,18.687999725341797,18.145000457763672,18.334999084472656,18.305545806884766,446799000.0
2022-08-18,18.301000595092773,18.864999771118164,18.183000564575195,18.773000717163086,18.742843627929688,415447000.0
2022-08-19,18.4060001373291,18.520000457763672,17.770000457763672,17.849000930786133,17.820327758789062,441588000.0
2022-08-22,17.489999771118164,17.558000564575195,16.965999603271484,17.034000396728516,17.006637573242188,409593000.0
2022-08-23,16.98900032043457,17.46500015258789,16.969999313354492,17.180999755859375,17.153400421142578,369986000.0
2022-08-24,17.011999130249023,17.4060001373291,16.895000457763672,17.222000122070312,17.194334030151367,522661000.0
2022-08-25,16.8439998626709,17.94700050354004,16.83300018310547,17.913000106811523,17.88422966003418,770691000.0
2022-08-26,17.85700035095215,17.923999786376953,16.23699951171875,16.260000228881836,16.233884811401367,769127000.0
2022-08-29,16.020000457763672,16.33799934387207,15.767000198364258,15.800999641418457,15.775616645812988,496132000.0
2022-08-30,15.960000038146973,16.038999557495117,15.182000160217285,15.468000411987305,15.443153381347656,530181000.0
2022-08-31,15.383999824523926,15.539999961853027,14.958999633789062,15.093999862670898,15.069751739501953,573710000.0
2022-09-01,14.208999633789062,14.380000114440918,13.270000457763672,13.937000274658203,13.91461181640625,1178865000.0
2022-09-02,14.100000381469727,14.170999526977539,13.590999603271484,13.647000312805176,13.625079154968262,743157000.0
2022-09-05,14.100000381469727,14.170999526977539,13.590999603271484,13.647000312805176,13.625079154968262,743157000.0
2022-09-06,13.730999946594238,13.779000282287598,13.35099983215332,13.46500015258789,13.443370819091797,535751000.0
2022-09-07,13.562999725341797,13.838000297546387,13.345999717712402,13.71399974822998,13.696040153503418,512657000.0
2022-09-08,13.458999633789062,14.008000373840332,13.369000434875488,13.989999771118164,13.971678733825684,624873000.0
2022-09-09,14.156999588012695,14.473999977111816,14.12600040435791,14.38700008392334,14.368158340454102,486612000.0
2022-09-12,14.369000434875488,14.54699993133545,14.197999954223633,14.505000114440918,14.486002922058105,484159000.0
2022-09-13,13.802000045776367,13.92199993133545,13.098999977111816,13.130999565124512,13.113802909851074,714956000.0
2022-09-14,13.253999710083008,13.289999961853027,12.913000106811523,13.128000259399414,13.110806465148926,588507000.0
2022-09-15,13.015000343322754,13.232999801635742,12.789999961853027,12.928999900817871,12.912067413330078,523625000.0
2022-09-16,12.741999626159668,13.211999893188477,12.616999626159668,13.197999954223633,13.18071460723877,670751000.0
2022-09-19,13.01200008392334,13.463000297546387,13.010000228881836,13.381999969482422,13.364474296569824,569685000.0
2022-09-20,13.21500015258789,13.482999801635742,13.057000160217285,13.175999641418457,13.158742904663086,524818000.0
2022-09-21,13.213000297546387,14.031000137329102,13.109999656677246,13.26099967956543,13.243631362915039,807679000.0
2022-09-22,13.069999694824219,13.14900016784668,12.428000450134277,12.560999870300293,12.544548988342285,759162000.0
2022-09-23,12.420000076293945,12.611000061035156,12.256999969482422,12.515999794006348,12.499608039855957,663309000.0
2022-09-26,12.491000175476074,12.659000396728516,12.21399974822998,12.227999687194824,12.21198558807373,547343000.0
2022-09-27,12.506999969482422,12.736000061035156,12.258000373840332,12.413000106811523,12.396743774414062,553854000.0
2022-09-28,12.40999984741211,12.822999954223633,12.354000091552734,12.736000061035156,12.719318389892578,542414000.0
2022-09-29,12.447999954223633,12.5,11.946000099182129,12.220000267028809,12.203997611999512,532763000.0
2022-09-30,12.086999893188477,12.633000373840332,12.074999809265137,12.138999938964844,12.123102188110352,565638000.0
2022-10-03,12.347000122070312,12.678000450134277,12.104999542236328,12.51200008392334,12.495613098144531,547478000.0
2022-10-04,12.878999710083008,13.220000267028809,12.878999710083008,13.166999816894531,13.14975643157959,584182000.0
2022-10-05,12.91100025177002,13.321000099182129,12.621000289916992,13.208999633789062,13.191699981689453,507131000.0
2022-10-06,13.220000267028809,13.656000137329102,13.102999687194824,13.130000114440918,13.112805366516113,644157000.0
2022-10-07,12.505000114440918,12.670000076293945,12.022000312805176,12.076000213623047,12.060185432434082,672478000.0
2022-10-10,12.036999702453613,12.12399959564209,11.407999992370605,11.670000076293945,11.654716491699219,698699000.0
2022-10-11,11.560999870300293,11.845999717712402,11.282999992370605,11.586000442504883,11.570825576782227,667482000.0
2022-10-12,11.579000473022461,11.734999656677246,11.345000267028809,11.5,11.484939575195312,492590000.0
2022-10-13,10.970999717712402,12.07800006866455,10.812999725341797,11.960000038146973,11.944334983825684,850103000.0
2022-10-14,12.057000160217285,12.111000061035156,11.204000473022461,11.22700023651123,11.212296485900879,713432000.0
2022-10-17,11.517999649047852,11.947999954223633,11.517000198364258,11.887999534606934,11.872428894042969,580774000.0
2022-10-18,12.343999862670898,12.491999626159668,11.618000030517578,11.967000007629395,11.95132827758789,659362000.0
2022-10-19,11.878999710083008,12.350000381469727,11.833999633789062,12.050999641418457,12.03521728515625,523131000.0
2022-10-20,12.11299991607666,12.769000053405762,12.104999542236328,12.194000244140625,12.178030967712402,652398000.0
2022-10-21,12.097999572753906,12.498000144958496,11.88700008392334,12.465999603271484,12.44967269897461,609494000.0
2022-10-24,12.508000373840332,12.710000038146973,12.064000129699707,12.598999977111816,12.582500457763672,517457000.0
2022-10-25,12.694000244140625,13.300000190734863,12.663999557495117,13.26099967956543,13.243631362915039,505482000.0
2022-10-26,12.869000434875488,13.387999534606934,12.708000183105469,12.895999908447266,12.879110336303711,532953000.0
2022-10-27,13.630000114440918,13.838000297546387,13.121999740600586,13.175999641418457,13.158742904663086,583113000.0
2022-10-28,13.104000091552734,13.850000381469727,13.060999870300293,13.833999633789062,13.815882682800293,521040000.0
2022-10-31,13.777999877929688,13.838000297546387,13.29699993133545,13.496999740600586,13.479324340820312,486341000.0
2022-11-01,13.810999870300293,13.925000190734863,13.519000053405762,13.543000221252441,13.525264739990234,432817000.0
2022-11-02,13.850000381469727,14.210000038146973,13.211000442504883,13.218999862670898,13.201688766479492,672628000.0
2022-11-03,13.043000221252441,13.781000137329102,12.956000328063965,13.420999526977539,13.403421401977539,500065000.0
2022-11-04,13.986000061035156,14.229000091552734,13.696999549865723,14.156000137329102,14.13746166229248,612576000.0
2022-11-07,14.227999687194824,14.411999702453613,13.954000473022461,14.300999641418457,14.282271385192871,410061000.0
2022-11-08,14.800999641418457,14.890999794006348,14.215999603271484,14.60200023651123,14.58287525177002,595292000.0
2022-11-09,14.161999702453613,14.211000442504883,13.758999824523926,13.776000022888184,13.757956504821777,454414000.0
2022-11-10,14.800000190734863,15.77299976348877,14.54699993133545,15.75,15.72937297821045,700819000.0
2022-11-11,15.807000160217285,16.388999938964844,15.482000350952148,16.32699966430664,16.305620193481445,655487000.0
2022-11-14,16.218000411987305,16.540000915527344,15.92199993133545,16.295000076293945,16.273664474487305,527852000.0
2022-11-15,16.722000122070312,16.99799919128418,16.381999969482422,16.666000366210938,16.644174575805664,545876000.0
2022-11-16,16.16200065612793,16.36199951171875,15.873000144958496,15.90999984741211,15.889165878295898,649547000.0
2022-11-17,15.71500015258789,16.266000747680664,15.53499984741211,15.677000045776367,15.65646743774414,710894000.0
2022-11-18,15.965999603271484,16.00200080871582,15.119999885559082,15.409000396728516,15.38882064819336,492072000.0
2022-11-21,15.147000312805176,15.47700023651123,15.079999923706055,15.317000389099121,15.296940803527832,404739000.0
2022-11-22,15.32800006866455,16.058000564575195,15.121999740600586,16.038000106811523,16.01699447631836,472866000.0
2022-11-23,16.097999572753906,16.527000427246094,16.04800033569336,16.518999099731445,16.49736976623535,427241000.0
2022-11-24,16.097999572753906,16.527000427246094,16.04800033569336,16.518999099731445,16.49736976623535,427241000.0
2022-11-25,16.31800079345703,16.48699951171875,16.172000885009766,16.270000457763672,16.24869155883789,167934000.0
2022-11-28,16.025999069213867,16.35700035095215,15.725000381469727,15.82699966430664,15.806272506713867,303741000.0
2022-11-29,15.82699966430664,15.932000160217285,15.520000457763672,15.638999938964844,15.618518829345703,298384000.0
2022-11-30,15.696999549865723,16.93000030517578,15.597000122070312,16.92300033569336,16.90515899658203,565298000.0
2022-12-01,16.999000549316406,17.264999389648438,16.635000228881836,17.135000228881836,17.11693572998047,470977000.0
2022-12-02,16.659000396728516,16.933000564575195,16.44499969482422,16.875999450683594,16.85820960998535,371389000.0
2022-12-05,16.679000854492188,16.9950008392334,16.472000122070312,16.610000610351562,16.592493057250977,352255000.0
2022-12-06,16.530000686645508,16.572999954223633,15.819000244140625,15.987000465393066,15.970147132873535,352694000.0
2022-12-07,15.772000312805176,16.18600082397461,15.666999816894531,16.1200008392334,16.103008270263672,372388000.0
2022-12-08,16.273000717163086,17.179000854492188,15.958999633789062,17.16900062561035,17.150903701782227,515456000.0
2022-12-09,17.15999984741211,17.58300018310547,16.975000381469727,17.000999450683594,16.98307991027832,465338000.0
2022-12-12,17.03700065612793,17.538000106811523,16.797000885009766,17.53499984741211,17.516515731811523,457328000.0
2022-12-13,18.5310001373291,18.790000915527344,17.711000442504883,18.07200050354004,18.052947998046875,656589000.0
2022-12-14,17.98699951171875,18.25200080871582,17.420000076293945,17.673999786376953,17.655372619628906,496888000.0
2022-12-15,17.145999908447266,17.31999969482422,16.700000762939453,16.95199966430664,16.93412971496582,478542000.0
2022-12-16,16.86400032043457,17.041000366210938,16.40999984741211,16.570999145507812,16.553529739379883,478232000.0
2022-12-19,16.57200050354004,16.608999252319336,16.145000457763672,16.253999710083008,16.236865997314453,354039000.0
2022-12-20,16.06399917602539,16.309999465942383,15.85200023651123,16.084999084472656,16.068044662475586,403260000.0
2022-12-21,16.11400032043457,16.62700080871582,16.101999282836914,16.500999450683594,16.48360252380371,325025000.0
2022-12-22,16.0939998626709,16.13800048828125,14.881999969482422,15.33899974822998,15.322830200195312,565045000.0
2022-12-23,15.196000099182129,15.33899974822998,14.883000373840332,15.206000328063965,15.189970970153809,349326000.0
2022-12-26,15.196000099182129,15.33899974822998,14.883000373840332,15.206000328063965,15.189970970153809,349326000.0
2022-12-27,15.074000358581543,15.100000381469727,14.055999755859375,14.121000289916992,14.106115341186523,464902000.0
2022-12-28,13.927000045776367,14.26200008392334,13.883999824523926,14.03600025177002,14.02120304107666,351066000.0
2022-12-29,14.402000427246094,14.682999610900879,14.22700023651123,14.602999687194824,14.587605476379395,354923000.0
2022-12-30,14.333999633789062,14.628999710083008,14.232999801635742,14.61400032043457,14.598594665527344,310490000.0
2023-01-02,14.333999633789062,14.628999710083008,14.232999801635742,14.61400032043457,14.598594665527344,310490000.0
2023-01-03,14.85099983215332,14.996000289916992,14.095999717712402,14.3149995803833,14.299909591674805,401277000.0
2023-01-04,14.567000389099121,14.852999687194824,14.241000175476074,14.74899959564209,14.733451843261719,431324000.0
2023-01-05,14.491000175476074,14.564000129699707,14.14799976348877,14.265000343322754,14.249961853027344,389168000.0
2023-01-06,14.473999977111816,15.010000228881836,14.034000396728516,14.859000205993652,14.843337059020996,405044000.0
2023-01-09,15.284000396728516,16.055999755859375,15.140999794006348,15.628000259399414,15.611525535583496,504231000.0
2023-01-10,15.506999969482422,15.961999893188477,15.472000122070312,15.909000396728516,15.892230987548828,384101000.0
2023-01-11,15.84000015258789,16.027999877929688,15.562999725341797,16.000999450683594,15.984130859375,353285000.0
2023-01-12,16.100000381469727,16.636999130249023,15.491999626159668,16.51099967956543,16.493593215942383,551409000.0
2023-01-13,16.277999877929688,16.922000885009766,16.165000915527344,16.89900016784668,16.88118553161621,447287000.0
2023-01-16,16.277999877929688,16.922000885009766,16.165000915527344,16.89900016784668,16.88118553161621,447287000.0
2023-01-17,16.89900016784668,17.72800064086914,16.89900016784668,17.70199966430664,17.683340072631836,511102000.0
2023-01-18,17.66699981689453,17.87299919128418,17.281999588012695,17.37700080871582,17.358686447143555,439624000.0
2023-01-19,17.035999298095703,17.19700050354004,16.731000900268555,16.764999389648438,16.747325897216797,452932000.0
2023-01-20,17.01099967956543,17.856000900268555,16.825000762939453,17.839000701904297,17.82019805908203,564967000.0
2023-01-23,18.06399917602539,19.2450008392334,17.81800079345703,19.19300079345703,19.17276954650879,655163000.0
2023-01-24,18.82699966430664,19.4950008392334,18.81999969482422,19.264999389648438,19.24468994140625,496204000.0
2023-01-25,18.913000106811523,19.3700008392334,18.579999923706055,19.322999954223633,19.30263328552246,449537000.0
2023-01-26,19.701000213623047,20.166000366210938,19.277999877929688,19.802000045776367,19.781124114990234,489535000.0
2023-01-27,19.461999893188477,20.628000259399414,19.405000686645508,20.364999771118164,20.343534469604492,542142000.0
2023-01-30,19.950000762939453,20.139999389648438,19.149999618530273,19.16200065612793,19.141801834106445,488611000.0
2023-01-31,19.170000076293945,19.687000274658203,18.950000762939453,19.53700065612793,19.516408920288086,498017000.0
2023-02-01,19.69099998474121,21.191999435424805,19.611000061035156,20.94300079345703,20.92092514038086,660477000.0
2023-02-02,21.0,21.948999404907227,20.700000762939453,21.708999633789062,21.68611717224121,564276000.0
2023-02-03,21.0,21.7450008392334,20.788999557495117,21.100000381469727,21.077756881713867,429366000.0
2023-02-06,20.805999755859375,21.56999969482422,20.785999298095703,21.089000701904297,21.0667724609375,452197000.0
2023-02-07,21.381999969482422,22.259000778198242,21.149999618530273,22.17300033569336,22.149625778198242,664150000.0
2023-02-08,22.386999130249023,22.878000259399414,22.007999420166016,22.204999923706055,22.18159294128418,559651000.0
2023-02-09,22.606000900268555,23.020000457763672,22.1200008392334,22.336999893188477,22.313451766967773,523876000.0
2023-02-10,21.690000534057617,22.077999114990234,20.81100082397461,21.264999389648438,21.242582321166992,550737000.0
2023-02-13,21.538000106811523,22.04800033569336,20.961999893188477,21.788000106811523,21.765031814575195,474919000.0
2023-02-14,21.577999114990234,23.048999786376953,21.365999221801758,22.97100067138672,22.94678497314453,675474000.0
2023-02-15,22.548999786376953,22.854999542236328,22.106000900268555,22.763999938964844,22.740005493164062,420575000.0
2023-02-16,22.132999420166016,22.549999237060547,21.927000045776367,22.00200080871582,21.978809356689453,412026000.0
2023-02-17,21.631000518798828,21.739999771118164,20.975000381469727,21.38800048828125,21.36545181274414,465888000.0
2023-02-20,21.631000518798828,21.739999771118164,20.975000381469727,21.38800048828125,21.36545181274414,465888000.0
2023-02-21,21.0,21.493999481201172,20.618000030517578,20.655000686645508,20.633228302001953,410015000.0
2023-02-22,20.707000732421875,21.104000091552734,20.42099952697754,20.753999710083008,20.732126235961914,513184000.0
2023-02-23,23.440000534057617,23.88800048828125,23.024999618530273,23.663999557495117,23.639055252075195,1117995000.0
2023-02-24,23.225000381469727,23.474000930786133,22.94700050354004,23.285999298095703,23.26145362854004,589716000.0
2023-02-27,23.670000076293945,23.8799991607666,23.45400047302246,23.500999450683594,23.476226806640625,452994000.0
2023-02-28,23.371999740600586,23.825000762939453,23.20599937438965,23.215999603271484,23.191524505615234,455963000.0
2023-03-01,23.191999435424805,23.256000518798828,22.507999420166016,22.697999954223633,22.674074172973633,460026000.0
2023-03-02,22.488000869750977,23.3799991607666,22.43199920654297,23.31399917602539,23.289419174194336,389415000.0
2023-03-03,23.31999969482422,23.899999618530273,23.1299991607666,23.889999389648438,23.86481475830078,412393000.0
2023-03-06,23.891000747680664,24.24799919128418,23.48699951171875,23.554000854492188,23.5291748046875,437429000.0
2023-03-07,23.600000381469727,24.125,23.240999221801758,23.288000106811523,23.26740264892578,515154000.0
2023-03-08,23.48699951171875,24.200000762939453,23.423999786376953,24.180999755859375,24.159616470336914,513573000.0
2023-03-09,24.174999237060547,24.45400047302246,23.382999420166016,23.43600082397461,23.415273666381836,501257000.0
2023-03-10,23.409000396728516,23.62700080871582,22.72599983215332,22.96500015258789,22.944686889648438,474866000.0
2023-03-13,22.75200080871582,23.29800033569336,22.297000885009766,22.965999603271484,22.94568634033203,421890000.0
2023-03-14,23.496000289916992,24.2189998626709,23.459999084472656,24.062999725341797,24.041715621948242,474910000.0
2023-03-15,23.76099967956543,24.285999298095703,23.360000610351562,24.22800064086914,24.206571578979492,524486000.0
2023-03-16,24.027000427246094,25.58799934387207,23.893999099731445,25.541000366210938,25.51840591430664,583253000.0
2023-03-17,25.98200035095215,26.39900016784668,25.667999267578125,25.725000381469727,25.702247619628906,848547000.0
2023-03-20,25.614999771118164,26.02400016784668,25.1299991607666,25.899999618530273,25.877092361450195,432747000.0
2023-03-21,26.18000030517578,26.392000198364258,25.381000518798828,26.198999404907227,26.17582893371582,547408000.0
2023-03-22,26.424999237060547,27.589000701904297,26.23699951171875,26.468000411987305,26.444589614868164,797295000.0
2023-03-23,27.114999771118164,27.499000549316406,26.690000534057617,27.19099998474121,27.166950225830078,564889000.0
2023-03-24,27.0310001373291,27.16699981689453,26.354999542236328,26.77899932861328,26.75531578063965,454920000.0
2023-03-27,26.836999893188477,27.0,26.364999771118164,26.5310001373291,26.507532119750977,361026000.0
2023-03-28,26.44700050354004,26.51300048828125,25.850000381469727,26.40999984741211,26.386642456054688,356104000.0
2023-03-29,26.825000762939453,27.077999114990234,26.597000122070312,26.983999252319336,26.960132598876953,393694000.0
2023-03-30,27.229000091552734,27.499000549316406,27.101999282836914,27.382999420166016,27.358779907226562,364516000.0
2023-03-31,27.139999389648438,27.833999633789062,27.104999542236328,27.777000427246094,27.752431869506836,433933000.0
2023-04-03,27.509000778198242,28.0,27.336000442504883,27.96500015258789,27.940261840820312,398716000.0
2023-04-04,27.965999603271484,28.0,27.30699920654297,27.452999114990234,27.42871856689453,368592000.0
2023-04-05,26.82900047302246,26.99799919128418,26.395000457763672,26.881000518798828,26.857223510742188,515015000.0
2023-04-06,26.583999633789062,27.079999923706055,26.427000045776367,27.03700065612793,27.013086318969727,397654000.0
2023-04-07,26.583999633789062,27.079999923706055,26.427000045776367,27.03700065612793,27.013086318969727,397654000.0
2023-04-10,26.822999954223633,27.621000289916992,26.66900062561035,27.57900047302246,27.55460548400879,395279000.0
2023-04-11,27.724000930786133,27.790000915527344,27.125999450683594,27.16900062561035,27.144969940185547,314378000.0
2023-04-12,27.3700008392334,27.468000411987305,26.447999954223633,26.4950008392334,26.47156524658203,446259000.0
2023-04-13,26.733999252319336,26.886999130249023,26.32900047302246,26.46299934387207,26.439592361450195,353615000.0
2023-04-14,26.503999710083008,26.882999420166016,26.219999313354492,26.757999420166016,26.734336853027344,395660000.0
2023-04-17,26.565000534057617,27.006000518798828,26.433000564575195,27.00200080871582,26.978116989135742,321471000.0
2023-04-18,27.533000946044922,28.110000610351562,27.35700035095215,27.66699981689453,27.64253044128418,604812000.0
2023-04-19,27.361000061035156,28.0,27.23200035095215,27.930999755859375,27.906293869018555,358660000.0
2023-04-20,27.67099952697754,28.030000686645508,27.0,27.104000091552734,27.080028533935547,427713000.0
2023-04-21,26.95199966430664,27.183000564575195,26.722000122070312,27.118999481201172,27.095012664794922,345103000.0
2023-04-24,27.01300048828125,27.365999221801758,26.67099952697754,27.04199981689453,27.018083572387695,339282000.0
2023-04-25,27.077999114990234,27.246999740600586,26.225000381469727,26.240999221801758,26.217790603637695,378527000.0
2023-04-26,27.00200080871582,27.329999923706055,26.704999923706055,26.95599937438965,26.932161331176758,406337000.0
2023-04-27,27.363000869750977,27.4950008392334,26.625,27.22599983215332,27.201919555664062,377161000.0
2023-04-28,27.225000381469727,27.757999420166016,27.070999145507812,27.749000549316406,27.724458694458008,292216000.0
2023-05-01,27.84000015258789,29.058000564575195,27.780000686645508,28.90999984741211,28.88443374633789,570329000.0
2023-05-02,28.68000030517578,28.836000442504883,28.08300018310547,28.209999084472656,28.185047149658203,402730000.0
2023-05-03,27.84000015258789,28.367000579833984,27.472000122070312,27.802000045776367,27.77741050720215,383387000.0
2023-05-04,27.650999069213867,27.858999252319336,27.239999771118164,27.562000274658203,27.53762435913086,321850000.0
2023-05-05,27.826000213623047,28.7549991607666,27.731000900268555,28.68000030517578,28.654630661010742,361494000.0
2023-05-08,28.52199935913086,29.219999313354492,28.350000381469727,29.150999069213867,29.12521743774414,344979000.0
2023-05-09,28.89900016784668,28.972999572753906,28.450000762939453,28.570999145507812,28.545726776123047,314869000.0
2023-05-10,29.0049991607666,29.113000869750977,28.461000442504883,28.885000228881836,28.859451293945312,369350000.0
2023-05-11,28.895999908447266,28.950000762939453,28.246000289916992,28.577999114990234,28.552722930908203,322149000.0
2023-05-12,28.52899932861328,28.780000686645508,28.04599952697754,28.34000015258789,28.314937591552734,274222000.0
2023-05-15,28.507999420166016,28.9689998626709,28.152000427246094,28.952999114990234,28.927392959594727,293926000.0
2023-05-16,28.840999603271484,29.8700008392334,28.832000732421875,29.21299934387207,29.18716049194336,449405000.0
2023-05-17,29.583999633789062,30.198999404907227,29.43000030517578,30.17799949645996,30.151308059692383,432535000.0
2023-05-18,30.40999984741211,31.827999114990234,30.31999969482422,31.67799949645996,31.649978637695312,748725000.0
2023-05-19,31.535999298095703,31.579999923706055,30.916000366210938,31.263999938964844,31.236347198486328,473908000.0
2023-05-22,30.900999069213867,31.520000457763672,30.68000030517578,31.176000595092773,31.148426055908203,372000000.0
2023-05-23,31.0,31.288000106811523,30.631000518798828,30.687999725341797,30.660856246948242,356253000.0
2023-05-24,30.209999084472656,30.60700035095215,29.805999755859375,30.538000106811523,30.510990142822266,721419000.0
2023-05-25,38.52299880981445,39.47999954223633,36.6349983215332,37.97999954223633,37.946407318115234,1543911000.0
2023-05-26,37.88999938964844,39.16999816894531,37.54999923706055,38.94599914550781,38.91154861450195,714397000.0
2023-05-29,37.88999938964844,39.16999816894531,37.54999923706055,38.94599914550781,38.91154861450195,714397000.0
2023-05-30,40.595001220703125,41.9379997253418,39.94900131225586,40.111000061035156,40.075523376464844,923401000.0
2023-05-31,39.487998962402344,40.29499816894531,37.821998596191406,37.83399963378906,37.800533294677734,1002580000.0
2023-06-01,38.48899841308594,40.04999923706055,38.34000015258789,39.77000045776367,39.734825134277344,635873000.0
2023-06-02,40.09700012207031,40.5,39.05799865722656,39.32699966430664,39.292213439941406,482731000.0
2023-06-05,38.909000396728516,39.564998626708984,38.707000732421875,39.17100143432617,39.1363525390625,396094000.0
2023-06-06,38.83000183105469,39.15999984741211,38.14799880981445,38.65399932861328,38.61981201171875,388729000.0
2023-06-07,38.915000915527344,39.499000549316406,37.35599899291992,37.474998474121094,37.44572448730469,511998000.0
2023-06-08,37.7239990234375,38.86399841308594,37.505001068115234,38.5099983215332,38.479923248291016,417772000.0
2023-06-09,39.0369987487793,39.71099853515625,38.56700134277344,38.77000045776367,38.73971939086914,427717000.0
2023-06-12,39.20000076293945,39.529998779296875,38.61800003051758,39.481998443603516,39.45116424560547,388701000.0
2023-06-13,40.18600082397461,41.10100173950195,39.7400016784668,41.02199935913086,40.98996353149414,613208000.0
2023-06-14,40.82400131225586,43.0,40.551998138427734,42.99700164794922,42.96342086791992,740465000.0
2023-06-15,42.60200119018555,43.28900146484375,42.14699935913086,42.65299987792969,42.619686126708984,568622000.0
2023-06-16,43.45000076293945,43.72100067138672,42.6609992980957,42.69200134277344,42.65864562988281,655709000.0
2023-06-19,43.45000076293945,43.72100067138672,42.6609992980957,42.69200134277344,42.65864562988281,655709000.0
2023-06-20,42.99800109863281,43.9900016784668,42.67399978637695,43.80799865722656,43.773780822753906,451153000.0
2023-06-21,43.500999450683594,43.6150016784668,42.08000183105469,43.04499816894531,43.011375427246094,551603000.0
2023-06-22,42.25299835205078,43.42599868774414,42.23400115966797,43.025001525878906,42.991397857666016,417737000.0
2023-06-23,42.4640007019043,42.808998107910156,42.01499938964844,42.20899963378906,42.176025390625,358140000.0
2023-06-26,42.46099853515625,42.763999938964844,40.099998474121094,40.63199996948242,40.60026550292969,594322000.0
2023-06-27,40.79899978637695,41.939998626708984,40.448001861572266,41.875999450683594,41.843284606933594,462175000.0
2023-06-28,40.65999984741211,41.845001220703125,40.518001556396484,41.117000579833984,41.08488845825195,582639000.0
2023-06-29,41.55799865722656,41.599998474121094,40.599998474121094,40.821998596191406,40.79011154174805,380514000.0
2023-06-30,41.68000030517578,42.54999923706055,41.500999450683594,42.301998138427734,42.26895523071289,501148000.0
2023-07-03,42.516998291015625,42.89799880981445,42.20199966430664,42.41299819946289,42.37986373901367,198209000.0
2023-07-04,42.516998291015625,42.89799880981445,42.20199966430664,42.41299819946289,42.37986373901367,198209000.0
2023-07-05,42.1349983215332,43.176998138427734,42.084999084472656,42.31700134277344,42.28395080566406,323618000.0
2023-07-06,41.84400177001953,42.17900085449219,41.34600067138672,42.10300064086914,42.07012176513672,303582000.0
2023-07-07,42.321998596191406,43.2140007019043,42.18000030517578,42.50299835205078,42.46980285644531,355881000.0
2023-07-10,42.65700149536133,42.81100082397461,41.64899826049805,42.18000030517578,42.147056579589844,353908000.0
2023-07-11,42.48099899291992,42.757999420166016,42.06700134277344,42.404998779296875,42.37187576293945,298244000.0
2023-07-12,43.03300094604492,43.935001373291016,42.777000427246094,43.902000427246094,43.867706298828125,481277000.0
2023-07-13,44.518001556396484,46.154998779296875,44.492000579833984,45.97700119018555,45.94108581542969,478204000.0
2023-07-14,46.58300018310547,48.0880012512207,45.060001373291016,45.46900177001953,45.4334831237793,772075000.0
2023-07-17,46.28900146484375,46.49599838256836,45.262001037597656,46.46099853515625,46.424713134765625,510488000.0
2023-07-18,46.70100021362305,47.895999908447266,45.73400115966797,47.49399948120117,47.45690155029297,569164000.0
2023-07-19,47.4640007019043,47.81800079345703,46.742000579833984,47.07699966430664,47.04022979736328,427502000.0
2023-07-20,46.50699996948242,47.08700180053711,45.0620002746582,45.52000045776367,45.48444747924805,537865000.0
2023-07-21,45.78799819946289,45.86600112915039,44.099998474121094,44.308998107910156,44.27438735961914,963769000.0
2023-07-24,44.73099899291992,45.10900115966797,44.040000915527344,44.61199951171875,44.577152252197266,382516000.0
2023-07-25,44.941001892089844,46.18299865722656,44.92300033569336,45.67900085449219,45.6433219909668,348081000.0
2023-07-26,46.020999908447266,46.053001403808594,44.630001068115234,45.45199966430664,45.41649627685547,364237000.0
2023-07-27,46.51900100708008,47.39500045776367,45.75,45.900001525878906,45.86415100097656,455976000.0
2023-07-28,46.667999267578125,47.027000427246094,46.38100051879883,46.75,46.71348571777344,331194000.0
2023-07-31,46.75400161743164,47.130001068115234,46.50600051879883,46.729000091552734,46.6925048828125,251055000.0
2023-08-01,46.459999084472656,46.900001525878906,46.027000427246094,46.50699996948242,46.47067642211914,237858000.0
2023-08-02,45.83100128173828,45.84000015258789,43.387001037597656,44.26900100708008,44.23442077636719,530142000.0
2023-08-03,43.79999923706055,45.11800003051758,43.79999923706055,44.51499938964844,44.480224609375,324176000.0
2023-08-04,44.98500061035156,45.641998291015625,44.393001556396484,44.68000030517578,44.64509582519531,362666000.0
2023-08-07,45.111000061035156,45.540000915527344,44.5629997253418,45.41699981689453,45.38153076171875,322154000.0
2023-08-08,44.85300064086914,45.242000579833984,44.055999755859375,44.66400146484375,44.62911605834961,353843000.0
2023-08-09,44.27399826049805,44.3120002746582,42.13399887084961,42.55400085449219,42.52075958251953,586449000.0
2023-08-10,42.15999984741211,43.57400131225586,41.834999084472656,42.38800048828125,42.354896545410156,492705000.0
2023-08-11,41.750999450683594,42.018001556396484,40.638999938964844,40.85499954223633,40.82308578491211,533085000.0
2023-08-14,40.486000061035156,43.79999923706055,40.31100082397461,43.75299835205078,43.71882247924805,690286000.0
2023-08-15,44.560001373291016,45.268001556396484,43.709999084472656,43.939998626708984,43.905677795410156,676512000.0
2023-08-16,44.52000045776367,44.67499923706055,43.40599822998047,43.486000061035156,43.4520378112793,527451000.0
2023-08-17,43.970001220703125,44.0620002746582,43.000999450683594,43.34400177001953,43.31014633178711,452395000.0
2023-08-18,42.6349983215332,43.577999114990234,41.65999984741211,43.29899978637695,43.26518249511719,583768000.0
2023-08-21,44.49399948120117,47.064998626708984,44.22200012207031,46.96699905395508,46.93031311035156,692573000.0
2023-08-22,48.1349983215332,48.1870002746582,45.33300018310547,45.667999267578125,45.63233184814453,755293000.0
2023-08-23,45.86600112915039,47.20000076293945,45.20800018310547,47.11600112915039,47.07920455932617,779046000.0
2023-08-24,50.215999603271484,50.26599884033203,47.159000396728516,47.16299819946289,47.126163482666016,1156044000.0
2023-08-25,47.012001037597656,47.80500030517578,45.02399826049805,46.018001556396484,45.982059478759766,925341000.0
2023-08-28,46.481998443603516,46.97999954223633,44.88800048828125,46.834999084472656,46.79841613769531,685192000.0
2023-08-29,46.66600036621094,49.08100128173828,46.39099884033203,48.784000396728516,48.74590301513672,701397000.0
2023-08-30,49.04399871826172,49.926998138427734,48.42499923706055,49.263999938964844,49.22552490234375,735206000.0
2023-08-31,49.380001068115234,49.74399948120117,48.95800018310547,49.35499954223633,49.31645202636719,528570000.0
2023-09-01,49.762001037597656,49.79999923706055,48.141998291015625,48.50899887084961,48.47111129760742,463830000.0
2023-09-04,49.762001037597656,49.79999923706055,48.141998291015625,48.50899887084961,48.47111129760742,463830000.0
2023-09-05,48.222999572753906,48.85100173950195,47.86000061035156,48.54800033569336,48.51008224487305,382653000.0
2023-09-06,48.441001892089844,48.54899978637695,46.58000183105469,47.06100082397461,47.02812194824219,468670000.0
2023-09-07,45.525001525878906,46.34400177001953,45.152000427246094,46.24100112915039,46.20868682861328,433330000.0
2023-09-08,45.94200134277344,46.60599899291992,45.270999908447266,45.571998596191406,45.54015350341797,473069000.0
2023-09-11,46.14799880981445,46.16299819946289,44.3120002746582,45.178001403808594,45.14643096923828,473966000.0
2023-09-12,44.737998962402344,45.67300033569336,44.53099822998047,44.869998931884766,44.838645935058594,349256000.0
2023-09-13,44.599998474121094,45.93000030517578,44.50299835205078,45.48500061035156,45.45322036743164,398355000.0
2023-09-14,45.95000076293945,45.98699951171875,45.13100051879883,45.58100128173828,45.54915237426758,370097000.0
2023-09-15,45.340999603271484,45.5989990234375,43.80799865722656,43.900001525878906,43.86932373046875,506831000.0
2023-09-18,42.74800109863281,44.242000579833984,42.0,43.965999603271484,43.93527603149414,500271000.0
2023-09-19,43.83300018310547,43.965999603271484,43.00199890136719,43.52000045776367,43.489585876464844,373064000.0
2023-09-20,43.599998474121094,43.90299987792969,42.222999572753906,42.23899841308594,42.2094841003418,367108000.0
2023-09-21,41.58300018310547,42.099998474121094,40.97999954223633,41.016998291015625,40.98834228515625,450736000.0
2023-09-22,41.571998596191406,42.1150016784668,41.23099899291992,41.61000061035156,41.58092498779297,479236000.0
2023-09-25,41.590999603271484,42.5359992980957,41.176998138427734,42.22200012207031,42.192501068115234,419091000.0
2023-09-26,42.000999450683594,42.81999969482422,41.654998779296875,41.9109992980957,41.8817138671875,402282000.0
2023-09-27,42.33000183105469,42.87200164794922,41.62900161743164,42.46799850463867,42.438323974609375,444935000.0
2023-09-28,42.459999084472656,43.44599914550781,42.1150016784668,43.0890007019043,43.05889129638672,424663000.0
2023-09-29,43.82699966430664,44.14400100708008,43.30699920654297,43.499000549316406,43.468605041503906,397830000.0
2023-10-02,44.029998779296875,45.17499923706055,43.861000061035156,44.78200149536133,44.750709533691406,433298000.0
2023-10-03,44.80799865722656,45.130001068115234,43.24599838256836,43.516998291015625,43.48658752441406,470850000.0
2023-10-04,43.742000579833984,44.143001556396484,43.29199981689453,44.04100036621094,44.01022720336914,361821000.0
2023-10-05,44.04999923706055,44.900001525878906,43.88800048828125,44.6879997253418,44.65677261352539,393483000.0
2023-10-06,44.19300079345703,45.78900146484375,44.0260009765625,45.762001037597656,45.73002624511719,434436000.0
2023-10-09,44.84199905395508,45.60499954223633,44.36800003051758,45.27299880981445,45.24136734008789,409675000.0
2023-10-10,45.310001373291016,46.25899887084961,45.0880012512207,45.79800033569336,45.765995025634766,368582000.0
2023-10-11,46.19599914550781,46.85900115966797,46.04999923706055,46.805999755859375,46.77328872680664,378137000.0
2023-10-12,46.777000427246094,47.60900115966797,46.33000183105469,46.94499969482422,46.912193298339844,481325000.0
2023-10-13,46.959999084472656,47.11600112915039,45.279998779296875,45.46099853515625,45.429229736328125,474115000.0
2023-10-16,45.0629997253418,46.224998474121094,44.9119987487793,46.095001220703125,46.06279754638672,375099000.0
2023-10-17,44.0,44.75400161743164,42.47999954223633,43.9379997253418,43.90729904174805,812333000.0
2023-10-18,42.590999603271484,43.21900177001953,41.82500076293945,42.19599914550781,42.1665153503418,627294000.0
2023-10-19,42.81100082397461,43.297000885009766,41.88199996948242,42.10100173950195,42.07158660888672,501233000.0
2023-10-20,41.88999938964844,42.470001220703125,41.077999114990234,41.387001037597656,41.35808181762695,477266000.0
2023-10-23,41.229000091552734,43.24800109863281,40.94499969482422,42.974998474121094,42.944969177246094,478530000.0
2023-10-24,43.07699966430664,43.696998596191406,42.691001892089844,43.66299819946289,43.63248825073242,401463000.0
2023-10-25,43.39799880981445,43.650001525878906,41.55500030517578,41.77899932861328,41.74980926513672,398379000.0
2023-10-26,41.85300064086914,42.25600051879883,39.880001068115234,40.32600021362305,40.297821044921875,541001000.0
2023-10-27,41.130001068115234,41.20600128173828,40.01499938964844,40.5,40.47169876098633,416784000.0
2023-10-30,41.08700180053711,41.76599884033203,40.48099899291992,41.1609992980957,41.13223648071289,388028000.0
2023-10-31,40.45000076293945,40.87900161743164,39.22999954223633,40.779998779296875,40.75149917602539,517969000.0
2023-11-01,40.88399887084961,42.38100051879883,40.86899948120117,42.32500076293945,42.295433044433594,437593000.0
2023-11-02,43.327999114990234,43.88399887084961,42.89400100708008,43.50600051879883,43.47559356689453,409172000.0
2023-11-03,44.02000045776367,45.308998107910156,43.722999572753906,45.005001068115234,44.97355270385742,424610000.0
2023-11-06,45.28499984741211,45.935001373291016,44.89899826049805,45.750999450683594,45.719032287597656,400733000.0
2023-11-07,45.71900177001953,46.21799850463867,45.15800094604492,45.95500183105469,45.92289352416992,343165000.0
2023-11-08,46.099998474121094,46.867000579833984,45.96799850463867,46.57400131225586,46.54145812988281,346719000.0
2023-11-09,47.46699905395508,48.22999954223633,46.75,46.95000076293945,46.91719436645508,540496000.0
2023-11-10,47.5,48.47200012207031,47.28300094604492,48.334999084472656,48.30121994018555,421245000.0
2023-11-13,48.31999969482422,49.11600112915039,48.0989990234375,48.619998931884766,48.58602523803711,384136000.0
2023-11-14,49.68000030517578,49.83399963378906,49.040000915527344,49.65599822998047,49.621299743652344,416954000.0
2023-11-15,49.935001373291016,49.959999084472656,48.20000076293945,48.88800048828125,48.85383224487305,475497000.0
2023-11-16,48.67900085449219,49.525001525878906,48.33000183105469,49.47999954223633,49.445430755615234,339756000.0
2023-11-17,49.52399826049805,49.71699905395508,49.00699996948242,49.29800033569336,49.26355743408203,325205000.0
2023-11-20,49.3120002746582,50.54800033569336,49.180999755859375,50.409000396728516,50.373779296875,414120000.0
2023-11-21,50.125999450683594,50.516998291015625,49.22200012207031,49.944000244140625,49.909095764160156,565747000.0
2023-11-22,49.85200119018555,50.334999084472656,47.689998626708984,48.715999603271484,48.681949615478516,899420000.0
2023-11-23,49.85200119018555,50.334999084472656,47.689998626708984,48.715999603271484,48.681949615478516,899420000.0
2023-11-24,48.470001220703125,48.92100143432617,47.744998931884766,47.7760009765625,47.74261474609375,294645000.0
2023-11-27,47.79999923706055,48.529998779296875,47.652000427246094,48.242000579833984,48.208290100097656,395662000.0
2023-11-28,48.236000061035156,48.323001861572266,47.472999572753906,47.82099914550781,47.7875862121582,401491000.0
2023-11-29,48.37900161743164,48.762001037597656,47.86000061035156,48.13999938964844,48.10636520385742,382005000.0
2023-11-30,48.02399826049805,48.11000061035156,46.422000885009766,46.77000045776367,46.73731994628906,526247000.0
2023-12-01,46.525001525878906,47.20000076293945,46.1870002746582,46.76499938964844,46.732322692871094,369317000.0
2023-12-04,46.07699966430664,46.07699966430664,45.0099983215332,45.5099983215332,45.47819519042969,437543000.0
2023-12-05,45.465999603271484,46.599998474121094,45.270999908447266,46.566001892089844,46.53755187988281,371718000.0
2023-12-06,47.21500015258789,47.387001037597656,45.4119987487793,45.50299835205078,45.475196838378906,380590000.0
2023-12-07,45.70000076293945,46.62900161743164,45.604000091552734,46.59600067138672,46.567535400390625,350823000.0
2023-12-08,46.595001220703125,47.74100112915039,46.54999923706055,47.50600051879883,47.47697448730469,359224000.0
2023-12-11,47.49100112915039,47.53099822998047,45.83000183105469,46.62699890136719,46.5985107421875,509728000.0
2023-12-12,46.04600143432617,47.66600036621094,46.04600143432617,47.65700149536133,47.62788772583008,372387000.0
2023-12-13,47.62900161743164,48.59400177001953,47.608001708984375,48.0880012512207,48.05862808227539,447792000.0
2023-12-14,48.38999938964844,48.66999816894531,47.422000885009766,48.349998474121094,48.320465087890625,391232000.0
2023-12-15,48.194000244140625,49.40399932861328,48.119998931884766,48.88999938964844,48.860130310058594,479948000.0
2023-12-18,49.400001525878906,50.43299865722656,49.150001525878906,50.07699966430664,50.04641342163086,412587000.0
2023-12-19,49.42399978637695,49.70000076293945,48.89500045776367,49.604000091552734,49.573692321777344,464444000.0
2023-12-20,49.654998779296875,49.999000549316406,48.097999572753906,48.111000061035156,48.08160400390625,397894000.0
2023-12-21,48.81100082397461,49.095001220703125,48.41899871826172,48.9900016784668,48.96006774902344,300425000.0
2023-12-22,49.19499969482422,49.382999420166016,48.46699905395508,48.83000183105469,48.800167083740234,252507000.0
2023-12-25,49.19499969482422,49.382999420166016,48.46699905395508,48.83000183105469,48.800167083740234,252507000.0
2023-12-26,48.96799850463867,49.599998474121094,48.959999084472656,49.27899932861328,49.2488899230957,244200000.0
2023-12-27,49.51100158691406,49.68000030517578,49.084999084472656,49.41699981689453,49.38681411743164,233648000.0
2023-12-28,49.643001556396484,49.88399887084961,49.4119987487793,49.52199935913086,49.49174880981445,246587000.0
2023-12-29,49.8129997253418,49.99700164794922,48.750999450683594,49.52199935913086,49.49174880981445,389293000.0
2024-01-01,49.8129997253418,49.99700164794922,48.750999450683594,49.52199935913086,49.49174880981445,389293000.0
2024-01-02,49.24399948120117,49.29499816894531,47.595001220703125,48.167999267578125,48.13856887817383,411254000.0
2024-01-03,47.48500061035156,48.183998107910156,47.31999969482422,47.569000244140625,47.539939880371094,320896000.0
2024-01-04,47.766998291015625,48.5,47.507999420166016,47.99800109863281,47.96867752075195,306535000.0
2024-01-05,48.46200180053711,49.547000885009766,48.305999755859375,49.09700012207031,49.0670051574707,415039000.0
2024-01-08,49.512001037597656,52.275001525878906,49.479000091552734,52.25299835205078,52.2210807800293,642510000.0
2024-01-09,52.4010009765625,54.32500076293945,51.689998626708984,53.13999938964844,53.10753631591797,773100000.0
2024-01-10,53.61600112915039,54.599998474121094,53.48899841308594,54.349998474121094,54.31679916381836,533796000.0
2024-01-11,54.999000549316406,55.34600067138672,53.560001373291016,54.821998596191406,54.78850555419922,596759000.0
2024-01-12,54.619998931884766,54.970001220703125,54.33000183105469,54.709999084472656,54.67658233642578,352994000.0
2024-01-15,54.619998931884766,54.970001220703125,54.33000183105469,54.709999084472656,54.67658233642578,352994000.0
2024-01-16,55.018001556396484,56.834999084472656,54.900001525878906,56.38199996948242,56.347557067871094,449580000.0
2024-01-17,56.34700012207031,56.47100067138672,54.7400016784668,56.053001403808594,56.01875686645508,474394000.0
2024-01-18,57.2599983215332,57.599998474121094,56.106998443603516,57.106998443603516,57.072113037109375,491650000.0
2024-01-19,57.98899841308594,59.5,57.224998474121094,59.49100112915039,59.454654693603516,543501000.0
2024-01-22,60.04899978637695,60.33100128173828,59.06999969482422,59.65399932861328,59.61756134033203,452955000.0
2024-01-23,59.56999969482422,59.90999984741211,58.584999084472656,59.87300109863281,59.83642578125,294654000.0
2024-01-24,60.30400085449219,62.8489990234375,59.9379997253418,61.36199951171875,61.32450866699219,560271000.0
2024-01-25,62.349998474121094,62.71900177001953,60.849998474121094,61.617000579833984,61.57936096191406,482777000.0
2024-01-26,60.959999084472656,61.78300094604492,60.573001861572266,61.03099822998047,60.99371337890625,390309000.0
2024-01-29,61.231998443603516,62.48899841308594,60.90700149536133,62.46500015258789,62.426841735839844,348733000.0
2024-01-30,62.900001525878906,63.49300003051758,62.2599983215332,62.77399826049805,62.73564147949219,410735000.0
2024-01-31,61.439998626708984,62.26900100708008,60.70000076293945,61.527000427246094,61.48941421508789,453795000.0
2024-02-01,62.099998474121094,63.191001892089844,61.650001525878906,63.027000427246094,62.98849868774414,369146000.0
2024-02-02,63.9739990234375,66.5999984741211,63.689998626708984,66.16000366210938,66.11958312988281,476578000.0
2024-02-05,68.2249984741211,69.49700164794922,67.20500183105469,69.33200073242188,69.2896499633789,680078000.0
2024-02-06,69.62999725341797,69.75399780273438,66.30000305175781,68.2229995727539,68.18132019042969,683111000.0
2024-02-07,68.31900024414062,70.22000122070312,67.5999984741211,70.0989990234375,70.05616760253906,495575000.0
2024-02-08,70.0739974975586,70.79399871826172,69.45500183105469,69.64099884033203,69.59844207763672,414422000.0
2024-02-09,70.53299713134766,72.18499755859375,70.21199798583984,72.13300323486328,72.08893585205078,436637000.0
2024-02-12,72.5999984741211,74.61100006103516,71.25,72.24800109863281,72.203857421875,613710000.0
2024-02-13,70.4000015258789,73.44999694824219,69.62000274658203,72.12799835205078,72.08394622802734,602580000.0
2024-02-14,73.2020034790039,74.23600006103516,71.93800354003906,73.9000015258789,73.8548583984375,504917000.0
2024-02-15,73.86900329589844,73.9749984741211,72.4000015258789,72.65799713134766,72.61361694335938,420122000.0
2024-02-16,74.0999984741211,74.4020004272461,72.5009994506836,72.61299896240234,72.56863403320312,495327000.0
2024-02-19,74.0999984741211,74.4020004272461,72.5009994506836,72.61299896240234,72.56863403320312,495327000.0
2024-02-20,71.9469985961914,71.95600128173828,67.73400115966797,69.4520034790039,69.4095687866211,704833000.0
2024-02-21,68.00599670410156,68.88800048828125,66.24800109863281,67.47200012207031,67.4307861328125,673755000.0
2024-02-22,75.0250015258789,78.57499694824219,74.22000122070312,78.53800201416016,78.49002838134766,865100000.0
2024-02-23,80.79000091552734,82.39399719238281,77.56999969482422,78.81700134277344,78.76885986328125,829388000.0
2024-02-26,79.69999694824219,80.64600372314453,78.50499725341797,79.09200286865234,79.04368591308594,503973000.0
2024-02-27,79.38099670410156,79.4800033569336,77.16200256347656,78.70099639892578,78.65292358398438,391705000.0
2024-02-28,77.62000274658203,78.93299865722656,77.125,77.66300201416016,77.61556243896484,393110000.0
2024-02-29,79.09400177001953,79.98999786376953,78.3499984741211,79.11199951171875,79.06367492675781,507289000.0
2024-03-01,80.0,82.30000305175781,79.43499755859375,82.27899932861328,82.22872924804688,479135000.0
2024-03-04,84.12999725341797,87.69499969482422,83.71900177001953,85.23699951171875,85.1849136352539,615616000.0
2024-03-05,85.2699966430664,86.09700012207031,83.41699981689453,85.96399688720703,85.91551208496094,520639000.0
2024-03-06,88.02200317382812,89.7239990234375,87.02999877929688,88.69999694824219,88.64997100830078,582520000.0
2024-03-07,90.15799713134766,92.76699829101562,89.60199737548828,92.66899871826172,92.6167221069336,608119000.0
2024-03-08,95.13800048828125,97.4000015258789,86.50599670410156,87.52799987792969,87.47863006591797,1142269000.0
2024-03-11,86.42900085449219,88.7969970703125,84.16600036621094,85.77400207519531,85.72562408447266,678364000.0
2024-03-12,88.04900360107422,91.95999908447266,86.1500015258789,91.91300201416016,91.86116790771484,668075000.0
2024-03-13,91.05500030517578,91.50399780273438,88.43499755859375,90.88800048828125,90.83673858642578,635713000.0
2024-03-14,89.5770034790039,90.64600372314453,86.5999984741211,87.94400024414062,87.89439392089844,602318000.0
2024-03-15,86.93000030517578,89.5459976196289,86.25700378417969,87.83699798583984,87.7874526977539,642086000.0
2024-03-18,90.38800048828125,92.40499877929688,87.08499908447266,88.45500183105469,88.40511322021484,668976000.0
2024-03-19,86.69999694824219,90.54399871826172,85.01000213623047,89.39800262451172,89.34758758544922,672171000.0
2024-03-20,89.7969970703125,90.41000366210938,88.2229995727539,90.37200164794922,90.32102966308594,479063000.0
2024-03-21,92.30000305175781,92.64800262451172,90.40499877929688,91.43499755859375,91.38341522216797,480372000.0
2024-03-22,91.14099884033203,94.77799987792969,90.83399963378906,94.28900146484375,94.2358169555664,586719000.0
2024-03-25,93.94100189208984,96.76599884033203,93.51000213623047,95.00199890136719,94.94840240478516,552136000.0
2024-03-26,95.85099792480469,96.375,92.50199890136719,92.56099700927734,92.50879669189453,513648000.0
2024-03-27,93.11199951171875,93.23999786376953,89.12300109863281,90.25,90.1990966796875,586067000.0
2024-03-28,90.0,91.30000305175781,89.19300079345703,90.35600280761719,90.3050308227539,435212000.0
2024-03-29,90.0,91.30000305175781,89.19300079345703,90.35600280761719,90.3050308227539,435212000.0
2024-04-01,90.29900360107422,92.2249984741211,89.2040023803711,90.36299896240234,90.31202697753906,452441000.0
2024-04-02,88.447998046875,90.09400177001953,87.62000274658203,89.4520034790039,89.40154266357422,433064000.0
2024-04-03,88.48400115966797,90.3740005493164,88.4000015258789,88.96399688720703,88.913818359375,370067000.0
2024-04-04,90.40599822998047,90.63400268554688,85.87999725341797,85.90499877929688,85.85653686523438,434965000.0
2024-04-05,86.86599731445312,88.48100280761719,85.9260025024414,88.00800323486328,87.9583740234375,399678000.0
2024-04-08,88.69999694824219,88.83000183105469,86.73200225830078,87.13300323486328,87.08385467529297,283220000.0
2024-04-09,87.44200134277344,87.63500213623047,83.02200317382812,85.35399627685547,85.30584716796875,501700000.0
2024-04-10,83.9260025024414,87.4000015258789,83.70899963378906,87.03900146484375,86.98990631103516,431929000.0
2024-04-11,87.41999816894531,90.73899841308594,86.9260025024414,90.61599731445312,90.56488800048828,431637000.0
2024-04-12,89.6989974975586,90.17500305175781,87.52999877929688,88.18599700927734,88.1362533569336,426805000.0
2024-04-15,89.0979995727539,90.61299896240234,85.92900085449219,86.0009994506836,85.95249938964844,443077000.0
2024-04-16,86.43299865722656,88.11799621582031,86.06400299072266,87.41500091552734,87.36569213867188,370453000.0
2024-04-17,88.33999633789062,88.7750015258789,83.94999694824219,84.03500366210938,83.98759460449219,495400000.0
2024-04-18,84.97000122070312,86.19000244140625,82.4020004272461,84.6709976196289,84.62323760986328,447260000.0
2024-04-19,83.1500015258789,84.3239974975586,75.60600280761719,76.19999694824219,76.15702056884766,875198000.0
2024-04-22,78.10399627685547,80.072998046875,76.4000015258789,79.51799774169922,79.47315216064453,596341000.0
2024-04-23,80.76899719238281,82.76899719238281,80.26399993896484,82.4229965209961,82.37651062011719,438559000.0
2024-04-24,83.94999694824219,84.08200073242188,79.18299865722656,79.677001953125,79.63206481933594,512208000.0
2024-04-25,78.86799621582031,83.322998046875,78.2229995727539,82.63200378417969,82.58539581298828,424641000.0
2024-04-26,83.81800079345703,88.33100128173828,83.38700103759766,87.73500061035156,87.68553161621094,551011000.0
2024-04-29,87.59500122070312,87.99199676513672,85.26599884033203,87.75700378417969,87.70750427246094,388971000.0
2024-04-30,87.23999786376953,88.81900024414062,86.30000305175781,86.4020004272461,86.35327911376953,363709000.0
2024-05-01,85.0770034790039,86.0,81.25499725341797,83.04100036621094,82.99414825439453,559863000.0
2024-05-02,84.4489974975586,86.23699951171875,83.19999694824219,85.81700134277344,85.76859283447266,377898000.0
2024-05-03,87.78900146484375,89.28099822998047,87.04000091552734,88.78900146484375,88.7389144897461,398341000.0
2024-05-06,89.38999938964844,92.22000122070312,89.05500030517578,92.13999938964844,92.08802032470703,376203000.0
2024-05-07,91.0979995727539,91.78099822998047,89.01100158691406,90.55400085449219,90.5029296875,437342000.0
2024-05-08,89.48300170898438,91.19400024414062,89.41999816894531,90.41200256347656,90.36102294921875,325721000.0
2024-05-09,90.52899932861328,91.0719985961914,88.23100280761719,88.74700164794922,88.69694519042969,378013000.0
2024-05-10,90.30500030517578,91.4010009765625,89.22699737548828,89.87799835205078,89.82730865478516,335325000.0
2024-05-13,90.47799682617188,90.99800109863281,88.52899932861328,90.39900207519531,90.3480224609375,289680000.0
2024-05-14,89.5989990234375,91.6510009765625,88.93399810791016,91.35600280761719,91.30448150634766,296507000.0
2024-05-15,92.47200012207031,94.86199951171875,91.5989990234375,94.62999725341797,94.57662963867188,417735000.0
2024-05-16,94.91000366210938,95.81900024414062,94.10299682617188,94.35900115966797,94.30577850341797,323952000.0
2024-05-17,94.36900329589844,94.73999786376953,91.80599975585938,92.47899627685547,92.42683410644531,359691000.0
2024-05-20,93.75,95.19999694824219,93.44000244140625,94.77999877929688,94.72654724121094,318764000.0
2024-05-21,93.5989990234375,95.4000015258789,93.18000030517578,95.38600158691406,95.33219909667969,328946000.0
2024-05-22,95.45899963378906,96.0199966430664,93.2490005493164,94.94999694824219,94.89645385742188,548648000.0
2024-05-23,102.02799987792969,106.31999969482422,101.5199966430664,103.79900360107422,103.74046325683594,835065000.0
2024-05-24,104.4489974975586,106.4749984741211,103.0,106.46900177001953,106.4089584350586,429494000.0
2024-05-27,104.4489974975586,106.4749984741211,103.0,106.46900177001953,106.4089584350586,429494000.0
2024-05-28,110.24400329589844,114.93900299072266,109.88300323486328,113.9010009765625,113.83676147460938,652728000.0
2024-05-29,113.05000305175781,115.49199676513672,110.9010009765625,114.82499694824219,114.7602310180664,557442000.0
2024-05-30,114.6500015258789,115.81900024414062,109.66300201416016,110.5,110.43766784667969,484553000.0
2024-05-31,112.5199966430664,112.71700286865234,106.94000244140625,109.63300323486328,109.57115936279297,613263000.0
2024-06-03,113.62100219726562,115.0,112.00299835205078,115.0,114.93512725830078,438392000.0
2024-06-04,115.71600341796875,116.5999984741211,114.04499816894531,116.43699645996094,116.37133026123047,403324000.0
2024-06-05,118.37100219726562,122.4489974975586,117.46800231933594,122.44000244140625,122.3709487915039,528402000.0
2024-06-06,124.0479965209961,125.58699798583984,118.31999969482422,120.99800109863281,120.92976379394531,664696000.0
2024-06-07,119.7699966430664,121.69200134277344,118.02200317382812,120.88800048828125,120.81981658935547,412386000.0
2024-06-10,120.37000274658203,123.0999984741211,117.01000213623047,121.79000091552734,121.72130584716797,313434100.0
2024-06-11,121.7699966430664,122.87000274658203,118.73999786376953,120.91000366210938,120.85173797607422,222551200.0
2024-06-12,123.05999755859375,126.87999725341797,122.56999969482422,125.19999694824219,125.1396713256836,299595000.0
2024-06-13,129.38999938964844,129.8000030517578,127.16000366210938,129.61000061035156,129.5475311279297,260704500.0
2024-06-14,129.9600067138672,132.83999633789062,128.32000732421875,131.8800048828125,131.8164520263672,309320400.0
2024-06-17,132.99000549316406,133.72999572753906,129.5800018310547,130.97999572753906,130.9168701171875,288504400.0
2024-06-18,131.13999938964844,136.3300018310547,130.69000244140625,135.5800018310547,135.51466369628906,294335100.0
2024-06-19,131.13999938964844,136.3300018310547,130.69000244140625,135.5800018310547,135.51466369628906,294335100.0
2024-06-20,139.8000030517578,140.75999450683594,129.52000427246094,130.77999877929688,130.71697998046875,517768400.0
2024-06-21,127.12000274658203,130.6300048828125,124.30000305175781,126.56999969482422,126.50900268554688,649445800.0
2024-06-24,123.23999786376953,124.45999908447266,118.04000091552734,118.11000061035156,118.05308532714844,476060900.0
2024-06-25,121.19999694824219,126.5,119.31999969482422,126.08999633789062,126.02922821044922,414192600.0
2024-06-26,126.12999725341797,128.1199951171875,122.5999984741211,126.4000015258789,126.3390884399414,362975900.0
2024-06-27,124.0999984741211,126.41000366210938,122.91999816894531,123.98999786376953,123.93024444580078,252571700.0
2024-06-28,124.58000183105469,127.70999908447266,122.75,123.54000091552734,123.48046875,315516700.0
2024-07-01,123.47000122070312,124.83999633789062,118.83000183105469,124.30000305175781,124.24010467529297,284885500.0
2024-07-02,121.12999725341797,123.41000366210938,121.02999877929688,122.66999816894531,122.61088562011719,218374000.0
2024-07-03,121.66000366210938,128.27999877929688,121.36000061035156,128.27999877929688,128.21817016601562,215749000.0
2024-07-04,121.66000366210938,128.27999877929688,121.36000061035156,128.27999877929688,128.21817016601562,215749000.0
2024-07-05,127.37999725341797,128.85000610351562,125.68000030517578,125.83000183105469,125.76936340332031,214176700.0
2024-07-08,127.48999786376953,130.77000427246094,127.04000091552734,128.1999969482422,128.13819885253906,237677300.0
2024-07-09,130.35000610351562,133.82000732421875,128.64999389648438,131.3800048828125,131.3166961669922,285366600.0
2024-07-10,134.02999877929688,135.10000610351562,132.4199981689453,134.91000366210938,134.84498596191406,248978600.0
2024-07-11,135.75,136.14999389648438,127.05000305175781,127.4000015258789,127.33861541748047,374782700.0
2024-07-12,128.25999450683594,131.9199981689453,127.22000122070312,129.24000549316406,129.17774963378906,252680500.0
2024-07-15,130.55999755859375,131.38999938964844,127.18000030517578,128.44000244140625,128.37811279296875,208326200.0
2024-07-16,128.44000244140625,129.0399932861328,124.58000183105469,126.36000061035156,126.29910278320312,214769500.0
2024-07-17,121.3499984741211,121.8499984741211,116.72000122070312,117.98999786376953,117.9331283569336,390086200.0
2024-07-18,121.8499984741211,122.4000015258789,116.55999755859375,121.08999633789062,121.03164672851562,320979500.0
2024-07-19,120.3499984741211,121.5999984741211,117.37000274658203,117.93000030517578,117.8731689453125,217223800.0
2024-07-22,120.3499984741211,124.06999969482422,119.86000061035156,123.54000091552734,123.48046875,258068900.0
2024-07-23,122.77999877929688,124.69000244140625,122.0999984741211,122.58999633789062,122.53091430664062,173911000.0
2024-07-24,119.16999816894531,119.94999694824219,113.44000244140625,114.25,114.19493865966797,327776900.0
2024-07-25,113.04000091552734,116.62999725341797,106.30000305175781,112.27999877929688,112.22588348388672,460067000.0
2024-07-26,116.19000244140625,116.19999694824219,111.58000183105469,113.05999755859375,113.0055160522461,293399100.0
2024-07-29,113.69000244140625,116.27999877929688,111.30000305175781,111.58999633789062,111.53620910644531,248152100.0
2024-07-30,111.5199966430664,111.98999786376953,102.54000091552734,103.7300033569336,103.68000793457031,486833300.0
2024-07-31,112.9000015258789,118.33999633789062,110.87999725341797,117.0199966430664,116.96359252929688,473174200.0
2024-08-01,117.52999877929688,120.16000366210938,106.80999755859375,109.20999908447266,109.15736389160156,523462300.0
2024-08-02,103.76000213623047,108.72000122070312,101.37000274658203,107.2699966430664,107.21829986572266,482027500.0
2024-08-05,92.05999755859375,103.41000366210938,90.69000244140625,100.44999694824219,100.4015884399414,552842400.0
2024-08-06,103.83999633789062,107.70999908447266,100.55000305175781,104.25,104.19976043701172,409012100.0
2024-08-07,107.80999755859375,108.80000305175781,98.69000244140625,98.91000366210938,98.86233520507812,411440400.0
2024-08-08,102.0,105.5,97.5199966430664,104.97000122070312,104.91940307617188,391910000.0
2024-08-09,105.63999938964844,106.5999984741211,103.43000030517578,104.75,104.69952392578125,290844200.0
2024-08-12,106.31999969482422,111.06999969482422,106.26000213623047,109.0199966430664,108.96746063232422,325559900.0
2024-08-13,112.44000244140625,116.2300033569336,111.58000183105469,116.13999938964844,116.08402252197266,312646700.0
2024-08-14,118.52999877929688,118.5999984741211,114.06999969482422,118.08000183105469,118.0230941772461,339246400.0
2024-08-15,118.76000213623047,123.23999786376953,117.47000122070312,122.86000061035156,122.80078887939453,318086700.0
2024-08-16,121.94000244140625,125.0,121.18000030517578,124.58000183105469,124.51996612548828,302589900.0
2024-08-19,124.27999877929688,130.0,123.41999816894531,130.0,129.93734741210938,318333600.0
2024-08-20,128.39999389648438,129.8800048828125,125.88999938964844,127.25,127.18868255615234,300087400.0
2024-08-21,127.31999969482422,129.35000610351562,126.66000366210938,128.5,128.4380645751953,257883600.0
2024-08-22,130.02000427246094,130.75,123.0999984741211,123.73999786376953,123.68036651611328,376189100.0
2024-08-23,125.86000061035156,129.60000610351562,125.22000122070312,129.3699951171875,129.30764770507812,323230300.0
2024-08-26,129.57000732421875,131.25999450683594,124.37000274658203,126.45999908447266,126.39905548095703,331964700.0
2024-08-27,125.05000305175781,129.1999969482422,123.87999725341797,128.3000030517578,128.23817443847656,303134600.0
2024-08-28,128.1199951171875,128.3300018310547,122.63999938964844,125.61000061035156,125.54946899414062,448101100.0
2024-08-29,121.36000061035156,124.43000030517578,116.70999908447266,117.58999633789062,117.5333251953125,453023300.0
2024-08-30,119.52999877929688,121.75,117.22000122070312,119.37000274658203,119.3124771118164,333751600.0
2024-09-02,119.52999877929688,121.75,117.22000122070312,119.37000274658203,119.3124771118164,333751600.0
2024-09-03,116.01000213623047,116.20999908447266,107.29000091552734,108.0,107.94795227050781,477155100.0
2024-09-04,105.41000366210938,113.2699966430664,104.12000274658203,106.20999908447266,106.15880584716797,372470300.0
2024-09-05,104.98999786376953,109.6500015258789,104.76000213623047,107.20999908447266,107.1583251953125,306850700.0
2024-09-06,108.04000091552734,108.1500015258789,100.94999694824219,102.83000183105469,102.78044891357422,413638100.0
2024-09-09,104.87999725341797,106.55000305175781,103.69000244140625,106.47000122070312,106.41869354248047,273912000.0
2024-09-10,107.80999755859375,109.4000015258789,104.94999694824219,108.0999984741211,108.04789733886719,268283700.0
2024-09-11,109.38999938964844,117.19000244140625,107.41999816894531,116.91000366210938,116.85365295410156,441422400.0
2024-09-12,116.83999633789062,120.79000091552734,115.37999725341797,119.13999938964844,119.0927734375,366052700.0
2024-09-13,119.08000183105469,119.95999908447266,117.5999984741211,119.0999984741211,119.05278778076172,238358300.0
2024-09-16,116.79000091552734,118.18000030517578,114.36000061035156,116.77999877929688,116.73370361328125,248772300.0
2024-09-17,118.16999816894531,118.80000305175781,114.83000183105469,115.58999633789062,115.54417419433594,231925900.0
2024-09-18,115.88999938964844,117.69999694824219,113.22000122070312,113.37000274658203,113.32505798339844,310318900.0
2024-09-19,117.3499984741211,119.66000366210938,117.25,117.87000274658203,117.82327270507812,293506400.0
2024-09-20,117.05999755859375,118.62000274658203,115.38999938964844,116.0,115.95401763916016,382462400.0
2024-09-23,116.55000305175781,116.98999786376953,114.86000061035156,116.26000213623047,116.21391296386719,206228500.0
2024-09-24,116.5199966430664,121.80000305175781,115.37999725341797,120.87000274658203,120.82209014892578,354966800.0
2024-09-25,122.0199966430664,124.94000244140625,121.61000061035156,123.51000213623047,123.4610366821289,284692900.0
2024-09-26,126.80000305175781,127.66999816894531,121.80000305175781,124.04000091552734,123.9908218383789,302582900.0
2024-09-27,123.97000122070312,124.02999877929688,119.26000213623047,121.4000015258789,121.35187530517578,271009200.0
2024-09-30,118.30999755859375,121.5,118.1500015258789,121.44000244140625,121.39186096191406,226553700.0
2024-10-01,121.7699966430664,122.44000244140625,115.79000091552734,117.0,116.95361328125,302094500.0
2024-10-02,116.44000244140625,119.37999725341797,115.13999938964844,118.8499984741211,118.80288696289062,221845900.0
2024-10-03,120.91999816894531,124.36000061035156,120.33999633789062,122.8499984741211,122.80130004882812,277118000.0
2024-10-04,124.94000244140625,125.04000091552734,121.83000183105469,124.91999816894531,124.8704833984375,243678100.0
2024-10-07,124.98999786376953,130.63999938964844,124.94999694824219,127.72000122070312,127.66937255859375,346250200.0
2024-10-08,130.25999450683594,133.47999572753906,129.4199981689453,132.88999938964844,132.83731079101562,285722500.0
2024-10-09,134.11000061035156,134.52000427246094,131.3800048828125,132.64999389648438,132.597412109375,246191600.0
2024-10-10,131.91000366210938,135.0,131.0,134.80999755859375,134.75656127929688,242311300.0
2024-10-11,134.00999450683594,135.77999877929688,133.66000366210938,134.8000030517578,134.74656677246094,170209500.0
2024-10-14,136.47000122070312,139.60000610351562,136.3000030517578,138.07000732421875,138.01527404785156,232347700.0
2024-10-15,137.8699951171875,138.57000732421875,128.74000549316406,131.60000610351562,131.54783630371094,377831000.0
2024-10-16,133.97999572753906,136.6199951171875,131.5800018310547,135.72000122070312,135.66619873046875,264879700.0
2024-10-17,139.33999633789062,140.88999938964844,136.8699951171875,136.92999267578125,136.87571716308594,306435900.0
2024-10-18,138.6699981689453,138.89999389648438,137.27999877929688,138.0,137.94529724121094,176090200.0
2024-10-21,138.1300048828125,143.7100067138672,138.0,143.7100067138672,143.6530303955078,264554500.0
2024-10-22,142.91000366210938,144.4199981689453,141.77999877929688,143.58999633789062,143.5330810546875,226311600.0
2024-10-23,142.02999877929688,142.42999267578125,137.4600067138672,139.55999755859375,139.50466918945312,285930000.0
2024-10-24,140.82000732421875,141.35000610351562,138.4600067138672,140.41000366210938,140.35433959960938,172354900.0
2024-10-25,140.92999267578125,144.1300048828125,140.8000030517578,141.5399932861328,141.48388671875,205122100.0
2024-10-28,143.0,143.13999938964844,140.0500030517578,140.52000427246094,140.4643096923828,173586700.0
2024-10-29,140.2899932861328,142.25999450683594,138.89999389648438,141.25,141.19400024414062,157593600.0
2024-10-30,139.5399932861328,140.3300018310547,136.80999755859375,139.33999633789062,139.28475952148438,179418100.0
2024-10-31,137.60000610351562,137.61000061035156,132.11000061035156,132.75999450683594,132.70738220214844,270039600.0
2024-11-01,134.6999969482422,137.30999755859375,134.57000732421875,135.39999389648438,135.34632873535156,207127800.0
2024-11-04,137.2100067138672,138.9600067138672,135.57000732421875,136.0500030517578,135.99606323242188,187528200.0
2024-11-05,137.4499969482422,140.3699951171875,137.3300018310547,139.91000366210938,139.8545379638672,160537400.0
2024-11-06,142.9600067138672,146.49000549316406,141.9600067138672,145.61000061035156,145.5522918701172,242043900.0
2024-11-07,146.38999938964844,148.92999267578125,146.1699981689453,148.8800048828125,148.8209991455078,207323300.0
2024-11-08,148.77000427246094,149.77000427246094,146.25999450683594,147.6300048828125,147.57147216796875,175665800.0
2024-11-11,148.67999267578125,148.85000610351562,143.57000732421875,145.25999450683594,145.20240783691406,182325600.0
2024-11-12,146.77999877929688,149.64999389648438,146.00999450683594,148.2899932861328,148.23118591308594,198634700.0
2024-11-13,149.07000732421875,149.3300018310547,145.89999389648438,146.27000427246094,146.2120361328125,191903300.0
2024-11-14,147.63999938964844,149.0,145.5500030517578,146.75999450683594,146.70181274414062,194463300.0
2024-11-15,144.8699951171875,145.24000549316406,140.0800018310547,141.97999572753906,141.92369079589844,250132900.0
2024-11-18,139.5,141.5500030517578,137.14999389648438,140.14999389648438,140.09442138671875,221205300.0
2024-11-19,141.32000732421875,147.1300048828125,140.99000549316406,147.00999450683594,146.95172119140625,227834900.0
2024-11-20,147.41000366210938,147.55999755859375,142.72999572753906,145.88999938964844,145.83216857910156,309871700.0
2024-11-21,149.35000610351562,152.88999938964844,140.6999969482422,146.6699981689453,146.6118621826172,400946600.0
2024-11-22,145.92999267578125,147.16000366210938,141.10000610351562,141.9499969482422,141.89373779296875,236406200.0
2024-11-25,141.99000549316406,142.0500030517578,135.82000732421875,136.02000427246094,135.96607971191406,344941900.0
2024-11-26,137.6999969482422,139.3000030517578,135.6699981689453,136.9199981689453,136.86572265625,190287700.0
2024-11-27,135.00999450683594,137.22000122070312,131.8000030517578,135.33999633789062,135.2863311767578,226370900.0
2024-11-28,135.00999450683594,137.22000122070312,131.8000030517578,135.33999633789062,135.2863311767578,226370900.0
2024-11-29,136.77999877929688,139.35000610351562,136.0500030517578,138.25,138.19520568847656,141863200.0
2024-12-02,138.8300018310547,140.4499969482422,137.82000732421875,138.6300048828125,138.57504272460938,171682800.0
2024-12-03,138.25999450683594,140.5399932861328,137.9499969482422,140.25999450683594,140.20440673828125,164414000.0
2024-12-04,142.0,145.7899932861328,140.2899932861328,145.13999938964844,145.0824737548828,231224300.0
2024-12-05,145.11000061035156,146.5399932861328,143.9499969482422,145.05999755859375,145.01248168945312,172621200.0
2024-12-06,144.60000610351562,145.6999969482422,141.30999755859375,142.44000244140625,142.3933563232422,188505600.0
2024-12-09,138.97000122070312,139.9499969482422,137.1300048828125,138.80999755859375,138.7645263671875,189308600.0
2024-12-10,139.00999450683594,141.82000732421875,133.7899932861328,135.07000732421875,135.0257568359375,210020900.0
2024-12-11,137.36000061035156,140.1699981689453,135.2100067138672,139.30999755859375,139.2643585205078,184905200.0
2024-12-12,137.0800018310547,138.44000244140625,135.8000030517578,137.33999633789062,137.29501342773438,159211400.0
2024-12-13,138.94000244140625,139.60000610351562,132.5399932861328,134.25,134.20602416992188,231514900.0
2024-12-16,134.17999267578125,134.39999389648438,130.4199981689453,132.0,131.95677185058594,237951100.0
2024-12-17,129.08999633789062,131.58999633789062,126.86000061035156,130.38999938964844,130.3472900390625,259410300.0
2024-12-18,133.86000061035156,136.6999969482422,128.27999877929688,128.91000366210938,128.86778259277344,277444500.0
2024-12-19,131.75999450683594,134.02999877929688,129.5500030517578,130.67999267578125,130.6371612548828,209719200.0
2024-12-20,129.80999755859375,135.27999877929688,128.22000122070312,134.6999969482422,134.65586853027344,306528600.0
2024-12-23,136.27999877929688,139.7899932861328,135.1199951171875,139.6699981689453,139.62425231933594,176053500.0
2024-12-24,140.0,141.89999389648438,138.64999389648438,140.22000122070312,140.17408752441406,105157000.0
2024-12-25,140.0,141.89999389648438,138.64999389648438,140.22000122070312,140.17408752441406,105157000.0
2024-12-26,139.6999969482422,140.85000610351562,137.72999572753906,139.92999267578125,139.88417053222656,116205600.0
2024-12-27,138.5500030517578,139.02000427246094,134.7100067138672,137.00999450683594,136.96511840820312,170582600.0
2024-12-30,134.8300018310547,140.27000427246094,134.02000427246094,137.49000549316406,137.44496154785156,167734700.0
2024-12-31,138.02999877929688,138.07000732421875,133.8300018310547,134.2899932861328,134.2460174560547,155659200.0
2025-01-01,138.02999877929688,138.07000732421875,133.8300018310547,134.2899932861328,134.2460174560547,155659200.0
2025-01-02,136.0,138.8800048828125,134.6300048828125,138.30999755859375,138.26470947265625,198247200.0
2025-01-03,140.00999450683594,144.89999389648438,139.72999572753906,144.47000122070312,144.4226837158203,229322500.0
2025-01-06,148.58999633789062,152.16000366210938,147.82000732421875,149.42999267578125,149.38104248046875,265377400.0
2025-01-07,153.02999877929688,153.1300048828125,140.00999450683594,140.13999938964844,140.09408569335938,351782200.0
2025-01-08,142.5800018310547,143.9499969482422,137.55999755859375,140.11000061035156,140.06410217285156,227349900.0
2025-01-09,142.5800018310547,143.9499969482422,137.55999755859375,140.11000061035156,140.06410217285156,227349900.0
2025-01-10,137.4499969482422,139.9199981689453,134.22000122070312,135.91000366210938,135.86549377441406,207602500.0
2025-01-13,129.99000549316406,133.49000549316406,129.50999450683594,133.22999572753906,133.1863555908203,204808900.0
2025-01-14,136.0500030517578,136.3800048828125,130.0500030517578,131.75999450683594,131.71682739257812,195590500.0
2025-01-15,133.64999389648438,136.4499969482422,131.2899932861328,136.24000549316406,136.1953887939453,185217300.0
2025-01-16,138.63999938964844,138.75,133.49000549316406,133.57000732421875,133.5262451171875,209235600.0
2025-01-17,136.69000244140625,138.5,135.4600067138672,137.7100067138672,137.66490173339844,201188800.0
2025-01-20,136.69000244140625,138.5,135.4600067138672,137.7100067138672,137.66490173339844,201188800.0
2025-01-21,139.16000366210938,141.8300018310547,137.08999633789062,140.8300018310547,140.7838592529297,197749000.0
2025-01-22,144.66000366210938,147.7899932861328,143.6699981689453,147.07000732421875,147.0218505859375,237651400.0
2025-01-23,145.0500030517578,147.22999572753906,143.72000122070312,147.22000122070312,147.17178344726562,155915500.0
2025-01-24,148.3699951171875,148.97000122070312,141.8800048828125,142.6199951171875,142.5732879638672,234657600.0
2025-01-27,124.80000305175781,128.39999389648438,116.69999694824219,118.41999816894531,118.38121032714844,818830900.0
2025-01-28,121.80999755859375,129.0,116.25,128.99000549316406,128.94775390625,579666400.0
2025-01-29,126.5,126.88999938964844,120.05000305175781,123.69999694824219,123.65948486328125,467120600.0
2025-01-30,123.0999984741211,125.0,118.0999984741211,124.6500015258789,124.60918426513672,392925500.0
2025-01-31,123.77999877929688,127.8499984741211,119.19000244140625,120.06999969482422,120.03067016601562,388161100.0
2025-02-03,114.75,118.56999969482422,113.01000213623047,116.66000366210938,116.62178802490234,371235700.0
2025-02-04,116.95999908447266,121.19999694824219,116.69999694824219,118.6500015258789,118.61112976074219,256550000.0
2025-02-05,121.76000213623047,125.0,120.76000213623047,124.83000183105469,124.78910827636719,262230800.0
2025-02-06,127.41999816894531,128.77000427246094,125.20999908447266,128.67999267578125,128.6378631591797,251483600.0
2025-02-07,129.22000122070312,130.3699951171875,125.0,129.83999633789062,129.79745483398438,228186300.0
2025-02-10,130.08999633789062,135.0,129.9600067138672,133.57000732421875,133.5262451171875,216989100.0
2025-02-11,132.5800018310547,134.47999572753906,131.02000427246094,132.8000030517578,132.7565155029297,178902400.0
2025-02-12,130.02000427246094,132.24000549316406,129.0800018310547,131.13999938964844,131.0970458984375,160278600.0
2025-02-13,131.55999755859375,136.5,131.1699981689453,135.2899932861328,135.2456817626953,197430000.0
2025-02-14,136.47999572753906,139.25,135.5,138.85000610351562,138.80453491210938,195479600.0
2025-02-17,136.47999572753906,139.25,135.5,138.85000610351562,138.80453491210938,195479600.0
2025-02-18,141.27000427246094,143.44000244140625,137.92999267578125,139.39999389648438,139.35435485839844,219176600.0
2025-02-19,139.50999450683594,141.36000061035156,137.22000122070312,139.22999572753906,139.18438720703125,167536000.0
2025-02-20,140.02999877929688,140.66000366210938,136.7899932861328,140.11000061035156,140.06410217285156,143903600.0
2025-02-21,140.0399932861328,141.4600067138672,134.02999877929688,134.42999267578125,134.38595581054688,228217600.0
2025-02-24,136.55999755859375,138.58999633789062,130.0800018310547,130.27999877929688,130.23733520507812,251381100.0
2025-02-25,129.97999572753906,130.1999969482422,124.44000244140625,126.62999725341797,126.5885238647461,271428700.0
2025-02-26,129.99000549316406,133.72999572753906,128.49000549316406,131.27999877929688,131.23699951171875,322553800.0
2025-02-27,135.0,135.00999450683594,120.01000213623047,120.1500015258789,120.11065673828125,443175800.0
2025-02-28,118.0199966430664,125.08999633789062,116.4000015258789,124.91999816894531,124.87908172607422,389091100.0
2025-03-03,123.51000213623047,123.69999694824219,112.27999877929688,114.05999755859375,114.02263641357422,411381400.0
2025-03-04,110.6500015258789,119.30999755859375,110.11000061035156,115.98999786376953,115.9520034790039,398163300.0
2025-03-05,117.58000183105469,118.27999877929688,114.51000213623047,117.30000305175781,117.2615737915039,284337900.0
2025-03-06,113.52999877929688,115.3499984741211,110.22000122070312,110.56999969482422,110.53378295898438,321181900.0
2025-03-07,111.25,113.4800033569336,107.55999755859375,112.69000244140625,112.65309143066406,341755500.0
2025-03-10,109.9000015258789,111.8499984741211,105.45999908447266,106.9800033569336,106.94496154785156,366487400.0
2025-03-11,106.98999786376953,112.23999786376953,104.7699966430664,108.76000213623047,108.72437286376953,354865700.0
2025-03-12,114.12000274658203,116.76000213623047,112.87999725341797,115.73999786376953,115.71273803710938,323857500.0
2025-03-13,117.02999877929688,117.76000213623047,113.79000091552734,115.58000183105469,115.55277252197266,299033100.0
2025-03-14,118.61000061035156,121.87999725341797,118.1500015258789,121.66999816894531,121.6413345336914,277593500.0
2025-03-17,122.73999786376953,122.88999938964844,118.02999877929688,119.52999877929688,119.50183868408203,255501500.0
2025-03-18,118.0,119.0199966430664,114.54000091552734,115.43000030517578,115.40280151367188,299686900.0
2025-03-19,117.2699966430664,120.44999694824219,115.68000030517578,117.5199966430664,117.4923095703125,273426200.0
2025-03-20,116.55000305175781,120.19999694824219,116.47000122070312,118.52999877929688,118.50206756591797,248829700.0
2025-03-21,116.94000244140625,117.98999786376953,115.41999816894531,117.69999694824219,117.6722640991211,266498500.0
2025-03-24,119.87999725341797,122.22000122070312,119.33999633789062,121.41000366210938,121.38140106201172,228452500.0
2025-03-25,120.55000305175781,121.29000091552734,118.91999816894531,120.69000244140625,120.66156768798828,167447200.0
2025-03-26,118.7300033569336,118.83999633789062,112.70999908447266,113.76000213623047,113.73320007324219,293463300.0
2025-03-27,111.3499984741211,114.44999694824219,110.66000366210938,111.43000030517578,111.40375518798828,236902100.0
2025-03-28,111.48999786376953,112.87000274658203,109.06999969482422,109.66999816894531,109.6441650390625,229872500.0
2025-03-31,105.12999725341797,110.95999908447266,103.6500015258789,108.37999725341797,108.35446166992188,299212700.0
2025-04-01,108.5199966430664,110.19999694824219,106.47000122070312,110.1500015258789,110.12405395507812,222614000.0
2025-04-02,107.29000091552734,111.9800033569336,106.79000091552734,110.41999816894531,110.39398193359375,220601200.0
2025-04-03,103.51000213623047,105.62999725341797,101.5999984741211,101.80000305175781,101.7760238647461,338769400.0
2025-04-04,98.91000366210938,100.12999725341797,92.11000061035156,94.30999755859375,94.28778076171875,532273800.0
2025-04-07,87.45999908447266,101.75,86.62000274658203,97.63999938964844,97.61698913574219,611041300.0
2025-04-08,103.80999755859375,105.8499984741211,94.45999908447266,96.30000305175781,96.27731323242188,476243400.0
2025-04-09,98.88999938964844,115.0999984741211,97.52999877929688,114.33000183105469,114.30306243896484,612918300.0
2025-04-10,109.37000274658203,110.86000061035156,99.1500015258789,107.56999969482422,107.5446548461914,437812400.0
2025-04-11,108.5,111.55000305175781,107.4800033569336,110.93000030517578,110.90386199951172,313417300.0
2025-04-14,114.11000061035156,114.29000091552734,109.06999969482422,110.70999908447266,110.68391418457031,264705000.0
2025-04-15,110.97000122070312,113.62000274658203,110.5,112.19999694824219,112.1735610961914,228966900.0
2025-04-16,104.55000305175781,106.79000091552734,100.44999694824219,104.48999786376953,104.46538543701172,397016900.0
2025-04-17,104.44999694824219,104.47000122070312,100.05000305175781,101.48999786376953,101.4660873413086,292517500.0
2025-04-18,104.44999694824219,104.47000122070312,100.05000305175781,101.48999786376953,101.4660873413086,292517500.0
2025-04-21,98.7699966430664,99.44000244140625,95.04000091552734,96.91000366210938,96.88717651367188,288501100.0
2025-04-22,98.77999877929688,99.80999755859375,97.27999877929688,98.88999938964844,98.86669921875,241004800.0
2025-04-23,104.5199966430664,104.80000305175781,102.0199966430664,102.70999908447266,102.68579864501953,247526000.0
2025-04-24,103.4800033569336,106.54000091552734,103.11000061035156,106.43000030517578,106.4049301147461,220815000.0
2025-04-25,106.8499984741211,111.91999816894531,105.7300033569336,111.01000213623047,110.98385620117188,251064700.0
2025-04-28,109.69000244140625,110.37000274658203,106.0199966430664,108.7300033569336,108.70439147949219,207708500.0
2025-04-29,107.66999816894531,110.19999694824219,107.44000244140625,109.0199966430664,108.99431610107422,170444300.0
2025-04-30,104.47000122070312,108.91999816894531,104.08000183105469,108.91999816894531,108.89433288574219,235044600.0
2025-05-01,113.08000183105469,114.94000244140625,111.30000305175781,111.61000061035156,111.58370208740234,236121500.0
2025-05-02,114.18000030517578,115.4000015258789,113.37000274658203,114.5,114.47303009033203,190194800.0
2025-05-05,112.91000366210938,114.66999816894531,112.66000366210938,113.81999969482422,113.7931900024414,133163200.0
2025-05-06,111.4800033569336,114.73999786376953,110.81999969482422,113.54000091552734,113.51325988769531,158525600.0
2025-05-07,113.05000305175781,117.68000030517578,112.27999877929688,117.05999755859375,117.03242492675781,206758800.0
2025-05-08,118.25,118.68000030517578,115.8499984741211,117.37000274658203,117.34235382080078,198428100.0
2025-05-09,117.3499984741211,118.2300033569336,115.20999908447266,116.6500015258789,116.62252044677734,132972200.0
2025-05-12,121.97000122070312,123.0,120.27999877929688,123.0,122.97102355957031,225023300.0
2025-05-13,124.9800033569336,131.22000122070312,124.47000122070312,129.92999267578125,129.89938354492188,330430100.0
2025-05-14,133.1999969482422,135.44000244140625,131.67999267578125,135.33999633789062,135.30810546875,281180800.0
2025-05-15,134.2899932861328,136.3000030517578,132.66000366210938,134.8300018310547,134.79823303222656,226632600.0
2025-05-16,136.22000122070312,136.35000610351562,133.4600067138672,135.39999389648438,135.36810302734375,226542500.0
2025-05-19,132.38999938964844,135.8699951171875,132.38999938964844,135.57000732421875,135.53805541992188,193154600.0
2025-05-20,134.2899932861328,134.5800018310547,132.6199951171875,134.3800048828125,134.34832763671875,161514200.0
2025-05-21,133.05999755859375,137.39999389648438,130.58999633789062,131.8000030517578,131.76895141601562,270608700.0
2025-05-22,132.22999572753906,134.25,131.5500030517578,132.8300018310547,132.7987060546875,187344000.0
2025-05-23,130.0,132.67999267578125,129.16000366210938,131.2899932861328,131.25906372070312,198821300.0
2025-05-26,130.0,132.67999267578125,129.16000366210938,131.2899932861328,131.25906372070312,198821300.0
2025-05-27,134.14999389648438,135.66000366210938,133.30999755859375,135.5,135.4680633544922,192953600.0
2025-05-28,136.02999877929688,137.25,134.7899932861328,134.80999755859375,134.7782440185547,304021100.0
2025-05-29,142.25,143.49000549316406,137.91000366210938,139.19000244140625,139.15721130371094,369241900.0
2025-05-30,138.72000122070312,139.6199951171875,132.9199981689453,135.1300048828125,135.09817504882812,333170900.0
2025-06-02,135.49000549316406,138.1199951171875,135.39999389648438,137.3800048828125,137.34764099121094,197663100.0
2025-06-03,138.77999877929688,142.0,137.9499969482422,141.22000122070312,141.1867218017578,225578800.0
2025-06-04,142.19000244140625,142.38999938964844,139.5399932861328,141.9199981689453,141.88656616210938,167120800.0
2025-06-05,142.1699981689453,144.0,138.8300018310547,139.99000549316406,139.95701599121094,231397900.0
2025-06-06,142.50999450683594,143.27000427246094,141.50999450683594,141.72000122070312,141.6865997314453,153986200.0
2025-06-09,143.19000244140625,145.0,141.94000244140625,142.6300048828125,142.59640502929688,185114500.0
2025-06-10,142.69000244140625,144.2899932861328,141.52999877929688,143.9600067138672,143.92608642578125,155881900.0
2025-06-11,144.61000061035156,144.99000549316406,141.8699951171875,142.8300018310547,142.80625915527344,167694000.0
2025-06-12,141.97000122070312,145.0,141.85000610351562,145.0,144.9759063720703,162365000.0
2025-06-13,142.47999572753906,143.5800018310547,140.85000610351562,141.97000122070312,141.94639587402344,180820600.0
2025-06-16,143.35000610351562,146.17999267578125,143.1999969482422,144.69000244140625,144.66595458984375,183133700.0
2025-06-17,144.49000549316406,145.22000122070312,143.77999877929688,144.1199951171875,144.09603881835938,139108000.0
2025-06-18,144.00999450683594,145.64999389648438,143.1199951171875,145.47999572753906,145.455810546875,161494100.0
2025-06-19,144.00999450683594,145.64999389648438,143.1199951171875,145.47999572753906,145.455810546875,161494100.0
2025-06-20,145.4499969482422,146.1999969482422,142.64999389648438,143.85000610351562,143.8260955810547,242956200.0
2025-06-23,142.5,144.77999877929688,142.02999877929688,144.1699981689453,144.1460418701172,154308900.0
2025-06-24,145.55999755859375,147.9600067138672,145.5,147.89999389648438,147.87539672851562,187566100.0
2025-06-25,149.27000427246094,154.4499969482422,149.25999450683594,154.30999755859375,154.28436279296875,269146500.0
2025-06-26,155.97999572753906,156.72000122070312,154.0,155.02000427246094,154.99423217773438,198145700.0
2025-06-27,156.0399932861328,158.7100067138672,155.25999450683594,157.75,157.72378540039062,263234500.0
2025-06-30,158.39999389648438,158.66000366210938,155.9600067138672,157.99000549316406,157.96376037597656,194580300.0
2025-07-01,156.2899932861328,157.1999969482422,151.49000549316406,153.3000030517578,153.2745361328125,213143600.0
2025-07-02,152.97999572753906,157.60000610351562,152.97000122070312,157.25,157.22386169433594,171224100.0
2025-07-03,158.3699951171875,160.97999572753906,157.77000427246094,159.33999633789062,159.3135223388672,143716100.0
2025-07-04,158.3699951171875,160.97999572753906,157.77000427246094,159.33999633789062,159.3135223388672,143716100.0
2025-07-07,158.1999969482422,159.30999755859375,157.33999633789062,158.24000549316406,158.21371459960938,140139000.0
2025-07-08,159.3300018310547,160.22000122070312,158.38999938964844,160.0,159.97340393066406,138133000.0
2025-07-09,161.22000122070312,164.4199981689453,161.16000366210938,162.8800048828125,162.85293579101562,183656400.0
2025-07-10,164.32000732421875,164.5,161.61000061035156,164.10000610351562,164.07273864746094,167704100.0
2025-07-11,163.72000122070312,167.88999938964844,163.47000122070312,164.9199981689453,164.89259338378906,193633300.0
2025-07-14,165.3699951171875,165.49000549316406,162.02000427246094,164.07000732421875,164.04273986816406,136975800.0
2025-07-15,171.19000244140625,172.39999389648438,169.1999969482422,170.6999969482422,170.671630859375,230627400.0
2025-07-16,171.05999755859375,171.75,168.89999389648438,171.3699951171875,171.34152221679688,158831500.0
2025-07-17,172.02000427246094,174.16000366210938,170.8300018310547,173.0,172.97125244140625,160841100.0
2025-07-18,173.63999938964844,174.25,171.25999450683594,172.41000366210938,172.38134765625,146456400.0
2025-07-21,172.75,173.3800048828125,171.0,171.3800048828125,171.35153198242188,123126100.0
2025-07-22,171.33999633789062,171.38999938964844,164.5800018310547,167.02999877929688,167.00225830078125,193114300.0
2025-07-23,169.52999877929688,171.25999450683594,167.97000122070312,170.77999877929688,170.75161743164062,154082200.0
2025-07-24,172.44000244140625,173.8300018310547,171.3000030517578,173.74000549316406,173.7111358642578,128984600.0
2025-07-25,173.61000061035156,174.72000122070312,172.9600067138672,173.5,173.47117614746094,122316800.0
2025-07-28,174.02000427246094,177.0,173.97000122070312,176.75,176.7206268310547,140023500.0
2025-07-29,177.9600067138672,179.3800048828125,175.02000427246094,175.50999450683594,175.48081970214844,154077500.0
2025-07-30,176.50999450683594,179.88999938964844,176.0399932861328,179.27000427246094,179.24021911621094,174312200.0
2025-07-31,182.89999389648438,183.3000030517578,175.92999267578125,177.8699951171875,177.84043884277344,221685400.0
2025-08-01,174.08999633789062,176.5399932861328,170.88999938964844,173.72000122070312,173.69113159179688,204529000.0
2025-08-04,175.16000366210938,180.1999969482422,174.52000427246094,180.0,179.9700927734375,148174600.0
2025-08-05,179.6199951171875,180.25999450683594,175.89999389648438,178.25999450683594,178.23037719726562,156407600.0
2025-08-06,176.3300018310547,179.89999389648438,176.25,179.4199981689453,179.3901824951172,137192300.0
2025-08-07,181.57000732421875,183.8800048828125,178.8000030517578,180.77000427246094,180.73997497558594,151878400.0
2025-08-08,181.5500030517578,183.3000030517578,180.39999389648438,182.6999969482422,182.66964721679688,123396700.0
2025-08-11,182.0500030517578,183.83999633789062,180.25,182.05999755859375,182.0297393798828,138323200.0
2025-08-12,182.9600067138672,184.47999572753906,179.4600067138672,183.16000366210938,183.1295623779297,145485700.0
2025-08-13,182.6199951171875,183.97000122070312,179.35000610351562,181.58999633789062,181.55982971191406,179871700.0
2025-08-14,179.75,183.02000427246094,179.4600067138672,182.02000427246094,181.98974609375,129554000.0
2025-08-15,181.8800048828125,181.89999389648438,178.0399932861328,180.4499969482422,180.42001342773438,156602200.0
2025-08-18,180.60000610351562,182.94000244140625,180.58999633789062,182.00999450683594,181.979736328125,132008000.0
2025-08-19,182.42999267578125,182.5,175.49000549316406,175.63999938964844,175.61080932617188,185229200.0
2025-08-20,175.1699981689453,176.0,168.8000030517578,175.39999389648438,175.370849609375,215142700.0
2025-08-21,174.85000610351562,176.89999389648438,173.80999755859375,174.97999572753906,174.95091247558594,140040900.0
2025-08-22,172.61000061035156,178.58999633789062,171.1999969482422,177.99000549316406,177.96043395996094,172789400.0
2025-08-25,178.35000610351562,181.91000366210938,176.57000732421875,179.80999755859375,179.78012084960938,163012800.0
2025-08-26,180.05999755859375,182.38999938964844,178.80999755859375,181.77000427246094,181.7397918701172,168688200.0
2025-08-27,181.97999572753906,182.49000549316406,179.10000610351562,181.60000610351562,181.56983947753906,235518900.0
2025-08-28,180.82000732421875,184.47000122070312,176.41000366210938,180.1699981689453,180.1400604248047,281787800.0
2025-08-29,178.11000061035156,178.14999389648438,173.14999389648438,174.17999267578125,174.1510467529297,243257900.0
2025-09-01,178.11000061035156,178.14999389648438,173.14999389648438,174.17999267578125,174.1510467529297,243257900.0
2025-09-02,170.0,172.3800048828125,167.22000122070312,170.77999877929688,170.75161743164062,231164900.0
2025-09-03,171.05999755859375,172.41000366210938,168.8800048828125,170.6199951171875,170.59165954589844,164424900.0
2025-09-04,170.57000732421875,171.86000061035156,169.41000366210938,171.66000366210938,171.63148498535156,141670100.0
2025-09-05,168.02999877929688,169.02999877929688,164.07000732421875,167.02000427246094,166.9922637939453,224441400.0
2025-09-08,167.5500030517578,170.9600067138672,167.35000610351562,168.30999755859375,168.2820281982422,163769100.0
2025-09-09,169.08999633789062,170.97999572753906,166.74000549316406,170.75999450683594,170.7316131591797,157548400.0
2025-09-10,176.63999938964844,179.2899932861328,175.47000122070312,177.3300018310547,177.300537109375,226852000.0
2025-09-11,179.67999267578125,180.27999877929688,176.47999572753906,177.1699981689453,177.1505584716797,151159300.0
2025-09-12,177.77000427246094,178.60000610351562,176.4499969482422,177.82000732421875,177.80047607421875,124911000.0
2025-09-15,175.6699981689453,178.85000610351562,174.50999450683594,177.75,177.73049926757812,147061600.0
2025-09-16,177.0,177.5,174.3800048828125,174.8800048828125,174.86080932617188,140737800.0
2025-09-17,172.63999938964844,173.1999969482422,168.41000366210938,170.2899932861328,170.27130126953125,211843800.0
2025-09-18,173.97999572753906,177.10000610351562,172.9600067138672,176.24000549316406,176.2206573486328,191763300.0
2025-09-19,175.77000427246094,178.0800018310547,175.17999267578125,176.6699981689453,176.6505889892578,237182100.0
2025-09-22,175.3000030517578,184.5500030517578,174.7100067138672,183.61000061035156,183.58984375,269637000.0
2025-09-23,181.97000122070312,182.4199981689453,176.2100067138672,178.42999267578125,178.410400390625,192559600.0
2025-09-24,179.77000427246094,179.77999877929688,175.39999389648438,176.97000122070312,176.9505615234375,143564100.0
2025-09-25,174.47999572753906,180.25999450683594,173.1300048828125,177.69000244140625,177.67050170898438,191586700.0
2025-09-26,178.1699981689453,179.77000427246094,174.92999267578125,178.19000244140625,178.17044067382812,148573700.0
2025-09-29,180.42999267578125,184.0,180.32000732421875,181.85000610351562,181.83004760742188,193063500.0
2025-09-30,182.0800018310547,187.35000610351562,181.47999572753906,186.5800018310547,186.55950927734375,236981000.0
2025-10-01,185.24000549316406,188.13999938964844,183.89999389648438,187.24000549316406,187.21945190429688,173844900.0
2025-10-02,189.60000610351562,191.0500030517578,188.05999755859375,188.88999938964844,188.8692626953125,136805800.0
2025-10-03,189.19000244140625,190.36000061035156,185.3800048828125,187.6199951171875,187.5994110107422,137596900.0
2025-10-06,185.5,187.22999572753906,183.3300018310547,185.5399932861328,185.51962280273438,157678100.0
2025-10-07,186.22999572753906,189.05999755859375,184.0,185.0399932861328,185.01968383789062,140088000.0
2025-10-08,186.57000732421875,189.60000610351562,186.5399932861328,189.11000061035156,189.0892333984375,130168900.0
2025-10-09,192.22999572753906,195.3000030517578,191.05999755859375,192.57000732421875,192.54885864257812,182997200.0
2025-10-10,193.50999450683594,195.6199951171875,182.0500030517578,183.16000366210938,183.139892578125,268774400.0
2025-10-13,187.97000122070312,190.11000061035156,185.9600067138672,188.32000732421875,188.29933166503906,153482800.0
2025-10-14,184.77000427246094,184.8000030517578,179.6999969482422,180.02999877929688,180.01022338867188,205641400.0
2025-10-15,184.8000030517578,184.8699951171875,177.2899932861328,179.8300018310547,179.8102569580078,214450500.0
2025-10-16,182.22999572753906,183.27999877929688,179.77000427246094,181.80999755859375,181.7900390625,179723300.0
2025-10-17,180.17999267578125,184.10000610351562,179.75,183.22000122070312,183.19989013671875,173135200.0
2025-10-20,183.1300048828125,185.1999969482422,181.72999572753906,182.63999938964844,182.6199493408203,128544700.0
2025-10-21,182.7899932861328,182.7899932861328,179.8000030517578,181.16000366210938,181.14010620117188,124240200.0
2025-10-22,181.13999938964844,183.44000244140625,176.75999450683594,180.27999877929688,180.2602081298828,162249600.0
2025-10-23,180.4199981689453,183.02999877929688,179.7899932861328,182.16000366210938,182.13999938964844,111363700.0
2025-10-24,183.83999633789062,187.47000122070312,183.5,186.25999450683594,186.23953247070312,131296700.0
2025-10-27,189.99000549316406,192.0,188.42999267578125,191.49000549316406,191.46897888183594,153452700.0
2025-10-28,193.0500030517578,203.14999389648438,191.91000366210938,201.02999877929688,201.0079345703125,297986200.0
2025-10-29,207.97999572753906,212.19000244140625,204.77999877929688,207.0399932861328,207.01727294921875,308829600.0
2025-10-30,205.14999389648438,206.16000366210938,201.41000366210938,202.88999938964844,202.8677215576172,178864400.0
2025-10-31,206.4499969482422,207.97000122070312,202.07000732421875,202.49000549316406,202.4677734375,179802200.0
2025-11-03,208.0800018310547,211.33999633789062,205.55999755859375,206.8800048828125,206.85728454589844,180267300.0
2025-11-04,203.0,203.97000122070312,197.92999267578125,198.69000244140625,198.66818237304688,188919300.0
2025-11-05,198.77000427246094,202.9199981689453,194.64999389648438,195.2100067138672,195.18858337402344,171350300.0
2025-11-06,196.4199981689453,197.6199951171875,186.3800048828125,188.0800018310547,188.05935668945312,223029800.0
2025-11-07,184.89999389648438,188.32000732421875,178.91000366210938,188.14999389648438,188.1293487548828,264942300.0
2025-11-10,195.11000061035156,199.94000244140625,193.7899932861328,199.0500030517578,199.0281524658203,198897100.0
2025-11-11,195.16000366210938,195.4199981689453,191.3000030517578,193.16000366210938,193.1387939453125,176483300.0
2025-11-12,195.72000122070312,195.88999938964844,191.1300048828125,193.8000030517578,193.7787322998047,154935300.0
2025-11-13,191.0500030517578,191.44000244140625,183.85000610351562,186.86000061035156,186.8394775390625,207423100.0
2025-11-14,182.86000061035156,191.00999450683594,180.5800018310547,190.1699981689453,190.14910888671875,186591900.0
2025-11-17,185.97000122070312,189.0,184.32000732421875,186.60000610351562,186.5795135498047,173628900.0
2025-11-18,183.3800048828125,184.8000030517578,179.64999389648438,181.36000061035156,181.340087890625,213598900.0
2025-11-19,184.7899932861328,187.86000061035156,182.8300018310547,186.52000427246094,186.49952697753906,247246400.0
2025-11-20,195.9499969482422,196.0,179.85000610351562,180.63999938964844,180.6201629638672,343504800.0
2025-11-21,181.24000549316406,184.55999755859375,172.92999267578125,178.8800048828125,178.86036682128906,346926200.0
2025-11-24,179.49000549316406,183.5,176.47999572753906,182.5500030517578,182.52996826171875,256618300.0
2025-11-25,174.91000366210938,178.16000366210938,169.5500030517578,177.82000732421875,177.80047607421875,320600300.0
2025-11-26,181.6300048828125,182.91000366210938,178.24000549316406,180.25999450683594,180.24020385742188,183852000.0
2025-11-27,181.6300048828125,182.91000366210938,178.24000549316406,180.25999450683594,180.24020385742188,183852000.0
2025-11-28,179.00999450683594,179.2899932861328,176.5,177.0,176.98056030273438,121332800.0
2025-12-01,174.75999450683594,180.3000030517578,173.67999267578125,179.9199981689453,179.90025329589844,188131000.0
2025-12-02,181.75999450683594,185.66000366210938,180.0,181.4600067138672,181.44007873535156,182632200.0
2025-12-03,181.0800018310547,182.4499969482422,179.11000061035156,179.58999633789062,179.57028198242188,165138000.0
2025-12-04,181.6199951171875,184.52000427246094,179.9600067138672,183.3800048828125,183.37008666992188,167364900.0
2025-12-05,183.88999938964844,184.66000366210938,180.91000366210938,182.41000366210938,182.40013122558594,143971100.0
2025-12-08,182.63999938964844,188.0,182.39999389648438,185.5500030517578,185.5399627685547,204378100.0
2025-12-09,185.55999755859375,185.72000122070312,183.32000732421875,184.97000122070312,184.95999145507812,144719700.0
2025-12-10,184.97000122070312,185.47999572753906,182.0399932861328,183.77999877929688,183.77005004882812,162785400.0
2025-12-11,180.27999877929688,181.32000732421875,176.6199951171875,180.92999267578125,180.92019653320312,182136600.0
2025-12-12,181.11000061035156,182.82000732421875,174.6199951171875,175.02000427246094,175.01052856445312,204274900.0
2025-12-15,177.94000244140625,178.4199981689453,175.02999877929688,176.2899932861328,176.28045654296875,164775600.0
2025-12-16,176.25999450683594,178.49000549316406,174.89999389648438,177.72000122070312,177.71038818359375,148588100.0
2025-12-17,176.10000610351562,176.1300048828125,170.30999755859375,170.94000244140625,170.93075561523438,222775500.0
2025-12-18,174.52999877929688,176.14999389648438,171.82000732421875,174.13999938964844,174.1305694580078,176096000.0
2025-12-19,176.6699981689453,181.4499969482422,176.33999633789062,180.99000549316406,180.98020935058594,324925900.0
2025-12-22,183.9199981689453,184.16000366210938,182.35000610351562,183.69000244140625,183.6800537109375,129064400.0
2025-12-23,182.97000122070312,189.3300018310547,182.89999389648438,189.2100067138672,189.19976806640625,174873600.0
2025-12-24,187.94000244140625,188.91000366210938,186.58999633789062,188.61000061035156,188.59979248046875,65528500.0
2025-12-25,187.94000244140625,188.91000366210938,186.58999633789062,188.61000061035156,188.59979248046875,65528500.0
2025-12-26,189.9199981689453,192.69000244140625,188.0,190.52999877929688,190.51968383789062,139740300.0
2025-12-29,187.7100067138672,188.75999450683594,185.91000366210938,188.22000122070312,188.20980834960938,120006100.0
2025-12-30,188.24000549316406,188.99000549316406,186.92999267578125,187.5399932861328,187.52984619140625,97687300.0
2025-12-31,189.57000732421875,190.55999755859375,186.49000549316406,186.5,186.4899139404297,120100500.0
2026-01-01,189.57000732421875,190.55999755859375,186.49000549316406,186.5,186.4899139404297,120100500.0
2026-01-02,189.83999633789062,192.92999267578125,188.25999450683594,188.85000610351562,188.83978271484375,148240500.0
2026-01-05,191.75999450683594,193.6300048828125,186.14999389648438,188.1199951171875,188.1098175048828,183529700.0
2026-01-06,190.52000427246094,192.1699981689453,186.82000732421875,187.24000549316406,187.22987365722656,176862600.0
2026-01-07,188.57000732421875,191.3699951171875,186.55999755859375,189.11000061035156,189.09976196289062,153543200.0
2026-01-08,189.11000061035156,189.5500030517578,183.7100067138672,185.0399932861328,185.0299835205078,172457000.0
2026-01-09,185.0800018310547,186.33999633789062,183.6699981689453,184.86000061035156,184.84999084472656,131327500.0
2026-01-12,183.22000122070312,187.1199951171875,183.02000427246094,184.94000244140625,184.92999267578125,137968500.0
2026-01-13,185.0,188.11000061035156,183.39999389648438,185.80999755859375,185.79994201660156,160128900.0
2026-01-14,184.32000732421875,184.4600067138672,180.8000030517578,183.13999938964844,183.1300811767578,159586100.0
2026-01-15,186.5,189.6999969482422,186.3300018310547,187.0500030517578,187.03988647460938,206188600.0
2026-01-16,189.0800018310547,190.44000244140625,186.0800018310547,186.22999572753906,186.21990966796875,187967200.0
2026-01-19,189.0800018310547,190.44000244140625,186.0800018310547,186.22999572753906,186.21990966796875,187967200.0
2026-01-20,181.89999389648438,182.3800048828125,177.61000061035156,178.07000732421875,178.06036376953125,223345300.0
2026-01-21,179.0500030517578,185.3800048828125,178.39999389648438,183.32000732421875,183.31008911132812,200381000.0
2026-01-22,184.75,186.1699981689453,183.92999267578125,184.83999633789062,184.82998657226562,139636600.0
2026-01-23,187.5,189.60000610351562,186.82000732421875,187.6699981689453,187.6598358154297,142748100.0
2026-01-26,187.16000366210938,189.1199951171875,185.99000549316406,186.47000122070312,186.4599151611328,124799600.0
2026-01-27,187.24000549316406,190.0,185.6999969482422,188.52000427246094,188.50979614257812,143711600.0
2026-01-28,191.27000427246094,192.35000610351562,189.83999633789062,191.52000427246094,191.5096435546875,148552700.0
2026-01-29,191.33999633789062,193.47999572753906,186.05999755859375,192.50999450683594,192.49957275390625,171764400.0
2026-01-30,191.2100067138672,194.49000549316406,189.47000122070312,191.1300048828125,191.11965942382812,179489500.0
2026-02-02,187.1999969482422,190.3000030517578,184.8800048828125,185.61000061035156,185.59996032714844,165794100.0
2026-02-03,186.24000549316406,186.27000427246094,176.22999572753906,180.33999633789062,180.33023071289062,204019600.0
2026-02-04,179.4600067138672,179.5800018310547,171.91000366210938,174.19000244140625,174.18057250976562,207014100.0
2026-02-05,174.92999267578125,176.82000732421875,171.02999877929688,171.8800048828125,171.87069702148438,206312900.0
2026-02-06,176.69000244140625,187.0,174.60000610351562,185.41000366210938,185.39996337890625,231346200.0
2026-02-09,184.25999450683594,193.66000366210938,183.9499969482422,190.0399932861328,190.0297088623047,196387400.0
2026-02-10,191.3800048828125,192.47999572753906,188.1199951171875,188.5399932861328,188.52978515625,136764800.0
2026-02-11,192.4499969482422,193.25999450683594,188.77000427246094,190.0500030517578,190.0397186279297,144192700.0
2026-02-12,193.02999877929688,193.61000061035156,186.50999450683594,186.94000244140625,186.9298858642578,189932500.0
2026-02-13,187.47999572753906,187.5,181.58999633789062,182.80999755859375,182.80010986328125,161888000.0
2026-02-16,187.47999572753906,187.5,181.58999633789062,182.80999755859375,182.80010986328125,161888000.0
2026-02-17,181.75,187.14999389648438,179.17999267578125,184.97000122070312,184.95999145507812,162276900.0
2026-02-18,188.75,190.3699951171875,186.75999450683594,187.97999572753906,187.96981811523438,164749100.0
2026-02-19,187.05999755859375,188.42999267578125,185.66000366210938,187.89999389648438,187.88983154296875,126554500.0
2026-02-20,186.57000732421875,190.3300018310547,185.94000244140625,189.82000732421875,189.8097381591797,178422300.0
2026-02-23,191.39999389648438,193.9499969482422,189.5800018310547,191.5500030517578,191.53964233398438,171584800.0
2026-02-24,191.49000549316406,193.77000427246094,187.39999389648438,192.85000610351562,192.83956909179688,175123600.0
2026-02-25,194.4499969482422,197.6300048828125,193.7899932861328,195.55999755859375,195.54940795898438,250637100.0
2026-02-26,194.27000427246094,194.2899932861328,184.32000732421875,184.88999938964844,184.87998962402344,360807900.0
2026-02-27,181.25,182.58999633789062,176.3800048828125,177.19000244140625,177.180419921875,311636500.0
2026-03-02,175.00999450683594,183.4600067138672,174.63999938964844,182.47999572753906,182.47012329101562,209095300.0
2026-03-03,178.49000549316406,180.89999389648438,176.9199981689453,180.0500030517578,180.04025268554688,178099400.0
2026-03-04,180.44000244140625,184.6999969482422,180.05999755859375,183.0399932861328,183.03009033203125,177731200.0
2026-03-05,181.1699981689453,184.05999755859375,177.8800048828125,183.33999633789062,183.330078125,198779700.0
2026-03-06,179.83999633789062,182.75999450683594,176.82000732421875,177.82000732421875,177.8103790283203,189021900.0
2026-03-09,176.8300018310547,182.91000366210938,175.55999755859375,182.64999389648438,182.64010620117188,177213600.0
2026-03-10,182.39999389648438,186.44000244140625,182.00999450683594,184.77000427246094,184.760009765625,179118500.0
2026-03-11,185.91000366210938,187.6199951171875,184.4499969482422,186.02999877929688,186.02999877929688,145280400.0
2026-03-12,184.0500030517578,184.94000244140625,181.75,183.13999938964844,183.13999938964844,155762700.0
2026-03-13,184.9199981689453,186.08999633789062,179.94000244140625,180.25,180.25,160988400.0
2026-03-16,182.97000122070312,188.8800048828125,181.41000366210938,183.22000122070312,183.22000122070312,217307400.0
2026-03-17,185.05999755859375,185.39999389648438,181.67999267578125,181.92999267578125,181.92999267578125,182497800.0
2026-03-18,182.47999572753906,183.3800048828125,180.3300018310547,180.39999389648438,180.39999389648438,156683100.0
2026-03-19,178.00999450683594,179.97999572753906,175.7899932861328,178.55999755859375,178.55999755859375,170968500.0
2026-03-20,178.0,178.25999450683594,171.72000122070312,172.6999969482422,172.6999969482422,241323500.0
2026-03-23,177.25999450683594,178.3699951171875,174.75999450683594,175.63999938964844,175.63999938964844,182836300.0
2026-03-24,174.8300018310547,176.22000122070312,173.97999572753906,175.1999969482422,175.1999969482422,147667800.0
2026-03-25,177.10000610351562,181.22000122070312,176.85000610351562,178.67999267578125,178.67999267578125,162602100.0
2026-03-26,176.07000732421875,176.50999450683594,171.13999938964844,171.24000549316406,171.24000549316406,186152200.0
2026-03-27,170.0,170.97000122070312,167.00999450683594,167.52000427246094,167.52000427246094,196212700.0
2026-03-30,168.77999877929688,169.4499969482422,164.27000427246094,165.1699981689453,165.1699981689453,185627000.0
2026-03-31,166.97000122070312,174.6199951171875,166.9600067138672,174.39999389648438,174.39999389648438,226181300.0
2026-04-01,176.0,177.3699951171875,174.75,175.75,175.75,168132000.0
2026-04-02,172.17999267578125,177.49000549316406,171.3699951171875,177.38999938964844,177.38999938964844,143143200.0
2026-04-03,172.17999267578125,177.49000549316406,171.3699951171875,177.38999938964844,177.38999938964844,143143200.0
2026-04-06,177.16000366210938,177.7899932861328,175.75999450683594,177.63999938964844,177.63999938964844,107564300.0
2026-04-07,175.72999572753906,178.22999572753906,173.66000366210938,178.10000610351562,178.10000610351562,132534900.0
2026-04-08,184.5,185.25999450683594,180.3000030517578,182.0800018310547,182.0800018310547,147732700.0
2026-04-09,181.83999633789062,184.0800018310547,180.6199951171875,183.91000366210938,183.91000366210938,116428500.0
2026-04-10,184.30999755859375,190.0,184.3000030517578,188.6300048828125,188.6300048828125,160459500.0
2026-04-13,186.02999877929688,189.66000366210938,185.74000549316406,189.30999755859375,189.30999755859375,133648200.0
2026-04-14,190.83999633789062,196.50999450683594,190.77000427246094,196.50999450683594,196.50999450683594,161307000.0
2026-04-15,196.5399932861328,200.39999389648438,195.74000549316406,198.8699951171875,198.8699951171875,185338400.0
2026-04-16,197.42999267578125,199.85000610351562,195.80999755859375,198.35000610351562,198.35000610351562,134012900.0
2026-04-17,199.89999389648438,201.6999969482422,199.27000427246094,201.67999267578125,201.67999267578125,160324400.0
2026-04-20,199.97999572753906,202.1699981689453,197.83999633789062,202.05999755859375,202.05999755859375,119381400.0
2026-04-21,202.1300048828125,202.75,199.0,199.8800048828125,199.8800048828125,107945300.0
2026-04-22,200.99000549316406,202.5,199.0,202.5,202.5,107501000.0
2026-04-23,202.4600067138672,203.8300018310547,197.22000122070312,199.63999938964844,199.63999938964844,113561800.0
2026-04-24,199.9600067138672,210.9499969482422,199.80999755859375,208.27000427246094,208.27000427246094,214134400.0
2026-04-27,209.64999389648438,216.8300018310547,207.3800048828125,216.61000061035156,216.61000061035156,187172400.0
2026-04-28,209.49000549316406,214.72999572753906,208.1999969482422,213.1699981689453,213.1699981689453,180275400.0
2026-04-29,212.6999969482422,212.72000122070312,207.5800018310547,209.25,209.25,123711800.0
2026-04-30,209.92999267578125,210.3000030517578,198.6999969482422,199.57000732421875,199.57000732421875,225239200.0
2026-05-01,201.27999877929688,203.0,197.1199951171875,198.4499969482422,198.4499969482422,128647000.0
2026-05-04,199.5,201.72999572753906,194.74000549316406,198.47999572753906,198.47999572753906,125368100.0
2026-05-05,199.3000030517578,200.24000549316406,196.02999877929688,196.5,196.5,113406600.0
2026-05-06,199.88999938964844,208.27000427246094,198.61000061035156,207.8300018310547,207.8300018310547,188362800.0
2026-05-07,208.33999633789062,214.1999969482422,206.5,211.5,211.5,168307900.0
2026-05-08,213.02999877929688,217.8000030517578,212.88999938964844,215.1999969482422,215.1999969482422,136421400.0
2026-05-11,214.0399932861328,222.3000030517578,213.88999938964844,219.44000244140625,219.44000244140625,160685800.0
2026-05-12,218.5500030517578,223.75,214.9199981689453,220.77999877929688,220.77999877929688,159176600.0
2026-05-13,224.92999267578125,227.83999633789062,221.57000732421875,225.8300018310547,225.8300018310547,150405400.0
2026-05-14,229.85000610351562,236.5399932861328,229.3000030517578,235.74000549316406,235.74000549316406,180782900.0
2026-05-15,229.75999450683594,231.5,224.24000549316406,225.32000732421875,225.32000732421875,180977600.0
2026-05-18,229.8699951171875,230.0,218.3699951171875,222.32000732421875,222.32000732421875,146280900.0
2026-05-19,219.6199951171875,224.47999572753906,217.91000366210938,220.61000061035156,220.61000061035156,140948200.0
2026-05-20,223.17999267578125,226.1300048828125,220.5,223.47000122070312,223.47000122070312,184201600.0
2026-05-21,222.2899932861328,227.39999389648438,217.92999267578125,219.50999450683594,219.50999450683594,203381800.0
2026-05-22,220.89999389648438,221.00999450683594,214.8000030517578,215.3300018310547,215.3300018310547,169275700.0
2026-05-25,220.89999389648438,221.00999450683594,214.8000030517578,215.3300018310547,215.3300018310547,169275700.0
2026-05-26,216.5399932861328,218.17999267578125,212.0,214.86000061035156,214.86000061035156,187202600.0
2026-05-27,214.1199951171875,214.14999389648438,208.77999877929688,212.60000610351562,212.60000610351562,167601200.0
2026-05-28,211.27999877929688,215.52000427246094,211.22000122070312,214.25,214.25,143996000.0
2026-05-29,214.5800018310547,217.86000061035156,211.1300048828125,211.13999938964844,211.13999938964844,289410600.0
2026-06-01,215.72999572753906,224.8699951171875,215.6999969482422,224.36000061035156,224.36000061035156,212850700.0
2026-06-02,227.17999267578125,232.27999877929688,221.35000610351562,222.82000732421875,222.82000732421875,193362900.0
2026-06-03,221.72000122070312,222.82000732421875,214.50999450683594,214.75,214.75,159711900.0
2026-06-04,213.90499877929688,220.64999389648438,210.97000122070312,220.32000732421875,220.32000732421875,113493982.0
