Date,Open,High,Low,Close,Adj Close,Volume
2021-05-24,40.08000183105469,40.13999938964844,39.779998779296875,39.810001373291016,30.810476303100586,16922300
2021-05-25,39.81999969482422,39.86000061035156,39.2400016784668,39.33000183105469,30.438995361328125,25916300
2021-05-26,39.290000915527344,39.29999923706055,38.779998779296875,38.91999816894531,30.121681213378906,28036500
2021-05-27,38.970001220703125,39.18000030517578,38.599998474121094,38.650001525878906,29.912708282470703,38471200
2021-05-28,38.75,39.02000045776367,38.68000030517578,38.72999954223633,29.97462272644043,16154100
2021-06-01,38.939998626708984,39.0,38.47999954223633,38.5,29.796628952026367,23642400
2021-06-02,38.63999938964844,38.93000030517578,38.540000915527344,38.790000915527344,30.02107048034668,19629000
2021-06-03,38.7599983215332,39.040000915527344,38.630001068115234,38.970001220703125,30.160369873046875,17376300
2021-06-04,39.04999923706055,39.5,39.02000045776367,39.150001525878906,30.2996826171875,19375300
2021-06-07,39.08000183105469,39.599998474121094,38.970001220703125,38.9900016784668,30.17584800720215,24110700
2021-06-08,39.06999969482422,39.11000061035156,38.47999954223633,38.849998474121094,30.067506790161133,18880300
2021-06-09,39.0,39.84000015258789,38.97999954223633,39.810001373291016,30.810476303100586,29824000
2021-06-10,39.900001525878906,40.720001220703125,39.88999938964844,40.68000030517578,31.483802795410156,42613700
2021-06-11,40.65999984741211,40.66999816894531,39.95000076293945,40.150001525878906,31.07362174987793,21386900
2021-06-14,40.029998779296875,40.06999969482422,39.380001068115234,39.630001068115234,30.67116928100586,23408300
2021-06-15,39.709999084472656,39.84000015258789,39.38999938964844,39.59000015258789,30.64021873474121,20206900
2021-06-16,39.619998931884766,39.84000015258789,39.279998779296875,39.29999923706055,30.415769577026367,19177500
2021-06-17,39.27000045776367,39.59000015258789,39.06999969482422,39.47999954223633,30.555078506469727,19580100
2021-06-18,39.29999923706055,39.439998626708984,38.70000076293945,38.810001373291016,30.036550521850586,37775900
2021-06-21,38.880001068115234,39.47999954223633,38.880001068115234,39.41999816894531,30.50864028930664,19488100
2021-06-22,39.40999984741211,39.689998626708984,39.2599983215332,39.61000061035156,30.655698776245117,15975900
2021-06-23,39.630001068115234,39.65999984741211,38.97999954223633,39.04999923706055,30.2222900390625,22025400
2021-06-24,39.13999938964844,39.349998474121094,39.08000183105469,39.189998626708984,30.33063316345215,13436500
2021-06-25,39.119998931884766,39.40999984741211,38.88999938964844,38.97999954223633,30.168106079101562,22774300
2021-06-28,39.0099983215332,39.209999084472656,38.900001525878906,39.119998931884766,30.276460647583008,19225700
2021-06-29,39.130001068115234,39.279998779296875,38.97999954223633,39.099998474121094,30.260986328125,14516600
2021-06-30,39.13999938964844,39.27000045776367,38.81999969482422,39.15999984741211,30.307422637939453,21248100
2021-07-01,39.16999816894531,39.630001068115234,39.11000061035156,39.560001373291016,30.61699867248535,20035900
2021-07-02,39.459999084472656,39.83000183105469,39.380001068115234,39.72999954223633,30.748565673828125,16592700
2021-07-06,39.47999954223633,39.650001525878906,39.040000915527344,39.290000915527344,30.408035278320312,18931900
2021-07-07,39.220001220703125,39.36000061035156,38.970001220703125,39.349998474121094,30.4544734954834,17665200
2021-07-08,39.0,39.31999969482422,38.93000030517578,39.25,30.377079010009766,23021200
2021-07-09,39.529998779296875,40.099998474121094,39.459999084472656,39.61000061035156,30.655698776245117,21578700
2021-07-12,39.65999984741211,40.25,39.599998474121094,39.7599983215332,30.77178382873535,24513000
2021-07-13,39.77000045776367,39.79999923706055,39.529998779296875,39.650001525878906,30.68665885925293,12222000
2021-07-14,39.720001220703125,40.029998779296875,39.65999984741211,39.95000076293945,30.918834686279297,15888600
2021-07-15,39.95000076293945,40.189998626708984,39.86000061035156,40.09000015258789,31.027189254760742,20250800
2021-07-16,40.13999938964844,40.349998474121094,39.93000030517578,40.349998474121094,31.228404998779297,24270400
2021-07-19,40.06999969482422,40.349998474121094,39.68000030517578,40.150001525878906,31.07362174987793,29818400
2021-07-20,40.25,41.709999084472656,40.20000076293945,41.04999923706055,31.770158767700195,48804100
2021-07-21,41.2400016784668,41.2400016784668,40.52000045776367,41.02000045776367,31.7469539642334,27530200
2021-07-22,41.119998931884766,41.54999923706055,40.900001525878906,41.470001220703125,32.09522247314453,18913300
2021-07-23,41.459999084472656,41.83000183105469,41.41999816894531,41.68000030517578,32.257747650146484,21609200
2021-07-26,41.619998931884766,41.939998626708984,41.38999938964844,41.810001373291016,32.35835266113281,23720000
2021-07-27,41.81999969482422,42.20000076293945,41.58000183105469,42.099998474121094,32.58279800415039,32544100
2021-07-28,42.349998474121094,43.7400016784668,42.25,43.45000076293945,33.62761688232422,53822400
2021-07-29,43.22999954223633,43.29999923706055,42.619998931884766,42.790000915527344,33.41676712036133,29015000
2021-07-30,42.880001068115234,43.189998626708984,42.689998626708984,42.810001373291016,33.4323844909668,24763300
2021-08-02,43.29999923706055,44.13999938964844,43.25,43.959999084472656,34.33047103881836,43066900
2021-08-03,44.16999816894531,45.86000061035156,44.06999969482422,45.68000030517578,35.67369842529297,45643300
2021-08-04,45.349998474121094,45.79999923706055,45.0099983215332,45.189998626708984,35.291038513183594,43391200
2021-08-05,45.0,45.13999938964844,44.70000076293945,45.060001373291016,35.189510345458984,23505400
2021-08-06,45.09000015258789,45.310001373291016,44.630001068115234,45.06999969482422,35.197330474853516,20413000
2021-08-09,45.11000061035156,46.029998779296875,45.11000061035156,45.97999954223633,35.90798568725586,32374300
2021-08-10,46.20000076293945,48.56999969482422,45.88999938964844,48.189998626708984,37.633880615234375,81189400
2021-08-11,47.779998779296875,48.08000183105469,46.2599983215332,46.310001373291016,36.16570281982422,50878200
2021-08-12,46.5,47.400001525878906,46.34000015258789,47.2400016784668,36.8919792175293,29676400
2021-08-13,47.40999984741211,48.5,47.31999969482422,48.47999954223633,37.8603515625,35379200
2021-08-16,48.22999954223633,48.970001220703125,47.5099983215332,48.90999984741211,38.196163177490234,38045800
2021-08-17,48.779998779296875,50.4900016784668,48.709999084472656,50.41999816894531,39.37540054321289,68817000
2021-08-18,50.22999954223633,51.86000061035156,49.16999816894531,49.310001373291016,38.50853729248047,88598000
2021-08-19,48.5,49.959999084472656,48.2599983215332,48.79999923706055,38.11026382446289,57741600
2021-08-20,48.97999954223633,49.72999954223633,48.65999984741211,48.720001220703125,38.04777908325195,35157500
2021-08-23,50.290000915527344,51.36000061035156,49.599998474121094,49.93000030517578,38.99272155761719,88652400
2021-08-24,49.7400016784668,50.04999923706055,48.2400016784668,48.380001068115234,37.78226089477539,52624100
2021-08-25,48.040000915527344,48.279998779296875,46.93000030517578,47.5099983215332,37.10283660888672,51036800
2021-08-26,47.70000076293945,48.15999984741211,47.29999923706055,47.380001068115234,37.00132369995117,29029300
2021-08-27,47.369998931884766,47.5,46.529998779296875,46.599998474121094,36.39217758178711,32924500
2021-08-30,46.20000076293945,47.15999984741211,46.15999984741211,46.7599983215332,36.517120361328125,25774400
2021-08-31,46.720001220703125,47.13999938964844,45.93000030517578,46.06999969482422,35.9782600402832,34547800
2021-09-01,46.189998626708984,46.2599983215332,45.41999816894531,46.040000915527344,35.9548454284668,32900100
2021-09-02,46.47999954223633,46.869998931884766,46.130001068115234,46.84000015258789,36.57960510253906,26106300
2021-09-03,46.900001525878906,47.029998779296875,46.34000015258789,46.84000015258789,36.57960510253906,20817200
2021-09-07,46.9900016784668,47.5,46.540000915527344,46.75,36.50931930541992,26236900
2021-09-08,46.5099983215332,46.790000915527344,46.25,46.5099983215332,36.32189178466797,15839600
2021-09-09,46.470001220703125,46.720001220703125,45.849998474121094,46.029998779296875,35.947025299072266,21695300
2021-09-10,46.27000045776367,46.349998474121094,45.5099983215332,45.59000015258789,35.603416442871094,20801500
2021-09-13,45.7400016784668,45.83000183105469,44.20000076293945,44.58000183105469,34.814659118652344,37086200
2021-09-14,44.66999816894531,45.2599983215332,44.54999923706055,44.709999084472656,34.916175842285156,24100200
2021-09-15,44.560001373291016,45.369998931884766,44.470001220703125,44.77000045776367,34.963035583496094,28674600
2021-09-16,44.880001068115234,44.9900016784668,44.029998779296875,44.470001220703125,34.728755950927734,22424200
2021-09-17,44.16999816894531,44.459999084472656,43.310001373291016,43.88999938964844,34.27580261230469,56370500
2021-09-20,43.38999938964844,44.650001525878906,43.38999938964844,44.20000076293945,34.51790237426758,41873000
2021-09-21,44.25,44.72999954223633,43.849998474121094,43.91999816894531,34.299232482910156,23645600
2021-09-22,43.9900016784668,44.38999938964844,43.83000183105469,43.95000076293945,34.322662353515625,22616700
2021-09-23,44.279998779296875,44.720001220703125,44.150001525878906,44.189998626708984,34.51008987426758,19719200
2021-09-24,44.06999969482422,44.40999984741211,43.810001373291016,43.939998626708984,34.314842224121094,16150700
2021-09-27,43.91999816894531,44.130001068115234,43.5099983215332,43.56999969482422,34.025901794433594,19955900
2021-09-28,43.06999969482422,43.279998779296875,42.43000030517578,43.040000915527344,33.61201095581055,28512200
2021-09-29,43.220001220703125,43.689998626708984,43.08000183105469,43.529998779296875,33.994667053222656,18037200
2021-09-30,43.790000915527344,44.04999923706055,42.970001220703125,43.0099983215332,33.588565826416016,21103300
2021-10-01,42.52000045776367,43.099998474121094,41.70000076293945,42.93000030517578,33.52609634399414,38483000
2021-10-04,42.93000030517578,43.349998474121094,42.209999084472656,42.41999816894531,33.127803802490234,28906500
2021-10-05,42.529998779296875,42.790000915527344,42.279998779296875,42.31999969482422,33.049713134765625,19342600
2021-10-06,42.060001373291016,42.20000076293945,41.689998626708984,42.02000045776367,32.815425872802734,30483800
2021-10-07,42.52000045776367,42.959999084472656,42.209999084472656,42.7400016784668,33.377716064453125,19778300
2021-10-08,42.72999954223633,42.90999984741211,42.34000015258789,42.45000076293945,33.1512451171875,12778600
2021-10-11,42.45000076293945,42.619998931884766,42.0099983215332,42.060001373291016,32.8466796875,11984200
2021-10-12,42.15999984741211,42.209999084472656,41.65999984741211,41.849998474121094,32.68267059326172,16222300
2021-10-13,41.75,41.90999984741211,40.939998626708984,41.41999816894531,32.346866607666016,28205700
2021-10-14,41.560001373291016,41.959999084472656,41.52000045776367,41.66999816894531,32.54209899902344,17590300
2021-10-15,41.900001525878906,42.029998779296875,41.380001068115234,41.4900016784668,32.40153121948242,23550300
2021-10-18,41.45000076293945,41.70000076293945,41.040000915527344,41.31999969482422,32.268775939941406,21733000
2021-10-19,41.599998474121094,42.20000076293945,41.540000915527344,42.09000015258789,32.87010192871094,17159800
2021-10-20,42.119998931884766,43.11000061035156,42.099998474121094,42.79999923706055,33.4245719909668,22788300
2021-10-21,43.060001373291016,43.09000015258789,42.43000030517578,42.86000061035156,33.47142791748047,22142300
2021-10-22,42.81999969482422,43.189998626708984,42.630001068115234,43.15999984741211,33.705726623535156,17183000
2021-10-25,43.20000076293945,43.2400016784668,42.56999969482422,43.150001525878906,33.69790267944336,22846200
2021-10-26,43.33000183105469,43.7599983215332,42.91999816894531,43.560001373291016,34.01809310913086,29729100
2021-10-27,43.459999084472656,43.560001373291016,42.68000030517578,42.970001220703125,33.55733108520508,22317500
2021-10-28,42.95000076293945,43.66999816894531,42.939998626708984,43.18000030517578,33.72132873535156,18023400
2021-10-29,43.09000015258789,43.83000183105469,42.86000061035156,43.7400016784668,34.15866470336914,30307500
2021-11-01,44.13999938964844,44.290000915527344,43.439998626708984,43.63999938964844,34.080570220947266,32681500
2021-11-02,45.08000183105469,46.040000915527344,43.04999923706055,45.45000076293945,35.49408721923828,69248000
2021-11-03,45.52000045776367,45.9900016784668,44.47999954223633,44.81999969482422,35.0020866394043,44593100
2021-11-04,44.290000915527344,44.470001220703125,43.310001373291016,43.849998474121094,34.54515838623047,38172500
2021-11-05,48.09000015258789,48.810001373291016,46.54999923706055,48.61000061035156,38.295101165771484,173959100
2021-11-08,48.61000061035156,48.790000915527344,47.599998474121094,48.33000183105469,38.074520111083984,57423300
2021-11-09,48.33000183105469,48.380001068115234,47.150001525878906,47.29999923706055,37.26307678222656,29920400
2021-11-10,47.400001525878906,49.209999084472656,47.400001525878906,49.02000045776367,38.618099212646484,42696200
2021-11-11,49.22999954223633,50.5,48.72999954223633,50.18000030517578,39.531944274902344,42370400
2021-11-12,50.41999816894531,50.4900016784668,49.56999969482422,49.72999954223633,39.17744064331055,27780600
2021-11-15,49.72999954223633,50.099998474121094,49.369998931884766,49.650001525878906,39.114418029785156,27763200
2021-11-16,49.470001220703125,50.15999984741211,48.88999938964844,49.599998474121094,39.07502746582031,31297200
2021-11-17,49.939998626708984,51.09000015258789,49.689998626708984,50.869998931884766,40.07553482055664,36889800
2021-11-18,51.099998474121094,51.709999084472656,50.61000061035156,51.40999984741211,40.50095748901367,32872600
2021-11-19,51.959999084472656,52.84000015258789,50.68000030517578,50.79999923706055,40.02039337158203,47966200
2021-11-22,50.95000076293945,51.470001220703125,50.380001068115234,51.20000076293945,40.33551788330078,27287900
2021-11-23,50.58000183105469,51.45000076293945,50.29999923706055,51.08000183105469,40.24098205566406,24946200
2021-11-24,51.18000030517578,51.33000183105469,50.709999084472656,50.88999938964844,40.091285705566406,18556800
2021-11-26,54.040000915527344,54.939998626708984,53.25,54.0,42.54135513305664,66561300
2021-11-29,55.150001525878906,55.70000076293945,52.11000061035156,52.400001525878906,41.2808723449707,72660800
2021-11-30,52.310001373291016,54.459999084472656,51.90999984741211,53.72999954223633,42.32865524291992,64598400
2021-12-01,52.470001220703125,55.16999816894531,51.86000061035156,54.68000030517578,43.07706069946289,59810400
2021-12-02,53.81999969482422,55.08000183105469,52.77000045776367,53.040000915527344,41.785064697265625,46361700
2021-12-03,53.709999084472656,54.40999984741211,53.099998474121094,54.27000045776367,42.754066467285156,37574800
2021-12-06,53.779998779296875,53.88999938964844,51.25,51.47999954223633,40.556095123291016,53724000
2021-12-07,51.25,52.5,50.400001525878906,51.720001220703125,40.74516677856445,41575400
2021-12-08,52.75,53.08000183105469,51.029998779296875,51.400001525878906,40.493064880371094,37429200
2021-12-09,51.5099983215332,52.849998474121094,51.5099983215332,52.08000183105469,41.028778076171875,38325700
2021-12-10,51.20000076293945,52.849998474121094,51.11000061035156,52.779998779296875,41.58024978637695,26079400
2021-12-13,53.439998626708984,55.72999954223633,53.439998626708984,55.20000076293945,43.486717224121094,54923200
2021-12-14,54.77000045776367,55.95000076293945,54.31999969482422,55.540000915527344,43.754573822021484,48685700
2021-12-15,56.11000061035156,58.91999816894531,55.88999938964844,58.79999923706055,46.32280349731445,75202900
2021-12-16,58.36000061035156,61.43000030517578,57.75,61.25,48.2529296875,75183600
2021-12-17,59.93000030517578,61.189998626708984,58.70000076293945,59.47999954223633,46.858516693115234,104192100
2021-12-20,60.599998474121094,61.709999084472656,59.83000183105469,61.02000045776367,48.07172775268555,55712200
2021-12-21,60.0099983215332,60.040000915527344,57.15999984741211,58.95000076293945,46.44099426269531,63877900
2021-12-22,59.25,60.59000015258789,58.220001220703125,59.54999923706055,46.91366958618164,62594900
2021-12-23,59.81999969482422,60.08000183105469,58.310001373291016,58.709999084472656,46.25191116333008,39203200
2021-12-27,58.849998474121094,59.380001068115234,58.22999954223633,59.20000076293945,46.637935638427734,27362600
2021-12-28,59.04999923706055,59.45000076293945,57.08000183105469,58.0099983215332,45.7004508972168,36901700
2021-12-29,57.310001373291016,58.029998779296875,57.06999969482422,57.58000183105469,45.361690521240234,26170200
2021-12-30,57.75,58.7400016784668,57.529998779296875,58.400001525878906,46.007694244384766,24559000
2021-12-31,58.529998779296875,59.79999923706055,58.439998626708984,59.04999923706055,46.51976776123047,28579600
2022-01-03,58.5,58.54999923706055,56.34000015258789,56.650001525878906,44.62903594970703,57219200
2022-01-04,56.220001220703125,56.43000030517578,53.939998626708984,54.529998779296875,42.95889663696289,66993100
2022-01-05,55.84000015258789,56.439998626708984,55.369998931884766,55.630001068115234,43.825477600097656,52956400
2022-01-06,55.15999984741211,55.630001068115234,54.4900016784668,54.84000015258789,43.20310974121094,37000400
2022-01-07,55.36000061035156,55.77000045776367,54.630001068115234,55.720001220703125,43.896385192871094,27703400
2022-01-10,55.709999084472656,56.2599983215332,54.7400016784668,56.2400016784668,44.30604553222656,34044700
2022-01-11,56.75,57.43000030517578,55.810001373291016,56.689998626708984,44.660545349121094,33576600
2022-01-12,56.34000015258789,57.15999984741211,55.900001525878906,56.650001525878906,44.62903594970703,27608500
2022-01-13,56.529998779296875,56.75,55.220001220703125,55.540000915527344,43.754573822021484,28117900
2022-01-14,54.97999954223633,55.380001068115234,54.5099983215332,54.95000076293945,43.28977584838867,27072500
2022-01-18,54.5,54.54999923706055,53.43000030517578,54.11000061035156,42.628013610839844,35598000
2022-01-19,53.650001525878906,54.4900016784668,53.45000076293945,53.540000915527344,42.17897415161133,27300400
2022-01-20,53.959999084472656,54.52000045776367,53.06999969482422,54.04999923706055,42.58074951171875,35105300
2022-01-21,54.41999816894531,54.869998931884766,52.459999084472656,52.790000915527344,41.58811950683594,41059000
2022-01-24,51.75,52.060001373291016,49.81999969482422,51.540000915527344,40.603363037109375,59036400
2022-01-25,51.36000061035156,52.84000015258789,51.2400016784668,52.540000915527344,41.391170501708984,43983200
2022-01-26,52.56999969482422,53.619998931884766,52.459999084472656,53.0099983215332,41.76143264770508,39644800
2022-01-27,53.02000045776367,54.58000183105469,53.0,53.369998931884766,42.36471939086914,36957200
2022-01-28,53.77000045776367,54.66999816894531,53.099998474121094,54.33000183105469,43.12676239013672,28590400
2022-01-31,54.0,54.13999938964844,52.38999938964844,52.689998626708984,41.82493591308594,38644600
2022-02-01,52.7400016784668,53.15999984741211,52.38999938964844,53.06999969482422,42.12657928466797,27883300
2022-02-02,52.84000015258789,54.130001068115234,52.45000076293945,53.86000061035156,42.75367736816406,32039300
2022-02-03,53.33000183105469,53.88999938964844,53.09000015258789,53.380001068115234,42.37266159057617,22635800
2022-02-04,53.02000045776367,53.43000030517578,52.630001068115234,53.0,42.07101821899414,24932200
2022-02-07,53.29999923706055,53.58000183105469,52.2400016784668,53.209999084472656,42.237709045410156,32358500
2022-02-08,50.63999938964844,51.79999923706055,49.689998626708984,51.70000076293945,41.039085388183594,67922000
2022-02-09,51.63999938964844,51.720001220703125,50.900001525878906,51.470001220703125,40.856510162353516,38522200
2022-02-10,51.040000915527344,51.369998931884766,50.38999938964844,50.599998474121094,40.16591262817383,34200600
2022-02-11,50.33000183105469,51.2400016784668,50.08000183105469,50.779998779296875,40.30879592895508,34997800
2022-02-14,49.81999969482422,50.5,48.47999954223633,49.79999923706055,39.530879974365234,42973100
2022-02-15,49.79999923706055,50.040000915527344,49.209999084472656,49.790000915527344,39.52294921875,29150000
2022-02-16,49.59000015258789,50.779998779296875,49.43000030517578,49.68000030517578,39.43562698364258,27672600
2022-02-17,49.810001373291016,49.959999084472656,48.75,48.900001525878906,38.816471099853516,21231700
2022-02-18,48.779998779296875,49.52000045776367,48.20000076293945,48.529998779296875,38.522762298583984,26955300
2022-02-22,47.540000915527344,48.310001373291016,47.349998474121094,47.529998779296875,37.72896194458008,34814800
2022-02-23,47.59000015258789,48.15999984741211,46.779998779296875,46.869998931884766,37.20505905151367,25793000
2022-02-24,45.86000061035156,46.7599983215332,45.400001525878906,45.959999084472656,36.48271179199219,44227300
2022-02-25,45.810001373291016,48.029998779296875,45.7400016784668,47.720001220703125,37.87978744506836,31199200
2022-02-28,46.81999969482422,47.16999816894531,46.34000015258789,46.939998626708984,37.260623931884766,35296100
2022-03-01,46.689998626708984,47.13999938964844,45.439998626708984,45.75,36.31602096557617,29854500
2022-03-02,46.11000061035156,47.93000030517578,46.0,47.70000076293945,37.863914489746094,36516200
2022-03-03,47.68000030517578,48.59000015258789,47.47999954223633,47.83000183105469,37.967105865478516,30553300
2022-03-04,47.5,48.77000045776367,47.40999984741211,48.650001525878906,38.618019104003906,33217300
2022-03-07,48.25,48.84000015258789,47.52000045776367,47.97999954223633,38.086177825927734,33171300
2022-03-08,47.58000183105469,48.41999816894531,46.470001220703125,47.439998626708984,37.657527923583984,32913300
2022-03-09,48.130001068115234,49.220001220703125,48.0,48.75,38.69739532470703,24718900
2022-03-10,48.310001373291016,49.290000915527344,48.04999923706055,49.20000076293945,39.054595947265625,24542300
2022-03-11,49.13999938964844,50.900001525878906,48.939998626708984,50.27000045776367,39.90395736694336,33701900
2022-03-14,50.720001220703125,52.90999984741211,50.38999938964844,52.25,41.475669860839844,42314500
2022-03-15,52.619998931884766,52.91999816894531,51.18000030517578,52.209999084472656,41.44391632080078,30172100
2022-03-16,52.540000915527344,53.27000045776367,52.18000030517578,52.91999816894531,42.00750732421875,29891400
2022-03-17,52.91999816894531,54.25,52.790000915527344,54.2400016784668,43.055320739746094,30598600
2022-03-18,54.380001068115234,55.0,53.709999084472656,54.5099983215332,43.26963424682617,51815000
2022-03-21,54.2400016784668,55.29999923706055,53.900001525878906,54.189998626708984,43.015628814697266,34592500
2022-03-22,54.20000076293945,54.31999969482422,52.5,53.040000915527344,42.10276412963867,32253600
2022-03-23,53.02000045776367,53.5,52.15999984741211,52.189998626708984,41.428043365478516,29183700
2022-03-24,52.540000915527344,52.849998474121094,52.290000915527344,52.59000015258789,41.74555969238281,25177500
2022-03-25,52.7400016784668,53.25,52.5099983215332,52.779998779296875,41.89638900756836,17429600
2022-03-28,52.529998779296875,53.560001373291016,52.5,53.279998779296875,42.29326629638672,21863700
2022-03-29,54.0,54.08000183105469,52.619998931884766,52.7400016784668,41.86463165283203,39970000
2022-03-30,53.20000076293945,53.720001220703125,51.970001220703125,52.439998626708984,41.626487731933594,27599600
2022-03-31,52.0,52.880001068115234,51.7400016784668,51.77000045776367,41.09464645385742,26055200
2022-04-01,52.119998931884766,52.15999984741211,51.099998474121094,51.56999969482422,40.935890197753906,19073100
2022-04-04,51.779998779296875,51.869998931884766,50.369998931884766,50.939998626708984,40.435794830322266,20462800
2022-04-05,50.810001373291016,52.150001525878906,50.75,51.2400016784668,40.67394256591797,21176700
2022-04-06,51.15999984741211,53.09000015258789,51.15999984741211,52.869998931884766,41.96782302856445,31717500
2022-04-07,52.5,55.40999984741211,52.5,55.15999984741211,43.785606384277344,36305700
2022-04-08,54.849998474121094,55.58000183105469,54.459999084472656,55.16999816894531,43.79354476928711,24612200
2022-04-11,55.459999084472656,56.31999969482422,53.779998779296875,53.93000030517578,42.80924606323242,22054300
2022-04-12,53.29999923706055,53.93000030517578,52.650001525878906,53.11000061035156,42.15833282470703,22810700
2022-04-13,53.130001068115234,53.81999969482422,52.70000076293945,53.099998474121094,42.150390625,15777800
2022-04-14,53.400001525878906,53.90999984741211,53.040000915527344,53.119998931884766,42.166259765625,17240100
2022-04-18,52.83000183105469,53.11000061035156,51.630001068115234,51.84000015258789,41.150211334228516,17065000
2022-04-19,51.65999984741211,51.880001068115234,49.369998931884766,50.18000030517578,39.83251190185547,33441500
2022-04-20,50.0,50.15999984741211,49.209999084472656,49.75,39.49118423461914,24751800
2022-04-21,49.93000030517578,50.0099983215332,48.91999816894531,49.11000061035156,38.983158111572266,19105600
2022-04-22,48.95000076293945,49.099998474121094,47.900001525878906,48.130001068115234,38.20524597167969,22156800
2022-04-25,47.849998474121094,49.189998626708984,47.119998931884766,48.95000076293945,38.85615158081055,27390600
2022-04-26,48.9900016784668,50.25,48.91999816894531,49.029998779296875,38.9196662902832,25366500
2022-04-27,49.11000061035156,49.90999984741211,48.209999084472656,49.7400016784668,39.48324966430664,25819200
2022-04-28,50.439998626708984,50.77000045776367,49.4900016784668,50.5099983215332,40.09446716308594,28225400
2022-04-29,49.869998931884766,50.34000015258789,49.0,49.06999969482422,38.951412200927734,28343300
2022-05-02,47.68000030517578,48.7599983215332,47.459999084472656,48.34000015258789,38.37194061279297,36228400
2022-05-03,48.869998931884766,50.040000915527344,47.70000076293945,49.290000915527344,39.12604904174805,33716900
2022-05-04,48.88999938964844,49.869998931884766,47.90999984741211,49.65999984741211,39.41974639892578,28613700
2022-05-05,49.459999084472656,49.54999923706055,47.54999923706055,48.45000076293945,38.459259033203125,28333000
2022-05-06,48.09000015258789,49.220001220703125,48.040000915527344,49.040000915527344,38.927589416503906,19891400
2022-05-09,48.380001068115234,49.16999816894531,47.77000045776367,48.63999938964844,38.61007308959961,25012300
2022-05-10,49.040000915527344,49.900001525878906,48.689998626708984,49.4900016784668,39.28480529785156,27335900
2022-05-11,49.06999969482422,50.2400016784668,49.029998779296875,49.45000076293945,39.253047943115234,29699500
2022-05-12,49.0,50.43000030517578,48.720001220703125,50.38999938964844,40.325408935546875,33468400
2022-05-13,50.380001068115234,50.790000915527344,49.68000030517578,49.91999816894531,39.949283599853516,22423700
2022-05-16,49.869998931884766,51.04999923706055,49.869998931884766,50.66999816894531,40.54947280883789,19435600
2022-05-17,50.95000076293945,51.52000045776367,50.18000030517578,51.34000015258789,41.085662841796875,19918200
2022-05-18,51.220001220703125,51.41999816894531,50.15999984741211,50.400001525878906,40.33340835571289,22276000
2022-05-19,50.0,50.88999938964844,49.59000015258789,50.650001525878906,40.533477783203125,19865500
2022-05-20,51.27000045776367,52.70000076293945,51.130001068115234,52.470001220703125,41.98996353149414,31250400
2022-05-23,52.58000183105469,53.70000076293945,52.47999954223633,52.880001068115234,42.31807327270508,24035800
2022-05-24,52.709999084472656,53.61000061035156,52.709999084472656,53.40999984741211,42.74220657348633,26729800
2022-05-25,53.20000076293945,54.04999923706055,53.04999923706055,53.709999084472656,42.98229217529297,24003900
2022-05-26,54.060001373291016,54.91999816894531,53.880001068115234,53.9900016784668,43.20637130737305,23516300
2022-05-27,53.91999816894531,54.40999984741211,53.52000045776367,53.90999984741211,43.14234924316406,21407500
2022-05-31,53.31999969482422,53.5,51.939998626708984,53.040000915527344,42.44610595703125,66058200
2022-06-01,53.25,53.279998779296875,51.84000015258789,52.369998931884766,41.90993118286133,17430600
2022-06-02,52.369998931884766,52.7400016784668,51.040000915527344,52.68000030517578,42.15801239013672,21903400
2022-06-03,52.459999084472656,53.529998779296875,52.459999084472656,53.20000076293945,42.57415008544922,18125000
2022-06-06,53.189998626708984,53.720001220703125,53.0,53.2599983215332,42.622169494628906,16544400
2022-06-07,53.279998779296875,53.970001220703125,53.0099983215332,53.959999084472656,43.18235778808594,15091200
2022-06-08,54.060001373291016,54.560001373291016,53.40999984741211,53.470001220703125,42.79022979736328,12789800
2022-06-09,53.27000045776367,53.650001525878906,51.70000076293945,51.779998779296875,41.437782287597656,17572700
2022-06-10,51.310001373291016,51.369998931884766,49.95000076293945,49.970001220703125,39.98929214477539,23826000
2022-06-13,48.81999969482422,49.279998779296875,47.709999084472656,47.90999984741211,38.34075164794922,26989000
2022-06-14,47.75,48.470001220703125,47.220001220703125,47.91999816894531,38.3487548828125,23290300
2022-06-15,47.880001068115234,48.97999954223633,47.18000030517578,48.5099983215332,38.8209114074707,25748000
2022-06-16,47.689998626708984,48.0,47.060001373291016,47.47999954223633,37.99663162231445,20424500
2022-06-17,47.380001068115234,48.029998779296875,46.279998779296875,46.529998779296875,37.236385345458984,45047700
2022-06-21,47.31999969482422,48.439998626708984,46.95000076293945,48.11000061035156,38.50080871582031,19622100
2022-06-22,48.029998779296875,49.58000183105469,47.77000045776367,49.06999969482422,39.26905822753906,20382900
2022-06-23,49.22999954223633,50.16999816894531,48.97999954223633,50.09000015258789,40.085323333740234,20061700
2022-06-24,50.650001525878906,51.63999938964844,50.29999923706055,51.59000015258789,41.285728454589844,24343200
2022-06-27,51.47999954223633,52.22999954223633,51.2599983215332,51.880001068115234,41.51780319213867,16154300
2022-06-28,51.83000183105469,51.970001220703125,50.40999984741211,50.65999984741211,40.54148483276367,16417900
2022-06-29,50.72999954223633,51.439998626708984,50.65999984741211,50.939998626708984,40.76555252075195,13925700
2022-06-30,51.689998626708984,52.88999938964844,51.09000015258789,52.43000030517578,41.95795822143555,33495700
2022-07-01,52.040000915527344,52.369998931884766,51.25,52.310001373291016,41.861915588378906,16143300
2022-07-05,51.75,51.88999938964844,50.400001525878906,51.63999938964844,41.32573699951172,18406800
2022-07-06,51.63999938964844,52.959999084472656,51.58000183105469,52.75,42.21403884887695,21305500
2022-07-07,52.95000076293945,53.540000915527344,52.790000915527344,53.41999816894531,42.75020980834961,17847600
2022-07-08,53.04999923706055,53.91999816894531,52.7599983215332,53.16999816894531,42.550148010253906,11322700
2022-07-11,53.0,53.7400016784668,52.75,52.88999938964844,42.32606506347656,12921400
2022-07-12,52.689998626708984,52.779998779296875,51.709999084472656,52.040000915527344,41.64584732055664,14633500
2022-07-13,51.86000061035156,52.310001373291016,51.5099983215332,51.790000915527344,41.445777893066406,12927300
2022-07-14,50.75,51.59000015258789,50.630001068115234,51.38999938964844,41.125675201416016,14023800
2022-07-15,51.040000915527344,51.90999984741211,50.43000030517578,51.75,41.41377258300781,19885700
2022-07-18,51.959999084472656,51.970001220703125,50.52000045776367,50.75,40.61350631713867,15742900
2022-07-19,51.040000915527344,51.5099983215332,50.61000061035156,51.369998931884766,41.10967254638672,13402100
2022-07-20,51.38999938964844,51.459999084472656,50.5099983215332,50.81999969482422,40.66952133178711,12774400
2022-07-21,50.56999969482422,51.13999938964844,50.18000030517578,51.119998931884766,40.909603118896484,15103800
2022-07-22,51.2599983215332,51.529998779296875,50.95000076293945,51.22999954223633,40.99763107299805,10932100
2022-07-25,51.34000015258789,51.880001068115234,51.34000015258789,51.77000045776367,41.429779052734375,12995800
2022-07-26,51.84000015258789,52.849998474121094,51.709999084472656,52.29999923706055,41.853912353515625,16632500
2022-07-27,51.939998626708984,52.25,51.189998626708984,51.95000076293945,41.573822021484375,19203500
2022-07-28,50.849998474121094,52.33000183105469,49.099998474121094,50.720001220703125,40.904457092285156,38984900
2022-07-29,50.560001373291016,50.709999084472656,49.279998779296875,50.5099983215332,40.73508834838867,25037900
2022-08-01,50.31999969482422,51.29999923706055,50.150001525878906,50.61000061035156,40.815738677978516,19709900
2022-08-02,50.900001525878906,51.470001220703125,49.630001068115234,49.689998626708984,40.07378387451172,17802000
2022-08-03,49.790000915527344,50.06999969482422,49.34000015258789,49.86000061035156,40.21087646484375,16500100
2022-08-04,49.900001525878906,50.04999923706055,49.209999084472656,49.86000061035156,40.21087646484375,17026300
2022-08-05,49.63999938964844,49.970001220703125,49.060001373291016,49.27000045776367,39.73506164550781,16376600
2022-08-08,49.38999938964844,49.810001373291016,48.939998626708984,49.56999969482422,39.97700119018555,16071800
2022-08-09,49.75,50.11000061035156,49.52000045776367,49.779998779296875,40.1463623046875,12095600
2022-08-10,49.93000030517578,50.04999923706055,49.380001068115234,49.95000076293945,40.2834587097168,17355100
2022-08-11,48.220001220703125,49.130001068115234,47.810001373291016,48.290000915527344,38.944705963134766,44048800
2022-08-12,48.54999923706055,50.38999938964844,48.54999923706055,50.11000061035156,40.412498474121094,25835500
2022-08-15,49.970001220703125,50.06999969482422,49.38999938964844,49.75,40.12216567993164,15797800
2022-08-16,49.380001068115234,50.18000030517578,49.36000061035156,49.86000061035156,40.21087646484375,12874800
2022-08-17,49.650001525878906,49.86000061035156,49.25,49.27000045776367,39.73506164550781,13607200
2022-08-18,49.38999938964844,49.52000045776367,48.380001068115234,48.58000183105469,39.178592681884766,18916300
2022-08-19,48.84000015258789,49.45000076293945,48.72999954223633,49.150001525878906,39.63829040527344,15350200
2022-08-22,49.209999084472656,49.400001525878906,48.7400016784668,48.900001525878906,39.436668395996094,13601200
2022-08-23,48.41999816894531,48.52000045776367,47.7599983215332,48.0099983215332,38.71889877319336,16248900
2022-08-24,47.900001525878906,48.0099983215332,47.380001068115234,47.43000030517578,38.25114440917969,15551500
2022-08-25,47.52000045776367,47.95000076293945,47.27000045776367,47.900001525878906,38.63019561767578,14460000
2022-08-26,47.619998931884766,47.959999084472656,46.70000076293945,46.81999969482422,37.75919723510742,16546700
2022-08-29,46.380001068115234,46.689998626708984,46.119998931884766,46.22999954223633,37.28337478637695,13400500
2022-08-30,46.34000015258789,46.349998474121094,45.79999923706055,45.849998474121094,36.97690963745117,16303000
2022-08-31,46.0099983215332,46.290000915527344,45.130001068115234,45.22999954223633,36.47689437866211,26416800
2022-09-01,45.13999938964844,46.650001525878906,45.13999938964844,46.630001068115234,37.60596466064453,19947600
2022-09-02,46.7400016784668,46.79999923706055,45.529998779296875,45.70000076293945,36.8559455871582,14667700
2022-09-06,45.959999084472656,46.439998626708984,45.529998779296875,45.7599983215332,36.90432357788086,17153500
2022-09-07,45.70000076293945,46.209999084472656,45.380001068115234,46.130001068115234,37.202728271484375,15378900
2022-09-08,46.02000045776367,47.119998931884766,45.869998931884766,47.08000183105469,37.968875885009766,18271000
2022-09-09,47.20000076293945,47.9900016784668,47.099998474121094,47.84000015258789,38.58179473876953,17501700
2022-09-12,48.08000183105469,48.349998474121094,47.689998626708984,47.7599983215332,38.51728439331055,13744800
2022-09-13,47.130001068115234,47.31999969482422,46.02000045776367,46.189998626708984,37.25111770629883,16603200
2022-09-14,46.20000076293945,46.40999984741211,45.779998779296875,46.150001525878906,37.21885681152344,17162500
2022-09-15,46.11000061035156,46.290000915527344,45.70000076293945,45.939998626708984,37.049495697021484,15802000
2022-09-16,46.09000015258789,46.619998931884766,45.63999938964844,46.029998779296875,37.12207794189453,30629500
2022-09-19,45.68000030517578,45.880001068115234,44.779998779296875,45.439998626708984,36.64625930786133,16256200
2022-09-20,45.0,45.27000045776367,44.439998626708984,44.77000045776367,36.105918884277344,15369000
2022-09-21,44.810001373291016,44.97999954223633,43.900001525878906,43.91999816894531,35.42041015625,17505200
2022-09-22,43.66999816894531,45.0,43.52000045776367,44.56999969482422,35.94462203979492,18508100
2022-09-23,44.439998626708984,44.560001373291016,43.58000183105469,44.08000183105469,35.54945373535156,18871700
2022-09-26,43.810001373291016,44.33000183105469,43.66999816894531,43.83000183105469,35.34783172607422,18680200
2022-09-27,44.220001220703125,44.58000183105469,43.7400016784668,44.09000015258789,35.55751419067383,21562700
2022-09-28,44.66999816894531,44.810001373291016,44.220001220703125,44.43000030517578,35.83171463012695,16532600
2022-09-29,44.40999984741211,44.619998931884766,43.95000076293945,44.15999984741211,35.61396789550781,13559900
2022-09-30,44.16999816894531,44.61000061035156,43.72999954223633,43.7599983215332,35.29137420654297,22962300
2022-10-03,44.06999969482422,44.279998779296875,43.4900016784668,44.13999938964844,35.59783935546875,22834300
2022-10-04,44.25,44.84000015258789,44.09000015258789,44.459999084472656,35.85590744018555,28198800
2022-10-05,44.119998931884766,44.369998931884766,43.68000030517578,44.119998931884766,35.58170700073242,15673400
2022-10-06,43.7599983215332,43.779998779296875,43.040000915527344,43.09000015258789,34.751041412353516,22068200
2022-10-07,43.04999923706055,43.04999923706055,41.91999816894531,42.31999969482422,34.13005447387695,20095000
2022-10-10,42.349998474121094,42.619998931884766,41.75,41.75,33.67036056518555,17888000
2022-10-11,41.65999984741211,42.56999969482422,41.45000076293945,41.91999816894531,33.807456970214844,20981200
2022-10-12,42.09000015258789,43.13999938964844,41.91999816894531,42.029998779296875,33.89617156982422,18803600
2022-10-13,41.7599983215332,43.15999984741211,41.70000076293945,42.97999954223633,34.662322998046875,23135200
2022-10-14,42.88999938964844,43.380001068115234,42.36000061035156,42.86000061035156,34.56554412841797,16980500
2022-10-17,43.189998626708984,43.810001373291016,43.189998626708984,43.650001525878906,35.20266342163086,16678400
2022-10-18,44.04999923706055,44.36000061035156,43.619998931884766,44.09000015258789,35.55751419067383,18442800
2022-10-19,43.90999984741211,44.06999969482422,42.7400016784668,43.11000061035156,34.76716613769531,23054700
2022-10-20,43.27000045776367,43.40999984741211,42.81999969482422,42.90999984741211,34.605873107910156,17715000
2022-10-21,43.310001373291016,45.15999984741211,42.9900016784668,44.95000076293945,36.2510871887207,36575700
2022-10-24,45.08000183105469,45.869998931884766,44.9900016784668,45.540000915527344,36.72691345214844,24972000
2022-10-25,45.27000045776367,45.81999969482422,44.88999938964844,45.59000015258789,36.767234802246094,23127000
2022-10-26,45.91999816894531,46.650001525878906,45.619998931884766,46.060001373291016,37.146270751953125,21407900
2022-10-27,45.810001373291016,46.11000061035156,45.68000030517578,45.7400016784668,36.88819885253906,20377700
2022-10-28,45.97999954223633,47.52000045776367,45.93000030517578,47.43000030517578,38.25114440917969,27854000
2022-10-31,47.08000183105469,47.38999938964844,46.540000915527344,46.54999923706055,37.54144287109375,29961700
2022-11-01,48.0,48.41999816894531,47.400001525878906,48.0099983215332,38.71889877319336,30614500
2022-11-02,47.77000045776367,48.16999816894531,46.95000076293945,47.06999969482422,37.9608154296875,25813100
2022-11-03,46.36000061035156,46.79999923706055,46.15999984741211,46.56999969482422,37.87947463989258,20124600
2022-11-04,47.470001220703125,47.540000915527344,46.61000061035156,47.220001220703125,38.408180236816406,24528500
2022-11-07,47.15999984741211,47.650001525878906,46.75,47.09000015258789,38.30242919921875,20304400
2022-11-08,47.040000915527344,47.75,46.75,47.349998474121094,38.51390838623047,18054500
2022-11-09,47.15999984741211,47.5,46.70000076293945,46.720001220703125,38.00148391723633,15348100
2022-11-10,47.529998779296875,47.75,46.849998474121094,47.380001068115234,38.538326263427734,20480600
2022-11-11,47.06999969482422,47.70000076293945,46.310001373291016,47.599998474121094,38.71726608276367,20909800
2022-11-14,47.9900016784668,49.81999969482422,47.93000030517578,49.2400016784668,40.05121612548828,26143000
2022-11-15,49.34000015258789,49.529998779296875,48.18000030517578,48.56999969482422,39.50625228881836,25440500
2022-11-16,48.79999923706055,49.060001373291016,48.04999923706055,48.04999923706055,39.08327865600586,15822200
2022-11-17,47.79999923706055,48.5,47.529998779296875,48.33000183105469,39.31103515625,13231100
2022-11-18,48.63999938964844,48.83000183105469,47.869998931884766,48.22999954223633,39.22969436645508,20666500
2022-11-21,48.099998474121094,48.279998779296875,47.720001220703125,48.18000030517578,39.18903350830078,14736000
2022-11-22,48.34000015258789,49.25,48.2400016784668,49.08000183105469,39.921085357666016,16358600
2022-11-23,48.959999084472656,49.220001220703125,48.52000045776367,48.849998474121094,39.73399353027344,10710800
2022-11-25,48.93000030517578,49.220001220703125,48.84000015258789,49.209999084472656,40.02681350708008,6760200
2022-11-28,49.18000030517578,49.7400016784668,49.060001373291016,49.56999969482422,40.319637298583984,20704000
2022-11-29,49.5,49.66999816894531,49.099998474121094,49.4900016784668,40.25457000732422,17160900
2022-11-30,49.63999938964844,50.130001068115234,49.040000915527344,50.130001068115234,40.77513122558594,35572700
2022-12-01,50.310001373291016,51.15999984741211,50.279998779296875,51.08000183105469,41.54785919189453,23592600
2022-12-02,50.560001373291016,51.33000183105469,50.47999954223633,50.90999984741211,41.40958023071289,16881600
2022-12-05,50.90999984741211,51.029998779296875,50.349998474121094,50.72999954223633,41.26316833496094,17959800
2022-12-06,50.66999816894531,50.849998474121094,49.18000030517578,49.709999084472656,40.433509826660156,21787100
2022-12-07,49.75,51.150001525878906,49.75,50.2400016784668,40.86460494995117,15929900
2022-12-08,50.18000030517578,51.869998931884766,50.02000045776367,51.779998779296875,42.11722183227539,26116800
2022-12-09,51.75,52.84000015258789,51.630001068115234,51.720001220703125,42.06842041015625,19933500
2022-12-12,52.119998931884766,52.59000015258789,51.75,52.15999984741211,42.42631149291992,18532200
2022-12-13,53.099998474121094,54.040000915527344,52.880001068115234,53.06999969482422,43.1664924621582,29461800
2022-12-14,53.13999938964844,54.93000030517578,52.900001525878906,54.47999954223633,44.313377380371094,36260300
2022-12-15,54.06999969482422,54.43000030517578,53.400001525878906,53.61000061035156,43.6057243347168,21627100
2022-12-16,53.0099983215332,53.13999938964844,51.400001525878906,51.400001525878906,41.808135986328125,65689500
2022-12-19,51.52000045776367,51.810001373291016,50.70000076293945,51.36000061035156,41.77560043334961,16081900
2022-12-20,51.209999084472656,51.5099983215332,50.84000015258789,51.31999969482422,41.743064880371094,12433800
2022-12-21,51.61000061035156,52.15999984741211,51.20000076293945,51.65999984741211,42.01961135864258,12925000
2022-12-22,51.40999984741211,51.70000076293945,50.95000076293945,51.63999938964844,42.00334548950195,14822300
2022-12-23,51.560001373291016,51.95000076293945,51.2400016784668,51.83000183105469,42.15789031982422,10666500
2022-12-27,51.86000061035156,51.93000030517578,51.04999923706055,51.130001068115234,41.58852005004883,12033800
2022-12-28,51.04999923706055,51.38999938964844,50.75,50.79999923706055,41.320098876953125,10053900
2022-12-29,51.02000045776367,51.66999816894531,50.9900016784668,51.33000183105469,41.751197814941406,8971300
2022-12-30,51.290000915527344,51.400001525878906,50.75,51.2400016784668,41.67799377441406,11396200
2023-01-03,51.0099983215332,51.33000183105469,50.81999969482422,51.2599983215332,41.69426727294922,15603800
2023-01-04,50.290000915527344,50.630001068115234,49.52000045776367,50.130001068115234,40.77513122558594,21808400
2023-01-05,49.72999954223633,49.9900016784668,48.91999816894531,49.65999984741211,40.39283752441406,20057400
2023-01-06,49.97999954223633,51.599998474121094,49.560001373291016,50.91999816894531,41.41770935058594,29635900
2023-01-09,50.04999923706055,50.2599983215332,48.310001373291016,48.38999938964844,39.359832763671875,30839100
2023-01-10,48.349998474121094,48.470001220703125,47.380001068115234,47.619998931884766,38.73352813720703,29212000
2023-01-11,47.70000076293945,47.7400016784668,46.86000061035156,47.45000076293945,38.595252990722656,23022200
2023-01-12,47.27000045776367,47.720001220703125,46.58000183105469,47.709999084472656,38.80673599243164,23345300
2023-01-13,47.5,48.15999984741211,47.4900016784668,47.849998474121094,38.92060852050781,18737500
2023-01-17,46.540000915527344,46.7400016784668,45.709999084472656,46.08000183105469,37.48091125488281,29391400
2023-01-18,45.54999923706055,45.849998474121094,44.970001220703125,45.0,36.602455139160156,33835000
2023-01-19,44.720001220703125,45.27000045776367,44.63999938964844,44.959999084472656,36.569923400878906,26614900
2023-01-20,45.279998779296875,45.43000030517578,44.72999954223633,45.11000061035156,36.69192123413086,25197600
2023-01-23,45.040000915527344,45.31999969482422,44.81999969482422,44.97999954223633,36.586181640625,19398600
2023-01-24,44.91999816894531,44.95000076293945,44.150001525878906,44.709999084472656,36.366573333740234,18853100
2023-01-25,45.029998779296875,45.11000061035156,44.59000015258789,45.06999969482422,36.65938949584961,20828000
2023-01-26,44.20000076293945,44.29999923706055,43.61000061035156,44.25,36.32284164428711,38465500
2023-01-27,44.220001220703125,44.34000015258789,43.779998779296875,43.790000915527344,35.945255279541016,23798600
2023-01-30,43.790000915527344,44.13999938964844,43.400001525878906,43.54999923706055,35.74824905395508,24402200
2023-01-31,43.0,44.279998779296875,42.70000076293945,44.15999984741211,36.248966217041016,49722500
2023-02-01,43.90999984741211,44.18000030517578,43.40999984741211,43.970001220703125,36.09300994873047,24482300
2023-02-02,43.630001068115234,44.459999084472656,43.5,44.34000015258789,36.39672088623047,35279200
2023-02-03,44.36000061035156,44.38999938964844,43.880001068115234,44.060001373291016,36.1668815612793,23742000
2023-02-06,44.189998626708984,44.29999923706055,43.72999954223633,43.7599983215332,35.920623779296875,18071200
2023-02-07,43.81999969482422,43.900001525878906,43.25,43.59000015258789,35.78107833862305,22999500
2023-02-08,43.54999923706055,44.099998474121094,43.529998779296875,43.97999954223633,36.10121536254883,19362300
2023-02-09,44.119998931884766,44.33000183105469,43.2400016784668,43.34000015258789,35.575862884521484,20809200
2023-02-10,43.5,43.97999954223633,43.2599983215332,43.880001068115234,36.019126892089844,18619600
2023-02-13,43.68000030517578,44.0099983215332,43.5099983215332,43.9900016784668,36.10942077636719,17878000
2023-02-14,44.09000015258789,44.20000076293945,43.58000183105469,43.720001220703125,35.887794494628906,17506900
2023-02-15,43.41999816894531,43.61000061035156,43.11000061035156,43.31999969482422,35.559452056884766,18994700
2023-02-16,43.150001525878906,43.18000030517578,42.77000045776367,42.95000076293945,35.25572967529297,17832000
2023-02-17,42.88999938964844,43.369998931884766,42.58000183105469,43.209999084472656,35.46915817260742,18293400
2023-02-21,42.810001373291016,42.93000030517578,42.619998931884766,42.70000076293945,35.050514221191406,17356600
2023-02-22,42.720001220703125,42.88999938964844,42.310001373291016,42.380001068115234,34.787837982177734,17394200
2023-02-23,42.290000915527344,42.75,42.220001220703125,42.29999923706055,34.722171783447266,21104300
2023-02-24,42.029998779296875,42.04999923706055,41.5099983215332,41.75,34.27070617675781,16806100
2023-02-27,41.439998626708984,41.72999954223633,40.72999954223633,40.779998779296875,33.4744758605957,26370300
2023-02-28,40.5,40.709999084472656,40.09000015258789,40.56999969482422,33.302093505859375,31086900
2023-03-01,40.560001373291016,40.7599983215332,40.13999938964844,40.18000030517578,32.981964111328125,21104400
2023-03-02,40.060001373291016,40.779998779296875,39.810001373291016,40.619998931884766,33.34313201904297,19110600
2023-03-03,40.90999984741211,41.18000030517578,40.7400016784668,41.150001525878906,33.778194427490234,20922000
2023-03-06,41.09000015258789,41.2599983215332,40.81999969482422,41.11000061035156,33.745357513427734,19434800
2023-03-07,41.060001373291016,41.130001068115234,40.099998474121094,40.34000015258789,33.11330032348633,23205800
2023-03-08,40.31999969482422,40.56999969482422,39.90999984741211,40.119998931884766,32.932701110839844,16756100
2023-03-09,40.40999984741211,40.56999969482422,39.310001373291016,39.459999084472656,32.39094924926758,18585100
2023-03-10,39.290000915527344,39.93000030517578,39.22999954223633,39.38999938964844,32.3334846496582,26328100
2023-03-13,39.2599983215332,40.5099983215332,39.2599983215332,39.86000061035156,32.71929168701172,35299400
2023-03-14,40.04999923706055,40.150001525878906,39.52000045776367,39.900001525878906,32.75212097167969,24583600
2023-03-15,39.7599983215332,40.529998779296875,39.459999084472656,40.279998779296875,33.06403732299805,25498400
2023-03-16,40.060001373291016,40.4900016784668,39.720001220703125,40.369998931884766,33.137916564941406,21095900
2023-03-17,40.630001068115234,40.790000915527344,39.9900016784668,40.099998474121094,32.916297912597656,57457800
2023-03-20,40.13999938964844,40.86000061035156,39.939998626708984,40.810001373291016,33.49910354614258,20825400
2023-03-21,40.86000061035156,40.90999984741211,40.310001373291016,40.65999984741211,33.37596893310547,19982000
2023-03-22,40.70000076293945,40.849998474121094,39.9900016784668,40.0099983215332,32.84241485595703,15444200
2023-03-23,40.16999816894531,40.5,40.0,40.18000030517578,32.981964111328125,16958100
2023-03-24,40.09000015258789,40.459999084472656,39.869998931884766,40.38999938964844,33.154335021972656,17218100
2023-03-27,40.540000915527344,40.619998931884766,39.970001220703125,40.220001220703125,33.014801025390625,20262800
2023-03-28,40.20000076293945,40.29999923706055,39.86000061035156,39.9900016784668,32.82599639892578,13537500
2023-03-29,40.15999984741211,40.27000045776367,39.9900016784668,40.25,33.0394172668457,14429500
2023-03-30,40.41999816894531,40.4900016784668,40.25,40.380001068115234,33.14613342285156,12634500
2023-03-31,40.54999923706055,40.83000183105469,40.279998779296875,40.79999923706055,33.49088668823242,23393600
2023-04-03,40.689998626708984,41.470001220703125,40.650001525878906,41.349998474121094,33.94236373901367,20817200
2023-04-04,41.439998626708984,41.529998779296875,40.7599983215332,40.900001525878906,33.572975158691406,19514500
2023-04-05,41.290000915527344,42.220001220703125,41.16999816894531,41.54999923706055,34.106536865234375,29697600
2023-04-06,41.93000030517578,42.099998474121094,41.369998931884766,41.5,34.06548309326172,25931800
2023-04-10,41.150001525878906,41.7400016784668,41.119998931884766,41.72999954223633,34.2542839050293,15137300
2023-04-11,41.79999923706055,41.9900016784668,41.70000076293945,41.790000915527344,34.30353927612305,15304100
2023-04-12,41.630001068115234,41.790000915527344,41.27000045776367,41.369998931884766,33.958778381347656,17035100
2023-04-13,41.529998779296875,41.70000076293945,41.29999923706055,41.470001220703125,34.040863037109375,22880900
2023-04-14,41.5099983215332,41.709999084472656,40.93000030517578,41.189998626708984,33.8110237121582,20627500
2023-04-17,41.119998931884766,41.279998779296875,40.959999084472656,41.18000030517578,33.802818298339844,17608600
2023-04-18,41.279998779296875,41.33000183105469,40.529998779296875,40.54999923706055,33.28567886352539,18541500
2023-04-19,40.43000030517578,40.560001373291016,40.20000076293945,40.2400016784668,33.031211853027344,17214300
2023-04-20,40.08000183105469,40.189998626708984,39.790000915527344,39.849998474121094,32.71108627319336,20131600
2023-04-21,40.09000015258789,40.29999923706055,39.90999984741211,40.209999084472656,33.00658416748047,19227100
2023-04-24,40.189998626708984,40.20000076293945,39.709999084472656,39.90999984741211,32.76033020019531,17633700
2023-04-25,39.75,39.91999816894531,39.279998779296875,39.33000183105469,32.28423309326172,24492400
2023-04-26,39.15999984741211,39.189998626708984,38.400001525878906,38.630001068115234,31.709640502929688,22401400
2023-04-27,38.619998931884766,38.83000183105469,38.310001373291016,38.7400016784668,31.799930572509766,22434000
2023-04-28,38.70000076293945,38.90999984741211,38.619998931884766,38.88999938964844,31.923059463500977,21015300
2023-05-01,39.0,39.52000045776367,38.86000061035156,39.209999084472656,32.18572998046875,23917800
2023-05-02,39.290000915527344,40.119998931884766,38.630001068115234,39.060001373291016,32.0626106262207,38834100
2023-05-03,39.20000076293945,39.38999938964844,38.36000061035156,38.45000076293945,31.561880111694336,27721900
2023-05-04,38.16999816894531,38.43000030517578,38.02000045776367,38.22999954223633,31.38129234313965,23675100
2023-05-05,38.380001068115234,38.5,38.09000015258789,38.4900016784668,31.594717025756836,19225100
2023-05-08,38.529998779296875,38.72999954223633,38.349998474121094,38.66999816894531,31.742467880249023,20101700
2023-05-09,38.47999954223633,38.66999816894531,38.38999938964844,38.47999954223633,31.586503982543945,15987900
2023-05-10,38.66999816894531,38.720001220703125,38.08000183105469,38.29999923706055,31.438756942749023,15858200
2023-05-11,37.599998474121094,37.650001525878906,37.209999084472656,37.58000183105469,31.181541442871094,28566400
2023-05-12,37.61000061035156,37.720001220703125,37.22999954223633,37.349998474121094,30.990699768066406,16541300
2023-05-15,37.29999923706055,37.36000061035156,37.0099983215332,37.15999984741211,30.833044052124023,16650400
2023-05-16,37.02000045776367,37.2400016784668,36.83000183105469,37.0099983215332,30.70857810974121,25451700
2023-05-17,36.97999954223633,37.04999923706055,36.5099983215332,36.75,30.492847442626953,23206400
2023-05-18,36.709999084472656,36.779998779296875,36.16999816894531,36.47999954223633,30.268821716308594,27772400
2023-05-19,36.650001525878906,37.650001525878906,36.52000045776367,36.77000045776367,30.509449005126953,33068300
2023-05-22,36.86000061035156,38.869998931884766,36.75,38.75,32.15232849121094,85718600
2023-05-23,38.54999923706055,40.13999938964844,38.0,39.63999938964844,32.89078903198242,75379500
2023-05-24,40.099998474121094,40.13999938964844,38.599998474121094,38.630001068115234,32.052764892578125,39326400
2023-05-25,38.5099983215332,38.5099983215332,37.650001525878906,37.83000183105469,31.388967514038086,30266600
2023-05-26,38.040000915527344,38.439998626708984,37.560001373291016,37.599998474121094,31.1981258392334,20234600
2023-05-30,37.36000061035156,37.36000061035156,36.91999816894531,37.0099983215332,30.70857810974121,24371100
2023-05-31,37.099998474121094,38.220001220703125,36.869998931884766,38.02000045776367,31.546615600585938,46166300
2023-06-01,38.119998931884766,38.209999084472656,37.70000076293945,38.02000045776367,31.546615600585938,20256100
2023-06-02,38.25,38.65999984741211,38.15999984741211,38.36000061035156,31.82872772216797,22736400
2023-06-05,38.47999954223633,39.02000045776367,38.470001220703125,38.650001525878906,32.06935501098633,18392200
2023-06-06,38.810001373291016,38.86000061035156,38.290000915527344,38.369998931884766,31.83702278137207,19508200
2023-06-07,38.349998474121094,39.060001373291016,38.130001068115234,38.88999938964844,32.268489837646484,25295100
2023-06-08,39.040000915527344,39.189998626708984,38.72999954223633,39.09000015258789,32.4344367980957,17347600
2023-06-09,39.279998779296875,39.59000015258789,38.869998931884766,38.970001220703125,32.334869384765625,19775100
2023-06-12,39.0099983215332,40.06999969482422,38.9900016784668,39.900001525878906,33.10652542114258,28334600
2023-06-13,39.66999816894531,40.369998931884766,39.45000076293945,40.279998779296875,33.421817779541016,26533800
2023-06-14,40.31999969482422,40.34000015258789,39.31999969482422,39.36000061035156,32.65846633911133,22056400
2023-06-15,39.40999984741211,39.83000183105469,39.279998779296875,39.75,32.98206329345703,19905900
2023-06-16,39.86000061035156,40.36000061035156,39.849998474121094,40.060001373291016,33.23928451538086,60338600
2023-06-20,39.709999084472656,39.869998931884766,39.33000183105469,39.34000015258789,32.64187240600586,26881200
2023-06-21,39.20000076293945,39.2400016784668,38.7599983215332,38.900001525878906,32.27678298950195,17982900
2023-06-22,38.939998626708984,38.9900016784668,38.40999984741211,38.72999954223633,32.1357307434082,18039800
2023-06-23,38.709999084472656,38.869998931884766,38.279998779296875,38.29999923706055,31.778945922851562,23492200
2023-06-26,37.02000045776367,37.04999923706055,36.15999984741211,36.88999938964844,30.60901641845703,56135500
2023-06-27,36.959999084472656,37.0,36.279998779296875,36.41999816894531,30.21903419494629,32414900
2023-06-28,36.5,36.540000915527344,36.029998779296875,36.290000915527344,30.111177444458008,30062000
2023-06-29,35.9900016784668,36.220001220703125,35.7599983215332,36.119998931884766,29.970115661621094,26284900
2023-06-30,36.209999084472656,36.75,36.13999938964844,36.68000030517578,30.434770584106445,30867900
2023-07-03,36.5,36.7400016784668,36.349998474121094,36.650001525878906,30.409881591796875,14115800
2023-07-05,36.58000183105469,37.02000045776367,36.38999938964844,36.459999084472656,30.25223159790039,26829400
2023-07-06,36.20000076293945,36.27000045776367,35.619998931884766,35.630001068115234,29.56354522705078,30177300
2023-07-07,35.52000045776367,35.77000045776367,35.349998474121094,35.529998779296875,29.480566024780273,22903300
2023-07-10,35.56999969482422,36.0099983215332,35.540000915527344,35.68000030517578,29.60503387451172,17777500
2023-07-11,35.63999938964844,36.040000915527344,35.619998931884766,36.02000045776367,29.88714027404785,17731300
2023-07-12,36.20000076293945,36.25,35.91999816894531,35.9900016784668,29.86225128173828,17229700
2023-07-13,36.0099983215332,36.36000061035156,35.91999816894531,36.060001373291016,29.920337677001953,16664400
2023-07-14,36.29999923706055,36.4900016784668,36.0099983215332,36.31999969482422,30.136070251464844,17915100
2023-07-17,36.119998931884766,36.119998931884766,35.779998779296875,35.86000061035156,29.754390716552734,20557300
2023-07-18,35.91999816894531,36.47999954223633,35.880001068115234,36.2400016784668,30.069683074951172,22808300
2023-07-19,36.34000015258789,36.70000076293945,36.209999084472656,36.439998626708984,30.23563003540039,18589700
2023-07-20,36.400001525878906,37.06999969482422,36.36000061035156,36.77000045776367,30.509449005126953,22358400
2023-07-21,36.79999923706055,37.43000030517578,36.79999923706055,37.400001525878906,31.03217887878418,24149700
2023-07-24,37.40999984741211,37.79999923706055,37.369998931884766,37.5099983215332,31.123449325561523,19414700
2023-07-25,37.400001525878906,37.720001220703125,37.04999923706055,37.060001373291016,30.750070571899414,21771000
2023-07-26,36.869998931884766,37.349998474121094,36.7599983215332,37.209999084472656,30.874528884887695,20983700
2023-07-27,36.849998474121094,37.0099983215332,36.18000030517578,36.20000076293945,30.37114143371582,25346300
2023-07-28,36.349998474121094,36.45000076293945,36.02000045776367,36.06999969482422,30.26207160949707,24054100
2023-07-31,36.18000030517578,36.189998626708984,35.91999816894531,36.060001373291016,30.25368309020996,40265200
2023-08-01,35.880001068115234,36.91999816894531,35.369998931884766,35.61000061035156,29.876136779785156,40931600
2023-08-02,35.630001068115234,35.88999938964844,35.279998779296875,35.349998474121094,29.658002853393555,34301600
2023-08-03,35.18000030517578,35.279998779296875,34.91999816894531,35.0,29.364360809326172,25676500
2023-08-04,34.95000076293945,35.34000015258789,34.65999984741211,35.02000045776367,29.381141662597656,25746500
2023-08-07,35.0099983215332,35.849998474121094,34.900001525878906,35.68000030517578,29.934873580932617,31069100
2023-08-08,36.369998931884766,36.369998931884766,35.38999938964844,35.63999938964844,29.901308059692383,25225500
2023-08-09,35.599998474121094,36.060001373291016,35.5099983215332,35.84000015258789,30.069103240966797,17210500
2023-08-10,35.81999969482422,36.09000015258789,35.599998474121094,35.720001220703125,29.968427658081055,18955200
2023-08-11,35.619998931884766,36.279998779296875,35.59000015258789,36.040000915527344,30.236900329589844,16609400
2023-08-14,35.81999969482422,36.5099983215332,35.81999969482422,36.06999969482422,30.26207160949707,20295500
2023-08-15,35.880001068115234,35.90999984741211,35.36000061035156,35.38999938964844,29.69156265258789,20484300
2023-08-16,35.13999938964844,35.650001525878906,34.9900016784668,35.47999954223633,29.767072677612305,22215600
2023-08-17,35.599998474121094,36.720001220703125,35.59000015258789,36.5099983215332,30.631223678588867,31113600
2023-08-18,36.45000076293945,36.849998474121094,36.31999969482422,36.65999984741211,30.757068634033203,24145100
2023-08-21,36.709999084472656,37.189998626708984,36.63999938964844,37.0099983215332,31.050716400146484,28496500
2023-08-22,37.0099983215332,37.150001525878906,35.720001220703125,36.84000015258789,30.90808868408203,18524100
2023-08-23,37.09000015258789,37.130001068115234,36.560001373291016,36.65999984741211,30.757068634033203,19370900
2023-08-24,36.47999954223633,36.63999938964844,36.060001373291016,36.15999984741211,30.337581634521484,19380800
2023-08-25,36.13999938964844,36.689998626708984,35.959999084472656,36.380001068115234,30.522157669067383,16421300
2023-08-28,36.439998626708984,36.52000045776367,36.029998779296875,36.209999084472656,30.37952995300293,15101900
2023-08-29,36.2599983215332,36.939998626708984,36.0,36.150001525878906,30.329193115234375,21076500
2023-08-30,36.18000030517578,36.25,35.81999969482422,35.900001525878906,30.119449615478516,16833000
2023-08-31,35.939998626708984,35.9900016784668,35.380001068115234,35.380001068115234,29.683177947998047,27919500
2023-09-01,35.63999938964844,36.060001373291016,35.599998474121094,35.779998779296875,30.018768310546875,17522500
2023-09-05,35.959999084472656,36.290000915527344,35.349998474121094,35.380001068115234,29.683177947998047,25856100
2023-09-06,35.2599983215332,35.279998779296875,34.2599983215332,34.369998931884766,28.835805892944336,35370200
2023-09-07,34.470001220703125,34.63999938964844,34.040000915527344,34.279998779296875,28.76029396057129,26777700
2023-09-08,34.22999954223633,34.38999938964844,34.04999923706055,34.25,28.735124588012695,19467700
2023-09-11,34.2400016784668,34.29999923706055,33.540000915527344,33.939998626708984,28.47503662109375,27574400
2023-09-12,33.970001220703125,34.209999084472656,33.75,34.150001525878906,28.651229858398438,17987200
2023-09-13,34.209999084472656,34.619998931884766,34.0,34.08000183105469,28.592500686645508,23853300
2023-09-14,34.2400016784668,34.380001068115234,33.97999954223633,34.150001525878906,28.651229858398438,23759900
2023-09-15,34.060001373291016,34.41999816894531,33.810001373291016,34.06999969482422,28.584108352661133,58063800
2023-09-18,34.119998931884766,34.119998931884766,33.439998626708984,33.63999938964844,28.223342895507812,25421900
2023-09-19,33.54999923706055,34.0099983215332,33.52000045776367,33.9900016784668,28.516992568969727,30323300
2023-09-20,34.08000183105469,34.09000015258789,33.54999923706055,33.619998931884766,28.206562042236328,24651400
2023-09-21,33.470001220703125,33.59000015258789,32.83000183105469,32.849998474121094,27.560548782348633,26980600
2023-09-22,33.08000183105469,33.09000015258789,32.5,32.689998626708984,27.426315307617188,28570800
2023-09-25,32.689998626708984,32.97999954223633,32.40999984741211,32.97999954223633,27.669618606567383,19443700
2023-09-26,32.720001220703125,32.959999084472656,32.36000061035156,32.400001525878906,27.183012008666992,26015500
2023-09-27,32.43000030517578,32.5,31.899999618530273,32.099998474121094,26.93131446838379,26430100
2023-09-28,32.060001373291016,32.31999969482422,31.770000457763672,32.09000015258789,26.922924041748047,28197600
2023-09-29,32.349998474121094,33.22999954223633,32.29999923706055,33.16999816894531,27.829021453857422,42421400
2023-10-02,32.95000076293945,33.959999084472656,32.7599983215332,33.939998626708984,28.47503662109375,44620600
2023-10-03,33.84000015258789,34.11000061035156,33.709999084472656,33.900001525878906,28.44148063659668,31059900
2023-10-04,33.939998626708984,34.08000183105469,33.0099983215332,33.310001373291016,27.946481704711914,23722300
2023-10-05,33.45000076293945,33.779998779296875,33.04999923706055,33.470001220703125,28.080724716186523,21279400
2023-10-06,33.52000045776367,33.560001373291016,33.06999969482422,33.130001068115234,27.795467376708984,23760400
2023-10-09,33.060001373291016,33.470001220703125,32.77000045776367,33.20000076293945,27.854198455810547,17468100
2023-10-10,33.08000183105469,33.400001525878906,33.0099983215332,33.16999816894531,27.829021453857422,19212100
2023-10-11,33.2400016784668,33.33000183105469,32.81999969482422,33.11000061035156,27.778688430786133,24221200
2023-10-12,33.11000061035156,33.220001220703125,32.77000045776367,32.91999816894531,27.619279861450195,21809900
2023-10-13,32.939998626708984,32.9900016784668,32.02000045776367,32.11000061035156,26.9397029876709,32388100
2023-10-16,32.83000183105469,33.91999816894531,32.560001373291016,33.27000045776367,27.912921905517578,63317400
2023-10-17,33.0,33.189998626708984,32.20000076293945,32.75,27.476654052734375,40015800
2023-10-18,32.540000915527344,32.68000030517578,31.389999389648438,31.40999984741211,26.352415084838867,30307600
2023-10-19,31.3799991607666,31.5,30.90999984741211,31.190000534057617,26.1678409576416,26880300
2023-10-20,31.059999465942383,31.110000610351562,30.479999542236328,30.649999618530273,25.71479034423828,39407900
2023-10-23,30.770000457763672,31.389999389648438,30.530000686645508,30.84000015258789,25.874197006225586,29412100
2023-10-24,30.8799991607666,31.030000686645508,30.31999969482422,30.43000030517578,25.53021812438965,26923800
2023-10-25,30.459999084472656,31.0,30.219999313354492,30.729999542236328,25.781909942626953,28857900
2023-10-26,30.610000610351562,31.3700008392334,30.5,31.15999984741211,26.142671585083008,27162700
2023-10-27,31.059999465942383,31.1299991607666,30.020000457763672,30.110000610351562,25.261741638183594,33877100
2023-10-30,30.239999771118164,30.68000030517578,30.110000610351562,30.549999237060547,25.63089370727539,33063500
2023-10-31,30.290000915527344,30.81999969482422,29.700000762939453,30.559999465942383,25.6392822265625,42648200
2023-11-01,30.559999465942383,31.079999923706055,30.469999313354492,30.510000228881836,25.597335815429688,23568300
2023-11-02,30.510000228881836,30.649999618530273,30.209999084472656,30.5,25.588943481445312,29640900
2023-11-03,30.899999618530273,31.389999389648438,30.84000015258789,31.260000228881836,26.22657012939453,28071000
2023-11-06,31.31999969482422,31.40999984741211,30.959999084472656,31.18000030517578,26.15945053100586,27381200
2023-11-07,31.079999923706055,31.389999389648438,30.889999389648438,31.25,26.21817970275879,18086400
2023-11-08,30.920000076293945,31.299999237060547,30.549999237060547,30.81999969482422,25.857418060302734,29398300
2023-11-09,30.489999771118164,30.510000228881836,29.6299991607666,29.68000030517578,25.236705780029297,28737700
2023-11-10,29.75,29.81999969482422,29.030000686645508,29.479999542236328,25.066646575927734,33844100
2023-11-13,29.34000015258789,29.360000610351562,28.93000030517578,28.979999542236328,24.641498565673828,35519900
2023-11-14,29.09000015258789,29.709999084472656,28.989999771118164,29.260000228881836,24.879579544067383,40084300
2023-11-15,29.209999084472656,30.350000381469727,29.209999084472656,30.190000534057617,25.67035484313965,43614600
2023-11-16,30.270000457763672,30.450000762939453,29.469999313354492,29.770000457763672,25.313228607177734,32407200
2023-11-17,29.920000076293945,30.010000228881836,29.739999771118164,29.920000076293945,25.440773010253906,27009200
2023-11-20,29.899999618530273,30.139999389648438,29.760000228881836,29.979999542236328,25.491790771484375,26335700
2023-11-21,30.020000457763672,30.360000610351562,29.760000228881836,30.299999237060547,25.763885498046875,25988700
2023-11-22,30.389999389648438,30.579999923706055,30.139999389648438,30.31999969482422,25.780893325805664,19226800
2023-11-24,30.3799991607666,30.700000762939453,30.3799991607666,30.5,25.933944702148438,11129700
2023-11-27,30.75,30.75,30.030000686645508,30.139999389648438,25.627838134765625,26066700
2023-11-28,30.110000610351562,30.110000610351562,29.639999389648438,29.690000534057617,25.245210647583008,29497700
2023-11-29,29.770000457763672,30.219999313354492,29.729999542236328,30.079999923706055,25.576820373535156,26185200
2023-11-30,30.309999465942383,30.510000228881836,29.959999084472656,30.469999313354492,25.908435821533203,45356600
2023-12-01,28.969999313354492,29.399999618530273,28.299999237060547,28.90999984741211,24.58197784423828,103624000
2023-12-04,29.020000457763672,29.639999389648438,29.020000457763672,29.280000686645508,24.896589279174805,47410400
2023-12-05,29.209999084472656,29.600000381469727,29.06999969482422,29.09000015258789,24.73503303527832,39853000
2023-12-06,29.09000015258789,29.399999618530273,28.719999313354492,28.790000915527344,24.47994613647461,33410500
2023-12-07,28.81999969482422,28.899999618530273,28.5,28.6299991607666,24.34389877319336,35782900
2023-12-08,28.649999618530273,28.969999313354492,28.59000015258789,28.780000686645508,24.47144317626953,31890700
2023-12-11,28.780000686645508,28.809999465942383,28.440000534057617,28.639999389648438,24.35239601135254,37833900
2023-12-12,28.6200008392334,28.860000610351562,28.350000381469727,28.579999923706055,24.301382064819336,48587500
2023-12-13,26.280000686645508,26.729999542236328,25.760000228881836,26.65999984741211,22.6688175201416,158100700
2023-12-14,26.760000228881836,27.31999969482422,26.010000228881836,26.1299991607666,22.21816062927246,101889800
2023-12-15,26.1299991607666,26.989999771118164,26.079999923706055,26.6299991607666,22.643310546875,138388400
2023-12-18,26.920000076293945,27.299999237060547,26.719999313354492,27.059999465942383,23.008935928344727,63329400
2023-12-19,27.280000686645508,28.239999771118164,27.270000457763672,28.15999984741211,23.944259643554688,70094700
2023-12-20,28.190000534057617,28.260000228881836,27.610000610351562,27.6299991607666,23.49360466003418,56184300
2023-12-21,27.860000610351562,28.360000610351562,27.780000686645508,28.309999465942383,24.07180404663086,51056600
2023-12-22,28.440000534057617,28.790000915527344,28.18000030517578,28.399999618530273,24.148326873779297,35162300
2023-12-26,28.43000030517578,28.530000686645508,28.25,28.40999984741211,24.156831741333008,30119100
2023-12-27,28.469999313354492,28.729999542236328,28.309999465942383,28.610000610351562,24.32689094543457,35000700
2023-12-28,28.610000610351562,29.030000686645508,28.579999923706055,28.790000915527344,24.47994613647461,30472900
2023-12-29,28.780000686645508,28.8700008392334,28.540000915527344,28.790000915527344,24.47994613647461,30363100
2024-01-02,28.8799991607666,30.280000686645508,28.829999923706055,29.729999542236328,25.279216766357422,57948700
2024-01-03,30.0,30.040000915527344,29.40999984741211,29.729999542236328,25.279216766357422,43426500
2024-01-04,29.790000915527344,29.950000762939453,29.030000686645508,29.09000015258789,24.73503303527832,45558200
2024-01-05,29.020000457763672,29.489999771118164,28.75,29.469999313354492,25.058141708374023,33612800
2024-01-08,29.360000610351562,29.68000030517578,29.170000076293945,29.579999923706055,25.151674270629883,32972100
2024-01-09,29.600000381469727,29.860000610351562,29.31999969482422,29.399999618530273,24.998620986938477,39856900
2024-01-10,29.360000610351562,29.389999389648438,28.8799991607666,28.989999771118164,24.649999618530273,37413300
2024-01-11,28.829999923706055,28.920000076293945,28.270000457763672,28.399999618530273,24.148326873779297,46884700
2024-01-12,28.459999084472656,28.940000534057617,28.440000534057617,28.700000762939453,24.403419494628906,30373500
2024-01-16,28.600000381469727,28.719999313354492,28.219999313354492,28.31999969482422,24.080305099487305,38826000
2024-01-17,28.15999984741211,28.530000686645508,27.93000030517578,28.149999618530273,23.935754776000977,33312600
2024-01-18,28.040000915527344,28.1299991607666,27.600000381469727,28.09000015258789,23.884737014770508,50321100
2024-01-19,28.030000686645508,28.3799991607666,27.93000030517578,28.280000686645508,24.046295166015625,35549300
2024-01-22,28.31999969482422,28.6200008392334,27.93000030517578,28.309999465942383,24.07180404663086,41663900
2024-01-23,28.440000534057617,28.649999618530273,28.149999618530273,28.43000030517578,24.17383575439453,33466700
2024-01-24,28.540000915527344,28.780000686645508,28.329999923706055,28.329999923706055,24.088809967041016,42720700
2024-01-25,27.81999969482422,27.920000076293945,27.450000762939453,27.469999313354492,23.709049224853516,47605500
2024-01-26,27.6299991607666,27.90999984741211,27.360000610351562,27.469999313354492,23.709049224853516,47073800
2024-01-29,27.520000457763672,27.6299991607666,27.309999465942383,27.479999542236328,23.717681884765625,67082700
2024-01-30,27.889999389648438,28.3700008392334,26.950000762939453,27.020000457763672,23.320659637451172,86072400
2024-01-31,27.170000076293945,27.510000228881836,26.780000686645508,27.079999923706055,23.372446060180664,81192100
2024-02-01,27.100000381469727,27.329999923706055,26.729999542236328,27.290000915527344,23.553695678710938,53883000
2024-02-02,27.18000030517578,27.200000762939453,26.690000534057617,26.93000030517578,23.242982864379883,51718500
2024-02-05,26.940000534057617,26.940000534057617,26.520000457763672,26.56999969482422,22.932268142700195,42633400
2024-02-06,26.65999984741211,27.729999542236328,26.56999969482422,27.5,23.734941482543945,56958700
2024-02-07,27.549999237060547,27.649999618530273,27.299999237060547,27.559999465942383,23.786724090576172,36843000
2024-02-08,27.559999465942383,27.690000534057617,27.40999984741211,27.56999969482422,23.795358657836914,29048400
2024-02-09,27.559999465942383,27.59000015258789,27.3799991607666,27.559999465942383,23.786724090576172,29062700
2024-02-12,27.540000915527344,28.020000457763672,27.520000457763672,27.65999984741211,23.873037338256836,30323700
2024-02-13,27.540000915527344,27.829999923706055,26.860000610351562,26.969999313354492,23.27750015258789,37927500
2024-02-14,27.010000228881836,27.170000076293945,26.90999984741211,27.110000610351562,23.398338317871094,25270200
2024-02-15,27.25,27.809999465942383,27.219999313354492,27.510000228881836,23.743572235107422,36111600
2024-02-16,27.549999237060547,27.889999389648438,27.209999084472656,27.6200008392334,23.838516235351562,35935300
2024-02-20,27.610000610351562,28.139999389648438,27.520000457763672,27.59000015258789,23.812620162963867,34232000
2024-02-21,27.600000381469727,27.68000030517578,27.360000610351562,27.670000076293945,23.881668090820312,27348300
2024-02-22,27.59000015258789,27.700000762939453,27.190000534057617,27.549999237060547,23.778099060058594,31957500
2024-02-23,27.75,28.09000015258789,27.690000534057617,27.760000228881836,23.959346771240234,33182600
2024-02-26,27.670000076293945,27.670000076293945,27.06999969482422,27.18000030517578,23.45875358581543,45685500
2024-02-27,27.1200008392334,27.200000762939453,26.809999465942383,26.889999389648438,23.20845603942871,38598400
2024-02-28,26.959999084472656,27.239999771118164,26.81999969482422,27.040000915527344,23.337921142578125,31010200
2024-02-29,27.06999969482422,27.190000534057617,26.549999237060547,26.559999465942383,22.92363929748535,54643200
2024-03-01,26.829999923706055,26.899999618530273,26.510000228881836,26.59000015258789,22.949533462524414,46392100
2024-03-04,26.299999237060547,26.459999084472656,25.610000610351562,25.889999389648438,22.345373153686523,86777700
2024-03-05,25.8700008392334,26.420000076293945,25.690000534057617,26.079999923706055,22.509355545043945,73646100
2024-03-06,26.899999618530273,27.299999237060547,26.790000915527344,27.190000534057617,23.467384338378906,84919500
2024-03-07,27.200000762939453,27.31999969482422,26.760000228881836,26.790000915527344,23.122148513793945,46423800
2024-03-08,26.8799991607666,27.299999237060547,26.850000381469727,27.219999313354492,23.49327850341797,45906600
2024-03-11,27.309999465942383,28.389999389648438,27.309999465942383,28.3700008392334,24.485830307006836,52600100
2024-03-12,28.309999465942383,28.34000015258789,27.760000228881836,28.010000228881836,24.175121307373047,48758200
2024-03-13,28.290000915527344,28.690000534057617,28.190000534057617,28.219999313354492,24.356369018554688,39273000
2024-03-14,28.25,28.280000686645508,27.770000457763672,28.1299991607666,24.278690338134766,36428000
2024-03-15,27.959999084472656,28.280000686645508,27.860000610351562,27.940000534057617,24.114702224731445,75727900
2024-03-18,28.010000228881836,28.030000686645508,27.610000610351562,27.719999313354492,23.92481803894043,36226500
2024-03-19,27.670000076293945,27.780000686645508,27.31999969482422,27.6299991607666,23.84714126586914,29026600
2024-03-20,27.479999542236328,27.739999771118164,27.209999084472656,27.700000762939453,23.907560348510742,34468000
2024-03-21,27.75,28.040000915527344,27.6299991607666,27.65999984741211,23.873037338256836,29633700
2024-03-22,27.469999313354492,27.84000015258789,27.34000015258789,27.360000610351562,23.614110946655273,28830100
2024-03-25,27.239999771118164,27.479999542236328,27.100000381469727,27.43000030517578,23.67452621459961,31110600
2024-03-26,27.450000762939453,27.6299991607666,27.309999465942383,27.59000015258789,23.812620162963867,38220300
2024-03-27,27.709999084472656,27.940000534057617,27.540000915527344,27.780000686645508,23.976606369018555,34247600
2024-03-28,27.81999969482422,28.1200008392334,27.719999313354492,27.75,23.950714111328125,40466700
2024-04-01,27.760000228881836,27.8700008392334,27.579999923706055,27.719999313354492,23.92481803894043,26596600
2024-04-02,27.56999969482422,27.75,27.40999984741211,27.549999237060547,23.778099060058594,32451500
2024-04-03,27.510000228881836,27.75,27.200000762939453,27.219999313354492,23.49327850341797,36828600
2024-04-04,27.309999465942383,27.399999618530273,26.639999389648438,26.649999618530273,23.00131607055664,41922700
2024-04-05,26.559999465942383,26.700000762939453,26.350000381469727,26.65999984741211,23.00994873046875,39880500
2024-04-08,26.600000381469727,26.81999969482422,26.520000457763672,26.579999923706055,22.940898895263672,24431400
2024-04-09,26.770000457763672,27.420000076293945,26.649999618530273,26.780000686645508,23.11351776123047,45127800
2024-04-10,26.520000457763672,26.59000015258789,26.15999984741211,26.31999969482422,22.71649932861328,44541600
2024-04-11,26.350000381469727,26.450000762939453,26.1299991607666,26.34000015258789,22.7337589263916,32814500
2024-04-12,26.25,26.31999969482422,25.829999923706055,25.860000610351562,22.319477081298828,43034100
2024-04-15,25.90999984741211,26.170000076293945,25.75,25.90999984741211,22.362632751464844,35660200
2024-04-16,25.81999969482422,25.989999771118164,25.68000030517578,25.690000534057617,22.172752380371094,28885300
2024-04-17,25.690000534057617,25.690000534057617,25.260000228881836,25.420000076293945,21.939716339111328,43828900
2024-04-18,25.350000381469727,25.459999084472656,25.229999542236328,25.389999389648438,21.913820266723633,35788400
2024-04-19,25.389999389648438,26.0,25.350000381469727,26.0,22.440309524536133,38372800
2024-04-22,26.0,26.5,25.93000030517578,26.260000228881836,22.664710998535156,35678700
2024-04-23,26.329999923706055,26.469999313354492,26.190000534057617,26.31999969482422,22.71649932861328,24297800
2024-04-24,26.25,26.34000015258789,26.040000915527344,26.270000457763672,22.6733455657959,24547800
2024-04-25,26.270000457763672,26.43000030517578,25.25,25.260000228881836,21.80162239074707,47661400
2024-04-26,25.329999923706055,25.540000915527344,25.200000762939453,25.399999618530273,21.922456741333008,46526500
2024-04-29,25.579999923706055,25.850000381469727,25.540000915527344,25.639999389648438,22.12959861755371,39995300
2024-04-30,25.649999618530273,25.829999923706055,25.59000015258789,25.6200008392334,22.112337112426758,38017700
2024-05-01,26.329999923706055,27.450000762939453,26.020000457763672,27.18000030517578,23.45875358581543,97388900
2024-05-02,27.209999084472656,27.940000534057617,27.1200008392334,27.700000762939453,23.907560348510742,69649000
2024-05-03,27.860000610351562,27.90999984741211,27.520000457763672,27.809999465942383,24.002498626708984,60568900
2024-05-06,27.979999542236328,28.329999923706055,27.959999084472656,28.15999984741211,24.304580688476562,59899700
2024-05-07,28.290000915527344,28.489999771118164,27.399999618530273,27.770000457763672,23.967973709106445,65606400
2024-05-08,27.700000762939453,28.34000015258789,27.520000457763672,28.270000457763672,24.39952278137207,39087800
2024-05-09,27.760000228881836,28.25,27.31999969482422,28.18000030517578,24.688634872436523,47831100
2024-05-10,28.239999771118164,28.280000686645508,27.920000076293945,28.010000228881836,24.53969955444336,25849800
2024-05-13,28.190000534057617,28.649999618530273,28.170000076293945,28.440000534057617,24.91642189025879,39609800
2024-05-14,28.549999237060547,28.68000030517578,28.190000534057617,28.3799991607666,24.86385726928711,23530900
2024-05-15,28.489999771118164,28.989999771118164,28.479999542236328,28.81999969482422,25.24934196472168,38376300
2024-05-16,28.8700008392334,29.030000686645508,28.670000076293945,28.920000076293945,25.336950302124023,40077800
2024-05-17,28.899999618530273,28.90999984741211,28.510000228881836,28.639999389648438,25.091644287109375,26106400
2024-05-20,28.65999984741211,28.709999084472656,28.459999084472656,28.530000686645508,24.995271682739258,22423300
2024-05-21,28.469999313354492,28.670000076293945,28.31999969482422,28.559999465942383,25.021554946899414,28119900
2024-05-22,28.469999313354492,29.6299991607666,28.420000076293945,29.600000381469727,25.932703018188477,46987500
2024-05-23,29.43000030517578,29.43000030517578,28.670000076293945,28.690000534057617,25.135448455810547,42031300
2024-05-24,28.670000076293945,28.989999771118164,28.549999237060547,28.8799991607666,25.30190658569336,22589100
2024-05-28,28.799999237060547,28.8799991607666,28.1299991607666,28.299999237060547,24.79376792907715,32371200
2024-05-29,28.15999984741211,28.170000076293945,27.690000534057617,27.81999969482422,24.37323760986328,24241700
2024-05-30,27.90999984741211,28.200000762939453,27.790000915527344,28.200000762939453,24.706157684326172,23298600
2024-05-31,28.34000015258789,28.75,28.239999771118164,28.65999984741211,25.109163284301758,78290100
2024-06-03,28.65999984741211,29.530000686645508,28.639999389648438,29.309999465942383,25.678632736206055,38177200
2024-06-04,29.299999237060547,29.729999542236328,29.170000076293945,29.489999771118164,25.836332321166992,46309500
2024-06-05,29.559999465942383,29.6200008392334,29.170000076293945,29.549999237060547,25.88889503479004,27346700
2024-06-06,29.360000610351562,29.540000915527344,28.790000915527344,28.799999237060547,25.23181915283203,35360400
2024-06-07,28.75,29.049999237060547,28.549999237060547,28.579999923706055,25.03907585144043,27526200
2024-06-10,28.350000381469727,28.350000381469727,27.6299991607666,28.06999969482422,24.59226417541504,36977900
2024-06-11,27.950000762939453,28.329999923706055,27.889999389648438,28.030000686645508,24.557220458984375,29573500
2024-06-12,28.170000076293945,28.229999542236328,27.559999465942383,27.65999984741211,24.23305892944336,32507900
2024-06-13,27.5,27.719999313354492,27.200000762939453,27.649999618530273,24.224302291870117,33945200
2024-06-14,27.75,28.219999313354492,27.43000030517578,27.530000686645508,24.119169235229492,29461900
2024-06-17,27.450000762939453,27.479999542236328,26.8700008392334,26.979999542236328,23.637310028076172,32194600
2024-06-18,26.979999542236328,27.459999084472656,26.950000762939453,27.40999984741211,24.0140380859375,29817800
2024-06-20,27.200000762939453,27.959999084472656,27.149999618530273,27.739999771118164,24.303150177001953,29693400
2024-06-21,27.770000457763672,27.889999389648438,27.559999465942383,27.739999771118164,24.303150177001953,52487000
2024-06-24,27.950000762939453,28.40999984741211,27.729999542236328,28.360000610351562,24.84633445739746,35414100
2024-06-25,28.399999618530273,28.450000762939453,27.93000030517578,27.989999771118164,24.522172927856445,24721600
2024-06-26,27.90999984741211,27.93000030517578,27.06999969482422,27.420000076293945,24.022796630859375,30745800
2024-06-27,27.3700008392334,27.829999923706055,27.06999969482422,27.799999237060547,24.355716705322266,28399600
2024-06-28,27.780000686645508,28.1200008392334,27.639999389648438,27.979999542236328,24.51341438293457,33189200
2024-07-01,27.950000762939453,28.6299991607666,27.940000534057617,28.219999313354492,24.723678588867188,26209000
2024-07-02,28.219999313354492,28.280000686645508,27.690000534057617,27.829999923706055,24.38199806213379,21989800
2024-07-03,27.920000076293945,28.049999237060547,27.6200008392334,27.700000762939453,24.26810646057129,15180100
2024-07-05,27.760000228881836,28.09000015258789,27.670000076293945,28.049999237060547,24.57474136352539,17268700
2024-07-08,28.049999237060547,28.1200008392334,27.790000915527344,27.93000030517578,24.4696102142334,25694400
2024-07-09,27.8799991607666,27.940000534057617,27.299999237060547,27.719999313354492,24.285625457763672,36867800
2024-07-10,27.829999923706055,28.40999984741211,27.799999237060547,28.350000381469727,24.837574005126953,29873600
2024-07-11,28.780000686645508,29.229999542236328,28.420000076293945,28.65999984741211,25.109163284301758,47322600
2024-07-12,28.899999618530273,29.139999389648438,28.790000915527344,28.920000076293945,25.336950302124023,28397000
2024-07-15,29.030000686645508,29.270000457763672,28.829999923706055,29.100000381469727,25.494651794433594,30534400
2024-07-16,29.200000762939453,29.559999465942383,29.1200008392334,29.5,25.845094680786133,26912100
2024-07-17,29.420000076293945,30.299999237060547,29.309999465942383,30.030000686645508,26.309429168701172,45395000
2024-07-18,29.90999984741211,30.690000534057617,29.6299991607666,29.709999084472656,26.02907371520996,47279700
2024-07-19,29.940000534057617,30.0,29.549999237060547,29.969999313354492,26.25686264038086,30021200
2024-07-22,30.110000610351562,30.229999542236328,29.3799991607666,29.600000381469727,25.932703018188477,46483200
2024-07-23,29.6200008392334,29.639999389648438,29.329999923706055,29.5,25.845094680786133,25528300
2024-07-24,29.510000228881836,29.989999771118164,29.309999465942383,29.979999542236328,26.265623092651367,29579400
2024-07-25,29.969999313354492,30.93000030517578,29.969999313354492,30.18000030517578,26.440845489501953,42296200
2024-07-26,30.149999618530273,30.8799991607666,30.010000228881836,30.770000457763672,27.338197708129883,35657100
2024-07-29,30.690000534057617,30.93000030517578,30.440000534057617,30.719999313354492,27.29377555847168,41713700
2024-07-30,31.010000228881836,31.540000915527344,29.780000686645508,31.389999389648438,27.889049530029297,89857500
2024-07-31,31.200000762939453,31.260000228881836,30.469999313354492,30.540000915527344,27.133852005004883,40978700
2024-08-01,30.719999313354492,30.809999465942383,29.90999984741211,30.649999618530273,27.231582641601562,39753100
2024-08-02,30.8799991607666,31.31999969482422,30.010000228881836,30.43000030517578,27.036121368408203,42364700
2024-08-05,29.09000015258789,30.010000228881836,28.850000381469727,29.739999771118164,26.423078536987305,37838000
2024-08-06,29.729999542236328,30.049999237060547,29.25,29.31999969482422,26.04991912841797,29031800
2024-08-07,29.6299991607666,29.809999465942383,28.739999771118164,28.850000381469727,25.632339477539062,32866100
2024-08-08,28.93000030517578,29.010000228881836,28.540000915527344,28.760000228881836,25.5523738861084,32094400
2024-08-09,28.649999618530273,28.75,28.450000762939453,28.549999237060547,25.365795135498047,25795600
2024-08-12,28.579999923706055,28.610000610351562,28.31999969482422,28.450000762939453,25.27695083618164,21141600
2024-08-13,28.549999237060547,28.950000762939453,28.309999465942383,28.850000381469727,25.632339477539062,34620700
2024-08-14,28.799999237060547,29.18000030517578,28.670000076293945,28.8799991607666,25.65899085998535,23677700
2024-08-15,28.93000030517578,29.010000228881836,28.520000457763672,28.709999084472656,25.507951736450195,28676800
2024-08-16,28.649999618530273,28.649999618530273,27.850000381469727,28.299999237060547,25.143678665161133,50332900
2024-08-19,28.350000381469727,28.889999389648438,28.280000686645508,28.799999237060547,25.587915420532227,26382500
2024-08-20,28.799999237060547,29.190000534057617,28.799999237060547,28.899999618530273,25.676759719848633,21301300
2024-08-21,28.979999542236328,29.170000076293945,28.93000030517578,29.030000686645508,25.792264938354492,16729700
2024-08-22,29.020000457763672,29.1299991607666,28.540000915527344,28.780000686645508,25.570144653320312,20241500
2024-08-23,28.81999969482422,28.940000534057617,28.639999389648438,28.899999618530273,25.676759719848633,21885300
2024-08-26,28.920000076293945,29.049999237060547,28.770000457763672,28.920000076293945,25.694528579711914,16506000
2024-08-27,28.979999542236328,29.040000915527344,28.559999465942383,28.81999969482422,25.605684280395508,16184600
2024-08-28,28.780000686645508,29.079999923706055,28.639999389648438,28.75,25.54349136352539,19874100
2024-08-29,28.8700008392334,28.889999389648438,28.530000686645508,28.719999313354492,25.516836166381836,19229800
2024-08-30,28.719999313354492,29.049999237060547,28.670000076293945,29.010000228881836,25.774494171142578,37137600
2024-09-03,28.649999618530273,28.920000076293945,28.139999389648438,28.299999237060547,25.143678665161133,44499600
2024-09-04,28.290000915527344,28.540000915527344,28.200000762939453,28.389999389648438,25.22364044189453,23510500
2024-09-05,28.43000030517578,28.799999237060547,28.350000381469727,28.510000228881836,25.330257415771484,25927200
2024-09-06,28.559999465942383,28.770000457763672,28.280000686645508,28.559999465942383,25.37468147277832,31214500
2024-09-09,28.540000915527344,29.59000015258789,28.450000762939453,29.40999984741211,26.129878997802734,36558400
2024-09-10,29.420000076293945,29.760000228881836,29.190000534057617,29.739999771118164,26.423078536987305,32378800
2024-09-11,29.68000030517578,29.700000762939453,29.139999389648438,29.65999984741211,26.35199737548828,31943100
2024-09-12,29.579999923706055,29.709999084472656,28.760000228881836,29.15999984741211,25.907764434814453,32511800
2024-09-13,29.15999984741211,29.31999969482422,28.989999771118164,29.270000457763672,26.005496978759766,19987700
2024-09-16,29.56999969482422,30.139999389648438,29.440000534057617,30.06999969482422,26.716272354125977,29224600
2024-09-17,30.049999237060547,30.139999389648438,29.600000381469727,29.829999923706055,26.50303840637207,27055300
2024-09-18,30.0,30.139999389648438,29.729999542236328,29.75,26.431961059570312,25812800
2024-09-19,29.889999389648438,30.350000381469727,29.520000457763672,29.65999984741211,26.35199737548828,22653200
2024-09-20,29.540000915527344,29.549999237060547,29.229999542236328,29.420000076293945,26.138765335083008,56877400
2024-09-23,29.43000030517578,29.469999313354492,29.18000030517578,29.309999465942383,26.041032791137695,23126200
2024-09-24,29.25,29.59000015258789,29.149999618530273,29.5,26.209842681884766,21446200
2024-09-25,29.600000381469727,29.709999084472656,28.90999984741211,28.93000030517578,25.70341682434082,30712700
2024-09-26,28.479999542236328,29.010000228881836,28.309999465942383,28.969999313354492,25.73895263671875,32310400
2024-09-27,29.020000457763672,29.229999542236328,28.920000076293945,29.09000015258789,25.84557342529297,25013000
2024-09-30,29.110000610351562,29.190000534057617,28.780000686645508,28.940000534057617,25.71230125427246,27464700
2024-10-01,29.049999237060547,29.079999923706055,28.530000686645508,28.670000076293945,25.472414016723633,30725100
2024-10-02,28.600000381469727,28.770000457763672,28.3799991607666,28.610000610351562,25.419105529785156,24957200
2024-10-03,28.5,28.520000457763672,28.260000228881836,28.34000015258789,25.179218292236328,25678900
2024-10-04,28.290000915527344,28.59000015258789,28.239999771118164,28.579999923706055,25.392454147338867,28769000
2024-10-07,29.3700008392334,29.84000015258789,29.110000610351562,29.200000762939453,25.943302154541016,51426600
2024-10-08,29.209999084472656,29.489999771118164,29.0,29.18000030517578,25.925533294677734,29126600
2024-10-09,29.219999313354492,30.43000030517578,29.100000381469727,30.190000534057617,26.82288932800293,44244800
2024-10-10,29.889999389648438,30.079999923706055,29.280000686645508,29.34000015258789,26.06768798828125,34347700
2024-10-11,29.360000610351562,29.440000534057617,28.950000762939453,29.15999984741211,25.907764434814453,29617600
2024-10-14,29.15999984741211,29.170000076293945,28.850000381469727,29.079999923706055,25.836687088012695,23594200
2024-10-15,29.09000015258789,29.739999771118164,29.06999969482422,29.440000534057617,26.156536102294922,29009900
2024-10-16,29.5,29.81999969482422,29.43000030517578,29.670000076293945,26.360881805419922,28414800
2024-10-17,29.479999542236328,29.530000686645508,29.219999313354492,29.270000457763672,26.005496978759766,23779200
2024-10-18,29.299999237060547,29.3700008392334,29.079999923706055,29.219999313354492,25.961071014404297,24244900
2024-10-21,29.219999313354492,29.219999313354492,28.8799991607666,28.93000030517578,25.70341682434082,23395700
2024-10-22,28.899999618530273,28.989999771118164,28.600000381469727,28.84000015258789,25.62345314025879,29036400
2024-10-23,28.8700008392334,29.110000610351562,28.670000076293945,28.860000610351562,25.641223907470703,22217600
2024-10-24,28.860000610351562,28.979999542236328,28.5,28.639999389648438,25.445762634277344,31473600
2024-10-25,28.68000030517578,28.729999542236328,28.440000534057617,28.450000762939453,25.27695083618164,26091100
2024-10-28,28.600000381469727,28.940000534057617,28.559999465942383,28.860000610351562,25.641223907470703,37922500
2024-10-29,29.010000228881836,29.170000076293945,28.030000686645508,28.459999084472656,25.28583526611328,102267000
2024-10-30,28.309999465942383,28.600000381469727,28.190000534057617,28.520000457763672,25.339143753051758,47104000
2024-10-31,28.450000762939453,28.639999389648438,28.290000915527344,28.299999237060547,25.143678665161133,37909600
2024-11-01,28.479999542236328,28.540000915527344,28.049999237060547,28.09000015258789,24.957101821899414,46894600
2024-11-04,28.100000381469727,28.139999389648438,27.729999542236328,27.760000228881836,24.66390609741211,41347800
2024-11-05,27.739999771118164,28.0,27.579999923706055,27.989999771118164,24.868255615234375,44175800
2024-11-06,27.93000030517578,27.989999771118164,27.079999923706055,27.360000610351562,24.30851936340332,65749500
2024-11-07,27.530000686645508,27.59000015258789,27.34000015258789,27.459999084472656,24.397367477416992,48484800
2024-11-08,27.110000610351562,27.149999618530273,26.709999084472656,26.719999313354492,24.1086368560791,55951300
2024-11-11,26.719999313354492,26.829999923706055,26.219999313354492,26.239999771118164,23.675548553466797,54329300
2024-11-12,26.229999542236328,26.440000534057617,25.950000762939453,26.190000534057617,23.630435943603516,53035200
2024-11-13,26.229999542236328,26.75,25.979999542236328,26.719999313354492,24.1086368560791,47983100
2024-11-14,26.739999771118164,26.850000381469727,25.84000015258789,26.020000457763672,23.477052688598633,45262200
2024-11-15,25.700000762939453,25.700000762939453,24.479999542236328,24.799999237060547,22.37628173828125,131074400
2024-11-18,24.969999313354492,25.25,24.700000762939453,24.860000610351562,22.430418014526367,64221700
2024-11-19,24.700000762939453,25.110000610351562,24.610000610351562,25.100000381469727,22.646963119506836,52381200
2024-11-20,25.06999969482422,25.100000381469727,24.649999618530273,24.940000534057617,22.502601623535156,46170800
2024-11-21,24.8700008392334,25.219999313354492,24.780000686645508,25.1299991607666,22.67403221130371,45048400
2024-11-22,25.18000030517578,25.75,25.100000381469727,25.649999618530273,23.143211364746094,41897000
2024-11-25,25.75,26.450000762939453,25.739999771118164,26.170000076293945,23.612390518188477,57707600
2024-11-26,26.15999984741211,26.239999771118164,25.610000610351562,25.770000457763672,23.25148582458496,33001000
2024-11-27,25.760000228881836,25.950000762939453,25.700000762939453,25.829999923706055,23.305618286132812,28242100
2024-11-29,25.829999923706055,26.229999542236328,25.770000457763672,26.209999084472656,23.648481369018555,22023000
2024-12-02,26.06999969482422,26.219999313354492,25.729999542236328,25.81999969482422,23.29659652709961,43866400
2024-12-03,25.829999923706055,25.899999618530273,25.520000457763672,25.559999465942383,23.062007904052734,49064300
2024-12-04,25.450000762939453,25.5,25.18000030517578,25.229999542236328,22.764259338378906,42541500
2024-12-05,25.229999542236328,25.790000915527344,25.139999389648438,25.700000762939453,23.188325881958008,43647900
2024-12-06,25.739999771118164,26.100000381469727,25.59000015258789,25.729999542236328,23.215394973754883,31830700
2024-12-09,25.760000228881836,26.440000534057617,25.579999923706055,26.100000381469727,23.549232482910156,37464800
2024-12-10,26.100000381469727,26.110000610351562,25.510000228881836,25.56999969482422,23.071029663085938,43280500
2024-12-11,25.3799991607666,25.510000228881836,25.170000076293945,25.229999542236328,22.764259338378906,39569400
2024-12-12,25.18000030517578,25.479999542236328,25.059999465942383,25.3700008392334,22.89057731628418,38705100
2024-12-13,25.34000015258789,25.65999984741211,25.260000228881836,25.579999923706055,23.080049514770508,29043600
2024-12-16,25.59000015258789,25.75,25.219999313354492,25.25,22.78230094909668,40194000
2024-12-17,25.899999618530273,26.459999084472656,25.860000610351562,26.43000030517578,23.846982955932617,71440300
2024-12-18,26.190000534057617,26.520000457763672,25.860000610351562,25.889999389648438,23.359758377075195,47575100
2024-12-19,25.700000762939453,26.09000015258789,25.579999923706055,25.770000457763672,23.25148582458496,50324700
2024-12-20,25.700000762939453,26.489999771118164,25.700000762939453,26.360000610351562,23.783823013305664,116340100
2024-12-23,26.360000610351562,26.75,26.190000534057617,26.709999084472656,24.099618911743164,35350400
2024-12-24,26.59000015258789,26.770000457763672,26.3799991607666,26.739999771118164,24.126684188842773,19716400
2024-12-26,26.639999389648438,26.719999313354492,26.479999542236328,26.559999465942383,23.964277267456055,31406000
2024-12-27,26.43000030517578,26.850000381469727,26.420000076293945,26.6200008392334,24.018413543701172,35218300
2024-12-30,26.479999542236328,26.579999923706055,26.239999771118164,26.420000076293945,23.837961196899414,32859100
2024-12-31,26.399999618530273,26.649999618530273,26.360000610351562,26.530000686645508,23.93720817565918,27085500
2025-01-02,26.75,26.860000610351562,26.559999465942383,26.610000610351562,24.009389877319336,32899200
2025-01-03,26.700000762939453,26.84000015258789,26.520000457763672,26.59000015258789,23.99134635925293,33417000
2025-01-06,26.709999084472656,27.25,26.559999465942383,26.889999389648438,24.26202392578125,43951000
2025-01-07,27.010000228881836,27.56999969482422,26.940000534057617,27.1299991607666,24.47856903076172,35030000
2025-01-08,27.049999237060547,27.139999389648438,26.229999542236328,26.860000610351562,24.234956741333008,35430700
2025-01-10,26.8700008392334,27.049999237060547,26.690000534057617,26.719999313354492,24.1086368560791,32836900
2025-01-13,26.649999618530273,26.809999465942383,26.360000610351562,26.799999237060547,24.18082046508789,28359600
2025-01-14,26.809999465942383,26.8700008392334,26.270000457763672,26.40999984741211,23.828935623168945,25856900
2025-01-15,26.520000457763672,26.649999618530273,26.209999084472656,26.219999313354492,23.65750503540039,35949700
2025-01-16,26.06999969482422,26.56999969482422,25.959999084472656,26.489999771118164,23.901119232177734,29981100
2025-01-17,26.399999618530273,26.559999465942383,26.219999313354492,26.299999237060547,23.729684829711914,35380300
2025-01-21,26.450000762939453,26.639999389648438,26.389999389648438,26.639999389648438,24.036457061767578,39745600
2025-01-22,26.510000228881836,26.600000381469727,25.969999313354492,26.010000228881836,23.468027114868164,41890400
2025-01-23,26.010000228881836,26.479999542236328,25.850000381469727,26.440000534057617,23.856002807617188,40987000
2025-01-24,26.020000457763672,26.200000762939453,25.959999084472656,26.09000015258789,23.929378509521484,31300200
2025-01-27,26.239999771118164,26.969999313354492,26.18000030517578,26.860000610351562,24.6356143951416,50648600
2025-01-28,26.780000686645508,26.860000610351562,26.489999771118164,26.75,24.53472137451172,40589600
2025-01-29,26.799999237060547,27.06999969482422,26.56999969482422,26.6200008392334,24.415489196777344,34418200
2025-01-30,26.65999984741211,27.010000228881836,26.579999923706055,26.90999984741211,24.681468963623047,32289600
2025-01-31,26.959999084472656,27.010000228881836,26.420000076293945,26.520000457763672,24.32377052307129,37307000
2025-02-03,26.299999237060547,26.469999313354492,26.149999618530273,26.200000762939453,24.030271530151367,49626200
2025-02-04,26.100000381469727,26.920000076293945,25.600000381469727,25.8700008392334,23.72760009765625,68748300
2025-02-05,25.950000762939453,26.690000534057617,25.700000762939453,26.440000534057617,24.250396728515625,50426800
2025-02-06,26.420000076293945,26.469999313354492,25.780000686645508,25.829999923706055,23.6909122467041,45182000
2025-02-07,25.860000610351562,25.959999084472656,25.530000686645508,25.739999771118164,23.60836410522461,36512800
2025-02-10,25.780000686645508,26.1200008392334,25.510000228881836,25.8700008392334,23.72760009765625,39632700
2025-02-11,25.829999923706055,25.90999984741211,25.459999084472656,25.530000686645508,23.415756225585938,36593300
2025-02-12,25.479999542236328,25.6200008392334,25.170000076293945,25.469999313354492,23.3607234954834,31671600
2025-02-13,25.489999771118164,25.739999771118164,25.329999923706055,25.639999389648438,23.516645431518555,30612500
2025-02-14,25.729999542236328,25.829999923706055,25.469999313354492,25.530000686645508,23.415756225585938,33214600
2025-02-18,25.610000610351562,25.739999771118164,25.420000076293945,25.559999465942383,23.443269729614258,40499700
2025-02-19,25.56999969482422,25.920000076293945,25.5,25.889999389648438,23.745941162109375,37292400
2025-02-20,25.860000610351562,26.079999923706055,25.75,25.899999618530273,23.755111694335938,37139000
2025-02-21,25.889999389648438,26.56999969482422,25.850000381469727,26.299999237060547,24.121986389160156,54611500
2025-02-24,26.399999618530273,26.739999771118164,25.8799991607666,26.649999618530273,24.443002700805664,43823300
2025-02-25,26.719999313354492,27.030000686645508,26.540000915527344,26.739999771118164,24.52555274963379,43560100
2025-02-26,26.68000030517578,26.780000686645508,26.350000381469727,26.420000076293945,24.232051849365234,30103300
2025-02-27,26.290000915527344,26.5,26.010000228881836,26.100000381469727,23.938552856445312,28268300
2025-02-28,26.059999465942383,26.489999771118164,25.90999984741211,26.43000030517578,24.241220474243164,51531700
2025-03-03,26.3700008392334,26.899999618530273,25.969999313354492,26.25,24.076128005981445,54048600
2025-03-04,26.25,26.309999465942383,25.670000076293945,25.75,23.617534637451172,51315000
2025-03-05,25.700000762939453,26.18000030517578,25.65999984741211,25.940000534057617,23.791799545288086,37062400
2025-03-06,25.93000030517578,26.459999084472656,25.899999618530273,26.239999771118164,24.066957473754883,46998300
2025-03-07,26.399999618530273,26.889999389648438,26.18000030517578,26.729999542236328,24.516374588012695,54337700
2025-03-10,26.639999389648438,27.239999771118164,26.540000915527344,26.639999389648438,24.43383026123047,53013500
2025-03-11,26.56999969482422,26.6200008392334,25.8700008392334,25.989999771118164,23.837661743164062,44841400
2025-03-12,25.940000534057617,25.969999313354492,25.5,25.709999084472656,23.580846786499023,37331000
2025-03-13,25.760000228881836,26.06999969482422,25.530000686645508,25.600000381469727,23.479957580566406,36717900
2025-03-14,25.6200008392334,25.760000228881836,25.5,25.719999313354492,23.59001922607422,30298300
2025-03-17,25.739999771118164,26.149999618530273,25.59000015258789,26.049999237060547,23.892690658569336,32676900
2025-03-18,26.209999084472656,26.399999618530273,26.100000381469727,26.309999465942383,24.13115882873535,32958700
2025-03-19,26.329999923706055,26.5,26.079999923706055,26.209999084472656,24.039440155029297,42522700
2025-03-20,26.25,26.299999237060547,26.020000457763672,26.190000534057617,24.02109718322754,35378900
2025-03-21,26.1299991607666,26.520000457763672,26.010000228881836,26.280000686645508,24.1036434173584,349996500
2025-03-24,26.100000381469727,26.219999313354492,25.889999389648438,26.139999389648438,23.975238800048828,37944400
2025-03-25,26.15999984741211,26.200000762939453,25.510000228881836,25.549999237060547,23.434099197387695,47607600
2025-03-26,25.520000457763672,25.649999618530273,25.1299991607666,25.209999084472656,23.12225341796875,49487400
2025-03-27,25.200000762939453,25.229999542236328,24.829999923706055,25.010000228881836,22.938819885253906,51302000
2025-03-28,25.030000686645508,25.219999313354492,24.809999465942383,25.209999084472656,23.12225341796875,32352500
2025-03-31,24.799999237060547,25.43000030517578,24.610000610351562,25.34000015258789,23.241491317749023,53498100
2025-04-01,25.290000915527344,25.350000381469727,24.520000457763672,24.540000915527344,22.50774574279785,54444200
2025-04-02,24.5,24.739999771118164,24.309999465942383,24.700000762939453,22.654491424560547,41965000
2025-04-03,24.739999771118164,24.8700008392334,24.280000686645508,24.290000915527344,22.278446197509766,53501800
2025-04-04,23.940000534057617,24.100000381469727,22.950000762939453,22.969999313354492,21.067758560180664,80002600
2025-04-07,22.139999389648438,23.15999984741211,21.75,22.6299991607666,20.75591468811035,86106100
2025-04-08,22.899999618530273,22.989999771118164,21.440000534057617,21.84000015258789,20.03133773803711,72406000
2025-04-09,21.110000610351562,22.540000915527344,20.920000076293945,22.489999771118164,20.627511978149414,95954400
2025-04-10,22.260000228881836,22.270000457763672,21.09000015258789,21.59000015258789,19.80204200744629,72960700
2025-04-11,21.59000015258789,22.0,21.280000686645508,21.90999984741211,20.09554100036621,55078100
2025-04-14,22.079999923706055,22.229999542236328,21.8700008392334,22.1200008392334,20.28815269470215,61900900
2025-04-15,22.170000076293945,22.93000030517578,22.1299991607666,22.440000534057617,20.581649780273438,51814700
2025-04-16,22.489999771118164,22.68000030517578,21.950000762939453,22.040000915527344,20.214778900146484,37641200
2025-04-17,22.149999618530273,22.549999237060547,22.100000381469727,22.139999389648438,20.306493759155273,54073700
2025-04-21,22.1299991607666,22.170000076293945,21.8700008392334,22.040000915527344,20.214778900146484,32021000
2025-04-22,22.18000030517578,22.549999237060547,22.149999618530273,22.530000686645508,20.664199829101562,36052600
2025-04-23,22.780000686645508,23.059999465942383,22.239999771118164,22.389999389648438,20.53579330444336,50781000
2025-04-24,22.399999618530273,22.860000610351562,22.229999542236328,22.780000686645508,20.893495559692383,35009600
2025-04-25,22.770000457763672,23.110000610351562,22.479999542236328,22.920000076293945,21.02189826965332,35847700
2025-04-28,23.030000686645508,23.290000915527344,22.899999618530273,23.049999237060547,21.14113426208496,55888900
2025-04-29,22.829999923706055,24.1200008392334,22.459999084472656,23.790000915527344,21.819852828979492,98540200
2025-04-30,24.200000762939453,24.440000534057617,23.979999542236328,24.40999984741211,22.388505935668945,53941700
2025-05-01,24.299999237060547,24.329999923706055,23.799999237060547,23.93000030517578,21.948257446289062,46891700
2025-05-02,24.280000686645508,24.299999237060547,23.969999313354492,24.200000762939453,22.195899963378906,41685800
2025-05-05,24.200000762939453,24.25,23.850000381469727,23.8700008392334,21.893226623535156,40811800
2025-05-06,23.829999923706055,23.889999389648438,22.850000381469727,22.8799991607666,20.985210418701172,60872600
2025-05-07,22.989999771118164,23.09000015258789,22.719999313354492,22.790000915527344,20.902666091918945,48270500
2025-05-08,22.81999969482422,23.09000015258789,22.510000228881836,22.969999313354492,21.067758560180664,55669800
2025-05-09,22.510000228881836,22.600000381469727,22.260000228881836,22.280000686645508,20.824743270874023,39059800
2025-05-12,22.229999542236328,23.149999618530273,22.18000030517578,23.09000015258789,21.58183479309082,77480900
2025-05-13,22.899999618530273,22.979999542236328,22.489999771118164,22.8700008392334,21.37620735168457,41193200
2025-05-14,22.860000610351562,22.899999618530273,21.969999313354492,22.020000457763672,20.581724166870117,59394000
2025-05-15,22.200000762939453,22.600000381469727,22.09000015258789,22.600000381469727,21.123842239379883,51800100
2025-05-16,22.649999618530273,22.850000381469727,22.450000762939453,22.829999923706055,21.338817596435547,37786800
2025-05-19,22.739999771118164,23.030000686645508,22.639999389648438,23.0,21.49771499633789,31513700
2025-05-20,23.170000076293945,23.700000762939453,23.15999984741211,23.520000457763672,21.983749389648438,57047500
2025-05-21,23.469999313354492,23.479999542236328,23.040000915527344,23.040000915527344,21.53510093688965,42984700
2025-05-22,23.040000915527344,23.15999984741211,22.809999465942383,23.040000915527344,21.53510093688965,38602800
2025-05-23,22.950000762939453,23.389999389648438,22.8799991607666,23.31999969482422,21.79681396484375,35405400
2025-05-27,23.549999237060547,23.65999984741211,23.3700008392334,23.610000610351562,22.06787109375,36155400
2025-05-28,23.610000610351562,23.639999389648438,23.110000610351562,23.18000030517578,21.665956497192383,36737200
2025-05-29,23.329999923706055,23.450000762939453,23.15999984741211,23.450000762939453,21.918319702148438,26091400
2025-05-30,23.479999542236328,23.6200008392334,23.15999984741211,23.489999771118164,21.955707550048828,56618600
2025-06-02,23.540000915527344,23.559999465942383,23.219999313354492,23.459999084472656,21.92766761779785,30443900
2025-06-03,23.3799991607666,23.540000915527344,23.059999465942383,23.350000381469727,21.824853897094727,37887100
2025-06-04,23.40999984741211,23.540000915527344,23.350000381469727,23.389999389648438,21.862239837646484,24500100
2025-06-05,23.440000534057617,23.440000534057617,23.079999923706055,23.1200008392334,21.60987663269043,33173600
2025-06-06,23.270000457763672,23.579999923706055,23.25,23.350000381469727,21.824853897094727,30426200
2025-06-09,23.440000534057617,24.139999389648438,23.420000076293945,23.969999313354492,22.404356002807617,42542600
2025-06-10,23.969999313354492,24.420000076293945,23.959999084472656,24.299999237060547,22.71280288696289,40439200
2025-06-11,24.329999923706055,24.690000534057617,24.31999969482422,24.479999542236328,22.881046295166016,38558700
2025-06-12,24.530000686645508,24.8799991607666,24.530000686645508,24.84000015258789,23.217531204223633,42465400
2025-06-13,24.790000915527344,24.950000762939453,24.459999084472656,24.540000915527344,22.937129974365234,46368400
2025-06-16,24.5,24.59000015258789,24.280000686645508,24.399999618530273,22.806270599365234,35102100
2025-06-17,24.270000457763672,24.31999969482422,23.90999984741211,24.0,22.43239974975586,40408800
2025-06-18,23.959999084472656,24.079999923706055,23.770000457763672,23.8799991607666,22.320234298706055,37076200
2025-06-20,24.0,24.09000015258789,23.770000457763672,23.969999313354492,22.404356002807617,63098100
2025-06-23,23.8700008392334,24.09000015258789,23.770000457763672,24.030000686645508,22.460437774658203,31959100
2025-06-24,24.139999389648438,24.399999618530273,24.110000610351562,24.309999465942383,22.72214698791504,34404200
2025-06-25,24.209999084472656,24.3700008392334,24.06999969482422,24.260000228881836,22.6754150390625,25603300
2025-06-26,24.31999969482422,24.43000030517578,24.15999984741211,24.239999771118164,22.656721115112305,31835300
2025-06-27,24.350000381469727,24.420000076293945,24.079999923706055,24.190000534057617,22.609987258911133,39528800
2025-06-30,24.209999084472656,24.3799991607666,24.1200008392334,24.239999771118164,22.656721115112305,44730900
2025-07-01,24.280000686645508,25.350000381469727,24.260000228881836,25.040000915527344,23.404468536376953,59259900
2025-07-02,25.1299991607666,25.360000610351562,25.030000686645508,25.31999969482422,23.66617774963379,36772100
2025-07-03,25.350000381469727,25.520000457763672,25.219999313354492,25.3799991607666,23.722259521484375,27104600
2025-07-07,25.360000610351562,25.530000686645508,25.139999389648438,25.239999771118164,23.59140396118164,34905900
2025-07-08,25.239999771118164,25.959999084472656,25.209999084472656,25.6200008392334,23.946584701538086,51275800
2025-07-09,25.690000534057617,25.84000015258789,25.34000015258789,25.559999465942383,23.8905029296875,38362200
2025-07-10,25.579999923706055,26.049999237060547,25.540000915527344,25.780000686645508,24.096132278442383,39499200
2025-07-11,25.649999618530273,25.719999313354492,25.420000076293945,25.649999618530273,23.974624633789062,34864400
2025-07-14,25.579999923706055,25.6299991607666,25.34000015258789,25.350000381469727,23.6942195892334,25918000
2025-07-15,25.34000015258789,25.440000534057617,24.530000686645508,24.610000610351562,23.002553939819336,54458000
2025-07-16,24.68000030517578,24.959999084472656,24.530000686645508,24.610000610351562,23.002553939819336,44218200
2025-07-17,24.489999771118164,24.780000686645508,24.450000762939453,24.579999923706055,22.97451400756836,47393900
2025-07-18,24.709999084472656,24.780000686645508,24.389999389648438,24.469999313354492,22.8716983795166,36309400
2025-07-21,24.59000015258789,24.649999618530273,24.260000228881836,24.260000228881836,22.6754150390625,33663400
2025-07-22,24.3700008392334,25.139999389648438,24.34000015258789,25.139999389648438,23.497934341430664,48091600
2025-07-23,25.3799991607666,25.530000686645508,25.25,25.360000610351562,23.70356559753418,42073300
2025-07-24,25.389999389648438,25.540000915527344,25.260000228881836,25.350000381469727,23.6942195892334,25672400
2025-07-25,24.969999313354492,24.969999313354492,24.6200008392334,24.790000915527344,23.570613861083984,35643400
2025-07-28,24.68000030517578,24.729999542236328,24.239999771118164,24.309999465942383,23.11422348022461,31096600
2025-07-29,24.309999465942383,24.329999923706055,23.93000030517578,24.299999237060547,23.104717254638672,38499800
2025-07-30,24.31999969482422,24.399999618530273,23.799999237060547,23.809999465942383,22.638816833496094,35649500
2025-07-31,23.600000381469727,23.84000015258789,23.139999389648438,23.290000915527344,22.144399642944336,62768300
2025-08-01,23.299999237060547,23.520000457763672,23.110000610351562,23.489999771118164,22.334558486938477,51332700
2025-08-04,23.440000534057617,23.68000030517578,23.399999618530273,23.530000686645508,22.372591018676758,57010700
2025-08-05,24.270000457763672,24.889999389648438,24.270000457763672,24.75,23.532581329345703,113955100
2025-08-06,24.68000030517578,24.709999084472656,23.860000610351562,23.93000030517578,22.75291633605957,65689200
2025-08-07,24.170000076293945,24.469999313354492,23.940000534057617,24.229999542236328,23.038158416748047,45494400
2025-08-08,24.290000915527344,24.610000610351562,24.15999984741211,24.579999923706055,23.37094497680664,36377000
2025-08-11,24.600000381469727,24.920000076293945,24.530000686645508,24.579999923706055,23.37094497680664,38115700
2025-08-12,24.65999984741211,24.770000457763672,24.469999313354492,24.649999618530273,23.437501907348633,34402700
2025-08-13,24.75,25.200000762939453,24.739999771118164,25.15999984741211,23.922414779663086,40176500
2025-08-14,25.09000015258789,25.18000030517578,24.81999969482422,25.110000610351562,23.874874114990234,32514000
2025-08-15,25.219999313354492,25.299999237060547,24.969999313354492,25.139999389648438,23.903396606445312,31844800
2025-08-18,25.139999389648438,25.229999542236328,25.010000228881836,25.06999969482422,23.836841583251953,35623300
2025-08-19,25.139999389648438,25.43000030517578,25.100000381469727,25.31999969482422,24.074542999267578,29170500
2025-08-20,25.389999389648438,25.690000534057617,25.34000015258789,25.3799991607666,24.131591796875,38111000
2025-08-21,25.40999984741211,25.889999389648438,25.3700008392334,25.739999771118164,24.47388458251953,37068100
2025-08-22,25.899999618530273,26.110000610351562,25.760000228881836,25.8799991607666,24.606998443603516,34560500
2025-08-25,25.8799991607666,25.889999389648438,25.110000610351562,25.139999389648438,23.903396606445312,32684200
2025-08-26,25.139999389648438,25.239999771118164,24.8700008392334,24.920000076293945,23.6942195892334,43938700
2025-08-27,25.010000228881836,25.170000076293945,24.850000381469727,25.06999969482422,23.836841583251953,31840300
2025-08-28,25.06999969482422,25.06999969482422,24.510000228881836,24.600000381469727,23.38996124267578,44306800
2025-08-29,24.68000030517578,24.8799991607666,24.510000228881836,24.760000228881836,23.542089462280273,37030000
2025-09-02,24.729999542236328,25.06999969482422,24.709999084472656,24.979999542236328,23.75126838684082,44725000
2025-09-03,24.8799991607666,25.1200008392334,24.719999313354492,24.790000915527344,23.570613861083984,30957600
2025-09-04,24.780000686645508,24.780000686645508,24.350000381469727,24.540000915527344,23.332914352416992,41695500
2025-09-05,24.56999969482422,24.889999389648438,24.510000228881836,24.8799991607666,23.656185150146484,34613200
2025-09-08,24.899999618530273,24.969999313354492,24.309999465942383,24.549999237060547,23.342418670654297,49242900
2025-09-09,24.549999237060547,24.790000915527344,24.510000228881836,24.709999084472656,23.494548797607422,32751300
2025-09-10,24.639999389648438,24.649999618530273,24.450000762939453,24.56999969482422,23.361434936523438,32975900
2025-09-11,24.600000381469727,24.860000610351562,24.540000915527344,24.860000610351562,23.637170791625977,36784100
2025-09-12,24.809999465942383,24.84000015258789,23.84000015258789,23.8700008392334,22.69586753845215,81378200
2025-09-15,23.989999771118164,24.1200008392334,23.68000030517578,23.969999313354492,22.79094886779785,50760200
2025-09-16,23.959999084472656,24.219999313354492,23.8700008392334,23.899999618530273,22.72439193725586,57010800
2025-09-17,23.979999542236328,24.389999389648438,23.899999618530273,24.049999237060547,22.86701202392578,46351600
2025-09-18,24.049999237060547,24.239999771118164,23.959999084472656,24.149999618530273,22.962095260620117,34419000
2025-09-19,24.25,24.25,23.81999969482422,24.030000686645508,22.847997665405273,86577600
2025-09-22,24.280000686645508,24.799999237060547,24.030000686645508,24.040000915527344,22.857507705688477,67863300
2025-09-23,24.100000381469727,24.360000610351562,24.049999237060547,24.1299991607666,22.943077087402344,38955200
2025-09-24,24.170000076293945,24.18000030517578,23.979999542236328,24.09000015258789,22.905046463012695,39669400
2025-09-25,24.09000015258789,24.149999618530273,23.579999923706055,23.600000381469727,22.43914794921875,56738300
2025-09-26,23.729999542236328,23.809999465942383,23.610000610351562,23.760000228881836,22.591279983520508,33374500
2025-09-29,23.790000915527344,23.860000610351562,23.639999389648438,23.850000381469727,22.676851272583008,39184300
2025-09-30,23.850000381469727,25.6299991607666,23.809999465942383,25.479999542236328,24.226673126220703,164867300
2025-10-01,25.969999313354492,27.450000762939453,25.579999923706055,27.209999084472656,25.8715763092041,150879900
2025-10-02,26.93000030517578,27.170000076293945,26.6200008392334,27.079999923706055,25.74797248840332,69684100
2025-10-03,27.200000762939453,27.690000534057617,27.040000915527344,27.3700008392334,26.02370834350586,70524000
2025-10-06,27.270000457763672,27.360000610351562,26.389999389648438,26.43000030517578,25.12994384765625,62945600
2025-10-07,26.420000076293945,26.579999923706055,26.049999237060547,26.270000457763672,24.977815628051758,47744200
2025-10-08,26.420000076293945,26.5,25.6299991607666,25.68000030517578,24.41683578491211,48693300
2025-10-09,25.780000686645508,25.899999618530273,25.209999084472656,25.239999771118164,23.998477935791016,47278700
2025-10-10,25.260000228881836,25.420000076293945,24.6200008392334,24.780000686645508,23.561105728149414,64963900
2025-10-13,24.84000015258789,24.950000762939453,24.610000610351562,24.729999542236328,23.513565063476562,45356600
2025-10-14,24.649999618530273,24.790000915527344,24.479999542236328,24.520000457763672,23.31389617919922,42277000
2025-10-15,24.489999771118164,24.579999923706055,24.209999084472656,24.389999389648438,23.190288543701172,47729800
2025-10-16,24.440000534057617,24.610000610351562,24.209999084472656,24.229999542236328,23.038158416748047,44390000
2025-10-17,24.200000762939453,24.530000686645508,24.15999984741211,24.510000228881836,23.30438804626465,40101900
2025-10-20,24.56999969482422,24.729999542236328,24.510000228881836,24.690000534057617,23.475534439086914,35856800
2025-10-21,24.719999313354492,24.959999084472656,24.600000381469727,24.850000381469727,23.627662658691406,40726900
2025-10-22,24.790000915527344,24.93000030517578,24.6200008392334,24.719999313354492,23.504056930541992,48662900
2025-10-23,24.760000228881836,24.780000686645508,24.510000228881836,24.670000076293945,23.45651626586914,34219900
2025-10-24,24.700000762939453,24.829999923706055,24.68000030517578,24.760000228881836,23.542089462280273,27429200
2025-10-27,24.739999771118164,24.799999237060547,24.6299991607666,24.770000457763672,23.551599502563477,34974900
2025-10-28,24.780000686645508,24.780000686645508,24.3799991607666,24.5,23.294878005981445,50152400
2025-10-29,24.530000686645508,24.6299991607666,24.229999542236328,24.290000915527344,23.0952091217041,65438400
2025-10-30,24.309999465942383,24.700000762939453,24.149999618530273,24.290000915527344,23.0952091217041,157478000
2025-10-31,24.280000686645508,24.729999542236328,24.15999984741211,24.649999618530273,23.437501907348633,132697400
2025-11-03,24.59000015258789,24.75,24.40999984741211,24.65999984741211,23.447010040283203,140871300
2025-11-04,24.389999389648438,25.200000762939453,24.200000762939453,24.299999237060547,23.104717254638672,166162000
2025-11-05,24.3799991607666,24.670000076293945,24.15999984741211,24.610000610351562,23.39946746826172,107240900
2025-11-06,24.75,25.1299991607666,24.540000915527344,24.850000381469727,23.627662658691406,124137200
2025-11-07,24.329999923706055,24.6299991607666,24.110000610351562,24.43000030517578,23.637338638305664,117794500
2025-11-10,24.65999984741211,24.889999389648438,23.90999984741211,24.389999389648438,23.598636627197266,148958600
2025-11-11,24.489999771118164,25.510000228881836,24.440000534057617,25.510000228881836,24.682296752929688,139673800
2025-11-12,25.399999618530273,25.950000762939453,25.25,25.8700008392334,25.030616760253906,96008000
2025-11-13,25.940000534057617,26.479999542236328,25.670000076293945,25.790000915527344,24.953210830688477,123083100
2025-11-14,25.670000076293945,25.770000457763672,24.969999313354492,25.059999465942383,24.246896743774414,96507600
2025-11-17,25.110000610351562,25.56999969482422,24.950000762939453,25.079999923706055,24.26624870300293,88042200
2025-11-18,25.049999237060547,25.510000228881836,24.979999542236328,25.450000762939453,24.624244689941406,66511800
2025-11-19,25.350000381469727,25.5,24.719999313354492,24.8799991607666,24.072736740112305,62000200
2025-11-20,24.889999389648438,25.0,24.280000686645508,24.399999618530273,23.608312606811523,51983200
2025-11-21,24.59000015258789,25.520000457763672,24.59000015258789,25.040000915527344,24.227548599243164,73079400
2025-11-24,25.110000610351562,25.469999313354492,25.049999237060547,25.219999313354492,24.401704788208008,63074900
2025-11-25,25.3700008392334,25.969999313354492,25.360000610351562,25.719999313354492,24.885480880737305,39130300
2025-11-26,25.700000762939453,25.809999465942383,25.579999923706055,25.709999084472656,24.875804901123047,33461000
2025-11-28,25.850000381469727,25.860000610351562,25.65999984741211,25.739999771118164,24.90483283996582,22627600
2025-12-01,25.760000228881836,25.940000534057617,25.229999542236328,25.270000457763672,24.450084686279297,53198600
2025-12-02,25.31999969482422,25.31999969482422,25.040000915527344,25.149999618530273,24.33397674560547,43827000
2025-12-03,25.31999969482422,25.889999389648438,25.299999237060547,25.56999969482422,24.74034881591797,56121200
2025-12-04,25.6299991607666,25.739999771118164,25.350000381469727,25.700000762939453,24.866132736206055,35454000
2025-12-05,25.770000457763672,26.1200008392334,25.639999389648438,26.030000686645508,25.1854248046875,47443700
2025-12-08,26.040000915527344,26.190000534057617,25.760000228881836,25.770000457763672,24.933860778808594,45209300
2025-12-09,26.0,26.1299991607666,25.1299991607666,25.329999923706055,24.508136749267578,43483800
2025-12-10,25.489999771118164,25.790000915527344,25.219999313354492,25.780000686645508,24.94353675842285,43635400
2025-12-11,25.799999237060547,26.040000915527344,25.610000610351562,25.799999237060547,24.962886810302734,35570200
2025-12-12,25.84000015258789,26.040000915527344,25.719999313354492,25.850000381469727,25.011266708374023,51599700
2025-12-15,25.81999969482422,26.649999618530273,25.809999465942383,26.43000030517578,25.572446823120117,60360000
2025-12-16,26.440000534057617,26.510000228881836,24.920000076293945,25.530000686645508,24.701648712158203,111695500
2025-12-17,25.399999618530273,25.489999771118164,25.030000686645508,25.040000915527344,24.227548599243164,61255300
2025-12-18,25.010000228881836,25.229999542236328,24.979999542236328,25.040000915527344,24.227548599243164,47062500
2025-12-19,25.010000228881836,25.520000457763672,24.979999542236328,25.190000534057617,24.3726806640625,87590000
2025-12-22,25.200000762939453,25.399999618530273,25.1299991607666,25.209999084472656,24.39202880859375,38758900
2025-12-23,25.260000228881836,25.34000015258789,24.829999923706055,24.8799991607666,24.072736740112305,43692900
2025-12-24,24.920000076293945,25.139999389648438,24.90999984741211,25.030000686645508,24.217870712280273,19328500
2025-12-26,25.020000457763672,25.110000610351562,24.920000076293945,25.09000015258789,24.275924682617188,21617800
2025-12-29,25.049999237060547,25.200000762939453,24.969999313354492,25.0,24.1888427734375,33067700
2025-12-30,25.010000228881836,25.049999237060547,24.920000076293945,24.989999771118164,24.179166793823242,28821700
2025-12-31,24.969999313354492,25.020000457763672,24.8799991607666,24.899999618530273,24.09208869934082,29409200
2026-01-02,24.979999542236328,25.299999237060547,24.829999923706055,25.18000030517578,24.363004684448242,35976700
2026-01-05,25.200000762939453,25.399999618530273,24.950000762939453,25.170000076293945,24.353328704833984,52620900
2026-01-06,25.190000534057617,26.010000228881836,25.190000534057617,25.43000030517578,24.60489273071289,50977300
2026-01-07,25.59000015258789,25.809999465942383,25.139999389648438,25.280000686645508,24.459758758544922,51395800
2026-01-08,25.18000030517578,25.559999465942383,25.1200008392334,25.290000915527344,24.46943473815918,42977300
2026-01-09,25.34000015258789,25.549999237060547,25.229999542236328,25.479999542236328,24.653270721435547,34190200
2026-01-12,25.579999923706055,25.770000457763672,25.09000015258789,25.270000457763672,24.450084686279297,50256300
2026-01-13,25.31999969482422,25.389999389648438,24.969999313354492,25.149999618530273,24.33397674560547,47656100
2026-01-14,25.229999542236328,25.709999084472656,25.200000762939453,25.579999923706055,24.750024795532227,53738100
2026-01-15,25.549999237060547,25.889999389648438,25.25,25.889999389648438,25.04996681213379,55263200
2026-01-16,25.889999389648438,25.889999389648438,25.549999237060547,25.649999618530273,24.817752838134766,59470600
2026-01-20,25.43000030517578,25.649999618530273,25.09000015258789,25.520000457763672,24.691972732543945,55425400
2026-01-21,25.469999313354492,25.920000076293945,25.3799991607666,25.889999389648438,25.04996681213379,47264100
2026-01-22,25.899999618530273,26.309999465942383,25.75,26.100000381469727,25.25315284729004,49883900
2026-01-23,25.579999923706055,25.690000534057617,25.510000228881836,25.649999618530273,25.233476638793945,45402300
2026-01-26,25.6299991607666,25.920000076293945,25.600000381469727,25.8799991607666,25.459741592407227,41441900
2026-01-27,25.940000534057617,26.829999923706055,25.899999618530273,26.5,26.06967544555664,75575400
2026-01-28,26.270000457763672,26.389999389648438,25.760000228881836,25.860000610351562,25.440067291259766,44976700
2026-01-29,25.899999618530273,26.229999542236328,25.8799991607666,26.100000381469727,25.676170349121094,44373800
2026-01-30,26.1299991607666,26.469999313354492,25.899999618530273,26.440000534057617,26.010648727416992,51599400
2026-02-02,26.420000076293945,26.690000534057617,26.350000381469727,26.65999984741211,26.227075576782227,52129500
2026-02-03,25.360000610351562,26.110000610351562,25.260000228881836,25.770000457763672,25.351530075073242,91964900
2026-02-04,25.8799991607666,26.979999542236328,25.860000610351562,26.780000686645508,26.345129013061523,83025800
2026-02-05,26.760000228881836,27.190000534057617,26.459999084472656,26.489999771118164,26.059837341308594,72650700
2026-02-06,26.670000076293945,27.3700008392334,26.520000457763672,27.219999313354492,26.777982711791992,50691600
2026-02-09,27.18000030517578,27.3700008392334,26.790000915527344,27.049999237060547,26.610742568969727,49288200
2026-02-10,27.18000030517578,27.729999542236328,27.09000015258789,27.610000610351562,27.161649703979492,43760600
2026-02-11,27.549999237060547,27.940000534057617,27.309999465942383,27.729999542236328,27.279701232910156,41699300
2026-02-12,27.649999618530273,27.889999389648438,27.40999984741211,27.469999313354492,27.023921966552734,58805100
2026-02-13,27.600000381469727,27.940000534057617,27.549999237060547,27.579999923706055,27.132137298583984,36986700
2026-02-17,27.84000015258789,27.8700008392334,27.200000762939453,27.3700008392334,26.925548553466797,32119900
2026-02-18,27.440000534057617,27.479999542236328,27.209999084472656,27.3700008392334,26.925548553466797,24779800
2026-02-19,27.3700008392334,27.399999618530273,26.579999923706055,26.860000610351562,26.423830032348633,40316800
2026-02-20,26.709999084472656,26.780000686645508,26.360000610351562,26.649999618530273,26.217239379882812,44786900
2026-02-23,26.559999465942383,27.110000610351562,26.5,27.059999465942383,26.620580673217773,34166100
2026-02-24,27.139999389648438,27.420000076293945,27.079999923706055,27.139999389648438,26.699281692504883,34686100
2026-02-25,27.059999465942383,27.290000915527344,26.729999542236328,27.09000015258789,26.650094985961914,32680300
2026-02-26,27.260000228881836,27.270000457763672,26.8700008392334,27.100000381469727,26.659931182861328,30508300
2026-02-27,27.15999984741211,27.670000076293945,27.09000015258789,27.649999618530273,27.201000213623047,41879700
2026-03-02,27.56999969482422,27.610000610351562,27.170000076293945,27.260000228881836,26.817333221435547,41321700
2026-03-03,26.719999313354492,26.950000762939453,26.350000381469727,26.579999923706055,26.14837646484375,41486100
2026-03-04,26.770000457763672,26.780000686645508,26.350000381469727,26.6200008392334,26.187726974487305,30893500
2026-03-05,26.389999389648438,26.709999084472656,26.200000762939453,26.610000610351562,26.177888870239258,38908600
2026-03-06,26.540000915527344,27.1299991607666,26.229999542236328,27.049999237060547,26.610742568969727,53181800
2026-03-09,26.90999984741211,27.110000610351562,26.360000610351562,26.809999465942383,26.3746395111084,42789500
2026-03-10,26.81999969482422,27.290000915527344,26.520000457763672,27.15999984741211,26.718957901000977,42814600
2026-03-11,27.200000762939453,27.40999984741211,27.0,27.299999237060547,26.8566837310791,40560100
2026-03-12,27.110000610351562,27.1200008392334,26.6299991607666,26.860000610351562,26.423830032348633,38542800
2026-03-13,27.020000457763672,27.280000686645508,26.579999923706055,26.579999923706055,26.14837646484375,34270800
2026-03-16,26.700000762939453,26.889999389648438,26.520000457763672,26.610000610351562,26.177888870239258,28551500
2026-03-17,26.81999969482422,27.760000228881836,26.81999969482422,27.450000762939453,27.004249572753906,60097500
2026-03-18,27.139999389648438,27.3799991607666,26.84000015258789,27.31999969482422,26.876358032226562,47478300
2026-03-19,27.290000915527344,27.729999542236328,27.25,27.40999984741211,26.96489715576172,47939600
2026-03-20,27.40999984741211,27.549999237060547,26.799999237060547,26.969999313354492,26.532041549682617,66805700
2026-03-23,27.030000686645508,27.190000534057617,26.6299991607666,26.770000457763672,26.335290908813477,42945200
2026-03-24,26.600000381469727,27.1299991607666,26.440000534057617,26.959999084472656,26.52220344543457,35605300
2026-03-25,27.18000030517578,27.530000686645508,27.040000915527344,27.280000686645508,26.83700942993164,37603900
2026-03-26,27.25,27.809999465942383,27.239999771118164,27.56999969482422,27.122299194335938,28835000
2026-03-27,27.729999542236328,27.770000457763672,27.020000457763672,27.040000915527344,26.600906372070312,29124600
2026-03-30,27.420000076293945,27.81999969482422,27.149999618530273,27.770000457763672,27.31905174255371,46696000
2026-03-31,27.989999771118164,28.309999465942383,27.790000915527344,28.079999923706055,27.6240177154541,44841500
2026-04-01,28.270000457763672,28.639999389648438,28.040000915527344,28.549999237060547,28.086383819580078,44208500
2026-04-02,28.5,28.75,28.219999313354492,28.31999969482422,27.86012077331543,30920600
2026-04-06,28.190000534057617,28.229999542236328,27.809999465942383,27.829999923706055,27.378076553344727,25169300
2026-04-07,27.65999984741211,27.68000030517578,26.780000686645508,27.100000381469727,26.659931182861328,46620500
2026-04-08,27.25,27.489999771118164,26.969999313354492,27.469999313354492,27.023921966552734,33789100
2026-04-09,27.209999084472656,27.5,27.18000030517578,27.219999313354492,26.777982711791992,27047600
2026-04-10,27.31999969482422,27.360000610351562,26.770000457763672,26.920000076293945,26.48285484313965,27882400
2026-04-13,26.829999923706055,27.56999969482422,26.68000030517578,27.34000015258789,26.896034240722656,44156200
2026-04-14,27.200000762939453,27.309999465942383,27.079999923706055,27.110000610351562,26.669769287109375,24558900
2026-04-15,27.18000030517578,27.360000610351562,26.969999313354492,27.190000534057617,26.748470306396484,29648900
2026-04-16,27.209999084472656,27.479999542236328,27.149999618530273,27.219999313354492,26.777982711791992,21905300
2026-04-17,27.329999923706055,27.670000076293945,27.1200008392334,27.559999465942383,27.11246109008789,30080400
2026-04-20,27.59000015258789,27.850000381469727,27.510000228881836,27.520000457763672,27.07311248779297,25023000
2026-04-21,27.520000457763672,27.6200008392334,27.200000762939453,27.309999465942383,26.866519927978516,29833000
2026-04-22,27.350000381469727,27.389999389648438,26.739999771118164,26.799999237060547,26.364803314208984,35246800
2026-04-23,26.760000228881836,26.829999923706055,26.3799991607666,26.670000076293945,26.236913681030273,38718400
2026-04-24,26.690000534057617,27.299999237060547,26.579999923706055,27.0,26.561555862426758,42500200
2026-04-27,27.059999465942383,27.350000381469727,26.790000915527344,26.790000915527344,26.35496711730957,34764200
2026-04-28,27.530000686645508,27.579999923706055,26.31999969482422,26.479999542236328,26.049999237060547,58079000
2026-04-29,26.360000610351562,26.549999237060547,26.200000762939453,26.260000228881836,25.833572387695312,29969700
2026-04-30,26.389999389648438,26.90999984741211,26.280000686645508,26.700000762939453,26.266427993774414,39082900
2026-05-01,26.600000381469727,26.610000610351562,26.290000915527344,26.329999923706055,25.902435302734375,29318700
2026-05-04,26.239999771118164,26.510000228881836,26.149999618530273,26.299999237060547,25.872920989990234,34583400
2026-05-05,26.59000015258789,26.75,26.010000228881836,26.450000762939453,26.02048683166504,57656100
2026-05-06,26.559999465942383,26.68000030517578,26.209999084472656,26.530000686645508,26.09918785095215,40357100
2026-05-07,26.510000228881836,26.719999313354492,26.15999984741211,26.479999542236328,26.049999237060547,48346000
2026-05-08,26.15999984741211,26.200000762939453,25.600000381469727,25.68000030517578,25.68000030517578,38903400
2026-05-11,25.790000915527344,26.18000030517578,25.68000030517578,25.809999465942383,25.809999465942383,43558000
2026-05-12,25.81999969482422,26.09000015258789,25.739999771118164,25.8700008392334,25.8700008392334,26819500
2026-05-13,25.799999237060547,26.09000015258789,25.639999389648438,25.959999084472656,25.959999084472656,39420000
2026-05-14,26.06999969482422,26.100000381469727,25.719999313354492,25.75,25.75,24102700
2026-05-15,25.75,25.829999923706055,25.239999771118164,25.329999923706055,25.329999923706055,37110100
2026-05-18,25.31999969482422,25.389999389648438,25.190000534057617,25.329999923706055,25.329999923706055,34111300
2026-05-19,25.299999237060547,25.959999084472656,25.239999771118164,25.65999984741211,25.65999984741211,41036700
2026-05-20,25.760000228881836,26.030000686645508,25.670000076293945,25.790000915527344,25.790000915527344,35574200
2026-05-21,25.770000457763672,25.959999084472656,25.56999969482422,25.950000762939453,25.950000762939453,20181500
2026-05-22,26.0,26.149999618530273,25.760000228881836,25.899999618530273,25.899999618530273,22299800
