Date,Open,High,Low,Close,Adj Close,Volume
2021-05-24,138.0,138.8000030517578,137.72999572753906,137.9600067138672,121.47127532958984,6981300
2021-05-25,138.0500030517578,138.47999572753906,136.75,138.42999267578125,121.88508605957031,8142400
2021-05-26,138.7899932861328,138.86000061035156,137.8699951171875,138.1199951171875,121.61214447021484,8122900
2021-05-27,138.1199951171875,138.27999877929688,134.66000366210938,134.97999572753906,118.84741973876953,33095700
2021-05-28,135.14999389648438,136.1300048828125,134.63999938964844,134.85000610351562,118.73297882080078,10477100
2021-06-01,135.7899932861328,136.0,132.47999572753906,132.8800048828125,116.9984359741211,9993900
2021-06-02,133.0,133.6300048828125,132.52000427246094,133.4600067138672,117.50910949707031,8254100
2021-06-03,133.22999572753906,135.91000366210938,133.1999969482422,135.85000610351562,119.61347961425781,11249800
2021-06-04,135.6999969482422,136.6199951171875,135.39999389648438,135.9499969482422,119.70147705078125,6894400
2021-06-07,136.36000061035156,136.83999633789062,135.67999267578125,136.4199981689453,120.11534881591797,8418000
2021-06-08,136.67999267578125,136.75,134.75,134.83999633789062,118.72417449951172,6911500
2021-06-09,135.5500030517578,136.44000244140625,134.74000549316406,134.7899932861328,118.6801528930664,6200700
2021-06-10,135.02000427246094,136.35000610351562,134.6199951171875,135.7899932861328,119.56061553955078,6515500
2021-06-11,135.75,135.8699951171875,133.89999389648438,134.86000061035156,118.74178314208984,10641400
2021-06-14,134.97999572753906,135.02999877929688,133.9600067138672,134.91000366210938,118.78581237792969,6302000
2021-06-15,135.1999969482422,135.63999938964844,134.5500030517578,134.64999389648438,118.55687713623047,5543400
2021-06-16,135.17999267578125,135.5800018310547,132.64999389648438,132.77999877929688,116.910400390625,8936400
2021-06-17,132.82000732421875,134.16000366210938,132.64999389648438,133.99000549316406,117.97576904296875,7875600
2021-06-18,133.33999633789062,133.35000610351562,131.94000244140625,132.02999877929688,116.2500228881836,13997600
2021-06-21,132.69000244140625,133.25999450683594,132.39999389648438,133.07000732421875,117.16572570800781,8014800
2021-06-22,133.0399932861328,134.02000427246094,132.8800048828125,133.1199951171875,117.209716796875,6550900
2021-06-23,132.9499969482422,133.36000061035156,132.32000732421875,132.92999267578125,117.04246520996094,5796000
2021-06-24,132.9499969482422,133.30999755859375,132.6999969482422,133.02000427246094,117.12168884277344,6056700
2021-06-25,133.25999450683594,135.5399932861328,132.9499969482422,134.9199981689453,118.79459381103516,24504900
2021-06-28,134.89999389648438,136.16000366210938,134.75999450683594,135.32000732421875,119.14680480957031,6065400
2021-06-29,135.50999450683594,135.8300018310547,133.82000732421875,134.39999389648438,118.33674621582031,5792300
2021-06-30,134.5800018310547,135.2899932861328,134.2899932861328,134.92999267578125,118.80340576171875,5776600
2021-07-01,135.42999267578125,136.13999938964844,134.9199981689453,135.24000549316406,119.07636260986328,5922300
2021-07-02,135.60000610351562,136.63999938964844,135.4199981689453,135.89999389648438,119.65747833251953,5572000
2021-07-06,135.52000427246094,136.3000030517578,135.36000061035156,135.97999572753906,119.72792053222656,6534400
2021-07-07,136.02999877929688,137.58999633789062,136.02999877929688,137.0,120.62602996826172,5532700
2021-07-08,136.99000549316406,137.39999389648438,135.88999938964844,136.97999572753906,120.6083984375,7585200
2021-07-09,137.24000549316406,137.64999389648438,136.83999633789062,137.02999877929688,120.65243530273438,5948700
2021-07-12,136.89999389648438,137.47000122070312,136.42999267578125,137.13999938964844,120.74928283691406,6807300
2021-07-13,136.38999938964844,137.57000732421875,136.38999938964844,136.97000122070312,120.5995864868164,5603800
2021-07-14,137.00999450683594,138.22999572753906,136.3699951171875,137.97999572753906,121.4888916015625,5903600
2021-07-15,138.00999450683594,139.25999450683594,137.6999969482422,139.16000366210938,122.5278549194336,7357100
2021-07-16,139.3000030517578,140.77999877929688,139.11000061035156,140.50999450683594,123.7165298461914,9346300
2021-07-19,140.32000732421875,141.8699951171875,138.80999755859375,140.44000244140625,123.65486145019531,9544100
2021-07-20,140.44000244140625,141.97999572753906,139.63999938964844,139.69000244140625,122.9945068359375,8136300
2021-07-21,139.9499969482422,140.1999969482422,138.99000549316406,139.1999969482422,122.56305694580078,6954700
2021-07-22,137.2899932861328,138.3300018310547,136.7100067138672,137.8000030517578,122.09347534179688,6013800
2021-07-23,137.47999572753906,139.97999572753906,137.0800018310547,139.7899932861328,123.85667419433594,7906000
2021-07-26,139.6199951171875,140.82000732421875,139.22000122070312,140.27999877929688,124.29080200195312,5925800
2021-07-27,140.14999389648438,141.6199951171875,140.0,140.85000610351562,124.79582977294922,7075400
2021-07-28,140.6699981689453,140.6699981689453,138.7100067138672,138.75999450683594,122.94408416748047,8520000
2021-07-29,139.75999450683594,140.17999267578125,138.72999572753906,139.47999572753906,123.58200073242188,5430500
2021-07-30,142.0,144.5399932861328,141.5500030517578,142.22999572753906,126.01856231689453,14394300
2021-08-02,141.77000427246094,142.42999267578125,140.8000030517578,141.8800048828125,125.70844268798828,7009500
2021-08-03,141.86000061035156,144.2100067138672,141.52000427246094,143.9499969482422,127.54248809814453,8455700
2021-08-04,143.0399932861328,144.08999633789062,142.35000610351562,142.42999267578125,126.19575500488281,6628000
2021-08-05,143.35000610351562,143.5500030517578,141.47000122070312,142.5,126.25777435302734,5363300
2021-08-06,143.02999877929688,143.1199951171875,141.22000122070312,141.41000366210938,125.29204559326172,6030100
2021-08-09,141.9499969482422,142.58999633789062,141.6999969482422,142.17999267578125,125.97420501708984,4743800
2021-08-10,141.91000366210938,142.50999450683594,141.66000366210938,142.27000427246094,126.05398559570312,5253500
2021-08-11,142.74000549316406,143.24000549316406,142.47000122070312,142.6199951171875,126.36408233642578,4205000
2021-08-12,143.14999389648438,143.14999389648438,142.35000610351562,142.9499969482422,126.65645599365234,4956100
2021-08-13,142.9499969482422,143.99000549316406,142.69000244140625,143.63999938964844,127.26785278320312,4888800
2021-08-16,143.6699981689453,144.69000244140625,143.3800048828125,144.63999938964844,128.1538543701172,6040800
2021-08-17,144.39999389648438,145.60000610351562,143.88999938964844,144.8800048828125,128.36651611328125,7577000
2021-08-18,144.6999969482422,144.8800048828125,143.17999267578125,143.3000030517578,126.96660614013672,7162000
2021-08-19,143.16000366210938,145.27999877929688,143.16000366210938,144.99000549316406,128.46392822265625,5787200
2021-08-20,145.25,145.97999572753906,144.77999877929688,145.08999633789062,128.55255126953125,5273800
2021-08-23,144.2899932861328,145.33999633789062,144.22999572753906,144.35000610351562,127.89691925048828,4522200
2021-08-24,144.00999450683594,144.14999389648438,142.97999572753906,143.17999267578125,126.86028289794922,4560400
2021-08-25,143.07000732421875,143.1300048828125,142.25,142.6699981689453,126.40840911865234,3861500
2021-08-26,142.55999755859375,142.7100067138672,141.47000122070312,142.4199981689453,126.1868896484375,4749400
2021-08-27,142.47999572753906,142.77000427246094,141.63999938964844,142.30999755859375,126.08943176269531,4741200
2021-08-30,142.60000610351562,142.99000549316406,142.0500030517578,142.92999267578125,126.63876342773438,3845800
2021-08-31,143.0399932861328,143.52999877929688,142.0500030517578,142.38999938964844,126.16031646728516,9642400
2021-09-01,142.3300018310547,144.19000244140625,142.22999572753906,143.83999633789062,127.44503784179688,6214200
2021-09-02,143.97000122070312,144.72999572753906,143.5800018310547,143.9499969482422,127.54248809814453,5392500
2021-09-03,143.75999450683594,144.3699951171875,143.52000427246094,144.0500030517578,127.631103515625,5466400
2021-09-07,144.32000732421875,144.5,143.2899932861328,143.50999450683594,127.15265655517578,6520600
2021-09-08,143.0800018310547,144.94000244140625,143.00999450683594,144.60000610351562,128.11842346191406,6897800
2021-09-09,144.57000732421875,144.8800048828125,143.64999389648438,143.99000549316406,127.57796478271484,6354700
2021-09-10,144.05999755859375,144.4600067138672,143.32000732421875,144.1300048828125,127.70196533203125,5750000
2021-09-13,144.85000610351562,147.22999572753906,144.85000610351562,145.67999267578125,129.0753173828125,9952500
2021-09-14,146.1300048828125,146.36000061035156,144.9499969482422,145.42999267578125,128.8538055419922,5831800
2021-09-15,145.35000610351562,145.77000427246094,144.74000549316406,145.1199951171875,128.57913208007812,6237100
2021-09-16,144.83999633789062,145.19000244140625,142.82000732421875,144.11000061035156,127.68424224853516,6142100
2021-09-17,144.3699951171875,146.27999877929688,144.22999572753906,144.33999633789062,127.88805389404297,18737400
2021-09-20,144.22000122070312,144.85000610351562,141.97000122070312,142.88999938964844,126.60333251953125,10238700
2021-09-21,142.97999572753906,144.52999877929688,142.8800048828125,143.11000061035156,126.7982406616211,6651300
2021-09-22,143.82000732421875,144.35000610351562,142.86000061035156,143.60000610351562,127.232421875,6332500
2021-09-23,144.05999755859375,144.69000244140625,143.49000549316406,144.19000244140625,127.75516510009766,5171200
2021-09-24,143.8000030517578,144.4499969482422,143.08999633789062,143.5500030517578,127.18810272216797,5009400
2021-09-27,143.14999389648438,143.1699981689453,141.52000427246094,141.66000366210938,125.51351165771484,5749700
2021-09-28,141.0500030517578,141.3699951171875,139.55999755859375,140.58999633789062,124.56547546386719,7015300
2021-09-29,140.27000427246094,142.67999267578125,140.17999267578125,142.02000427246094,125.83246612548828,5460000
2021-09-30,142.63999938964844,142.74000549316406,139.52999877929688,139.8000030517578,123.86550903320312,6934900
2021-10-01,139.92999267578125,140.22999572753906,138.32000732421875,139.5800018310547,123.67060852050781,5587200
2021-10-04,139.38999938964844,140.39999389648438,137.60000610351562,138.7899932861328,122.97062683105469,5816000
2021-10-05,138.8000030517578,140.52000427246094,138.72000122070312,139.3300018310547,123.44910430908203,6902700
2021-10-06,138.99000549316406,141.25999450683594,138.6199951171875,141.19000244140625,125.09707641601562,5332900
2021-10-07,141.75,143.02999877929688,141.75,142.32000732421875,126.0982894897461,5334600
2021-10-08,142.2899932861328,142.6199951171875,141.0399932861328,141.72999572753906,125.57552337646484,6131800
2021-10-11,142.3699951171875,142.77000427246094,141.77000427246094,142.32000732421875,126.0982894897461,5995600
2021-10-12,142.60000610351562,143.0399932861328,141.6999969482422,142.11000061035156,125.9122314453125,6734800
2021-10-13,142.39999389648438,142.75999450683594,141.02999877929688,142.44000244140625,126.20462799072266,5689800
2021-10-14,142.8300018310547,144.30999755859375,142.80999755859375,144.0500030517578,127.631103515625,6777800
2021-10-15,144.52000427246094,144.8699951171875,143.67999267578125,144.4199981689453,127.9589614868164,6923700
2021-10-18,143.5500030517578,143.6999969482422,142.10000610351562,142.33999633789062,126.11600494384766,9119000
2021-10-19,139.0800018310547,140.82000732421875,138.8000030517578,140.66000366210938,124.62749481201172,9555300
2021-10-20,140.14999389648438,141.9600067138672,139.85000610351562,141.2100067138672,125.11483001708984,7352700
2021-10-21,140.86000061035156,141.16000366210938,139.17999267578125,139.3300018310547,124.21439361572266,6545500
2021-10-22,139.38999938964844,141.00999450683594,139.32000732421875,140.8300018310547,125.5516586303711,5265000
2021-10-25,140.41000366210938,140.9199981689453,139.0500030517578,140.85000610351562,125.5694808959961,5382100
2021-10-26,141.6199951171875,143.17999267578125,141.24000549316406,142.85000610351562,127.35252380371094,6234900
2021-10-27,143.13999938964844,143.67999267578125,141.69000244140625,141.8300018310547,126.44316864013672,9643500
2021-10-28,141.88999938964844,142.8800048828125,141.7100067138672,142.67999267578125,127.20095825195312,4538500
2021-10-29,142.16000366210938,143.47999572753906,142.02000427246094,142.99000549316406,127.47732543945312,6239500
2021-11-01,143.36000061035156,143.8000030517578,142.49000549316406,142.63999938964844,127.16526794433594,5038900
2021-11-02,142.72000122070312,144.5800018310547,142.27999877929688,144.05999755859375,128.43124389648438,9954300
2021-11-03,144.1300048828125,145.11000061035156,143.52000427246094,145.0500030517578,129.31382751464844,7620100
2021-11-04,142.83999633789062,145.38999938964844,142.33999633789062,145.32000732421875,129.5545654296875,6402500
2021-11-05,145.44000244140625,146.3699951171875,144.8000030517578,146.0399932861328,130.19642639160156,6062700
2021-11-08,145.5,146.10000610351562,144.02000427246094,144.9499969482422,129.2246856689453,5854400
2021-11-09,145.02999877929688,145.8300018310547,144.5800018310547,145.38999938964844,129.61695861816406,4873100
2021-11-10,145.74000549316406,147.30999755859375,145.58999633789062,146.82000732421875,130.89181518554688,7334900
2021-11-11,146.86000061035156,146.97000122070312,146.2100067138672,146.39999389648438,130.51736450195312,4096300
2021-11-12,146.74000549316406,147.0800018310547,145.97999572753906,146.55999755859375,130.66000366210938,5687400
2021-11-15,147.02999877929688,147.75,146.47000122070312,147.39999389648438,131.40890502929688,5510200
2021-11-16,147.38999938964844,148.58999633789062,147.00999450683594,147.19000244140625,131.2216796875,7603900
2021-11-17,146.97000122070312,147.77999877929688,146.4199981689453,147.10000610351562,131.14146423339844,4900200
2021-11-18,147.0399932861328,148.0800018310547,146.50999450683594,147.1199951171875,131.1592559814453,5509300
2021-11-19,147.9499969482422,148.22999572753906,146.7899932861328,146.82000732421875,130.89181518554688,6274300
2021-11-22,146.97000122070312,148.94000244140625,146.8300018310547,147.8000030517578,131.76547241210938,6625400
2021-11-23,147.8300018310547,149.5,147.6699981689453,149.44000244140625,133.22756958007812,7912800
2021-11-24,148.77000427246094,148.8800048828125,147.67999267578125,148.66000366210938,132.5321807861328,5665200
2021-11-26,148.5800018310547,149.72000122070312,147.30999755859375,147.47000122070312,131.4713134765625,6299800
2021-11-29,147.7899932861328,149.66000366210938,146.7899932861328,149.02000427246094,132.85311889648438,7113300
2021-11-30,147.80999755859375,148.5399932861328,144.1199951171875,144.5800018310547,128.89483642578125,11696400
2021-12-01,144.85000610351562,147.8699951171875,144.85000610351562,146.39999389648438,130.51736450195312,8313500
2021-12-02,147.00999450683594,148.4600067138672,146.94000244140625,147.25999450683594,131.28407287597656,9468800
2021-12-03,148.02000427246094,150.0,147.66000366210938,149.8800048828125,133.61985778808594,11200800
2021-12-06,150.19000244140625,152.38999938964844,150.19000244140625,152.14999389648438,135.6435546875,11935100
2021-12-07,151.9499969482422,152.5800018310547,151.27000427246094,151.75,135.28692626953125,7913400
2021-12-08,151.6699981689453,152.66000366210938,150.27999877929688,152.42999267578125,135.89317321777344,8329300
2021-12-09,152.30999755859375,154.19000244140625,151.60000610351562,153.32000732421875,136.6866455078125,8334300
2021-12-10,153.85000610351562,155.8000030517578,153.42999267578125,155.4600067138672,138.594482421875,7172300
2021-12-13,155.3000030517578,158.3300018310547,154.91000366210938,157.6699981689453,140.56472778320312,8944000
2021-12-14,157.89999389648438,158.6300048828125,156.66000366210938,158.25,141.08180236816406,8677500
2021-12-15,157.63999938964844,159.63999938964844,157.63999938964844,158.86000061035156,141.62559509277344,9152600
2021-12-16,158.72999572753906,161.32000732421875,158.4199981689453,161.11000061035156,143.63153076171875,10852900
2021-12-17,160.66000366210938,161.72000122070312,157.30999755859375,157.4600067138672,140.37753295898438,24349400
2021-12-20,156.60000610351562,158.4600067138672,156.57000732421875,157.86000061035156,140.73410034179688,9202600
2021-12-21,157.64999389648438,158.14999389648438,156.7899932861328,157.75999450683594,140.64495849609375,6946000
2021-12-22,157.77000427246094,159.5800018310547,157.27000427246094,159.32000732421875,142.0357208251953,6626300
2021-12-23,159.5,160.9199981689453,159.44000244140625,160.10000610351562,142.7310791015625,5640900
2021-12-27,160.6699981689453,161.99000549316406,160.61000061035156,161.97000122070312,144.39822387695312,4548600
2021-12-28,161.9600067138672,163.3800048828125,161.94000244140625,162.83999633789062,145.17384338378906,5929400
2021-12-29,163.2100067138672,164.97999572753906,163.0800018310547,164.19000244140625,146.37738037109375,5346100
2021-12-30,164.39999389648438,164.58999633789062,162.61000061035156,162.77000427246094,145.11141967773438,5911500
2021-12-31,162.86000061035156,163.72999572753906,162.4600067138672,163.5800018310547,145.83352661132812,5327000
2022-01-03,161.69000244140625,162.94000244140625,159.8800048828125,162.89999389648438,145.22732543945312,9317300
2022-01-04,162.2899932861328,164.38999938964844,162.17999267578125,163.47000122070312,145.73550415039062,9253800
2022-01-05,163.44000244140625,165.32000732421875,163.39999389648438,164.2100067138672,146.39524841308594,9330200
2022-01-06,164.33999633789062,165.1999969482422,162.61000061035156,162.8300018310547,145.1649627685547,7556000
2022-01-07,163.1300048828125,163.52999877929688,161.9499969482422,162.74000549316406,145.08468627929688,6098500
2022-01-10,162.50999450683594,163.1199951171875,160.1699981689453,160.52000427246094,143.10552978515625,8055000
2022-01-11,160.22000122070312,160.22000122070312,156.91000366210938,158.66000366210938,141.4473419189453,11957900
2022-01-12,158.25999450683594,159.36000061035156,157.8300018310547,159.00999450683594,141.75933837890625,7127500
2022-01-13,159.30999755859375,159.4499969482422,157.77999877929688,158.2899932861328,141.11744689941406,6551000
2022-01-14,158.07000732421875,160.49000549316406,157.55999755859375,159.80999755859375,142.4725799560547,10708000
2022-01-18,158.52999877929688,158.52999877929688,156.0399932861328,156.72999572753906,139.72669982910156,10988400
2022-01-19,157.61000061035156,164.19000244140625,156.97000122070312,162.0,144.42495727539062,14088300
2022-01-20,160.1199951171875,164.3300018310547,160.1199951171875,162.0,145.2047576904297,10799100
2022-01-21,163.0,165.35000610351562,162.10000610351562,162.6199951171875,145.7604522705078,10900400
2022-01-24,163.42999267578125,164.1199951171875,158.72000122070312,161.3000030517578,144.57733154296875,14838100
2022-01-25,160.4499969482422,161.3000030517578,157.88999938964844,159.5399932861328,142.9998016357422,9369600
2022-01-26,157.33999633789062,159.57000732421875,156.3800048828125,158.14999389648438,141.75392150878906,10707100
2022-01-27,158.72999572753906,161.35000610351562,158.5800018310547,159.1300048828125,142.63232421875,9083000
2022-01-28,158.61000061035156,160.9499969482422,157.32000732421875,160.5,143.86026000976562,9494200
2022-01-31,159.35000610351562,160.64999389648438,158.8699951171875,160.4499969482422,143.8154296875,8950100
2022-02-01,160.7899932861328,161.3000030517578,157.72999572753906,159.74000549316406,143.17910766601562,6284100
2022-02-02,160.13999938964844,162.83999633789062,159.47000122070312,162.60000610351562,145.74256896972656,7558800
2022-02-03,161.97999572753906,164.97999572753906,161.6199951171875,164.13999938964844,147.1229248046875,10474500
2022-02-04,163.1300048828125,164.49000549316406,161.41000366210938,161.52999877929688,144.7834930419922,8959900
2022-02-07,161.8699951171875,162.25999450683594,159.6699981689453,160.32000732421875,143.6989288330078,6430500
2022-02-08,161.1199951171875,161.27000427246094,159.64999389648438,159.9600067138672,143.37625122070312,5048700
2022-02-09,160.36000061035156,160.63999938964844,159.27000427246094,159.60000610351562,143.05360412597656,8077400
2022-02-10,159.08999633789062,159.5,156.64999389648438,157.1699981689453,140.87550354003906,7033000
2022-02-11,158.00999450683594,158.5800018310547,155.5800018310547,156.2899932861328,140.08673095703125,9341400
2022-02-14,156.13999938964844,157.05999755859375,153.36000061035156,156.74000549316406,140.49009704589844,9472200
2022-02-15,157.77000427246094,159.32000732421875,156.11000061035156,156.82000732421875,140.5618133544922,6659200
2022-02-16,156.8300018310547,158.77999877929688,156.27000427246094,158.00999450683594,141.62843322753906,9315700
2022-02-17,158.3800048828125,160.3800048828125,157.35000610351562,159.82000732421875,143.2507781982422,7925500
2022-02-18,159.5,161.05999755859375,158.82000732421875,159.89999389648438,143.32249450683594,8063200
2022-02-22,160.11000061035156,160.8800048828125,156.66000366210938,157.92999267578125,141.55673217773438,8179500
2022-02-23,158.3000030517578,158.60000610351562,155.60000610351562,155.9600067138672,139.79095458984375,6273000
2022-02-24,155.63999938964844,155.97999572753906,150.55999755859375,151.75999450683594,136.02639770507812,13145100
2022-02-25,152.3300018310547,158.94000244140625,152.25,158.24000549316406,141.83462524414062,8888800
2022-02-28,156.2899932861328,157.19000244140625,153.82000732421875,155.88999938964844,139.7282257080078,8669200
2022-03-01,154.30999755859375,155.39999389648438,152.33999633789062,153.30999755859375,137.4156951904297,8311900
2022-03-02,152.9600067138672,155.0800018310547,152.60000610351562,153.7899932861328,137.845947265625,6111300
2022-03-03,153.77000427246094,155.86000061035156,153.77000427246094,154.36000061035156,138.3568572998047,7451200
2022-03-04,153.1199951171875,155.35000610351562,152.5500030517578,155.13999938964844,139.0559844970703,8639100
2022-03-07,154.49000549316406,154.52000427246094,151.13999938964844,152.83999633789062,136.994384765625,8374500
2022-03-08,152.17999267578125,152.9499969482422,146.5800018310547,146.7899932861328,131.57168579101562,9517200
2022-03-09,148.8300018310547,150.47000122070312,147.80999755859375,148.77000427246094,133.34640502929688,7044100
2022-03-10,147.8000030517578,148.27999877929688,143.94000244140625,144.94000244140625,129.9134521484375,9221000
2022-03-11,145.39999389648438,146.16000366210938,143.02999877929688,143.22000122070312,128.37176513671875,7086100
2022-03-14,144.4499969482422,146.0399932861328,143.35000610351562,145.0500030517578,130.01205444335938,7964600
2022-03-15,147.00999450683594,150.5399932861328,146.88999938964844,150.27000427246094,134.6908721923828,9868400
2022-03-16,150.6300048828125,151.7899932861328,148.0399932861328,149.75999450683594,134.2337188720703,6908900
2022-03-17,149.99000549316406,150.47000122070312,148.5,150.22999572753906,134.655029296875,6003800
2022-03-18,150.8699951171875,150.8699951171875,148.24000549316406,150.14999389648438,134.58328247070312,15570300
2022-03-21,150.44000244140625,151.4199981689453,149.24000549316406,150.72000122070312,135.09422302246094,6937500
2022-03-22,153.42999267578125,153.60000610351562,150.52000427246094,151.8800048828125,136.13397216796875,7292100
2022-03-23,152.1999969482422,153.00999450683594,150.69000244140625,150.82000732421875,135.18385314941406,5531900
2022-03-24,150.88999938964844,151.55999755859375,150.16000366210938,151.0800018310547,135.4169158935547,4203100
2022-03-25,151.6300048828125,153.9199981689453,151.50999450683594,152.8300018310547,136.98544311523438,5047700
2022-03-28,153.63999938964844,153.89999389648438,152.6300048828125,153.8800048828125,137.92660522460938,4234000
2022-03-29,155.3699951171875,156.47000122070312,154.02000427246094,155.4600067138672,139.3428192138672,5643400
2022-03-30,152.5,154.42999267578125,151.94000244140625,154.38999938964844,138.3837432861328,5779300
2022-03-31,154.10000610351562,154.33999633789062,152.39999389648438,152.8000030517578,136.95858764648438,7538600
2022-04-01,153.52000427246094,155.4600067138672,152.05999755859375,155.08999633789062,139.0111541748047,5742600
2022-04-04,153.80999755859375,154.35000610351562,151.25999450683594,154.0800018310547,138.10586547851562,5992000
2022-04-05,153.61000061035156,157.3699951171875,153.5399932861328,154.6199951171875,138.58985900878906,7653000
2022-04-06,154.4199981689453,157.2899932861328,153.94000244140625,156.8300018310547,140.57073974609375,8884700
2022-04-07,157.8699951171875,159.38999938964844,156.97000122070312,158.86000061035156,142.39028930664062,6889700
2022-04-08,159.6999969482422,160.52999877929688,158.9199981689453,160.10000610351562,143.50173950195312,6045400
2022-04-11,159.9499969482422,161.2100067138672,158.6300048828125,159.49000549316406,142.9550018310547,6158400
2022-04-12,159.30999755859375,160.6300048828125,158.6999969482422,159.00999450683594,142.52474975585938,7221500
2022-04-13,159.0800018310547,160.41000366210938,158.7100067138672,159.4600067138672,142.9281005859375,5247700
2022-04-14,159.97999572753906,160.3000030517578,158.4499969482422,158.57000732421875,142.13038635253906,7806500
2022-04-18,158.47999572753906,158.97999572753906,156.52999877929688,157.05999755859375,140.7769012451172,6034500
2022-04-19,156.77000427246094,160.02999877929688,156.3000030517578,159.41000366210938,142.88330078125,7897000
2022-04-20,160.5,164.47999572753906,160.0,163.64999389648438,146.6837158203125,10196100
2022-04-21,163.82000732421875,164.89999389648438,162.42999267578125,162.61000061035156,146.56927490234375,9365700
2022-04-22,163.24000549316406,163.52000427246094,160.91000366210938,161.25,145.34341430664062,9394600
2022-04-25,161.6999969482422,163.2899932861328,159.8000030517578,162.5500030517578,146.51515197753906,6986800
2022-04-26,162.67999267578125,163.63999938964844,159.75,159.7899932861328,144.0274200439453,7769500
2022-04-27,160.2100067138672,161.4499969482422,159.11000061035156,159.36000061035156,143.6398468017578,6754900
2022-04-28,160.5399932861328,163.7100067138672,159.27000427246094,163.41000366210938,147.29034423828125,9306800
2022-04-29,162.47000122070312,162.9499969482422,160.1999969482422,160.5500030517578,144.71243286132812,10637000
2022-05-02,161.60000610351562,162.0,156.19000244140625,158.3800048828125,142.75650024414062,10351600
2022-05-03,158.22000122070312,158.99000549316406,155.00999450683594,156.2100067138672,140.8005828857422,10344000
2022-05-04,155.8300018310547,157.5500030517578,155.14999389648438,157.36000061035156,141.83712768554688,7771000
2022-05-05,156.3000030517578,157.2899932861328,153.13999938964844,154.4600067138672,139.2232208251953,8217100
2022-05-06,154.77000427246094,156.24000549316406,153.8699951171875,156.0,140.61129760742188,7304800
2022-05-09,153.9600067138672,156.75999450683594,152.75,155.61000061035156,140.259765625,8540800
2022-05-10,155.5500030517578,156.6199951171875,153.94000244140625,154.7899932861328,139.5206298828125,7447400
2022-05-11,154.02999877929688,155.89999389648438,152.35000610351562,152.61000061035156,137.55567932128906,7692200
2022-05-12,153.52000427246094,153.61000061035156,149.8800048828125,151.99000549316406,136.9968719482422,9600800
2022-05-13,152.5800018310547,153.72999572753906,150.4199981689453,153.6199951171875,138.46604919433594,5675500
2022-05-16,153.47000122070312,155.89999389648438,152.02999877929688,155.1199951171875,139.81809997558594,5971000
2022-05-17,155.1300048828125,156.75,153.07000732421875,154.67999267578125,139.42149353027344,6509100
2022-05-18,154.6699981689453,154.75999450683594,144.5399932861328,145.0399932861328,130.73245239257812,9670700
2022-05-19,143.41000366210938,143.4199981689453,140.60000610351562,141.6999969482422,127.7219009399414,9694100
2022-05-20,142.14999389648438,142.4499969482422,139.17999267578125,141.7899932861328,127.8030014038086,7786900
2022-05-23,142.83999633789062,145.6300048828125,142.0800018310547,145.0500030517578,130.741455078125,7134500
2022-05-24,144.88999938964844,147.94000244140625,144.82000732421875,147.6300048828125,133.06695556640625,7207400
2022-05-25,147.11000061035156,147.13999938964844,143.5,145.2100067138672,130.8856658935547,8217800
2022-05-26,146.47999572753906,147.3800048828125,145.0399932861328,146.47999572753906,132.03038024902344,5702600
2022-05-27,146.97000122070312,148.72000122070312,146.6300048828125,148.72000122070312,134.04937744140625,6028800
2022-05-31,147.2899932861328,148.99000549316406,146.16000366210938,147.8800048828125,133.29229736328125,12416700
2022-06-01,148.0,148.1199951171875,144.7100067138672,145.63999938964844,131.2732391357422,7036000
2022-06-02,145.97000122070312,147.25999450683594,142.6300048828125,147.2100067138672,132.6884002685547,6479800
2022-06-03,146.36000061035156,147.2100067138672,145.1199951171875,145.88999938964844,131.4985809326172,4720700
2022-06-06,147.3699951171875,147.63999938964844,144.58999633789062,145.32000732421875,130.98487854003906,4751100
2022-06-07,143.6699981689453,147.17999267578125,143.42999267578125,146.94000244140625,132.44503784179688,4918600
2022-06-08,146.3000030517578,146.42999267578125,144.99000549316406,145.11000061035156,130.7955322265625,4369600
2022-06-09,145.41000366210938,146.88999938964844,142.33999633789062,142.49000549316406,128.43399047851562,4625700
2022-06-10,140.88999938964844,143.14999389648438,139.4499969482422,141.9499969482422,127.94727325439453,6630800
2022-06-13,139.5,140.49000549316406,137.6300048828125,138.14999389648438,124.52208709716797,8549500
2022-06-14,137.50999450683594,137.5800018310547,132.5399932861328,133.83999633789062,120.63727569580078,9980200
2022-06-15,134.44000244140625,134.89999389648438,129.5,132.50999450683594,119.43846130371094,12178100
2022-06-16,131.02999877929688,135.07000732421875,130.60000610351562,133.32000732421875,120.1685791015625,9683300
2022-06-17,132.55999755859375,134.25999450683594,131.42999267578125,132.36000061035156,119.30325317382812,17113300
2022-06-21,134.6199951171875,137.0,133.42999267578125,136.3699951171875,122.91769409179688,9017000
2022-06-22,135.67999267578125,139.69000244140625,135.6699981689453,138.5,124.83759307861328,8374500
2022-06-23,139.0500030517578,142.47999572753906,138.89999389648438,142.3000030517578,128.26272583007812,6418300
2022-06-24,144.1999969482422,145.24000549316406,143.1199951171875,144.35000610351562,130.11050415039062,19440600
2022-06-27,144.1199951171875,144.75999450683594,142.7100067138672,143.25,129.11900329589844,5618500
2022-06-28,143.5399932861328,144.08999633789062,140.5800018310547,140.9199981689453,127.01886749267578,6077300
2022-06-29,141.60000610351562,142.86000061035156,141.14999389648438,142.1999969482422,128.17259216308594,5174600
2022-06-30,141.69000244140625,144.44000244140625,141.22999572753906,143.7899932861328,129.60572814941406,7410100
2022-07-01,144.24000549316406,146.25,143.39999389648438,146.11000061035156,131.69691467285156,5937200
2022-07-05,144.5800018310547,146.10000610351562,142.5399932861328,144.6999969482422,130.42599487304688,5760900
2022-07-06,145.50999450683594,147.49000549316406,144.97000122070312,146.0500030517578,131.6427764892578,5485200
2022-07-07,145.2899932861328,146.19000244140625,144.60000610351562,146.0,131.59776306152344,6623400
2022-07-08,145.99000549316406,146.80999755859375,144.57000732421875,145.02000427246094,130.71441650390625,4294200
2022-07-11,145.14999389648438,146.5800018310547,144.67999267578125,146.0399932861328,131.6337890625,5482900
2022-07-12,145.86000061035156,146.9199981689453,144.3699951171875,144.75,130.47103881835938,5204400
2022-07-13,144.41000366210938,146.9600067138672,144.2100067138672,145.6999969482422,131.3273468017578,5075600
2022-07-14,143.75999450683594,145.52999877929688,143.47000122070312,145.27000427246094,130.93975830078125,4867000
2022-07-15,145.33999633789062,145.6999969482422,144.10000610351562,145.07000732421875,130.75946044921875,6264600
2022-07-18,144.94000244140625,145.08999633789062,143.1699981689453,143.30999755859375,129.17312622070312,6047500
2022-07-19,144.57000732421875,145.00999450683594,143.63999938964844,144.0399932861328,129.83108520507812,5943600
2022-07-20,144.0,144.22000122070312,140.63999938964844,141.5500030517578,127.58671569824219,8635300
2022-07-21,140.60000610351562,141.36000061035156,138.9499969482422,140.77000427246094,127.7073974609375,8310200
2022-07-22,140.75999450683594,143.1699981689453,140.6699981689453,143.02000427246094,129.7485809326172,5292700
2022-07-25,142.8000030517578,144.4199981689453,142.52999877929688,143.99000549316406,130.6285858154297,5262100
2022-07-26,142.69000244140625,144.49000549316406,141.7100067138672,144.27000427246094,130.8826141357422,5375700
2022-07-27,143.8800048828125,146.2100067138672,143.52999877929688,145.63999938964844,132.12545776367188,5500000
2022-07-28,146.13999938964844,148.61000061035156,145.0800018310547,148.05999755859375,134.32089233398438,7115700
2022-07-29,141.42999267578125,142.5,138.22999572753906,138.91000366210938,126.01994323730469,18694700
2022-08-01,138.33999633789062,143.94000244140625,138.27000427246094,142.89999389648438,129.63970947265625,12590000
2022-08-02,143.11000061035156,143.72000122070312,141.77000427246094,141.9499969482422,128.7779083251953,7495000
2022-08-03,141.66000366210938,145.27000427246094,140.91000366210938,144.8800048828125,131.4359893798828,6811000
2022-08-04,144.85000610351562,146.4600067138672,144.00999450683594,144.64999389648438,131.22731018066406,6124700
2022-08-05,143.75,144.83999633789062,142.77000427246094,144.72000122070312,131.29080200195312,4580300
2022-08-08,145.02999877929688,146.47000122070312,144.72999572753906,145.27000427246094,131.789794921875,4486800
2022-08-09,145.57000732421875,145.94000244140625,144.49000549316406,144.92999267578125,131.4813232421875,3977300
2022-08-10,145.88999938964844,146.5,145.38999938964844,146.3000030517578,132.7242431640625,4641300
2022-08-11,146.80999755859375,147.2899932861328,144.92999267578125,145.25999450683594,131.7807159423828,5954300
2022-08-12,145.91000366210938,146.72999572753906,144.9600067138672,146.6699981689453,133.05990600585938,5038700
2022-08-15,146.8699951171875,148.77000427246094,146.75,148.55999755859375,134.77450561523438,6008000
2022-08-16,148.36000061035156,150.60000610351562,148.36000061035156,149.92999267578125,136.01736450195312,7093000
2022-08-17,149.10000610351562,149.75,148.8800048828125,149.24000549316406,135.3914031982422,4834600
2022-08-18,148.8699951171875,149.99000549316406,148.52000427246094,149.77000427246094,135.8722381591797,3829000
2022-08-19,149.2100067138672,150.6300048828125,148.72000122070312,149.72999572753906,135.83595275878906,6502500
2022-08-22,148.97999572753906,150.1300048828125,148.83999633789062,149.3300018310547,135.4730682373047,6380700
2022-08-23,148.42999267578125,148.44000244140625,145.8300018310547,146.4499969482422,132.86032104492188,5268200
2022-08-24,146.61000061035156,147.25999450683594,145.1199951171875,145.82000732421875,132.28878784179688,5903200
2022-08-25,145.22999572753906,145.77999877929688,144.49000549316406,145.6999969482422,132.17990112304688,5097600
2022-08-26,146.0,146.52999877929688,142.02000427246094,142.2899932861328,129.08628845214844,6086600
2022-08-29,141.3000030517578,142.69000244140625,141.02000427246094,141.69000244140625,128.54200744628906,5272100
2022-08-30,142.41000366210938,142.41000366210938,139.91000366210938,140.17999267578125,127.172119140625,5203700
2022-08-31,140.39999389648438,140.8800048828125,137.86000061035156,137.94000244140625,125.13996124267578,8406900
2022-09-01,137.8300018310547,139.75999450683594,136.75999450683594,139.63999938964844,126.68224334716797,7446500
2022-09-02,140.4199981689453,141.14999389648438,136.5500030517578,137.16000366210938,124.43238830566406,7077800
2022-09-06,135.8800048828125,137.94000244140625,135.2899932861328,135.6300048828125,123.04434967041016,8217200
2022-09-07,136.02999877929688,137.75999450683594,136.02000427246094,137.67999267578125,124.90410614013672,6609400
2022-09-08,137.00999450683594,138.49000549316406,136.05999755859375,137.86000061035156,125.06742858886719,7380500
2022-09-09,137.9499969482422,141.08999633789062,137.3000030517578,139.9600067138672,126.97254180908203,6434300
2022-09-12,139.41000366210938,141.8000030517578,139.11000061035156,141.10000610351562,128.0067138671875,5818700
2022-09-13,140.77999877929688,141.42999267578125,137.86000061035156,138.17999267578125,125.35771179199219,6350200
2022-09-14,138.66000366210938,139.66000366210938,137.6699981689453,138.50999450683594,125.6570816040039,6137800
2022-09-15,138.77999877929688,138.88999938964844,136.63999938964844,137.44000244140625,124.68636322021484,5320700
2022-09-16,137.44000244140625,139.05999755859375,137.11000061035156,138.27999877929688,125.44842529296875,9321500
2022-09-19,138.1999969482422,138.4600067138672,137.22999572753906,137.99000549316406,125.1853256225586,6056000
2022-09-20,137.41000366210938,137.97000122070312,136.52999877929688,137.5,124.74079895019531,5589800
2022-09-21,138.0800018310547,138.1999969482422,135.7100067138672,135.72999572753906,123.13504791259766,6413900
2022-09-22,135.74000549316406,137.07000732421875,135.24000549316406,136.2100067138672,123.57051086425781,5061600
2022-09-23,135.67999267578125,136.5,133.9499969482422,135.5800018310547,122.99898529052734,6523600
2022-09-26,135.5800018310547,136.82000732421875,134.99000549316406,135.7100067138672,123.11692810058594,7396400
2022-09-27,135.9600067138672,136.94000244140625,131.7100067138672,131.97999572753906,119.73302459716797,7722200
2022-09-28,133.02000427246094,133.02000427246094,131.19000244140625,131.97999572753906,119.73302459716797,10455100
2022-09-29,131.8699951171875,131.8699951171875,128.25999450683594,128.6999969482422,116.75738525390625,7128500
2022-09-30,129.0,129.0399932861328,126.20999908447266,126.25,114.53474426269531,9431900
2022-10-03,127.25,129.10000610351562,126.68000030517578,128.50999450683594,116.58502197265625,8477700
2022-10-04,129.10000610351562,130.8699951171875,128.6999969482422,130.10000610351562,118.02750396728516,7211600
2022-10-05,129.1999969482422,130.08999633789062,128.08999633789062,129.1999969482422,117.21099853515625,5071100
2022-10-06,128.88999938964844,129.05999755859375,126.3499984741211,126.4800033569336,114.743408203125,5530800
2022-10-07,126.5,126.58000183105469,123.76000213623047,124.2699966430664,112.73846435546875,6095400
2022-10-10,123.37000274658203,124.25,122.18000030517578,123.76000213623047,112.27580261230469,6923300
2022-10-11,123.69000244140625,125.69999694824219,123.5999984741211,124.2300033569336,112.70219421386719,5516200
2022-10-12,124.83999633789062,125.80999755859375,124.41000366210938,124.43000030517578,112.88362884521484,6823500
2022-10-13,123.51000213623047,126.75,122.91999816894531,126.30999755859375,114.58917236328125,6910500
2022-10-14,126.75,127.0199966430664,124.7699966430664,125.08000183105469,113.47331237792969,5516800
2022-10-17,126.01000213623047,128.27999877929688,125.86000061035156,127.33999633789062,115.52359008789062,6664600
2022-10-18,129.3300018310547,130.07000732421875,127.66000366210938,128.3699951171875,116.45800018310547,7114200
2022-10-19,131.63999938964844,133.0,129.50999450683594,129.55999755859375,117.53759002685547,9993700
2022-10-20,128.6199951171875,129.77000427246094,126.68000030517578,126.98999786376953,116.02368927001953,8168000
2022-10-21,126.54000091552734,128.9499969482422,126.4800033569336,128.5800018310547,117.47639465332031,6394600
2022-10-24,129.49000549316406,130.44000244140625,128.35000610351562,129.3699951171875,118.1981430053711,6946000
2022-10-25,129.60000610351562,131.17999267578125,128.47000122070312,130.86000061035156,119.55949401855469,6776000
2022-10-26,130.64999389648438,132.57000732421875,130.39999389648438,131.77999877929688,120.4000473022461,6612800
2022-10-27,132.0,133.1199951171875,131.5,131.8800048828125,120.49141693115234,6676700
2022-10-28,133.1699981689453,135.50999450683594,132.9199981689453,135.22000122070312,123.54297637939453,6996400
2022-10-31,135.1999969482422,135.6699981689453,134.25999450683594,134.6699981689453,123.04046630859375,8346300
2022-11-01,134.6999969482422,136.27999877929688,133.83999633789062,134.8800048828125,123.23235321044922,6428300
2022-11-02,134.72000122070312,136.5399932861328,132.80999755859375,132.94000244140625,121.4598617553711,7318100
2022-11-03,131.72999572753906,132.63999938964844,130.9600067138672,132.02999877929688,120.62845611572266,5204000
2022-11-04,133.32000732421875,135.0,132.52000427246094,134.44000244140625,122.83033752441406,5555400
2022-11-07,135.35000610351562,137.19000244140625,135.05999755859375,136.5,124.7124252319336,6746800
2022-11-08,136.82000732421875,137.52000427246094,135.8000030517578,136.80999755859375,124.99571228027344,5266200
2022-11-09,136.8699951171875,137.97000122070312,136.33999633789062,136.47999572753906,124.69416046142578,5690700
2022-11-10,139.4600067138672,141.6300048828125,138.1999969482422,141.17999267578125,128.98829650878906,8068700
2022-11-11,141.1999969482422,141.6300048828125,139.11000061035156,140.97000122070312,128.79641723632812,7175200
2022-11-14,140.50999450683594,143.55999755859375,140.25999450683594,140.97999572753906,128.80557250976562,8516200
2022-11-15,142.08999633789062,143.1999969482422,139.6999969482422,140.49000549316406,128.35789489746094,7732400
2022-11-16,141.5,142.91000366210938,140.97999572753906,141.74000549316406,129.4999542236328,6193700
2022-11-17,141.11000061035156,141.69000244140625,139.86000061035156,140.8699951171875,128.70504760742188,5186300
2022-11-18,141.9199981689453,142.75999450683594,141.27000427246094,142.57000732421875,130.25827026367188,5671400
2022-11-21,143.05999755859375,145.19000244140625,142.8300018310547,144.3800048828125,131.9119415283203,6377200
2022-11-22,145.42999267578125,145.7899932861328,144.83999633789062,145.6199951171875,133.04489135742188,5372900
2022-11-23,145.89999389648438,146.6300048828125,145.57000732421875,146.4499969482422,133.80319213867188,4296000
2022-11-25,146.7899932861328,147.1999969482422,146.39999389648438,146.72000122070312,134.0498809814453,2411100
2022-11-28,146.38999938964844,147.33999633789062,146.13999938964844,146.60000610351562,133.9402618408203,6628200
2022-11-29,145.75,146.05999755859375,144.52999877929688,145.47999572753906,132.91696166992188,5634200
2022-11-30,145.64999389648438,149.16000366210938,145.1300048828125,149.16000366210938,136.27919006347656,12396800
2022-12-01,149.52999877929688,150.36000061035156,148.57000732421875,149.25,136.36141967773438,6927400
2022-12-02,148.47000122070312,150.77000427246094,148.0800018310547,150.61000061035156,137.60397338867188,4938300
2022-12-05,148.7100067138672,149.6699981689453,148.27000427246094,149.08999633789062,136.21524047851562,5402500
2022-12-06,149.72000122070312,150.0800018310547,148.27999877929688,149.27999877929688,136.38882446289062,6866700
2022-12-07,149.00999450683594,150.42999267578125,149.00999450683594,150.24000549316406,137.26593017578125,6175500
2022-12-08,149.4600067138672,151.3800048828125,149.00999450683594,151.32000732421875,138.2526397705078,5187100
2022-12-09,150.6999969482422,151.9499969482422,150.22000122070312,150.9199981689453,137.88719177246094,5868200
2022-12-12,151.22000122070312,152.55999755859375,151.0399932861328,152.47000122070312,139.30335998535156,6142400
2022-12-13,153.41000366210938,154.22999572753906,150.7899932861328,152.24000549316406,139.0932159423828,7680600
2022-12-14,152.7899932861328,154.44000244140625,152.1699981689453,152.83999633789062,139.64137268066406,7385600
2022-12-15,151.72000122070312,152.0,149.74000549316406,151.11000061035156,138.06080627441406,7117200
2022-12-16,150.36000061035156,151.07000732421875,149.02000427246094,150.44000244140625,137.44863891601562,19966400
2022-12-19,150.22000122070312,151.3800048828125,149.24000549316406,150.39999389648438,137.41207885742188,5881800
2022-12-20,149.32000732421875,150.89999389648438,149.27000427246094,150.4600067138672,137.46693420410156,5646100
2022-12-21,150.75,152.6300048828125,150.72000122070312,151.83999633789062,138.7277374267578,5024700
2022-12-22,151.1300048828125,152.41000366210938,150.8800048828125,152.19000244140625,139.0475311279297,5904900
2022-12-23,152.30999755859375,152.9199981689453,151.6699981689453,152.6199951171875,139.44041442871094,3401800
2022-12-27,152.6999969482422,154.32000732421875,152.66000366210938,153.9499969482422,140.65554809570312,4215100
2022-12-28,154.27999877929688,154.64999389648438,151.89999389648438,151.9600067138672,138.83740234375,4197500
2022-12-29,152.80999755859375,153.24000549316406,152.13999938964844,152.58999633789062,139.4130096435547,3809100
2022-12-30,152.42999267578125,152.67999267578125,150.44000244140625,151.55999755859375,138.471923828125,4532000
2023-01-03,150.9499969482422,151.7100067138672,149.1199951171875,151.57000732421875,138.4810791015625,6447300
2023-01-04,151.99000549316406,153.38999938964844,151.22999572753906,152.22999572753906,139.0840606689453,7313400
2023-01-05,152.2100067138672,152.47999572753906,150.1300048828125,150.33999633789062,137.35728454589844,5373800
2023-01-06,151.85000610351562,154.4600067138672,151.75,153.9199981689453,140.62811279296875,7882200
2023-01-09,153.44000244140625,154.8000030517578,152.0,152.0399932861328,138.91046142578125,5727000
2023-01-10,152.10000610351562,152.6999969482422,150.94000244140625,151.88999938964844,138.7734375,4716400
2023-01-11,152.32000732421875,152.55999755859375,149.35000610351562,150.66000366210938,137.64964294433594,8691300
2023-01-12,151.6999969482422,151.72999572753906,149.52000427246094,149.80999755859375,136.87303161621094,7801600
2023-01-13,149.61000061035156,151.0500030517578,149.4199981689453,150.8800048828125,137.85061645507812,5535800
2023-01-17,150.7899932861328,152.1300048828125,150.39999389648438,150.44000244140625,137.44863891601562,9611800
2023-01-18,149.66000366210938,149.92999267578125,146.0399932861328,146.41000366210938,133.76666259765625,10461200
2023-01-19,143.30999755859375,146.22000122070312,142.24000549316406,142.4199981689453,130.93772888183594,12683700
2023-01-20,142.32000732421875,143.14999389648438,140.14999389648438,142.97000122070312,131.44337463378906,8603300
2023-01-23,143.36000061035156,143.6999969482422,140.69000244140625,141.0500030517578,129.67820739746094,7473100
2023-01-24,140.69000244140625,142.3800048828125,139.80999755859375,141.82000732421875,130.38612365722656,6822500
2023-01-25,140.38999938964844,141.75,138.72999572753906,141.72000122070312,130.29417419433594,6902600
2023-01-26,141.72999572753906,141.74000549316406,140.74000549316406,141.14999389648438,129.7701416015625,5398600
2023-01-27,141.07000732421875,141.36000061035156,139.2899932861328,140.57000732421875,129.2368927001953,6870800
2023-01-30,140.9600067138672,142.1199951171875,140.27999877929688,141.00999450683594,129.64138793945312,6369300
2023-01-31,141.22999572753906,142.47000122070312,140.75999450683594,142.3800048828125,130.90097045898438,9373400
2023-02-01,142.0800018310547,144.10000610351562,141.35000610351562,143.19000244140625,131.64564514160156,7207900
2023-02-02,142.1699981689453,142.7100067138672,141.2100067138672,142.1699981689453,130.70787048339844,6444300
2023-02-03,142.77999877929688,143.3800048828125,141.1699981689453,142.61000061035156,131.11241149902344,5993100
2023-02-06,142.00999450683594,142.63999938964844,141.00999450683594,141.39999389648438,129.99996948242188,6108100
2023-02-07,139.97000122070312,140.7899932861328,138.77999877929688,140.02000427246094,128.73121643066406,6278300
2023-02-08,139.05999755859375,139.5399932861328,138.41000366210938,138.57000732421875,127.39815521240234,7123800
2023-02-09,138.8800048828125,139.3300018310547,137.0,137.0500030517578,126.00067901611328,6547400
2023-02-10,136.9499969482422,138.3000030517578,135.8300018310547,138.25999450683594,127.11312103271484,8108900
2023-02-13,138.94000244140625,140.4499969482422,138.74000549316406,140.07000732421875,128.77720642089844,5081600
2023-02-14,140.13999938964844,140.24000549316406,138.6199951171875,139.27999877929688,128.05087280273438,5253500
2023-02-15,139.11000061035156,139.32000732421875,138.07000732421875,138.9600067138672,127.75669860839844,5530300
2023-02-16,137.38999938964844,138.1999969482422,136.5500030517578,137.13999938964844,126.08341979980469,7595700
2023-02-17,136.58999633789062,140.0399932861328,136.58999633789062,140.00999450683594,128.72201538085938,8034700
2023-02-21,138.8699951171875,140.88999938964844,138.8699951171875,139.91000366210938,128.6300811767578,6899500
2023-02-22,139.97999572753906,141.5800018310547,139.8800048828125,140.5,129.1725311279297,6126300
2023-02-23,140.22999572753906,141.13999938964844,139.10000610351562,140.0500030517578,128.75881958007812,5835400
2023-02-24,138.92999267578125,139.42999267578125,138.0800018310547,139.25999450683594,128.03248596191406,5260700
2023-02-27,139.61000061035156,140.47000122070312,138.52999877929688,139.13999938964844,127.92219543457031,5820900
2023-02-28,138.4499969482422,138.58999633789062,137.27999877929688,137.55999755859375,126.46956634521484,6709900
2023-03-01,138.0500030517578,138.3300018310547,136.50999450683594,137.66000366210938,126.56148529052734,7101800
2023-03-02,138.0,140.42999267578125,137.77999877929688,139.92999267578125,128.6484832763672,5924600
2023-03-03,141.19000244140625,141.24000549316406,139.97000122070312,140.9499969482422,129.58624267578125,5259400
2023-03-06,140.72999572753906,141.13999938964844,139.94000244140625,140.35000610351562,129.0346221923828,4943100
2023-03-07,140.42999267578125,140.6199951171875,137.33999633789062,137.55999755859375,126.46956634521484,5606800
2023-03-08,137.1999969482422,137.69000244140625,136.60000610351562,137.5800018310547,126.48797607421875,5518800
2023-03-09,138.14999389648438,138.55999755859375,136.10000610351562,136.57000732421875,125.55941772460938,4467200
2023-03-10,136.9499969482422,137.99000549316406,136.35000610351562,137.19000244140625,126.12938690185547,5928000
2023-03-13,137.0399932861328,141.32000732421875,137.0399932861328,138.13999938964844,127.00276947021484,8337100
2023-03-14,138.2899932861328,140.11000061035156,137.39999389648438,139.85000610351562,128.57496643066406,9219700
2023-03-15,138.80999755859375,142.14999389648438,138.80999755859375,141.8300018310547,130.39529418945312,8823500
2023-03-16,141.94000244140625,143.1199951171875,141.61000061035156,142.88999938964844,131.36984252929688,7063400
2023-03-17,142.5,143.38999938964844,141.52999877929688,142.92999267578125,131.4066162109375,16018800
2023-03-20,143.5,145.39999389648438,143.22999572753906,145.1300048828125,133.42922973632812,8379200
2023-03-21,144.91000366210938,145.22999572753906,142.83999633789062,144.0800018310547,132.46388244628906,7753200
2023-03-22,144.0399932861328,145.75,143.8300018310547,143.99000549316406,132.3811492919922,5729100
2023-03-23,144.24000549316406,145.1199951171875,143.19000244140625,143.7899932861328,132.19729614257812,5788400
2023-03-24,144.3000030517578,146.75999450683594,144.3000030517578,146.72000122070312,134.89105224609375,6144800
2023-03-27,146.88999938964844,147.4199981689453,145.8699951171875,145.9499969482422,134.18313598632812,5917200
2023-03-28,146.5500030517578,146.82000732421875,145.8000030517578,146.36000061035156,134.5601043701172,4213800
2023-03-29,147.0800018310547,147.2899932861328,146.25999450683594,146.80999755859375,134.97381591796875,4987700
2023-03-30,146.9199981689453,147.5399932861328,146.3000030517578,147.4499969482422,135.5621795654297,4117700
2023-03-31,147.74000549316406,148.69000244140625,147.57000732421875,148.69000244140625,136.70223999023438,7685900
2023-04-03,148.42999267578125,150.07000732421875,147.08999633789062,149.50999450683594,137.45608520507812,5721700
2023-04-04,150.0800018310547,151.7100067138672,150.0800018310547,150.22999572753906,138.11807250976562,6714300
2023-04-05,151.3300018310547,152.35000610351562,151.14999389648438,151.25999450683594,139.06503295898438,6094800
2023-04-06,151.8699951171875,152.9600067138672,151.4199981689453,152.22000122070312,139.9476318359375,5399700
2023-04-10,151.64999389648438,151.6699981689453,149.50999450683594,150.9600067138672,138.78919982910156,4891800
2023-04-11,151.25999450683594,151.44000244140625,150.52000427246094,150.66000366210938,138.51339721679688,6311800
2023-04-12,150.30999755859375,152.41000366210938,149.92999267578125,151.07000732421875,138.89036560058594,6137900
2023-04-13,150.89999389648438,151.8699951171875,149.82000732421875,151.77000427246094,139.533935546875,5489500
2023-04-14,151.35000610351562,151.58999633789062,150.50999450683594,151.0,138.8260040283203,4478800
2023-04-17,151.1699981689453,151.47000122070312,150.33999633789062,151.0500030517578,138.87193298339844,4296400
2023-04-18,150.97999572753906,151.58999633789062,150.10000610351562,151.2100067138672,139.01907348632812,4158400
2023-04-19,151.1699981689453,151.89999389648438,150.7100067138672,151.24000549316406,139.04664611816406,3837600
2023-04-20,150.3699951171875,151.36000061035156,150.3699951171875,150.85000610351562,139.55641174316406,5370900
2023-04-21,154.94000244140625,158.11000061035156,154.5,156.07000732421875,144.38558959960938,14876900
2023-04-24,155.22000122070312,157.25,155.22000122070312,156.35000610351562,144.64462280273438,8109800
2023-04-25,156.50999450683594,157.94000244140625,155.7899932861328,156.38999938964844,144.68162536621094,8341800
2023-04-26,155.3000030517578,156.0,154.33999633789062,154.5800018310547,143.0071258544922,4843700
2023-04-27,155.3000030517578,156.61000061035156,155.00999450683594,156.47000122070312,144.75563049316406,4805600
2023-04-28,156.27999877929688,157.3699951171875,155.75999450683594,156.3800048828125,144.67236328125,5754700
2023-05-01,156.02999877929688,157.39999389648438,155.8000030517578,156.57000732421875,144.84814453125,3844600
2023-05-02,156.58999633789062,156.92999267578125,155.6699981689453,156.42999267578125,144.7186279296875,5262900
2023-05-03,156.63999938964844,157.57000732421875,155.42999267578125,156.22999572753906,144.53358459472656,5775000
2023-05-04,156.10000610351562,156.60000610351562,155.08999633789062,155.50999450683594,143.8675079345703,4892600
2023-05-05,155.39999389648438,156.30999755859375,154.69000244140625,156.02999877929688,144.3485870361328,3989200
2023-05-08,155.35000610351562,155.72999572753906,154.8699951171875,155.3000030517578,143.67324829101562,4950700
2023-05-09,155.85000610351562,155.97999572753906,153.5800018310547,153.7100067138672,142.20225524902344,4472100
2023-05-10,153.4499969482422,154.32000732421875,152.44000244140625,154.02999877929688,142.49830627441406,4754900
2023-05-11,154.80999755859375,154.88999938964844,153.38999938964844,154.38999938964844,142.8313446044922,3495300
2023-05-12,154.6999969482422,156.0500030517578,154.38999938964844,155.9600067138672,144.28382873535156,5252900
2023-05-15,156.61000061035156,156.75,154.63999938964844,156.00999450683594,144.33006286621094,5414900
2023-05-16,155.8699951171875,156.9199981689453,154.92999267578125,155.74000549316406,144.08030700683594,5591500
2023-05-17,156.25999450683594,156.55999755859375,153.89999389648438,155.0800018310547,143.4697265625,4286900
2023-05-18,153.30999755859375,153.64999389648438,151.60000610351562,152.52999877929688,141.11062622070312,6997600
2023-05-19,152.47000122070312,153.32000732421875,151.83999633789062,153.1699981689453,141.70266723632812,4754100
2023-05-22,152.5,152.60000610351562,148.8300018310547,149.16000366210938,137.992919921875,7876200
2023-05-23,148.7899932861328,148.8800048828125,147.07000732421875,147.5500030517578,136.5034637451172,6116000
2023-05-24,147.58999633789062,148.1999969482422,146.08999633789062,146.3300018310547,135.3748016357422,5755400
2023-05-25,145.49000549316406,146.2100067138672,144.35000610351562,145.38999938964844,134.50515747070312,6510300
2023-05-26,145.3300018310547,146.00999450683594,144.72999572753906,145.39999389648438,134.51438903808594,4716400
2023-05-30,143.86000061035156,144.0399932861328,142.35000610351562,143.17999267578125,132.4606170654297,5561000
2023-05-31,143.16000366210938,143.97999572753906,141.89999389648438,142.5,131.83152770996094,19854800
2023-06-01,143.25,144.1199951171875,142.4499969482422,143.9600067138672,133.18222045898438,6091100
2023-06-02,144.50999450683594,146.67999267578125,144.38999938964844,146.52000427246094,135.5505828857422,6124400
2023-06-05,146.0500030517578,147.85000610351562,145.72999572753906,145.94000244140625,135.0139923095703,4753700
2023-06-06,146.07000732421875,146.30999755859375,143.5500030517578,144.49000549316406,133.67257690429688,4635900
2023-06-07,144.00999450683594,145.1199951171875,143.47000122070312,144.8000030517578,133.9593505859375,6194400
2023-06-08,145.33999633789062,146.64999389648438,144.9199981689453,146.44000244140625,135.4765167236328,4863700
2023-06-09,145.67999267578125,146.77999877929688,144.72999572753906,146.55999755859375,135.5875701904297,5569500
2023-06-12,147.0,147.00999450683594,144.5500030517578,145.41000366210938,134.52365112304688,5354000
2023-06-13,144.50999450683594,145.67999267578125,144.27999877929688,145.05999755859375,134.1998748779297,5321200
2023-06-14,145.30999755859375,146.88999938964844,144.8300018310547,146.4199981689453,135.45803833007812,5693300
2023-06-15,147.1699981689453,148.97000122070312,146.5399932861328,148.4499969482422,137.3360595703125,5863000
2023-06-16,148.9199981689453,150.08999633789062,148.89999389648438,149.5399932861328,138.34445190429688,11244900
2023-06-20,149.75,150.27999877929688,148.11000061035156,148.16000366210938,137.06777954101562,5340700
2023-06-21,148.25999450683594,149.60000610351562,147.8699951171875,149.44000244140625,138.251953125,4649700
2023-06-22,150.35000610351562,151.10000610351562,149.47999572753906,149.9499969482422,138.72377014160156,6666800
2023-06-23,150.25,150.52999877929688,147.9600067138672,148.4600067138672,137.34530639648438,13843300
2023-06-26,148.10000610351562,148.97000122070312,146.72000122070312,148.61000061035156,137.48406982421875,4353100
2023-06-27,148.44000244140625,150.1699981689453,148.38999938964844,150.02000427246094,138.78855895996094,5445400
2023-06-28,149.3300018310547,150.3000030517578,147.9600067138672,149.99000549316406,138.76077270507812,6733300
2023-06-29,148.47999572753906,149.6999969482422,147.10000610351562,149.3800048828125,138.19644165039062,7343000
2023-06-30,149.8300018310547,152.07000732421875,149.7899932861328,151.74000549316406,140.37977600097656,7058300
2023-07-03,151.47999572753906,152.52999877929688,150.47000122070312,152.5,141.08285522460938,3996100
2023-07-05,151.6300048828125,152.4600067138672,151.44000244140625,152.24000549316406,140.84230041503906,8279800
2023-07-06,151.1999969482422,152.19000244140625,150.75999450683594,151.99000549316406,140.6110382080078,7958300
2023-07-07,151.7100067138672,151.9199981689453,148.75,148.8000030517578,137.65985107421875,9169500
2023-07-10,148.94000244140625,150.32000732421875,148.74000549316406,148.86000061035156,137.71536254882812,5529200
2023-07-11,148.72999572753906,149.0500030517578,146.9600067138672,148.0800018310547,136.99375915527344,5150300
2023-07-12,148.02999877929688,149.39999389648438,147.63999938964844,148.85000610351562,137.70614624023438,6764600
2023-07-13,149.0,149.52000427246094,148.1999969482422,148.9499969482422,137.7986297607422,5561400
2023-07-14,149.27000427246094,150.6300048828125,148.72999572753906,150.0500030517578,138.8162841796875,6128900
2023-07-17,149.64999389648438,150.16000366210938,148.97000122070312,148.99000549316406,137.8356475830078,4625300
2023-07-18,148.63999938964844,150.47999572753906,148.3800048828125,149.27000427246094,138.09469604492188,5351200
2023-07-19,149.5500030517578,150.82000732421875,148.86000061035156,150.2899932861328,139.038330078125,6203600
2023-07-20,149.5500030517578,150.75,148.13999938964844,150.55999755859375,140.16571044921875,6445400
2023-07-21,151.14999389648438,153.6699981689453,150.6999969482422,152.92999267578125,142.37210083007812,9938400
2023-07-24,152.83999633789062,153.9499969482422,152.3000030517578,153.4199981689453,142.82826232910156,5549500
2023-07-25,153.47999572753906,153.86000061035156,152.4499969482422,153.77999877929688,143.16342163085938,5883800
2023-07-26,153.1199951171875,154.83999633789062,152.88999938964844,153.94000244140625,143.3123321533203,7013800
2023-07-27,154.16000366210938,154.60000610351562,151.9199981689453,152.11000061035156,141.60870361328125,7191600
2023-07-28,154.66000366210938,157.47999572753906,154.60000610351562,156.41000366210938,145.61183166503906,9397300
2023-07-31,156.39999389648438,157.67999267578125,155.05999755859375,156.3000030517578,145.5093994140625,7955200
2023-08-01,155.8800048828125,157.1699981689453,155.8699951171875,156.25,145.462890625,5718800
2023-08-02,155.97000122070312,157.72999572753906,155.97000122070312,156.58999633789062,145.77940368652344,5636000
2023-08-03,156.75999450683594,157.6999969482422,156.2100067138672,157.0,146.16111755371094,5792700
2023-08-04,157.42999267578125,157.72999572753906,155.14999389648438,155.27999877929688,144.55987548828125,4785900
2023-08-07,155.6699981689453,157.14999389648438,155.49000549316406,156.9199981689453,146.08663940429688,4107400
2023-08-08,157.27999877929688,157.6300048828125,156.52999877929688,157.08999633789062,146.24490356445312,4625500
2023-08-09,157.30999755859375,158.08999633789062,156.77000427246094,156.88999938964844,146.05870056152344,4293200
2023-08-10,157.1699981689453,158.3800048828125,155.8000030517578,156.11000061035156,145.33253479003906,4307800
2023-08-11,156.42999267578125,157.4600067138672,155.7899932861328,157.02000427246094,146.1797332763672,3862300
2023-08-14,157.1300048828125,157.52999877929688,155.5,155.7899932861328,145.0346221923828,4297600
2023-08-15,155.7899932861328,155.97000122070312,154.4600067138672,154.7899932861328,144.1036834716797,6921100
2023-08-16,154.75999450683594,155.72999572753906,152.8699951171875,153.2100067138672,142.63278198242188,6356800
2023-08-17,153.2100067138672,153.55999755859375,151.7899932861328,152.11000061035156,141.60870361328125,6419500
2023-08-18,151.6199951171875,152.88999938964844,151.1699981689453,152.5399932861328,142.00900268554688,5448200
2023-08-21,152.08999633789062,152.77999877929688,151.25999450683594,151.77000427246094,141.2921600341797,4504700
2023-08-22,151.4199981689453,152.14999389648438,150.92999267578125,151.8300018310547,141.34803771972656,4195600
2023-08-23,152.47000122070312,153.47999572753906,152.47000122070312,153.25,142.66998291015625,4522500
2023-08-24,152.5500030517578,154.67999267578125,152.47999572753906,152.5399932861328,142.00900268554688,4088900
2023-08-25,153.39999389648438,154.0800018310547,152.4600067138672,153.5399932861328,142.93997192382812,3541500
2023-08-28,153.7100067138672,154.3699951171875,153.0500030517578,153.77999877929688,143.16342163085938,3614700
2023-08-29,153.9499969482422,154.0399932861328,152.02999877929688,153.8699951171875,143.2471923828125,4034600
2023-08-30,154.10000610351562,154.8699951171875,153.7100067138672,154.0399932861328,143.40545654296875,3712200
2023-08-31,154.1199951171875,155.16000366210938,153.8300018310547,154.33999633789062,143.68475341796875,5451400
2023-09-01,154.89999389648438,155.27999877929688,153.55999755859375,154.50999450683594,143.84298706054688,4126300
2023-09-05,153.8000030517578,154.85000610351562,152.39999389648438,152.44000244140625,141.91592407226562,5097000
2023-09-06,152.2899932861328,152.4499969482422,151.5399932861328,152.13999938964844,141.6365966796875,3877400
2023-09-07,152.49000549316406,154.19000244140625,152.3699951171875,153.58999633789062,142.98651123046875,4824800
2023-09-08,153.4199981689453,153.4600067138672,152.35000610351562,152.92999267578125,142.37210083007812,3384700
2023-09-11,153.3300018310547,155.10000610351562,153.0800018310547,154.75,144.0664520263672,4288500
2023-09-12,154.99000549316406,155.14999389648438,151.57000732421875,152.02999877929688,141.5342254638672,4537800
2023-09-13,151.97999572753906,153.58999633789062,151.66000366210938,153.08999633789062,142.52102661132812,4040600
2023-09-14,153.85000610351562,154.9199981689453,153.3699951171875,154.77000427246094,144.0850372314453,4606800
2023-09-15,154.02999877929688,155.32000732421875,153.22999572753906,153.47000122070312,142.87481689453125,10262400
2023-09-18,154.4499969482422,154.47999572753906,153.50999450683594,154.0500030517578,143.41477966308594,3536500
2023-09-19,153.75,154.05999755859375,151.74000549316406,153.60000610351562,142.99583435058594,4704200
2023-09-20,153.77000427246094,154.77999877929688,153.36000061035156,153.47000122070312,142.87481689453125,5446400
2023-09-21,153.4499969482422,153.7100067138672,152.07000732421875,152.13999938964844,141.6365966796875,5096400
2023-09-22,152.44000244140625,153.33999633789062,151.3800048828125,151.5800018310547,141.1153106689453,6327000
2023-09-25,151.17999267578125,151.27999877929688,150.02000427246094,150.66000366210938,140.2587890625,5527000
2023-09-26,149.97999572753906,150.36000061035156,148.7899932861328,149.32000732421875,139.01132202148438,6366500
2023-09-27,149.4199981689453,149.6999969482422,146.6300048828125,147.33999633789062,137.16798400878906,5403700
2023-09-28,147.82000732421875,147.97999572753906,145.67999267578125,146.33999633789062,136.23703002929688,6237100
2023-09-29,146.5399932861328,146.77000427246094,144.82000732421875,145.86000061035156,135.79017639160156,6683300
2023-10-02,144.77999877929688,145.60000610351562,143.89999389648438,145.19000244140625,135.16644287109375,5153800
2023-10-03,145.1699981689453,146.49000549316406,145.00999450683594,145.49000549316406,135.4457550048828,4670600
2023-10-04,145.58999633789062,146.30999755859375,144.92999267578125,145.97000122070312,135.89256286621094,4727800
2023-10-05,145.67999267578125,146.08999633789062,143.69000244140625,143.8000030517578,133.8723907470703,5205700
2023-10-06,143.60000610351562,144.55999755859375,141.4499969482422,144.08999633789062,134.14234924316406,7406700
2023-10-09,143.36000061035156,143.97000122070312,141.60000610351562,143.36000061035156,133.4627685546875,5062200
2023-10-10,143.97999572753906,145.22000122070312,143.72000122070312,144.77999877929688,134.78475952148438,5988900
2023-10-11,145.13999938964844,145.55999755859375,142.55999755859375,143.0,133.1276397705078,5469100
2023-10-12,142.7899932861328,143.92999267578125,141.66000366210938,143.32000732421875,133.42556762695312,5965600
2023-10-13,143.19000244140625,145.02999877929688,143.19000244140625,144.69000244140625,134.70095825195312,7078900
2023-10-16,145.86000061035156,147.05999755859375,145.4600067138672,146.07000732421875,135.98568725585938,6509800
2023-10-17,146.11000061035156,146.82000732421875,145.24000549316406,146.25999450683594,136.1625518798828,6160100
2023-10-18,150.05999755859375,151.3000030517578,148.77000427246094,150.02999877929688,139.6723175048828,10508500
2023-10-19,149.61000061035156,150.27999877929688,147.17999267578125,148.25,138.8862762451172,8146000
2023-10-20,149.0500030517578,149.8800048828125,147.9199981689453,148.0500030517578,138.69894409179688,7284200
2023-10-23,147.86000061035156,149.5,147.55999755859375,148.14999389648438,138.7926025390625,5981800
2023-10-24,148.1199951171875,150.07000732421875,148.07000732421875,149.89999389648438,140.43206787109375,6322000
2023-10-25,149.63999938964844,151.19000244140625,149.1199951171875,150.60000610351562,141.08787536621094,6172900
2023-10-26,151.0500030517578,151.3800048828125,149.74000549316406,149.8000030517578,140.33839416503906,7582100
2023-10-27,148.97999572753906,149.9499969482422,146.27999877929688,147.16000366210938,137.86514282226562,8131800
2023-10-30,147.89999389648438,149.5500030517578,147.5399932861328,149.25999450683594,139.83248901367188,5412800
2023-10-31,149.4600067138672,150.25999450683594,148.63999938964844,150.02999877929688,140.5538787841797,6762100
2023-11-01,150.67999267578125,150.67999267578125,149.2100067138672,149.61000061035156,140.160400390625,5896900
2023-11-02,149.5399932861328,151.64999389648438,148.91000366210938,151.44000244140625,141.87481689453125,5859200
2023-11-03,151.7899932861328,152.2899932861328,149.6199951171875,150.07000732421875,140.59133911132812,6587700
2023-11-06,150.36000061035156,151.25,150.10000610351562,150.94000244140625,141.4063720703125,6480800
2023-11-07,150.9199981689453,151.25,150.1199951171875,150.58999633789062,141.07850646972656,6003800
2023-11-08,150.9600067138672,151.1999969482422,149.50999450683594,150.00999450683594,140.53514099121094,4832600
2023-11-09,149.74000549316406,150.35000610351562,149.1199951171875,150.35000610351562,140.8536834716797,6581500
2023-11-10,150.83999633789062,151.44000244140625,149.9199981689453,151.41000366210938,141.8466796875,5387200
2023-11-13,151.4499969482422,152.89999389648438,151.4499969482422,152.4600067138672,142.83038330078125,6297500
2023-11-14,152.5500030517578,153.5,151.67999267578125,152.1199951171875,142.51185607910156,7982600
2023-11-15,152.05999755859375,152.38999938964844,150.3800048828125,151.4199981689453,141.85604858398438,7672600
2023-11-16,151.99000549316406,152.88999938964844,151.30999755859375,152.8300018310547,143.177001953125,7590500
2023-11-17,152.72000122070312,152.83999633789062,150.88999938964844,151.07000732421875,141.52816772460938,8495600
2023-11-20,150.2100067138672,151.02999877929688,149.66000366210938,150.27000427246094,140.77871704101562,6856500
2023-11-21,149.85000610351562,150.00999450683594,148.8300018310547,149.61000061035156,140.160400390625,7310400
2023-11-22,150.10000610351562,151.47999572753906,150.10000610351562,151.02000427246094,141.4813232421875,4372700
2023-11-24,151.17999267578125,151.74000549316406,151.02999877929688,151.3800048828125,141.818603515625,2132500
2023-11-27,151.52000427246094,151.63999938964844,150.74000549316406,151.24000549316406,141.6874542236328,6021300
2023-11-28,151.14999389648438,152.77000427246094,151.14999389648438,152.2899932861328,142.67112731933594,6110400
2023-11-29,152.2899932861328,152.4499969482422,150.99000549316406,151.1300048828125,141.58438110351562,5342700
2023-11-30,150.89999389648438,153.6300048828125,150.0800018310547,153.52000427246094,143.8234405517578,9771300
2023-12-01,153.3300018310547,153.49000549316406,152.22999572753906,152.66000366210938,143.0177459716797,5685400
2023-12-04,151.77000427246094,152.52999877929688,151.66000366210938,152.05999755859375,142.45567321777344,6578300
2023-12-05,152.13999938964844,152.61000061035156,146.17999267578125,146.75999450683594,137.49038696289062,11895800
2023-12-06,147.00999450683594,147.16000366210938,145.63999938964844,146.64999389648438,137.38734436035156,7610000
2023-12-07,146.57000732421875,147.10000610351562,146.02000427246094,146.5,137.246826171875,6119600
2023-12-08,145.9199981689453,146.24000549316406,144.52000427246094,145.14999389648438,135.98208618164062,6385300
2023-12-11,144.8000030517578,145.8699951171875,144.64999389648438,145.82000732421875,136.6097869873047,8471200
2023-12-12,145.86000061035156,146.22999572753906,145.0800018310547,145.94000244140625,136.72218322753906,6069200
2023-12-13,145.86000061035156,148.64999389648438,145.4499969482422,148.5800018310547,139.19544982910156,9055500
2023-12-14,148.4600067138672,148.5500030517578,144.3800048828125,144.66000366210938,135.5230255126953,10565200
2023-12-15,143.17999267578125,144.25,142.5,143.9600067138672,134.86724853515625,14550000
2023-12-18,144.1699981689453,147.49000549316406,144.14999389648438,146.1699981689453,136.93768310546875,8421800
2023-12-19,145.6699981689453,146.33999633789062,145.38999938964844,146.1699981689453,136.93768310546875,5233600
2023-12-20,145.57000732421875,146.07000732421875,143.83999633789062,143.91000366210938,134.82040405273438,7663800
2023-12-21,144.52000427246094,144.7899932861328,143.1300048828125,144.25999450683594,135.14830017089844,6104700
2023-12-22,144.5,145.6300048828125,144.2899932861328,145.27999877929688,136.10391235351562,4413800
2023-12-26,145.08999633789062,146.1699981689453,144.97000122070312,145.94000244140625,136.72218322753906,3634900
2023-12-27,145.64999389648438,146.30999755859375,145.36000061035156,146.05999755859375,136.8345947265625,4569400
2023-12-28,146.0,146.00999450683594,145.0399932861328,145.72999572753906,136.52545166015625,5023000
2023-12-29,146.0,146.9600067138672,145.72999572753906,146.5399932861328,137.28428649902344,5300900
2024-01-02,146.36000061035156,149.41000366210938,146.30999755859375,148.74000549316406,139.34530639648438,7238400
2024-01-03,148.33999633789062,149.1999969482422,147.17999267578125,147.83999633789062,138.502197265625,7697500
2024-01-04,148.0500030517578,149.27000427246094,147.77000427246094,148.64999389648438,139.2610321044922,7067400
2024-01-05,148.72000122070312,148.8699951171875,146.5500030517578,147.4199981689453,138.1087188720703,5294200
2024-01-08,147.91000366210938,148.9199981689453,147.64999389648438,148.69000244140625,139.29849243164062,8255300
2024-01-09,148.57000732421875,149.39999389648438,148.0500030517578,149.3000030517578,139.86997985839844,9786800
2024-01-10,149.35000610351562,150.0,149.25999450683594,149.94000244140625,140.46954345703125,8591100
2024-01-11,150.0500030517578,150.8000030517578,149.2899932861328,150.50999450683594,141.0035400390625,6659400
2024-01-12,150.9499969482422,151.3000030517578,149.88999938964844,150.60000610351562,141.08787536621094,5684700
2024-01-16,150.14999389648438,151.5,148.8800048828125,149.7899932861328,140.3290252685547,8120100
2024-01-17,149.16000366210938,150.60000610351562,149.00999450683594,149.94000244140625,140.46954345703125,6541400
2024-01-18,148.22999572753906,148.39999389648438,146.9199981689453,148.13999938964844,139.6597137451172,6526200
2024-01-19,148.25,148.6199951171875,147.30999755859375,147.57000732421875,139.12234497070312,7848100
2024-01-22,146.97000122070312,148.2100067138672,146.27999877929688,147.86000061035156,139.395751953125,11084100
2024-01-23,153.11000061035156,156.39999389648438,152.88999938964844,153.97999572753906,145.1654052734375,19101600
2024-01-24,153.92999267578125,154.22999572753906,152.08999633789062,152.1199951171875,143.41188049316406,11592700
2024-01-25,152.39999389648438,155.66000366210938,152.05999755859375,155.6199951171875,146.71153259277344,10352500
2024-01-26,155.80999755859375,156.16000366210938,155.33999633789062,156.13999938964844,147.20176696777344,8356600
2024-01-29,156.67999267578125,157.3300018310547,155.39999389648438,156.16000366210938,147.22061157226562,8987400
2024-01-30,156.33999633789062,157.9199981689453,155.82000732421875,157.49000549316406,148.47447204589844,7794700
2024-01-31,157.99000549316406,158.5,156.6999969482422,157.13999938964844,148.14451599121094,8870000
2024-02-01,156.77000427246094,159.3000030517578,156.6199951171875,159.17999267578125,150.0677490234375,7601100
2024-02-02,158.97000122070312,159.60000610351562,157.52999877929688,158.08999633789062,149.0401153564453,7937700
2024-02-05,158.1699981689453,159.0,157.55999755859375,158.2100067138672,149.15328979492188,6931900
2024-02-06,158.30999755859375,159.07000732421875,157.8699951171875,158.9600067138672,149.8603057861328,6185400
2024-02-07,159.10000610351562,159.8300018310547,158.74000549316406,159.1199951171875,150.0111541748047,7209300
2024-02-08,158.8000030517578,159.10000610351562,157.77000427246094,158.63999938964844,149.55865478515625,6121600
2024-02-09,158.25999450683594,158.33999633789062,156.9600067138672,157.4199981689453,148.4084930419922,5978000
2024-02-12,157.36000061035156,157.61000061035156,155.49000549316406,157.11000061035156,148.11622619628906,5482000
2024-02-13,157.75,158.97000122070312,155.47999572753906,156.27000427246094,147.32431030273438,6046800
2024-02-14,156.16000366210938,156.16000366210938,154.91000366210938,155.6300048828125,146.72096252441406,5727300
2024-02-15,156.3000030517578,157.4199981689453,156.14999389648438,157.00999450683594,148.02194213867188,6249200
2024-02-16,157.0399932861328,158.4499969482422,156.6699981689453,157.50999450683594,148.4933319091797,6617600
2024-02-20,158.6999969482422,159.7899932861328,158.1300048828125,158.50999450683594,149.43609619140625,6622100
2024-02-21,159.19000244140625,160.39999389648438,159.19000244140625,160.39999389648438,151.2178955078125,7121000
2024-02-22,159.4600067138672,161.08999633789062,158.6300048828125,160.55999755859375,151.36874389648438,6619500
2024-02-23,160.60000610351562,161.74000549316406,160.16000366210938,161.02999877929688,151.8118133544922,5486500
2024-02-26,161.02999877929688,161.1699981689453,160.07000732421875,160.22000122070312,151.0482177734375,4531900
2024-02-27,159.41000366210938,159.8000030517578,158.9600067138672,159.3000030517578,150.1808624267578,3868200
2024-02-28,159.07000732421875,160.1199951171875,158.63999938964844,160.0500030517578,150.8878936767578,3802900
2024-02-29,159.92999267578125,160.11000061035156,158.17999267578125,158.94000244140625,149.8414764404297,8348100
2024-03-01,158.0500030517578,159.02999877929688,157.61000061035156,158.85000610351562,149.75662231445312,4819800
2024-03-04,157.74000549316406,159.75999450683594,157.6699981689453,159.55999755859375,150.4259796142578,3841600
2024-03-05,159.4600067138672,159.99000549316406,158.77999877929688,159.32000732421875,150.19972229003906,4481600
2024-03-06,159.67999267578125,159.99000549316406,158.91000366210938,159.57000732421875,150.43539428710938,5405700
2024-03-07,159.9499969482422,160.91000366210938,159.47000122070312,160.6199951171875,151.42529296875,4783900
2024-03-08,159.85000610351562,161.25,158.2899932861328,160.35000610351562,151.17074584960938,5080200
2024-03-11,161.33999633789062,162.6199951171875,160.82000732421875,161.5500030517578,152.3020782470703,5170900
2024-03-12,161.82000732421875,162.52000427246094,161.22999572753906,161.92999267578125,152.66030883789062,4229100
2024-03-13,162.3800048828125,162.72999572753906,161.3300018310547,162.3000030517578,153.00912475585938,5410500
2024-03-14,162.24000549316406,162.6199951171875,161.1300048828125,161.5,152.25491333007812,5848100
2024-03-15,160.6999969482422,161.5,160.3000030517578,161.3800048828125,152.1417999267578,10956900
2024-03-18,161.47999572753906,162.72000122070312,161.0,161.2100067138672,151.98155212402344,6086300
2024-03-19,161.8000030517578,162.1699981689453,161.1699981689453,161.8300018310547,152.5660400390625,6148100
2024-03-20,162.00999450683594,162.39999389648438,161.47000122070312,161.99000549316406,152.7168731689453,4870300
2024-03-21,162.08999633789062,162.4600067138672,161.1199951171875,161.86000061035156,152.5943145751953,5211500
2024-03-22,162.1999969482422,162.41000366210938,161.47000122070312,161.66000366210938,152.40574645996094,6393200
2024-03-25,161.1699981689453,161.66000366210938,159.72999572753906,160.19000244140625,151.01991271972656,7145600
2024-03-26,160.36000061035156,161.13999938964844,160.13999938964844,160.5500030517578,151.3592987060547,5842700
2024-03-27,161.36000061035156,162.74000549316406,161.33999633789062,162.61000061035156,153.30136108398438,6599700
2024-03-28,162.82000732421875,163.13999938964844,161.6999969482422,162.25,152.96202087402344,7191500
2024-04-01,161.77999877929688,162.07000732421875,159.8000030517578,160.5800018310547,151.38760375976562,5971900
2024-04-02,159.63999938964844,160.7100067138672,159.63999938964844,160.57000732421875,151.37818908691406,6771200
2024-04-03,160.6300048828125,160.8800048828125,155.67999267578125,156.14999389648438,147.21119689941406,9601800
2024-04-04,156.8800048828125,157.0800018310547,155.41000366210938,155.4499969482422,146.55123901367188,6801700
2024-04-05,155.2899932861328,157.05999755859375,154.69000244140625,156.10000610351562,147.1640625,5121200
2024-04-08,155.97000122070312,156.6999969482422,155.6300048828125,156.0399932861328,147.10745239257812,5476800
2024-04-09,156.27000427246094,156.75,155.6999969482422,156.66000366210938,147.69198608398438,4608100
2024-04-10,155.64999389648438,157.5800018310547,155.64999389648438,157.24000549316406,148.23878479003906,7784900
2024-04-11,157.5500030517578,157.60000610351562,155.77000427246094,155.83999633789062,146.91891479492188,8209800
2024-04-12,155.22000122070312,155.97000122070312,154.74000549316406,155.3300018310547,146.43812561035156,6770500
2024-04-15,156.4199981689453,156.82000732421875,155.3300018310547,155.4499969482422,146.55123901367188,5754000
2024-04-16,155.85000610351562,156.94000244140625,155.6699981689453,155.9499969482422,147.02264404296875,6103300
2024-04-17,156.3000030517578,157.1199951171875,155.74000549316406,156.9600067138672,147.97482299804688,6621900
2024-04-18,156.33999633789062,157.6300048828125,155.9600067138672,157.2899932861328,149.24342346191406,7819300
2024-04-19,154.97999572753906,158.17999267578125,153.52000427246094,158.13999938964844,150.04995727539062,12034200
2024-04-22,158.42999267578125,161.2899932861328,157.25,160.5399932861328,152.3271484375,8926300
2024-04-23,161.67999267578125,162.10000610351562,160.4199981689453,161.5,153.238037109375,7707300
2024-04-24,161.1999969482422,162.86000061035156,159.4199981689453,162.60000610351562,154.2817840576172,7217600
2024-04-25,162.97000122070312,164.32000732421875,162.0800018310547,162.5500030517578,154.23434448242188,7094600
2024-04-26,162.5,163.32000732421875,160.49000549316406,161.2899932861328,153.0387725830078,5659800
2024-04-29,161.1699981689453,161.7899932861328,160.41000366210938,161.66000366210938,153.3898468017578,4621000
2024-04-30,161.83999633789062,163.35000610351562,161.60000610351562,163.1999969482422,154.85107421875,8106100
2024-05-01,163.27999877929688,164.24000549316406,162.22000122070312,163.39999389648438,155.0408477783203,7543000
2024-05-02,163.5399932861328,164.49000549316406,162.63999938964844,163.83999633789062,155.4583282470703,5647500
2024-05-03,163.5399932861328,164.7100067138672,162.16000366210938,164.4600067138672,156.04661560058594,5581500
2024-05-06,164.77999877929688,164.97999572753906,163.25999450683594,164.44000244140625,156.0276336669922,5472400
2024-05-07,164.97999572753906,166.0399932861328,164.58999633789062,165.75999450683594,157.2801055908203,6433000
2024-05-08,165.97999572753906,166.3699951171875,164.92999267578125,165.07000732421875,156.6254425048828,4579400
2024-05-09,165.0500030517578,166.3300018310547,165.0500030517578,166.0399932861328,157.54576110839844,4671100
2024-05-10,166.08999633789062,167.36000061035156,165.6999969482422,166.85000610351562,158.31436157226562,4879400
2024-05-13,166.85000610351562,167.64999389648438,165.36000061035156,165.8699951171875,157.38449096679688,5725500
2024-05-14,165.52999877929688,166.07000732421875,163.9499969482422,165.75999450683594,157.2801055908203,6009800
2024-05-15,165.30999755859375,166.67999267578125,165.1199951171875,166.50999450683594,157.99172973632812,5102700
2024-05-16,166.92999267578125,168.33999633789062,166.58999633789062,167.86000061035156,159.27267456054688,6793600
2024-05-17,167.6699981689453,168.0,166.8800048828125,167.63999938964844,159.06394958496094,4700800
2024-05-20,167.5500030517578,167.8800048828125,166.7899932861328,167.30999755859375,158.7508087158203,3804600
2024-05-21,167.75999450683594,168.5399932861328,167.2899932861328,168.35000610351562,159.7376251220703,5147100
2024-05-22,168.00999450683594,168.42999267578125,167.6300048828125,167.80999755859375,159.22525024414062,4536700
2024-05-23,167.2899932861328,168.11000061035156,165.32000732421875,165.49000549316406,157.02394104003906,4729800
2024-05-24,165.85000610351562,166.30999755859375,165.14999389648438,165.3300018310547,156.87213134765625,3820100
2024-05-28,164.49000549316406,164.75999450683594,162.25999450683594,163.11000061035156,154.76568603515625,6466200
2024-05-29,162.64999389648438,162.74000549316406,161.4199981689453,161.64999389648438,153.38037109375,4360400
2024-05-30,161.64999389648438,162.6999969482422,161.47999572753906,162.5800018310547,154.26280212402344,4748200
2024-05-31,162.44000244140625,164.77000427246094,161.97000122070312,164.5399932861328,156.12252807617188,10341400
2024-06-03,163.92999267578125,166.24000549316406,163.6300048828125,164.64999389648438,156.2268829345703,5828400
2024-06-04,164.7899932861328,167.1199951171875,164.39999389648438,167.00999450683594,158.46615600585938,6277000
2024-06-05,167.00999450683594,167.00999450683594,164.97999572753906,166.0500030517578,157.55528259277344,5243300
2024-06-06,165.8300018310547,168.5800018310547,165.0800018310547,168.47000122070312,159.8514862060547,6302000
2024-06-07,168.39999389648438,168.97000122070312,166.83999633789062,167.05999755859375,158.51361083984375,4558200
2024-06-10,166.77999877929688,167.72000122070312,166.0800018310547,167.35000610351562,158.7887725830078,4110600
2024-06-11,166.97000122070312,167.5,166.02000427246094,167.47999572753906,158.91212463378906,3947700
2024-06-12,167.5,167.63999938964844,164.22000122070312,165.17999267578125,156.7297821044922,5474500
2024-06-13,164.47000122070312,167.0,164.47000122070312,166.41000366210938,157.89683532714844,4902200
2024-06-14,165.99000549316406,166.92999267578125,165.25,166.7899932861328,158.25743103027344,3695000
2024-06-17,165.85000610351562,168.7100067138672,165.39999389648438,167.5,158.93109130859375,6759400
2024-06-18,167.02999877929688,168.64999389648438,166.94000244140625,168.55999755859375,159.9368896484375,5112600
2024-06-20,168.3699951171875,168.77999877929688,166.86000061035156,167.6699981689453,159.0924072265625,8483600
2024-06-21,167.47999572753906,168.8800048828125,167.17999267578125,168.25999450683594,159.65223693847656,14682000
2024-06-24,168.75999450683594,169.41000366210938,167.47999572753906,168.4499969482422,159.8324737548828,7565200
2024-06-25,168.6300048828125,168.91000366210938,165.89999389648438,166.85000610351562,158.31436157226562,7968200
2024-06-26,166.0500030517578,167.80999755859375,165.66000366210938,167.4499969482422,158.8836669921875,5164000
2024-06-27,167.49000549316406,168.10000610351562,165.5,166.6199951171875,158.0961151123047,5007000
2024-06-28,166.0,167.24000549316406,164.5800018310547,164.9199981689453,156.4830780029297,9253100
2024-07-01,165.58999633789062,166.2100067138672,162.1999969482422,162.72000122070312,154.3956298828125,7638600
2024-07-02,162.5800018310547,164.0399932861328,161.7100067138672,163.89999389648438,155.51528930664062,5449200
2024-07-03,163.2100067138672,164.2100067138672,162.97999572753906,163.8300018310547,155.4488525390625,2980500
2024-07-05,164.00999450683594,165.6300048828125,163.5,165.2100067138672,156.75827026367188,6509200
2024-07-08,165.9499969482422,166.6699981689453,165.6199951171875,166.52000427246094,158.00125122070312,5144500
2024-07-09,166.6300048828125,166.75999450683594,165.13999938964844,165.66000366210938,157.18524169921875,4393100
2024-07-10,165.89999389648438,166.9199981689453,165.5399932861328,166.8000030517578,158.26690673828125,5037100
2024-07-11,166.3000030517578,166.6300048828125,164.77999877929688,165.5399932861328,157.07135009765625,5831500
2024-07-12,166.22000122070312,167.63999938964844,166.02000427246094,166.61000061035156,158.08663940429688,4684600
2024-07-15,166.47000122070312,166.6199951171875,164.4600067138672,164.5800018310547,156.16049194335938,5752500
2024-07-16,164.91000366210938,167.07000732421875,164.61000061035156,166.9499969482422,158.40927124023438,6378300
2024-07-17,167.75,170.1699981689453,167.3300018310547,169.44000244140625,160.7718505859375,7982300
2024-07-18,168.8000030517578,170.9199981689453,168.27999877929688,168.44000244140625,159.82302856445312,5926300
2024-07-19,167.97000122070312,169.0399932861328,167.1300048828125,167.9600067138672,160.32606506347656,6597100
2024-07-22,167.92999267578125,168.6999969482422,167.6999969482422,168.25,160.60287475585938,6383000
2024-07-23,168.11000061035156,168.4199981689453,166.32000732421875,166.6199951171875,159.04696655273438,4863400
2024-07-24,166.32000732421875,168.27999877929688,165.5800018310547,168.0,160.36424255371094,5907000
2024-07-25,168.32000732421875,170.08999633789062,166.8699951171875,166.89999389648438,159.31423950195312,7338300
2024-07-26,167.25,169.32000732421875,167.02999877929688,169.11000061035156,161.42379760742188,5581600
2024-07-29,168.85000610351562,170.5399932861328,168.11000061035156,169.92999267578125,162.20651245117188,6797800
2024-07-30,161.7899932861328,162.3800048828125,158.0399932861328,161.6999969482422,154.35057067871094,15746300
2024-07-31,160.80999755859375,162.86000061035156,159.2100067138672,160.75999450683594,153.45330810546875,9660900
2024-08-01,160.8800048828125,166.30999755859375,160.67999267578125,165.69000244140625,158.15924072265625,12532700
2024-08-02,167.44000244140625,170.35000610351562,165.14999389648438,170.0800018310547,162.34971618652344,11899000
2024-08-05,170.8800048828125,170.8800048828125,166.6699981689453,168.05999755859375,160.42152404785156,10338800
2024-08-06,167.89999389648438,170.3300018310547,167.85000610351562,168.08999633789062,160.4501190185547,7454900
2024-08-07,168.57000732421875,171.72000122070312,168.00999450683594,170.02000427246094,162.29244995117188,8385500
2024-08-08,169.4199981689453,171.55999755859375,169.0,170.8699951171875,163.1038055419922,6386900
2024-08-09,170.1199951171875,171.25999450683594,169.64999389648438,170.5399932861328,162.7887725830078,5377300
2024-08-12,169.39999389648438,169.64999389648438,166.1999969482422,166.80999755859375,159.22833251953125,7208100
2024-08-13,167.33999633789062,167.8000030517578,166.4600067138672,167.2899932861328,159.6865234375,3770000
2024-08-14,166.5,169.47000122070312,165.82000732421875,168.8000030517578,161.1278839111328,5476600
2024-08-15,169.4600067138672,169.67999267578125,166.75,167.9199981689453,160.28790283203125,9491400
2024-08-16,167.82000732421875,168.35000610351562,166.8000030517578,167.88999938964844,160.25926208496094,5640800
2024-08-19,168.17999267578125,169.24000549316406,168.1699981689453,168.4199981689453,160.76515197753906,3885300
2024-08-20,168.77000427246094,170.55999755859375,168.11000061035156,170.41000366210938,162.6647186279297,4513600
2024-08-21,170.19000244140625,171.88999938964844,169.60000610351562,170.16000366210938,162.4260711669922,4082000
2024-08-22,170.8800048828125,171.24000549316406,169.13999938964844,170.14999389648438,162.41650390625,4097300
2024-08-23,170.0500030517578,170.11000061035156,168.25,169.1699981689453,161.48106384277344,4771300
2024-08-26,168.6999969482422,170.97000122070312,168.6999969482422,170.35000610351562,162.60745239257812,6472400
2024-08-27,170.8300018310547,171.10000610351562,169.0800018310547,169.25,161.5574493408203,4456400
2024-08-28,169.4199981689453,171.1999969482422,168.5800018310547,169.05999755859375,161.3760528564453,5644800
2024-08-29,169.75,170.60000610351562,168.94000244140625,170.02999877929688,162.302001953125,4413200
2024-08-30,170.16000366210938,171.8800048828125,169.69000244140625,171.5399932861328,163.7433624267578,7301600
2024-09-03,171.02999877929688,175.0,170.99000549316406,174.52000427246094,166.58790588378906,10101400
2024-09-04,173.6300048828125,176.0,173.6300048828125,175.89999389648438,167.9051513671875,7517500
2024-09-05,175.99000549316406,176.5500030517578,174.6699981689453,175.47000122070312,167.49473571777344,6061900
2024-09-06,175.75999450683594,177.0399932861328,175.33999633789062,175.58999633789062,167.60926818847656,5785700
2024-09-09,175.5399932861328,176.83999633789062,174.66000366210938,176.05999755859375,168.05792236328125,6450200
2024-09-10,175.91000366210938,177.94000244140625,175.91000366210938,177.7899932861328,169.7092742919922,6396300
2024-09-11,176.60000610351562,177.0,173.6300048828125,173.9199981689453,166.0151824951172,6828200
2024-09-12,173.89999389648438,174.61000061035156,172.44000244140625,173.47000122070312,165.58563232421875,4838900
2024-09-13,173.3699951171875,174.5399932861328,172.8000030517578,174.0800018310547,166.16790771484375,3918000
2024-09-16,174.7100067138672,177.30999755859375,174.32000732421875,177.24000549316406,169.18426513671875,6892300
2024-09-17,176.6300048828125,176.97000122070312,175.36000061035156,175.8800048828125,167.88609313964844,4757100
2024-09-18,175.0500030517578,175.89999389648438,172.57000732421875,173.9199981689453,166.0151824951172,5102900
2024-09-19,172.8800048828125,173.16000366210938,170.3800048828125,171.5399932861328,163.7433624267578,8692000
2024-09-20,171.50999450683594,174.5399932861328,171.5,174.22000122070312,166.30154418945312,28647500
2024-09-23,174.00999450683594,175.19000244140625,172.58999633789062,173.77000427246094,165.8719940185547,10265000
2024-09-24,172.8800048828125,174.5,172.6199951171875,173.24000549316406,165.36610412597656,5422400
2024-09-25,174.07000732421875,174.67999267578125,172.05999755859375,172.25999450683594,164.4306182861328,8916500
2024-09-26,171.5,174.61000061035156,171.36000061035156,173.2100067138672,165.3374481201172,4957200
2024-09-27,173.00999450683594,174.4499969482422,172.5800018310547,173.5500030517578,165.6619873046875,4599500
2024-09-30,173.72999572753906,174.0,172.7100067138672,173.1999969482422,165.32789611816406,6296600
2024-10-01,173.24000549316406,174.0,172.1999969482422,173.0399932861328,165.1751708984375,7130600
2024-10-02,172.00999450683594,172.4499969482422,171.0800018310547,171.9199981689453,164.10606384277344,6212700
2024-10-03,171.3699951171875,171.3699951171875,169.77000427246094,170.1199951171875,162.3878936767578,4794300
2024-10-04,168.85000610351562,170.08999633789062,168.25999450683594,168.8800048828125,161.20425415039062,6002800
2024-10-07,169.16000366210938,169.5800018310547,166.8699951171875,167.1199951171875,159.5242156982422,6325300
2024-10-08,166.85000610351562,168.58999633789062,166.27000427246094,168.16000366210938,160.5169677734375,7473000
2024-10-09,168.3800048828125,169.80999755859375,168.0,169.27000427246094,161.57652282714844,8758800
2024-10-10,168.8000030517578,169.7899932861328,168.3699951171875,168.9499969482422,161.27105712890625,6932300
2024-10-11,169.4600067138672,171.41000366210938,168.97000122070312,171.08999633789062,163.31381225585938,7036500
2024-10-14,171.02000427246094,172.83999633789062,170.74000549316406,172.50999450683594,164.66925048828125,5909000
2024-10-15,172.88999938964844,174.91000366210938,172.82000732421875,173.57000732421875,165.68106079101562,7172200
2024-10-16,171.8800048828125,172.58999633789062,170.88999938964844,172.3800048828125,164.545166015625,6117000
2024-10-17,172.17999267578125,173.67999267578125,171.75999450683594,172.27999877929688,164.44972229003906,7045600
2024-10-18,170.3000030517578,172.2100067138672,168.4600067138672,171.27999877929688,164.4564208984375,8372500
2024-10-21,170.97999572753906,171.47999572753906,168.4499969482422,169.5399932861328,162.78575134277344,5522500
2024-10-22,168.57000732421875,170.72999572753906,168.57000732421875,169.6999969482422,162.9393768310547,7511400
2024-10-23,169.5500030517578,170.1699981689453,168.72999572753906,169.5800018310547,162.82418823242188,4837800
2024-10-24,169.4199981689453,169.9600067138672,168.92999267578125,169.6199951171875,162.86257934570312,5861200
2024-10-25,168.9199981689453,169.39999389648438,168.0399932861328,168.22000122070312,161.51834106445312,4877900
2024-10-28,169.27999877929688,169.66000366210938,168.3800048828125,169.3000030517578,162.55532836914062,5753800
2024-10-29,168.86000061035156,168.86000061035156,166.8300018310547,167.1699981689453,160.51016235351562,5681000
2024-10-30,167.08999633789062,167.32000732421875,165.9600067138672,166.16000366210938,159.54042053222656,5518100
2024-10-31,165.75999450683594,167.0399932861328,165.08999633789062,165.17999267578125,158.5994415283203,6056500
2024-11-01,165.30999755859375,166.35000610351562,164.99000549316406,165.10000610351562,158.52264404296875,5454800
2024-11-04,165.72000122070312,166.27000427246094,164.5800018310547,165.0800018310547,158.50344848632812,5130200
2024-11-05,164.3300018310547,166.32000732421875,164.3300018310547,165.75999450683594,159.1563262939453,4397400
2024-11-06,165.61000061035156,166.0399932861328,159.80999755859375,161.0500030517578,154.63400268554688,11473700
2024-11-07,161.9600067138672,163.9499969482422,161.47999572753906,163.41000366210938,156.8999786376953,9056700
2024-11-08,164.02000427246094,167.75,163.92999267578125,167.7100067138672,161.02867126464844,7506200
2024-11-11,167.0,168.52000427246094,165.77999877929688,166.02999877929688,159.4155731201172,6364400
2024-11-12,166.13999938964844,167.05999755859375,165.57000732421875,165.83999633789062,159.23316955566406,6507500
2024-11-13,166.05999755859375,166.8000030517578,165.67999267578125,166.5800018310547,159.9436798095703,5412300
2024-11-14,166.7100067138672,168.0399932861328,166.50999450683594,167.0800018310547,160.4237518310547,7444300
2024-11-15,167.94000244140625,170.57000732421875,166.8800048828125,169.5399932861328,162.78575134277344,9939400
2024-11-18,169.11000061035156,171.4499969482422,168.8300018310547,170.75,163.94757080078125,6681000
2024-11-19,170.69000244140625,171.1699981689453,169.66000366210938,170.75999450683594,163.95713806152344,5683700
2024-11-20,170.00999450683594,171.07000732421875,169.50999450683594,170.88999938964844,164.0819549560547,7081100
2024-11-21,171.66000366210938,173.50999450683594,170.22000122070312,172.75,165.8678741455078,6240400
2024-11-22,174.14999389648438,177.39999389648438,173.8800048828125,176.27999877929688,169.25723266601562,10609800
2024-11-25,177.47999572753906,178.82000732421875,176.89999389648438,177.38999938964844,170.32301330566406,19357000
2024-11-26,177.1999969482422,179.4600067138672,177.1999969482422,179.30999755859375,172.16653442382812,6276700
2024-11-27,180.0,180.42999267578125,178.72999572753906,179.36000061035156,172.2145233154297,5522900
2024-11-29,178.6999969482422,179.6300048828125,178.27999877929688,179.25999450683594,172.1185302734375,3823700
2024-12-02,179.1199951171875,180.16000366210938,178.00999450683594,179.6999969482422,172.54100036621094,5728200
2024-12-03,178.77000427246094,179.6199951171875,175.1999969482422,175.4199981689453,168.43150329589844,8127300
2024-12-04,174.1699981689453,175.14999389648438,173.4600067138672,175.11000061035156,168.1338653564453,6823500
2024-12-05,174.86000061035156,176.4600067138672,174.4499969482422,176.02999877929688,169.01719665527344,5022200
2024-12-06,175.3699951171875,176.74000549316406,173.75,173.82000732421875,166.89524841308594,5741200
2024-12-09,173.63999938964844,173.75999450683594,170.42999267578125,170.7899932861328,163.98593139648438,7164300
2024-12-10,170.4199981689453,172.92999267578125,169.92999267578125,172.27999877929688,165.41659545898438,6219900
2024-12-11,173.00999450683594,173.38999938964844,170.39999389648438,170.6300048828125,163.83233642578125,5237500
2024-12-12,171.42999267578125,171.82000732421875,170.02000427246094,170.85000610351562,164.04356384277344,4072800
2024-12-13,170.77000427246094,171.7899932861328,170.1199951171875,171.05999755859375,164.24520874023438,3884500
2024-12-16,171.4499969482422,172.77999877929688,171.10000610351562,171.13999938964844,164.32200622558594,5943600
2024-12-17,170.6699981689453,171.9499969482422,170.02000427246094,170.3300018310547,163.54429626464844,6069200
2024-12-18,169.75999450683594,170.55999755859375,169.02000427246094,169.0800018310547,162.34408569335938,7517100
2024-12-19,169.00999450683594,170.10000610351562,167.35000610351562,169.19000244140625,162.44970703125,8585200
2024-12-20,168.8699951171875,169.8699951171875,167.5,168.05999755859375,161.36473083496094,21999300
2024-12-23,168.05999755859375,168.67999267578125,166.36000061035156,168.11000061035156,161.4127197265625,6983900
2024-12-24,167.6199951171875,169.17999267578125,167.4199981689453,168.94000244140625,162.20965576171875,2460800
2024-12-26,168.30999755859375,170.3000030517578,168.07000732421875,170.16000366210938,163.38104248046875,3629400
2024-12-27,169.4199981689453,170.75999450683594,169.25999450683594,169.52999877929688,162.77615356445312,4367900
2024-12-30,168.6699981689453,168.97999572753906,166.7100067138672,167.08999633789062,160.433349609375,4354500
2024-12-31,167.36000061035156,168.0800018310547,166.58999633789062,167.64999389648438,160.97105407714844,3957600
2025-01-02,168.08999633789062,168.7100067138672,165.91000366210938,165.97999572753906,159.36758422851562,5401700
2025-01-03,166.25,166.5,164.25,165.1300048828125,158.5514373779297,5256600
2025-01-06,162.80999755859375,163.5,160.44000244140625,160.60000610351562,154.20193481445312,8731700
2025-01-07,161.4600067138672,162.61000061035156,160.74000549316406,161.3000030517578,154.8740234375,8447400
2025-01-08,160.99000549316406,162.39999389648438,160.57000732421875,162.10000610351562,155.64215087890625,4974800
2025-01-10,160.14999389648438,161.2100067138672,157.47000122070312,158.55999755859375,152.24317932128906,8501500
2025-01-13,159.35000610351562,160.08999633789062,158.41000366210938,158.83999633789062,152.51202392578125,6772200
2025-01-14,158.85000610351562,160.07000732421875,158.30999755859375,159.74000549316406,153.3761749267578,5982200
2025-01-15,160.58999633789062,161.14999389648438,159.33999633789062,159.64999389648438,153.2897491455078,8059200
2025-01-16,159.6199951171875,160.5800018310547,159.13999938964844,160.5,154.10589599609375,5774400
2025-01-17,159.74000549316406,161.75,159.60000610351562,161.1300048828125,154.71080017089844,7262700
2025-01-21,160.9600067138672,162.35000610351562,160.9600067138672,161.72000122070312,155.27728271484375,13914700
2025-01-22,167.10000610351562,168.13999938964844,164.44000244140625,164.74000549316406,158.17697143554688,14356700
2025-01-23,163.8800048828125,166.47999572753906,163.32000732421875,166.14999389648438,159.53079223632812,7614300
2025-01-24,165.91000366210938,165.91000366210938,163.1999969482422,164.1199951171875,158.54257202148438,6199800
2025-01-27,166.72000122070312,169.94000244140625,166.11000061035156,169.66000366210938,163.89431762695312,9170800
2025-01-28,168.91000366210938,169.58999633789062,166.11000061035156,166.19000244140625,160.54222106933594,6716300
2025-01-29,166.72000122070312,167.2899932861328,165.8800048828125,166.22999572753906,160.58084106445312,4850300
2025-01-30,167.47999572753906,167.60000610351562,165.92999267578125,167.41000366210938,161.72076416015625,4136500
2025-01-31,166.0,166.6199951171875,165.2100067138672,165.99000549316406,160.34902954101562,5464700
2025-02-03,165.47000122070312,169.3800048828125,165.22999572753906,168.75999450683594,163.02487182617188,8668600
2025-02-04,169.2899932861328,169.2899932861328,166.27999877929688,168.1300048828125,162.41629028320312,6410900
2025-02-05,168.08999633789062,169.13999938964844,166.61000061035156,169.00999450683594,163.26638793945312,7536800
2025-02-06,169.3699951171875,169.92999267578125,168.02999877929688,168.8800048828125,163.14080810546875,4957900
2025-02-07,169.08999633789062,169.1199951171875,167.8699951171875,167.97000122070312,162.26173400878906,4535600
2025-02-10,167.69000244140625,168.47999572753906,166.39999389648438,167.52999877929688,161.83670043945312,7062900
2025-02-11,167.69000244140625,169.57000732421875,166.5,169.42999267578125,163.67210388183594,5438100
2025-02-12,168.35000610351562,170.0800018310547,167.97000122070312,169.5800018310547,163.81704711914062,6037400
2025-02-13,169.6300048828125,171.3800048828125,169.13999938964844,171.02000427246094,165.2080841064453,6328300
2025-02-14,169.7899932861328,170.0,162.3000030517578,162.88999938964844,157.35438537597656,13179500
2025-02-18,163.35000610351562,165.75999450683594,162.1999969482422,165.42999267578125,159.8080291748047,7075300
2025-02-19,166.10000610351562,166.8699951171875,165.24000549316406,166.49000549316406,160.83204650878906,7910700
2025-02-20,163.14999389648438,167.77999877929688,162.8000030517578,167.2100067138672,161.52755737304688,6162600
2025-02-21,167.44000244140625,170.5500030517578,165.9199981689453,170.22999572753906,164.44493103027344,9813700
2025-02-24,170.22000122070312,172.97999572753906,169.7899932861328,170.5399932861328,164.744384765625,8564100
2025-02-25,171.27999877929688,173.9499969482422,170.8000030517578,172.64999389648438,166.78268432617188,7314900
2025-02-26,172.27999877929688,172.64999389648438,170.64999389648438,171.3000030517578,165.47857666015625,5519000
2025-02-27,170.85000610351562,173.08999633789062,170.6300048828125,171.97000122070312,166.1258087158203,5467000
2025-02-28,173.5800018310547,174.64999389648438,171.85000610351562,173.83999633789062,167.93223571777344,10240100
2025-03-03,173.5800018310547,176.2899932861328,173.50999450683594,175.58999633789062,169.62277221679688,7615300
2025-03-04,176.75,179.99000549316406,172.91000366210938,173.17999267578125,167.29466247558594,12117600
2025-03-05,173.3800048828125,175.8699951171875,173.02000427246094,174.61000061035156,168.6761016845703,6989100
2025-03-06,174.88999938964844,175.83999633789062,172.83999633789062,174.66000366210938,168.72438049316406,6702500
2025-03-07,174.08999633789062,178.88999938964844,174.0500030517578,175.9499969482422,169.9705352783203,9566700
2025-03-10,176.75999450683594,179.99000549316406,175.8300018310547,176.25999450683594,170.27000427246094,11047000
2025-03-11,175.8300018310547,175.99000549316406,172.32000732421875,173.1199951171875,167.23670959472656,11032300
2025-03-12,169.6999969482422,171.8300018310547,167.77000427246094,168.3699951171875,162.6481475830078,10158800
2025-03-13,167.6999969482422,169.2899932861328,167.27999877929688,168.58999633789062,162.86065673828125,6609000
2025-03-14,167.7899932861328,168.58999633789062,166.6199951171875,167.97000122070312,162.26173400878906,6790500
2025-03-17,168.3699951171875,171.08999633789062,168.1300048828125,169.75999450683594,163.99090576171875,9931700
2025-03-18,170.07000732421875,170.25999450683594,167.5800018310547,167.7100067138672,162.01058959960938,6099900
2025-03-19,167.8699951171875,168.75,167.11000061035156,168.57000732421875,162.8413543701172,7569200
2025-03-20,168.88999938964844,169.2100067138672,166.02999877929688,167.5500030517578,161.85601806640625,8789200
2025-03-21,167.13999938964844,168.13999938964844,164.1199951171875,166.69000244140625,161.02525329589844,16027300
2025-03-24,166.42999267578125,166.8699951171875,165.36000061035156,165.64999389648438,160.0205841064453,6102100
2025-03-25,165.3000030517578,165.3699951171875,162.1999969482422,162.85000610351562,157.3157501220703,8366700
2025-03-26,163.35000610351562,166.82000732421875,162.99000549316406,166.5800018310547,160.91897583007812,7756000
2025-03-27,167.8699951171875,169.02999877929688,166.6199951171875,168.7100067138672,162.9766082763672,6211700
2025-03-28,169.3800048828125,169.7100067138672,167.6199951171875,168.02999877929688,162.3197021484375,5479100
2025-03-31,168.10000610351562,171.13999938964844,168.10000610351562,170.4199981689453,164.6284637451172,11520100
2025-04-01,170.57000732421875,171.0500030517578,169.05999755859375,170.55999755859375,164.7637176513672,7021100
2025-04-02,170.07000732421875,170.8800048828125,168.30999755859375,169.5,163.73974609375,6274500
2025-04-03,174.22999572753906,174.8000030517578,170.72999572753906,172.38999938964844,166.53152465820312,9393300
2025-04-04,171.77000427246094,173.60000610351562,163.47000122070312,163.75,158.18515014648438,13454200
2025-04-07,163.66000366210938,164.6999969482422,159.19000244140625,160.22999572753906,154.78477478027344,15708000
2025-04-08,162.30999755859375,163.27999877929688,156.7100067138672,158.38999938964844,153.00730895996094,11541100
2025-04-09,157.36000061035156,164.67999267578125,156.69000244140625,162.32000732421875,156.8037567138672,10670200
2025-04-10,162.89999389648438,165.07000732421875,160.75,163.55999755859375,158.00161743164062,10581600
2025-04-11,163.3699951171875,168.02000427246094,162.6199951171875,166.91000366210938,161.23776245117188,8602800
2025-04-14,167.0399932861328,170.11000061035156,165.77999877929688,169.1300048828125,163.38232421875,9877300
2025-04-15,169.13999938964844,170.16000366210938,168.27999877929688,168.47000122070312,162.7447509765625,8765000
2025-04-16,169.2899932861328,169.67999267578125,165.7899932861328,166.38999938964844,160.73544311523438,5897500
2025-04-17,167.52999877929688,171.64999389648438,167.35000610351562,170.6300048828125,164.8313446044922,7227100
2025-04-21,169.88999938964844,169.9499969482422,164.27999877929688,165.75,161.11524963378906,8062400
2025-04-22,165.86000061035156,168.77000427246094,164.5399932861328,167.8800048828125,163.18568420410156,7907400
2025-04-23,166.39999389648438,166.61000061035156,163.11000061035156,165.72999572753906,161.09579467773438,9309200
2025-04-24,160.5,160.9600067138672,156.5800018310547,159.52999877929688,155.0691680908203,20077700
2025-04-25,159.8800048828125,161.8000030517578,157.77000427246094,161.02000427246094,156.5175018310547,12892800
2025-04-28,161.0399932861328,162.55999755859375,160.38999938964844,161.85000610351562,157.32431030273438,8127000
2025-04-29,161.2899932861328,162.38999938964844,159.1999969482422,162.25999450683594,157.72280883789062,8266200
2025-04-30,162.4499969482422,163.16000366210938,159.9499969482422,162.57000732421875,158.02415466308594,12475500
2025-05-01,160.66000366210938,161.35000610351562,159.0500030517578,159.97999572753906,155.506591796875,6792800
2025-05-02,160.92999267578125,161.80999755859375,159.89999389648438,160.52000427246094,156.03147888183594,5750200
2025-05-05,160.88999938964844,160.91000366210938,158.02000427246094,158.8300018310547,154.3887481689453,7576200
2025-05-06,158.0399932861328,159.7100067138672,157.64999389648438,159.25,154.7969970703125,7703800
2025-05-07,159.02000427246094,160.0500030517578,158.5399932861328,159.2899932861328,154.83587646484375,6430000
2025-05-08,158.3800048828125,160.0,158.00999450683594,158.64999389648438,154.21376037597656,7230800
2025-05-09,158.02000427246094,159.1300048828125,157.41000366210938,157.66000366210938,153.25146484375,6453200
2025-05-12,157.42999267578125,161.0500030517578,156.69000244140625,160.89999389648438,156.40084838867188,7378400
2025-05-13,160.02000427246094,160.72000122070312,157.36000061035156,158.72999572753906,154.29153442382812,7780800
2025-05-14,158.1199951171875,159.16000366210938,157.57000732421875,158.02000427246094,153.60140991210938,5988900
2025-05-15,159.58999633789062,162.91000366210938,158.6999969482422,162.41000366210938,157.86863708496094,8727300
2025-05-16,162.64999389648438,163.42999267578125,161.85000610351562,163.27999877929688,158.7143096923828,7100800
2025-05-19,163.47000122070312,165.14999389648438,163.41000366210938,164.77000427246094,160.16265869140625,8119900
2025-05-20,164.61000061035156,166.0,164.60000610351562,165.63999938964844,161.00831604003906,5576600
2025-05-21,164.82000732421875,166.3699951171875,164.6199951171875,165.42999267578125,160.80419921875,6424200
2025-05-22,164.44000244140625,166.1999969482422,164.02000427246094,165.02999877929688,160.4153594970703,6245600
2025-05-23,164.8300018310547,166.22000122070312,163.47999572753906,165.86000061035156,161.22216796875,5349800
2025-05-27,165.27000427246094,167.97999572753906,165.27000427246094,167.75999450683594,163.06903076171875,11423800
2025-05-28,167.64999389648438,168.83999633789062,167.05999755859375,167.36000061035156,162.68023681640625,5385900
2025-05-29,166.74000549316406,168.99000549316406,166.44000244140625,168.55999755859375,163.84666442871094,4842500
2025-05-30,168.75,170.99000549316406,168.60000610351562,169.88999938964844,165.1394805908203,12587500
2025-06-02,169.02000427246094,169.0399932861328,166.22999572753906,167.77999877929688,163.08848571777344,7574400
2025-06-03,166.77999877929688,167.41000366210938,165.89999389648438,166.85000610351562,162.1844940185547,6223000
2025-06-04,166.69000244140625,168.0500030517578,165.9199981689453,165.9499969482422,161.3096466064453,4939000
2025-06-05,165.42999267578125,165.44000244140625,162.50999450683594,162.8000030517578,158.2477264404297,10351800
2025-06-06,163.2899932861328,165.24000549316406,163.27999877929688,164.02000427246094,159.43360900878906,5697700
2025-06-09,163.38999938964844,164.02000427246094,162.07000732421875,162.55999755859375,158.0144500732422,6544200
2025-06-10,162.69000244140625,163.50999450683594,161.9199981689453,162.83999633789062,158.28662109375,7680000
2025-06-11,162.6300048828125,162.77000427246094,161.69000244140625,162.11000061035156,157.57701110839844,5960100
2025-06-12,161.97000122070312,163.30999755859375,161.67999267578125,163.17999267578125,158.61709594726562,6509900
2025-06-13,162.75999450683594,163.02999877929688,159.91000366210938,160.27999877929688,155.79820251464844,7104500
2025-06-16,160.8800048828125,161.9499969482422,160.00999450683594,160.8800048828125,156.38143920898438,6332000
2025-06-17,160.05999755859375,160.3699951171875,158.30999755859375,158.52000427246094,154.08741760253906,6809700
2025-06-18,158.5500030517578,158.64999389648438,157.66000366210938,158.02000427246094,153.60140991210938,7211200
2025-06-20,158.02999877929688,159.33999633789062,157.85000610351562,159.0800018310547,154.6317596435547,16173400
2025-06-23,159.07000732421875,161.19000244140625,159.0,161.02999877929688,156.5272216796875,6588200
2025-06-24,161.17999267578125,161.74000549316406,159.64999389648438,160.36000061035156,155.8759765625,7470100
2025-06-25,159.82000732421875,160.33999633789062,158.7100067138672,158.97000122070312,154.5248260498047,5933700
2025-06-26,159.5500030517578,159.55999755859375,157.1699981689453,158.6300048828125,154.1943359375,7410400
2025-06-27,158.67999267578125,160.1300048828125,158.2899932861328,159.86000061035156,155.3899383544922,19257000
2025-06-30,159.25999450683594,159.89999389648438,158.1300048828125,159.32000732421875,154.8650360107422,11238200
2025-07-01,159.8800048828125,162.52999877929688,159.3800048828125,161.22000122070312,156.7119140625,10664900
2025-07-02,161.13999938964844,161.35000610351562,159.86000061035156,161.1999969482422,156.6924591064453,8848700
2025-07-03,161.7899932861328,162.02000427246094,159.7899932861328,160.8300018310547,156.3328094482422,6999600
2025-07-07,160.88999938964844,161.17999267578125,159.2899932861328,160.5,156.0120391845703,7225700
2025-07-08,159.52000427246094,159.77999877929688,157.44000244140625,157.88999938964844,153.4750213623047,12034800
2025-07-09,158.10000610351562,158.1999969482422,155.9499969482422,157.52000427246094,153.11538696289062,18770900
2025-07-10,157.75999450683594,159.61000061035156,157.0399932861328,158.49000549316406,154.05824279785156,7200500
2025-07-11,158.0500030517578,158.0500030517578,156.44000244140625,157.0500030517578,152.6585235595703,8053800
2025-07-14,155.5800018310547,155.8000030517578,152.86000061035156,153.75999450683594,149.46051025390625,11491700
2025-07-15,153.55999755859375,154.0500030517578,151.89999389648438,152.67999267578125,148.4106903076172,9142600
2025-07-16,152.74000549316406,153.75999450683594,152.27000427246094,153.72999572753906,149.4313507080078,8479000
2025-07-17,154.0399932861328,155.75,153.8800048828125,155.6199951171875,151.2685089111328,8320000
2025-07-18,153.77999877929688,155.57000732421875,153.6300048828125,155.10000610351562,151.7940673828125,7337300
2025-07-21,155.07000732421875,155.94000244140625,154.88999938964844,155.02999877929688,151.7255401611328,6328400
2025-07-22,154.9199981689453,158.3699951171875,154.89999389648438,158.32000732421875,154.9454345703125,8187000
2025-07-23,158.22000122070312,158.8800048828125,157.67999267578125,158.27999877929688,154.90626525878906,4804800
2025-07-24,158.8699951171875,159.02000427246094,158.0500030517578,158.80999755859375,155.42498779296875,7027400
2025-07-25,157.33999633789062,158.44000244140625,157.02000427246094,158.3000030517578,154.9258575439453,5799900
2025-07-28,157.6300048828125,158.08999633789062,156.22999572753906,157.11000061035156,153.76121520996094,7885000
2025-07-29,158.64999389648438,158.64999389648438,154.83999633789062,156.61000061035156,153.27186584472656,11466100
2025-07-30,157.0,157.0,152.0500030517578,152.8800048828125,149.62136840820312,8162900
2025-07-31,151.8000030517578,152.0,149.91000366210938,150.47000122070312,147.26275634765625,11845400
2025-08-01,151.77999877929688,153.49000549316406,150.52000427246094,150.64999389648438,147.4389190673828,8594200
2025-08-04,150.25,151.4600067138672,150.02000427246094,150.75999450683594,147.5465545654297,7679400
2025-08-05,150.7100067138672,152.0800018310547,150.32000732421875,150.50999450683594,147.3018798828125,6670100
2025-08-06,150.86000061035156,153.47999572753906,150.2100067138672,152.86000061035156,149.601806640625,7376200
2025-08-07,153.1199951171875,154.00999450683594,152.6999969482422,153.49000549316406,150.21836853027344,6719000
2025-08-08,152.77000427246094,153.7899932861328,152.57000732421875,153.50999450683594,150.23794555664062,5811000
2025-08-11,153.5399932861328,155.38999938964844,153.30999755859375,154.97999572753906,151.67662048339844,7331700
2025-08-12,155.05999755859375,155.5399932861328,154.30999755859375,155.08999633789062,151.78427124023438,6938000
2025-08-13,155.2100067138672,157.00999450683594,154.9499969482422,155.41000366210938,152.0974578857422,5812400
2025-08-14,154.63999938964844,154.6999969482422,153.27000427246094,153.74000549316406,150.46304321289062,6343700
2025-08-15,154.47000122070312,155.60000610351562,154.2100067138672,154.36000061035156,151.06982421875,7121700
2025-08-18,154.4199981689453,156.9199981689453,154.1699981689453,155.72000122070312,152.40084838867188,8274500
2025-08-19,155.72999572753906,158.6999969482422,155.6699981689453,158.39999389648438,155.02371215820312,7868100
2025-08-20,158.5800018310547,161.02999877929688,158.41000366210938,159.50999450683594,156.1100616455078,7840400
2025-08-21,157.92999267578125,159.05999755859375,157.17999267578125,158.72999572753906,155.3466796875,6417500
2025-08-22,159.3800048828125,160.67999267578125,158.30999755859375,158.6699981689453,155.28794860839844,5797300
2025-08-25,158.38999938964844,158.6999969482422,155.88999938964844,156.14999389648438,152.82167053222656,4692500
2025-08-26,155.9199981689453,156.6999969482422,155.33999633789062,155.97000122070312,152.64552307128906,6338000
2025-08-27,156.14999389648438,157.1300048828125,155.7899932861328,156.9600067138672,153.6144256591797,4551200
2025-08-28,157.0,157.00999450683594,155.02999877929688,155.64999389648438,152.33233642578125,5857400
2025-08-29,156.08999633789062,157.55999755859375,155.64999389648438,157.0399932861328,153.6927032470703,5318200
2025-09-02,157.36000061035156,158.86000061035156,156.97999572753906,157.99000549316406,154.62245178222656,6432800
2025-09-03,157.64999389648438,158.63999938964844,156.5,158.1699981689453,154.79861450195312,6592500
2025-09-04,158.52000427246094,159.75,157.80999755859375,159.19000244140625,155.79689025878906,6934900
2025-09-05,158.5500030517578,160.55999755859375,158.41000366210938,160.02000427246094,156.60919189453125,6436200
2025-09-08,159.61000061035156,160.27000427246094,158.25,159.00999450683594,155.62071228027344,7178400
2025-09-09,158.61000061035156,159.8699951171875,158.1999969482422,159.4600067138672,156.06112670898438,4984900
2025-09-10,158.60000610351562,158.94000244140625,155.88999938964844,157.35000610351562,153.99609375,6205500
2025-09-11,157.72000122070312,159.35000610351562,157.38999938964844,158.6300048828125,155.2488250732422,5819500
2025-09-12,157.92999267578125,159.1300048828125,157.77999877929688,157.89999389648438,154.53436279296875,5957000
2025-09-15,157.8800048828125,158.52000427246094,156.1999969482422,156.8300018310547,153.4871826171875,5995000
2025-09-16,157.13999938964844,158.38999938964844,156.88999938964844,158.0500030517578,154.68118286132812,6559600
2025-09-17,158.42999267578125,161.6699981689453,158.42999267578125,160.3300018310547,156.91256713867188,6764200
2025-09-18,158.14999389648438,159.02000427246094,157.16000366210938,157.32000732421875,153.9667510986328,7651500
2025-09-19,157.61000061035156,157.6199951171875,155.97000122070312,156.0399932861328,152.71400451660156,17224800
2025-09-22,156.0800018310547,156.0800018310547,153.0500030517578,153.07000732421875,149.8073272705078,8712900
2025-09-23,153.1999969482422,153.2899932861328,150.97000122070312,152.5,149.2494659423828,8853400
2025-09-24,152.0500030517578,153.6300048828125,151.7899932861328,152.4199981689453,149.17117309570312,6483300
2025-09-25,153.22999572753906,153.8800048828125,151.77999877929688,152.14999389648438,148.90692138671875,7511400
2025-09-26,152.22999572753906,152.67999267578125,151.52999877929688,152.5,149.2494659423828,5721100
2025-09-29,152.4199981689453,153.72000122070312,151.7899932861328,153.52999877929688,150.2575225830078,8139700
2025-09-30,153.4600067138672,154.3800048828125,152.83999633789062,153.64999389648438,150.3749542236328,7762600
2025-10-01,153.6999969482422,153.88999938964844,151.41000366210938,153.17999267578125,149.9149627685547,7566000
2025-10-02,152.72000122070312,152.8000030517578,151.6300048828125,152.0500030517578,148.80906677246094,6892100
2025-10-03,152.0,153.42999267578125,152.0,152.27000427246094,149.02438354492188,5212600
2025-10-06,151.5,152.32000732421875,150.39999389648438,150.41000366210938,147.2040252685547,6737000
2025-10-07,150.75999450683594,153.1699981689453,150.0500030517578,152.5399932861328,149.2886199951172,6844400
2025-10-08,152.7899932861328,152.7899932861328,150.6300048828125,150.69000244140625,147.47805786132812,5254700
2025-10-09,150.74000549316406,150.8699951171875,149.5800018310547,150.5800018310547,147.37039184570312,6134500
2025-10-10,150.94000244140625,151.50999450683594,149.4499969482422,149.69000244140625,146.49937438964844,7374000
2025-10-13,149.0,149.42999267578125,146.97000122070312,147.49000549316406,144.3462677001953,7511100
2025-10-14,147.57000732421875,149.25,147.0800018310547,149.16000366210938,145.9806671142578,8585300
2025-10-15,148.52999877929688,149.41000366210938,147.27000427246094,147.4199981689453,144.2777557373047,10003100
2025-10-16,148.00999450683594,150.39999389648438,147.9199981689453,149.60000610351562,146.4113006591797,8809700
2025-10-17,150.57000732421875,152.02999877929688,150.42999267578125,151.39999389648438,148.17291259765625,8612900
2025-10-20,151.58999633789062,152.38999938964844,151.3000030517578,151.9600067138672,148.7209930419922,5601300
2025-10-21,151.9600067138672,152.27999877929688,150.8699951171875,151.6199951171875,148.3882293701172,6013400
2025-10-22,151.3000030517578,153.4600067138672,150.7899932861328,152.1999969482422,148.95587158203125,6394400
2025-10-23,152.35000610351562,153.3000030517578,150.5800018310547,152.2100067138672,148.9656524658203,8205400
2025-10-24,156.39999389648438,157.39999389648438,151.52999877929688,152.49000549316406,150.28330993652344,11968500
2025-10-27,151.61000061035156,151.75999450683594,150.1300048828125,151.74000549316406,149.54417419433594,7775300
2025-10-28,151.1199951171875,153.1699981689453,150.6199951171875,151.3699951171875,149.1795196533203,5819300
2025-10-29,150.66000366210938,150.97000122070312,148.47000122070312,148.77000427246094,146.6171417236328,7405500
2025-10-30,149.47000122070312,150.8000030517578,149.33999633789062,149.5800018310547,147.41542053222656,6760700
2025-10-31,148.7100067138672,151.10000610351562,148.52999877929688,150.3699951171875,148.19398498535156,7930300
2025-11-03,150.10000610351562,150.22000122070312,147.77000427246094,148.02000427246094,145.8780059814453,8946400
2025-11-04,148.60000610351562,149.5,146.25,147.1699981689453,145.04029846191406,9295400
2025-11-05,146.8699951171875,147.4199981689453,145.64999389648438,145.7899932861328,143.6802520751953,11199900
2025-11-06,145.8800048828125,146.67999267578125,144.4600067138672,146.1300048828125,144.01535034179688,10024500
2025-11-07,146.9499969482422,147.94000244140625,146.0,146.97999572753906,144.85304260253906,8500100
2025-11-10,146.3800048828125,146.6199951171875,144.08999633789062,145.5,143.3944549560547,10208100
2025-11-11,145.9600067138672,148.64999389648438,145.6699981689453,148.5399932861328,146.3904571533203,7332500
2025-11-12,148.52999877929688,149.14999389648438,147.50999450683594,148.00999450683594,145.86813354492188,7851100
2025-11-13,148.17999267578125,149.0,147.63999938964844,147.9600067138672,145.81886291503906,7566800
2025-11-14,149.10000610351562,149.3800048828125,147.61000061035156,147.6699981689453,145.53305053710938,9150800
2025-11-17,147.75,147.97999572753906,145.00999450683594,145.82000732421875,143.7098388671875,9902300
2025-11-18,146.3300018310547,147.38999938964844,145.50999450683594,146.99000549316406,144.86289978027344,10735200
2025-11-19,146.9600067138672,147.5399932861328,145.86000061035156,146.99000549316406,144.86289978027344,6367000
2025-11-20,146.63999938964844,148.66000366210938,146.1300048828125,148.19000244140625,146.0455322265625,9021300
2025-11-21,148.3800048828125,151.5,148.3000030517578,150.9199981689453,148.73602294921875,12018000
2025-11-24,150.10000610351562,150.41000366210938,146.5399932861328,146.97999572753906,144.85304260253906,13846900
2025-11-25,147.32000732421875,148.64999389648438,147.22000122070312,148.49000549316406,146.3411865234375,10477700
2025-11-26,147.9199981689453,148.97000122070312,147.61000061035156,148.25,146.1046600341797,9238500
2025-11-28,147.8000030517578,148.7100067138672,147.17999267578125,148.16000366210938,146.01597595214844,4707200
2025-12-01,148.10000610351562,148.88999938964844,147.35000610351562,147.44000244140625,145.306396484375,8240700
2025-12-02,145.2899932861328,146.19000244140625,142.50999450683594,145.86000061035156,143.74925231933594,16376800
2025-12-03,145.9199981689453,148.2899932861328,145.86000061035156,146.7100067138672,144.5869598388672,9125300
2025-12-04,146.6699981689453,147.4199981689453,144.5,145.36000061035156,143.25650024414062,10479300
2025-12-05,145.16000366210938,145.6300048828125,143.25,143.4499969482422,141.37413024902344,12791700
2025-12-08,142.91000366210938,142.91000366210938,138.13999938964844,138.33999633789062,136.33807373046875,17507500
2025-12-09,139.19000244140625,140.8800048828125,139.0,139.6300048828125,137.60940551757812,10375700
2025-12-10,139.64999389648438,141.27999877929688,139.5399932861328,139.82000732421875,137.79666137695312,13650400
2025-12-11,141.0,141.83999633789062,140.36000061035156,140.75999450683594,138.72305297851562,11798000
2025-12-12,141.0,143.11000061035156,140.83999633789062,142.83999633789062,140.77294921875,10268800
2025-12-15,143.27000427246094,145.32000732421875,143.1999969482422,145.1300048828125,143.02981567382812,13877700
2025-12-16,146.10000610351562,146.5399932861328,144.64999389648438,145.2100067138672,143.10865783691406,10251700
2025-12-17,146.69000244140625,148.4499969482422,146.4499969482422,147.80999755859375,145.67103576660156,9833300
2025-12-18,146.6199951171875,147.5,145.35000610351562,145.52000427246094,143.41416931152344,12239900
2025-12-19,145.50999450683594,146.0500030517578,143.94000244140625,144.4600067138672,142.3695068359375,19345600
2025-12-22,143.7100067138672,144.39999389648438,142.4199981689453,142.69000244140625,140.6251220703125,11731400
2025-12-23,142.49000549316406,143.72999572753906,142.0800018310547,143.17999267578125,141.10801696777344,9541600
2025-12-24,142.89999389648438,144.74000549316406,142.8300018310547,144.49000549316406,142.3990936279297,3259200
2025-12-26,144.30999755859375,145.63999938964844,144.30999755859375,144.74000549316406,142.6454620361328,4711500
2025-12-29,144.8000030517578,145.07000732421875,143.9499969482422,144.57000732421875,142.47792053222656,7662100
2025-12-30,144.2899932861328,144.4600067138672,143.57000732421875,144.0500030517578,141.96543884277344,6006400
2025-12-31,144.0,144.13999938964844,143.22999572753906,143.30999755859375,141.2361602783203,5293200
2026-01-02,143.11000061035156,143.33999633789062,141.24000549316406,141.7899932861328,139.73814392089844,8946100
2026-01-05,141.10000610351562,141.35000610351562,139.60000610351562,140.3699951171875,138.3386993408203,12297300
2026-01-06,140.38999938964844,141.4199981689453,139.50999450683594,139.91000366210938,137.88536071777344,10421800
2026-01-07,139.8000030517578,139.8000030517578,137.6199951171875,138.0399932861328,136.0424041748047,14369100
2026-01-08,137.88999938964844,141.77999877929688,137.82000732421875,141.52999877929688,139.48190307617188,9297100
2026-01-09,141.6999969482422,142.3300018310547,140.8300018310547,141.8699951171875,139.81698608398438,9528500
2026-01-12,142.27999877929688,143.8800048828125,141.7100067138672,143.4600067138672,141.3839874267578,12812000
2026-01-13,144.0,144.33999633789062,142.97000122070312,144.24000549316406,142.15269470214844,15549200
2026-01-14,144.67999267578125,146.89999389648438,144.3699951171875,146.35000610351562,144.232177734375,13475000
2026-01-15,145.67999267578125,146.35000610351562,144.35000610351562,144.6300048828125,142.53704833984375,10102800
2026-01-16,143.75999450683594,144.72999572753906,143.66000366210938,144.52999877929688,142.43849182128906,11729300
2026-01-20,144.4600067138672,147.0,144.1199951171875,147.0,144.8727569580078,12901400
2026-01-21,147.05999755859375,147.3699951171875,144.97000122070312,146.05999755859375,143.9463653564453,14126800
2026-01-22,148.0800018310547,150.91000366210938,147.5,149.92999267578125,147.76034545898438,18501900
2026-01-23,150.83999633789062,151.64999389648438,149.8000030517578,150.14999389648438,149.02780151367188,14562600
2026-01-26,150.1199951171875,150.8800048828125,148.52000427246094,149.49000549316406,148.3727569580078,12655700
2026-01-27,148.07000732421875,149.63999938964844,147.92999267578125,148.33999633789062,147.23133850097656,9546000
2026-01-28,148.0,148.7100067138672,146.7899932861328,147.33999633789062,146.2388153076172,7465800
2026-01-29,147.2899932861328,150.1300048828125,147.11000061035156,149.89999389648438,148.77967834472656,11035600
2026-01-30,150.42999267578125,151.97000122070312,149.14999389648438,151.77000427246094,150.63571166992188,12651400
2026-02-02,152.4199981689453,153.72999572753906,151.25,153.19000244140625,152.0450897216797,10554900
2026-02-03,152.58999633789062,156.52999877929688,152.1999969482422,155.32000732421875,154.1591796875,12424700
2026-02-04,156.1300048828125,158.3699951171875,155.75999450683594,156.8699951171875,155.6975860595703,12178500
2026-02-05,158.83999633789062,159.64999389648438,156.1199951171875,158.61000061035156,157.42459106445312,13077700
2026-02-06,158.24000549316406,159.99000549316406,158.00999450683594,159.1699981689453,157.9803924560547,10441700
2026-02-09,158.75999450683594,159.27999877929688,156.02000427246094,157.3300018310547,156.15415954589844,11439900
2026-02-10,157.52999877929688,160.14999389648438,156.72000122070312,159.0800018310547,157.8910675048828,9910100
2026-02-11,158.63999938964844,161.13999938964844,158.19000244140625,160.0,158.80419921875,10217300
2026-02-12,160.02000427246094,163.13999938964844,159.64999389648438,161.2100067138672,160.00515747070312,13512900
2026-02-13,161.74000549316406,162.57000732421875,159.7100067138672,160.07000732421875,158.87368774414062,13998900
2026-02-17,159.9499969482422,162.1699981689453,158.8800048828125,159.5500030517578,158.35755920410156,13319100
2026-02-18,158.97999572753906,158.97999572753906,155.77000427246094,156.86000061035156,155.6876678466797,14434300
2026-02-19,156.8300018310547,159.9600067138672,156.8300018310547,158.55999755859375,157.3749542236328,10724600
2026-02-20,159.1300048828125,161.05999755859375,158.16000366210938,160.77999877929688,159.578369140625,11508100
2026-02-23,160.32000732421875,165.36000061035156,160.3000030517578,165.1699981689453,163.93556213378906,14772400
2026-02-24,164.89999389648438,166.8699951171875,163.94000244140625,165.27999877929688,164.04473876953125,9709500
2026-02-25,164.5399932861328,165.0,162.10000610351562,163.38999938964844,162.16885375976562,7878500
2026-02-26,164.22000122070312,164.5,162.86000061035156,163.75,162.5261688232422,7028600
2026-02-27,164.0399932861328,167.25,163.69000244140625,167.1999969482422,165.95037841796875,14878500
2026-03-02,165.2899932861328,166.5500030517578,163.4499969482422,163.50999450683594,162.2879638671875,9095500
2026-03-03,162.19000244140625,162.19000244140625,158.6199951171875,159.72000122070312,158.5262908935547,10161000
2026-03-04,159.44000244140625,159.61000061035156,157.30999755859375,158.3000030517578,157.11691284179688,8752700
2026-03-05,156.94000244140625,157.10000610351562,153.77000427246094,153.99000549316406,152.83912658691406,10060300
2026-03-06,153.66000366210938,154.42999267578125,151.88999938964844,153.6300048828125,152.4818115234375,8187900
2026-03-09,153.14999389648438,156.22999572753906,152.89999389648438,155.22000122070312,154.05992126464844,12494900
2026-03-10,155.49000549316406,157.14999389648438,153.60000610351562,156.00999450683594,154.84400939941406,7756800
2026-03-11,155.22999572753906,155.3800048828125,151.42999267578125,153.32000732421875,152.17413330078125,8855100
2026-03-12,152.2100067138672,153.0500030517578,150.3300018310547,150.5,149.3751983642578,8489300
2026-03-13,151.3699951171875,152.5500030517578,150.17999267578125,150.64999389648438,149.52407836914062,7298900
2026-03-16,151.86000061035156,152.63999938964844,150.64999389648438,152.1199951171875,150.98309326171875,6944000
2026-03-17,153.00999450683594,153.4600067138672,151.1999969482422,151.47999572753906,150.34786987304688,6147700
2026-03-18,149.30999755859375,149.6199951171875,146.4600067138672,146.7100067138672,145.613525390625,10059300
2026-03-19,146.22000122070312,147.3800048828125,144.7899932861328,144.83999633789062,143.7574920654297,10340300
2026-03-20,144.99000549316406,145.82000732421875,144.25,144.27999877929688,143.20169067382812,60620900
2026-03-23,146.14999389648438,146.14999389648438,143.47999572753906,143.99000549316406,142.9138641357422,10315600
2026-03-24,143.3300018310547,145.22999572753906,142.22999572753906,143.16000366210938,142.09005737304688,8567600
2026-03-25,143.74000549316406,144.10000610351562,142.22999572753906,143.9199981689453,142.84437561035156,8418100
2026-03-26,143.69000244140625,144.57000732421875,142.24000549316406,142.4199981689453,141.3555908203125,6443200
2026-03-27,142.72000122070312,144.0800018310547,142.00999450683594,142.7100067138672,141.6434326171875,11558300
2026-03-30,143.0399932861328,145.57000732421875,142.57000732421875,144.72000122070312,143.63839721679688,11616300
2026-03-31,144.82000732421875,144.9199981689453,142.27999877929688,144.44000244140625,143.36048889160156,10407500
2026-04-01,143.9199981689453,144.97000122070312,143.2100067138672,144.08999633789062,143.0131072998047,8061700
2026-04-02,144.08999633789062,144.2100067138672,142.5800018310547,143.1199951171875,142.05035400390625,5941700
2026-04-06,143.00999450683594,143.6699981689453,141.9199981689453,142.77000427246094,141.70297241210938,6823100
2026-04-07,142.52000427246094,142.77000427246094,140.74000549316406,141.3000030517578,140.24395751953125,7207500
2026-04-08,143.14999389648438,145.11000061035156,141.8699951171875,144.89999389648438,143.81704711914062,10849700
2026-04-09,144.38999938964844,146.94000244140625,143.0,146.66000366210938,145.56390380859375,6794800
2026-04-10,146.88999938964844,146.88999938964844,144.75999450683594,145.16000366210938,144.0751190185547,9790300
2026-04-13,145.0,145.08999633789062,142.6300048828125,143.5800018310547,142.5069122314453,7121400
2026-04-14,143.24000549316406,144.72000122070312,142.77000427246094,144.3800048828125,143.3009490966797,6621600
2026-04-15,144.36000061035156,144.39999389648438,142.25999450683594,143.3800048828125,142.30841064453125,7698200
2026-04-16,143.1999969482422,144.2899932861328,142.66000366210938,143.11000061035156,142.04043579101562,6947100
2026-04-17,143.41000366210938,147.58999633789062,143.16000366210938,146.92999267578125,145.83187866210938,10886000
2026-04-20,146.05999755859375,146.66000366210938,143.58999633789062,144.49000549316406,143.41012573242188,8084700
2026-04-21,144.6199951171875,144.6199951171875,142.32000732421875,142.32000732421875,141.25634765625,11197200
2026-04-22,142.5,143.3000030517578,142.22000122070312,142.85000610351562,141.78237915039062,7236300
2026-04-23,143.39999389648438,146.22999572753906,143.39999389648438,145.7100067138672,144.62100219726562,11288800
2026-04-24,152.00999450683594,152.4199981689453,147.6199951171875,148.17999267578125,148.17999267578125,13786200
2026-04-27,147.4199981689453,149.6999969482422,147.4199981689453,148.39999389648438,148.39999389648438,9166400
2026-04-28,150.02999877929688,151.19000244140625,148.42999267578125,149.1699981689453,149.1699981689453,7965700
2026-04-29,148.3000030517578,148.75,145.88999938964844,146.4600067138672,146.4600067138672,9002400
2026-04-30,147.08999633789062,147.72000122070312,145.9499969482422,147.08999633789062,147.08999633789062,9491700
2026-05-01,147.8699951171875,149.27999877929688,146.4600067138672,147.25999450683594,147.25999450683594,6814800
2026-05-04,146.05999755859375,146.05999755859375,143.27000427246094,143.4199981689453,143.4199981689453,9642800
2026-05-05,143.3800048828125,145.89999389648438,142.17999267578125,144.89999389648438,144.89999389648438,7664300
2026-05-06,146.39999389648438,148.9499969482422,145.94000244140625,147.89999389648438,147.89999389648438,9399500
2026-05-07,147.99000549316406,147.99000549316406,146.02000427246094,146.05999755859375,146.05999755859375,9545800
2026-05-08,146.5500030517578,147.52000427246094,146.2100067138672,146.4199981689453,146.4199981689453,5741000
2026-05-11,145.7899932861328,145.9499969482422,141.97000122070312,143.36000061035156,143.36000061035156,7489500
2026-05-12,144.35000610351562,145.86000061035156,142.86000061035156,143.91000366210938,143.91000366210938,9051200
2026-05-13,143.14999389648438,144.6699981689453,141.66000366210938,142.24000549316406,142.24000549316406,6685900
2026-05-14,143.17999267578125,144.27999877929688,142.6300048828125,142.7100067138672,142.7100067138672,9636200
2026-05-15,143.39999389648438,143.39999389648438,141.1999969482422,141.57000732421875,141.57000732421875,6989400
2026-05-18,142.10000610351562,144.42999267578125,141.6300048828125,142.38999938964844,142.38999938964844,7731200
2026-05-19,142.47000122070312,143.7100067138672,140.85000610351562,141.3000030517578,141.3000030517578,8355800
2026-05-20,141.4499969482422,143.22000122070312,140.6199951171875,142.44000244140625,142.44000244140625,8375600
2026-05-21,141.8800048828125,143.72000122070312,140.08999633789062,143.39999389648438,143.39999389648438,6297300
2026-05-22,143.8699951171875,144.63999938964844,143.52999877929688,144.44000244140625,144.44000244140625,4616700
