Date,Open,High,Low,Close,Adj Close,Volume
2021-05-24,118.11000061035156,119.04000091552734,117.5999984741211,118.1500015258789,102.5212631225586,2280200
2021-05-25,118.38999938964844,118.62999725341797,116.75,118.18000030517578,102.54729461669922,2072100
2021-05-26,118.33999633789062,118.69999694824219,117.37000274658203,117.51000213623047,101.96591186523438,2231800
2021-05-27,117.6500015258789,118.30999755859375,116.70999908447266,116.86000061035156,101.40189361572266,3470100
2021-05-28,117.70999908447266,118.62000274658203,117.25,117.83999633789062,102.25225067138672,2870700
2021-06-01,118.45999908447266,120.11000061035156,117.51000213623047,119.83000183105469,103.97903442382812,2547100
2021-06-02,120.19000244140625,121.8499984741211,119.9800033569336,121.73999786376953,105.6363754272461,3934300
2021-06-03,121.75,122.16000366210938,121.11000061035156,121.87000274658203,105.74917602539062,4006000
2021-06-04,122.36000061035156,122.7300033569336,121.47000122070312,122.38999938964844,106.20038604736328,2521400
2021-06-07,122.81999969482422,123.16999816894531,122.4000015258789,122.68000030517578,106.45203399658203,1688000
2021-06-08,123.12000274658203,124.45999908447266,122.75,123.66000366210938,107.3023910522461,2564200
2021-06-09,124.11000061035156,124.30999755859375,123.18000030517578,123.61000061035156,107.25902557373047,1538200
2021-06-10,123.55000305175781,126.31999969482422,123.41999816894531,126.27999877929688,109.5758285522461,2550900
2021-06-11,126.18000030517578,126.18000030517578,123.9000015258789,124.70999908447266,108.21350860595703,2385300
2021-06-14,124.93000030517578,126.16999816894531,124.43000030517578,126.16000366210938,109.47171783447266,1977900
2021-06-15,125.33000183105469,125.91999816894531,123.05000305175781,123.13999938964844,107.387451171875,2666500
2021-06-16,123.66999816894531,124.22000122070312,121.3499984741211,121.41999816894531,105.8874740600586,4271600
2021-06-17,121.1500015258789,122.83999633789062,121.0999984741211,122.61000061035156,106.92524719238281,3612600
2021-06-18,122.18000030517578,122.98999786376953,119.41999816894531,119.56999969482422,104.27413177490234,7018100
2021-06-21,119.95999908447266,122.87999725341797,119.5,122.58999633789062,106.90780639648438,2745100
2021-06-22,122.4000015258789,122.72000122070312,121.69999694824219,121.9800033569336,106.3758544921875,2078400
2021-06-23,121.93000030517578,122.2300033569336,121.02999877929688,121.12000274658203,105.6258544921875,2583600
2021-06-24,121.48999786376953,121.83000183105469,120.47000122070312,121.2699966430664,105.75665283203125,2340400
2021-06-25,121.05000305175781,122.08000183105469,120.58999633789062,122.0,106.39328002929688,2075800
2021-06-28,122.47000122070312,122.48999786376953,120.61000061035156,121.62000274658203,106.06188201904297,1447000
2021-06-29,121.44000244140625,122.69999694824219,121.27999877929688,121.44999694824219,105.91363525390625,1743800
2021-06-30,121.08999633789062,122.23999786376953,119.43000030517578,119.52999877929688,104.23925018310547,2910800
2021-07-01,119.54000091552734,121.13999938964844,119.1500015258789,119.9800033569336,104.6316909790039,3211500
2021-07-02,120.41000366210938,121.79000091552734,120.08000183105469,121.02999877929688,105.54735565185547,1789900
2021-07-06,121.26000213623047,122.70999908447266,120.25,122.54000091552734,106.86420440673828,2864500
2021-07-07,122.63999938964844,123.94000244140625,121.81999969482422,123.29000091552734,107.51828002929688,2980300
2021-07-08,122.63999938964844,123.87999725341797,122.5,123.11000061035156,107.36128997802734,1927000
2021-07-09,123.47000122070312,125.44999694824219,122.94000244140625,125.38999938964844,109.34961700439453,2311200
2021-07-12,125.83999633789062,127.81999969482422,125.83000183105469,127.41000366210938,111.1112060546875,2730500
2021-07-13,126.87000274658203,127.29000091552734,125.04000091552734,125.61000061035156,109.54146575927734,1811300
2021-07-14,125.47000122070312,127.05999755859375,125.2300033569336,126.2300033569336,110.08216094970703,2133000
2021-07-15,126.33000183105469,127.41000366210938,126.01000213623047,126.93000030517578,110.69261169433594,1426900
2021-07-16,127.12000274658203,128.75999450683594,126.87999725341797,127.27999877929688,110.99784851074219,2633100
2021-07-19,127.06999969482422,128.57000732421875,125.79000091552734,126.77999877929688,110.56179809570312,2878200
2021-07-20,127.87999725341797,128.8699951171875,126.94999694824219,127.98999786376953,111.61701202392578,2453100
2021-07-21,127.7699966430664,128.1999969482422,126.44000244140625,126.9000015258789,110.66647338867188,1863500
2021-07-22,126.69000244140625,127.37000274658203,126.30999755859375,127.16999816894531,110.90190124511719,1448900
2021-07-23,127.62000274658203,128.08999633789062,126.66999816894531,127.88999938964844,111.5298080444336,1496400
2021-07-26,127.44000244140625,128.05999755859375,127.0199966430664,127.9800033569336,111.6082763671875,1874500
2021-07-27,127.5999984741211,129.35000610351562,127.19000244140625,129.19000244140625,112.66352081298828,1631900
2021-07-28,129.1300048828125,129.1300048828125,127.16999816894531,127.62999725341797,111.30307006835938,1914300
2021-07-29,127.94999694824219,128.42999267578125,127.36000061035156,127.88999938964844,111.5298080444336,1330200
2021-07-30,128.16000366210938,129.49000549316406,127.88999938964844,128.0399932861328,111.6606216430664,2156500
2021-08-02,128.72000122070312,129.60000610351562,128.0500030517578,128.4600067138672,112.02689361572266,2059100
2021-08-03,129.07000732421875,129.67999267578125,128.1199951171875,129.6699981689453,113.08212280273438,1888600
2021-08-04,129.75,130.1699981689453,128.5,128.89999389648438,112.41059112548828,1854300
2021-08-05,129.5500030517578,130.52000427246094,128.80999755859375,130.4499969482422,113.76231384277344,1662100
2021-08-06,129.91000366210938,130.4499969482422,128.8000030517578,129.7100067138672,113.11698913574219,3207800
2021-08-09,129.77000427246094,130.1699981689453,129.1199951171875,130.00999450683594,113.37859344482422,1055600
2021-08-10,130.00999450683594,130.19000244140625,128.75,129.35000610351562,112.80303955078125,2259300
2021-08-11,130.07000732421875,130.30999755859375,128.42999267578125,128.89999389648438,112.41059112548828,2527300
2021-08-12,129.3800048828125,130.1699981689453,128.55999755859375,130.07000732421875,113.43093872070312,1422000
2021-08-13,130.3300018310547,132.0800018310547,129.89999389648438,131.97999572753906,115.09658813476562,1557600
2021-08-16,132.17999267578125,133.91000366210938,132.00999450683594,133.69000244140625,116.58782958984375,2972200
2021-08-17,133.33999633789062,134.19000244140625,133.02999877929688,134.0800018310547,116.9279556274414,2541600
2021-08-18,134.02999877929688,134.49000549316406,131.9600067138672,132.5,115.550048828125,2719300
2021-08-19,132.0399932861328,133.35000610351562,131.8800048828125,133.14999389648438,116.11692810058594,1473800
2021-08-20,133.10000610351562,134.66000366210938,131.97999572753906,134.25,117.07623291015625,2488600
2021-08-23,134.14999389648438,134.6999969482422,133.1300048828125,133.38999938964844,116.32623291015625,1583500
2021-08-24,133.38999938964844,133.42999267578125,130.66000366210938,130.75,114.02393341064453,1986600
2021-08-25,130.52999877929688,131.32000732421875,129.69000244140625,130.52999877929688,113.83208465576172,2242200
2021-08-26,130.72000122070312,131.1999969482422,129.6699981689453,130.6199951171875,113.91056823730469,2526400
2021-08-27,131.4499969482422,131.57000732421875,130.55999755859375,131.30999755859375,114.51229095458984,1646100
2021-08-30,131.30999755859375,133.88999938964844,131.27999877929688,133.72999572753906,116.62271881103516,1491800
2021-08-31,133.69000244140625,135.02999877929688,132.77000427246094,134.66000366210938,117.43376159667969,2890900
2021-09-01,135.0,138.07000732421875,134.5800018310547,137.7899932861328,120.1633529663086,3575500
2021-09-02,137.75,138.64999389648438,136.8800048828125,138.47000122070312,120.7563705444336,2758800
2021-09-03,138.0399932861328,139.3300018310547,136.61000061035156,138.99000549316406,121.2098617553711,2520000
2021-09-07,138.2100067138672,138.38999938964844,135.9499969482422,137.64999389648438,120.041259765625,2737500
2021-09-08,137.22000122070312,139.60000610351562,136.8699951171875,138.5399932861328,120.81739807128906,2030700
2021-09-09,137.60000610351562,138.0,134.69000244140625,134.72000122070312,117.48606872558594,2566600
2021-09-10,135.1300048828125,135.33999633789062,133.52000427246094,133.6300048828125,116.53553009033203,1963500
2021-09-13,134.77000427246094,134.9499969482422,132.61000061035156,132.77999877929688,115.79424285888672,1713800
2021-09-14,133.25,133.6699981689453,131.72000122070312,132.5500030517578,115.59368133544922,1781400
2021-09-15,133.00999450683594,134.3000030517578,132.05999755859375,133.2899932861328,116.23899841308594,2223700
2021-09-16,132.66000366210938,133.72000122070312,131.6199951171875,132.5800018310547,116.16893768310547,2126400
2021-09-17,131.3699951171875,132.13999938964844,129.77000427246094,130.11000061035156,114.0046615600586,8745900
2021-09-20,128.9600067138672,130.27000427246094,127.69999694824219,129.05999755859375,113.08464050292969,2159500
2021-09-21,129.6300048828125,130.83999633789062,128.80999755859375,128.85000610351562,112.90062713623047,1793900
2021-09-22,129.58999633789062,130.5800018310547,128.89999389648438,130.00999450683594,113.91703033447266,2840600
2021-09-23,129.85000610351562,130.1699981689453,128.8300018310547,128.83999633789062,112.89185333251953,2275200
2021-09-24,128.75,129.19000244140625,127.45999908447266,127.9000015258789,112.06822204589844,2092800
2021-09-27,127.26000213623047,128.52000427246094,126.08999633789062,126.19000244140625,110.56989288330078,2126900
2021-09-28,125.25,126.16000366210938,123.9000015258789,125.58000183105469,110.03538513183594,3054100
2021-09-29,126.08000183105469,127.30000305175781,125.88999938964844,126.44000244140625,110.78895568847656,1608200
2021-09-30,127.19999694824219,127.68000030517578,125.36000061035156,125.43000030517578,109.90396881103516,3214000
2021-10-01,125.70999908447266,127.3499984741211,124.20999908447266,126.43000030517578,110.7801742553711,1708700
2021-10-04,125.83000183105469,127.20999908447266,125.26000213623047,126.83000183105469,111.13066101074219,2061900
2021-10-05,127.19999694824219,127.5999984741211,125.7699966430664,126.43000030517578,110.7801742553711,1924300
2021-10-06,126.16000366210938,127.83000183105469,124.5,127.79000091552734,111.97183990478516,2242600
2021-10-07,128.8300018310547,131.0800018310547,128.8300018310547,129.3800048828125,113.36502075195312,2559200
2021-10-08,128.9600067138672,129.24000549316406,128.3000030517578,128.52999877929688,112.6202163696289,1403400
2021-10-11,128.0,129.17999267578125,127.27999877929688,128.94000244140625,112.9794921875,1468600
2021-10-12,129.3300018310547,132.9600067138672,128.83999633789062,132.2899932861328,115.91481018066406,2700100
2021-10-13,132.0399932861328,134.1699981689453,131.82000732421875,133.89999389648438,117.32552337646484,2165400
2021-10-14,134.10000610351562,136.02999877929688,133.80999755859375,135.72999572753906,118.92902374267578,1997400
2021-10-15,138.55999755859375,139.0800018310547,135.86000061035156,136.97999572753906,120.02427673339844,3509000
2021-10-18,136.86000061035156,140.80999755859375,136.25999450683594,139.7899932861328,122.4864273071289,2614700
2021-10-19,139.99000549316406,140.16000366210938,138.77000427246094,139.1199951171875,121.89937591552734,1843500
2021-10-20,139.94000244140625,143.4499969482422,139.14999389648438,143.4199981689453,125.66712951660156,2646500
2021-10-21,144.25999450683594,145.9499969482422,143.8300018310547,144.94000244140625,126.99897003173828,2939800
2021-10-22,144.91000366210938,145.8800048828125,143.69000244140625,144.0,126.1753158569336,2163100
2021-10-25,144.22000122070312,145.22000122070312,143.2100067138672,145.10000610351562,127.13917541503906,1793600
2021-10-26,145.08999633789062,146.8800048828125,144.86000061035156,146.22999572753906,128.12924194335938,1776800
2021-10-27,146.85000610351562,146.88999938964844,143.42999267578125,143.86000061035156,126.0526351928711,2049800
2021-10-28,144.52999877929688,146.74000549316406,144.22000122070312,146.6699981689453,128.51478576660156,1895700
2021-10-29,145.97999572753906,146.61000061035156,144.6199951171875,144.9600067138672,127.0165023803711,3743200
2021-11-01,145.3000030517578,145.63999938964844,142.0,144.72999572753906,126.81497192382812,1915800
2021-11-02,145.16000366210938,147.22000122070312,144.36000061035156,147.02999877929688,128.83029174804688,1720100
2021-11-03,147.4199981689453,148.1199951171875,145.91000366210938,147.64999389648438,129.37355041503906,1739300
2021-11-04,147.63999938964844,148.94000244140625,146.97999572753906,147.8699951171875,129.56625366210938,1598800
2021-11-05,148.94000244140625,149.08999633789062,146.42999267578125,146.69000244140625,128.5323486328125,2048400
2021-11-08,147.24000549316406,148.2899932861328,145.86000061035156,148.07000732421875,129.7415313720703,1166900
2021-11-09,148.58999633789062,148.99000549316406,147.80999755859375,148.4499969482422,130.07447814941406,1761600
2021-11-10,147.86000061035156,149.6300048828125,147.86000061035156,148.77000427246094,130.35487365722656,1453400
2021-11-11,148.75,148.9499969482422,147.52000427246094,148.91000366210938,130.47755432128906,1291500
2021-11-12,149.1199951171875,149.9199981689453,147.5500030517578,148.80999755859375,130.3899383544922,1690000
2021-11-15,148.85000610351562,150.25,148.1199951171875,150.1999969482422,131.60784912109375,1502100
2021-11-16,150.30999755859375,150.92999267578125,148.83999633789062,149.47000122070312,130.96823120117188,1318200
2021-11-17,148.75999450683594,150.75999450683594,146.0500030517578,150.3800048828125,131.7655792236328,2039700
2021-11-18,150.5,151.72000122070312,149.50999450683594,150.5800018310547,131.9408416748047,1464400
2021-11-19,151.3699951171875,151.3699951171875,148.9199981689453,150.22000122070312,131.62539672851562,1979900
2021-11-22,150.44000244140625,152.61000061035156,149.4499969482422,150.89999389648438,132.22120666503906,1588500
2021-11-23,150.8699951171875,153.24000549316406,149.64999389648438,152.5800018310547,133.69326782226562,1908200
2021-11-24,152.69000244140625,154.8699951171875,151.72999572753906,154.50999450683594,135.3843536376953,1256100
2021-11-26,153.17999267578125,153.3300018310547,149.77000427246094,149.8800048828125,131.32748413085938,1767300
2021-11-29,151.24000549316406,154.02999877929688,150.4499969482422,153.27999877929688,134.306640625,3045500
2021-11-30,152.08999633789062,153.47999572753906,150.69000244140625,150.75,132.08978271484375,5225900
2021-12-01,152.22000122070312,156.6999969482422,150.1199951171875,151.6999969482422,132.92221069335938,3043300
2021-12-02,151.66000366210938,155.72000122070312,151.66000366210938,154.4199981689453,135.30552673339844,2729700
2021-12-03,154.75,157.50999450683594,152.25,154.66000366210938,135.51580810546875,2885200
2021-12-06,155.1199951171875,157.19000244140625,154.75999450683594,156.5500030517578,137.17184448242188,3254600
2021-12-07,157.6300048828125,159.47999572753906,156.47000122070312,159.3000030517578,139.58145141601562,2800200
2021-12-08,159.22999572753906,161.11000061035156,158.4199981689453,159.44000244140625,139.70413208007812,2202800
2021-12-09,159.07000732421875,159.44000244140625,156.8699951171875,157.55999755859375,138.0568084716797,2165700
2021-12-10,158.0,159.75,157.1199951171875,159.0800018310547,139.38870239257812,2024800
2021-12-13,158.22999572753906,161.8000030517578,157.30999755859375,161.0800018310547,141.70228576660156,2550000
2021-12-14,160.55999755859375,160.86000061035156,157.14999389648438,158.72999572753906,139.63499450683594,3268800
2021-12-15,159.5399932861328,163.17999267578125,159.10000610351562,162.55999755859375,143.00425720214844,2979300
2021-12-16,162.3300018310547,163.99000549316406,161.86000061035156,163.25,143.61123657226562,3772300
2021-12-17,162.86000061035156,165.0800018310547,160.8000030517578,161.17999267578125,141.79026794433594,6983700
2021-12-20,160.08999633789062,162.3800048828125,159.2100067138672,161.38999938964844,141.9750213623047,2230800
2021-12-21,162.24000549316406,163.69000244140625,160.08999633789062,160.7899932861328,141.4471435546875,2185800
2021-12-22,161.3000030517578,162.52000427246094,160.50999450683594,162.25999450683594,142.74032592773438,2136800
2021-12-23,162.52000427246094,162.9499969482422,160.27999877929688,161.75,142.29165649414062,3047800
2021-12-27,162.61000061035156,165.9600067138672,162.61000061035156,165.88999938964844,145.93365478515625,1591000
2021-12-28,165.9600067138672,165.9600067138672,164.02000427246094,165.7899932861328,145.845703125,1749300
2021-12-29,165.9600067138672,168.55999755859375,165.55999755859375,167.67999267578125,147.50830078125,1399600
2021-12-30,167.58999633789062,168.83999633789062,166.69000244140625,167.97000122070312,147.763427734375,1504800
2021-12-31,168.0800018310547,169.92999267578125,167.58999633789062,168.36000061035156,148.1065216064453,2025800
2022-01-03,168.4600067138672,169.02999877929688,162.0399932861328,164.89999389648438,145.06277465820312,3437500
2022-01-04,164.1699981689453,165.3300018310547,160.10000610351562,161.0,141.63192749023438,4209300
2022-01-05,161.0,161.3300018310547,157.3699951171875,157.64999389648438,138.68492126464844,3818200
2022-01-06,157.42999267578125,157.4499969482422,155.35000610351562,156.57000732421875,137.7348175048828,3090400
2022-01-07,156.5,156.83999633789062,153.42999267578125,153.72999572753906,135.23646545410156,3449000
2022-01-10,152.3800048828125,153.3300018310547,149.82000732421875,153.02000427246094,134.61195373535156,4169500
2022-01-11,153.24000549316406,153.9199981689453,151.39999389648438,152.99000549316406,134.58551025390625,2656500
2022-01-12,153.0,155.0,153.0,153.24000549316406,134.80545043945312,2635800
2022-01-13,153.33999633789062,154.38999938964844,152.89999389648438,153.14999389648438,134.7262420654297,2108000
2022-01-14,152.75,153.16000366210938,150.61000061035156,152.74000549316406,134.3656005859375,2330300
2022-01-18,151.57000732421875,153.61000061035156,150.5,153.42999267578125,134.97254943847656,4121300
2022-01-19,155.75,159.2100067138672,153.50999450683594,153.58999633789062,135.11329650878906,4361800
2022-01-20,151.99000549316406,157.0,151.6199951171875,154.13999938964844,135.59716796875,3494800
2022-01-21,157.14999389648438,157.89999389648438,154.77000427246094,155.42999267578125,136.73199462890625,4375000
2022-01-24,155.4199981689453,155.4199981689453,149.1300048828125,153.30999755859375,134.86700439453125,5717800
2022-01-25,151.00999450683594,154.7100067138672,150.77999877929688,153.9600067138672,135.4388427734375,3755500
2022-01-26,154.16000366210938,156.72000122070312,150.72000122070312,151.72000122070312,133.46829223632812,3698400
2022-01-27,151.85000610351562,154.14999389648438,147.58999633789062,148.61000061035156,130.73245239257812,4062400
2022-01-28,149.32000732421875,155.11000061035156,146.38999938964844,155.07000732421875,136.41529846191406,3645200
2022-01-31,155.2100067138672,157.27000427246094,154.42999267578125,156.82000732421875,137.9547576904297,3260500
2022-02-01,157.41000366210938,157.5,152.3300018310547,153.52000427246094,135.0517578125,3349800
2022-02-02,154.72000122070312,157.9600067138672,154.72000122070312,157.3300018310547,138.40345764160156,2910600
2022-02-03,156.05999755859375,157.77999877929688,155.77999877929688,156.44000244140625,137.62046813964844,1968300
2022-02-04,155.02999877929688,155.77999877929688,152.58999633789062,153.49000549316406,135.02536010742188,1929800
2022-02-07,153.25999450683594,154.38999938964844,151.63999938964844,152.0500030517578,133.7585906982422,3816300
2022-02-08,152.58999633789062,152.8300018310547,150.4199981689453,151.19000244140625,133.00201416015625,2459600
2022-02-09,152.6999969482422,155.57000732421875,152.6999969482422,155.3699951171875,136.67921447753906,2278900
2022-02-10,152.5800018310547,154.05999755859375,147.2899932861328,148.42999267578125,130.57406616210938,3093900
2022-02-11,149.35000610351562,150.07000732421875,145.1699981689453,146.30999755859375,128.7091064453125,4395500
2022-02-14,146.0399932861328,148.07000732421875,144.3800048828125,145.33999633789062,127.85578155517578,3180100
2022-02-15,146.5500030517578,147.55999755859375,145.22000122070312,145.6199951171875,128.10208129882812,3064100
2022-02-16,146.1300048828125,146.94000244140625,142.74000549316406,144.3800048828125,127.01132202148438,2245600
2022-02-17,143.25,144.0500030517578,142.1999969482422,143.27999877929688,126.04363250732422,2703900
2022-02-18,143.11000061035156,144.24000549316406,141.9499969482422,142.5500030517578,125.40142059326172,2485200
2022-02-22,143.05999755859375,144.44000244140625,141.63999938964844,142.3699951171875,125.24304962158203,3244000
2022-02-23,143.17999267578125,144.14999389648438,140.5800018310547,140.75999450683594,123.82676696777344,2362800
2022-02-24,138.47000122070312,143.67999267578125,137.89999389648438,143.3300018310547,126.08759307861328,3439800
2022-02-25,143.85000610351562,148.50999450683594,143.66000366210938,148.4499969482422,130.59164428710938,2934600
2022-02-28,146.49000549316406,147.39999389648438,143.88999938964844,145.85000610351562,128.30442810058594,4213200
2022-03-01,146.72999572753906,147.69000244140625,145.07000732421875,145.75999450683594,128.22525024414062,3458300
2022-03-02,146.25999450683594,148.52999877929688,145.72000122070312,147.63999938964844,129.8790740966797,2816600
2022-03-03,148.86000061035156,150.47999572753906,147.3000030517578,149.5800018310547,131.58575439453125,2248600
2022-03-04,148.02999877929688,150.9600067138672,147.24000549316406,150.83999633789062,132.69412231445312,2780800
2022-03-07,150.58999633789062,151.24000549316406,148.5399932861328,148.91000366210938,130.996337890625,2590700
2022-03-08,148.30999755859375,150.3000030517578,146.74000549316406,146.99000549316406,129.3072967529297,3021400
2022-03-09,149.17999267578125,152.0,148.32000732421875,150.47999572753906,132.37747192382812,1895100
2022-03-10,148.99000549316406,151.5399932861328,147.77999877929688,151.0800018310547,132.90530395507812,1988400
2022-03-11,152.22000122070312,152.5500030517578,147.67999267578125,147.8300018310547,130.0462646484375,1997400
2022-03-14,148.39999389648438,150.3000030517578,147.60000610351562,149.1699981689453,131.22508239746094,2391400
2022-03-15,151.4199981689453,152.85000610351562,149.47000122070312,151.83999633789062,133.57388305664062,2171300
2022-03-16,153.39999389648438,155.27000427246094,151.1199951171875,154.57000732421875,135.9754638671875,3752700
2022-03-17,153.72999572753906,156.72000122070312,152.0800018310547,156.66000366210938,138.52198791503906,2218700
2022-03-18,156.25999450683594,160.42999267578125,156.25999450683594,160.16000366210938,141.6167755126953,6604900
2022-03-21,160.4499969482422,160.85000610351562,157.2899932861328,158.9199981689453,140.5203399658203,2702000
2022-03-22,160.14999389648438,160.7899932861328,157.55999755859375,158.6699981689453,140.29928588867188,3374100
2022-03-23,158.02000427246094,159.07000732421875,156.88999938964844,157.22999572753906,139.0260009765625,2477400
2022-03-24,157.5,157.89999389648438,154.11000061035156,155.88999938964844,137.8411407470703,2515600
2022-03-25,156.14999389648438,157.41000366210938,154.2899932861328,157.3300018310547,139.1144256591797,1896400
2022-03-28,157.52999877929688,161.00999450683594,157.08999633789062,160.35000610351562,141.78477478027344,2675600
2022-03-29,161.67999267578125,165.16000366210938,160.22000122070312,164.6999969482422,145.63113403320312,3299900
2022-03-30,163.72999572753906,164.25,162.05999755859375,164.13999938964844,145.135986328125,2368900
2022-03-31,164.88999938964844,165.52000427246094,161.39999389648438,161.47999572753906,142.78392028808594,3933500
2022-04-01,162.10000610351562,166.22000122070312,160.61000061035156,165.8000030517578,146.60379028320312,2867300
2022-04-04,166.1300048828125,166.44000244140625,162.1699981689453,163.77999877929688,144.81764221191406,2448100
2022-04-05,163.5,168.3300018310547,163.2100067138672,166.27999877929688,147.02821350097656,3289000
2022-04-06,165.0,170.66000366210938,164.00999450683594,170.11000061035156,150.4147491455078,3123000
2022-04-07,168.44000244140625,169.88999938964844,166.72000122070312,168.8300018310547,149.282958984375,3142100
2022-04-08,168.1999969482422,169.38999938964844,166.8800048828125,168.64999389648438,149.1238250732422,1839600
2022-04-11,168.3300018310547,169.33999633789062,164.4199981689453,165.72999572753906,146.5418701171875,2455300
2022-04-12,165.52999877929688,166.8000030517578,164.33999633789062,165.3300018310547,146.1881866455078,3062200
2022-04-13,165.25999450683594,166.0500030517578,163.52000427246094,165.0,145.8963623046875,2556500
2022-04-14,165.9600067138672,166.3800048828125,162.50999450683594,162.6999969482422,143.86273193359375,2434100
2022-04-18,162.57000732421875,164.08999633789062,162.17999267578125,163.0,144.12794494628906,2502200
2022-04-19,166.14999389648438,170.1999969482422,165.25,169.55999755859375,149.928466796875,3839500
2022-04-20,169.6300048828125,174.08999633789062,169.6300048828125,172.6699981689453,152.6783905029297,4116400
2022-04-21,174.39999389648438,174.5399932861328,170.75,170.77999877929688,151.00717163085938,2620300
2022-04-22,171.1199951171875,172.0,168.6300048828125,168.72999572753906,149.19454956054688,3139800
2022-04-25,169.11000061035156,169.11000061035156,163.41000366210938,167.72999572753906,148.310302734375,2558300
2022-04-26,167.41000366210938,169.4199981689453,165.36000061035156,165.6300048828125,146.4534912109375,2605300
2022-04-27,165.99000549316406,170.25999450683594,165.2100067138672,167.6699981689453,148.2572784423828,2790900
2022-04-28,168.77999877929688,173.97000122070312,166.7899932861328,173.00999450683594,152.97900390625,4046000
2022-04-29,170.25999450683594,170.25999450683594,159.64999389648438,160.2899932861328,141.73171997070312,9997100
2022-05-02,160.9499969482422,161.42999267578125,149.5800018310547,153.1300048828125,135.40069580078125,5868000
2022-05-03,154.13999938964844,154.9199981689453,150.72999572753906,152.36000061035156,134.71986389160156,4047600
2022-05-04,152.49000549316406,152.83999633789062,146.75,152.27999877929688,134.64910888671875,5070200
2022-05-05,152.16000366210938,153.16000366210938,144.2100067138672,144.97999572753906,128.1942901611328,5461500
2022-05-06,143.94000244140625,144.77000427246094,139.42999267578125,140.8800048828125,124.56900024414062,6534300
2022-05-09,139.36000061035156,139.4499969482422,132.1300048828125,132.3699951171875,117.04427337646484,5611100
2022-05-10,134.05999755859375,135.33999633789062,124.23999786376953,125.41000366210938,110.89009857177734,11362600
2022-05-11,125.51000213623047,129.47999572753906,123.5199966430664,123.73999786376953,109.41346740722656,8548500
2022-05-12,123.37000274658203,124.0199966430664,120.41999816894531,123.93000030517578,109.58147430419922,8153100
2022-05-13,125.30999755859375,128.64999389648438,124.52999877929688,128.35000610351562,113.48971557617188,6521900
2022-05-16,127.44000244140625,128.5,124.9800033569336,125.25,110.7486343383789,3719300
2022-05-17,126.4000015258789,126.44999694824219,123.2300033569336,125.9000015258789,111.32337188720703,3838000
2022-05-18,126.05000305175781,126.80000305175781,119.2300033569336,119.52999877929688,105.69087219238281,4898000
2022-05-19,118.55000305175781,121.25,118.20999908447266,119.72000122070312,105.85888671875,5056100
2022-05-20,121.11000061035156,121.4000015258789,117.87999725341797,119.72000122070312,105.85888671875,5146000
2022-05-23,121.70999908447266,122.18000030517578,118.22000122070312,120.4800033569336,106.53089141845703,5979100
2022-05-24,119.23999786376953,120.33000183105469,116.37000274658203,120.08000183105469,106.17721557617188,5617300
2022-05-25,119.81999969482422,121.18000030517578,118.93000030517578,120.02999877929688,106.13299560546875,4249500
2022-05-26,120.62000274658203,123.37000274658203,119.73999786376953,122.36000061035156,108.1932373046875,5025600
2022-05-27,122.91999816894531,128.22999572753906,122.87000274658203,127.26000213623047,112.52592468261719,4177000
2022-05-31,126.38999938964844,128.55999755859375,125.23999786376953,127.4800033569336,112.720458984375,14792700
2022-06-01,128.35000610351562,129.10000610351562,123.83000183105469,125.86000061035156,111.28800201416016,4044300
2022-06-02,126.38999938964844,129.58999633789062,125.45999908447266,129.5399932861328,114.54192352294922,3674200
2022-06-03,128.02999877929688,129.1300048828125,127.02999877929688,127.58000183105469,112.80886840820312,3217200
2022-06-06,128.74000549316406,129.47999572753906,127.27999877929688,127.87000274658203,113.06529235839844,3212300
2022-06-07,127.12000274658203,129.86000061035156,125.79000091552734,129.67999267578125,114.66572570800781,3771100
2022-06-08,127.9800033569336,129.0800018310547,124.44999694824219,124.7699966430664,110.32420349121094,3238700
2022-06-09,124.25,126.08000183105469,122.12999725341797,122.16999816894531,108.02523803710938,2841000
2022-06-10,120.0,120.7699966430664,117.12999725341797,117.23999786376953,103.666015625,5701500
2022-06-13,108.8499984741211,110.27999877929688,106.45999908447266,108.43000030517578,95.87605285644531,15213000
2022-06-14,109.22000122070312,111.47000122070312,107.41000366210938,110.66000366210938,97.84784698486328,6605100
2022-06-15,111.25,116.87000274658203,110.69000244140625,115.08999633789062,102.49667358398438,7486900
2022-06-16,110.41000366210938,113.95999908447266,110.13999938964844,111.79000091552734,99.55776977539062,5326600
2022-06-17,112.5,113.91999816894531,110.12999725341797,110.36000061035156,98.28424072265625,7180500
2022-06-21,111.58999633789062,113.08999633789062,111.37999725341797,112.36000061035156,100.06539916992188,3729800
2022-06-22,110.76000213623047,116.77999877929688,110.5199966430664,115.45999908447266,102.82617950439453,4252600
2022-06-23,116.33000183105469,118.75,115.47000122070312,118.23999786376953,105.30198669433594,3783700
2022-06-24,119.5,122.62999725341797,118.43000030517578,122.58999633789062,109.1760025024414,4716700
2022-06-27,122.2699966430664,122.81999969482422,119.77999877929688,120.20999908447266,107.05642700195312,3782100
2022-06-28,121.66999816894531,123.0999984741211,118.58999633789062,118.95999908447266,105.94319915771484,3369300
2022-06-29,118.3499984741211,118.7699966430664,116.62000274658203,118.30999755859375,105.36432647705078,2828300
2022-06-30,117.26000213623047,119.16000366210938,115.3499984741211,117.6500015258789,104.77655792236328,4525900
2022-07-01,117.88999938964844,120.37999725341797,117.25,120.02999877929688,106.89612579345703,2672700
2022-07-05,119.37999725341797,121.45999908447266,117.83000183105469,121.43000030517578,108.1429443359375,4218100
2022-07-06,121.6500015258789,123.55999755859375,120.77999877929688,121.45999908447266,108.16964721679688,2983600
2022-07-07,121.58000183105469,123.95999908447266,121.38999938964844,122.56999969482422,109.158203125,3617400
2022-07-08,121.55000305175781,122.76000213623047,120.55999755859375,121.58000183105469,108.27653503417969,2098200
2022-07-11,121.23999786376953,122.66000366210938,120.48999786376953,121.77999877929688,108.45464324951172,2399400
2022-07-12,121.01000213623047,122.91999816894531,119.98999786376953,120.91000366210938,107.6798324584961,2661700
2022-07-13,118.9800033569336,121.86000061035156,118.48999786376953,120.76000213623047,107.54625701904297,2728900
2022-07-14,118.08000183105469,119.22000122070312,117.13999938964844,118.12999725341797,105.20401763916016,3369900
2022-07-15,120.04000091552734,121.51000213623047,118.55000305175781,121.01000213623047,107.7688980102539,2726600
2022-07-18,123.37000274658203,124.27999877929688,119.01000213623047,119.19999694824219,106.15694427490234,4337300
2022-07-19,120.56999969482422,125.23999786376953,119.9000015258789,125.11000061035156,111.42027282714844,3884600
2022-07-20,125.11000061035156,127.43000030517578,124.0,124.56999969482422,110.9393539428711,3235600
2022-07-21,124.62999725341797,125.69999694824219,123.06999969482422,125.68000030517578,111.92789459228516,3093800
2022-07-22,126.70999908447266,127.81999969482422,126.01000213623047,126.9000015258789,113.01438903808594,2940600
2022-07-25,126.58000183105469,128.33999633789062,125.94999694824219,127.51000213623047,113.55764770507812,2436200
2022-07-26,127.88999938964844,128.75999450683594,126.75,127.58999633789062,113.6288833618164,3338300
2022-07-27,127.16000366210938,128.1300048828125,125.27999877929688,127.38999938964844,113.45076751708984,2087000
2022-07-28,129.02999877929688,132.66000366210938,128.47999572753906,132.39999389648438,117.91256713867188,2962300
2022-07-29,131.72999572753906,133.14999389648438,131.50999450683594,132.55999755859375,118.0550765991211,3273700
2022-08-01,132.2100067138672,132.58999633789062,130.75999450683594,130.97999572753906,116.64795684814453,2615200
2022-08-02,130.25999450683594,131.58999633789062,129.30999755859375,129.3699951171875,115.21411895751953,2829200
2022-08-03,130.8800048828125,132.9199981689453,130.35000610351562,130.72000122070312,116.41641998291016,3589600
2022-08-04,130.44000244140625,131.14999389648438,128.86000061035156,130.75,116.44310760498047,2062600
2022-08-05,129.35000610351562,131.57000732421875,128.52000427246094,131.38999938964844,117.01309204101562,1687300
2022-08-08,132.63999938964844,134.0,130.22000122070312,131.22000122070312,116.86167907714844,2318800
2022-08-09,131.9199981689453,133.02000427246094,130.83999633789062,132.89999389648438,118.35787200927734,2458000
2022-08-10,135.19000244140625,135.49000549316406,132.9199981689453,134.41000366210938,119.70265197753906,2340300
2022-08-11,135.3800048828125,135.8000030517578,133.55999755859375,134.22999572753906,119.54232788085938,1800700
2022-08-12,135.58999633789062,137.4199981689453,135.0,137.24000549316406,122.22296142578125,2609000
2022-08-15,137.25,138.47000122070312,136.5500030517578,138.3800048828125,123.23823547363281,1973200
2022-08-16,137.97999572753906,138.86000061035156,137.0500030517578,137.11000061035156,122.1072006225586,1821700
2022-08-17,136.1199951171875,137.9600067138672,135.47000122070312,137.38999938964844,122.3565673828125,1453500
2022-08-18,138.16000366210938,138.22999572753906,136.4199981689453,136.6300048828125,121.67974853515625,1750600
2022-08-19,136.8000030517578,136.85000610351562,133.5,134.0800018310547,119.40874481201172,2493000
2022-08-22,132.60000610351562,133.02000427246094,130.7100067138672,130.94000244140625,116.61235046386719,2022100
2022-08-23,130.0800018310547,130.8000030517578,128.0,128.4600067138672,114.4037094116211,2103700
2022-08-24,129.24000549316406,131.6300048828125,129.07000732421875,131.1199951171875,116.77263641357422,2644000
2022-08-25,131.80999755859375,132.8000030517578,131.1699981689453,132.77999877929688,118.25099182128906,2572600
2022-08-26,132.8000030517578,132.82000732421875,128.27000427246094,128.35000610351562,114.30574035644531,1626000
2022-08-29,127.4800033569336,128.22999572753906,126.72000122070312,127.29000091552734,113.36173248291016,2136000
2022-08-30,127.66000366210938,127.9000015258789,125.27999877929688,125.6500015258789,111.90118408203125,2250000
2022-08-31,127.05999755859375,128.05999755859375,124.44999694824219,124.51000213623047,110.88591766357422,3730100
2022-09-01,123.41000366210938,124.43000030517578,121.51000213623047,124.30000305175781,110.69889831542969,3166500
2022-09-02,125.58999633789062,126.0199966430664,121.43000030517578,121.88999938964844,108.55259704589844,2297400
2022-09-06,122.70999908447266,124.19999694824219,121.83000183105469,123.80000305175781,110.25359344482422,2649300
2022-09-07,124.16000366210938,126.94000244140625,123.7300033569336,126.62999725341797,112.77394104003906,2452900
2022-09-08,125.37000274658203,128.08999633789062,125.05000305175781,127.91000366210938,113.91387176513672,3057300
2022-09-09,128.35000610351562,129.97999572753906,127.70999908447266,129.6300048828125,115.44568634033203,3516100
2022-09-12,129.60000610351562,130.63999938964844,129.3000030517578,130.1999969482422,115.95331573486328,2534100
2022-09-13,126.83999633789062,127.83999633789062,124.77999877929688,125.08000183105469,111.39354705810547,3304000
2022-09-14,122.94999694824219,123.76000213623047,120.13999938964844,121.08000183105469,108.5166244506836,4065800
2022-09-15,120.66999816894531,120.9800033569336,116.1500015258789,116.22000122070312,104.16090393066406,4861200
2022-09-16,115.83000183105469,115.83000183105469,111.91000366210938,113.66999816894531,101.87548065185547,9335500
2022-09-19,112.22000122070312,112.80999755859375,110.23999786376953,112.80000305175781,101.09577178955078,4493100
2022-09-20,112.0,112.08999633789062,109.91000366210938,110.93000030517578,99.41979217529297,5188300
2022-09-21,111.44999694824219,112.12999725341797,108.51000213623047,108.55000305175781,97.2867431640625,4640100
2022-09-22,108.0,109.79000091552734,107.51000213623047,108.54000091552734,97.27778625488281,4918400
2022-09-23,107.54000091552734,109.37999725341797,107.23999786376953,108.5999984741211,97.33154296875,5598800
2022-09-26,107.12999725341797,107.33999633789062,102.80000305175781,104.16000366210938,93.35225677490234,7135400
2022-09-27,105.7300033569336,106.73999786376953,101.79000091552734,102.27999877929688,91.6673355102539,6329300
2022-09-28,103.0,104.31999969482422,100.83999633789062,103.93000030517578,93.14611053466797,7846600
2022-09-29,102.69000244140625,103.25,100.7300033569336,101.19000244140625,90.6904296875,7320700
2022-09-30,102.2300033569336,103.76000213623047,101.26000213623047,101.5999984741211,91.05789184570312,18072100
2022-10-03,103.5,106.69000244140625,102.38999938964844,104.36000061035156,93.53150939941406,4863700
2022-10-04,105.86000061035156,106.62999725341797,104.63999938964844,105.98999786376953,94.99236297607422,5980500
2022-10-05,104.80000305175781,106.19000244140625,103.11000061035156,105.44000244140625,94.49942779541016,5311400
2022-10-06,105.88999938964844,105.97000122070312,101.55000305175781,101.91999816894531,91.34468841552734,5068300
2022-10-07,100.93000030517578,101.36000061035156,99.68000030517578,100.36000061035156,89.946533203125,5762300
2022-10-10,100.70999908447266,101.1500015258789,98.83000183105469,98.9000015258789,88.6380386352539,4587900
2022-10-11,99.30000305175781,101.12999725341797,98.05000305175781,100.62999725341797,90.18852996826172,6385500
2022-10-12,100.37000274658203,101.95999908447266,99.5199966430664,100.43000030517578,90.00927734375,5937100
2022-10-13,98.4800033569336,103.1500015258789,98.02999877929688,102.5199966430664,91.8824234008789,6307600
2022-10-14,104.01000213623047,104.01000213623047,99.4000015258789,99.52999877929688,89.20266723632812,4480000
2022-10-17,102.72000122070312,105.66000366210938,101.97000122070312,105.2300033569336,94.31122589111328,5103500
2022-10-18,108.23999786376953,108.88999938964844,104.7699966430664,105.8499984741211,94.86689758300781,5311100
2022-10-19,104.69999694824219,105.97000122070312,100.8499984741211,102.01000213623047,91.42534637451172,5924500
2022-10-20,102.41999816894531,105.38999938964844,101.87999725341797,102.45999908447266,91.8286361694336,4282500
2022-10-21,102.48999786376953,103.47000122070312,100.63999938964844,103.08000183105469,92.38431549072266,3971600
2022-10-24,103.83999633789062,104.38999938964844,102.22000122070312,103.37000274658203,92.64423370361328,3377500
2022-10-25,103.97000122070312,108.62999725341797,103.95999908447266,108.33000183105469,97.08956909179688,7074100
2022-10-26,108.7300033569336,111.79000091552734,108.7300033569336,109.87000274658203,98.46978759765625,5076500
2022-10-27,110.68000030517578,111.44999694824219,109.12000274658203,111.01000213623047,99.49150848388672,4371100
2022-10-28,110.41000366210938,113.45999908447266,109.61000061035156,112.9800033569336,101.25708770751953,4179900
2022-10-31,111.2300033569336,112.1500015258789,110.47000122070312,110.75,99.25847625732422,5411300
2022-11-01,112.19999694824219,112.25,108.2699966430664,108.55000305175781,97.2867431640625,4599500
2022-11-02,107.69999694824219,111.37999725341797,106.68000030517578,106.73999786376953,95.66455078125,5729100
2022-11-03,106.27999877929688,108.58000183105469,103.72000122070312,108.01000213623047,96.80277252197266,5625500
2022-11-04,108.80000305175781,109.83999633789062,105.81999969482422,107.62000274658203,96.45323181152344,3541000
2022-11-07,108.7699966430664,109.37999725341797,107.12000274658203,108.93000030517578,97.62731170654297,2963200
2022-11-08,108.91000366210938,111.45999908447266,108.31999969482422,109.75,98.36223602294922,2438400
2022-11-09,109.69000244140625,111.83999633789062,108.6500015258789,108.79000091552734,97.50184631347656,4043600
2022-11-10,114.62000274658203,118.51000213623047,114.43000030517578,118.33999633789062,106.0609130859375,3705400
2022-11-11,118.83000183105469,119.41999816894531,115.95999908447266,116.12999725341797,104.08023834228516,3258300
2022-11-14,115.61000061035156,115.61000061035156,112.38999938964844,112.5,100.82688903808594,2967000
2022-11-15,114.1500015258789,114.6500015258789,111.2300033569336,112.75,101.05094909667969,3110000
2022-11-16,111.95999908447266,114.41000366210938,111.62999725341797,113.6500015258789,101.8575668334961,3512600
2022-11-17,111.80999755859375,113.5,110.41999816894531,112.30999755859375,100.65660095214844,3384300
2022-11-18,114.23999786376953,115.12000274658203,113.08999633789062,114.55999755859375,102.67312622070312,3336800
2022-11-21,114.6500015258789,115.61000061035156,113.33999633789062,114.94999694824219,103.02266693115234,2992000
2022-11-22,115.5,116.04000091552734,114.01000213623047,115.77999877929688,103.76654815673828,2306100
2022-11-23,115.80999755859375,116.0,114.19999694824219,115.52999877929688,103.54249572753906,1585300
2022-11-25,116.11000061035156,116.94000244140625,115.26000213623047,116.38999938964844,104.31326293945312,1341300
2022-11-28,115.55999755859375,116.8499984741211,110.91999816894531,111.45999908447266,99.89479064941406,3910600
2022-11-29,111.5999984741211,114.12000274658203,111.26000213623047,113.80999755859375,102.00096130371094,2635100
2022-11-30,113.26000213623047,117.81999969482422,112.48999786376953,117.79000091552734,105.56798553466797,8839700
2022-12-01,119.05000305175781,119.48999786376953,115.73999786376953,117.0999984741211,104.94959259033203,2784300
2022-12-02,115.55999755859375,118.0199966430664,114.81999969482422,116.94000244140625,104.80618286132812,3014000
2022-12-05,116.0,116.23999786376953,113.73999786376953,114.26000213623047,102.40426635742188,3170000
2022-12-06,114.87000274658203,116.12000274658203,114.01000213623047,114.5999984741211,102.70896911621094,3256000
2022-12-07,113.7699966430664,117.1500015258789,113.27999877929688,116.0,103.9637222290039,3381700
2022-12-08,116.16000366210938,118.6500015258789,115.87000274658203,117.5999984741211,105.397705078125,4759700
2022-12-09,117.05999755859375,118.05999755859375,116.19000244140625,116.31999969482422,104.25052642822266,2515900
2022-12-12,116.4000015258789,118.36000061035156,115.36000061035156,118.02999877929688,105.78308868408203,2467900
2022-12-13,122.76000213623047,122.87000274658203,118.58999633789062,121.08999633789062,108.52557373046875,3754500
2022-12-14,121.5,123.7300033569336,120.83000183105469,121.58000183105469,108.96472930908203,4141400
2022-12-15,119.7699966430664,120.88999938964844,117.91000366210938,118.58999633789062,106.28498840332031,4284500
2022-12-16,115.25,115.81999969482422,110.9800033569336,112.23999786376953,101.2684555053711,13002600
2022-12-19,111.9800033569336,113.27999877929688,111.12999725341797,112.06999969482422,101.11510467529297,3339900
2022-12-20,111.41000366210938,113.25,110.12000274658203,112.18000030517578,101.21434783935547,2738400
2022-12-21,112.55999755859375,115.66000366210938,112.37999725341797,113.94000244140625,102.80230712890625,3482500
2022-12-22,113.12999725341797,113.33999633789062,110.97000122070312,113.2699966430664,102.19779205322266,2467600
2022-12-23,112.58000183105469,114.12999725341797,112.13999938964844,113.62000274658203,102.51358032226562,1521900
2022-12-27,113.38999938964844,113.80000305175781,112.23999786376953,113.29000091552734,102.21583557128906,1683300
2022-12-28,113.5,113.94999694824219,110.20999908447266,110.44999694824219,99.65345001220703,2623600
2022-12-29,112.08000183105469,114.12999725341797,111.1500015258789,113.97000122070312,102.8293685913086,3043100
2022-12-30,113.0999984741211,113.91999816894531,111.3499984741211,112.7300033569336,101.71057891845703,2138400
2023-01-03,113.9800033569336,116.02999877929688,111.18000030517578,112.69000244140625,101.67447662353516,2170100
2023-01-04,114.62999725341797,118.0,114.08999633789062,116.95999908447266,105.52708435058594,3059500
2023-01-05,115.66999816894531,116.1500015258789,112.41999816894531,112.8499984741211,101.81884765625,3079500
2023-01-06,113.4000015258789,117.29000091552734,112.76000213623047,116.6500015258789,105.24739837646484,3995900
2023-01-09,117.5,118.58999633789062,116.05999755859375,116.05999755859375,104.7150650024414,2504400
2023-01-10,115.5999984741211,116.16000366210938,114.30000305175781,116.05000305175781,104.70604705810547,3097800
2023-01-11,117.3499984741211,121.01000213623047,117.30000305175781,120.94999694824219,109.12706756591797,3084500
2023-01-12,121.27999877929688,122.68000030517578,120.23999786376953,122.12000274658203,110.18269348144531,2608500
2023-01-13,120.4000015258789,122.51000213623047,120.16000366210938,121.9000015258789,109.98420715332031,2283300
2023-01-17,122.4000015258789,123.02999877929688,120.9000015258789,121.41999816894531,109.55113220214844,3057000
2023-01-18,122.48999786376953,125.33999633789062,121.38999938964844,122.6500015258789,110.66087341308594,4245300
2023-01-19,122.98999786376953,124.66000366210938,121.23999786376953,121.29000091552734,109.43383026123047,3875800
2023-01-20,121.1500015258789,122.97000122070312,119.58999633789062,122.81999969482422,110.81428527832031,3281100
2023-01-23,123.18000030517578,126.41000366210938,122.05000305175781,126.06999969482422,113.74658203125,3011200
2023-01-24,126.4000015258789,126.98999786376953,121.87000274658203,126.4000015258789,114.0443344116211,2142800
2023-01-25,124.98999786376953,126.25,124.37999725341797,125.69000244140625,113.40372467041016,2436800
2023-01-26,126.69000244140625,128.1300048828125,125.9800033569336,128.05999755859375,115.54205322265625,2071900
2023-01-27,127.97000122070312,130.9199981689453,127.62000274658203,129.83999633789062,117.14805603027344,2824100
2023-01-30,128.39999389648438,130.27000427246094,127.76000213623047,127.79000091552734,115.2984619140625,2538100
2023-01-31,127.1500015258789,129.72999572753906,126.95999908447266,129.27999877929688,116.6427993774414,4350100
2023-02-01,129.0800018310547,131.9499969482422,127.5999984741211,130.89999389648438,118.10443878173828,2845600
2023-02-02,132.57000732421875,136.6699981689453,131.77000427246094,134.49000549316406,121.34351348876953,3111700
2023-02-03,131.9499969482422,132.82000732421875,129.9499969482422,131.6199951171875,118.75405883789062,3303400
2023-02-06,129.5399932861328,131.74000549316406,129.25999450683594,131.44000244140625,118.59166717529297,2539700
2023-02-07,130.07000732421875,131.57000732421875,128.63999938964844,130.27000427246094,117.5360336303711,3638600
2023-02-08,129.47000122070312,131.14999389648438,129.22000122070312,129.8000030517578,117.11197662353516,1980000
2023-02-09,130.1699981689453,131.10000610351562,127.58000183105469,128.0399932861328,115.52400970458984,2467300
2023-02-10,127.18000030517578,128.3800048828125,125.75,128.08999633789062,115.56912994384766,2303600
2023-02-13,128.32000732421875,129.7899932861328,128.2100067138672,129.2899932861328,116.65181732177734,1755600
2023-02-14,128.63999938964844,130.24000549316406,126.87000274658203,127.7300033569336,115.24431610107422,1859100
2023-02-15,126.62000274658203,127.55999755859375,126.36000061035156,127.52999877929688,115.06387329101562,1733800
2023-02-16,125.04000091552734,127.12999725341797,124.18000030517578,125.79000091552734,113.49394226074219,1782200
2023-02-17,125.62999725341797,125.83000183105469,123.4800033569336,125.31999969482422,113.06989288330078,2623200
2023-02-21,124.05000305175781,124.6500015258789,122.6500015258789,123.4800033569336,111.4097671508789,2448600
2023-02-22,124.23999786376953,124.70999908447266,122.16999816894531,122.9000015258789,110.88645935058594,2526300
2023-02-23,123.73999786376953,124.76000213623047,122.30999755859375,124.01000213623047,111.88795471191406,1844100
2023-02-24,123.0999984741211,123.12000274658203,120.87000274658203,121.37999725341797,109.51504516601562,2517900
2023-02-27,123.4000015258789,123.62999725341797,121.4000015258789,122.91000366210938,110.89547729492188,2439300
2023-02-28,122.86000061035156,125.44000244140625,122.30000305175781,123.4000015258789,111.33758544921875,5780900
2023-03-01,121.75,122.5999984741211,120.8499984741211,121.12999725341797,109.28947448730469,3757800
2023-03-02,120.27999877929688,124.75,120.05000305175781,124.62000274658203,112.43832397460938,2591400
2023-03-03,125.9000015258789,127.26000213623047,125.41999816894531,126.94999694824219,114.5405502319336,2529400
2023-03-06,127.51000213623047,127.83999633789062,126.51000213623047,127.16000366210938,114.73003387451172,1961600
2023-03-07,126.80999755859375,127.13999938964844,123.5999984741211,123.81999969482422,111.71651458740234,2242200
2023-03-08,123.27999877929688,125.87000274658203,123.27999877929688,125.05999755859375,112.83531188964844,2018700
2023-03-09,125.20999908447266,125.55999755859375,120.91000366210938,121.30000305175781,109.44285583496094,2491300
2023-03-10,121.0,121.80999755859375,116.43000030517578,116.9800033569336,105.54513549804688,3717100
2023-03-13,116.72000122070312,120.83000183105469,116.44000244140625,118.37000274658203,106.79926300048828,3314600
2023-03-14,121.1500015258789,121.44000244140625,118.44999694824219,119.83000183105469,108.11653900146484,4342500
2023-03-15,118.25,121.29000091552734,117.9800033569336,120.01000213623047,108.2789535522461,4416000
2023-03-16,117.56999969482422,121.56999969482422,116.91000366210938,120.08999633789062,109.14234161376953,4409600
2023-03-17,118.77999877929688,119.91000366210938,115.95999908447266,116.02999877929688,105.45246124267578,6508900
2023-03-20,117.02999877929688,118.79000091552734,115.5,118.69999694824219,107.87906646728516,3851100
2023-03-21,120.12000274658203,120.5199966430664,117.44999694824219,118.36000061035156,107.57005310058594,4078800
2023-03-22,117.7699966430664,118.4800033569336,114.02999877929688,114.12000274658203,103.71659088134766,3472200
2023-03-23,114.79000091552734,117.4800033569336,113.7699966430664,114.1500015258789,103.74385833740234,4007100
2023-03-24,113.25,117.0999984741211,113.2300033569336,117.02999877929688,106.3613052368164,3721400
2023-03-27,117.33999633789062,118.52999877929688,116.66000366210938,117.05999755859375,106.3885726928711,3087500
2023-03-28,116.12999725341797,117.16000366210938,115.62999725341797,116.6500015258789,106.01595306396484,1853300
2023-03-29,118.4800033569336,119.98999786376953,118.0999984741211,119.87999725341797,108.95149230957031,2591100
2023-03-30,121.0,122.2699966430664,120.62000274658203,121.91999816894531,110.8055191040039,3384600
2023-03-31,122.97000122070312,124.88999938964844,122.69000244140625,124.7699966430664,113.39571380615234,5305300
2023-04-03,123.95999908447266,126.37000274658203,122.86000061035156,123.7699966430664,112.48687744140625,2966400
2023-04-04,123.7699966430664,124.58000183105469,122.94999694824219,124.08000183105469,112.76863098144531,2822100
2023-04-05,123.76000213623047,124.36000061035156,122.16000366210938,122.2699966430664,111.12361907958984,2546700
2023-04-06,122.2699966430664,122.77999877929688,121.1500015258789,122.75,111.55986022949219,2104800
2023-04-10,121.94000244140625,123.81999969482422,120.72000122070312,123.73999786376953,112.45960998535156,2936700
2023-04-11,123.93000030517578,124.41999816894531,122.54000091552734,122.66999816894531,111.48714447021484,2553600
2023-04-12,124.37999725341797,124.66000366210938,122.68000030517578,122.80999755859375,111.61439514160156,2576300
2023-04-13,122.91999816894531,123.23999786376953,120.44999694824219,121.91999816894531,110.8055191040039,2608800
2023-04-14,122.23999786376953,123.13999938964844,118.93000030517578,119.76000213623047,108.84245300292969,2957500
2023-04-17,120.0,123.29000091552734,119.70999908447266,123.13999938964844,111.91429901123047,4269800
2023-04-18,124.01000213623047,125.0999984741211,122.41999816894531,123.70999908447266,112.4323501586914,3968800
2023-04-19,123.9000015258789,125.41000366210938,122.75,125.16000366210938,113.75016021728516,2855800
2023-04-20,124.5999984741211,124.94999694824219,122.98999786376953,123.25,112.01426696777344,2285900
2023-04-21,124.13999938964844,124.94000244140625,123.23999786376953,123.58000183105469,112.314208984375,2703900
2023-04-24,124.02999877929688,124.38999938964844,121.79000091552734,123.19000244140625,111.95974731445312,2281900
2023-04-25,122.62000274658203,123.16000366210938,120.37999725341797,120.63999938964844,109.6422119140625,3146700
2023-04-26,120.61000061035156,121.26000213623047,118.37999725341797,119.06999969482422,108.21533966064453,2321200
2023-04-27,120.19999694824219,122.88999938964844,119.37999725341797,122.18000030517578,111.04181671142578,3347100
2023-04-28,122.69999694824219,125.72000122070312,122.36000061035156,125.25,113.83194732666016,3621000
2023-05-01,125.01000213623047,125.44999694824219,122.11000061035156,122.4000015258789,111.24176788330078,1787500
2023-05-02,122.51000213623047,123.44999694824219,121.26000213623047,122.4800033569336,111.31446075439453,2426200
2023-05-03,123.44000244140625,126.2300033569336,122.30000305175781,124.16000366210938,112.8413314819336,3323200
2023-05-04,124.12999725341797,125.05000305175781,122.43000030517578,124.87999725341797,113.49568939208984,2740400
2023-05-05,126.05999755859375,127.44999694824219,125.83999633789062,127.25,115.64962005615234,1994000
2023-05-08,126.76000213623047,127.83999633789062,126.37000274658203,127.37000274658203,115.75869750976562,2002100
2023-05-09,126.93000030517578,127.08000183105469,125.0,125.91999816894531,114.44087982177734,2745000
2023-05-10,127.37000274658203,129.0399932861328,126.30999755859375,128.0800018310547,116.40396118164062,2377100
2023-05-11,127.02999877929688,127.11000061035156,124.81999969482422,125.73999786376953,114.27728271484375,2373600
2023-05-12,125.8499984741211,126.22000122070312,124.2300033569336,125.16999816894531,113.75924682617188,1427500
2023-05-15,125.44999694824219,125.9800033569336,124.4800033569336,125.27999877929688,113.85921478271484,1510500
2023-05-16,125.06999969482422,125.06999969482422,121.02999877929688,121.25,110.19660186767578,3417400
2023-05-17,122.05999755859375,122.83999633789062,121.0,122.69999694824219,111.51441955566406,2684100
2023-05-18,121.86000061035156,123.5199966430664,121.08000183105469,122.05999755859375,110.9327621459961,2129100
2023-05-19,123.2699966430664,124.37999725341797,122.23999786376953,123.05999755859375,111.84159088134766,2135500
2023-05-22,123.44999694824219,125.69000244140625,122.48999786376953,124.2300033569336,112.9049301147461,2130800
2023-05-23,123.66000366210938,125.01000213623047,122.69999694824219,123.54000091552734,112.27783966064453,4400700
2023-05-24,123.48999786376953,123.48999786376953,120.33000183105469,121.0199966430664,109.98757934570312,2359800
2023-05-25,122.0,123.36000061035156,120.91000366210938,121.9800033569336,110.86006164550781,2709800
2023-05-26,122.48999786376953,125.33000183105469,122.06999969482422,124.94999694824219,113.55929565429688,2378200
2023-05-30,125.69000244140625,126.43000030517578,124.08999633789062,124.30999755859375,112.97764587402344,2723100
2023-05-31,124.30999755859375,126.18000030517578,123.43000030517578,124.55000305175781,113.1957778930664,14817700
2023-06-01,123.48999786376953,124.16999816894531,121.6500015258789,122.63999938964844,111.45987701416016,3082900
2023-06-02,124.0,125.30999755859375,122.93000030517578,124.91999816894531,113.53202819824219,3084500
2023-06-05,125.12000274658203,125.55999755859375,123.5199966430664,124.62999725341797,113.26846313476562,1977500
2023-06-06,125.44000244140625,127.13999938964844,124.55000305175781,125.83000183105469,114.35909271240234,2255700
2023-06-07,126.43000030517578,128.52000427246094,125.55000305175781,128.05999755859375,116.38578796386719,2952000
2023-06-08,127.68000030517578,127.68000030517578,124.61000061035156,124.91000366210938,113.52294921875,2749500
2023-06-09,125.0999984741211,125.2699966430664,121.08000183105469,121.30999755859375,110.25112915039062,3312600
2023-06-12,121.0,121.26000213623047,118.43000030517578,119.62000274658203,108.7151870727539,4551200
2023-06-13,119.56999969482422,121.44000244140625,119.0,121.3499984741211,110.28748321533203,2751600
2023-06-14,121.68000030517578,123.61000061035156,121.16000366210938,122.2699966430664,111.12361907958984,2895300
2023-06-15,120.4800033569336,122.06999969482422,119.66999816894531,121.72000122070312,111.41653442382812,2686600
2023-06-16,122.9000015258789,124.41999816894531,122.41000366210938,122.62999725341797,112.2494888305664,5837200
2023-06-20,121.83000183105469,121.9800033569336,119.44999694824219,120.83999633789062,110.61103057861328,3971900
2023-06-21,120.44000244140625,121.1500015258789,119.66999816894531,120.69000244140625,110.47372436523438,2697000
2023-06-22,120.87000274658203,121.18000030517578,117.66000366210938,118.66000366210938,108.61556243896484,2707700
2023-06-23,118.44000244140625,120.30000305175781,116.7699966430664,116.9000015258789,107.00454711914062,4297200
2023-06-26,116.69000244140625,119.13999938964844,116.68000030517578,119.01000213623047,108.93592071533203,2828900
2023-06-27,119.7300033569336,121.5999984741211,119.05000305175781,120.87000274658203,110.63848114013672,3670000
2023-06-28,120.69000244140625,121.05999755859375,118.9800033569336,120.5999984741211,110.3913345336914,3295000
2023-06-29,120.23999786376953,121.83000183105469,119.7699966430664,121.5,111.21514129638672,2925100
2023-06-30,122.55000305175781,122.87999725341797,119.91000366210938,122.62999725341797,112.2494888305664,6598700
2023-07-03,121.62999725341797,124.70999908447266,121.55000305175781,123.8499984741211,113.36621856689453,1481700
2023-07-05,123.25,125.94000244140625,122.0999984741211,123.98999786376953,113.49437713623047,4228600
2023-07-06,121.69999694824219,123.13999938964844,119.83000183105469,122.98999786376953,112.57902526855469,2740800
2023-07-07,121.83999633789062,122.52999877929688,121.02999877929688,121.98999786376953,111.6636734008789,2517800
2023-07-10,121.55999755859375,122.41000366210938,120.87000274658203,121.80999755859375,111.49890899658203,1989700
2023-07-11,122.22000122070312,123.44000244140625,120.27999877929688,123.22000122070312,112.78955078125,2356900
2023-07-12,125.33999633789062,126.93000030517578,124.8499984741211,125.23999786376953,114.6385726928711,3743600
2023-07-13,125.33999633789062,127.19999694824219,123.98999786376953,126.94999694824219,116.20381164550781,2831500
2023-07-14,126.45999908447266,127.87000274658203,125.80999755859375,127.75,116.93610382080078,2655400
2023-07-17,127.81999969482422,128.74000549316406,127.11000061035156,127.9800033569336,117.1466293334961,2811600
2023-07-18,129.75,129.75,120.95999908447266,124.0,113.50352478027344,6395000
2023-07-19,125.41999816894531,126.4000015258789,122.5999984741211,122.77999877929688,112.38679504394531,3594100
2023-07-20,124.08999633789062,124.43000030517578,122.30000305175781,123.76000213623047,113.28384399414062,2709300
2023-07-21,124.08000183105469,127.16999816894531,123.8499984741211,125.44000244140625,114.82164001464844,3304800
2023-07-24,125.37000274658203,127.43000030517578,125.30999755859375,127.01000213623047,116.25875091552734,1952700
2023-07-25,126.63999938964844,128.64999389648438,126.63999938964844,127.0999984741211,116.34111785888672,2817700
2023-07-26,127.4800033569336,129.4499969482422,127.23999786376953,129.27999877929688,118.33659362792969,2778900
2023-07-27,130.0,130.25999450683594,124.87000274658203,124.94000244140625,114.36396789550781,2980000
2023-07-28,126.11000061035156,126.8499984741211,123.37000274658203,123.6500015258789,113.18316650390625,2318500
2023-07-31,124.06999969482422,125.6500015258789,123.4000015258789,124.75,114.19004821777344,2673600
2023-08-01,124.51000213623047,124.69999694824219,123.04000091552734,124.18000030517578,113.66828918457031,2279200
2023-08-02,123.45999908447266,124.2699966430664,121.95999908447266,123.68000030517578,113.21063232421875,2096800
2023-08-03,122.33999633789062,124.01000213623047,120.58000183105469,123.80999755859375,113.32960510253906,2718200
2023-08-04,123.44999694824219,125.2300033569336,121.63999938964844,122.23999786376953,111.89250183105469,2045100
2023-08-07,122.38999938964844,124.61000061035156,122.12000274658203,124.43000030517578,113.89713287353516,1518100
2023-08-08,123.41000366210938,123.86000061035156,122.0999984741211,123.41999816894531,112.97262573242188,1369500
2023-08-09,123.12999725341797,124.02999877929688,122.3499984741211,122.5999984741211,112.22205352783203,2190800
2023-08-10,123.12000274658203,124.75,121.45999908447266,122.16000366210938,111.81929016113281,1590600
2023-08-11,121.75,123.88999938964844,121.33000183105469,123.51000213623047,113.05500030517578,1715900
2023-08-14,123.44000244140625,124.11000061035156,122.86000061035156,123.4800033569336,113.02754211425781,1499400
2023-08-15,122.26000213623047,123.18000030517578,121.81999969482422,122.69000244140625,112.30443572998047,1458900
2023-08-16,122.7300033569336,122.93000030517578,121.51000213623047,121.8499984741211,111.53551483154297,1348700
2023-08-17,122.02999877929688,123.08999633789062,120.12000274658203,120.19999694824219,110.02518463134766,1736700
2023-08-18,119.2300033569336,121.83000183105469,118.81999969482422,121.47000122070312,111.18769073486328,1886800
2023-08-21,120.91000366210938,121.47000122070312,119.22000122070312,120.13999938964844,109.97026824951172,1743000
2023-08-22,120.87000274658203,121.47000122070312,119.76000213623047,121.0199966430664,110.77579498291016,1468700
2023-08-23,121.98999786376953,123.37999725341797,121.58999633789062,123.06999969482422,112.65225982666016,2167700
2023-08-24,123.25,125.2699966430664,121.66000366210938,121.73999786376953,111.43484497070312,1887000
2023-08-25,122.08000183105469,123.4000015258789,121.41999816894531,122.66000366210938,112.27696990966797,2559800
2023-08-28,123.62999725341797,124.91999816894531,123.51000213623047,124.0,113.50352478027344,2106400
2023-08-29,123.97000122070312,125.3499984741211,122.76000213623047,125.0999984741211,114.51041412353516,1833500
2023-08-30,125.48999786376953,125.95999908447266,124.69999694824219,125.69999694824219,115.05963134765625,1849300
2023-08-31,125.36000061035156,125.91000366210938,123.88999938964844,124.19999694824219,113.68659973144531,3277600
2023-09-01,125.4000015258789,125.56999969482422,124.05000305175781,124.58999633789062,114.0435791015625,1591000
2023-09-05,124.25,124.5,121.86000061035156,122.05000305175781,111.7186050415039,2854100
2023-09-06,121.95999908447266,122.43000030517578,119.61000061035156,121.37999725341797,111.1053237915039,2786400
2023-09-07,121.02999877929688,123.5199966430664,120.72000122070312,123.30999755859375,112.87194061279297,2531900
2023-09-08,123.58999633789062,123.7699966430664,121.87000274658203,122.4800033569336,112.11219787597656,1758000
2023-09-11,122.79000091552734,122.79000091552734,121.0199966430664,122.16000366210938,111.81929016113281,1992800
2023-09-12,121.77999877929688,122.56999969482422,121.22000122070312,121.9800033569336,111.6545181274414,2275300
2023-09-13,121.87999725341797,122.23999786376953,120.94999694824219,121.23999786376953,110.9771499633789,1864700
2023-09-14,122.66999816894531,124.36000061035156,122.16999816894531,124.33000183105469,113.80560302734375,3375500
2023-09-15,122.69999694824219,123.30000305175781,121.87000274658203,123.18000030517578,113.54749298095703,4818500
2023-09-18,123.08999633789062,123.86000061035156,122.0,122.7300033569336,113.1326904296875,1654500
2023-09-19,122.76000213623047,123.3499984741211,121.2699966430664,121.56999969482422,112.06338500976562,1834000
2023-09-20,122.44999694824219,123.08999633789062,120.87000274658203,120.91000366210938,111.45500946044922,2497800
2023-09-21,119.73999786376953,120.76000213623047,114.44000244140625,114.55000305175781,105.59236907958984,3722800
2023-09-22,114.55000305175781,115.97000122070312,113.6500015258789,114.06999969482422,105.14988708496094,3612300
2023-09-25,113.44999694824219,113.9000015258789,112.38999938964844,113.25,104.39401245117188,3221000
2023-09-26,112.0999984741211,113.05999755859375,111.0,111.5,102.7808609008789,3179200
2023-09-27,112.12999725341797,112.63999938964844,110.83999633789062,111.25,102.55040740966797,3226600
2023-09-28,112.01000213623047,113.16000366210938,111.29000091552734,112.12999725341797,103.3615951538086,2177000
2023-09-29,114.04000091552734,114.12999725341797,111.44999694824219,112.20999908447266,103.43533325195312,3414600
2023-10-02,111.68000030517578,112.69999694824219,108.77999877929688,109.5,100.93724822998047,3570000
2023-10-03,108.93000030517578,109.12000274658203,106.93000030517578,107.5,99.09364318847656,2466300
2023-10-04,108.30999755859375,108.54000091552734,106.37000274658203,108.41999816894531,99.94170379638672,2700300
2023-10-05,108.25,109.44000244140625,107.63999938964844,109.02999877929688,100.5040054321289,3377100
2023-10-06,108.01000213623047,109.75,106.94999694824219,108.91000366210938,100.39338684082031,2217300
2023-10-09,107.91999816894531,110.05999755859375,107.72000122070312,109.45999908447266,100.90038299560547,1818300
2023-10-10,109.31999969482422,111.37999725341797,108.69999694824219,110.33000183105469,101.70233917236328,2430400
2023-10-11,111.33999633789062,112.61000061035156,111.12000274658203,112.4000015258789,103.61048126220703,3561700
2023-10-12,112.0199966430664,112.38999938964844,109.5199966430664,109.6500015258789,101.07552337646484,2314500
2023-10-13,110.13999938964844,110.52999877929688,108.8499984741211,109.6500015258789,101.07552337646484,2578700
2023-10-16,110.52999877929688,110.97000122070312,109.0199966430664,110.91999816894531,102.24620819091797,3131800
2023-10-17,110.23999786376953,113.16000366210938,107.48999786376953,108.12999725341797,99.67437744140625,5379100
2023-10-18,107.62000274658203,108.19000244140625,104.20999908447266,104.37999725341797,96.21762084960938,3734600
2023-10-19,103.47000122070312,104.52999877929688,102.06999969482422,102.58000183105469,94.55839538574219,6388500
2023-10-20,102.75,104.95999908447266,102.0,102.43000030517578,94.42010498046875,5620500
2023-10-23,101.33000183105469,102.5999984741211,100.56999969482422,100.80999755859375,92.92680358886719,3978700
2023-10-24,101.19999694824219,102.27999877929688,100.86000061035156,101.69999694824219,93.74720764160156,3050700
2023-10-25,100.69000244140625,100.88999938964844,98.25,98.73999786376953,91.01866912841797,4069000
2023-10-26,98.81999969482422,100.48999786376953,98.69999694824219,99.62999725341797,91.83907318115234,3501400
2023-10-27,99.20999908447266,99.2699966430664,96.63999938964844,97.31999969482422,89.70970916748047,4082900
2023-10-30,98.19000244140625,99.08000183105469,96.95999908447266,98.87999725341797,91.14772033691406,3588700
2023-10-31,99.79000091552734,100.83999633789062,98.81999969482422,100.75,92.87149047851562,4561600
2023-11-01,101.05999755859375,101.94000244140625,100.36000061035156,101.5999984741211,93.65501403808594,2585500
2023-11-02,103.97000122070312,105.4800033569336,103.76000213623047,104.72000122070312,96.53104400634766,4532300
2023-11-03,107.0999984741211,108.4000015258789,106.31999969482422,106.55000305175781,98.21793365478516,4562500
2023-11-06,106.36000061035156,107.55999755859375,103.83999633789062,104.93000030517578,96.72462463378906,3147300
2023-11-07,105.0,105.30000305175781,103.4800033569336,104.2300033569336,96.07936096191406,3092600
2023-11-08,104.62000274658203,105.4800033569336,104.36000061035156,105.12999725341797,96.90898895263672,2588600
2023-11-09,105.66999816894531,105.66999816894531,103.1500015258789,103.27999877929688,95.20365142822266,3350800
2023-11-10,104.41000366210938,104.75,102.55999755859375,104.55000305175781,96.37434387207031,2385600
2023-11-13,103.93000030517578,103.93000030517578,102.12000274658203,102.4800033569336,94.4662094116211,2473500
2023-11-14,106.0,109.94999694824219,105.66000366210938,109.33000183105469,100.78054809570312,5787500
2023-11-15,109.23999786376953,111.08000183105469,109.05000305175781,110.51000213623047,101.86827087402344,4620300
2023-11-16,110.72000122070312,111.22000122070312,110.02999877929688,110.2699966430664,101.64702606201172,3609900
2023-11-17,111.37000274658203,111.4800033569336,109.55000305175781,110.06999969482422,101.46267700195312,3125100
2023-11-20,109.8499984741211,111.08000183105469,108.69000244140625,111.0,102.31995391845703,3356200
2023-11-21,110.70999908447266,111.02999877929688,110.0999984741211,110.61000061035156,101.96045684814453,2717300
2023-11-22,112.16999816894531,112.16999816894531,110.7699966430664,111.54000091552734,102.81773376464844,2325300
2023-11-24,111.87999725341797,112.02999877929688,110.79000091552734,112.0,103.24176025390625,1284500
2023-11-27,111.79000091552734,112.5,111.26000213623047,111.87000274658203,103.12191772460938,2770900
2023-11-28,110.94000244140625,112.13999938964844,110.27999877929688,112.11000061035156,103.34315490722656,3226900
2023-11-29,113.26000213623047,113.93000030517578,112.98999786376953,113.04000091552734,104.20042419433594,3241100
2023-11-30,113.06999969482422,115.2300033569336,112.30000305175781,114.93000030517578,105.94263458251953,8202800
2023-12-01,115.05000305175781,118.47000122070312,114.7699966430664,118.26000213623047,109.01223754882812,4159700
2023-12-04,117.51000213623047,120.37999725341797,117.38999938964844,120.33000183105469,110.92036437988281,5388600
2023-12-05,119.0,119.33000183105469,117.7300033569336,118.6500015258789,109.37173461914062,3727700
2023-12-06,119.58999633789062,119.98999786376953,118.5199966430664,119.05000305175781,109.74047088623047,2989100
2023-12-07,119.19000244140625,119.72000122070312,118.45999908447266,118.94999694824219,109.64826202392578,3072200
2023-12-08,118.56999969482422,119.91999816894531,118.04000091552734,119.8499984741211,110.47789764404297,4257600
2023-12-11,119.44000244140625,122.52999877929688,119.4000015258789,122.0,112.45977783203125,5433200
2023-12-12,121.62999725341797,123.05000305175781,121.31999969482422,122.06999969482422,112.5242919921875,4197900
2023-12-13,122.36000061035156,129.42999267578125,122.12999725341797,129.24000549316406,119.13362884521484,5883200
2023-12-14,132.4600067138672,137.52000427246094,131.60000610351562,137.1199951171875,126.39739990234375,9543800
2023-12-15,136.24000549316406,136.75999450683594,133.38999938964844,134.25999450683594,124.55130004882812,8413600
2023-12-18,134.5800018310547,135.00999450683594,132.38999938964844,132.67999267578125,123.0855712890625,3805000
2023-12-19,133.89999389648438,134.61000061035156,133.19000244140625,133.75,124.07818603515625,2613300
2023-12-20,133.9600067138672,134.47999572753906,130.38999938964844,130.47000122070312,121.0353775024414,3448200
2023-12-21,132.25,132.3699951171875,129.22000122070312,130.9600067138672,121.48993682861328,3256400
2023-12-22,131.07000732421875,133.22000122070312,130.80999755859375,132.39999389648438,122.8257827758789,2361300
2023-12-26,132.4600067138672,133.8800048828125,132.4600067138672,133.4600067138672,123.80918884277344,1215900
2023-12-27,133.86000061035156,134.19000244140625,132.77999877929688,134.17999267578125,124.47708892822266,2714600
2023-12-28,134.10000610351562,135.22000122070312,133.47999572753906,135.19000244140625,125.4140396118164,1953100
2023-12-29,134.0800018310547,135.0399932861328,133.07000732421875,133.3000030517578,123.66073608398438,2938000
2024-01-02,132.83999633789062,134.7100067138672,132.10000610351562,134.6199951171875,124.88528442382812,2899100
2024-01-03,133.0,133.02000427246094,130.1199951171875,130.52000427246094,121.0817642211914,3195000
2024-01-04,130.02000427246094,131.10000610351562,129.02000427246094,130.2899932861328,120.86839294433594,3613800
2024-01-05,129.2100067138672,132.0,128.2899932861328,130.55999755859375,121.1188735961914,2393600
2024-01-08,130.8300018310547,133.6699981689453,130.30999755859375,133.1699981689453,123.54011535644531,3208700
2024-01-09,131.7100067138672,134.3300018310547,130.64999389648438,133.07000732421875,123.4473876953125,3109500
2024-01-10,134.3699951171875,134.99000549316406,133.10000610351562,133.5500030517578,123.89264678955078,2354000
2024-01-11,132.67999267578125,132.99000549316406,130.58999633789062,131.32000732421875,121.82391357421875,2787500
2024-01-12,132.64999389648438,132.97000122070312,130.60000610351562,131.5500030517578,122.03726959228516,2380600
2024-01-16,130.27000427246094,131.52999877929688,129.1699981689453,129.97000122070312,120.571533203125,4001200
2024-01-17,127.94000244140625,129.5399932861328,125.37000274658203,126.86000061035156,117.68643188476562,3912900
2024-01-18,126.79000091552734,127.25,124.66999816894531,126.26000213623047,117.12981414794922,4062900
2024-01-19,126.91999816894531,128.8699951171875,126.05999755859375,128.44000244140625,119.15217590332031,3559000
2024-01-22,128.75999450683594,130.38999938964844,128.67999267578125,128.74000549316406,119.43047332763672,2280900
2024-01-23,129.7899932861328,129.99000549316406,127.91999816894531,128.00999450683594,118.75326538085938,3426400
2024-01-24,129.8300018310547,129.8300018310547,125.30999755859375,125.44000244140625,116.36910247802734,3491500
2024-01-25,126.87999725341797,127.41999816894531,125.5,126.19999694824219,117.07414245605469,2590400
2024-01-26,126.88999938964844,127.33999633789062,125.76000213623047,126.87000274658203,117.69570922851562,2333000
2024-01-29,126.91999816894531,128.35000610351562,126.2699966430664,127.88999938964844,118.6419448852539,2553900
2024-01-30,127.02999877929688,127.70999908447266,125.56999969482422,126.52999877929688,117.38029479980469,2764300
2024-01-31,127.33000183105469,129.08999633789062,125.93000030517578,126.69000244140625,117.52872467041016,4811300
2024-02-01,126.61000061035156,130.4600067138672,126.19999694824219,130.44000244140625,121.0075454711914,3984000
2024-02-02,128.2100067138672,130.27000427246094,126.5,129.25,119.90360260009766,4195000
2024-02-05,127.47000122070312,128.0800018310547,126.08000183105469,126.91000366210938,117.7328109741211,3591800
2024-02-06,127.52999877929688,130.75,126.93000030517578,130.5,121.06320190429688,3764300
2024-02-07,130.30999755859375,131.0399932861328,128.75,129.08999633789062,119.75515747070312,3907500
2024-02-08,129.02999877929688,132.3699951171875,128.7899932861328,131.66000366210938,122.13932037353516,3261000
2024-02-09,131.3800048828125,132.77000427246094,130.4499969482422,132.47999572753906,122.90001678466797,2870400
2024-02-12,133.0,134.22999572753906,131.8000030517578,132.0500030517578,122.5011215209961,2523800
2024-02-13,128.75,130.99000549316406,127.23999786376953,130.8800048828125,121.41572570800781,4759100
2024-02-14,130.94000244140625,131.82000732421875,129.22999572753906,130.5,121.06320190429688,4294100
2024-02-15,131.6999969482422,133.19000244140625,131.6999969482422,133.10000610351562,123.4751968383789,3409200
2024-02-16,131.94000244140625,134.17999267578125,131.32000732421875,133.38999938964844,123.74421691894531,3421200
2024-02-20,132.35000610351562,133.94000244140625,131.57000732421875,133.35000610351562,123.70710754394531,2995200
2024-02-21,133.24000549316406,134.49000549316406,133.02999877929688,133.4199981689453,123.77205657958984,2436400
2024-02-22,133.50999450683594,134.83999633789062,132.97999572753906,133.44000244140625,123.79061889648438,2946900
2024-02-23,133.47999572753906,134.1999969482422,133.0500030517578,133.2100067138672,123.57722473144531,2131800
2024-02-26,132.82000732421875,133.22000122070312,131.52999877929688,132.55999755859375,122.97422790527344,2000500
2024-02-27,133.25,134.4600067138672,131.75,132.49000549316406,122.90929412841797,2976900
2024-02-28,132.02000427246094,135.11000061035156,131.92999267578125,133.99000549316406,124.30083465576172,2478800
2024-02-29,135.0800018310547,135.6999969482422,133.0,133.27000427246094,123.63290405273438,5131300
2024-03-01,133.0399932861328,134.72999572753906,130.22999572753906,134.60000610351562,124.86672973632812,2786500
2024-03-04,134.25999450683594,134.60000610351562,130.9600067138672,133.61000061035156,123.94830322265625,3316200
2024-03-05,133.0500030517578,133.72000122070312,131.77999877929688,132.44000244140625,122.86292266845703,2328800
2024-03-06,133.1199951171875,133.86000061035156,132.4199981689453,133.0800018310547,123.4566421508789,2245500
2024-03-07,134.0399932861328,134.55999755859375,131.97000122070312,132.74000549316406,123.14122772216797,2080400
2024-03-08,133.74000549316406,135.42999267578125,133.42999267578125,135.07000732421875,125.30274963378906,2942200
2024-03-11,134.69000244140625,135.75999450683594,133.14999389648438,134.1199951171875,124.42144012451172,2068900
2024-03-12,133.60000610351562,135.0,132.7899932861328,134.57000732421875,124.8388900756836,1729200
2024-03-13,134.7100067138672,135.27000427246094,132.6999969482422,133.3300018310547,123.68856048583984,3061400
2024-03-14,132.91000366210938,133.17999267578125,129.5,130.75,121.29512023925781,3076000
2024-03-15,127.80999755859375,130.2899932861328,127.37999725341797,129.02000427246094,120.57554626464844,6698800
2024-03-18,128.8000030517578,129.80999755859375,127.87999725341797,128.13999938964844,119.75312805175781,2274300
2024-03-19,128.0800018310547,128.85000610351562,126.95999908447266,127.8499984741211,119.48210144042969,2641200
2024-03-20,127.19999694824219,129.2899932861328,126.68000030517578,128.6999969482422,120.27645874023438,2565700
2024-03-21,128.97000122070312,130.42999267578125,128.30999755859375,129.88999938964844,121.3885726928711,3020100
2024-03-22,130.1999969482422,130.1999969482422,128.00999450683594,128.6199951171875,120.20170593261719,2738500
2024-03-25,128.89999389648438,128.94000244140625,127.11000061035156,127.12999725341797,118.80921173095703,2472700
2024-03-26,126.5199966430664,127.06999969482422,125.06999969482422,125.13999938964844,116.94947814941406,3567300
2024-03-27,126.91999816894531,129.08999633789062,126.83999633789062,128.86000061035156,120.42598724365234,3202100
2024-03-28,129.41000366210938,130.5399932861328,129.10000610351562,130.22000122070312,121.69699096679688,3676100
2024-04-01,130.22000122070312,130.77000427246094,127.44999694824219,127.91999816894531,119.54751586914062,1762900
2024-04-02,126.87999725341797,127.1500015258789,124.83999633789062,125.58000183105469,117.36067199707031,3187400
2024-04-03,125.06999969482422,126.66000366210938,124.62000274658203,126.08999633789062,117.83728790283203,3585000
2024-04-04,128.24000549316406,128.7100067138672,124.31999969482422,124.69000244140625,116.52892303466797,4335800
2024-04-05,124.02999877929688,124.91999816894531,123.25,124.73999786376953,116.5756607055664,5099600
2024-04-08,125.22000122070312,126.29000091552734,124.73999786376953,126.16999816894531,117.91205596923828,2821600
2024-04-09,126.37000274658203,126.80000305175781,125.58999633789062,126.26000213623047,117.99616241455078,2965800
2024-04-10,121.79000091552734,122.08000183105469,119.12000274658203,120.62000274658203,112.7253189086914,4753000
2024-04-11,121.22000122070312,122.30999755859375,118.88999938964844,120.25,112.37952423095703,4098100
2024-04-12,119.98999786376953,120.47000122070312,118.5,119.0,111.21134948730469,3735300
2024-04-15,119.91999816894531,119.9800033569336,115.19000244140625,115.79000091552734,108.2114486694336,3993800
2024-04-16,115.62999725341797,115.91999816894531,113.97000122070312,114.73999786376953,107.23015594482422,5666400
2024-04-17,108.69999694824219,111.5,105.55999755859375,106.48999786376953,99.5201416015625,11034000
2024-04-18,105.95999908447266,106.29000091552734,103.5999984741211,104.69000244140625,97.83794403076172,6310200
2024-04-19,104.63999938964844,104.87000274658203,102.5199966430664,103.48999786376953,96.71648406982422,6932200
2024-04-22,103.80000305175781,104.56999969482422,102.55000305175781,104.08000183105469,97.26787567138672,3673000
2024-04-23,104.54000091552734,105.61000061035156,104.06999969482422,104.83000183105469,97.9687728881836,4232300
2024-04-24,103.77999877929688,104.58999633789062,102.4000015258789,103.18000030517578,96.42677307128906,4819700
2024-04-25,102.01000213623047,104.06999969482422,101.63999938964844,103.3499984741211,96.58565521240234,3798800
2024-04-26,103.43000030517578,104.62999725341797,102.76000213623047,104.05999755859375,97.2491683959961,4037600
2024-04-29,105.45999908447266,105.56999969482422,104.16000366210938,105.01000213623047,98.13700103759766,2840500
2024-04-30,102.51000213623047,104.01000213623047,102.0,102.05000305175781,95.37073516845703,5607900
2024-05-01,101.86000061035156,104.12999725341797,101.62999725341797,101.87999725341797,95.21186065673828,5526200
2024-05-02,103.80999755859375,104.56999969482422,101.11000061035156,104.52999877929688,97.68842315673828,5836200
2024-05-03,106.75,108.08000183105469,105.4000015258789,105.88999938964844,98.95940399169922,3517600
2024-05-06,106.37999725341797,106.62000274658203,104.19999694824219,104.66999816894531,97.81925201416016,4259700
2024-05-07,106.4800033569336,107.98999786376953,105.4800033569336,107.76000213623047,100.70700073242188,4088000
2024-05-08,106.94999694824219,107.33000183105469,105.30000305175781,105.87999725341797,98.9500503540039,2947700
2024-05-09,106.5,108.36000061035156,106.04000091552734,108.1500015258789,101.07147979736328,4208800
2024-05-10,108.45999908447266,108.51000213623047,106.9800033569336,107.48999786376953,100.4546890258789,2872800
2024-05-13,108.31999969482422,109.01000213623047,107.20999908447266,107.68000030517578,100.63224792480469,3043100
2024-05-14,108.86000061035156,109.86000061035156,108.04000091552734,108.27999877929688,101.19297790527344,3727300
2024-05-15,110.5999984741211,111.4800033569336,109.37000274658203,109.98999786376953,102.79105377197266,4347500
2024-05-16,110.55000305175781,111.9000015258789,110.19999694824219,110.79000091552734,103.5386962890625,4232400
2024-05-17,111.12999725341797,111.54000091552734,110.22000122070312,111.5,104.20221710205078,3260600
2024-05-20,111.18000030517578,113.02999877929688,110.62999725341797,112.05000305175781,104.71623992919922,3941400
2024-05-21,111.52999877929688,111.72000122070312,109.75,110.5999984741211,103.36112976074219,2524900
2024-05-22,110.12000274658203,111.4000015258789,108.56999969482422,109.22000122070312,102.07145690917969,3158100
2024-05-23,109.19000244140625,109.4000015258789,105.4000015258789,105.63999938964844,98.72575378417969,4364600
2024-05-24,105.94999694824219,106.12999725341797,104.5199966430664,104.75,97.8940200805664,3107600
2024-05-28,105.73999786376953,106.2300033569336,104.37000274658203,105.0,98.12764739990234,4857000
2024-05-29,103.68000030517578,105.08000183105469,103.08999633789062,105.0,98.12764739990234,2945800
2024-05-30,105.91999816894531,107.66999816894531,105.4000015258789,107.56999969482422,100.52944946289062,4325700
2024-05-31,107.75,110.66000366210938,107.55999755859375,110.48999786376953,103.25833892822266,14977800
2024-06-03,110.7699966430664,111.0,106.95999908447266,107.4000015258789,100.37056732177734,3262400
2024-06-04,106.5,109.87000274658203,106.5,108.7699966430664,101.6509017944336,5538500
2024-06-05,109.0,109.44000244140625,107.5199966430664,108.73999786376953,101.62285614013672,2824700
2024-06-06,107.98999786376953,110.23999786376953,107.5999984741211,110.01000213623047,102.80974578857422,3144300
2024-06-07,108.05000305175781,110.27999877929688,107.80000305175781,110.19999694824219,102.9873046875,4786900
2024-06-10,109.80000305175781,111.33000183105469,109.06999969482422,111.16999816894531,103.89382934570312,5780800
2024-06-11,110.91999816894531,112.37000274658203,110.08000183105469,111.58000183105469,104.27698516845703,7061100
2024-06-12,114.05999755859375,115.98999786376953,112.44000244140625,112.80999755859375,105.42648315429688,4650500
2024-06-13,113.23999786376953,113.44000244140625,111.44999694824219,112.37999725341797,105.02462005615234,3122200
2024-06-14,111.94000244140625,112.44000244140625,110.41999816894531,112.29000091552734,104.94051361083984,3672400
2024-06-17,110.48999786376953,112.01000213623047,110.04000091552734,111.27999877929688,104.89338684082031,2696200
2024-06-18,111.27999877929688,112.0,109.9800033569336,110.05000305175781,103.73397827148438,4337100
2024-06-20,109.4000015258789,110.18000030517578,108.80000305175781,109.16000366210938,102.89505767822266,4760600
2024-06-21,109.37999725341797,109.95999908447266,108.45999908447266,109.4000015258789,103.12129211425781,6708800
2024-06-24,109.44999694824219,113.1500015258789,109.30999755859375,111.62999725341797,105.22330474853516,2924200
2024-06-25,111.5199966430664,111.52999877929688,109.6500015258789,109.83000183105469,103.52660369873047,2929900
2024-06-26,108.95999908447266,111.30999755859375,108.5999984741211,110.41000366210938,104.07331848144531,3385000
2024-06-27,110.5199966430664,111.98999786376953,109.88999938964844,111.3499984741211,104.95936584472656,3174300
2024-06-28,111.91999816894531,112.73999786376953,110.36000061035156,112.30999755859375,105.86426544189453,5436400
2024-07-01,112.0,113.58000183105469,111.18000030517578,111.94999694824219,105.5249252319336,2405800
2024-07-02,112.6500015258789,113.55999755859375,111.05000305175781,113.20999908447266,106.71261596679688,2945400
2024-07-03,113.69000244140625,114.37000274658203,112.9000015258789,113.30000305175781,106.79744720458984,1339500
2024-07-05,113.68000030517578,114.94000244140625,113.08999633789062,114.45999908447266,107.89087677001953,2252300
2024-07-08,114.62999725341797,115.19999694824219,113.80999755859375,114.41000366210938,107.84375,2185700
2024-07-09,114.7699966430664,115.08000183105469,112.81999969482422,114.44999694824219,107.88143920898438,2196100
2024-07-10,115.01000213623047,116.6500015258789,114.33000183105469,116.54000091552734,109.85149383544922,2998300
2024-07-11,118.4800033569336,120.86000061035156,118.06999969482422,120.41000366210938,113.49940490722656,4242900
2024-07-12,122.0,122.61000061035156,119.83999633789062,120.1500015258789,113.25431823730469,4003400
2024-07-15,120.3499984741211,121.3499984741211,119.1500015258789,121.13999938964844,114.18749237060547,3264700
2024-07-16,122.16999816894531,122.16999816894531,120.9000015258789,121.48999786376953,114.51741790771484,4508600
2024-07-17,124.44000244140625,129.16000366210938,121.88999938964844,123.20999908447266,116.1386947631836,8941300
2024-07-18,122.5,127.31999969482422,122.08000183105469,122.62000274658203,115.58255767822266,4631900
2024-07-19,122.95999908447266,123.77999877929688,121.62999725341797,123.75,116.64771270751953,3485200
2024-07-22,124.6500015258789,127.25,123.55000305175781,126.66000366210938,119.39070892333984,6266100
2024-07-23,125.95999908447266,126.58999633789062,124.5999984741211,125.68000030517578,118.46693420410156,3708200
2024-07-24,125.41000366210938,126.94999694824219,122.8499984741211,123.08000183105469,116.01616668701172,4082500
2024-07-25,123.73999786376953,124.2300033569336,120.26000213623047,120.43000030517578,113.51824951171875,3402100
2024-07-26,121.18000030517578,123.2699966430664,120.38999938964844,122.68000030517578,115.63911437988281,3373900
2024-07-29,122.88999938964844,124.43000030517578,121.37999725341797,123.94999694824219,116.83622741699219,2376300
2024-07-30,124.08000183105469,126.69999694824219,123.55999755859375,126.08999633789062,118.85340118408203,2663900
2024-07-31,126.0999984741211,128.5399932861328,125.25,126.05000305175781,118.81571197509766,3960100
2024-08-01,127.83999633789062,129.66000366210938,125.80999755859375,127.72000122070312,120.38985443115234,3871100
2024-08-02,127.1500015258789,128.4499969482422,122.41999816894531,123.9800033569336,116.86450958251953,5728500
2024-08-05,120.0,123.12999725341797,118.52999877929688,118.94000244140625,112.11376190185547,5157400
2024-08-06,118.95999908447266,122.31999969482422,118.08000183105469,121.05000305175781,114.1026611328125,4016200
2024-08-07,123.04000091552734,124.06999969482422,120.0,120.1500015258789,113.25431823730469,2967000
2024-08-08,120.5999984741211,122.5199966430664,119.7300033569336,121.98999786376953,114.98872375488281,2806500
2024-08-09,122.3499984741211,122.62999725341797,120.41000366210938,121.9000015258789,114.90388488769531,1901800
2024-08-12,120.68000030517578,120.88999938964844,118.75,119.98999786376953,113.1034927368164,2836800
2024-08-13,121.27999877929688,122.97000122070312,120.38999938964844,122.68000030517578,115.63911437988281,2719500
2024-08-14,122.7699966430664,124.33999633789062,122.25,123.41999816894531,116.33663177490234,2182300
2024-08-15,124.12000274658203,125.37000274658203,123.18000030517578,124.7699966430664,117.60916137695312,2792300
2024-08-16,124.38999938964844,124.66999816894531,122.08000183105469,122.8499984741211,115.79934692382812,2899000
2024-08-19,123.13999938964844,124.91000366210938,122.87999725341797,124.69999694824219,117.54317474365234,1664900
2024-08-20,124.69999694824219,124.91000366210938,122.79000091552734,124.1500015258789,117.02474975585938,2108400
2024-08-21,124.26000213623047,125.16999816894531,123.33999633789062,124.47000122070312,117.32637786865234,2086400
2024-08-22,125.08000183105469,126.04000091552734,124.47000122070312,125.9800033569336,118.74971771240234,2770000
2024-08-23,126.70999908447266,129.3699951171875,126.19000244140625,128.86000061035156,121.46443176269531,2938700
2024-08-26,129.89999389648438,129.97000122070312,128.5500030517578,128.89999389648438,121.50212860107422,2278600
2024-08-27,128.19000244140625,129.25999450683594,128.19000244140625,128.94000244140625,121.53984069824219,2042700
2024-08-28,128.66000366210938,129.1999969482422,125.5,126.9000015258789,119.61692810058594,2501000
2024-08-29,126.9000015258789,126.98999786376953,124.63999938964844,125.33000183105469,118.13703155517578,2419900
2024-08-30,126.01000213623047,127.97000122070312,125.11000061035156,127.81999969482422,120.48411560058594,3618000
2024-09-03,126.54000091552734,129.02999877929688,126.37000274658203,128.3699951171875,121.0025634765625,3526200
2024-09-04,128.61000061035156,130.47999572753906,127.22000122070312,128.27000427246094,120.9083023071289,3091500
2024-09-05,129.07000732421875,129.27000427246094,126.83000183105469,127.41000366210938,120.09764862060547,2402700
2024-09-06,127.5,128.22000122070312,126.05000305175781,127.2300033569336,119.927978515625,2484100
2024-09-09,127.55000305175781,131.11000061035156,127.05000305175781,130.25,122.774658203125,3599400
2024-09-10,131.17999267578125,132.57000732421875,130.4499969482422,132.39999389648438,124.8012466430664,3029800
2024-09-11,130.7100067138672,131.36000061035156,128.38999938964844,130.69000244140625,123.18941497802734,3890300
2024-09-12,131.10000610351562,131.66000366210938,128.36000061035156,130.2899932861328,122.81236267089844,5557000
2024-09-13,131.19000244140625,132.38999938964844,129.6699981689453,129.97999572753906,122.52014923095703,3689400
2024-09-16,129.8300018310547,130.16000366210938,128.24000549316406,129.27999877929688,122.76703643798828,3864300
2024-09-17,129.22999572753906,130.0500030517578,127.95999908447266,128.8699951171875,122.37770080566406,3171100
2024-09-18,128.82000732421875,129.32000732421875,126.68000030517578,127.0199966430664,120.62090301513672,3498600
2024-09-19,128.82000732421875,129.50999450683594,127.30000305175781,128.5,122.0263442993164,2604400
2024-09-20,127.69000244140625,127.93000030517578,125.23999786376953,125.47000122070312,119.14899444580078,8581000
2024-09-23,126.5999984741211,127.16999816894531,125.95999908447266,126.62999725341797,120.25054931640625,3386200
2024-09-24,126.41000366210938,127.5199966430664,125.7699966430664,126.68000030517578,120.29803466796875,3979500
2024-09-25,126.7300033569336,127.22000122070312,124.77999877929688,125.38999938964844,119.0730209350586,3421700
2024-09-26,125.88999938964844,126.41999816894531,124.86000061035156,125.2300033569336,118.92108154296875,3235800
2024-09-27,125.98999786376953,127.31999969482422,125.27999877929688,125.58999633789062,119.262939453125,3775200
2024-09-30,124.77999877929688,126.43000030517578,124.55999755859375,126.27999877929688,119.91818237304688,3608400
2024-10-01,126.63999938964844,126.72000122070312,123.4800033569336,124.61000061035156,118.33231353759766,3401500
2024-10-02,122.55999755859375,124.25,121.94999694824219,124.18000030517578,117.92398834228516,3848800
2024-10-03,123.7300033569336,123.75,121.5,122.04000091552734,115.89179229736328,3400500
2024-10-04,121.58999633789062,122.77999877929688,120.36000061035156,122.41999816894531,116.25263214111328,2774000
2024-10-07,121.36000061035156,121.7300033569336,119.30999755859375,120.0,113.95455932617188,3186500
2024-10-08,120.29000091552734,120.68000030517578,118.22000122070312,119.33999633789062,113.32780456542969,3035400
2024-10-09,118.19000244140625,119.47000122070312,117.9000015258789,118.83999633789062,112.8530044555664,3661700
2024-10-10,118.05999755859375,119.13999938964844,117.47000122070312,118.27999877929688,112.32122802734375,2767100
2024-10-11,118.77999877929688,120.41999816894531,118.1500015258789,120.23999786376953,114.1824722290039,2712000
2024-10-14,120.04000091552734,120.97000122070312,119.5,120.45999908447266,114.39138793945312,1979000
2024-10-15,120.73999786376953,123.05000305175781,120.73999786376953,121.38999938964844,115.27454376220703,5453600
2024-10-16,123.04000091552734,127.6500015258789,121.7699966430664,126.97000122070312,120.57341766357422,5565200
2024-10-17,126.04000091552734,126.91999816894531,122.69999694824219,122.69999694824219,116.51853942871094,5446800
2024-10-18,123.01000213623047,123.3499984741211,121.61000061035156,122.5,116.32861328125,3690900
2024-10-21,120.72000122070312,121.45999908447266,117.56999969482422,117.7699966430664,111.83689880371094,3866200
2024-10-22,117.3499984741211,119.5999984741211,117.3499984741211,118.94000244140625,112.94796752929688,3374600
2024-10-23,118.93000030517578,121.11000061035156,118.9000015258789,120.83000183105469,114.74274444580078,4133100
2024-10-24,120.05000305175781,121.13999938964844,119.80000305175781,120.38999938964844,114.3249282836914,4332900
2024-10-25,119.80000305175781,120.33000183105469,117.44000244140625,117.54000091552734,111.61849212646484,3247300
2024-10-28,118.44000244140625,118.80000305175781,117.0999984741211,117.80999755859375,111.8748779296875,3648500
2024-10-29,117.77999877929688,118.13999938964844,115.30999755859375,115.30999755859375,109.50083923339844,3595700
2024-10-30,115.9000015258789,117.26000213623047,115.31999969482422,115.87000274658203,110.03263854980469,3780200
2024-10-31,115.16999816894531,115.68000030517578,112.86000061035156,112.94000244140625,107.250244140625,5021300
2024-11-01,114.80999755859375,115.37000274658203,113.37999725341797,113.4000015258789,107.68707275390625,3941700
2024-11-04,114.04000091552734,115.08999633789062,113.12000274658203,113.86000061035156,108.12388610839844,2439800
2024-11-05,112.9800033569336,114.43000030517578,112.41000366210938,114.43000030517578,108.66517639160156,2370200
2024-11-06,115.70999908447266,115.70999908447266,111.4000015258789,113.73999786376953,108.00994110107422,5768000
2024-11-07,114.16000366210938,114.69000244140625,113.37999725341797,114.20999908447266,108.45625305175781,3035800
2024-11-08,114.5,116.0,113.94000244140625,115.83000183105469,109.99464416503906,3250900
2024-11-11,115.72000122070312,116.4800033569336,113.80000305175781,114.0999984741211,108.3517837524414,3547000
2024-11-12,113.80999755859375,115.12000274658203,112.47000122070312,112.75,107.06981658935547,2708100
2024-11-13,113.91999816894531,117.13999938964844,113.86000061035156,116.56999969482422,110.6973648071289,4772300
2024-11-14,116.4000015258789,116.69999694824219,114.2699966430664,114.75,108.96905517578125,4757000
2024-11-15,114.36000061035156,114.9800033569336,112.66999816894531,113.41999816894531,107.7060546875,3889000
2024-11-18,112.8499984741211,114.69000244140625,112.41000366210938,114.6500015258789,108.87408447265625,2411400
2024-11-19,113.81999969482422,115.44000244140625,112.88999938964844,115.12999725341797,109.32991027832031,2950800
2024-11-20,114.41999816894531,114.72000122070312,113.5999984741211,114.54000091552734,108.76963806152344,2821800
2024-11-21,114.51000213623047,114.98999786376953,113.5999984741211,113.97000122070312,108.22834777832031,2626500
2024-11-22,114.31999969482422,115.94000244140625,113.95999908447266,115.80000305175781,109.96615600585938,2432900
2024-11-25,116.5199966430664,119.45999908447266,116.31999969482422,118.06999969482422,112.1218032836914,9970700
2024-11-26,117.5999984741211,118.06999969482422,115.5199966430664,116.16999816894531,110.31751251220703,3367200
2024-11-27,117.12999725341797,118.72000122070312,116.91999816894531,117.80000305175781,111.86540222167969,2655000
2024-11-29,117.91999816894531,118.62000274658203,116.66000366210938,116.77999877929688,110.89678192138672,3124300
2024-12-02,116.0999984741211,116.63999938964844,114.81999969482422,115.83999633789062,110.00413513183594,3386500
2024-12-03,115.94999694824219,117.0999984741211,115.58999633789062,116.4000015258789,110.53591918945312,4520300
2024-12-04,116.37999725341797,116.37999725341797,114.37000274658203,115.05000305175781,109.25395202636719,3761300
2024-12-05,114.04000091552734,114.38999938964844,112.88999938964844,113.79000091552734,108.05741882324219,2510200
2024-12-06,113.0199966430664,114.44000244140625,111.72000122070312,112.0,106.35759735107422,3650800
2024-12-09,113.0,115.44999694824219,112.5,115.41999816894531,109.60529327392578,4717100
2024-12-10,115.0999984741211,115.26000213623047,112.55999755859375,113.1500015258789,107.44966125488281,2908100
2024-12-11,113.04000091552734,114.08000183105469,111.29000091552734,111.95999908447266,106.31961822509766,2804200
2024-12-12,111.62000274658203,113.33000183105469,111.30000305175781,111.6500015258789,106.02522277832031,2868200
2024-12-13,111.11000061035156,111.72000122070312,110.62999725341797,111.12999725341797,105.53142547607422,4741200
2024-12-16,110.30000305175781,111.31999969482422,108.5199966430664,108.87000274658203,104.2861557006836,5586800
2024-12-17,108.47000122070312,109.80999755859375,107.93000030517578,108.87000274658203,104.2861557006836,4687400
2024-12-18,108.48999786376953,109.12000274658203,103.83999633789062,103.91000366210938,99.53500366210938,5422600
2024-12-19,104.62999725341797,104.91999816894531,101.37000274658203,101.4000015258789,97.13067626953125,7786700
2024-12-20,100.81999969482422,104.80999755859375,100.81999969482422,103.31999969482422,98.96983337402344,11067200
2024-12-23,102.95999908447266,104.41999816894531,102.55999755859375,104.13999938964844,99.75531005859375,4626200
2024-12-24,103.73999786376953,104.80000305175781,103.44000244140625,104.69999694824219,100.29173278808594,1883700
2024-12-26,103.98999786376953,107.47000122070312,103.56999969482422,106.88999938964844,102.38953399658203,4799000
2024-12-27,106.16000366210938,107.2300033569336,104.80999755859375,105.23999786376953,100.80900573730469,3655100
2024-12-30,104.86000061035156,105.47000122070312,103.62999725341797,105.0999984741211,100.67488861083984,4038500
2024-12-31,106.08999633789062,106.41000366210938,104.79000091552734,105.69999694824219,101.24962615966797,4602700
2025-01-02,106.38999938964844,106.56999969482422,103.77999877929688,104.26000213623047,99.87026977539062,4180100
2025-01-03,104.51000213623047,105.93000030517578,103.63999938964844,105.62999725341797,101.18257904052734,3558800
2025-01-06,106.5,108.83999633789062,105.75,106.66000366210938,102.16921997070312,4450200
2025-01-07,107.52999877929688,108.29000091552734,106.06999969482422,106.58000183105469,102.09257507324219,4958800
2025-01-08,106.41000366210938,106.62999725341797,104.91000366210938,105.5,101.05805206298828,3571500
2025-01-10,104.0,105.0,103.5,103.58999633789062,99.22846984863281,4230700
2025-01-13,103.58999633789062,105.45999908447266,103.2300033569336,105.37000274658203,100.93352508544922,5774700
2025-01-14,105.58000183105469,108.58000183105469,105.37000274658203,108.12000274658203,103.56773376464844,4444400
2025-01-15,111.48999786376953,112.0,107.73999786376953,107.8499984741211,103.3091049194336,4571000
2025-01-16,108.22000122070312,111.05999755859375,107.7699966430664,110.93000030517578,106.25942993164062,5499800
2025-01-17,111.19999694824219,111.61000061035156,109.41999816894531,109.4800033569336,104.8704833984375,5270800
2025-01-21,110.26000213623047,117.88999938964844,110.16999816894531,117.2699966430664,112.33248138427734,8040000
2025-01-22,116.26000213623047,117.4800033569336,114.5199966430664,115.12999725341797,110.28258514404297,5429500
2025-01-23,115.29000091552734,118.58000183105469,114.5,118.54000091552734,113.54901885986328,4788700
2025-01-24,118.52999877929688,120.06999969482422,117.20999908447266,118.93000030517578,113.92259216308594,4165800
2025-01-27,117.98999786376953,122.08999633789062,117.98999786376953,121.25,116.14490509033203,5253400
2025-01-28,121.0999984741211,121.55999755859375,119.80999755859375,120.20999908447266,115.14871215820312,3494600
2025-01-29,120.5,121.01000213623047,118.45999908447266,119.16999816894531,114.1524887084961,2758100
2025-01-30,120.77999877929688,122.25,119.37999725341797,120.6500015258789,115.57018280029297,2844000
2025-01-31,119.7699966430664,120.69000244140625,118.44999694824219,119.25,114.22913360595703,3753700
2025-02-03,116.02999877929688,118.51000213623047,114.45999908447266,117.83999633789062,112.87847900390625,3704000
2025-02-04,116.26000213623047,118.80999755859375,116.18000030517578,118.30999755859375,113.32868957519531,2273400
2025-02-05,119.44000244140625,119.44000244140625,117.48999786376953,118.77999877929688,113.77891540527344,2797800
2025-02-06,119.2300033569336,119.2300033569336,116.83999633789062,118.54000091552734,113.54901885986328,3476400
2025-02-07,118.77999877929688,119.2300033569336,117.0,117.3499984741211,112.40911865234375,2873000
2025-02-10,118.05000305175781,119.58999633789062,117.62999725341797,119.47000122070312,114.43986511230469,2768800
2025-02-11,119.0,122.16999816894531,119.0,121.7699966430664,116.64302062988281,3673500
2025-02-12,118.62000274658203,120.6500015258789,118.62000274658203,119.7699966430664,114.72722625732422,3374700
2025-02-13,119.91000366210938,121.45999908447266,118.80999755859375,120.9000015258789,115.80964660644531,2443800
2025-02-14,121.69999694824219,122.61000061035156,120.6500015258789,120.8499984741211,115.76175689697266,2101300
2025-02-18,120.76000213623047,121.81999969482422,120.25,121.30999755859375,116.20238494873047,2151200
2025-02-19,120.7300033569336,122.16000366210938,120.05000305175781,121.62999725341797,116.50891876220703,5276400
2025-02-20,121.62999725341797,121.62999725341797,120.18000030517578,120.9000015258789,115.80964660644531,2484700
2025-02-21,121.30000305175781,121.44999694824219,119.62999725341797,120.97000122070312,115.876708984375,3152000
2025-02-24,121.12000274658203,122.08000183105469,119.9800033569336,120.7300033569336,115.64681243896484,2708500
2025-02-25,121.29000091552734,123.06999969482422,120.94999694824219,122.61000061035156,117.44766235351562,3732700
2025-02-26,122.94999694824219,123.43000030517578,121.7699966430664,122.16000366210938,117.0166015625,2324900
2025-02-27,122.25,124.0,121.5,122.7699966430664,117.60090637207031,2293300
2025-02-28,122.83999633789062,124.25,121.91000366210938,123.91999816894531,118.70249938964844,5562200
2025-03-03,124.16000366210938,124.98999786376953,122.73999786376953,123.54000091552734,118.33849334716797,3184000
2025-03-04,123.08999633789062,124.13999938964844,121.58000183105469,121.77999877929688,116.65260314941406,3242400
2025-03-05,120.86000061035156,124.66999816894531,120.5199966430664,124.04000091552734,118.81744384765625,4300600
2025-03-06,122.8499984741211,123.4800033569336,119.7300033569336,120.30000305175781,115.23491668701172,4080200
2025-03-07,120.75,121.44000244140625,118.05000305175781,119.91000366210938,114.86134338378906,4004300
2025-03-10,119.44999694824219,120.13999938964844,117.27999877929688,117.87000274658203,112.90723419189453,4238600
2025-03-11,118.83000183105469,119.0999984741211,115.52999877929688,117.18000030517578,112.24626922607422,5521700
2025-03-12,117.63999938964844,118.01000213623047,115.66000366210938,115.7300033569336,110.85733795166016,3608400
2025-03-13,115.72000122070312,116.44000244140625,110.12000274658203,110.36000061035156,105.71343231201172,4802800
2025-03-14,111.76000213623047,112.29000091552734,110.5,111.88999938964844,107.17900085449219,4732700
2025-03-17,111.5,114.98999786376953,111.48999786376953,114.44000244140625,109.62165069580078,3436100
2025-03-18,113.86000061035156,114.0,111.63999938964844,112.37999725341797,108.60689544677734,3464200
2025-03-19,112.26000213623047,113.73999786376953,111.69999694824219,112.97000122070312,109.17709350585938,4121100
2025-03-20,112.62000274658203,113.91999816894531,111.69999694824219,112.06999969482422,108.30730438232422,3344200
2025-03-21,111.2699966430664,111.66000366210938,107.93000030517578,108.41999816894531,104.77984619140625,7526600
2025-03-24,109.27999877929688,110.43000030517578,108.12000274658203,110.26000213623047,106.5580825805664,5379400
2025-03-25,110.06999969482422,110.44000244140625,108.41999816894531,109.2300033569336,105.56266021728516,3467100
2025-03-26,109.5999984741211,111.58000183105469,109.4800033569336,111.12999725341797,107.39885711669922,3246100
2025-03-27,111.2300033569336,112.33000183105469,110.58999633789062,110.75,107.03162384033203,2825100
2025-03-28,111.0,111.62000274658203,109.93000030517578,110.44999694824219,106.74169921875,3660200
2025-03-31,110.30999755859375,112.20999908447266,110.0999984741211,111.79000091552734,108.03670501708984,5071200
2025-04-01,112.54000091552734,112.73999786376953,110.08999633789062,111.44999694824219,107.70811462402344,3359900
2025-04-02,111.44999694824219,112.55000305175781,110.16000366210938,112.33999633789062,108.56822967529297,3230800
2025-04-03,108.11000061035156,109.37999725341797,101.18000030517578,101.58999633789062,98.17916107177734,7613200
2025-04-04,99.3499984741211,100.31999969482422,95.33999633789062,98.2300033569336,94.9319839477539,12661100
2025-04-07,96.6500015258789,99.16999816894531,91.66999816894531,94.5199966430664,91.3465347290039,12717900
2025-04-08,97.05999755859375,97.58999633789062,88.31999969482422,89.76000213623047,86.74635314941406,8177500
2025-04-09,87.94999694824219,98.80999755859375,85.3499984741211,98.22000122070312,94.92230987548828,17532000
2025-04-10,96.5199966430664,97.47000122070312,92.83999633789062,94.88999938964844,91.70411682128906,17204000
2025-04-11,94.02999877929688,96.41000366210938,92.5199966430664,96.2300033569336,92.99913024902344,6480100
2025-04-14,97.63999938964844,99.37999725341797,96.87000274658203,98.30000305175781,94.9996337890625,6844900
2025-04-15,98.86000061035156,99.5,98.0999984741211,98.4800033569336,95.173583984375,6702200
2025-04-16,99.69999694824219,101.91000366210938,97.9800033569336,100.29000091552734,96.92281341552734,7334600
2025-04-17,101.08000183105469,103.68000030517578,101.0,102.0999984741211,98.67203521728516,6213100
2025-04-21,100.51000213623047,101.0,97.0999984741211,98.62999725341797,95.31854248046875,4801500
2025-04-22,100.22000122070312,101.0999984741211,98.7699966430664,99.94999694824219,96.59422302246094,4794400
2025-04-23,102.2300033569336,104.9800033569336,100.97000122070312,101.4800033569336,98.07286071777344,6911200
2025-04-24,101.95999908447266,103.72000122070312,100.97000122070312,103.36000061035156,99.88973999023438,4602300
2025-04-25,103.37000274658203,103.5,101.98999786376953,102.23999786376953,98.80733489990234,2828200
2025-04-28,102.30999755859375,104.0999984741211,101.87999725341797,103.31999969482422,99.85108184814453,3149600
2025-04-29,102.56999969482422,103.66999816894531,102.05000305175781,103.0999984741211,99.63846588134766,2520500
2025-04-30,102.44000244140625,103.06999969482422,100.22000122070312,102.19999694824219,98.76868438720703,7712300
2025-05-01,103.27999877929688,104.47000122070312,101.95999908447266,103.08000183105469,99.619140625,3956100
2025-05-02,105.16999816894531,105.91999816894531,104.41000366210938,105.41000366210938,101.87091064453125,4193700
2025-05-05,104.5999984741211,106.0199966430664,104.37999725341797,105.33000183105469,101.7936019897461,3246600
2025-05-06,104.72000122070312,105.51000213623047,103.5999984741211,104.5,100.99146270751953,6505100
2025-05-07,104.5,106.0199966430664,104.19999694824219,105.04000091552734,101.51333618164062,4741200
2025-05-08,105.16999816894531,106.43000030517578,103.44999694824219,105.48999786376953,101.94822692871094,3514500
2025-05-09,105.69000244140625,107.27999877929688,105.23999786376953,106.91000366210938,103.320556640625,5506200
2025-05-12,110.94999694824219,112.94999694824219,110.0,110.33000183105469,106.62572479248047,10025000
2025-05-13,110.19999694824219,110.51000213623047,108.5,109.69999694824219,106.0168685913086,4533900
2025-05-14,108.8499984741211,109.16999816894531,106.68000030517578,107.5999984741211,103.98738861083984,7699900
2025-05-15,107.4800033569336,109.51000213623047,106.62000274658203,109.2300033569336,105.56266021728516,3163500
2025-05-16,109.33999633789062,110.62999725341797,108.76000213623047,110.55000305175781,106.83834075927734,2768400
2025-05-19,108.80999755859375,110.81999969482422,108.3499984741211,110.6500015258789,106.93498229980469,2880300
2025-05-20,109.93000030517578,110.70999908447266,108.47000122070312,108.7300033569336,105.0794448852539,2689400
2025-05-21,107.83999633789062,108.19999694824219,104.36000061035156,104.66999816894531,101.15575408935547,2861600
2025-05-22,104.7699966430664,105.87999725341797,103.80000305175781,105.08999633789062,101.56165313720703,3492800
2025-05-23,104.33000183105469,104.86000061035156,103.0199966430664,104.04000091552734,100.54691314697266,3075500
2025-05-27,105.38999938964844,106.87999725341797,104.44999694824219,106.62000274658203,103.04029083251953,4067300
2025-05-28,106.88999938964844,108.0,106.4800033569336,107.91999816894531,104.296630859375,4580500
2025-05-29,108.87999725341797,111.37999725341797,108.37999725341797,109.2300033569336,105.56266021728516,4585600
2025-05-30,108.70999908447266,109.08999633789062,106.7699966430664,108.5999984741211,104.95381164550781,7261600
2025-06-02,107.86000061035156,108.75,106.1500015258789,108.75,105.09877014160156,3958700
2025-06-03,108.31999969482422,109.52999877929688,107.73999786376953,109.0199966430664,105.35969543457031,3423200
2025-06-04,108.87999725341797,109.12999725341797,108.27999877929688,108.43000030517578,104.78952026367188,2436300
2025-06-05,108.5,109.0,107.37999725341797,107.81999969482422,104.19999694824219,2632800
2025-06-06,108.9000015258789,110.0199966430664,108.1500015258789,108.79000091552734,105.1374282836914,3644400
2025-06-09,109.2699966430664,110.05999755859375,108.48999786376953,108.93000030517578,105.2727279663086,3032300
2025-06-10,109.0,110.0,108.18000030517578,109.48999786376953,105.81392669677734,3771600
2025-06-11,110.01000213623047,110.13999938964844,108.22000122070312,108.5,104.85717010498047,3454900
2025-06-12,107.9000015258789,109.37999725341797,107.66000366210938,108.44000244140625,104.79918670654297,3526800
2025-06-13,107.36000061035156,107.94000244140625,106.23999786376953,107.27999877929688,103.67813110351562,3359400
2025-06-16,107.0,108.54000091552734,106.4000015258789,106.81999969482422,103.23357391357422,4537500
2025-06-17,105.44000244140625,106.19000244140625,104.30000305175781,105.08999633789062,102.53109741210938,3068100
2025-06-18,105.0,106.68000030517578,104.5,105.08000183105469,102.52134704589844,2599300
2025-06-20,105.52999877929688,106.2699966430664,105.12000274658203,105.69000244140625,103.11649322509766,6746300
2025-06-23,105.58000183105469,107.26000213623047,104.87999725341797,107.12999725341797,104.52141571044922,3118900
2025-06-24,107.0,108.5999984741211,106.37000274658203,108.12999725341797,105.4970703125,2990100
2025-06-25,107.51000213623047,107.51000213623047,104.70999908447266,104.77999877929688,102.22864532470703,4926000
2025-06-26,104.76000213623047,105.11000061035156,103.5,104.38999938964844,101.84814453125,4506500
2025-06-27,105.11000061035156,107.61000061035156,105.02999877929688,105.62000274658203,103.0481948852539,5732900
2025-06-30,105.44000244140625,105.8499984741211,103.44999694824219,105.12000274658203,102.56037139892578,7418000
2025-07-01,104.87000274658203,108.47000122070312,104.25,106.58000183105469,103.98482513427734,6626300
2025-07-02,106.73999786376953,108.45999908447266,106.11000061035156,108.30999755859375,105.67269134521484,3458900
2025-07-03,108.29000091552734,108.77999877929688,107.62000274658203,108.0199966430664,105.3897476196289,1549600
2025-07-07,107.75,109.0,105.51000213623047,106.33000183105469,103.74091339111328,3837900
2025-07-08,105.83999633789062,108.36000061035156,105.75,106.8499984741211,104.24824523925781,2939000
2025-07-09,107.12999725341797,107.48999786376953,105.27999877929688,106.38999938964844,103.79944610595703,4461200
2025-07-10,106.91999816894531,110.0,106.52999877929688,108.41000366210938,105.77027130126953,4765000
2025-07-11,106.69999694824219,109.16999816894531,106.45999908447266,109.16999816894531,106.51175689697266,3209800
2025-07-14,108.37999725341797,109.52999877929688,108.08999633789062,109.3499984741211,106.68737030029297,3582000
2025-07-15,109.68000030517578,110.11000061035156,108.19000244140625,108.62000274658203,105.97515106201172,5309300
2025-07-16,112.75,114.5,109.0199966430664,110.16999816894531,107.4874038696289,12177900
2025-07-17,109.37000274658203,110.45999908447266,105.75,106.43000030517578,103.8384780883789,6612800
2025-07-18,107.16999816894531,107.16999816894531,105.72000122070312,106.77999877929688,104.17994689941406,4481500
2025-07-21,107.25,108.69999694824219,106.68000030517578,107.86000061035156,105.23365783691406,3838200
2025-07-22,108.22000122070312,109.37000274658203,107.69999694824219,109.19000244140625,106.5312728881836,5214700
2025-07-23,109.13999938964844,110.41999816894531,108.54000091552734,110.0,107.32154083251953,4215000
2025-07-24,109.79000091552734,110.54000091552734,109.22000122070312,109.72000122070312,107.0483627319336,6208800
2025-07-25,109.94999694824219,110.36000061035156,108.33000183105469,110.29000091552734,107.60448455810547,2150700
2025-07-28,110.0,110.27999877929688,107.06999969482422,107.12000274658203,104.51168060302734,2850600
2025-07-29,107.58000183105469,109.83000183105469,106.80000305175781,109.72000122070312,107.0483627319336,3812700
2025-07-30,109.9000015258789,110.38999938964844,107.58999633789062,108.48999786376953,105.84831237792969,3796500
2025-07-31,107.47000122070312,108.77999877929688,106.58999633789062,106.77999877929688,104.17994689941406,4136100
2025-08-01,107.18000030517578,107.2699966430664,104.0999984741211,104.91000366210938,102.3554916381836,6122800
2025-08-04,105.33000183105469,105.88999938964844,104.41000366210938,105.20999908447266,102.64817810058594,4631700
2025-08-05,105.69999694824219,107.58000183105469,105.30000305175781,107.04000091552734,104.43362426757812,3556700
2025-08-06,106.93000030517578,107.43000030517578,105.62999725341797,105.7300033569336,103.15552520751953,3706100
2025-08-07,106.95999908447266,107.4800033569336,105.30999755859375,106.29000091552734,103.7018814086914,2214900
2025-08-08,106.22000122070312,106.7699966430664,105.62000274658203,105.68000030517578,103.10673522949219,1841700
2025-08-11,105.41000366210938,105.86000061035156,103.94000244140625,104.08000183105469,101.54569244384766,3181500
2025-08-12,104.30000305175781,104.94000244140625,103.41000366210938,104.80999755859375,102.2579116821289,2847100
2025-08-13,105.12000274658203,106.54000091552734,104.54000091552734,106.19000244140625,103.60431671142578,2679200
2025-08-14,105.30000305175781,106.31999969482422,104.06999969482422,105.8499984741211,103.27259063720703,2267900
2025-08-15,106.31999969482422,106.80000305175781,105.9800033569336,106.58999633789062,103.99456787109375,1924200
2025-08-18,106.56999969482422,106.61000061035156,105.41999816894531,105.44000244140625,102.8725814819336,2035600
2025-08-19,107.47000122070312,110.87000274658203,107.02999877929688,110.76000213623047,108.06304168701172,3985500
2025-08-20,111.43000030517578,112.12000274658203,109.73999786376953,110.18000030517578,107.49716186523438,3227300
2025-08-21,109.05000305175781,109.61000061035156,107.83999633789062,108.38999938964844,105.75074005126953,3045700
2025-08-22,109.2300033569336,113.1500015258789,109.13999938964844,112.27999877929688,109.5460205078125,3554100
2025-08-25,112.0199966430664,112.75,111.30000305175781,111.62000274658203,108.90210723876953,2022800
2025-08-26,111.58000183105469,112.80999755859375,111.05000305175781,111.3499984741211,108.638671875,4839100
2025-08-27,112.77999877929688,114.19999694824219,112.12000274658203,112.68000030517578,109.93628692626953,3451400
2025-08-28,112.79000091552734,112.94000244140625,111.4000015258789,112.63999938964844,109.89726257324219,2559100
2025-08-29,112.41000366210938,113.95999908447266,112.19000244140625,113.77999877929688,111.00950622558594,2827600
2025-09-02,112.25,112.58000183105469,111.01000213623047,111.30000305175781,108.58988952636719,3396000
2025-09-03,111.0,112.25,110.87000274658203,110.94999694824219,108.2484130859375,3333700
2025-09-04,111.25,112.80999755859375,110.51000213623047,112.61000061035156,109.86799621582031,2499500
2025-09-05,113.58999633789062,114.94999694824219,112.9800033569336,113.6500015258789,110.8826675415039,2595800
2025-09-08,112.16999816894531,113.76000213623047,111.66000366210938,113.55999755859375,110.79486083984375,2791100
2025-09-09,113.27999877929688,113.9800033569336,111.55000305175781,111.97000122070312,109.24358367919922,5307200
2025-09-10,111.91000366210938,112.29000091552734,110.5999984741211,110.9800033569336,108.2776870727539,3118900
2025-09-11,111.30999755859375,115.66999816894531,111.0,114.81999969482422,112.02417755126953,5039900
2025-09-12,114.86000061035156,115.91000366210938,114.16999816894531,115.3499984741211,112.54127502441406,3552200
2025-09-15,115.29000091552734,116.0,113.69000244140625,114.2699966430664,111.4875717163086,2717900
2025-09-16,113.87000274658203,114.87999725341797,112.87999725341797,114.02999877929688,112.24552154541016,2989900
2025-09-17,114.9800033569336,116.41000366210938,113.37999725341797,113.88999938964844,112.10771179199219,2869800
2025-09-18,114.30000305175781,115.80000305175781,113.87999725341797,115.16000366210938,113.35784912109375,3936000
2025-09-19,115.18000030517578,115.30999755859375,113.25,113.51000213623047,111.7336654663086,8647800
2025-09-22,113.16000366210938,114.45999908447266,112.0,113.93000030517578,112.14708709716797,2798700
2025-09-23,113.9800033569336,114.6500015258789,113.0999984741211,114.44000244140625,112.64910888671875,2319000
2025-09-24,113.80000305175781,114.33999633789062,112.58000183105469,112.86000061035156,111.09383392333984,3274300
2025-09-25,112.91999816894531,113.76000213623047,112.5999984741211,113.20999908447266,111.43834686279297,2596400
2025-09-26,113.45999908447266,114.5999984741211,112.8499984741211,114.19000244140625,112.40301513671875,3021600
2025-09-29,114.5999984741211,114.87000274658203,113.62000274658203,114.23999786376953,112.45223236083984,2470900
2025-09-30,114.22000122070312,114.54000091552734,113.11000061035156,114.5199966430664,112.72785186767578,3617400
2025-10-01,114.30999755859375,116.5199966430664,113.80000305175781,116.4800033569336,114.65718841552734,2980900
2025-10-02,116.22000122070312,116.4800033569336,114.54000091552734,116.12000274658203,114.30281829833984,2935700
2025-10-03,116.4000015258789,118.19999694824219,116.01000213623047,117.05999755859375,115.22810363769531,3136900
2025-10-06,117.0,117.79000091552734,116.37000274658203,117.12999725341797,115.29700469970703,2540200
2025-10-07,117.4800033569336,117.62000274658203,114.1500015258789,115.97000122070312,114.15515899658203,2969000
2025-10-08,116.0199966430664,116.75,114.73999786376953,115.98999786376953,114.17484283447266,2324500
2025-10-09,115.86000061035156,116.04000091552734,114.05000305175781,114.44999694824219,112.65894317626953,2276200
2025-10-10,114.76000213623047,115.23999786376953,111.02999877929688,111.2300033569336,109.48934936523438,2924100
2025-10-13,112.0199966430664,113.04000091552734,111.37999725341797,112.72000122070312,110.95602416992188,2624300
2025-10-14,112.55000305175781,115.70999908447266,111.80999755859375,115.44999694824219,113.64329528808594,3150800
2025-10-15,116.66999816894531,123.27999877929688,116.51000213623047,122.76000213623047,120.83890533447266,7999900
2025-10-16,123.86000061035156,125.05000305175781,120.25,121.16999816894531,119.27378845214844,6320200
2025-10-17,121.27999877929688,124.36000061035156,121.16999816894531,124.08000183105469,122.13825225830078,5377000
2025-10-20,125.19999694824219,127.47000122070312,124.08000183105469,127.18000030517578,125.18973541259766,4181000
2025-10-21,126.94000244140625,127.5,125.63999938964844,125.98999786376953,124.01835632324219,2975600
2025-10-22,126.2300033569336,127.0199966430664,124.55999755859375,125.94999694824219,123.97897338867188,2727300
2025-10-23,125.91999816894531,126.72000122070312,124.95999908447266,125.7699966430664,123.80179595947266,2647900
2025-10-24,126.55999755859375,127.3499984741211,125.79000091552734,126.43000030517578,124.45146942138672,2965900
2025-10-27,126.80999755859375,127.12000274658203,125.83999633789062,127.08000183105469,125.09130096435547,2940900
2025-10-28,126.43000030517578,126.94000244140625,125.1500015258789,125.72000122070312,123.7525863647461,2922800
2025-10-29,124.77999877929688,125.5999984741211,122.97000122070312,123.47000122070312,121.53779602050781,3329800
2025-10-30,122.81999969482422,124.66000366210938,122.55000305175781,124.2300033569336,122.28590393066406,2367100
2025-10-31,123.69999694824219,124.91999816894531,122.98999786376953,124.08999633789062,122.14808654785156,3892700
2025-11-03,123.13999938964844,124.47000122070312,121.75,124.22000122070312,122.27605438232422,3336100
2025-11-04,124.0,125.6500015258789,123.19999694824219,124.0,122.05949401855469,3086900
2025-11-05,124.62000274658203,125.05000305175781,123.55999755859375,123.81999969482422,121.88231658935547,4179300
2025-11-06,124.19000244140625,125.37999725341797,123.19999694824219,124.0,122.05949401855469,3575300
2025-11-07,124.11000061035156,125.62999725341797,123.47000122070312,125.5999984741211,123.63446044921875,2322100
2025-11-10,125.43000030517578,125.97000122070312,123.66000366210938,124.9000015258789,122.94541931152344,2101300
2025-11-11,125.22000122070312,126.41000366210938,124.68000030517578,126.26000213623047,124.28413391113281,2068000
2025-11-12,125.72000122070312,126.4000015258789,124.79000091552734,124.83999633789062,122.8863525390625,2687000
2025-11-13,124.08999633789062,124.83000183105469,123.30000305175781,124.0,122.05949401855469,3761000
2025-11-14,124.0,125.0199966430664,122.66999816894531,122.83000183105469,120.90780639648438,3651800
2025-11-17,123.52999877929688,124.69000244140625,122.4000015258789,123.5199966430664,121.58700561523438,3111000
2025-11-18,123.30000305175781,124.25,122.30999755859375,123.80000305175781,121.86262512207031,6382500
2025-11-19,123.80000305175781,124.2699966430664,121.4000015258789,122.4000015258789,120.48454284667969,5119100
2025-11-20,123.6500015258789,125.55000305175781,122.9000015258789,123.12000274658203,121.19327545166016,3087200
2025-11-21,123.76000213623047,126.5,122.61000061035156,125.79000091552734,123.82148742675781,3709000
2025-11-24,126.45999908447266,127.55999755859375,125.36000061035156,126.44999694824219,124.47115325927734,10057900
2025-11-25,126.44999694824219,128.44000244140625,126.2699966430664,127.38999938964844,125.39644622802734,3158000
2025-11-26,127.51000213623047,129.27999877929688,125.9800033569336,128.16000366210938,126.15440368652344,2183000
2025-11-28,128.0,129.3300018310547,127.9000015258789,128.52999877929688,126.51860809326172,1343800
2025-12-01,127.5999984741211,129.77000427246094,127.16000366210938,128.92999267578125,126.91233825683594,2706200
2025-12-02,129.8699951171875,129.8699951171875,128.22999572753906,128.92999267578125,126.91233825683594,3458200
2025-12-03,128.82000732421875,129.52999877929688,128.02999877929688,129.19000244140625,127.16828155517578,3294300
2025-12-04,129.14999389648438,130.4499969482422,128.02999877929688,128.17999267578125,126.17407989501953,3902300
2025-12-05,128.17999267578125,128.8300018310547,127.7699966430664,127.9800033569336,125.97721862792969,3242200
2025-12-08,127.5,127.97000122070312,126.61000061035156,126.66999816894531,124.68771362304688,2927900
2025-12-09,127.4000015258789,128.22999572753906,126.8499984741211,127.44999694824219,125.45550537109375,4358400
2025-12-10,127.75,130.55999755859375,127.31999969482422,129.7100067138672,127.68014526367188,3479900
2025-12-11,130.1199951171875,131.33999633789062,129.97000122070312,130.55999755859375,128.516845703125,3702700
2025-12-12,131.61000061035156,131.6999969482422,129.80999755859375,130.17999267578125,128.1427764892578,2721600
2025-12-15,131.1199951171875,131.1199951171875,129.02000427246094,130.66000366210938,128.6152801513672,2863300
2025-12-16,129.25,130.05999755859375,127.4000015258789,127.61000061035156,126.59156036376953,3248500
2025-12-17,127.5199966430664,129.02999877929688,127.08999633789062,128.07000732421875,127.04789733886719,4780100
2025-12-18,128.88999938964844,129.7899932861328,127.5999984741211,127.66000366210938,126.64116668701172,3559200
2025-12-19,128.27999877929688,128.4600067138672,126.91999816894531,127.2300033569336,126.21459197998047,8629400
2025-12-22,127.2699966430664,128.3699951171875,127.20999908447266,127.58999633789062,126.57171630859375,2859800
2025-12-23,127.31999969482422,127.97000122070312,127.22000122070312,127.7699966430664,126.75028228759766,2114000
2025-12-24,128.16000366210938,129.47000122070312,128.0,129.14999389648438,128.1192626953125,1050000
2025-12-26,129.1999969482422,129.5,128.0500030517578,128.7100067138672,127.68278503417969,1090300
2025-12-29,129.17999267578125,129.64999389648438,128.02999877929688,128.47999572753906,127.4546127319336,2637800
2025-12-30,128.47999572753906,129.13999938964844,128.22999572753906,129.00999450683594,127.98037719726562,1757500
2025-12-31,129.10000610351562,129.4600067138672,127.62999725341797,127.66000366210938,126.64116668701172,2761200
2026-01-02,127.73999786376953,129.30999755859375,127.23999786376953,129.0500030517578,128.0200653076172,3280500
2026-01-05,128.6999969482422,130.80999755859375,127.76000213623047,129.69000244140625,128.65496826171875,3265300
2026-01-06,129.24000549316406,129.94000244140625,126.3499984741211,127.45999908447266,126.44275665283203,3927000
2026-01-07,127.93000030517578,129.36000061035156,126.7300033569336,126.9000015258789,125.8872299194336,3698700
2026-01-08,126.36000061035156,129.32000732421875,126.0,128.38999938964844,127.3653335571289,3295800
2026-01-09,128.32000732421875,129.75,128.22999572753906,129.39999389648438,128.3672637939453,2405600
2026-01-12,129.14999389648438,130.0500030517578,128.77999877929688,129.05999755859375,128.0299835205078,2055500
2026-01-13,129.0800018310547,130.22000122070312,127.36000061035156,130.22000122070312,129.18072509765625,3105800
2026-01-14,130.55999755859375,132.22000122070312,129.80999755859375,132.2100067138672,131.1548614501953,2745900
2026-01-15,132.64999389648438,134.0500030517578,132.2100067138672,132.75,131.69053649902344,2795000
2026-01-16,132.57000732421875,134.94000244140625,132.05999755859375,133.2100067138672,132.14686584472656,4652300
2026-01-20,131.8800048828125,132.3800048828125,130.38999938964844,130.80999755859375,129.76602172851562,5632500
2026-01-21,134.52000427246094,134.52000427246094,128.72000122070312,131.13999938964844,130.0933837890625,6036200
2026-01-22,130.6999969482422,131.0399932861328,126.44000244140625,126.66999816894531,125.6590576171875,6072600
2026-01-23,126.93000030517578,127.38999938964844,125.66999816894531,127.1500015258789,126.1352310180664,4134700
2026-01-26,128.3699951171875,128.58999633789062,126.33999633789062,126.43000030517578,125.42097473144531,3350900
2026-01-27,126.33000183105469,128.83999633789062,125.47000122070312,128.6999969482422,127.67285919189453,3019700
2026-01-28,128.75999450683594,129.24000549316406,126.66999816894531,127.12999725341797,126.11538696289062,3859700
2026-01-29,128.4499969482422,130.50999450683594,127.2699966430664,130.41000366210938,129.3692169189453,4510700
2026-01-30,129.3300018310547,130.7100067138672,128.80999755859375,130.55999755859375,129.5180206298828,4835900
2026-02-02,130.5399932861328,131.66000366210938,129.60000610351562,129.67999267578125,128.64503479003906,2383600
2026-02-03,129.50999450683594,132.41000366210938,129.50999450683594,131.8800048828125,130.82748413085938,3058300
2026-02-04,132.91000366210938,135.1199951171875,132.77999877929688,134.83999633789062,133.76385498046875,3888800
2026-02-05,134.33999633789062,136.97000122070312,133.5,136.13999938964844,135.05348205566406,3746800
2026-02-06,137.00999450683594,137.49000549316406,135.66000366210938,136.9499969482422,135.8570098876953,3120600
2026-02-09,136.3699951171875,137.49000549316406,135.13999938964844,137.27999877929688,136.18438720703125,2047300
2026-02-10,137.9199981689453,140.9600067138672,137.5,140.47999572753906,139.3588409423828,2831200
2026-02-11,140.1999969482422,141.85000610351562,139.8300018310547,139.8800048828125,138.76364135742188,3623400
2026-02-12,140.6699981689453,141.9499969482422,135.6199951171875,136.3800048828125,135.29156494140625,5147200
2026-02-13,137.52999877929688,140.47000122070312,136.8300018310547,138.97000122070312,137.86090087890625,3096500
2026-02-17,139.86000061035156,141.9499969482422,139.1300048828125,141.77000427246094,140.6385498046875,3079400
2026-02-18,141.14999389648438,141.5800018310547,138.7100067138672,139.6300048828125,138.51564025878906,2751500
2026-02-19,139.11000061035156,139.7899932861328,138.19000244140625,139.0399932861328,137.93032836914062,1772600
2026-02-20,138.9600067138672,141.52999877929688,138.66000366210938,141.50999450683594,140.380615234375,2408800
2026-02-23,141.3300018310547,142.39999389648438,139.97000122070312,140.74000549316406,139.6167755126953,3942300
2026-02-24,140.41000366210938,141.2100067138672,139.36000061035156,140.3000030517578,139.18028259277344,2359700
2026-02-25,140.39999389648438,140.9499969482422,139.60000610351562,140.02999877929688,138.9124298095703,2865400
2026-02-26,140.44000244140625,142.85000610351562,140.35000610351562,142.66000366210938,141.52145385742188,3221700
2026-02-27,142.1199951171875,143.9499969482422,141.9499969482422,142.57000732421875,141.4321746826172,5263800
2026-03-02,141.0,143.02000427246094,139.66000366210938,142.72000122070312,141.58096313476562,3204600
2026-03-03,139.5,141.38999938964844,137.82000732421875,141.0,139.87469482421875,2590700
2026-03-04,141.0500030517578,141.1999969482422,138.0500030517578,139.4199981689453,138.3072967529297,3018600
2026-03-05,137.9199981689453,138.05999755859375,136.25999450683594,137.85000610351562,136.74984741210938,4350800
2026-03-06,135.77999877929688,135.9199981689453,132.89999389648438,134.5399932861328,133.46624755859375,5286600
2026-03-09,133.02999877929688,136.05999755859375,129.8800048828125,135.14999389648438,134.07138061523438,4635400
2026-03-10,134.7899932861328,137.8699951171875,133.86000061035156,136.16000366210938,135.07333374023438,4050400
2026-03-11,135.4600067138672,135.6199951171875,133.60000610351562,134.39999389648438,133.32736206054688,2971300
2026-03-12,132.89999389648438,132.89999389648438,130.0,131.89999389648438,130.84732055664062,4745800
2026-03-13,133.22000122070312,133.7899932861328,131.38999938964844,131.75,130.69851684570312,2342900
2026-03-16,133.47000122070312,135.1999969482422,132.5800018310547,134.07000732421875,133.00001525878906,2170200
2026-03-17,134.52999877929688,135.66000366210938,133.19000244140625,133.2100067138672,133.2100067138672,2518800
2026-03-18,132.39999389648438,133.22999572753906,130.89999389648438,131.1999969482422,131.1999969482422,2754200
2026-03-19,130.66000366210938,131.52999877929688,129.75999450683594,131.08999633789062,131.08999633789062,2767300
2026-03-20,130.8699951171875,131.1199951171875,127.29000091552734,128.00999450683594,128.00999450683594,5564200
2026-03-23,130.9499969482422,132.6199951171875,129.41000366210938,130.30999755859375,130.30999755859375,4179100
2026-03-24,128.77999877929688,131.63999938964844,128.39999389648438,130.35000610351562,130.35000610351562,3196400
2026-03-25,131.0800018310547,131.7899932861328,129.5,130.36000061035156,130.36000061035156,3957400
2026-03-26,129.49000549316406,130.91000366210938,128.97000122070312,129.74000549316406,129.74000549316406,3058400
2026-03-27,129.22000122070312,130.35000610351562,128.52999877929688,128.89999389648438,128.89999389648438,3005200
2026-03-30,130.6999969482422,130.9199981689453,128.11000061035156,128.77999877929688,128.77999877929688,3327100
2026-03-31,130.50999450683594,133.24000549316406,129.6999969482422,132.17999267578125,132.17999267578125,4336100
2026-04-01,131.77999877929688,134.1300048828125,131.39999389648438,133.3300018310547,133.3300018310547,3707900
2026-04-02,132.7100067138672,134.7899932861328,131.74000549316406,133.77000427246094,133.77000427246094,3427100
2026-04-06,133.5,134.08999633789062,132.1300048828125,132.35000610351562,132.35000610351562,2602900
2026-04-07,132.14999389648438,133.3000030517578,130.86000061035156,133.22000122070312,133.22000122070312,2301000
2026-04-08,136.10000610351562,138.22000122070312,135.0800018310547,137.41000366210938,137.41000366210938,3961700
2026-04-09,136.69000244140625,140.10000610351562,136.5500030517578,138.02000427246094,138.02000427246094,3568200
2026-04-10,138.39999389648438,138.80999755859375,136.22000122070312,137.19000244140625,137.19000244140625,4027300
2026-04-13,136.9499969482422,137.1999969482422,135.02999877929688,137.14999389648438,137.14999389648438,4253100
2026-04-14,137.14999389648438,138.83999633789062,136.91000366210938,138.36000061035156,138.36000061035156,3982700
2026-04-15,137.77999877929688,139.89999389648438,137.49000549316406,139.77000427246094,139.77000427246094,4747200
2026-04-16,142.63999938964844,145.00999450683594,141.4600067138672,142.1699981689453,142.1699981689453,4835600
2026-04-17,142.52000427246094,145.44000244140625,142.25,145.10000610351562,145.10000610351562,4432800
2026-04-20,144.6999969482422,145.1999969482422,143.33999633789062,145.02999877929688,145.02999877929688,2858600
2026-04-21,145.25,145.27000427246094,141.33999633789062,141.9199981689453,141.9199981689453,4323300
2026-04-22,142.9499969482422,143.22000122070312,140.63999938964844,141.4199981689453,141.4199981689453,3612600
2026-04-23,141.75999450683594,144.05999755859375,141.02999877929688,142.33999633789062,142.33999633789062,3799800
2026-04-24,142.32000732421875,144.27999877929688,141.25,142.10000610351562,142.10000610351562,3265700
2026-04-27,140.83999633789062,143.27999877929688,139.89999389648438,140.02000427246094,140.02000427246094,2823500
2026-04-28,141.4199981689453,142.14999389648438,139.8000030517578,141.52999877929688,141.52999877929688,4046700
2026-04-29,139.72000122070312,141.2100067138672,138.14999389648438,138.82000732421875,138.82000732421875,3526200
2026-04-30,139.27000427246094,142.47999572753906,138.58999633789062,142.02000427246094,142.02000427246094,3859500
2026-05-01,142.7100067138672,142.77999877929688,140.82000732421875,141.41000366210938,141.41000366210938,2842100
2026-05-04,140.33999633789062,140.8800048828125,138.02999877929688,138.75999450683594,138.75999450683594,2480000
2026-05-05,139.0,140.4600067138672,138.0,140.27000427246094,140.27000427246094,2091200
2026-05-06,141.60000610351562,143.80999755859375,141.4499969482422,142.89999389648438,142.89999389648438,3322000
2026-05-07,143.3800048828125,144.39999389648438,142.2100067138672,142.2899932861328,142.2899932861328,3902300
2026-05-08,142.97999572753906,144.50999450683594,142.36000061035156,144.08999633789062,144.08999633789062,3267100
2026-05-11,144.30999755859375,145.33999633789062,143.67999267578125,144.07000732421875,144.07000732421875,2685800
2026-05-12,144.3300018310547,144.94000244140625,142.8000030517578,143.75999450683594,143.75999450683594,2564000
2026-05-13,143.1999969482422,143.97000122070312,141.86000061035156,142.0,142.0,3062800
2026-05-14,142.52999877929688,143.27999877929688,141.85000610351562,142.66000366210938,142.66000366210938,2484000
2026-05-15,141.13999938964844,141.97999572753906,140.1699981689453,140.52999877929688,140.52999877929688,2970100
2026-05-18,141.1199951171875,142.8300018310547,141.0,142.30999755859375,142.30999755859375,2980200
2026-05-19,141.92999267578125,142.6300048828125,140.7899932861328,142.44000244140625,142.44000244140625,3523000
2026-05-20,141.77000427246094,144.6999969482422,141.25999450683594,144.67999267578125,144.67999267578125,2834800
2026-05-21,144.32000732421875,145.2899932861328,142.8000030517578,144.6300048828125,144.6300048828125,2789600
2026-05-22,145.42999267578125,146.27000427246094,144.39999389648438,145.89999389648438,145.89999389648438,2327700
