Date,Open,High,Low,Close,Adj Close,Volume
2021-05-24,412.3699951171875,413.8999938964844,409.9200134277344,410.95001220703125,377.2012939453125,1883600
2021-05-25,411.8500061035156,413.8599853515625,408.8900146484375,413.04998779296875,379.12884521484375,2285600
2021-05-26,412.1000061035156,415.29998779296875,411.010009765625,413.2099914550781,379.27569580078125,1903900
2021-05-27,414.9200134277344,415.1099853515625,410.3800048828125,412.70001220703125,378.8076477050781,2041800
2021-05-28,412.70001220703125,415.4700012207031,410.0199890136719,411.9200134277344,378.0917053222656,2367900
2021-06-01,413.7300109863281,413.7300109863281,406.1600036621094,406.7200012207031,373.3186950683594,2199600
2021-06-02,409.1400146484375,409.1400146484375,404.54998779296875,405.8500061035156,372.5201110839844,2232900
2021-06-03,403.5,409.760009765625,402.8399963378906,407.9599914550781,374.4568176269531,2281200
2021-06-04,410.9599914550781,411.0,404.6499938964844,405.6400146484375,372.32745361328125,2990900
2021-06-07,406.9599914550781,407.2099914550781,398.69000244140625,400.25,367.3800354003906,3353800
2021-06-08,400.7200012207031,402.75,398.75,401.739990234375,368.7475891113281,3051300
2021-06-09,403.3299865722656,405.7799987792969,400.5299987792969,401.1000061035156,368.1602478027344,1925700
2021-06-10,401.9100036621094,402.8500061035156,398.4700012207031,401.489990234375,368.5181579589844,4033600
2021-06-11,403.3500061035156,403.3599853515625,394.7799987792969,397.8900146484375,365.2138977050781,3094300
2021-06-14,397.29998779296875,399.4700012207031,395.1300048828125,399.1600036621094,366.3796081542969,2674900
2021-06-15,399.9599914550781,401.5,396.4700012207031,400.2799987792969,367.4075622558594,2845800
2021-06-16,401.1000061035156,403.1499938964844,396.6700134277344,397.25,364.6263427734375,3330800
2021-06-17,396.0,398.07000732421875,394.6099853515625,397.3500061035156,364.7181701660156,3532000
2021-06-18,387.2799987792969,392.6600036621094,387.25,389.3699951171875,358.7025451660156,5521400
2021-06-21,389.3699951171875,399.20001220703125,389.2200012207031,398.07000732421875,366.71728515625,3839300
2021-06-22,400.6099853515625,400.6499938964844,397.82000732421875,398.69000244140625,367.2884826660156,3964600
2021-06-23,397.82000732421875,399.0,395.2699890136719,395.55999755859375,364.40496826171875,2942100
2021-06-24,398.32000732421875,402.1600036621094,396.8399963378906,398.8699951171875,367.4542541503906,3309100
2021-06-25,400.1000061035156,409.9800109863281,399.0199890136719,404.95001220703125,373.0553894042969,16928900
2021-06-28,404.95001220703125,404.989990234375,397.92999267578125,401.4599914550781,369.8403015136719,3193300
2021-06-29,401.9700012207031,403.20001220703125,397.4800109863281,398.1000061035156,366.7449035644531,2458800
2021-06-30,397.5400085449219,401.3999938964844,396.79998779296875,400.44000244140625,368.9006042480469,2875600
2021-07-01,402.0299987792969,405.2099914550781,401.80999755859375,404.8900146484375,373.0001220703125,2678100
2021-07-02,405.0899963378906,409.8699951171875,403.8800048828125,409.3599853515625,377.1180419921875,1982400
2021-07-06,408.6700134277344,411.1600036621094,405.7099914550781,410.260009765625,377.9471740722656,2615300
2021-07-07,410.3500061035156,412.17999267578125,407.20001220703125,411.6600036621094,379.23687744140625,2270400
2021-07-08,408.6099853515625,410.8299865722656,405.0799865722656,409.95001220703125,377.6615905761719,2032300
2021-07-09,412.5299987792969,413.25,410.6400146484375,412.1099853515625,379.65142822265625,2078900
2021-07-12,411.0199890136719,416.3999938964844,410.30999755859375,416.0400085449219,383.27197265625,2802600
2021-07-13,416.3800048828125,419.69000244140625,415.7099914550781,418.5400085449219,385.5750732421875,2948900
2021-07-14,420.7699890136719,422.5299987792969,413.3500061035156,414.739990234375,382.07427978515625,3538700
2021-07-15,411.9100036621094,421.7300109863281,407.20001220703125,420.04998779296875,386.96600341796875,3546500
2021-07-16,421.3599853515625,422.2900085449219,417.6400146484375,419.70001220703125,386.6436462402344,2625400
2021-07-19,417.239990234375,419.5299987792969,406.80999755859375,409.05999755859375,376.84161376953125,3611300
2021-07-20,411.0,417.7300109863281,410.6099853515625,412.9700012207031,380.4437255859375,3186700
2021-07-21,417.05999755859375,417.2300109863281,410.8299865722656,414.6400146484375,381.98211669921875,1863700
2021-07-22,416.0199890136719,416.8299865722656,413.7300109863281,415.7699890136719,383.02313232421875,1421900
2021-07-23,417.8999938964844,419.3399963378906,415.989990234375,417.70001220703125,384.80120849609375,1611700
2021-07-26,416.8299865722656,417.6700134277344,410.8999938964844,413.5400085449219,380.9688415527344,2232600
2021-07-27,412.0,415.260009765625,409.4599914550781,415.1000061035156,382.4059143066406,2630600
2021-07-28,414.489990234375,414.489990234375,406.79998779296875,409.1700134277344,376.9430236816406,2446600
2021-07-29,411.2799987792969,412.5799865722656,408.4200134277344,412.0799865722656,379.6237487792969,1597300
2021-07-30,410.760009765625,413.7699890136719,410.25,412.2200012207031,379.7527770996094,1864200
2021-08-02,413.57000732421875,416.44000244140625,412.80999755859375,415.57000732421875,382.8389587402344,1806500
2021-08-03,415.82000732421875,422.1400146484375,415.0799865722656,421.8999938964844,388.6703796386719,2496500
2021-08-04,422.04998779296875,423.6600036621094,419.7099914550781,421.5400085449219,388.3387145996094,1995400
2021-08-05,422.05999755859375,422.25,407.8900146484375,411.19000244140625,378.80389404296875,3598600
2021-08-06,412.010009765625,416.7699890136719,412.010009765625,415.1199951171875,382.42437744140625,1944000
2021-08-09,414.95001220703125,416.2300109863281,410.3500061035156,410.8699951171875,378.5091552734375,1509800
2021-08-10,410.510009765625,413.6499938964844,408.57000732421875,411.7799987792969,379.34747314453125,1441800
2021-08-11,413.0299987792969,413.92999267578125,407.510009765625,407.739990234375,375.6257019042969,1542600
2021-08-12,407.0,408.7300109863281,404.29998779296875,405.9599914550781,373.98577880859375,1939900
2021-08-13,407.0799865722656,410.04998779296875,405.9200134277344,409.6700134277344,377.4036560058594,1537800
2021-08-16,409.8399963378906,417.4200134277344,407.3299865722656,417.2099914550781,384.34967041015625,2377500
2021-08-17,417.1000061035156,422.5,416.6300048828125,421.7799987792969,388.55975341796875,2258000
2021-08-18,421.3500061035156,421.5899963378906,417.0899963378906,417.32000732421875,384.4510803222656,3037000
2021-08-19,415.3800048828125,428.3500061035156,412.3999938964844,427.8900146484375,394.18853759765625,3204500
2021-08-20,428.3500061035156,431.3599853515625,426.9100036621094,429.7099914550781,395.86529541015625,2401900
2021-08-23,430.55999755859375,430.55999755859375,424.8999938964844,425.3599853515625,391.85784912109375,2375900
2021-08-24,425.5199890136719,425.94000244140625,421.7200012207031,423.4100036621094,390.0615539550781,1619300
2021-08-25,421.8500061035156,423.6199951171875,419.45001220703125,419.739990234375,386.68048095703125,1939000
2021-08-26,419.7699890136719,421.3900146484375,416.6300048828125,416.8500061035156,384.0181579589844,1385400
2021-08-27,418.010009765625,420.3500061035156,416.1199951171875,418.760009765625,385.7777099609375,1621600
2021-08-30,418.760009765625,420.57000732421875,417.8900146484375,418.29998779296875,385.3539123535156,1284200
2021-08-31,417.0,420.739990234375,414.2200012207031,416.2699890136719,383.4839172363281,4249100
2021-09-01,416.5400085449219,419.8699951171875,411.239990234375,417.3500061035156,384.478759765625,2034400
2021-09-02,419.1600036621094,424.3999938964844,418.239990234375,423.7099914550781,390.3377990722656,3137400
2021-09-03,421.92999267578125,424.0,420.6099853515625,422.8599853515625,389.55474853515625,1604800
2021-09-07,420.29998779296875,422.260009765625,417.5799865722656,421.239990234375,388.0624084472656,1920300
2021-09-08,421.19000244140625,422.8699951171875,414.20001220703125,415.3900146484375,382.6730651855469,2262500
2021-09-09,415.3399963378906,420.2200012207031,413.92999267578125,414.54998779296875,381.8992614746094,3508500
2021-09-10,415.55999755859375,416.0,402.5899963378906,403.9100036621094,373.4033508300781,4215800
2021-09-13,407.9800109863281,416.80999755859375,406.45001220703125,414.5199890136719,383.21197509765625,3068200
2021-09-14,417.5899963378906,417.5899963378906,411.3699951171875,412.5400085449219,381.3816223144531,2879800
2021-09-15,412.5199890136719,421.4200134277344,409.5,417.5199890136719,385.98541259765625,3180600
2021-09-16,419.6700134277344,423.3999938964844,414.9599914550781,416.8399963378906,385.3569030761719,2262700
2021-09-17,414.9700012207031,421.0899963378906,414.9700012207031,420.1600036621094,388.4260559082031,4534200
2021-09-20,416.9200134277344,419.29998779296875,408.7200012207031,412.70001220703125,381.5295104980469,2799800
2021-09-21,415.010009765625,418.7799987792969,412.2099914550781,412.3399963378906,381.1966247558594,2382200
2021-09-22,404.94000244140625,412.0,404.94000244140625,408.70001220703125,377.8316345214844,3629400
2021-09-23,409.79998779296875,414.8500061035156,407.510009765625,408.0299987792969,377.21221923828125,2681600
2021-09-24,406.94000244140625,407.8900146484375,405.2300109863281,407.0799865722656,376.33392333984375,1950400
2021-09-27,407.8299865722656,412.1499938964844,404.9599914550781,405.2699890136719,374.6606750488281,2608600
2021-09-28,402.6000061035156,404.0,397.0199890136719,398.6199951171875,368.512939453125,3115400
2021-09-29,397.0,401.8500061035156,395.79998779296875,400.4100036621094,370.16766357421875,2056300
2021-09-30,401.489990234375,403.489990234375,390.4599914550781,390.739990234375,361.2280578613281,3779900
2021-10-01,391.6000061035156,393.69000244140625,383.1199951171875,392.42999267578125,362.7904357910156,3146600
2021-10-04,391.6199951171875,395.1499938964844,384.760009765625,387.010009765625,357.77984619140625,3074800
2021-10-05,389.3399963378906,396.010009765625,389.239990234375,393.42999267578125,363.7149353027344,3269400
2021-10-06,390.75,394.7799987792969,385.8399963378906,394.25,364.4729919433594,2809200
2021-10-07,396.760009765625,408.1700134277344,396.7099914550781,404.70001220703125,374.1336975097656,2813700
2021-10-08,406.4100036621094,409.1199951171875,402.6400146484375,408.4599914550781,377.6097412109375,2012200
2021-10-11,408.0,411.2200012207031,404.2099914550781,404.989990234375,374.4017639160156,2164200
2021-10-12,405.1099853515625,408.3800048828125,402.30999755859375,403.239990234375,372.78399658203125,2415700
2021-10-13,403.3399963378906,405.30999755859375,398.1099853515625,403.54998779296875,373.070556640625,3021800
2021-10-14,425.6600036621094,433.5,417.79998779296875,420.3599853515625,388.61090087890625,6038800
2021-10-15,422.04998779296875,430.489990234375,421.5,428.07000732421875,395.73858642578125,3312000
2021-10-18,428.0,428.0,423.8399963378906,424.6199951171875,392.5491943359375,2232800
2021-10-19,426.8299865722656,427.82000732421875,423.3999938964844,424.3800048828125,392.327392578125,1616800
2021-10-20,427.0,435.5299987792969,426.8399963378906,435.0899963378906,402.2283935546875,2764000
2021-10-21,435.5,442.5,435.0799865722656,442.2799987792969,408.8753967285156,2465100
2021-10-22,440.8399963378906,449.2900085449219,440.4599914550781,449.1600036621094,415.2357177734375,2736200
2021-10-25,450.0,452.6400146484375,446.44000244140625,449.489990234375,415.5408020019531,3553500
2021-10-26,450.489990234375,457.7099914550781,447.5899963378906,454.6400146484375,420.3018798828125,3103900
2021-10-27,454.6400146484375,460.44000244140625,453.4800109863281,453.4800109863281,419.22943115234375,3520400
2021-10-28,453.0,457.8999938964844,452.5199890136719,455.44000244140625,421.04144287109375,1672600
2021-10-29,454.4100036621094,461.3900146484375,453.05999755859375,460.4700012207031,425.6915283203125,2497800
2021-11-01,461.82000732421875,465.760009765625,451.17999267578125,454.1099853515625,419.8118896484375,2203100
2021-11-02,456.260009765625,456.44000244140625,450.3800048828125,452.0400085449219,417.898193359375,2600000
2021-11-03,450.4200134277344,457.5199890136719,447.0400085449219,457.3299865722656,422.7886657714844,2438200
2021-11-04,457.6000061035156,458.510009765625,452.1600036621094,456.760009765625,422.2617492675781,2517300
2021-11-05,457.8299865722656,461.5199890136719,454.5799865722656,455.80999755859375,421.38348388671875,2905000
2021-11-08,456.8500061035156,464.19000244140625,454.30999755859375,462.6199951171875,427.6791687011719,2279900
2021-11-09,462.6199951171875,464.4700012207031,460.2900085449219,464.3500061035156,429.2784423828125,2657800
2021-11-10,465.3900146484375,466.0,456.6300048828125,459.8999938964844,425.1645812988281,2818200
2021-11-11,460.0,460.8500061035156,455.44000244140625,457.3900146484375,422.8441467285156,2246800
2021-11-12,460.6700134277344,461.0,457.0799865722656,458.989990234375,424.3233337402344,2609500
2021-11-15,458.0,458.2099914550781,450.5,450.79998779296875,416.7518005371094,2849600
2021-11-16,452.989990234375,458.3500061035156,449.3699951171875,449.6199951171875,415.6610107421875,3383800
2021-11-17,450.3900146484375,453.9599914550781,448.7300109863281,448.95001220703125,415.0415954589844,2281500
2021-11-18,448.7300109863281,452.80999755859375,447.1099853515625,449.4700012207031,415.5223388671875,2073800
2021-11-19,448.1300048828125,449.45001220703125,439.5,440.0,406.7675476074219,3536100
2021-11-22,442.82000732421875,443.75,437.3900146484375,437.5400085449219,404.4933776855469,2598700
2021-11-23,436.010009765625,447.5199890136719,436.0,447.1300048828125,413.3590087890625,2857000
2021-11-24,446.6400146484375,450.9800109863281,445.6400146484375,450.1600036621094,416.1601867675781,2248800
2021-11-26,444.9200134277344,448.17999267578125,438.2099914550781,439.9100036621094,406.6844177246094,2480600
2021-11-29,443.55999755859375,453.0799865722656,440.54998779296875,452.0,417.8611755371094,4079700
2021-11-30,447.05999755859375,451.3500061035156,441.25,444.2200012207031,410.6689147949219,7435400
2021-12-01,452.8900146484375,455.9200134277344,444.1400146484375,444.3399963378906,410.77972412109375,4325500
2021-12-02,443.1499938964844,447.8900146484375,439.2200012207031,446.0199890136719,412.3328552246094,4738700
2021-12-03,447.7699890136719,454.44000244140625,445.1700134277344,449.32000732421875,416.7384033203125,3038300
2021-12-06,452.1499938964844,461.7799987792969,451.5199890136719,460.1099853515625,426.74603271484375,4721500
2021-12-07,462.75,465.75,460.2300109863281,464.7300109863281,431.0310974121094,3105200
2021-12-08,466.0899963378906,470.1700134277344,462.489990234375,468.8599853515625,434.86151123046875,3228300
2021-12-09,468.5299987792969,474.4800109863281,467.3599853515625,473.32000732421875,438.9981689453125,2977400
2021-12-10,472.0,478.4800109863281,471.010009765625,478.2300109863281,443.5520935058594,2572300
2021-12-13,477.0199890136719,480.260009765625,474.010009765625,478.1400146484375,443.4686279296875,2724800
2021-12-14,479.75,483.0400085449219,477.17999267578125,479.4599914550781,444.6929016113281,3018000
2021-12-15,480.6000061035156,495.3999938964844,480.1400146484375,494.3800048828125,458.531005859375,4188600
2021-12-16,494.010009765625,496.9599914550781,490.1099853515625,492.8599853515625,457.1212158203125,4080800
2021-12-17,491.4200134277344,493.1300048828125,486.3800048828125,487.1199951171875,451.79742431640625,5707200
2021-12-20,482.0,485.010009765625,475.260009765625,483.7300109863281,448.6532897949219,3145600
2021-12-21,487.0199890136719,489.0,482.20001220703125,487.2099914550781,451.8808898925781,2536000
2021-12-22,487.1499938964844,495.45001220703125,485.8999938964844,494.1300048828125,458.2991027832031,1687500
2021-12-23,495.0,498.1499938964844,492.80999755859375,495.3800048828125,459.45849609375,1706500
2021-12-27,498.67999267578125,500.29998779296875,496.6400146484375,499.5,463.2798156738281,1349400
2021-12-28,502.0,505.32000732421875,500.3999938964844,502.94000244140625,466.47027587890625,1495500
2021-12-29,504.7799987792969,507.2200012207031,502.0,505.5799865722656,468.91888427734375,1573900
2021-12-30,507.92999267578125,509.2300109863281,503.6499938964844,504.42999267578125,467.85223388671875,1309800
2021-12-31,504.1400146484375,506.8699951171875,502.0400085449219,502.1400146484375,465.7283630371094,1695400
2022-01-03,500.0,502.8999938964844,493.04998779296875,502.2799987792969,465.8581237792969,3033600
2022-01-04,503.20001220703125,503.75,490.8800048828125,490.8999938964844,455.3033447265625,3908100
2022-01-05,494.7699890136719,497.0,489.69000244140625,489.69000244140625,454.1811218261719,3921100
2022-01-06,480.0,484.1400146484375,463.1199951171875,469.6499938964844,435.5942687988281,6555200
2022-01-07,467.69000244140625,467.9700012207031,455.54998779296875,458.6000061035156,425.3455505371094,5494200
2022-01-10,456.0,465.8599853515625,454.44000244140625,465.0,431.28143310546875,5831800
2022-01-11,467.20001220703125,470.45001220703125,460.6700134277344,469.0,434.9914245605469,3332800
2022-01-12,468.9700012207031,475.32000732421875,466.3399963378906,473.7200012207031,439.3691711425781,3502300
2022-01-13,475.8900146484375,476.54998779296875,465.9800109863281,467.42999267578125,433.5352478027344,3005300
2022-01-14,469.8900146484375,473.1700134277344,465.0799865722656,468.69000244140625,434.703857421875,3665400
2022-01-18,465.1700134277344,465.7099914550781,458.3500061035156,460.989990234375,427.562255859375,3938800
2022-01-19,468.0,475.489990234375,461.510009765625,462.5199890136719,428.9812927246094,4030900
2022-01-20,464.3800048828125,471.6300048828125,462.0,463.0,429.42645263671875,3228600
2022-01-21,463.5,470.7900085449219,461.07000732421875,461.1700134277344,427.72918701171875,4273200
2022-01-24,458.07000732421875,464.1400146484375,448.1300048828125,462.2699890136719,428.7494201660156,4780700
2022-01-25,454.07000732421875,459.489990234375,447.2699890136719,456.8399963378906,423.713134765625,3428900
2022-01-26,458.45001220703125,463.8800048828125,453.45001220703125,458.42999267578125,425.1878356933594,4435900
2022-01-27,458.0799865722656,468.67999267578125,457.010009765625,461.6000061035156,428.12799072265625,3508100
2022-01-28,461.3999938964844,466.2799987792969,455.0799865722656,466.05999755859375,432.2645263671875,3364400
2022-01-31,465.0,473.17999267578125,464.3999938964844,472.57000732421875,438.3025817871094,3500500
2022-02-01,475.0,475.0,462.75,468.4100036621094,434.4442138671875,3148600
2022-02-02,469.05999755859375,481.9800109863281,469.05999755859375,479.7799987792969,444.9897155761719,3026800
2022-02-03,498.6499938964844,500.17999267578125,483.57000732421875,488.7699890136719,453.32781982421875,4370900
2022-02-04,481.75,489.6300048828125,480.19000244140625,483.1700134277344,448.13397216796875,3066400
2022-02-07,484.9100036621094,487.260009765625,481.29998779296875,483.70001220703125,448.62548828125,2937200
2022-02-08,481.3500061035156,495.6700134277344,481.3500061035156,493.4100036621094,457.63128662109375,3534700
2022-02-09,497.0,500.92999267578125,496.2900085449219,498.1000061035156,461.98126220703125,2818100
2022-02-10,492.239990234375,494.2200012207031,485.07000732421875,486.7200012207031,451.42645263671875,2626100
2022-02-11,484.67999267578125,490.42999267578125,476.44000244140625,478.1300048828125,443.4593200683594,2493800
2022-02-14,475.1099853515625,477.739990234375,469.3299865722656,474.3999938964844,439.99981689453125,2549500
2022-02-15,475.94000244140625,481.1700134277344,475.20001220703125,478.2300109863281,443.5520935058594,3001000
2022-02-16,475.5,481.7300109863281,471.3999938964844,480.04998779296875,445.2400817871094,2651800
2022-02-17,478.1700134277344,479.2900085449219,468.8900146484375,470.3399963378906,436.23419189453125,2403100
2022-02-18,470.25,474.9200134277344,466.8299865722656,467.80999755859375,433.8876647949219,2992300
2022-02-22,463.8299865722656,467.19000244140625,457.82000732421875,462.510009765625,428.9720458984375,3029800
2022-02-23,467.19000244140625,467.7200012207031,458.8399963378906,459.6199951171875,426.29156494140625,2840300
2022-02-24,449.5199890136719,456.5899963378906,445.739990234375,455.8900146484375,422.8320617675781,3933000
2022-02-25,456.6499938964844,475.7799987792969,456.2300109863281,475.75,441.2519226074219,3314400
2022-02-28,465.8500061035156,477.30999755859375,465.6099853515625,475.8699951171875,441.3632507324219,3918300
2022-03-01,470.8900146484375,476.9599914550781,467.7300109863281,476.25,441.7156677246094,2917600
2022-03-02,478.19000244140625,487.1700134277344,477.8900146484375,485.3800048828125,450.18359375,3675900
2022-03-03,486.0,491.3800048828125,482.2200012207031,486.5899963378906,451.3059387207031,3139400
2022-03-04,480.69000244140625,499.6600036621094,477.489990234375,498.6499938964844,462.4913635253906,4170100
2022-03-07,500.0,500.0,483.0199890136719,486.8699951171875,451.56561279296875,4123300
2022-03-08,478.79998779296875,484.489990234375,471.5199890136719,473.4599914550781,439.12799072265625,3849500
2022-03-09,482.5799865722656,487.7200012207031,473.5899963378906,485.57000732421875,450.35986328125,3115500
2022-03-10,479.3299865722656,493.7099914550781,477.8299865722656,491.44000244140625,455.8041687011719,2834800
2022-03-11,487.8299865722656,493.79998779296875,482.510009765625,482.8699951171875,449.180908203125,2615000
2022-03-14,490.3999938964844,495.5899963378906,485.2799987792969,487.9200134277344,453.8785705566406,2704100
2022-03-15,490.0,499.94000244140625,487.30999755859375,497.9100036621094,463.1716613769531,3043000
2022-03-16,499.8299865722656,505.5,490.010009765625,498.260009765625,463.49725341796875,3497100
2022-03-17,496.0,507.1199951171875,495.17999267578125,507.0199890136719,471.64599609375,2357200
2022-03-18,508.739990234375,510.67999267578125,501.55999755859375,506.1199951171875,470.8088073730469,5065600
2022-03-21,505.010009765625,513.0,504.3599853515625,507.6600036621094,472.24139404296875,2617700
2022-03-22,509.2699890136719,511.8500061035156,504.8399963378906,505.32000732421875,470.0646667480469,2752500
2022-03-23,502.2699890136719,507.05999755859375,501.3299865722656,503.2300109863281,468.1204833984375,2753200
2022-03-24,505.0,515.780029296875,503.8599853515625,513.4600219726562,477.6367492675781,2789200
2022-03-25,514.1900024414062,516.530029296875,509.239990234375,513.030029296875,477.2367248535156,2551100
2022-03-28,514.3200073242188,517.1400146484375,508.80999755859375,513.2000122070312,477.39483642578125,2643000
2022-03-29,517.0999755859375,519.5900268554688,507.29998779296875,510.7300109863281,475.0971984863281,3478400
2022-03-30,515.1099853515625,521.2000122070312,512.47998046875,520.8200073242188,484.48321533203125,3041200
2022-03-31,517.0999755859375,521.8900146484375,509.6700134277344,509.9700012207031,474.39019775390625,3979700
2022-04-01,510.67999267578125,514.780029296875,506.6000061035156,512.5900268554688,476.82745361328125,2344100
2022-04-04,512.2100219726562,512.47998046875,504.5299987792969,510.0199890136719,474.4366760253906,2657500
2022-04-05,510.0,524.72998046875,508.0,517.760009765625,481.63671875,3268600
2022-04-06,518.219970703125,533.52001953125,518.0,531.75,494.65069580078125,3955600
2022-04-07,530.0,538.280029296875,528.3900146484375,536.9500122070312,499.4879150390625,2867000
2022-04-08,539.0,548.969970703125,538.0999755859375,545.9600219726562,507.86932373046875,3986700
2022-04-11,543.5999755859375,547.6099853515625,536.6400146484375,537.4400024414062,499.9437561035156,3574000
2022-04-12,535.4099731445312,540.72998046875,530.780029296875,533.7100219726562,496.4738464355469,3575700
2022-04-13,533.3200073242188,538.280029296875,528.6199951171875,537.0,499.534423828125,3012000
2022-04-14,538.5,553.2899780273438,534.0700073242188,534.8200073242188,497.5065002441406,4211300
2022-04-18,537.9000244140625,541.0,530.3800048828125,534.0800170898438,496.81805419921875,2087100
2022-04-19,535.8900146484375,542.47998046875,535.239990234375,537.7000122070312,500.185546875,2207600
2022-04-20,542.1400146484375,548.3599853515625,539.0,546.010009765625,507.9157409667969,2986300
2022-04-21,545.5,548.0,536.030029296875,537.4400024414062,499.9437561035156,2539900
2022-04-22,532.0599975585938,533.3499755859375,520.1799926757812,520.9400024414062,484.5948486328125,3453300
2022-04-25,520.4000244140625,526.260009765625,511.7300109863281,524.27001953125,487.6925048828125,3030400
2022-04-26,524.239990234375,526.260009765625,513.510009765625,513.780029296875,477.93438720703125,2895300
2022-04-27,514.9099731445312,520.9000244140625,509.82000732421875,513.8099975585938,477.9623107910156,3353700
2022-04-28,516.760009765625,526.280029296875,513.1699829101562,524.4199829101562,487.8320617675781,2582700
2022-04-29,518.8499755859375,519.9000244140625,506.9599914550781,508.54998779296875,473.0692443847656,2873200
2022-05-02,510.80999755859375,513.510009765625,493.3399963378906,501.1499938964844,466.1856994628906,3184300
2022-05-03,501.1300048828125,505.5199890136719,497.4800109863281,499.6199951171875,464.7623596191406,2763400
2022-05-04,499.5,509.7699890136719,493.0899963378906,507.6199951171875,472.20416259765625,4002600
2022-05-05,507.2099914550781,510.6700134277344,489.2300109863281,494.7200012207031,460.2041931152344,3359700
2022-05-06,485.010009765625,501.57000732421875,485.0,499.6199951171875,464.7623596191406,3260300
2022-05-09,490.3999938964844,494.6300048828125,484.42999267578125,486.4200134277344,452.4833068847656,3862700
2022-05-10,493.80999755859375,496.3500061035156,481.1199951171875,488.010009765625,453.9623107910156,4275500
2022-05-11,484.3900146484375,500.5199890136719,484.3900146484375,486.1499938964844,452.2320556640625,3936300
2022-05-12,486.1000061035156,486.8900146484375,471.4200134277344,478.79998779296875,445.3948059082031,3997600
2022-05-13,480.9800109863281,487.0,475.80999755859375,485.3999938964844,451.53448486328125,2453400
2022-05-16,485.4100036621094,495.55999755859375,484.1499938964844,489.2200012207031,455.087890625,2338800
2022-05-17,494.0,494.7200012207031,488.4599914550781,492.5299987792969,458.1669616699219,2289000
2022-05-18,488.260009765625,489.2099914550781,468.3599853515625,471.3800048828125,438.4925537109375,3240500
2022-05-19,464.32000732421875,481.5799865722656,463.3299865722656,478.54998779296875,445.16229248046875,3813800
2022-05-20,481.3800048828125,487.4700012207031,472.30999755859375,485.7300109863281,451.8414001464844,3068200
2022-05-23,486.2900085449219,495.739990234375,486.2900085449219,492.0799865722656,457.7483215332031,2279800
2022-05-24,490.7900085449219,498.0799865722656,488.6600036621094,497.55999755859375,462.8460388183594,2658100
2022-05-25,498.5199890136719,502.30999755859375,491.260009765625,498.0899963378906,463.33905029296875,3161600
2022-05-26,501.739990234375,507.260009765625,499.4100036621094,502.2300109863281,467.1902770996094,2705800
2022-05-27,491.0,507.1099853515625,489.3900146484375,507.1099853515625,471.729736328125,3349100
2022-05-31,503.6199951171875,504.1099853515625,495.6600036621094,496.7799987792969,462.1204833984375,4003100
2022-06-01,498.32000732421875,501.3800048828125,487.7799987792969,492.54998779296875,458.1855163574219,1765900
2022-06-02,494.0,496.1499938964844,482.9700012207031,492.260009765625,457.9158020019531,2093500
2022-06-03,488.3299865722656,491.6700134277344,484.8999938964844,485.6099853515625,451.7298278808594,1756900
2022-06-06,489.42999267578125,493.6300048828125,486.2900085449219,490.17999267578125,455.98089599609375,1781500
2022-06-07,489.5,497.6099853515625,487.1199951171875,497.1000061035156,462.4181823730469,2341900
2022-06-08,494.0,497.8999938964844,488.54998779296875,493.5299987792969,459.09716796875,3268100
2022-06-09,492.8800048828125,496.4599914550781,487.6099853515625,489.42999267578125,455.2833251953125,3148800
2022-06-10,484.79998779296875,490.1600036621094,480.92999267578125,484.6300048828125,450.818115234375,2599900
2022-06-13,475.1300048828125,481.3399963378906,467.260009765625,469.70001220703125,436.9298095703125,3764600
2022-06-14,467.5,469.17999267578125,457.4200134277344,461.75,429.5344543457031,3814200
2022-06-15,464.20001220703125,469.0199890136719,456.5,464.3299865722656,431.9344177246094,2550700
2022-06-16,453.3999938964844,457.80999755859375,450.67999267578125,456.0899963378906,425.7823486328125,3135600
2022-06-17,450.75,461.4599914550781,449.70001220703125,452.05999755859375,422.0201416015625,5277400
2022-06-21,457.80999755859375,485.1199951171875,457.1000061035156,480.32000732421875,448.4022216796875,5726800
2022-06-22,475.7200012207031,495.9200134277344,474.5400085449219,489.67999267578125,457.1402893066406,5061000
2022-06-23,494.95001220703125,503.5799865722656,491.9599914550781,499.80999755859375,466.59716796875,4687700
2022-06-24,499.44000244140625,499.760009765625,486.55999755859375,495.6400146484375,462.7042236328125,15861100
2022-06-27,492.8299865722656,511.8900146484375,492.5799865722656,505.6600036621094,472.0583801269531,3907100
2022-06-28,512.0800170898438,518.6099853515625,505.0799865722656,508.44000244140625,474.6536865234375,4978200
2022-06-29,508.8500061035156,518.7000122070312,506.010009765625,515.7100219726562,481.44061279296875,3823400
2022-06-30,513.5499877929688,516.3200073242188,509.7200012207031,513.6300048828125,479.4987487792969,3568900
2022-07-01,512.3200073242188,517.530029296875,502.30999755859375,517.4000244140625,483.0183410644531,2426600
2022-07-05,507.6400146484375,511.0,492.25,505.239990234375,471.666259765625,3029600
2022-07-06,505.6400146484375,517.4099731445312,504.29998779296875,515.2899780273438,481.0484313964844,2506700
2022-07-07,515.25,517.2999877929688,512.22998046875,514.3800048828125,480.198974609375,2385400
2022-07-08,512.3099975585938,528.3699951171875,511.010009765625,518.6300048828125,484.1664733886719,3092100
2022-07-11,514.8599853515625,521.469970703125,511.80999755859375,516.9500122070312,482.59814453125,1743600
2022-07-12,513.25,519.1400146484375,510.6199951171875,514.4199829101562,480.23626708984375,2706500
2022-07-13,508.07000732421875,511.8599853515625,501.19000244140625,501.239990234375,467.9320373535156,3467700
2022-07-14,495.0,505.8900146484375,492.2799987792969,502.42999267578125,469.04296875,3765500
2022-07-15,526.0599975585938,531.989990234375,515.4500122070312,529.75,494.547607421875,5742500
2022-07-18,531.0,532.1599731445312,518.75,519.3699951171875,484.8572998046875,3212000
2022-07-19,521.0900268554688,533.8400268554688,520.5900268554688,533.4500122070312,498.0017395019531,2953500
2022-07-20,533.4500122070312,534.0499877929688,515.72998046875,519.469970703125,484.95062255859375,4327500
2022-07-21,519.3900146484375,522.469970703125,511.1400146484375,522.4600219726562,487.74200439453125,2667600
2022-07-22,526.0,527.5999755859375,518.4000244140625,521.4099731445312,486.76177978515625,1850300
2022-07-25,526.0900268554688,532.8900146484375,524.219970703125,529.469970703125,494.2861022949219,2337200
2022-07-26,533.7999877929688,537.6400146484375,531.030029296875,531.5900268554688,496.2653503417969,2637800
2022-07-27,533.5399780273438,537.8599853515625,528.0399780273438,534.6099853515625,499.0845947265625,2268100
2022-07-28,537.489990234375,544.3400268554688,531.739990234375,541.489990234375,505.50750732421875,2344500
2022-07-29,540.010009765625,543.8499755859375,536.6900024414062,542.3400268554688,506.301025390625,2945700
2022-08-01,542.27001953125,543.6500244140625,531.0,535.3800048828125,499.8033752441406,2335000
2022-08-02,537.5499877929688,540.530029296875,531.719970703125,535.4600219726562,499.87811279296875,2114200
2022-08-03,537.260009765625,543.6199951171875,535.6900024414062,540.6500244140625,504.7232666015625,1802900
2022-08-04,539.2899780273438,540.4299926757812,532.760009765625,533.75,498.2817687988281,2368000
2022-08-05,530.0,535.5,527.5599975585938,535.0599975585938,499.50469970703125,2373400
2022-08-08,539.9099731445312,541.2999877929688,533.4199829101562,536.5999755859375,500.9424133300781,1656400
2022-08-09,540.0,545.739990234375,536.3800048828125,537.260009765625,501.5586242675781,2147200
2022-08-10,540.260009765625,541.97998046875,533.8099975585938,537.719970703125,501.9879455566406,2291400
2022-08-11,538.239990234375,538.6300048828125,529.6699829101562,532.8599853515625,497.4509582519531,3006200
2022-08-12,535.6099853515625,544.4000244140625,534.4500122070312,543.7000122070312,507.5705871582031,1981000
2022-08-15,541.6699829101562,547.2100219726562,538.5599975585938,544.6400146484375,508.44818115234375,1447300
2022-08-16,545.2100219726562,547.4400024414062,542.3900146484375,546.1199951171875,509.8297424316406,1773000
2022-08-17,545.239990234375,547.7899780273438,541.5700073242188,545.0,508.78411865234375,1471700
2022-08-18,545.010009765625,548.1300048828125,541.8200073242188,545.219970703125,508.9895324707031,1486400
2022-08-19,545.5,553.1300048828125,544.8200073242188,548.3200073242188,511.8836975097656,2258000
2022-08-22,541.3900146484375,549.52001953125,541.3499755859375,544.5700073242188,508.3827819824219,1672900
2022-08-23,543.2899780273438,543.2899780273438,533.2100219726562,535.7999877929688,500.1955261230469,2039600
2022-08-24,536.6799926757812,539.8599853515625,535.02001953125,536.4600219726562,500.811767578125,1761200
2022-08-25,535.010009765625,542.02001953125,531.25,541.5700073242188,505.58209228515625,1965800
2022-08-26,542.260009765625,543.1900024414062,528.219970703125,529.25,494.08087158203125,1906700
2022-08-29,526.0,532.9000244140625,522.8699951171875,529.77001953125,494.5663146972656,1594000
2022-08-30,530.4099731445312,531.0900268554688,521.7899780273438,522.8400268554688,488.0968322753906,2013400
2022-08-31,520.8200073242188,527.0999755859375,519.1599731445312,519.3300170898438,484.8200378417969,2891300
2022-09-01,519.3300170898438,524.260009765625,515.0900268554688,524.0,489.1796875,2085300
2022-09-02,529.6199951171875,529.7899780273438,513.8099975585938,516.3499755859375,482.0379638671875,1944200
2022-09-06,519.9299926757812,527.4500122070312,516.9199829101562,517.6799926757812,483.2796325683594,2711900
2022-09-07,517.0,523.5,514.6799926757812,521.6799926757812,487.0138854980469,2504400
2022-09-08,520.9500122070312,528.489990234375,518.8099975585938,527.510009765625,492.4564514160156,1557500
2022-09-09,527.8300170898438,527.8300170898438,522.5800170898438,524.3400268554688,491.0329895019531,2495500
2022-09-12,525.0,535.02001953125,522.5,531.25,497.504150390625,2792000
2022-09-13,524.0,525.260009765625,511.9700012207031,513.9600219726562,481.3123779296875,3172500
2022-09-14,514.0,515.3800048828125,506.1000061035156,509.7699890136719,477.3885192871094,2648100
2022-09-15,516.2999877929688,527.97998046875,514.1400146484375,522.9099731445312,489.6938171386719,3058100
2022-09-16,518.52001953125,522.8200073242188,517.0800170898438,521.02001953125,487.92388916015625,3981700
2022-09-19,518.5900268554688,524.0,512.969970703125,523.5499877929688,490.29315185546875,2130800
2022-09-20,524.239990234375,524.6699829101562,514.8099975585938,522.7999877929688,489.5908508300781,2421700
2022-09-21,525.030029296875,528.010009765625,512.02001953125,512.0800170898438,479.55181884765625,2427700
2022-09-22,511.0299987792969,520.969970703125,506.1099853515625,517.4600219726562,484.5900573730469,2285600
2022-09-23,513.5599975585938,514.6599731445312,506.3800048828125,513.6099853515625,480.9845886230469,2536900
2022-09-26,507.3900146484375,512.5700073242188,499.0,508.3599853515625,476.068115234375,2867400
2022-09-27,510.3699951171875,516.7899780273438,503.5799865722656,508.3699951171875,476.07745361328125,2583400
2022-09-28,506.4800109863281,516.27001953125,500.79998779296875,513.9400024414062,481.2936706542969,3027300
2022-09-29,514.77001953125,514.77001953125,502.4700012207031,508.8299865722656,476.5082092285156,2392000
2022-09-30,511.1000061035156,516.5499877929688,504.8399963378906,505.0400085449219,472.958984375,3116000
2022-10-03,507.0799865722656,517.8099975585938,505.3999938964844,515.510009765625,482.763916015625,2562400
2022-10-04,518.3499755859375,524.5900268554688,516.8300170898438,523.1699829101562,489.9372863769531,3189800
2022-10-05,521.0,529.3499755859375,520.1300048828125,527.0700073242188,493.589599609375,2281800
2022-10-06,528.3300170898438,528.5800170898438,516.739990234375,519.1300048828125,486.15399169921875,2187300
2022-10-07,514.1699829101562,514.1699829101562,501.05999755859375,504.8500061035156,472.7811279296875,3273700
2022-10-10,505.6000061035156,506.30999755859375,495.0199890136719,498.8599853515625,467.1714782714844,2459100
2022-10-11,496.9700012207031,506.8299865722656,495.17999267578125,499.80999755859375,468.0612487792969,2844500
2022-10-12,502.1300048828125,508.25,498.2099914550781,499.9599914550781,468.20172119140625,2254300
2022-10-13,493.45001220703125,513.469970703125,487.739990234375,509.9100036621094,477.5195617675781,3999700
2022-10-14,520.0,529.9099731445312,511.92999267578125,513.1300048828125,480.5350341796875,5628900
2022-10-17,517.739990234375,524.3099975585938,515.280029296875,521.8800048828125,488.7292785644531,3282300
2022-10-18,532.0,532.0,518.3300170898438,522.2100219726562,489.0383605957031,2345500
2022-10-19,521.739990234375,523.8200073242188,514.5999755859375,520.3200073242188,487.2684326171875,2500500
2022-10-20,523.0499877929688,529.4199829101562,519.780029296875,520.8800048828125,487.7928161621094,2390800
2022-10-21,518.0599975585938,536.530029296875,518.010009765625,533.72998046875,499.8264465332031,2896000
2022-10-24,538.0700073242188,546.47998046875,537.7999877929688,541.5999755859375,507.19647216796875,2627100
2022-10-25,537.7899780273438,543.9199829101562,533.9000244140625,540.219970703125,505.9043273925781,2411900
2022-10-26,541.3800048828125,547.6400146484375,540.2100219726562,543.1699829101562,508.66680908203125,2863500
2022-10-27,546.52001953125,546.52001953125,539.760009765625,541.7999877929688,507.3838806152344,2212100
2022-10-28,544.969970703125,553.0,543.6900024414062,551.239990234375,516.2242431640625,2761900
2022-10-31,555.0,558.0999755859375,550.1300048828125,555.1500244140625,519.8858642578125,2770400
2022-11-01,555.0,555.6900024414062,544.219970703125,547.3099975585938,512.5439453125,3338900
2022-11-02,544.4099731445312,554.5800170898438,543.0700073242188,543.4299926757812,508.9103698730469,2696200
2022-11-03,541.739990234375,547.8699951171875,538.1300048828125,543.6099853515625,509.078857421875,2245300
2022-11-04,547.0499877929688,547.760009765625,527.1400146484375,538.1699829101562,503.98443603515625,3513100
2022-11-07,538.1699829101562,546.9500122070312,535.469970703125,545.02001953125,510.3994140625,2540300
2022-11-08,547.0499877929688,554.7999877929688,542.0,553.0499877929688,517.9193115234375,2797000
2022-11-09,553.780029296875,554.6099853515625,539.4400024414062,540.6599731445312,506.31622314453125,2672600
2022-11-10,548.9299926757812,551.7000122070312,533.9500122070312,544.1699829101562,509.6034240722656,3426400
2022-11-11,546.280029296875,546.280029296875,509.6499938964844,522.0800170898438,488.91650390625,7034300
2022-11-14,522.0,528.97998046875,513.4099731445312,513.75,481.11566162109375,5238400
2022-11-15,512.8099975585938,516.6400146484375,500.7699890136719,503.010009765625,471.0578918457031,5103800
2022-11-16,505.8900146484375,514.1300048828125,505.4700012207031,511.5199890136719,479.02734375,3430800
2022-11-17,512.1599731445312,526.97998046875,512.1599731445312,515.3099975585938,482.57659912109375,4246300
2022-11-18,522.1199951171875,533.0,519.4600219726562,530.0,496.33343505859375,3566000
2022-11-21,529.010009765625,531.9500122070312,515.3800048828125,517.1900024414062,484.3371887207031,3349600
2022-11-22,519.9400024414062,524.6599731445312,519.9099731445312,523.0900268554688,489.8623962402344,2567400
2022-11-23,525.0,530.4400024414062,523.0,529.7100219726562,496.0618896484375,2238300
2022-11-25,534.0,540.8499755859375,532.52001953125,537.6199951171875,503.469482421875,1419200
2022-11-28,535.8300170898438,539.5800170898438,531.6900024414062,532.27001953125,498.459228515625,2699900
2022-11-29,531.6699829101562,532.969970703125,523.6500244140625,528.0,494.4604797363281,3751000
2022-11-30,529.719970703125,548.0800170898438,527.47998046875,547.760009765625,512.9652709960938,9688900
2022-12-01,552.3599853515625,553.0,535.7999877929688,536.9099731445312,502.8044738769531,2997800
2022-12-02,532.8300170898438,538.6099853515625,532.4400024414062,536.1599731445312,503.64996337890625,2346200
2022-12-05,531.489990234375,540.3800048828125,530.8800048828125,535.0399780273438,502.59771728515625,2424800
2022-12-06,534.4199829101562,540.5900268554688,534.239990234375,539.3200073242188,506.6183166503906,3097700
2022-12-07,540.8400268554688,545.9099731445312,539.6300048828125,542.9099731445312,509.9906921386719,2849100
2022-12-08,544.8599853515625,551.2899780273438,543.780029296875,547.9199829101562,514.697021484375,2272300
2022-12-09,547.9299926757812,548.489990234375,538.8699951171875,539.2000122070312,506.5057373046875,2852400
2022-12-12,541.8499755859375,546.0800170898438,539.280029296875,545.8599853515625,512.7617797851562,2714100
2022-12-13,550.5599975585938,550.989990234375,535.0999755859375,538.219970703125,505.5850830078125,3369700
2022-12-14,541.9299926757812,543.47998046875,531.5700073242188,538.3599853515625,505.71661376953125,2654600
2022-12-15,533.989990234375,534.0700073242188,525.469970703125,527.6799926757812,495.6841735839844,2963800
2022-12-16,525.1500244140625,525.8099975585938,515.719970703125,523.7000122070312,491.945556640625,7109100
2022-12-19,524.5999755859375,527.2100219726562,520.9299926757812,523.5999755859375,491.8514709472656,1808100
2022-12-20,526.989990234375,526.989990234375,519.7000122070312,520.2100219726562,488.6671142578125,2086100
2022-12-21,523.6300048828125,527.8800048828125,518.0999755859375,527.5399780273438,495.5526428222656,2182000
2022-12-22,526.47998046875,529.010009765625,521.6300048828125,527.0900268554688,495.12994384765625,1851600
2022-12-23,524.0999755859375,531.3099975585938,522.9000244140625,531.3099975585938,499.093994140625,1292300
2022-12-27,533.9299926757812,535.8400268554688,529.8499755859375,531.989990234375,499.7328186035156,1596700
2022-12-28,535.0700073242188,538.1500244140625,527.72998046875,528.4500122070312,496.40753173828125,1694200
2022-12-29,532.5399780273438,533.6799926757812,528.8599853515625,529.8800048828125,497.7507629394531,1379700
2022-12-30,530.0,530.5,524.8400268554688,530.1799926757812,498.03253173828125,1849600
2023-01-03,525.1300048828125,525.6300048828125,512.1599731445312,518.6400146484375,487.1922607421875,3525600
2023-01-04,518.6400146484375,518.6400146484375,500.6000061035156,504.5,473.90966796875,5070400
2023-01-05,501.010009765625,502.0899963378906,488.5,489.9599914550781,460.2513122558594,5497100
2023-01-06,491.5899963378906,492.8699951171875,487.5400085449219,490.0,460.28887939453125,4841300
2023-01-09,492.4100036621094,499.989990234375,488.5400085449219,490.05999755859375,460.3452453613281,3702800
2023-01-10,488.8500061035156,490.4700012207031,482.67999267578125,486.0,456.5313720703125,3164000
2023-01-11,485.2900085449219,495.6000061035156,485.0,493.3999938964844,463.4826965332031,4274200
2023-01-12,490.0,498.7300109863281,485.2200012207031,495.6700134277344,465.61505126953125,3726800
2023-01-13,486.1099853515625,509.5,486.0,489.57000732421875,459.8849792480469,5390100
2023-01-17,491.20001220703125,492.94000244140625,483.7799987792969,485.0799865722656,455.6672058105469,4495600
2023-01-18,488.04998779296875,489.5,474.75,476.239990234375,447.3632507324219,4398200
2023-01-19,477.8699951171875,486.3900146484375,477.3900146484375,484.3599853515625,454.9908447265625,4549600
2023-01-20,485.5299987792969,486.989990234375,479.0,486.7200012207031,457.207763671875,3525900
2023-01-23,486.67999267578125,490.1000061035156,481.3900146484375,485.80999755859375,456.3529052734375,3418700
2023-01-24,500.260009765625,500.260009765625,480.0,491.6000061035156,461.7918701171875,3036300
2023-01-25,489.2799987792969,495.3599853515625,485.7300109863281,492.5,462.6373596191406,3037300
2023-01-26,492.5,496.45001220703125,490.5799865722656,492.4800109863281,462.6185302734375,3005000
2023-01-27,493.3699951171875,493.3699951171875,484.4700012207031,486.04998779296875,456.578369140625,3177100
2023-01-30,487.80999755859375,495.25,484.79998779296875,485.7900085449219,456.3341369628906,3606900
2023-01-31,498.0,505.5,493.1300048828125,499.19000244140625,468.921630859375,5567000
2023-02-01,499.95001220703125,504.3800048828125,495.6700134277344,497.0,466.8644714355469,3451200
2023-02-02,494.260009765625,495.0,463.8900146484375,470.8299865722656,442.28118896484375,11169900
2023-02-03,475.2300109863281,478.7799987792969,469.75,472.0199890136719,443.3990783691406,5440100
2023-02-06,472.0,478.9700012207031,471.010009765625,475.239990234375,446.4237976074219,4174200
2023-02-07,471.0400085449219,478.0799865722656,469.0299987792969,476.8800048828125,447.96441650390625,3394600
2023-02-08,475.4700012207031,485.0400085449219,475.1099853515625,483.2200012207031,453.91998291015625,3466400
2023-02-09,485.6300048828125,489.70001220703125,482.3999938964844,485.7300109863281,456.27783203125,3664600
2023-02-10,489.1300048828125,495.6600036621094,488.75,494.25,464.28118896484375,3418100
2023-02-13,494.0,499.8699951171875,491.760009765625,495.3500061035156,465.3144836425781,2589000
2023-02-14,494.2900085449219,497.95001220703125,489.0899963378906,492.8299865722656,462.9472961425781,2072600
2023-02-15,489.6499938964844,491.8299865722656,488.3900146484375,491.25,461.4630432128906,2242500
2023-02-16,491.1499938964844,494.0,487.2699890136719,487.3500061035156,457.799560546875,2611500
2023-02-17,487.3800048828125,499.4599914550781,487.3500061035156,499.0799865722656,468.8183288574219,3891500
2023-02-21,496.70001220703125,501.3999938964844,490.5,491.30999755859375,461.5194091796875,2877300
2023-02-22,492.80999755859375,493.8900146484375,488.6700134277344,488.8900146484375,459.2461853027344,2982800
2023-02-23,486.6600036621094,493.3299865722656,485.8699951171875,491.69000244140625,461.8764343261719,2511800
2023-02-24,489.5799865722656,492.510009765625,483.010009765625,484.3299865722656,454.9626770019531,2940400
2023-02-27,488.7699890136719,490.94000244140625,481.9599914550781,483.32000732421875,454.013916015625,3006200
2023-02-28,482.6700134277344,483.3599853515625,473.9200134277344,475.94000244140625,447.0813903808594,3902100
2023-03-01,473.6099853515625,478.4100036621094,472.0,475.2200012207031,446.4050598144531,2996900
2023-03-02,475.2099914550781,480.42999267578125,473.25,477.70001220703125,448.7347106933594,2188800
2023-03-03,477.94000244140625,479.1000061035156,474.2200012207031,478.55999755859375,449.5425109863281,2863300
2023-03-06,481.3699951171875,484.3500061035156,479.0,480.7799987792969,451.6279296875,3812700
2023-03-07,482.9800109863281,483.82000732421875,472.55999755859375,473.8800048828125,445.1463317871094,2589200
2023-03-08,471.75,475.3900146484375,466.760009765625,470.6000061035156,442.0652160644531,3036600
2023-03-09,473.95001220703125,473.95001220703125,463.75,464.9100036621094,436.7202453613281,2780400
2023-03-10,462.7699890136719,468.8599853515625,457.5899963378906,460.3299865722656,433.95806884765625,3787500
2023-03-13,458.6499938964844,470.3699951171875,458.6499938964844,463.67999267578125,437.1161193847656,2971600
2023-03-14,464.6499938964844,469.8399963378906,459.04998779296875,464.5799865722656,437.964599609375,3258200
2023-03-15,460.989990234375,468.8800048828125,459.239990234375,465.42999267578125,438.7658996582031,3770200
2023-03-16,464.7099914550781,473.3900146484375,463.1000061035156,472.0199890136719,444.97833251953125,2940500
2023-03-17,471.3900146484375,472.010009765625,466.29998779296875,469.5,442.6026916503906,5290000
2023-03-20,470.0,479.82000732421875,470.0,476.9599914550781,449.63531494140625,3119400
2023-03-21,478.3900146484375,481.45001220703125,475.7200012207031,480.1000061035156,452.5954895019531,3163300
2023-03-22,481.95001220703125,485.739990234375,474.82000732421875,475.5199890136719,448.27783203125,2632200
2023-03-23,477.4100036621094,480.6700134277344,466.6700134277344,469.9100036621094,442.9892578125,3284900
2023-03-24,468.9800109863281,476.8800048828125,467.5899963378906,475.989990234375,448.720947265625,2533200
2023-03-27,485.54998779296875,486.2900085449219,478.5899963378906,481.8999938964844,454.2923278808594,2271800
2023-03-28,482.0,483.7900085449219,470.69000244140625,472.5799865722656,445.50628662109375,2369500
2023-03-29,475.1099853515625,475.8800048828125,464.95001220703125,466.5899963378906,439.8594665527344,3733200
2023-03-30,466.57000732421875,470.4100036621094,461.0799865722656,470.05999755859375,443.1306457519531,3324600
2023-03-31,471.5199890136719,476.0,470.1000061035156,472.5899963378906,445.5157165527344,3996700
2023-04-03,485.20001220703125,496.1300048828125,483.489990234375,494.19000244140625,465.87823486328125,4729100
2023-04-04,493.0299987792969,496.1000061035156,491.8399963378906,493.25,464.9921569824219,2624700
2023-04-05,497.3900146484375,511.739990234375,496.1000061035156,509.2300109863281,480.0566101074219,4964800
2023-04-06,511.0,514.239990234375,507.1499938964844,512.8099975585938,483.4315185546875,3472600
2023-04-10,510.80999755859375,515.3900146484375,508.0899963378906,515.1799926757812,485.66571044921875,2714500
2023-04-11,516.1400146484375,522.219970703125,515.219970703125,520.969970703125,491.12408447265625,3065300
2023-04-12,524.97998046875,526.7000122070312,520.0399780273438,521.1900024414062,491.33148193359375,3422400
2023-04-13,523.9099731445312,530.4500122070312,520.5,526.22998046875,496.0826721191406,4224400
2023-04-14,522.0,527.239990234375,508.5,511.7900085449219,482.4699401855469,4872000
2023-04-17,508.7200012207031,509.5899963378906,502.75,505.3500061035156,476.39892578125,3660900
2023-04-18,503.6700134277344,506.989990234375,498.1400146484375,504.4800109863281,475.5787658691406,3232000
2023-04-19,500.6499938964844,501.9700012207031,483.6300048828125,486.20001220703125,458.3460388183594,5809100
2023-04-20,485.4700012207031,489.6499938964844,483.260009765625,487.4599914550781,459.5338439941406,3283000
2023-04-21,490.0400085449219,490.7300109863281,482.1400146484375,483.82000732421875,456.10235595703125,3165300
2023-04-24,483.4100036621094,490.2200012207031,482.6499938964844,488.94000244140625,460.92901611328125,2322400
2023-04-25,492.67999267578125,498.5,490.5799865722656,491.9200134277344,463.7383117675781,2937300
2023-04-26,485.8699951171875,487.70001220703125,478.3599853515625,482.95001220703125,455.2822265625,2930000
2023-04-27,482.20001220703125,490.9800109863281,482.20001220703125,490.4700012207031,462.37139892578125,2473200
2023-04-28,488.69000244140625,493.9599914550781,488.1199951171875,492.0899963378906,463.8985900878906,2398900
2023-05-01,494.5899963378906,499.3900146484375,491.80999755859375,495.70001220703125,467.3017578125,2105600
2023-05-02,495.25,496.7099914550781,489.2699890136719,493.3900146484375,465.1241149902344,2152300
2023-05-03,494.3999938964844,495.45001220703125,488.0299987792969,489.44000244140625,461.400390625,1749700
2023-05-04,487.04998779296875,489.69000244140625,481.95001220703125,487.2799987792969,459.3641662597656,2555700
2023-05-05,494.05999755859375,500.8500061035156,492.0299987792969,494.2799987792969,465.9631042480469,2329400
2023-05-08,492.0400085449219,494.3500061035156,488.32000732421875,492.6199951171875,464.398193359375,1738500
2023-05-09,492.8399963378906,499.3999938964844,490.29998779296875,490.3800048828125,462.2865295410156,2038600
2023-05-10,489.3999938964844,493.4700012207031,487.6400146484375,490.07000732421875,461.9942626953125,2018700
2023-05-11,488.0,490.1199951171875,485.6600036621094,488.760009765625,460.7593688964844,2384200
2023-05-12,488.760009765625,492.8999938964844,487.75,491.2300109863281,463.087890625,1536500
2023-05-15,491.3999938964844,491.7900085449219,483.70001220703125,486.8599853515625,458.9681701660156,2169700
2023-05-16,487.6199951171875,489.2099914550781,479.010009765625,479.7200012207031,452.23724365234375,2178900
2023-05-17,480.0,485.3999938964844,477.5400085449219,484.80999755859375,457.0356140136719,2682000
2023-05-18,482.04998779296875,482.54998779296875,473.8900146484375,479.2300109863281,451.7753601074219,3040100
2023-05-19,479.5799865722656,484.79998779296875,477.80999755859375,478.82000732421875,451.3888244628906,2317900
2023-05-22,480.44000244140625,482.20001220703125,477.9100036621094,480.6199951171875,453.08563232421875,2242800
2023-05-23,476.17999267578125,483.3900146484375,472.5400085449219,479.44000244140625,451.9732971191406,2874200
2023-05-24,480.6099853515625,483.2799987792969,478.8900146484375,480.8299865722656,453.28363037109375,1904700
2023-05-25,477.6300048828125,481.7699890136719,474.29998779296875,477.70001220703125,450.3329772949219,2684100
2023-05-26,478.05999755859375,488.3900146484375,478.0,481.5199890136719,453.9341735839844,3135200
2023-05-30,476.67999267578125,485.8699951171875,476.0299987792969,479.8500061035156,452.35980224609375,3180800
2023-05-31,478.1199951171875,487.3999938964844,477.1099853515625,487.239990234375,459.3263854980469,4944100
2023-06-01,487.7900085449219,498.7799987792969,486.1099853515625,493.6300048828125,465.3503723144531,3376600
2023-06-02,492.0,501.0199890136719,490.3599853515625,499.5799865722656,470.9595031738281,3064500
2023-06-05,500.70001220703125,502.8999938964844,497.4200134277344,498.19000244140625,469.6490783691406,2688800
2023-06-06,499.8999938964844,499.8999938964844,483.6700134277344,487.57000732421875,459.63751220703125,3816600
2023-06-07,489.95001220703125,490.44000244140625,481.6000061035156,482.1300048828125,454.5091857910156,4381700
2023-06-08,484.3900146484375,491.82000732421875,482.42999267578125,490.2300109863281,462.1451416015625,2725900
2023-06-09,489.989990234375,498.2200012207031,487.2300109863281,493.6199951171875,465.34088134765625,3174100
2023-06-12,492.29998779296875,494.45001220703125,488.7200012207031,492.5899963378906,464.3699645996094,2207700
2023-06-13,490.8699951171875,494.6600036621094,488.6600036621094,491.30999755859375,463.1632385253906,3016600
2023-06-14,454.6400146484375,460.6300048828125,445.67999267578125,459.8599853515625,433.5149841308594,14672400
2023-06-15,461.989990234375,472.0,460.9100036621094,465.8900146484375,441.00250244140625,6798100
2023-06-16,466.1400146484375,468.5199890136719,457.92999267578125,458.489990234375,433.9976806640625,7699100
2023-06-20,456.75,470.489990234375,456.75,469.3900146484375,444.3154602050781,4597700
2023-06-21,468.95001220703125,479.3699951171875,467.19000244140625,476.75,451.2823486328125,4886500
2023-06-22,478.17999267578125,483.17999267578125,478.0,479.04998779296875,453.4594421386719,3179000
2023-06-23,478.3299865722656,482.2799987792969,476.54998779296875,477.0,451.51898193359375,4862600
2023-06-26,478.1400146484375,481.30999755859375,473.0,479.05999755859375,453.468994140625,2968300
2023-06-27,478.1300048828125,483.17999267578125,477.7699890136719,482.55999755859375,456.78192138671875,3693200
2023-06-28,481.9599914550781,482.1199951171875,473.9800109863281,474.45001220703125,449.105224609375,3670100
2023-06-29,475.0799865722656,479.7099914550781,473.0799865722656,476.44000244140625,450.9888916015625,2979300
2023-06-30,478.0,482.1000061035156,475.1199951171875,480.6400146484375,454.9645690917969,3970400
2023-07-03,478.1000061035156,480.2099914550781,476.29998779296875,477.8800048828125,452.3519592285156,1915700
2023-07-05,476.0299987792969,477.2900085449219,470.5899963378906,471.2200012207031,446.0477294921875,5053100
2023-07-06,469.3500061035156,472.3999938964844,466.6499938964844,469.3599853515625,444.2870788574219,3913600
2023-07-07,465.0,468.6099853515625,460.82000732421875,461.5799865722656,436.9226989746094,4131600
2023-07-10,460.0,463.1000061035156,459.1600036621094,463.04998779296875,438.314208984375,4339200
2023-07-11,462.3699951171875,466.489990234375,461.1400146484375,462.8900146484375,438.1627502441406,3086800
2023-07-12,463.0,464.82000732421875,451.25,451.70001220703125,427.5704650878906,7287600
2023-07-13,452.0,454.8999938964844,447.17999267578125,447.75,423.83148193359375,7276800
2023-07-14,462.54998779296875,485.0,460.1099853515625,480.1700134277344,454.5196533203125,11379300
2023-07-17,481.1099853515625,484.6000061035156,478.29998779296875,484.0799865722656,458.22076416015625,4582000
2023-07-18,489.3299865722656,504.4200134277344,487.5,500.0,473.2903747558594,8816400
2023-07-19,507.5400085449219,514.6599731445312,502.4800109863281,503.70001220703125,476.7926940917969,4956500
2023-07-20,506.6600036621094,508.67999267578125,500.5299987792969,504.239990234375,477.3038330078125,2963100
2023-07-21,505.04998779296875,510.4100036621094,504.5199890136719,506.5299987792969,479.47149658203125,2887300
2023-07-24,505.3299865722656,509.7799987792969,504.57000732421875,508.67999267578125,481.5066223144531,2279000
2023-07-25,510.0,512.5,507.2799987792969,510.92999267578125,483.636474609375,2730600
2023-07-26,511.5400085449219,515.8599853515625,506.6300048828125,508.0,480.8630065917969,3697200
2023-07-27,508.57000732421875,510.5,503.1300048828125,505.2300109863281,478.2409362792969,3028300
2023-07-28,505.2099914550781,507.4800109863281,497.2799987792969,502.9100036621094,476.04486083984375,2930000
2023-07-31,503.0,507.8800048828125,499.05999755859375,506.3699951171875,479.32000732421875,2441600
2023-08-01,507.5,510.0400085449219,502.489990234375,504.739990234375,477.7771301269531,2161200
2023-08-02,509.69000244140625,510.4700012207031,502.989990234375,504.79998779296875,477.8338928222656,3220500
2023-08-03,502.8900146484375,506.0,501.0400085449219,504.8599853515625,477.8907165527344,2442900
2023-08-04,510.0,510.8999938964844,501.75,502.7300109863281,475.87451171875,2411200
2023-08-07,505.739990234375,513.5999755859375,504.6499938964844,510.739990234375,483.4566345214844,2430900
2023-08-08,503.0,508.1700134277344,500.0199890136719,505.8599853515625,478.8373107910156,2422600
2023-08-09,504.0,505.7300109863281,500.8800048828125,502.1099853515625,475.2876281738281,1916900
2023-08-10,504.4700012207031,512.0399780273438,502.7799987792969,503.4800109863281,476.58441162109375,2179700
2023-08-11,505.6300048828125,510.6700134277344,504.25,508.010009765625,480.8724060058594,2029600
2023-08-14,509.1499938964844,513.5,508.25,510.92999267578125,483.636474609375,2127200
2023-08-15,511.5799865722656,513.6500244140625,506.2699890136719,506.69000244140625,479.6228942871094,1817500
2023-08-16,508.0,510.5,502.8299865722656,503.55999755859375,476.66015625,1454100
2023-08-17,495.4800109863281,501.2300109863281,491.82000732421875,493.9599914550781,467.57293701171875,3009500
2023-08-18,494.7799987792969,500.94000244140625,493.5,498.44000244140625,471.8136291503906,2364400
2023-08-21,497.510009765625,500.25,496.2200012207031,497.67999267578125,471.09423828125,1533500
2023-08-22,495.4200134277344,496.7900085449219,491.3299865722656,492.3399963378906,466.0395812988281,2079400
2023-08-23,493.0,494.0,487.92999267578125,489.44000244140625,463.2944641113281,2011400
2023-08-24,491.42999267578125,495.4200134277344,487.2099914550781,488.1000061035156,462.0260314941406,2311100
2023-08-25,489.9200134277344,491.1499938964844,484.6499938964844,489.1199951171875,462.99151611328125,1923500
2023-08-28,490.489990234375,493.05999755859375,489.1300048828125,491.2799987792969,465.03619384765625,1344500
2023-08-29,491.4700012207031,492.94000244140625,487.9700012207031,492.8299865722656,466.50335693359375,2113700
2023-08-30,493.989990234375,496.7099914550781,490.2900085449219,491.5299987792969,465.2727355957031,2283400
2023-08-31,492.3599853515625,493.82000732421875,476.2900085449219,476.5799865722656,451.12139892578125,4927700
2023-09-01,479.0,480.6499938964844,473.3599853515625,476.239990234375,450.7995910644531,3165900
2023-09-05,478.0,484.6000061035156,477.5400085449219,480.80999755859375,455.12542724609375,3443300
2023-09-06,482.0899963378906,483.1600036621094,476.3800048828125,476.94000244140625,451.4621887207031,2596100
2023-09-07,479.8999938964844,487.1099853515625,478.6000061035156,484.80999755859375,458.9117431640625,2928000
2023-09-08,480.19000244140625,482.9700012207031,478.75,480.7699890136719,456.8591613769531,1858400
2023-09-11,481.9800109863281,483.8399963378906,478.0,479.3800048828125,455.53839111328125,2059200
2023-09-12,477.3800048828125,483.6400146484375,472.1199951171875,479.8999938964844,456.0324401855469,2195200
2023-09-13,481.42999267578125,484.0400085449219,479.4599914550781,479.8399963378906,455.9754333496094,2197800
2023-09-14,482.6300048828125,485.2699890136719,478.7799987792969,483.6000061035156,459.5484619140625,2334300
2023-09-15,485.739990234375,489.82000732421875,484.1400146484375,486.70001220703125,462.4942932128906,5334300
2023-09-18,488.4100036621094,488.739990234375,483.6000061035156,486.05999755859375,461.8861083984375,1997500
2023-09-19,483.760009765625,485.7300109863281,476.5400085449219,480.6600036621094,456.7546691894531,3230700
2023-09-20,482.75,495.1099853515625,479.1400146484375,492.1300048828125,467.6542663574219,3724800
2023-09-21,494.19000244140625,505.1400146484375,493.0799865722656,501.1400146484375,476.2160949707031,4703900
2023-09-22,499.0,509.42999267578125,498.0299987792969,506.1000061035156,480.929443359375,4558500
2023-09-25,508.260009765625,510.94000244140625,506.6300048828125,510.2799987792969,484.9015808105469,2758500
2023-09-26,508.94000244140625,509.4200134277344,504.3800048828125,505.45001220703125,480.311767578125,2420200
2023-09-27,506.2300109863281,506.3599853515625,501.04998779296875,503.7300109863281,478.6773376464844,2593700
2023-09-28,505.9700012207031,514.1500244140625,505.010009765625,510.1000061035156,484.7304992675781,2922000
2023-09-29,509.8500061035156,509.8800048828125,503.79998779296875,504.19000244140625,479.1143798828125,3006200
2023-10-02,505.5299987792969,514.8400268554688,503.1400146484375,514.5700073242188,488.9781188964844,3550400
2023-10-03,513.2999877929688,513.97998046875,508.3599853515625,509.4700012207031,484.1318054199219,3143200
2023-10-04,509.489990234375,511.82000732421875,506.6099853515625,510.6199951171875,485.22467041015625,2801700
2023-10-05,511.6199951171875,518.2100219726562,511.2300109863281,516.22998046875,490.55560302734375,2790700
2023-10-06,516.4500122070312,525.9500122070312,515.97998046875,524.8099975585938,498.7088623046875,3647200
2023-10-09,521.1500244140625,526.8699951171875,520.25,526.510009765625,500.32440185546875,2341600
2023-10-10,526.5,528.1400146484375,523.0800170898438,524.239990234375,498.1672058105469,2455700
2023-10-11,520.9199829101562,525.5900268554688,520.22998046875,524.1300048828125,498.062744140625,2819300
2023-10-12,524.469970703125,528.5800170898438,522.25,525.5399780273438,499.40252685546875,2377300
2023-10-13,533.25,544.4600219726562,532.0,539.4000244140625,512.5732421875,5245400
2023-10-16,543.1799926757812,546.780029296875,536.1199951171875,538.030029296875,511.271484375,3827600
2023-10-17,539.9400024414062,542.4299926757812,534.5700073242188,536.6500244140625,509.9600524902344,2586000
2023-10-18,543.0399780273438,543.97998046875,535.4000244140625,536.0599975585938,509.3992919921875,2551400
2023-10-19,536.8200073242188,538.3400268554688,529.25,531.6300048828125,505.1897277832031,2351200
2023-10-20,531.0,534.4299926757812,526.77001953125,527.030029296875,500.81854248046875,2811100
2023-10-23,527.030029296875,527.780029296875,520.2899780273438,521.5700073242188,495.63006591796875,2357700
2023-10-24,522.8599853515625,530.6699829101562,522.0700073242188,525.0,498.8893737792969,1978200
2023-10-25,527.27001953125,532.3599853515625,520.0800170898438,530.2100219726562,503.8403625488281,2380100
2023-10-26,525.7000122070312,530.469970703125,522.52001953125,528.3599853515625,502.08233642578125,2675800
2023-10-27,525.989990234375,527.739990234375,521.260009765625,524.6599731445312,498.5662841796875,2585600
2023-10-30,525.0,531.8200073242188,522.9400024414062,529.989990234375,503.63116455078125,2555400
2023-10-31,535.0,536.6799926757812,531.6199951171875,535.5599975585938,508.92431640625,2464200
2023-11-01,529.97998046875,535.8300170898438,526.7999877929688,531.5999755859375,505.1612243652344,2747400
2023-11-02,532.0,536.8400268554688,526.9500122070312,536.1300048828125,509.4659118652344,2350900
2023-11-03,534.5700073242188,535.97998046875,528.7999877929688,530.9000244140625,504.4960632324219,2739500
2023-11-06,531.6300048828125,536.02001953125,530.0499877929688,533.4600219726562,506.9286804199219,2684900
2023-11-07,535.3599853515625,539.6500244140625,531.52001953125,537.8300170898438,511.0813903808594,2604800
2023-11-08,540.0,541.4000244140625,534.1400146484375,536.72998046875,510.0361328125,1769200
2023-11-09,537.5999755859375,540.9099731445312,534.47998046875,539.0,512.1932373046875,1819600
2023-11-10,542.6799926757812,542.6799926757812,536.02001953125,541.2100219726562,514.2933349609375,2480800
2023-11-13,541.1500244140625,544.1500244140625,537.9099731445312,542.5700073242188,515.5857543945312,1507900
2023-11-14,539.030029296875,542.6699829101562,536.510009765625,540.4600219726562,513.58056640625,2454000
2023-11-15,540.0499877929688,540.4600219726562,531.7000122070312,538.4099731445312,511.632568359375,2473700
2023-11-16,538.4099731445312,544.8599853515625,537.469970703125,539.8200073242188,512.9722900390625,2360300
2023-11-17,540.27001953125,540.52001953125,528.3400268554688,536.2899780273438,509.617919921875,2676900
2023-11-20,533.6099853515625,536.3400268554688,531.7999877929688,535.0999755859375,508.4870910644531,2518400
2023-11-21,537.77001953125,541.6699829101562,534.1900024414062,539.5900268554688,512.7537231445312,2115700
2023-11-22,542.969970703125,544.4000244140625,540.260009765625,543.760009765625,516.7164916992188,2234500
2023-11-24,544.9299926757812,547.5900268554688,542.8099975585938,547.0999755859375,519.890380859375,1135000
2023-11-27,547.0999755859375,550.8900146484375,541.530029296875,543.5900268554688,516.554931640625,2675800
2023-11-28,545.6300048828125,545.8200073242188,540.0700073242188,540.530029296875,513.6471557617188,2859300
2023-11-29,530.0,541.8599853515625,528.6500244140625,534.97998046875,508.37310791015625,4550000
2023-11-30,535.7899780273438,553.9400024414062,534.010009765625,552.969970703125,525.4683837890625,7121200
2023-12-01,550.4199829101562,554.7000122070312,545.1599731445312,547.1599731445312,521.7210693359375,3462200
2023-12-04,548.260009765625,551.8699951171875,543.0399780273438,548.280029296875,522.7890014648438,2709200
2023-12-05,549.0999755859375,552.530029296875,545.3499755859375,550.260009765625,524.6769409179688,2645600
2023-12-06,547.5599975585938,551.8800048828125,547.0999755859375,549.530029296875,523.98095703125,2239700
2023-12-07,551.3499755859375,551.510009765625,544.52001953125,548.27001953125,522.779541015625,2511700
2023-12-08,550.219970703125,551.72998046875,544.5399780273438,549.77001953125,524.2098388671875,2039900
2023-12-11,549.760009765625,550.0,539.0599975585938,543.6799926757812,518.4029541015625,3655300
2023-12-12,545.7999877929688,547.489990234375,542.6500244140625,545.719970703125,520.3480834960938,2706100
2023-12-13,544.0,549.4199829101562,538.5900268554688,549.010009765625,523.4850463867188,2876600
2023-12-14,544.2999877929688,544.9199829101562,529.4000244140625,534.239990234375,509.4017639160156,5386800
2023-12-15,530.0,533.5,522.9600219726562,531.1199951171875,506.4268493652344,9030100
2023-12-18,529.1099853515625,531.469970703125,525.22998046875,526.5499877929688,502.0693054199219,3260300
2023-12-19,524.5900268554688,527.6199951171875,521.780029296875,524.0399780273438,499.67596435546875,3645600
2023-12-20,523.8499755859375,524.8300170898438,515.8699951171875,515.9299926757812,491.943115234375,3847800
2023-12-21,518.8800048828125,520.8200073242188,516.5,519.8800048828125,495.7095031738281,2491600
2023-12-22,519.8800048828125,523.010009765625,518.02001953125,520.3099975585938,496.119384765625,1759500
2023-12-26,519.8800048828125,521.47998046875,517.969970703125,520.030029296875,495.8525085449219,1390800
2023-12-27,519.75,523.1599731445312,519.3599853515625,522.7899780273438,498.4841003417969,1851800
2023-12-28,523.469970703125,527.8699951171875,522.9400024414062,524.9000244140625,500.49603271484375,2001000
2023-12-29,525.97998046875,528.239990234375,523.9199829101562,526.469970703125,501.9930114746094,2080100
2024-01-02,526.8400268554688,539.6599731445312,526.6699829101562,539.3400268554688,514.2647094726562,3415700
2024-01-03,543.0399780273438,546.7899780273438,539.47998046875,542.030029296875,516.8296508789062,2891400
2024-01-04,545.0,549.0,543.0,545.4199829101562,520.0619506835938,2994400
2024-01-05,547.0,547.0,533.72998046875,537.3800048828125,512.3958740234375,2815400
2024-01-08,539.4000244140625,540.25,528.0,536.52001953125,511.5757751464844,2648900
2024-01-09,538.0,539.6099853515625,532.3300170898438,538.3699951171875,513.33984375,2677000
2024-01-10,538.0999755859375,541.2000122070312,536.1500244140625,537.6400146484375,512.6437377929688,2180000
2024-01-11,536.1300048828125,540.1599731445312,534.530029296875,539.6799926757812,514.5888671875,2814100
2024-01-12,518.8599853515625,528.47998046875,513.1300048828125,521.510009765625,497.263671875,6327300
2024-01-16,523.7100219726562,524.5,516.5499877929688,519.1500244140625,495.013427734375,3736700
2024-01-17,521.280029296875,530.6599731445312,520.0,524.9400024414062,500.5341796875,3791300
2024-01-18,505.2300109863281,516.8400268554688,497.4599914550781,516.3400268554688,492.3340759277344,7367000
2024-01-19,515.0,517.5499877929688,501.82000732421875,503.55999755859375,480.1481628417969,6143400
2024-01-22,503.94000244140625,513.5700073242188,496.5,512.989990234375,489.13970947265625,5922900
2024-01-23,512.5,518.0800170898438,512.0800170898438,515.52001953125,491.55218505859375,2672900
2024-01-24,517.9000244140625,521.72998046875,512.9500122070312,513.22998046875,489.3685607910156,2918800
2024-01-25,487.5899963378906,495.510009765625,479.0,493.3999938964844,470.4605712890625,14671000
2024-01-26,493.2799987792969,503.69000244140625,489.8999938964844,503.20001220703125,479.804931640625,6212200
2024-01-29,503.1099853515625,506.510009765625,501.1499938964844,504.5400085449219,481.0826721191406,4554100
2024-01-30,504.5400085449219,506.04998779296875,499.2200012207031,503.6099853515625,480.1958312988281,4931200
2024-01-31,504.510009765625,515.0,504.510009765625,511.739990234375,487.9478759765625,5358100
2024-02-01,508.8299865722656,510.2200012207031,503.0,507.1400146484375,483.561767578125,4242600
2024-02-02,508.25,512.9099731445312,505.3900146484375,510.2300109863281,486.5080871582031,3804500
2024-02-05,509.9599914550781,514.2000122070312,500.04998779296875,502.9599914550781,479.5760803222656,3646300
2024-02-06,503.94000244140625,510.94000244140625,502.45001220703125,510.6700134277344,486.9276428222656,2745400
2024-02-07,514.010009765625,521.0,512.6900024414062,519.3900146484375,495.2422180175781,4109100
2024-02-08,520.6300048828125,522.1599731445312,517.280029296875,520.0900268554688,495.9097595214844,3343000
2024-02-09,518.989990234375,520.3900146484375,516.2899780273438,518.219970703125,494.1265869140625,2715400
2024-02-12,518.219970703125,518.989990234375,512.8099975585938,517.6400146484375,493.5736083984375,3194000
2024-02-13,522.0,526.9299926757812,514.2100219726562,516.8499755859375,492.8202819824219,3436000
2024-02-14,515.260009765625,518.530029296875,514.2899780273438,516.9400024414062,492.9061279296875,1918500
2024-02-15,517.3400268554688,521.75,515.7999877929688,520.8800048828125,496.6629333496094,2292100
2024-02-16,522.2999877929688,523.7899780273438,518.8900146484375,521.5499877929688,497.3017272949219,2135500
2024-02-20,524.2100219726562,525.3699951171875,519.4099731445312,521.0599975585938,496.8345031738281,2600200
2024-02-21,523.6699829101562,523.6900024414062,517.5399780273438,521.969970703125,497.7021789550781,2095900
2024-02-22,524.2000122070312,526.739990234375,518.5900268554688,526.5,502.0216369628906,3186800
2024-02-23,526.75,530.5,524.1599731445312,527.239990234375,502.7272033691406,2502000
2024-02-26,528.3200073242188,532.8099975585938,524.3099975585938,525.3200073242188,500.896484375,2308900
2024-02-27,524.760009765625,525.5900268554688,512.0499877929688,513.4199829101562,489.5497741699219,3780600
2024-02-28,495.44000244140625,498.54998779296875,484.3900146484375,498.2799987792969,475.1136779785156,9558600
2024-02-29,498.5,501.75,491.6000061035156,493.6000061035156,470.65130615234375,6833200
2024-03-01,489.4200134277344,490.0199890136719,477.25,489.5299987792969,466.77044677734375,7315000
2024-03-04,483.239990234375,487.0400085449219,480.1000061035156,481.8699951171875,459.4665832519531,5239800
2024-03-05,482.3900146484375,482.8999938964844,470.6199951171875,473.1499938964844,451.1520080566406,5296200
2024-03-06,474.44000244140625,479.79998779296875,468.19000244140625,472.6000061035156,450.6275939941406,5577500
2024-03-07,474.0,481.19000244140625,473.6000061035156,478.7799987792969,456.5202331542969,5102000
2024-03-08,478.3299865722656,484.25,474.7699890136719,476.57000732421875,456.20440673828125,4673600
2024-03-11,477.0,490.30999755859375,476.0,489.1499938964844,468.24676513671875,4410100
2024-03-12,488.1300048828125,492.2799987792969,487.3500061035156,489.3500061035156,468.4382629394531,4153800
2024-03-13,493.5199890136719,496.0,485.3299865722656,488.0,467.14593505859375,3669000
2024-03-14,488.7200012207031,489.67999267578125,485.19000244140625,489.0,468.1031799316406,3378500
2024-03-15,487.45001220703125,491.2200012207031,487.45001220703125,490.82000732421875,469.8454284667969,5713500
2024-03-18,492.1000061035156,492.1000061035156,486.3800048828125,487.04998779296875,466.2365417480469,2970500
2024-03-19,489.6700134277344,493.44000244140625,487.7900085449219,493.32000732421875,472.23858642578125,2511700
2024-03-20,492.4700012207031,494.6000061035156,489.44000244140625,494.2300109863281,473.1097106933594,3548200
2024-03-21,492.2799987792969,496.20001220703125,491.2799987792969,491.69000244140625,470.6782531738281,3693400
2024-03-22,495.20001220703125,495.8299865722656,489.7699890136719,490.07000732421875,469.12744140625,2847300
2024-03-25,490.6000061035156,491.4800109863281,484.07000732421875,485.8800048828125,465.1165466308594,2786100
2024-03-26,488.1300048828125,493.3399963378906,485.2300109863281,492.30999755859375,471.271728515625,3113300
2024-03-27,493.70001220703125,495.7300109863281,491.30999755859375,493.1000061035156,472.0279846191406,2653100
2024-03-28,495.0,495.8699951171875,489.29998779296875,494.70001220703125,473.5596008300781,3820000
2024-04-01,494.4700012207031,495.7799987792969,488.70001220703125,489.70001220703125,468.7733154296875,2928700
2024-04-02,459.6000061035156,463.67999267578125,449.6000061035156,458.1400146484375,438.56201171875,11867000
2024-04-03,462.0,462.8500061035156,455.54998779296875,459.739990234375,440.0935363769531,4460400
2024-04-04,460.82000732421875,461.7200012207031,451.9200134277344,455.3800048828125,435.9198913574219,5182000
2024-04-05,450.69000244140625,457.75,450.010009765625,455.739990234375,436.2645263671875,5747400
2024-04-08,455.9700012207031,457.20001220703125,453.5899963378906,456.0,436.513427734375,4532300
2024-04-09,454.2799987792969,459.760009765625,452.4599914550781,459.7200012207031,440.074462890625,3521200
2024-04-10,455.489990234375,458.739990234375,449.7799987792969,450.04998779296875,430.8176574707031,4493500
2024-04-11,450.3900146484375,450.7699890136719,441.4800109863281,441.7200012207031,422.8436279296875,5844100
2024-04-12,440.3399963378906,442.239990234375,436.3800048828125,439.20001220703125,420.431396484375,6045700
2024-04-15,442.0,448.3500061035156,441.989990234375,445.6300048828125,426.5865783691406,5376800
2024-04-16,476.7699890136719,479.75,465.6000061035156,468.8900146484375,448.8525695800781,11816500
2024-04-17,478.6000061035156,488.0,474.5899963378906,478.989990234375,458.52093505859375,8759800
2024-04-18,486.1300048828125,502.0,485.9700012207031,493.17999267578125,472.1045227050781,8880400
2024-04-19,497.0,507.29998779296875,495.55999755859375,501.1300048828125,479.71484375,6618600
2024-04-22,497.7799987792969,499.4200134277344,490.6400146484375,491.2300109863281,470.2379150390625,4697700
2024-04-23,491.0,494.30999755859375,484.9700012207031,486.17999267578125,465.4037170410156,3646700
2024-04-24,483.7799987792969,488.8599853515625,480.7099914550781,487.29998779296875,466.475830078125,3724400
2024-04-25,488.9599914550781,497.1300048828125,487.5299987792969,493.8599853515625,472.7554626464844,4329700
2024-04-26,492.0,497.2300109863281,491.3999938964844,495.3500061035156,474.1817932128906,2727000
2024-04-29,495.7099914550781,497.3500061035156,487.7699890136719,489.0299987792969,468.1319274902344,2192100
2024-04-30,488.9599914550781,489.7099914550781,482.5899963378906,483.70001220703125,463.0296936035156,3367500
2024-05-01,479.260009765625,489.19000244140625,477.07000732421875,484.1099853515625,463.422119140625,2729200
2024-05-02,484.2799987792969,493.69000244140625,483.94000244140625,492.9700012207031,471.90350341796875,3561400
2024-05-03,490.8599853515625,492.7900085449219,485.7799987792969,492.45001220703125,471.4057922363281,2487600
2024-05-06,492.4800109863281,494.8699951171875,492.0,494.3800048828125,473.2532958984375,2029500
2024-05-07,496.0,501.6499938964844,495.0400085449219,500.9599914550781,479.5520935058594,3752100
2024-05-08,504.1700134277344,507.0,500.0799865722656,503.2099914550781,481.7059631347656,3078900
2024-05-09,502.1400146484375,507.9700012207031,502.1400146484375,507.0299987792969,485.3627014160156,2342900
2024-05-10,509.0,513.5800170898438,507.0,512.8099975585938,490.8957214355469,2784600
2024-05-13,512.0499877929688,514.6699829101562,507.30999755859375,511.739990234375,489.8714294433594,2454500
2024-05-14,514.5800170898438,516.1699829101562,507.29998779296875,513.8800048828125,491.9200134277344,2949700
2024-05-15,514.8300170898438,522.5900268554688,514.8300170898438,517.5499877929688,495.43310546875,2981200
2024-05-16,520.0,528.1599731445312,519.510009765625,521.27001953125,498.9941711425781,3655800
2024-05-17,522.9400024414062,525.8499755859375,520.010009765625,524.6300048828125,502.21051025390625,2657200
2024-05-20,524.6300048828125,524.6300048828125,516.5399780273438,517.22998046875,495.1268005371094,2476200
2024-05-21,518.3200073242188,524.719970703125,515.9199829101562,523.5499877929688,501.1767272949219,2521900
2024-05-22,522.8200073242188,526.280029296875,520.6500244140625,521.3499755859375,499.0707092285156,2299100
2024-05-23,518.3200073242188,520.22998046875,515.22998046875,516.8300170898438,494.7439270019531,3055400
2024-05-24,516.1099853515625,517.1400146484375,507.5199890136719,508.1700134277344,486.4539794921875,2527800
2024-05-28,506.6499938964844,506.6499938964844,501.8999938964844,503.67999267578125,482.15582275390625,2912800
2024-05-29,492.3399963378906,493.8999938964844,473.2699890136719,484.7200012207031,464.0060729980469,7521600
2024-05-30,482.32000732421875,486.0299987792969,478.0,481.6499938964844,461.0672607421875,5169700
2024-05-31,482.4100036621094,498.4100036621094,482.4100036621094,495.3699951171875,474.2010192871094,6694800
2024-06-03,494.1300048828125,498.67999267578125,493.07000732421875,497.44000244140625,476.18255615234375,2795100
2024-06-04,498.55999755859375,508.2699890136719,494.5899963378906,505.489990234375,483.88848876953125,3178400
2024-06-05,508.70001220703125,509.1000061035156,498.79998779296875,503.1199951171875,481.61981201171875,2464400
2024-06-06,503.6499938964844,504.70001220703125,497.2799987792969,501.9200134277344,480.47113037109375,2419600
2024-06-07,502.0400085449219,502.8599853515625,490.4200134277344,490.69000244140625,469.7209777832031,3416300
2024-06-10,491.0,495.3900146484375,486.19000244140625,495.0,473.8467712402344,3332800
2024-06-11,490.8599853515625,497.7799987792969,490.2900085449219,496.2200012207031,475.0146789550781,4599700
2024-06-12,500.0,500.0,487.4200134277344,493.07000732421875,471.9992370605469,4048200
2024-06-13,490.2799987792969,502.0,484.3800048828125,497.29998779296875,476.04852294921875,4951700
2024-06-14,496.8299865722656,497.8500061035156,491.7300109863281,497.1199951171875,475.8761901855469,3188400
2024-06-17,491.3299865722656,493.1199951171875,488.70001220703125,489.2300109863281,470.31011962890625,2407200
2024-06-18,490.7099914550781,491.6600036621094,479.0400085449219,481.04998779296875,462.44647216796875,3692700
2024-06-20,480.0400085449219,485.9200134277344,478.1099853515625,484.5199890136719,465.7822265625,5258100
2024-06-21,484.44000244140625,488.29998779296875,480.5899963378906,482.5899963378906,463.9269104003906,6368600
2024-06-24,488.8599853515625,490.8900146484375,484.5,489.9800109863281,471.0310974121094,5139800
2024-06-25,490.6400146484375,490.6400146484375,480.6000061035156,484.5,465.7630310058594,2916100
2024-06-26,484.5,487.44000244140625,481.4700012207031,484.0400085449219,465.32086181640625,3153100
2024-06-27,485.04998779296875,488.9800109863281,482.04998779296875,486.44000244140625,467.62799072265625,2991900
2024-06-28,496.3699951171875,509.3999938964844,489.4100036621094,509.260009765625,489.5655212402344,22734200
2024-07-01,506.75,508.9100036621094,492.8900146484375,494.6499938964844,475.5205383300781,4523100
2024-07-02,494.260009765625,498.4700012207031,493.3900146484375,498.239990234375,478.9716491699219,3312000
2024-07-03,497.1199951171875,498.0799865722656,486.5199890136719,489.8900146484375,470.94464111328125,2239200
2024-07-05,489.0,489.6700134277344,484.5,488.010009765625,469.1372985839844,3499000
2024-07-08,489.19000244140625,493.8800048828125,486.1700134277344,489.3399963378906,470.41583251953125,3450600
2024-07-09,488.3299865722656,495.3999938964844,486.0899963378906,492.1099853515625,473.0787353515625,3056800
2024-07-10,490.94000244140625,501.5,490.1199951171875,500.92999267578125,481.5575866699219,3189800
2024-07-11,497.70001220703125,508.7300109863281,497.70001220703125,504.3599853515625,484.8549499511719,3535100
2024-07-12,506.9200134277344,514.5700073242188,503.42999267578125,511.5299987792969,491.7477111816406,3570600
2024-07-15,524.239990234375,530.8300170898438,513.7999877929688,515.3699951171875,495.439208984375,5128000
2024-07-16,533.9000244140625,549.9199829101562,527.1300048828125,548.8699951171875,527.6436157226562,11062000
2024-07-17,554.0,573.6099853515625,551.2999877929688,573.280029296875,551.109619140625,10330800
2024-07-18,564.5,581.5,561.4199829101562,564.3400268554688,542.5154418945312,6834800
2024-07-19,567.1199951171875,569.9000244140625,561.5399780273438,565.3300170898438,543.4671020507812,4290400
2024-07-22,563.0499877929688,564.25,557.0800170898438,558.530029296875,536.9301147460938,3377300
2024-07-23,558.7899780273438,558.8400268554688,552.8099975585938,554.7000122070312,533.2481689453125,2785600
2024-07-24,560.0,561.1300048828125,553.02001953125,559.75,538.1029052734375,3156200
2024-07-25,562.0,569.8900146484375,558.5800170898438,559.6799926757812,538.0355834960938,3102900
2024-07-26,560.0,579.1300048828125,560.0,569.719970703125,547.6873168945312,3201900
2024-07-29,565.7100219726562,571.3499755859375,561.760009765625,566.75,544.8322143554688,2965000
2024-07-30,566.9000244140625,579.4299926757812,565.989990234375,576.3300170898438,554.041748046875,4139100
2024-07-31,565.4400024414062,580.9000244140625,562.3200073242188,576.1599731445312,553.8782958984375,4713200
2024-08-01,577.2000122070312,587.5,567.0999755859375,572.77001953125,550.6194458007812,3680800
2024-08-02,582.3300170898438,591.5399780273438,575.25,589.8300170898438,567.0195922851562,5094000
2024-08-05,582.1199951171875,586.8200073242188,566.760009765625,569.9600219726562,547.9180908203125,4587400
2024-08-06,568.2100219726562,577.52001953125,562.530029296875,568.3499755859375,546.370361328125,3216500
2024-08-07,566.6099853515625,571.6500244140625,557.030029296875,566.0800170898438,544.1881103515625,4320700
2024-08-08,564.3699951171875,572.4500122070312,564.3699951171875,566.239990234375,544.3418579101562,2860800
2024-08-09,564.5399780273438,565.9299926757812,557.6300048828125,558.760009765625,537.1512451171875,2976700
2024-08-12,562.3200073242188,569.0,561.0499877929688,565.2899780273438,543.4286499023438,2532400
2024-08-13,569.989990234375,575.72998046875,569.0,574.239990234375,552.0325927734375,2369400
2024-08-14,575.239990234375,581.1199951171875,573.27001953125,579.6699829101562,557.2525634765625,2344400
2024-08-15,579.6699829101562,583.3400268554688,573.510009765625,579.6099853515625,557.1948852539062,2751800
2024-08-16,580.9199829101562,581.6500244140625,574.0999755859375,577.6799926757812,555.3394775390625,2728900
2024-08-19,578.0800170898438,583.2999877929688,577.0700073242188,578.780029296875,556.39697265625,1847900
2024-08-20,579.8499755859375,583.8099975585938,575.5,580.6500244140625,558.1947021484375,1677500
2024-08-21,581.510009765625,583.3900146484375,577.4299926757812,578.0700073242188,555.7144775390625,2844300
2024-08-22,579.25,582.9500122070312,570.6199951171875,578.719970703125,556.3392944335938,2282000
2024-08-23,581.0,585.2100219726562,578.4500122070312,584.510009765625,561.9053955078125,2376400
2024-08-26,588.0499877929688,592.0900268554688,585.739990234375,587.1300048828125,564.424072265625,1800000
2024-08-27,589.469970703125,592.3400268554688,583.780029296875,587.3499755859375,564.6355590820312,1581900
2024-08-28,589.010009765625,592.8400268554688,583.8699951171875,588.5399780273438,565.7794189453125,1657000
2024-08-29,590.6799926757812,592.6099853515625,584.3699951171875,591.5700073242188,568.6923217773438,1953200
2024-08-30,590.0,593.260009765625,586.5900268554688,590.2000122070312,567.3753051757812,2944700
2024-09-03,592.52001953125,600.6599731445312,591.8200073242188,598.6799926757812,575.52734375,3175500
2024-09-04,600.0,607.9400024414062,597.8800048828125,604.1799926757812,580.814697265625,2935000
2024-09-05,604.1900024414062,606.0,589.6699829101562,595.489990234375,572.4607543945312,2144800
2024-09-06,595.8699951171875,600.6099853515625,592.260009765625,596.8800048828125,573.7969970703125,2926400
2024-09-09,598.3200073242188,599.47998046875,575.27001953125,594.0999755859375,571.12451171875,3411400
2024-09-10,595.2100219726562,604.7999877929688,591.1500244140625,599.030029296875,575.8638305664062,2863500
2024-09-11,589.1400146484375,591.4000244140625,578.969970703125,589.75,566.9428100585938,3563600
2024-09-12,588.530029296875,590.510009765625,583.2100219726562,588.4199829101562,565.6641235351562,3395800
2024-09-13,591.0800170898438,597.6799926757812,587.22998046875,594.3200073242188,571.3359985351562,2241900
2024-09-16,595.0,598.7899780273438,587.760009765625,589.1400146484375,568.3646850585938,2548600
2024-09-17,586.010009765625,586.719970703125,576.3900146484375,577.9600219726562,557.5789184570312,3416000
2024-09-18,576.8599853515625,584.52001953125,572.3099975585938,580.6500244140625,560.1740112304688,2988300
2024-09-19,583.719970703125,584.8300170898438,574.5800170898438,577.0700073242188,556.72021484375,2945700
2024-09-20,571.7000122070312,578.8400268554688,569.6500244140625,575.0,554.7232055664062,5398700
2024-09-23,576.489990234375,579.4299926757812,572.0,573.4099731445312,553.189208984375,2386100
2024-09-24,570.8200073242188,577.3099975585938,566.0,575.1900024414062,554.906494140625,3188500
2024-09-25,577.8699951171875,581.1099853515625,573.0800170898438,576.3099975585938,555.987060546875,2658800
2024-09-26,575.0,576.5999755859375,570.9099731445312,574.8099975585938,554.5398559570312,2751900
2024-09-27,577.6799926757812,586.7100219726562,576.5900268554688,581.8499755859375,561.3316650390625,2986200
2024-09-30,583.5,586.4199829101562,578.739990234375,584.6799926757812,564.0618286132812,3009700
2024-10-01,585.0,588.7000122070312,580.77001953125,583.2999877929688,562.7305908203125,2648400
2024-10-02,604.260009765625,604.52001953125,584.25,592.3099975585938,571.4227905273438,3667000
2024-10-03,590.6099853515625,593.22998046875,584.3699951171875,592.75,571.8472900390625,2645800
2024-10-04,592.1300048828125,596.1300048828125,588.4400024414062,591.2000122070312,570.3519897460938,2462600
2024-10-07,588.7899780273438,592.4400024414062,583.3300170898438,583.5599975585938,562.9813842773438,2591100
2024-10-08,588.0599975585938,589.2100219726562,579.5599975585938,581.5800170898438,561.0711669921875,2231400
2024-10-09,582.1599731445312,592.7999877929688,580.6099853515625,591.219970703125,570.3712158203125,2207700
2024-10-10,595.1799926757812,598.9500122070312,592.760009765625,597.7000122070312,576.622802734375,2143200
2024-10-11,596.489990234375,601.52001953125,596.2000122070312,598.0499877929688,576.9603881835938,1909700
2024-10-14,599.1099853515625,608.6300048828125,597.3800048828125,605.4000244140625,584.0512084960938,2447100
2024-10-15,552.02001953125,569.7000122070312,543.0,556.2899780273438,536.6729736328125,11939400
2024-10-16,557.010009765625,576.1799926757812,555.1199951171875,571.3400268554688,551.1922607421875,5103900
2024-10-17,560.5800170898438,569.469970703125,558.719970703125,566.030029296875,546.0696411132812,5588700
2024-10-18,566.8499755859375,570.9500122070312,563.0399780273438,569.6099853515625,549.5233154296875,3687000
2024-10-21,569.6400146484375,579.280029296875,568.7000122070312,571.469970703125,551.3176879882812,3018000
2024-10-22,567.8499755859375,573.0399780273438,565.489990234375,569.8599853515625,549.764404296875,2593800
2024-10-23,572.1300048828125,574.1400146484375,560.0,564.6400146484375,544.7285766601562,2911900
2024-10-24,564.989990234375,571.7000122070312,560.3099975585938,560.8099975585938,541.0336303710938,2590200
2024-10-25,566.1599731445312,571.5,563.6099853515625,564.5599975585938,544.6513061523438,2513700
2024-10-28,566.25,568.3300170898438,562.8099975585938,565.239990234375,545.307373046875,1826500
2024-10-29,562.8200073242188,567.6799926757812,560.6599731445312,562.1300048828125,542.3070068359375,2600300
2024-10-30,561.25,570.3099975585938,560.9500122070312,562.9600219726562,543.10791015625,2323600
2024-10-31,560.8800048828125,568.4500122070312,560.8800048828125,564.5,544.5934448242188,2490000
2024-11-01,565.1199951171875,570.3300170898438,563.9000244140625,567.5599975585938,547.5455932617188,2548300
2024-11-04,566.739990234375,568.5900268554688,555.4199829101562,557.77001953125,538.100830078125,2656600
2024-11-05,558.280029296875,568.739990234375,554.4000244140625,567.030029296875,547.0342407226562,2608100
2024-11-06,603.9000244140625,605.5,590.8499755859375,596.6900024414062,575.6483154296875,6591300
2024-11-07,598.6900024414062,607.6400146484375,596.1500244140625,605.4500122070312,584.0994873046875,5254300
2024-11-08,609.0,619.7999877929688,605.2000122070312,615.8099975585938,594.0941162109375,3875800
2024-11-11,616.9000244140625,630.72998046875,613.9199829101562,625.25,603.2012329101562,3003200
2024-11-12,619.5800170898438,624.47998046875,613.780029296875,614.6699829101562,592.9942626953125,2809400
2024-11-13,613.0,613.010009765625,603.0599975585938,605.8699951171875,584.5045776367188,3409400
2024-11-14,603.47998046875,606.0,588.989990234375,593.1500244140625,572.2332153320312,3079200
2024-11-15,591.9199829101562,598.9299926757812,589.9500122070312,592.22998046875,571.3455810546875,3423900
2024-11-18,589.4400024414062,594.1400146484375,585.3200073242188,589.6500244140625,568.8565673828125,2577100
2024-11-19,582.719970703125,586.8400268554688,576.77001953125,577.0,556.6527099609375,3198300
2024-11-20,582.7100219726562,602.6400146484375,581.5499877929688,600.5,579.3240356445312,3928600
2024-11-21,600.0,604.0,596.72998046875,597.489990234375,576.4200439453125,2722900
2024-11-22,598.5599975585938,601.260009765625,588.6699829101562,590.8699951171875,570.0335693359375,3197900
2024-11-25,597.5800170898438,609.8400268554688,595.010009765625,605.8300170898438,584.466064453125,5146200
2024-11-26,608.239990234375,608.469970703125,598.8800048828125,606.7899780273438,585.3922119140625,2693600
2024-11-27,611.030029296875,617.4500122070312,606.7000122070312,608.3800048828125,586.9261474609375,2269800
2024-11-29,608.7999877929688,615.780029296875,606.6199951171875,610.2000122070312,588.6820068359375,2010800
2024-12-02,614.0,614.0,600.77001953125,608.52001953125,587.0612182617188,3364900
2024-12-03,610.8499755859375,615.75,604.8200073242188,605.22998046875,583.88720703125,2329900
2024-12-04,611.02001953125,622.8300170898438,606.969970703125,610.7899780273438,589.2510986328125,4147600
2024-12-05,605.6400146484375,608.989990234375,573.8900146484375,578.969970703125,558.5531616210938,5943700
2024-12-06,582.1099853515625,582.1099853515625,544.1400146484375,549.6199951171875,530.23828125,13003600
2024-12-09,552.0,562.97998046875,544.6400146484375,560.6199951171875,542.9247436523438,7684700
2024-12-10,562.0,567.75,557.030029296875,565.1900024414062,547.3504638671875,5360600
2024-12-11,555.6599731445312,558.0999755859375,532.6699829101562,533.530029296875,516.6898193359375,10363000
2024-12-12,531.530029296875,534.0,514.1900024414062,515.760009765625,499.480712890625,9403800
2024-12-13,515.6400146484375,527.530029296875,510.7200012207031,520.47998046875,504.0517272949219,8202900
2024-12-16,518.0,521.7000122070312,496.0799865722656,498.5,482.7655029296875,8880000
2024-12-17,487.0,495.6000061035156,475.82000732421875,485.5199890136719,470.1951599121094,14132700
2024-12-18,488.42999267578125,506.5400085449219,486.0,499.7200012207031,483.94696044921875,10147600
2024-12-19,500.1400146484375,503.6499938964844,486.239990234375,489.25,473.80743408203125,7418100
2024-12-20,489.2900085449219,502.6400146484375,488.7300109863281,500.1300048828125,484.3440856933594,10956900
2024-12-23,500.760009765625,508.7799987792969,499.04998779296875,506.3399963378906,490.3580627441406,4286000
2024-12-24,504.3999938964844,506.1000061035156,500.5899963378906,506.1000061035156,490.1255798339844,1824400
2024-12-26,505.6499938964844,512.219970703125,504.7300109863281,511.1499938964844,495.01617431640625,3387000
2024-12-27,509.4200134277344,513.1799926757812,507.79998779296875,509.989990234375,493.8927917480469,3471800
2024-12-30,506.8599853515625,509.7300109863281,500.6600036621094,507.79998779296875,491.77197265625,5408600
2024-12-31,509.3500061035156,511.0,503.3399963378906,505.8599853515625,489.8931884765625,4214000
2025-01-02,508.0,512.1099853515625,503.2900085449219,504.510009765625,488.5857849121094,4234900
2025-01-03,506.3500061035156,516.2899780273438,505.3800048828125,513.0,496.8077697753906,3019500
2025-01-06,513.0,520.2999877929688,509.82000732421875,513.6699829101562,497.4566650390625,4444800
2025-01-07,518.8499755859375,519.5,511.2200012207031,514.25,498.01837158203125,3914500
2025-01-08,514.5,524.6699829101562,509.510009765625,524.52001953125,507.9642028808594,4141700
2025-01-10,526.6400146484375,535.4500122070312,518.469970703125,520.6900024414062,504.25506591796875,5467500
2025-01-13,535.0399780273438,547.4000244140625,533.1400146484375,541.1400146484375,524.0595703125,6472500
2025-01-14,539.6500244140625,544.5499877929688,536.5499877929688,543.739990234375,526.5775146484375,3978300
2025-01-15,537.0999755859375,546.2899780273438,534.3300170898438,543.4199829101562,526.2676391601562,4103900
2025-01-16,530.3499755859375,539.8400268554688,510.0,510.5899963378906,494.4738464355469,9059900
2025-01-17,505.6199951171875,521.8200073242188,502.79998779296875,509.760009765625,493.67010498046875,7495700
2025-01-21,514.0499877929688,525.0,512.8200073242188,524.989990234375,508.41937255859375,5682100
2025-01-22,521.6599731445312,524.4400024414062,516.0,519.719970703125,503.315673828125,3756100
2025-01-23,527.8699951171875,531.47998046875,519.3200073242188,529.77001953125,513.0485229492188,4580800
2025-01-24,528.1099853515625,534.6300048828125,524.510009765625,532.510009765625,515.7020263671875,3671200
2025-01-27,539.97998046875,551.9099731445312,539.97998046875,543.52001953125,526.3645629882812,4263000
2025-01-28,543.010009765625,546.5,537.8400268554688,542.47998046875,525.3572998046875,3162700
2025-01-29,541.72998046875,543.47998046875,534.010009765625,538.0999755859375,521.1156005859375,2737600
2025-01-30,539.469970703125,547.1099853515625,535.0,545.5700073242188,528.349853515625,2924700
2025-01-31,543.239990234375,549.1599731445312,541.4099731445312,542.489990234375,525.3670043945312,4120500
2025-02-03,542.0,553.9099731445312,541.0700073242188,548.1799926757812,530.8773803710938,4083600
2025-02-04,545.2000122070312,548.8099975585938,541.510009765625,545.4500122070312,528.2335815429688,2869900
2025-02-05,530.72998046875,540.7000122070312,521.9099731445312,539.8099975585938,522.7716674804688,4621600
2025-02-06,537.8900146484375,539.0999755859375,525.27001953125,530.0399780273438,513.3098754882812,3926800
2025-02-07,529.2000122070312,532.3900146484375,525.3900146484375,527.030029296875,510.3950500488281,3349100
2025-02-10,527.6699829101562,534.1599731445312,523.3800048828125,533.3699951171875,516.5348510742188,3143100
2025-02-11,535.0,547.5399780273438,528.27001953125,533.9199829101562,517.0675048828125,2631900
2025-02-12,539.8499755859375,542.3499755859375,525.510009765625,527.4000244140625,510.7532958984375,3859200
2025-02-13,530.9000244140625,534.3300170898438,527.0999755859375,531.1799926757812,514.4139404296875,2835100
2025-02-14,529.0,533.2000122070312,522.9099731445312,523.510009765625,506.9861145019531,3705300
2025-02-18,510.94000244140625,516.0,497.0,500.7300109863281,484.9250793457031,8759300
2025-02-19,501.3299865722656,511.8599853515625,498.1499938964844,511.0400085449219,494.90966796875,4380300
2025-02-20,505.19000244140625,508.42999267578125,500.239990234375,502.4200134277344,486.561767578125,4144300
2025-02-21,439.54998779296875,469.70001220703125,438.5,466.4200134277344,451.6980895996094,19864900
2025-02-24,466.67999267578125,468.0,457.0,461.5199890136719,446.95269775390625,6919300
2025-02-25,460.7699890136719,470.760009765625,450.07000732421875,470.3800048828125,455.53302001953125,9101000
2025-02-26,464.6499938964844,473.04998779296875,458.20001220703125,463.5899963378906,448.9573669433594,5108400
2025-02-27,466.1700134277344,475.3999938964844,465.0199890136719,468.55999755859375,453.7704772949219,4216800
2025-02-28,467.0,476.3599853515625,464.4800109863281,474.9599914550781,459.9684753417969,6146300
2025-03-03,474.3699951171875,477.2699890136719,465.2099914550781,467.04998779296875,452.30816650390625,5700200
2025-03-04,469.75,479.2099914550781,466.4599914550781,474.6099853515625,459.6295471191406,5864100
2025-03-05,471.07000732421875,479.0799865722656,471.010009765625,475.9800109863281,460.956298828125,3637100
2025-03-06,476.0,488.1199951171875,472.0,487.7200012207031,472.32574462890625,4964000
2025-03-07,483.8299865722656,499.9200134277344,483.3699951171875,493.4800109863281,477.9039611816406,5434100
2025-03-10,492.2799987792969,497.8500061035156,477.7099914550781,480.2200012207031,467.04998779296875,5108900
2025-03-11,482.5,486.7699890136719,477.1400146484375,486.0400085449219,472.71038818359375,4101000
2025-03-12,483.1400146484375,487.6000061035156,478.82000732421875,481.1099853515625,467.9155578613281,3680800
2025-03-13,479.45001220703125,484.05999755859375,475.0,481.5199890136719,468.3143310546875,2876600
2025-03-14,481.0,489.45001220703125,478.239990234375,488.6499938964844,475.248779296875,3915900
2025-03-17,487.510009765625,500.6099853515625,485.95001220703125,499.0199890136719,485.3343811035156,5152300
2025-03-18,502.239990234375,505.9700012207031,497.82000732421875,503.79998779296875,489.9833068847656,3617600
2025-03-19,505.0400085449219,506.3500061035156,500.05999755859375,503.20001220703125,489.3997802734375,3317600
2025-03-20,505.25,514.3900146484375,503.510009765625,511.29998779296875,497.2776184082031,4965400
2025-03-21,511.67999267578125,519.0,505.0899963378906,516.8499755859375,502.6754150390625,10244900
2025-03-24,515.0800170898438,518.25,511.1199951171875,516.5,502.33502197265625,3840900
2025-03-25,518.280029296875,519.0,511.5299987792969,513.4299926757812,499.3492431640625,3015100
2025-03-26,515.2000122070312,522.9500122070312,512.8499755859375,518.2000122070312,503.9884033203125,3253800
2025-03-27,516.2899780273438,521.0800170898438,512.9500122070312,515.719970703125,501.5763854980469,2822200
2025-03-28,516.8699951171875,520.97998046875,515.0499877929688,516.0399780273438,501.8876037597656,2379100
2025-03-31,519.1799926757812,528.1199951171875,518.5900268554688,523.75,509.3861389160156,5238700
2025-04-01,525.739990234375,528.1699829101562,520.9500122070312,523.1199951171875,508.7734069824219,2962500
2025-04-02,522.9500122070312,525.0,516.7999877929688,523.2000122070312,508.8512878417969,2378900
2025-04-03,529.989990234375,548.5,529.2899780273438,540.4400024414062,525.6185302734375,6457900
2025-04-04,540.6400146484375,551.739990234375,524.8400268554688,525.0499877929688,510.6504821777344,9919000
2025-04-07,513.4000244140625,529.2000122070312,503.5899963378906,524.7000122070312,510.31011962890625,7356700
2025-04-08,582.1699829101562,585.010009765625,547.4600219726562,553.0800170898438,537.9118041992188,11762300
2025-04-09,560.1400146484375,589.4000244140625,554.4600219726562,578.5,562.6346435546875,12691900
2025-04-10,580.239990234375,601.8800048828125,580.0,594.4000244140625,578.0986328125,8646000
2025-04-11,588.9199829101562,606.3599853515625,586.530029296875,599.469970703125,583.029541015625,6121500
2025-04-14,595.0,595.6300048828125,579.2899780273438,587.0599975585938,570.9599609375,4839300
2025-04-15,592.239990234375,592.8599853515625,582.010009765625,583.5900268554688,567.5851440429688,3871300
2025-04-16,585.3200073242188,594.8099975585938,582.9600219726562,585.0399780273438,568.9953002929688,4192100
2025-04-17,481.95001220703125,489.7900085449219,447.1000061035156,454.1099853515625,441.65606689453125,29120200
2025-04-21,449.760009765625,453.5,424.80999755859375,425.3299865722656,413.6653137207031,13029900
2025-04-22,424.6400146484375,431.5,417.1199951171875,427.17999267578125,415.4645690917969,10156900
2025-04-23,427.07000732421875,438.8500061035156,423.75,427.9599914550781,416.22320556640625,8345700
2025-04-24,427.57000732421875,429.8999938964844,423.6499938964844,424.25,412.6149597167969,7629100
2025-04-25,423.55999755859375,423.55999755859375,412.0199890136719,418.6400146484375,407.1588439941406,9263800
2025-04-28,419.75,424.1199951171875,415.54998779296875,420.0,408.4815368652344,6614300
2025-04-29,421.19000244140625,421.75,409.1000061035156,409.2300109863281,398.00689697265625,9909100
2025-04-30,409.0299987792969,413.260009765625,401.0,411.44000244140625,400.1562805175781,9192800
2025-05-01,411.32000732421875,411.989990234375,399.8599853515625,400.67999267578125,389.69134521484375,9316800
2025-05-02,399.9599914550781,402.0,393.1099853515625,399.9200134277344,388.95220947265625,11392900
2025-05-05,399.1199951171875,409.70001220703125,397.5899963378906,404.80999755859375,393.7080993652344,8157200
2025-05-06,402.79998779296875,404.7200012207031,393.4200134277344,394.510009765625,383.6905822753906,7858600
2025-05-07,395.3500061035156,395.5199890136719,385.70001220703125,391.05999755859375,380.335205078125,8517200
2025-05-08,390.0,390.9200134277344,385.3699951171875,385.54998779296875,374.9762878417969,7218300
2025-05-09,385.6700134277344,386.54998779296875,378.5400085449219,380.6400146484375,370.20098876953125,8381100
2025-05-12,381.0,387.2099914550781,376.8399963378906,378.75,368.3627624511719,11004800
2025-05-13,335.739990234375,342.0,309.1000061035156,311.3800048828125,302.8404235839844,59478300
2025-05-14,321.45001220703125,322.94000244140625,307.1099853515625,308.010009765625,299.56280517578125,40029600
2025-05-15,274.8999938964844,276.6499938964844,248.8800048828125,274.3500061035156,266.8259582519531,121849200
2025-05-16,279.2900085449219,294.489990234375,269.1400146484375,291.9100036621094,283.9043884277344,71094300
2025-05-19,304.7699890136719,316.2900085449219,297.25,315.8900146484375,307.2267150878906,62524700
2025-05-20,320.9200134277344,324.6400146484375,312.5799865722656,321.5799865722656,312.7606506347656,41487000
2025-05-21,301.0,309.9599914550781,300.07000732421875,302.9800109863281,294.6708068847656,45506900
2025-05-22,293.8900146484375,305.6700134277344,292.5,296.6700134277344,288.5338439941406,27159600
2025-05-23,296.1000061035156,299.70001220703125,291.6400146484375,295.57000732421875,287.4640197753906,16873600
2025-05-27,299.5,299.95001220703125,289.1300048828125,295.0,286.9096374511719,20144600
2025-05-28,294.0,303.7799987792969,293.2799987792969,298.1099853515625,289.934326171875,16114200
2025-05-29,296.79998779296875,303.3800048828125,295.0,298.1700134277344,289.99273681640625,16221100
2025-05-30,297.9700012207031,305.6400146484375,295.8399963378906,301.9100036621094,293.630126953125,16309300
2025-06-02,303.1199951171875,313.54998779296875,300.9700012207031,304.7200012207031,296.3630676269531,19074400
2025-06-03,303.1000061035156,305.7200012207031,300.010009765625,301.2200012207031,292.9590759277344,12805700
2025-06-04,303.5400085449219,307.6400146484375,300.20001220703125,300.3800048828125,292.1421203613281,11255600
2025-06-05,300.3800048828125,302.4200134277344,294.1099853515625,295.8399963378906,287.72662353515625,13529000
2025-06-06,297.2300109863281,304.3900146484375,297.1499938964844,303.2200012207031,294.9042053222656,12589000
2025-06-09,305.0400085449219,307.3999938964844,301.1400146484375,303.19000244140625,294.87506103515625,12170300
2025-06-10,303.79998779296875,305.1199951171875,300.5899963378906,303.7900085449219,295.4585876464844,11384100
2025-06-11,302.67999267578125,311.5799865722656,302.2300109863281,310.55999755859375,302.0429382324219,14711400
2025-06-12,311.3999938964844,318.79998779296875,308.510009765625,318.5,309.76513671875,15957200
2025-06-13,315.8999938964844,317.4200134277344,311.9100036621094,313.5299987792969,304.93145751953125,13762400
2025-06-16,313.0,313.2699890136719,304.7900085449219,307.6600036621094,301.3465881347656,14240100
2025-06-17,307.45001220703125,309.95001220703125,305.5199890136719,308.8699951171875,302.53173828125,11593900
2025-06-18,307.54998779296875,311.7900085449219,306.2300109863281,307.20001220703125,300.8960266113281,12205600
2025-06-20,309.5,309.5899963378906,301.5899963378906,302.010009765625,295.8125305175781,16177900
2025-06-23,301.8999938964844,302.4700012207031,295.5199890136719,300.67999267578125,294.5097961425781,12274700
2025-06-24,301.45001220703125,305.82000732421875,299.3299865722656,305.6199951171875,299.3484191894531,8781400
2025-06-25,304.3800048828125,304.3800048828125,299.79998779296875,302.0199890136719,295.8222961425781,8722100
2025-06-26,302.57000732421875,306.7099914550781,301.2900085449219,302.6199951171875,296.40997314453125,6532700
2025-06-27,302.95001220703125,310.45001220703125,302.20001220703125,309.1099853515625,302.76678466796875,15304400
2025-06-30,309.0,312.3800048828125,306.3399963378906,311.9700012207031,305.568115234375,10074100
2025-07-01,311.9700012207031,326.54998779296875,311.0799865722656,326.1400146484375,319.4473571777344,17865500
2025-07-02,320.739990234375,322.4200134277344,306.42999267578125,307.55999755859375,301.2486267089844,18177200
2025-07-03,309.8399963378906,312.25,308.2300109863281,308.54998779296875,302.21832275390625,6161100
2025-07-07,308.0,308.6099853515625,301.20001220703125,303.7099914550781,297.4776306152344,9031200
2025-07-08,304.2300109863281,308.29998779296875,303.79998779296875,307.70001220703125,301.3857727050781,9613800
2025-07-09,303.19000244140625,303.6000061035156,298.75,302.9100036621094,296.69403076171875,12816700
2025-07-10,303.05999755859375,304.92999267578125,296.6000061035156,299.510009765625,293.36383056640625,11355600
2025-07-11,300.0199890136719,304.1199951171875,298.0,304.1000061035156,297.8596496582031,9808200
2025-07-14,301.6400146484375,304.0400085449219,299.0,300.5799865722656,294.41180419921875,10681400
2025-07-15,299.7099914550781,300.67999267578125,291.0299987792969,291.7099914550781,285.723876953125,16019000
2025-07-16,292.54998779296875,295.989990234375,290.75,292.489990234375,286.4878234863281,9714000
2025-07-17,292.3299865722656,293.0,283.8299865722656,288.07000732421875,282.1585693359375,14792700
2025-07-18,287.8900146484375,288.07000732421875,280.80999755859375,282.6499938964844,276.84979248046875,14979700
2025-07-21,284.6400146484375,286.5,281.20001220703125,282.1400146484375,276.35028076171875,10319200
2025-07-22,282.6300048828125,287.1099853515625,282.0,285.1300048828125,279.2789001464844,14600300
2025-07-23,287.5,292.6400146484375,284.95001220703125,292.510009765625,286.5074462890625,13111100
2025-07-24,283.1000061035156,289.2099914550781,278.2200012207031,278.5799865722656,272.8633117675781,22585200
2025-07-25,281.0,286.1400146484375,279.94000244140625,281.05999755859375,275.29241943359375,16486600
2025-07-28,283.5,285.0,279.69000244140625,282.1199951171875,276.3306579589844,15779400
2025-07-29,265.70001220703125,272.9100036621094,260.54998779296875,261.07000732421875,255.71263122558594,41706000
2025-07-30,264.79998779296875,266.6300048828125,258.1199951171875,266.0400085449219,260.5806579589844,22371800
2025-07-31,261.3999938964844,261.3999938964844,247.75,249.55999755859375,244.43881225585938,29606900
2025-08-01,250.61000061035156,251.49000549316406,234.60000610351562,237.77000427246094,232.89076232910156,39989200
2025-08-04,238.24000549316406,242.25,236.9499969482422,240.97999572753906,236.03489685058594,17427900
2025-08-05,241.16000366210938,252.07000732421875,240.0500030517578,251.0,245.84927368164062,23795900
2025-08-06,250.63999938964844,253.16000366210938,245.30999755859375,245.77999877929688,240.73638916015625,12946400
2025-08-07,246.4199981689453,248.75,239.5,244.6699981689453,239.649169921875,11369900
2025-08-08,244.7899932861328,251.0800018310547,244.3699951171875,250.88999938964844,245.7415313720703,10185700
2025-08-11,253.8699951171875,258.3999938964844,252.13999938964844,252.3699951171875,247.191162109375,11779500
2025-08-12,254.02000427246094,262.8800048828125,253.6699981689453,261.57000732421875,256.2023620605469,12171800
2025-08-13,264.3900146484375,272.19000244140625,262.8900146484375,271.80999755859375,266.23223876953125,19480300
2025-08-14,272.1000061035156,273.8500061035156,267.0,271.489990234375,265.9187927246094,25011100
2025-08-15,301.7099914550781,310.29998779296875,294.7099914550781,304.010009765625,297.771484375,68198500
2025-08-18,313.17999267578125,316.3999938964844,307.4200134277344,308.489990234375,302.1595458984375,39600500
2025-08-19,308.8999938964844,310.5,299.2099914550781,304.239990234375,297.9967346191406,22348600
2025-08-20,306.3999938964844,307.20001220703125,295.70001220703125,299.8399963378906,293.68701171875,16679000
2025-08-21,302.2900085449219,306.57000732421875,297.79998779296875,303.3500061035156,297.125,13359000
2025-08-22,306.1000061035156,310.67999267578125,304.5799865722656,307.4200134277344,301.1114807128906,14930000
2025-08-25,308.489990234375,308.8699951171875,302.7300109863281,304.8599853515625,298.6040344238281,8917100
2025-08-26,304.30999755859375,308.9599914550781,294.20001220703125,300.42999267578125,294.2649230957031,16303200
2025-08-27,300.5400085449219,305.9700012207031,300.5,303.8800048828125,297.6441345214844,9982800
2025-08-28,304.25,304.4700012207031,299.3999938964844,302.2900085449219,296.0867614746094,11235000
2025-08-29,302.29998779296875,310.0,300.9100036621094,309.8699951171875,303.5111999511719,12065400
2025-09-02,308.30999755859375,312.8900146484375,307.29998779296875,308.79998779296875,302.4631652832031,10957100
2025-09-03,308.1099853515625,309.5899963378906,303.70001220703125,307.8800048828125,301.5620422363281,9654600
2025-09-04,306.1000061035156,311.9100036621094,304.1000061035156,310.3800048828125,304.0107421875,7725700
2025-09-05,310.44000244140625,317.94000244140625,308.20001220703125,315.3900146484375,308.9179382324219,14126700
2025-09-08,319.7099914550781,321.6499938964844,313.79998779296875,320.25,313.6781921386719,18438600
2025-09-09,332.5,351.7099914550781,327.1600036621094,347.9200134277344,340.7804260253906,46408900
2025-09-10,345.55999755859375,348.57000732421875,341.3999938964844,346.7799987792969,339.6637878417969,17804300
2025-09-11,349.0,360.9800109863281,345.8399963378906,353.6099853515625,346.3536071777344,18943500
2025-09-12,355.8999938964844,362.30999755859375,352.4599914550781,352.510009765625,345.2762145996094,14016200
2025-09-15,351.260009765625,351.7099914550781,342.5299987792969,347.8900146484375,342.9007873535156,11035900
2025-09-16,347.5,349.0400085449219,338.32000732421875,339.7799987792969,334.9070739746094,12695800
2025-09-17,337.69000244140625,343.0,337.69000244140625,341.6099853515625,336.7108459472656,8467700
2025-09-18,343.5299987792969,344.92999267578125,334.1199951171875,334.82000732421875,330.0182189941406,11255600
2025-09-19,336.5,340.9599914550781,333.8399963378906,336.69000244140625,331.86138916015625,13656800
2025-09-22,334.4599914550781,342.4800109863281,332.6000061035156,341.29998779296875,336.4052734375,8903700
2025-09-23,341.0,352.70001220703125,339.9599914550781,347.69000244140625,342.7036437988281,12504100
2025-09-24,350.20001220703125,354.5,347.8399963378906,351.80999755859375,346.7645568847656,9016300
2025-09-25,348.8999938964844,350.19000244140625,343.6000061035156,345.55999755859375,340.60418701171875,8104900
2025-09-26,347.92999267578125,349.9700012207031,341.29998779296875,344.0799865722656,339.1453857421875,6774700
2025-09-29,343.9800109863281,345.54998779296875,341.45001220703125,345.17999267578125,340.2296142578125,6878900
2025-09-30,343.75,349.32000732421875,342.3299865722656,345.29998779296875,340.347900390625,7429700
2025-10-01,343.8999938964844,348.70001220703125,341.6300048828125,348.29998779296875,343.3049011230469,8825500
2025-10-02,347.2900085449219,355.0799865722656,344.6499938964844,353.7200012207031,348.6471862792969,8564200
2025-10-03,357.25,368.0,356.6099853515625,360.20001220703125,355.03424072265625,13494800
2025-10-06,361.0299987792969,362.5199890136719,357.1099853515625,358.7699890136719,353.6247253417969,7181700
2025-10-07,359.4100036621094,364.7200012207031,358.05999755859375,363.6600036621094,358.4446105957031,7236200
2025-10-08,366.92999267578125,374.6300048828125,365.79998779296875,369.9200134277344,364.6148376464844,9438300
2025-10-09,372.5199890136719,376.2200012207031,366.0799865722656,367.69000244140625,362.41680908203125,8759800
2025-10-10,369.3999938964844,369.3999938964844,352.510009765625,354.5,349.41595458984375,13141900
2025-10-13,354.739990234375,359.1600036621094,353.32000732421875,358.6600036621094,353.5163269042969,5659400
2025-10-14,354.95001220703125,362.3299865722656,353.3999938964844,359.92999267578125,354.7680969238281,5974800
2025-10-15,359.3900146484375,364.2200012207031,355.8500061035156,361.1499938964844,355.9705810546875,6579600
2025-10-16,361.8399963378906,362.0,354.3999938964844,356.6700134277344,351.55487060546875,5872100
2025-10-17,351.0,358.3900146484375,350.8299865722656,356.6000061035156,351.4858703613281,8608400
2025-10-20,358.5400085449219,365.57000732421875,357.510009765625,364.4800109863281,359.25286865234375,5996500
2025-10-21,365.1400146484375,371.04998779296875,361.5,365.3699951171875,360.1300964355469,6885300
2025-10-22,363.9599914550781,364.0,358.0,361.489990234375,356.3056945800781,7833000
2025-10-23,355.5799865722656,362.2799987792969,353.6400146484375,360.45001220703125,355.2806396484375,5756700
2025-10-24,361.3699951171875,365.4200134277344,360.0299987792969,362.5,357.3012390136719,5462100
2025-10-27,363.5,366.2200012207031,361.3999938964844,365.9800109863281,360.7313232421875,7766400
2025-10-28,380.67999267578125,381.0,358.6300048828125,367.8399963378906,362.5646667480469,18858700
2025-10-29,364.2799987792969,366.1499938964844,353.8800048828125,355.260009765625,350.1650695800781,11874900
2025-10-30,347.5199890136719,354.5400085449219,343.6000061035156,344.75,339.8058166503906,11441900
2025-10-31,344.3900146484375,346.2799987792969,337.1199951171875,341.55999755859375,336.6615295410156,8390800
2025-11-03,339.1300048828125,340.70001220703125,326.6000061035156,333.7900085449219,329.00299072265625,11181400
2025-11-04,327.6300048828125,336.5,327.20001220703125,330.8299865722656,326.0854187011719,9646600
2025-11-05,326.29998779296875,330.2099914550781,324.2200012207031,327.739990234375,323.03973388671875,9697100
2025-11-06,328.9200134277344,332.3699951171875,321.45001220703125,321.55999755859375,316.9483642578125,7922100
2025-11-07,319.6600036621094,324.54998779296875,314.1600036621094,324.2099914550781,319.56036376953125,9402900
2025-11-10,319.989990234375,324.25,317.1700134277344,321.5799865722656,316.96807861328125,9283800
2025-11-11,323.29998779296875,327.8599853515625,319.8800048828125,327.45001220703125,322.75390625,7157800
2025-11-12,328.45001220703125,343.1700134277344,327.0799865722656,339.05999755859375,334.1973876953125,10403300
2025-11-13,338.3500061035156,339.0299987792969,331.2900085449219,332.5199890136719,327.7511901855469,7788700
2025-11-14,326.95001220703125,328.2099914550781,320.489990234375,321.8599853515625,317.2440490722656,8676500
2025-11-17,320.6000061035156,327.8800048828125,319.42999267578125,320.5199890136719,315.92327880859375,6485400
2025-11-18,317.010009765625,317.5,308.7699890136719,313.5799865722656,309.0827941894531,9182100
2025-11-19,313.92999267578125,315.0,304.5299987792969,309.0899963378906,304.6571960449219,8181100
2025-11-20,310.80999755859375,314.75,310.0,311.5400085449219,307.07208251953125,7337600
2025-11-21,311.9100036621094,323.8399963378906,311.44000244140625,319.9700012207031,315.3811950683594,8406300
2025-11-24,324.5299987792969,325.8500061035156,317.6199951171875,319.04998779296875,314.4743957519531,10773800
2025-11-25,321.1199951171875,328.0,320.8999938964844,326.2799987792969,321.6006774902344,6149100
2025-11-26,326.5899963378906,335.19000244140625,325.8900146484375,329.7099914550781,324.98150634765625,5504200
2025-11-28,331.6700134277344,332.05999755859375,328.8900146484375,329.7699890136719,325.0406494140625,2464500
2025-12-01,327.1600036621094,330.05999755859375,323.0299987792969,323.2099914550781,318.57470703125,6154600
2025-12-02,323.3699951171875,328.70001220703125,322.79998779296875,324.5400085449219,319.8856506347656,7978100
2025-12-03,326.0,341.4100036621094,325.010009765625,339.7099914550781,334.83807373046875,9770000
2025-12-04,339.3999938964844,341.260009765625,328.7200012207031,333.489990234375,328.707275390625,8061600
2025-12-05,335.0,335.7099914550781,328.510009765625,330.9100036621094,326.164306640625,5906000
2025-12-08,328.70001220703125,329.1000061035156,322.8299865722656,323.6199951171875,321.12347412109375,4782800
2025-12-09,323.1600036621094,326.3599853515625,322.4800109863281,323.6000061035156,321.1036376953125,4628400
2025-12-10,322.75,328.7300109863281,319.6000061035156,328.3699951171875,325.83685302734375,5910500
2025-12-11,330.3699951171875,339.25,328.760009765625,336.7300109863281,334.1323547363281,7513200
2025-12-12,337.5,344.9800109863281,337.3699951171875,341.8399963378906,339.20294189453125,7979000
2025-12-15,340.989990234375,344.9599914550781,337.0,341.1000061035156,338.4686584472656,6447200
2025-12-16,340.4200134277344,340.989990234375,331.0299987792969,334.20001220703125,331.62188720703125,6334000
2025-12-17,333.6099853515625,335.5199890136719,330.4800109863281,331.6300048828125,329.07171630859375,4685600
2025-12-18,328.92999267578125,330.17999267578125,324.57000732421875,328.1400146484375,325.608642578125,6354900
2025-12-19,328.05999755859375,334.6000061035156,326.07000732421875,327.4200134277344,324.8941955566406,10553000
2025-12-22,322.8999938964844,329.79998779296875,321.6499938964844,325.1600036621094,322.651611328125,7872400
2025-12-23,324.0,327.79998779296875,323.760009765625,324.79998779296875,322.29437255859375,4463300
2025-12-24,325.20001220703125,328.989990234375,324.1300048828125,327.5799865722656,325.05291748046875,2842700
2025-12-26,327.20001220703125,331.8900146484375,326.260009765625,331.8299865722656,329.2701416015625,4359300
2025-12-29,330.8900146484375,334.25,328.2799987792969,328.94000244140625,326.4024353027344,4346800
2025-12-30,329.7300109863281,336.1499938964844,329.510009765625,332.1600036621094,329.5976257324219,4432500
2025-12-31,332.32000732421875,333.3299865722656,329.8800048828125,330.1099853515625,327.56341552734375,4285200
2026-01-02,330.8999938964844,340.260009765625,327.5,336.3999938964844,333.8049011230469,6863600
2026-01-05,335.45001220703125,346.94000244140625,333.8500061035156,342.0199890136719,339.38153076171875,7956600
2026-01-06,348.3500061035156,352.6099853515625,345.1199951171875,348.9700012207031,346.2779235839844,9441900
2026-01-07,348.9800109863281,350.1099853515625,338.0400085449219,341.70001220703125,339.06402587890625,7461400
2026-01-08,341.010009765625,347.8999938964844,340.79998779296875,346.8500061035156,344.1742858886719,5059300
2026-01-09,347.25,349.05999755859375,342.4800109863281,343.9800109863281,341.3264465332031,4129100
2026-01-12,341.4200134277344,342.6499938964844,333.94000244140625,340.510009765625,337.8832092285156,7146400
2026-01-13,341.5,341.8399963378906,332.8500061035156,333.92999267578125,331.35394287109375,5605900
2026-01-14,335.3699951171875,340.1099853515625,334.1000061035156,334.9599914550781,332.3760070800781,5740900
2026-01-15,335.20001220703125,339.45001220703125,328.05999755859375,338.9599914550781,336.34515380859375,6943500
2026-01-16,334.8599853515625,336.20001220703125,330.42999267578125,331.0199890136719,328.4664001464844,8039100
2026-01-20,327.3999938964844,339.8900146484375,326.5,338.42999267578125,335.8192443847656,7596500
2026-01-21,339.42999267578125,348.0799865722656,338.69000244140625,347.75,345.0673522949219,8933300
2026-01-22,347.17999267578125,354.95001220703125,346.7699890136719,354.4700012207031,351.7355041503906,7491400
2026-01-23,354.2799987792969,357.8699951171875,352.989990234375,356.260009765625,353.5116882324219,9082200
2026-01-26,353.95001220703125,354.7900085449219,347.2699890136719,351.6400146484375,348.9273376464844,10399500
2026-01-27,293.9700012207031,299.5,280.3999938964844,282.70001220703125,280.5191650390625,65836900
2026-01-28,283.7200012207031,294.94000244140625,283.7200012207031,294.0199890136719,291.7518310546875,23396900
2026-01-29,294.3299865722656,295.6000061035156,289.2200012207031,292.2900085449219,290.0351867675781,13456400
2026-01-30,292.1000061035156,292.95001220703125,284.70001220703125,286.92999267578125,284.7165222167969,12022200
2026-02-02,286.0199890136719,290.3999938964844,282.2799987792969,285.5899963378906,283.3868713378906,8664200
2026-02-03,284.70001220703125,288.0899963378906,278.6000061035156,284.17999267578125,281.98773193359375,10809100
2026-02-04,282.010009765625,284.5,274.04998779296875,275.9200134277344,273.7914733886719,12944100
2026-02-05,274.2900085449219,276.8900146484375,266.2900085449219,268.54998779296875,266.4783020019531,13035300
2026-02-06,267.05999755859375,277.80999755859375,266.4100036621094,276.6499938964844,274.5158386230469,9572800
2026-02-09,274.1499938964844,280.17999267578125,273.32000732421875,275.70001220703125,273.57318115234375,10371600
2026-02-10,277.5199890136719,279.489990234375,272.6499938964844,273.2200012207031,271.1123046875,7284700
2026-02-11,272.44000244140625,279.69000244140625,269.79998779296875,278.9100036621094,276.7583923339844,6333100
2026-02-12,278.1600036621094,286.30999755859375,275.80999755859375,284.3699951171875,282.17626953125,12336900
2026-02-13,285.6300048828125,293.4599914550781,284.510009765625,293.19000244140625,290.92822265625,10281900
2026-02-17,294.0,294.2300109863281,288.3399963378906,289.0899963378906,286.85986328125,6091700
2026-02-18,290.0,290.1300048828125,286.2900085449219,288.20001220703125,285.97674560546875,6632000
2026-02-19,290.8900146484375,290.8900146484375,286.8900146484375,289.92999267578125,287.6933898925781,4931800
2026-02-20,288.8999938964844,290.79998779296875,285.54998779296875,290.0,287.7628479003906,6974100
2026-02-23,288.54998779296875,291.7699890136719,281.6700134277344,282.3399963378906,280.16192626953125,7247500
2026-02-24,282.20001220703125,282.3999938964844,271.79998779296875,273.95001220703125,271.836669921875,9684500
2026-02-25,277.2900085449219,284.739990234375,276.8699951171875,284.20001220703125,282.0075988769531,11380600
2026-02-26,286.9800109863281,295.260009765625,285.2300109863281,286.6600036621094,284.4486083984375,10210000
2026-02-27,284.70001220703125,294.1300048828125,283.8500061035156,293.2699890136719,291.0075988769531,9723300
2026-03-02,288.1600036621094,295.30999755859375,287.5,294.92999267578125,292.6548156738281,8141400
2026-03-03,288.989990234375,293.739990234375,284.3599853515625,289.2099914550781,286.97894287109375,7051100
2026-03-04,289.010009765625,294.3399963378906,287.67999267578125,291.9599914550781,289.70770263671875,7796000
2026-03-05,290.04998779296875,291.3900146484375,286.739990234375,288.7699890136719,286.5423278808594,5397900
2026-03-06,287.3399963378906,291.3299865722656,283.04998779296875,286.4800109863281,284.27001953125,6816900
2026-03-09,282.0,285.20001220703125,278.6600036621094,285.1700134277344,285.1700134277344,10348800
2026-03-10,287.3800048828125,287.5799865722656,278.8999938964844,282.3399963378906,282.3399963378906,6075600
2026-03-11,282.3800048828125,286.2200012207031,280.6000061035156,285.25,285.25,6878800
2026-03-12,284.7799987792969,287.55999755859375,276.2900085449219,277.04998779296875,277.04998779296875,10512300
2026-03-13,278.05999755859375,282.8800048828125,277.80999755859375,282.0899963378906,282.0899963378906,4737600
2026-03-16,283.9800109863281,287.3999938964844,281.0400085449219,285.489990234375,285.489990234375,4854000
2026-03-17,287.79998779296875,288.989990234375,284.8399963378906,287.57000732421875,287.57000732421875,5752000
2026-03-18,285.20001220703125,288.3999938964844,283.07000732421875,284.3299865722656,284.3299865722656,4544100
2026-03-19,284.0,287.54998779296875,280.07000732421875,280.44000244140625,280.44000244140625,5542100
2026-03-20,278.989990234375,283.1000061035156,275.0,275.5899963378906,275.5899963378906,38893000
2026-03-23,279.1400146484375,280.75,269.0899963378906,269.5400085449219,269.5400085449219,10424200
2026-03-24,268.8699951171875,273.3800048828125,267.5899963378906,272.2799987792969,272.2799987792969,5911700
2026-03-25,275.0,276.0799865722656,267.1099853515625,270.54998779296875,270.54998779296875,8121200
2026-03-26,269.989990234375,274.6400146484375,267.17999267578125,268.04998779296875,268.04998779296875,6218800
2026-03-27,267.5,267.6700134277344,255.97000122070312,259.0199890136719,259.0199890136719,10735300
2026-03-30,260.17999267578125,262.3299865722656,256.6700134277344,261.7900085449219,261.7900085449219,7774700
2026-03-31,263.0,271.8800048828125,262.6099853515625,270.5899963378906,270.5899963378906,9170800
2026-04-01,274.2099914550781,275.29998779296875,270.760009765625,273.9800109863281,273.9800109863281,5473400
2026-04-02,272.2900085449219,279.0400085449219,271.5299987792969,277.260009765625,277.260009765625,6407000
2026-04-06,277.8800048828125,283.29998779296875,277.25,281.3599853515625,281.3599853515625,7097000
2026-04-07,308.8500061035156,312.42999267578125,300.75,307.7300109863281,307.7300109863281,22099800
2026-04-08,312.0,312.9700012207031,304.8299865722656,305.9800109863281,305.9800109863281,9645000
2026-04-09,305.82000732421875,307.8900146484375,304.1400146484375,306.9100036621094,306.9100036621094,5742000
2026-04-10,307.95001220703125,310.3699951171875,304.20001220703125,304.3299865722656,304.3299865722656,5212900
2026-04-13,303.25,313.32000732421875,302.9200134277344,313.0,313.0,7972200
2026-04-14,312.510009765625,319.6199951171875,312.510009765625,314.19000244140625,314.19000244140625,5864500
2026-04-15,316.0,317.760009765625,311.1499938964844,314.04998779296875,314.04998779296875,5041200
2026-04-16,315.0,318.6099853515625,313.1099853515625,316.3999938964844,316.3999938964844,5205600
2026-04-17,320.04998779296875,325.2699890136719,317.1400146484375,324.6300048828125,324.6300048828125,9414700
2026-04-20,324.19000244140625,325.3999938964844,320.1199951171875,323.4800109863281,323.4800109863281,9050600
2026-04-21,353.010009765625,357.67999267578125,345.2300109863281,346.010009765625,346.010009765625,26097300
2026-04-22,350.8800048828125,358.55999755859375,349.1000061035156,353.5199890136719,353.5199890136719,11807300
2026-04-23,354.67999267578125,356.8500061035156,350.5,354.55999755859375,354.55999755859375,7255800
2026-04-24,356.489990234375,358.2799987792969,351.3900146484375,354.9200134277344,354.9200134277344,8554600
2026-04-27,353.9100036621094,356.489990234375,348.95001220703125,354.69000244140625,354.69000244140625,7256100
2026-04-28,356.8399963378906,369.6300048828125,355.7200012207031,366.7699890136719,366.7699890136719,10604100
2026-04-29,366.0,370.8399963378906,365.010009765625,370.739990234375,370.739990234375,9046600
2026-04-30,368.510009765625,371.989990234375,363.0,370.4800109863281,370.4800109863281,6879900
2026-05-01,371.9599914550781,372.8999938964844,367.0199890136719,368.7799987792969,368.7799987792969,4945400
2026-05-04,368.54998779296875,370.8299865722656,364.6499938964844,370.75,370.75,4916900
2026-05-05,370.4800109863281,371.79998779296875,361.80999755859375,363.8699951171875,363.8699951171875,6489000
2026-05-06,363.1000061035156,368.54998779296875,358.25,367.2799987792969,367.2799987792969,6695500
2026-05-07,366.6400146484375,369.80999755859375,364.7200012207031,369.739990234375,369.739990234375,5235400
2026-05-08,371.989990234375,379.9800109863281,371.989990234375,379.9800109863281,379.9800109863281,6455100
2026-05-11,380.45001220703125,384.80999755859375,376.07000732421875,384.44000244140625,384.44000244140625,6949600
2026-05-12,382.8500061035156,397.4200134277344,382.010009765625,396.3900146484375,396.3900146484375,9236300
2026-05-13,396.5,404.1499938964844,393.0,401.1600036621094,401.1600036621094,8454100
2026-05-14,401.0,401.8999938964844,396.0,399.0899963378906,399.0899963378906,5342500
2026-05-15,394.29998779296875,397.6300048828125,390.25,393.8500061035156,393.8500061035156,9811200
2026-05-18,390.0,392.1400146484375,383.5,391.1300048828125,391.1300048828125,8400700
2026-05-19,390.0,394.989990234375,387.510009765625,389.239990234375,389.239990234375,5016800
2026-05-20,389.54998779296875,393.3800048828125,380.70001220703125,383.29998779296875,383.29998779296875,7783900
2026-05-21,381.1199951171875,386.1099853515625,380.5400085449219,382.4800109863281,382.4800109863281,4732500
2026-05-22,381.9200134277344,390.5400085449219,381.010009765625,388.4700012207031,388.4700012207031,5598600
