Date,Open,High,Low,Close,Adj Close,Volume
2018-06-04,82.05000305175781,82.52999877929688,80.80999755859375,80.97000122070312,56.54119110107422,10954700.0
2018-06-05,80.58999633789062,81.6500015258789,80.41000366210938,80.68000030517578,56.338687896728516,12059300.0
2018-06-06,81.4800033569336,82.08999633789062,80.87000274658203,82.05999755859375,57.30234909057617,11603300.0
2018-06-07,82.7300033569336,83.29000091552734,82.55999755859375,82.87999725341797,57.874942779541016,13502500.0
2018-06-08,83.11000061035156,83.66000366210938,82.5,83.5999984741211,58.37771224975586,14350400.0
2018-06-11,83.72000122070312,83.79000091552734,82.93000030517578,83.0999984741211,58.02854919433594,10831600.0
2018-06-12,83.11000061035156,83.75,82.31999969482422,82.41999816894531,57.55371856689453,12351800.0
2018-06-13,82.44000244140625,82.5999984741211,81.47000122070312,81.51000213623047,56.918277740478516,12049300.0
2018-06-14,81.94000244140625,82.30000305175781,81.5,81.88999938964844,57.18362045288086,11477300.0
2018-06-15,81.72000122070312,81.81999969482422,80.51000213623047,80.66000366210938,56.32470703125,23797500.0
2018-06-18,80.4000015258789,81.37999725341797,80.30000305175781,80.81999969482422,56.43645095825195,9192600.0
2018-06-19,79.88999938964844,80.95999908447266,79.70999908447266,80.69999694824219,56.35265350341797,8759700.0
2018-06-20,80.8499984741211,81.12999725341797,80.2699966430664,80.44999694824219,56.17807388305664,8917700.0
2018-06-21,80.0199966430664,80.37999725341797,79.33000183105469,79.69000244140625,55.647369384765625,10990700.0
2018-06-22,81.16000366210938,81.94000244140625,80.91999816894531,81.37999725341797,56.82749557495117,16012200.0
2018-06-25,80.77999877929688,81.23999786376953,79.30000305175781,79.73999786376953,55.68227005004883,10557200.0
2018-06-26,80.1500015258789,81.01000213623047,79.97000122070312,80.63999938964844,56.31074523925781,10382800.0
2018-06-27,81.05999755859375,82.4800033569336,81.05999755859375,81.70999908447266,57.05793762207031,12725900.0
2018-06-28,81.7300033569336,82.06999969482422,81.02999877929688,81.97000122070312,57.23948287963867,9390700.0
2018-06-29,82.44999694824219,83.54000091552734,82.29000091552734,82.7300033569336,57.77019119262695,17323200.0
2018-07-02,81.88999938964844,82.12999725341797,81.31999969482422,81.76000213623047,57.09284973144531,9998300.0
2018-07-03,82.58000183105469,83.44999694824219,82.08000183105469,82.23999786376953,57.42802047729492,7197300.0
2018-07-04,82.58000183105469,83.44999694824219,82.08000183105469,82.23999786376953,57.42802047729492,7197300.0
2018-07-05,82.58999633789062,82.7699966430664,82.05000305175781,82.30999755859375,57.476905822753906,9035700.0
2018-07-06,81.95999908447266,82.69999694824219,81.66000366210938,82.33000183105469,57.49087142944336,7637100.0
2018-07-09,82.80999755859375,83.12999725341797,82.55999755859375,82.9000015258789,57.88888931274414,7158600.0
2018-07-10,83.69999694824219,84.12000274658203,83.51000213623047,83.66000366210938,58.41962432861328,8806200.0
2018-07-11,83.02999877929688,83.52999877929688,82.02999877929688,82.58999633789062,57.67243194580078,10405300.0
2018-07-12,83.01000213623047,83.23999786376953,82.30999755859375,82.69000244140625,57.74225616455078,9762200.0
2018-07-13,82.68000030517578,83.75,82.55999755859375,83.30999755859375,58.17520523071289,8720000.0
2018-07-16,82.5199966430664,82.79000091552734,82.0,82.48999786376953,57.60260772705078,8306900.0
2018-07-17,82.26000213623047,82.75,82.04000091552734,82.30999755859375,57.476905822753906,7373300.0
2018-07-18,81.80000305175781,82.31999969482422,81.48999786376953,82.22000122070312,57.414066314697266,8711900.0
2018-07-19,82.19999694824219,82.62000274658203,81.72000122070312,82.01000213623047,57.267425537109375,8659100.0
2018-07-20,81.72000122070312,81.93000030517578,81.25,81.4000015258789,56.84144973754883,9196300.0
2018-07-23,81.94999694824219,82.0,81.18000030517578,81.4000015258789,56.84144973754883,8425900.0
2018-07-24,81.5199966430664,83.0199966430664,81.4800033569336,83.01000213623047,57.965721130371094,11121000.0
2018-07-25,83.01000213623047,83.73999786376953,82.51000213623047,83.58999633789062,58.37073516845703,9523600.0
2018-07-26,83.83000183105469,84.4000015258789,83.37000274658203,84.23999786376953,58.82463073730469,13210100.0
2018-07-27,80.97000122070312,82.37999725341797,80.80999755859375,81.91999816894531,57.20457077026367,18220800.0
2018-07-30,82.12999725341797,82.12999725341797,80.70999908447266,81.73999786376953,57.078887939453125,11282800.0
2018-07-31,81.63999938964844,82.1500015258789,81.44000244140625,81.51000213623047,56.918277740478516,11716800.0
2018-08-01,80.88999938964844,80.93000030517578,80.22000122070312,80.38999938964844,56.13618087768555,8936300.0
2018-08-02,79.88999938964844,80.26000213623047,79.44999694824219,79.91000366210938,55.800987243652344,8364300.0
2018-08-03,79.97000122070312,80.30000305175781,79.62999725341797,80.19999694824219,56.00349807739258,7811100.0
2018-08-06,80.25,80.43000030517578,79.73999786376953,80.18000030517578,55.989540100097656,10041800.0
2018-08-07,80.91000366210938,81.58999633789062,80.30999755859375,81.2699966430664,56.750675201416016,10698100.0
2018-08-08,81.0199966430664,81.2300033569336,80.3499984741211,80.7300033569336,56.37361145019531,7275000.0
2018-08-09,80.7300033569336,80.91000366210938,80.11000061035156,80.31999969482422,56.0872917175293,9828500.0
2018-08-10,79.51000213623047,79.5199966430664,78.86000061035156,79.41999816894531,56.03084945678711,12954300.0
2018-08-13,79.44999694824219,79.75,78.43000030517578,78.55999755859375,55.42411804199219,10308500.0
2018-08-14,78.98999786376953,79.06999969482422,78.08000183105469,78.30999755859375,55.24773406982422,8005900.0
2018-08-15,77.77999877929688,77.9000015258789,76.51000213623047,76.94000244140625,54.28121566772461,16307800.0
2018-08-16,77.27999877929688,78.0999984741211,77.19999694824219,78.0,55.02904510498047,11519900.0
2018-08-17,78.33999633789062,78.48999786376953,77.80000305175781,78.26000213623047,55.21247482299805,10178400.0
2018-08-20,78.26000213623047,79.0,78.16999816894531,78.80999755859375,55.60050582885742,8152100.0
2018-08-21,79.05000305175781,79.58000183105469,78.66999816894531,78.83000183105469,55.61460494995117,9192200.0
2018-08-22,79.11000061035156,80.05000305175781,79.0199966430664,79.95999908447266,56.41183090209961,10098200.0
2018-08-23,79.55999755859375,79.62999725341797,78.9000015258789,79.08000183105469,55.790985107421875,7203900.0
2018-08-24,79.5199966430664,80.05000305175781,79.41999816894531,79.62000274658203,56.17195510864258,6545200.0
2018-08-27,79.91000366210938,80.47000122070312,79.86000061035156,80.4000015258789,56.72223663330078,6671900.0
2018-08-28,80.58000183105469,80.81999969482422,80.19999694824219,80.27999877929688,56.637577056884766,8823400.0
2018-08-29,80.44000244140625,81.04000091552734,80.0999984741211,80.86000061035156,57.04677200317383,8004800.0
2018-08-30,80.44999694824219,80.77999877929688,80.12000274658203,80.51000213623047,56.799861907958984,7450900.0
2018-08-31,80.23999786376953,80.45999908447266,79.7699966430664,80.16999816894531,56.55997085571289,10700000.0
2018-09-03,80.23999786376953,80.45999908447266,79.7699966430664,80.16999816894531,56.55997085571289,10700000.0
2018-09-04,80.41000366210938,80.69000244140625,79.80999755859375,80.29000091552734,56.64462661743164,8855000.0
2018-09-05,79.9000015258789,81.43000030517578,79.5999984741211,81.36000061035156,57.399539947509766,13878400.0
2018-09-06,81.11000061035156,81.63999938964844,80.33999633789062,80.45999908447266,56.76456832885742,13320600.0
2018-09-07,80.1500015258789,81.93000030517578,79.81999969482422,81.83000183105469,57.731109619140625,16417800.0
2018-09-10,82.23999786376953,82.73999786376953,81.66000366210938,81.70999908447266,57.646461486816406,10817900.0
2018-09-11,81.95999908447266,83.19000244140625,81.62999725341797,82.86000061035156,58.457786560058594,11891900.0
2018-09-12,83.25,83.77999877929688,82.87000274658203,83.12999725341797,58.64826583862305,11556300.0
2018-09-13,83.1500015258789,83.25,82.01000213623047,82.31999969482422,58.07680130004883,11162700.0
2018-09-14,82.41999816894531,83.1500015258789,82.2699966430664,82.91999816894531,58.500099182128906,9442600.0
2018-09-17,83.0,83.61000061035156,82.98999786376953,83.41000366210938,58.84580612182617,8403300.0
2018-09-18,83.9000015258789,84.12999725341797,83.44999694824219,83.62999725341797,59.000999450683594,9219900.0
2018-09-19,83.63999938964844,84.7699966430664,83.63999938964844,84.62999725341797,59.706512451171875,10413600.0
2018-09-20,84.86000061035156,85.33999633789062,84.54000091552734,84.81999969482422,59.84054946899414,11198200.0
2018-09-21,85.01000213623047,85.43000030517578,84.5199966430664,85.16999816894531,60.08747863769531,26639400.0
2018-09-24,85.79000091552734,87.08999633789062,85.72000122070312,86.5999984741211,61.096343994140625,13549500.0
2018-09-25,87.02999877929688,87.36000061035156,86.37000274658203,86.5,61.02579879760742,12200700.0
2018-09-26,86.0199966430664,86.5,85.69000244140625,85.77999877929688,60.5178337097168,10275500.0
2018-09-27,86.08999633789062,86.37999725341797,85.58999633789062,85.7699966430664,60.510772705078125,7895400.0
2018-09-28,85.25,85.93000030517578,84.98999786376953,85.0199966430664,59.98166275024414,9884900.0
2018-10-01,85.3499984741211,86.02999877929688,85.26000213623047,85.80999755859375,60.53900146484375,8566900.0
2018-10-02,85.80000305175781,86.66999816894531,85.62000274658203,86.45999908447266,60.99756622314453,8453100.0
2018-10-03,86.51000213623047,86.88999938964844,85.9800033569336,86.1500015258789,60.778873443603516,10206700.0
2018-10-04,85.5,86.08000183105469,85.25,85.58000183105469,60.37671661376953,10204600.0
2018-10-05,85.30999755859375,85.69999694824219,84.93000030517578,85.33999633789062,60.20741653442383,9217400.0
2018-10-08,84.79000091552734,86.30999755859375,84.6500015258789,86.12999725341797,60.76473617553711,13242400.0
2018-10-09,86.37999725341797,86.87999725341797,85.73999786376953,86.51000213623047,61.03285598754883,10177900.0
2018-10-10,86.7300033569336,86.81999969482422,84.5,84.5199966430664,59.62889862060547,16573400.0
2018-10-11,83.94000244140625,84.16999816894531,81.16999816894531,81.5999984741211,57.568851470947266,20320100.0
2018-10-12,82.12999725341797,82.23999786376953,80.2699966430664,81.37999725341797,57.41364669799805,15216300.0
2018-10-15,81.37999725341797,81.73999786376953,80.81999969482422,80.81999969482422,57.0185546875,10558800.0
2018-10-16,80.51000213623047,81.2699966430664,80.01000213623047,81.19999694824219,57.28663635253906,9781800.0
2018-10-17,80.94000244140625,81.5199966430664,80.33999633789062,81.5,57.498294830322266,12247700.0
2018-10-18,81.19999694824219,82.47000122070312,81.19999694824219,81.8499984741211,57.74520492553711,17448600.0
2018-10-19,81.66000366210938,82.45999908447266,81.51000213623047,81.97000122070312,57.82987976074219,12098700.0
2018-10-22,82.0,82.18000030517578,80.63999938964844,81.1500015258789,57.251380920410156,9474100.0
2018-10-23,80.05999755859375,80.45999908447266,78.72000122070312,79.83999633789062,56.32715606689453,15465100.0
2018-10-24,80.12999725341797,80.26000213623047,77.55000305175781,77.62000274658203,54.76095962524414,16085700.0
2018-10-25,78.48999786376953,79.05000305175781,77.73999786376953,78.30999755859375,55.24773406982422,12315500.0
2018-10-26,77.87000274658203,78.41000366210938,76.95999908447266,77.52999877929688,54.69744110107422,18160100.0
2018-10-29,78.06999969482422,78.43000030517578,76.22000122070312,77.05000305175781,54.358829498291016,15707000.0
2018-10-30,77.62000274658203,79.02999877929688,77.41999816894531,78.77999877929688,55.57933044433594,17758200.0
2018-10-31,79.33999633789062,80.3499984741211,78.9000015258789,79.68000030517578,56.21428680419922,16629100.0
2018-11-01,79.83000183105469,80.75,79.30000305175781,80.66999816894531,56.91272735595703,14159300.0
2018-11-02,81.76000213623047,82.44999694824219,80.2300033569336,81.94999694824219,57.815773010253906,19350400.0
2018-11-05,82.5,82.87000274658203,81.44000244140625,81.63999938964844,57.59707260131836,15815000.0
2018-11-06,81.73999786376953,82.0999984741211,81.3499984741211,81.98999786376953,57.84398651123047,9063200.0
2018-11-07,82.20999908447266,83.13999938964844,81.66000366210938,83.02999877929688,58.577720642089844,12699800.0
2018-11-08,83.12999725341797,83.75,81.54000091552734,81.70999908447266,57.646461486816406,16865500.0
2018-11-09,80.26000213623047,81.4000015258789,79.69000244140625,80.87000274658203,57.63219451904297,15070100.0
2018-11-12,81.66000366210938,81.7300033569336,79.7300033569336,79.83000183105469,56.89102554321289,11906600.0
2018-11-13,79.80000305175781,79.8499984741211,77.63999938964844,78.0,55.586891174316406,15530200.0
2018-11-14,78.86000061035156,79.08999633789062,76.75,77.38999938964844,55.15217208862305,18552100.0
2018-11-15,76.66999816894531,78.19000244140625,75.91000366210938,78.19000244140625,55.7222900390625,18976000.0
2018-11-16,78.37000274658203,79.19000244140625,78.0999984741211,78.95999908447266,56.27104187011719,13704900.0
2018-11-19,78.45999908447266,79.36000061035156,78.43000030517578,79.22000122070312,56.45631408691406,9430800.0
2018-11-20,78.41999816894531,78.9000015258789,76.37000274658203,76.97000122070312,54.85285568237305,15533700.0
2018-11-21,77.43000030517578,78.37999725341797,77.26000213623047,77.55999755859375,55.273311614990234,9685300.0
2018-11-22,77.43000030517578,78.37999725341797,77.26000213623047,77.55999755859375,55.273311614990234,9685300.0
2018-11-23,76.05000305175781,76.19999694824219,74.69999694824219,75.48999786376953,53.798118591308594,10875400.0
2018-11-26,76.23999786376953,77.31999969482422,76.12000274658203,76.9800033569336,54.859981536865234,13741100.0
2018-11-27,76.56999969482422,77.44999694824219,76.4000015258789,77.05000305175781,54.909881591796875,10344500.0
2018-11-28,77.04000091552734,78.44999694824219,76.83999633789062,78.44999694824219,55.90757369995117,11482100.0
2018-11-29,78.22000122070312,79.52999877929688,78.19000244140625,79.05999755859375,56.34229278564453,10255200.0
2018-11-30,78.44999694824219,79.5999984741211,78.31999969482422,79.5,56.65586471557617,14040100.0
2018-12-03,80.23999786376953,81.45999908447266,80.13999938964844,81.22000122070312,57.881629943847656,19415100.0
2018-12-04,81.37999725341797,81.94999694824219,79.3499984741211,79.43000030517578,56.6059684753418,18540700.0
2018-12-05,81.37999725341797,81.94999694824219,79.3499984741211,79.43000030517578,56.6059684753418,18540700.0
2018-12-06,78.0,78.44000244140625,76.91999816894531,78.38999938964844,55.86481857299805,23218100.0
2018-12-07,79.38999938964844,80.36000061035156,77.33000183105469,77.63999938964844,55.33033752441406,16224700.0
2018-12-10,77.86000061035156,77.86000061035156,74.80000305175781,76.54000091552734,54.54640197753906,17946200.0
2018-12-11,77.69999694824219,77.80000305175781,75.68000030517578,76.68000030517578,54.64618682861328,15742400.0
2018-12-12,78.04000091552734,78.19999694824219,76.0199966430664,76.0199966430664,54.175838470458984,14559800.0
2018-12-13,76.02999877929688,77.22000122070312,75.94999694824219,76.9800033569336,54.859981536865234,13749700.0
2018-12-14,76.72000122070312,76.87000274658203,75.08999633789062,75.58000183105469,53.86225509643555,12669300.0
2018-12-17,75.26000213623047,75.5999984741211,73.4800033569336,74.04000091552734,52.7647819519043,15464100.0
2018-12-18,73.62999725341797,73.86000061035156,71.62000274658203,72.0,51.31096267700195,18681200.0
2018-12-19,72.44999694824219,73.2699966430664,70.30000305175781,70.77999877929688,50.44152069091797,21679600.0
2018-12-20,70.08999633789062,70.66000366210938,68.05000305175781,68.62999725341797,48.90932846069336,28723700.0
2018-12-21,68.13999938964844,70.37000274658203,67.66999816894531,68.12000274658203,48.545875549316406,47287300.0
2018-12-24,66.87000274658203,67.52999877929688,65.44000244140625,65.51000213623047,46.685848236083984,14262800.0
2018-12-25,66.87000274658203,67.52999877929688,65.44000244140625,65.51000213623047,46.685848236083984,14262800.0
2018-12-26,66.18000030517578,68.66000366210938,64.6500015258789,68.63999938964844,48.91646194458008,24887700.0
2018-12-27,67.73999786376953,68.94000244140625,66.08000183105469,68.94000244140625,49.1302490234375,22077000.0
2018-12-28,69.18000030517578,69.58000183105469,67.81999969482422,68.16999816894531,48.581504821777344,19710600.0
2018-12-31,68.31999969482422,69.1500015258789,67.66000366210938,68.19000244140625,48.59576416015625,15807000.0
2019-01-01,68.31999969482422,69.1500015258789,67.66000366210938,68.19000244140625,48.59576416015625,15807000.0
2019-01-02,67.3499984741211,69.87000274658203,67.26000213623047,69.69000244140625,49.66474914550781,16727200.0
2019-01-03,70.0,70.25,68.36000061035156,68.62000274658203,48.902198791503906,13866100.0
2019-01-04,69.63999938964844,71.2699966430664,69.36000061035156,71.1500015258789,50.705223083496094,16043600.0
2019-01-07,71.25,72.0999984741211,70.73999786376953,71.5199966430664,50.96889877319336,10844200.0
2019-01-08,72.54000091552734,72.58999633789062,71.94000244140625,72.04000091552734,51.33946990966797,11439000.0
2019-01-09,72.5999984741211,72.5999984741211,71.6500015258789,72.41999816894531,51.61027145385742,13473500.0
2019-01-10,72.06999969482422,72.08000183105469,71.12000274658203,72.05000305175781,51.34661102294922,13151100.0
2019-01-11,71.8499984741211,71.88999938964844,71.06999969482422,71.72000122070312,51.11142349243164,9790100.0
2019-01-14,71.20999908447266,71.77999877929688,71.12000274658203,71.62999725341797,51.047298431396484,11012400.0
2019-01-15,71.94999694824219,72.36000061035156,71.31999969482422,71.66999816894531,51.0757942199707,10298300.0
2019-01-16,71.41999816894531,72.37999725341797,71.30999755859375,71.63999938964844,51.054420471191406,12595600.0
2019-01-17,71.19000244140625,72.33999633789062,70.9000015258789,72.12999725341797,51.40361022949219,10141700.0
2019-01-18,73.2699966430664,73.29000091552734,72.12999725341797,72.98999786376953,52.01649856567383,15759200.0
2019-01-21,73.2699966430664,73.29000091552734,72.12999725341797,72.98999786376953,52.01649856567383,15759200.0
2019-01-22,72.38999938964844,72.70999908447266,71.68000030517578,71.88999938964844,51.232582092285156,15035600.0
2019-01-23,72.01000213623047,72.30000305175781,70.93000030517578,71.30000305175781,50.81211471557617,13187200.0
2019-01-24,71.0999984741211,71.97000122070312,70.63999938964844,71.4000015258789,50.88337707519531,11272500.0
2019-01-25,72.06999969482422,72.2699966430664,71.54000091552734,71.72000122070312,51.11142349243164,8996200.0
2019-01-28,71.0199966430664,71.27999877929688,70.37000274658203,71.23999786376953,50.76934051513672,13678400.0
2019-01-29,71.69999694824219,72.19000244140625,71.4800033569336,71.51000213623047,50.961769104003906,10513200.0
2019-01-30,71.7699966430664,72.56999969482422,71.51000213623047,72.29000091552734,51.51762771606445,11524700.0
2019-01-31,72.29000091552734,73.48999786376953,72.0199966430664,73.27999877929688,52.22316360473633,19876700.0
2019-02-01,74.91999816894531,76.48999786376953,74.31999969482422,75.91999816894531,54.104557037353516,22968700.0
2019-02-04,75.76000213623047,75.76000213623047,74.4000015258789,74.81999969482422,53.32063674926758,15483800.0
2019-02-05,75.18000030517578,75.63999938964844,75.01000213623047,75.58999633789062,53.8693962097168,12786700.0
2019-02-06,75.58000183105469,75.7699966430664,75.12999725341797,75.26000213623047,53.63422775268555,10866900.0
2019-02-07,74.94999694824219,75.19000244140625,73.9000015258789,74.68000030517578,53.22088623046875,14418900.0
2019-02-08,73.76000213623047,74.06999969482422,72.7300033569336,73.9800033569336,53.307342529296875,11959500.0
2019-02-11,73.87999725341797,74.22000122070312,73.4000015258789,74.0999984741211,53.3938102722168,10434800.0
2019-02-12,75.08000183105469,75.44999694824219,74.81999969482422,75.4000015258789,54.33055114746094,12599200.0
2019-02-13,75.58000183105469,76.54000091552734,75.51000213623047,76.25,54.94303512573242,13214600.0
2019-02-14,76.26000213623047,76.6500015258789,75.70999908447266,76.2699966430664,54.957435607910156,12772900.0
2019-02-15,76.94000244140625,77.76000213623047,76.75,77.70999908447266,55.99505615234375,14330300.0
2019-02-18,76.94000244140625,77.76000213623047,76.75,77.70999908447266,55.99505615234375,14330300.0
2019-02-19,77.55999755859375,78.4800033569336,77.44999694824219,78.2300033569336,56.36974334716797,13551500.0
2019-02-20,78.30000305175781,78.80999755859375,78.0,78.52999877929688,56.58591842651367,12633100.0
2019-02-21,78.20999908447266,78.66000366210938,77.61000061035156,77.81999969482422,56.07431411743164,10266000.0
2019-02-22,78.70999908447266,78.94999694824219,77.62000274658203,78.41999816894531,56.50665283203125,9519300.0
2019-02-25,78.43000030517578,78.8499984741211,78.19999694824219,78.5,56.56430435180664,9274400.0
2019-02-26,78.68000030517578,79.12999725341797,78.38999938964844,78.66000366210938,56.67958450317383,10990600.0
2019-02-27,78.87999725341797,79.75,78.66000366210938,79.47000122070312,57.26322937011719,12398200.0
2019-02-28,79.44999694824219,79.75,78.70999908447266,79.02999877929688,56.94620132446289,14597900.0
2019-03-01,79.37999725341797,80.0,79.02999877929688,80.0,57.64513397216797,15419400.0
2019-03-04,80.23999786376953,80.55000305175781,79.01000213623047,80.30999755859375,57.86850357055664,18089900.0
2019-03-05,80.12000274658203,80.4000015258789,79.75,80.19000244140625,57.78205490112305,13745500.0
2019-03-06,78.8499984741211,79.37999725341797,77.86000061035156,79.27999877929688,57.12635040283203,18633600.0
2019-03-07,79.55000305175781,80.26000213623047,79.31999969482422,80.16000366210938,57.76044464111328,16541700.0
2019-03-08,78.88999938964844,79.31999969482422,78.25,79.01000213623047,56.93177795410156,16211300.0
2019-03-11,79.9800033569336,80.29000091552734,79.6500015258789,79.77999877929688,57.48660659790039,11060900.0
2019-03-12,80.11000061035156,80.58000183105469,79.88999938964844,80.0,57.64513397216797,11320000.0
2019-03-13,80.58999633789062,80.76000213623047,80.19999694824219,80.70999908447266,58.1567497253418,10260200.0
2019-03-14,80.80000305175781,80.91000366210938,80.3499984741211,80.44000244140625,57.962188720703125,9976700.0
2019-03-15,80.18000030517578,80.55000305175781,80.0999984741211,80.1500015258789,57.75323486328125,25316400.0
2019-03-18,80.44000244140625,81.25,80.44000244140625,81.08000183105469,58.42336654663086,9840600.0
2019-03-19,81.58000183105469,82.0,80.63999938964844,80.87000274658203,58.27201843261719,13936500.0
2019-03-20,80.75,81.91999816894531,80.55999755859375,81.31999969482422,58.59629440307617,13133600.0
2019-03-21,80.80999755859375,81.88999938964844,80.80000305175781,81.79000091552734,58.934959411621094,10117000.0
2019-03-22,81.2300033569336,81.44000244140625,80.30000305175781,80.4800033569336,57.99101638793945,12497700.0
2019-03-25,80.0,80.44000244140625,79.58999633789062,79.91999816894531,57.58749771118164,11320400.0
2019-03-26,80.33000183105469,81.2699966430664,80.18000030517578,80.95999908447266,58.336883544921875,9472800.0
2019-03-27,80.97000122070312,81.30999755859375,79.81999969482422,80.33999633789062,57.890113830566406,7258700.0
2019-03-28,80.02999877929688,80.79000091552734,80.0199966430664,80.73999786376953,58.178375244140625,7412300.0
2019-03-29,81.33000183105469,81.4800033569336,80.4800033569336,80.80000305175781,58.22161102294922,10889200.0
2019-04-01,81.2300033569336,81.77999877929688,81.08000183105469,81.7300033569336,58.891719818115234,10816400.0
2019-04-02,81.75,81.94999694824219,81.11000061035156,81.37999725341797,58.6395378112793,7646000.0
2019-04-03,81.7699966430664,81.7699966430664,80.61000061035156,80.9000015258789,58.293670654296875,8562900.0
2019-04-04,81.12000274658203,82.08000183105469,80.7699966430664,82.05000305175781,59.12229537963867,9360600.0
2019-04-05,82.1500015258789,82.52999877929688,81.94999694824219,82.48999786376953,59.439353942871094,10059100.0
2019-04-08,82.66999816894531,83.19999694824219,82.58999633789062,83.0,59.80684280395508,9108200.0
2019-04-09,82.5199966430664,82.58000183105469,81.73999786376953,81.93000030517578,59.03583526611328,8561600.0
2019-04-10,81.91999816894531,82.08000183105469,81.41000366210938,81.55999755859375,58.76921844482422,10324300.0
2019-04-11,81.54000091552734,82.06999969482422,81.0199966430664,81.94999694824219,59.05024337768555,9115100.0
2019-04-12,82.80999755859375,82.80999755859375,80.58000183105469,80.91999816894531,58.30805969238281,16638700.0
2019-04-15,80.88999938964844,81.05999755859375,80.5199966430664,80.6500015258789,58.113502502441406,8536100.0
2019-04-16,80.80999755859375,81.3499984741211,80.69000244140625,81.19999694824219,58.509803771972656,7005700.0
2019-04-17,81.55000305175781,81.69999694824219,81.08000183105469,81.43000030517578,58.67555236816406,8311400.0
2019-04-18,81.55999755859375,81.83000183105469,81.06999969482422,81.12999725341797,58.45936965942383,9493900.0
2019-04-19,81.55999755859375,81.83000183105469,81.06999969482422,81.12999725341797,58.45936965942383,9493900.0
2019-04-22,81.87000274658203,83.22000122070312,81.63999938964844,82.9000015258789,59.73477554321289,10770600.0
2019-04-23,83.19000244140625,83.48999786376953,82.68000030517578,83.37999725341797,60.08064651489258,10595100.0
2019-04-24,83.01000213623047,83.08000183105469,81.7300033569336,81.76000213623047,58.913330078125,11684000.0
2019-04-25,81.6500015258789,82.83999633789062,81.4000015258789,82.22000122070312,59.24479675292969,11135000.0
2019-04-26,80.2699966430664,80.62999725341797,79.55999755859375,80.48999786376953,57.99821472167969,18053500.0
2019-04-29,80.12000274658203,80.37999725341797,79.66000366210938,79.97000122070312,57.623531341552734,10023700.0
2019-04-30,80.37000274658203,80.52999877929688,79.93000030517578,80.27999877929688,57.846900939941406,13721500.0
2019-05-01,79.94000244140625,80.26000213623047,78.62000274658203,78.66999816894531,56.68678665161133,13909800.0
2019-05-02,78.27999877929688,78.5,77.23999786376953,77.29000091552734,55.692413330078125,15360400.0
2019-05-03,77.79000091552734,78.20999908447266,77.44000244140625,77.47000122070312,55.82210922241211,12180700.0
2019-05-06,76.91999816894531,77.66000366210938,76.70999908447266,77.12999725341797,55.577125549316406,13367100.0
2019-05-07,76.5,76.79000091552734,75.7699966430664,76.72000122070312,55.281707763671875,13498800.0
2019-05-08,76.54000091552734,77.29000091552734,76.41999816894531,76.83999633789062,55.3681526184082,11352900.0
2019-05-09,76.3499984741211,76.87999725341797,75.95999908447266,76.7699966430664,55.31770706176758,13221600.0
2019-05-10,76.18000030517578,76.79000091552734,75.16999816894531,76.55999755859375,55.798744201660156,11056000.0
2019-05-13,75.6500015258789,76.2300033569336,75.36000061035156,75.70999908447266,55.17924499511719,12176100.0
2019-05-14,76.12999725341797,76.80000305175781,75.76000213623047,75.80999755859375,55.25212860107422,10548400.0
2019-05-15,75.56999969482422,76.55000305175781,75.20999908447266,76.37000274658203,55.66027069091797,8918000.0
2019-05-16,76.4000015258789,76.94999694824219,76.22000122070312,76.36000061035156,55.65299606323242,8105200.0
2019-05-17,75.6500015258789,76.30000305175781,75.58999633789062,75.91000366210938,55.32501220703125,9279400.0
2019-05-20,76.05000305175781,76.36000061035156,75.66999816894531,75.9000015258789,55.31772232055664,7154300.0
2019-05-21,76.2699966430664,76.45999908447266,75.93000030517578,76.25,55.57281494140625,8489900.0
2019-05-22,76.0199966430664,76.22000122070312,75.38999938964844,75.55999755859375,55.06991958618164,7858300.0
2019-05-23,74.7699966430664,74.80000305175781,73.04000091552734,73.79000091552734,53.779903411865234,14657200.0
2019-05-24,74.13999938964844,74.25,73.44000244140625,74.0999984741211,54.005836486816406,7056400.0
2019-05-27,74.13999938964844,74.25,73.44000244140625,74.0999984741211,54.005836486816406,7056400.0
2019-05-28,74.23999786376953,74.25,72.48999786376953,72.61000061035156,52.919891357421875,14912900.0
2019-05-29,71.88999938964844,72.43000030517578,71.62000274658203,72.16000366210938,52.591922760009766,13645200.0
2019-05-30,72.0199966430664,72.12999725341797,71.52999877929688,71.97000122070312,52.45344924926758,9362100.0
2019-05-31,71.19000244140625,71.55000305175781,70.62999725341797,70.7699966430664,51.578861236572266,13983300.0
2019-06-03,71.08999633789062,72.01000213623047,70.97000122070312,71.87999725341797,52.387840270996094,11831000.0
2019-06-04,72.44999694824219,73.66000366210938,72.16999816894531,73.58999633789062,53.634132385253906,10423000.0
2019-06-05,73.63999938964844,73.63999938964844,72.58000183105469,72.9800033569336,53.18955993652344,10617800.0
2019-06-06,73.70999908447266,74.62000274658203,73.58999633789062,74.30999755859375,54.15888595581055,11738900.0
2019-06-07,74.51000213623047,74.95999908447266,74.43000030517578,74.58000183105469,54.35567855834961,9095500.0
2019-06-10,75.19000244140625,75.33000183105469,74.44999694824219,74.91000366210938,54.596195220947266,7760400.0
2019-06-11,75.51000213623047,75.80999755859375,74.81999969482422,74.83999633789062,54.545166015625,9415100.0
2019-06-12,74.4800033569336,74.61000061035156,73.80999755859375,74.02999877929688,53.95481872558594,7920800.0
2019-06-13,74.69999694824219,75.16999816894531,74.37999725341797,74.68000030517578,54.42856979370117,8986400.0
2019-06-14,74.68000030517578,74.80999755859375,74.2300033569336,74.3499984741211,54.18804931640625,8575900.0
2019-06-17,74.16000366210938,75.19000244140625,74.04000091552734,75.08999633789062,54.72738265991211,9355700.0
2019-06-18,75.41999816894531,76.22000122070312,75.3499984741211,75.73999786376953,55.20111083984375,10091500.0
2019-06-19,75.4000015258789,75.8499984741211,75.16999816894531,75.31999969482422,54.895015716552734,9757400.0
2019-06-20,76.23999786376953,76.97000122070312,76.08000183105469,76.61000061035156,55.83518981933594,16229700.0
2019-06-21,77.13999938964844,77.76000213623047,76.87000274658203,77.69000244140625,56.62232208251953,23108100.0
2019-06-24,77.52999877929688,77.76000213623047,76.80999755859375,76.94999694824219,56.08297348022461,10011800.0
2019-06-25,77.08000183105469,77.22000122070312,76.19000244140625,76.2699966430664,55.58738327026367,9740000.0
2019-06-26,76.68000030517578,77.12999725341797,76.47000122070312,76.5999984741211,55.82790756225586,11365500.0
2019-06-27,76.58999633789062,76.75,75.76000213623047,75.81999969482422,55.25941848754883,8147800.0
2019-06-28,76.19000244140625,76.7300033569336,75.94000244140625,76.62999725341797,55.84976577758789,14781300.0
2019-07-01,77.12999725341797,77.93000030517578,76.29000091552734,76.55999755859375,55.798744201660156,11437900.0
2019-07-02,76.13999938964844,76.2699966430664,75.41000366210938,75.72000122070312,55.186527252197266,10475400.0
2019-07-03,75.81999969482422,76.5,75.62999725341797,76.44000244140625,55.71129608154297,5246100.0
2019-07-04,75.81999969482422,76.5,75.62999725341797,76.44000244140625,55.71129608154297,5246100.0
2019-07-05,76.19000244140625,76.3499984741211,75.58999633789062,76.12999725341797,55.4853515625,6880800.0
2019-07-08,76.13999938964844,76.69999694824219,75.91999816894531,76.4800033569336,55.740447998046875,7876100.0
2019-07-09,76.44999694824219,76.7699966430664,75.7300033569336,76.43000030517578,55.70400619506836,7863000.0
2019-07-10,76.80000305175781,77.62999725341797,76.73999786376953,77.51000213623047,56.49112319946289,8077400.0
2019-07-11,77.41000366210938,77.61000061035156,77.05000305175781,77.56999969482422,56.53485870361328,6404000.0
2019-07-12,77.75,77.87999725341797,77.5,77.62999725341797,56.578590393066406,6139000.0
2019-07-15,77.62999725341797,77.73999786376953,76.88999938964844,77.08000183105469,56.177738189697266,7116400.0
2019-07-16,76.91999816894531,77.06999969482422,75.79000091552734,75.93000030517578,55.33958053588867,10197400.0
2019-07-17,75.73999786376953,75.95999908447266,75.3499984741211,75.4800033569336,55.01161575317383,7419300.0
2019-07-18,75.02999877929688,75.2699966430664,74.18000030517578,74.83999633789062,54.545166015625,11424500.0
2019-07-19,74.9000015258789,75.25,74.54000091552734,74.98999786376953,54.65449142456055,11243100.0
2019-07-22,75.23999786376953,75.30000305175781,74.5,75.06999969482422,54.71279525756836,8368800.0
2019-07-23,75.1500015258789,75.7699966430664,74.75,75.37000274658203,54.93144989013672,8551200.0
2019-07-24,75.38999938964844,76.05000305175781,74.8499984741211,75.36000061035156,54.92414855957031,8260200.0
2019-07-25,75.77999877929688,75.77999877929688,74.80000305175781,74.93000030517578,54.610755920410156,9083900.0
2019-07-26,74.87000274658203,75.08000183105469,74.5999984741211,74.80999755859375,54.5233039855957,7677300.0
2019-07-29,74.87999725341797,75.37999725341797,74.69999694824219,75.33999633789062,54.909576416015625,7091900.0
2019-07-30,75.05999755859375,75.55999755859375,74.88999938964844,75.3499984741211,54.916866302490234,6961200.0
2019-07-31,75.04000091552734,75.66000366210938,74.26000213623047,74.36000061035156,54.19533157348633,13104600.0
2019-08-01,73.73999786376953,74.2699966430664,72.2699966430664,72.45999908447266,52.8105583190918,17132800.0
2019-08-02,72.61000061035156,73.26000213623047,71.18000030517578,71.75,52.29310989379883,21376700.0
2019-08-05,70.77999877929688,70.91999816894531,69.61000061035156,70.27999877929688,51.22174072265625,19080900.0
2019-08-06,70.29000091552734,71.01000213623047,70.27999877929688,70.95999908447266,51.71733093261719,12282400.0
2019-08-07,69.86000061035156,70.87999725341797,69.4000015258789,70.5,51.3820686340332,15231100.0
2019-08-08,70.8499984741211,72.41000366210938,70.62000274658203,72.37999725341797,52.75226974487305,14304100.0
2019-08-09,72.12999725341797,72.25,70.47000122070312,70.83999633789062,51.62986373901367,13686600.0
2019-08-12,70.05999755859375,70.16000366210938,69.33000183105469,69.62999725341797,51.378990173339844,9542600.0
2019-08-13,69.2699966430664,70.62000274658203,68.91999816894531,70.48999786376953,52.01358413696289,12403300.0
2019-08-14,69.06999969482422,69.08999633789062,67.6500015258789,67.6500015258789,49.91797637939453,18114400.0
2019-08-15,67.45999908447266,67.55999755859375,66.52999877929688,67.25,49.62281799316406,12874400.0
2019-08-16,67.77999877929688,68.45999908447266,67.2699966430664,68.30000305175781,50.39759826660156,12649000.0
2019-08-19,68.97000122070312,69.6500015258789,68.86000061035156,69.44999694824219,51.246158599853516,10032800.0
2019-08-20,69.30000305175781,69.30000305175781,68.70999908447266,69.02999877929688,50.936256408691406,9743500.0
2019-08-21,69.95999908447266,69.9800033569336,69.37000274658203,69.72000122070312,51.445411682128906,10134200.0
2019-08-22,69.91000366210938,69.95999908447266,69.25,69.56999969482422,51.334712982177734,8972000.0
2019-08-23,68.81999969482422,69.52999877929688,67.02999877929688,67.48999786376953,49.7999153137207,15371900.0
2019-08-26,68.12000274658203,68.26000213623047,67.52999877929688,67.8499984741211,50.065555572509766,7343900.0
2019-08-27,68.12999725341797,68.44000244140625,66.97000122070312,67.19000244140625,49.57855987548828,9490900.0
2019-08-28,67.52999877929688,67.9800033569336,67.16000366210938,67.68000030517578,49.94010925292969,9647400.0
2019-08-29,68.30000305175781,68.66999816894531,68.08999633789062,68.43000030517578,50.493526458740234,9004100.0
2019-08-30,68.61000061035156,69.08000183105469,68.05999755859375,68.4800033569336,50.530433654785156,9180800.0
2019-09-02,68.61000061035156,69.08000183105469,68.05999755859375,68.4800033569336,50.530433654785156,9180800.0
2019-09-03,67.88999938964844,68.68000030517578,67.62999725341797,68.55999755859375,50.589447021484375,9849700.0
2019-09-04,69.5,69.61000061035156,69.08999633789062,69.29000091552734,51.128116607666016,6959200.0
2019-09-05,69.83999633789062,70.55000305175781,69.69999694824219,70.2699966430664,51.851226806640625,9901500.0
2019-09-06,70.3499984741211,70.94999694824219,70.12000274658203,70.93000030517578,52.33824920654297,10418500.0
2019-09-09,71.16000366210938,72.06999969482422,70.9800033569336,71.48999786376953,52.7514533996582,12840200.0
2019-09-10,72.13999938964844,72.8499984741211,71.62000274658203,72.06999969482422,53.17942428588867,13810800.0
2019-09-11,72.77999877929688,72.83999633789062,71.55000305175781,71.93000030517578,53.07612991333008,10525700.0
2019-09-12,70.9800033569336,72.16000366210938,70.69999694824219,71.9800033569336,53.11302185058594,9100700.0
2019-09-13,72.26000213623047,72.72000122070312,72.05999755859375,72.63999938964844,53.60003662109375,7337200.0
2019-09-16,75.04000091552734,75.18000030517578,73.5999984741211,73.7300033569336,54.40431594848633,19830200.0
2019-09-17,73.81999969482422,74.08000183105469,72.62999725341797,73.16999816894531,53.99109649658203,14452200.0
2019-09-18,72.6500015258789,72.97000122070312,72.33000183105469,72.81999969482422,53.732852935791016,7292200.0
2019-09-19,72.97000122070312,73.19000244140625,72.19000244140625,72.33000183105469,53.37128829956055,8050200.0
2019-09-20,72.48999786376953,72.5,71.86000061035156,72.08000183105469,53.186824798583984,19736600.0
2019-09-23,71.5199966430664,72.36000061035156,71.45999908447266,72.12999725341797,53.22370910644531,7495200.0
2019-09-24,71.80999755859375,71.87000274658203,70.81999969482422,71.13999938964844,52.49319839477539,13307100.0
2019-09-25,70.9800033569336,71.47000122070312,70.81999969482422,71.3499984741211,52.64814376831055,8035200.0
2019-09-26,71.22000122070312,71.3499984741211,70.68000030517578,70.97000122070312,52.36775588989258,8420200.0
2019-09-27,70.69999694824219,71.66999816894531,70.62999725341797,71.4800033569336,52.74407958984375,8224000.0
2019-09-30,71.23999786376953,71.44999694824219,70.58000183105469,70.61000061035156,52.10213088989258,9768900.0
2019-10-01,70.83000183105469,70.91000366210938,68.91000366210938,68.94999694824219,50.87721633911133,10279100.0
2019-10-02,68.2699966430664,68.58999633789062,67.01000213623047,67.1500015258789,49.54903030395508,14503700.0
2019-10-03,67.0,68.0,66.30999755859375,67.9800033569336,50.161476135253906,10788400.0
2019-10-04,68.11000061035156,69.06999969482422,67.81999969482422,68.97000122070312,50.8919792175293,10534800.0
2019-10-07,68.69999694824219,69.02999877929688,68.0199966430664,68.0199966430664,50.19100570678711,10993000.0
2019-10-08,67.54000091552734,67.91999816894531,66.63999938964844,66.69999694824219,49.216983795166016,9748700.0
2019-10-09,67.30000305175781,67.69999694824219,67.19999694824219,67.44000244140625,49.763023376464844,8580900.0
2019-10-10,67.43000030517578,68.36000061035156,67.37999725341797,68.25,50.36070251464844,7100100.0
2019-10-11,68.9800033569336,69.48999786376953,68.88999938964844,68.9800033569336,50.899356842041016,10101900.0
2019-10-14,68.5999984741211,69.37000274658203,68.58999633789062,69.18000030517578,51.046958923339844,6234600.0
2019-10-15,69.05999755859375,70.0,69.01000213623047,69.41999816894531,51.224037170410156,6645700.0
2019-10-16,69.20999908447266,69.52999877929688,68.20999908447266,68.2300033569336,50.345943450927734,9765800.0
2019-10-17,68.4800033569336,68.87999725341797,68.08000183105469,68.13999938964844,50.279537200927734,9757200.0
2019-10-18,67.87000274658203,68.1500015258789,67.61000061035156,67.61000061035156,49.88846969604492,13472700.0
2019-10-21,67.81999969482422,68.7699966430664,67.81999969482422,68.73999786376953,50.72227096557617,10199300.0
2019-10-22,68.77999877929688,69.76000213623047,68.6500015258789,69.08999633789062,50.98052978515625,9536000.0
2019-10-23,68.95999908447266,69.76000213623047,68.77999877929688,69.75,51.46754455566406,8641800.0
2019-10-24,69.95999908447266,70.05000305175781,69.0199966430664,69.08999633789062,50.98052978515625,9003600.0
2019-10-25,68.9000015258789,69.4800033569336,68.9000015258789,69.25,51.098594665527344,7607200.0
2019-10-28,69.45999908447266,69.66999816894531,68.58000183105469,68.63999938964844,50.64849090576172,11209600.0
2019-10-29,68.4800033569336,69.02999877929688,68.23999786376953,68.44000244140625,50.50090789794922,13894400.0
2019-10-30,68.37000274658203,68.37000274658203,67.2699966430664,67.72000122070312,49.96962356567383,12840600.0
2019-10-31,67.45999908447266,67.72000122070312,67.13999938964844,67.56999969482422,49.85894775390625,16169100.0
2019-11-01,68.38999938964844,69.61000061035156,68.30999755859375,69.5999984741211,51.35685348510742,14108700.0
2019-11-04,70.06999969482422,71.87000274658203,69.94000244140625,71.66999816894531,52.88427734375,15858200.0
2019-11-05,72.04000091552734,73.12000274658203,71.8499984741211,73.08999633789062,53.93207931518555,14930400.0
2019-11-06,72.7300033569336,72.87000274658203,71.19999694824219,71.48999786376953,52.7514533996582,13996500.0
2019-11-07,72.02999877929688,73.02999877929688,72.0,73.01000213623047,53.873046875,13073800.0
2019-11-08,71.61000061035156,71.80000305175781,70.66000366210938,70.7699966430664,52.84994888305664,12106000.0
2019-11-11,70.20999908447266,70.61000061035156,69.97000122070312,70.33999633789062,52.52883529663086,8674000.0
2019-11-12,70.2699966430664,70.41000366210938,68.9800033569336,69.37000274658203,51.8044548034668,13918600.0
2019-11-13,69.0199966430664,69.1500015258789,68.5999984741211,68.80000305175781,51.378787994384766,11773700.0
2019-11-14,68.86000061035156,68.97000122070312,68.18000030517578,68.5,51.15473937988281,11279800.0
2019-11-15,68.70999908447266,69.30000305175781,68.66999816894531,69.19000244140625,51.67003631591797,11252800.0
2019-11-18,68.69999694824219,68.81999969482422,68.30000305175781,68.5199966430664,51.16968536376953,10095600.0
2019-11-19,68.4000015258789,68.55999755859375,67.77999877929688,67.81999969482422,50.64693832397461,12605500.0
2019-11-20,67.66999816894531,68.54000091552734,67.31999969482422,68.02999877929688,50.80375289916992,16930700.0
2019-11-21,68.0199966430664,69.75,67.91999816894531,69.66999816894531,52.02849578857422,14080900.0
2019-11-22,69.70999908447266,70.18000030517578,69.33000183105469,69.37000274658203,51.8044548034668,12143600.0
2019-11-25,69.37000274658203,69.44000244140625,68.70999908447266,68.91000366210938,51.46092987060547,10670000.0
2019-11-26,68.91999816894531,69.04000091552734,68.44000244140625,68.73999786376953,51.333980560302734,15457000.0
2019-11-27,68.76000213623047,69.08999633789062,68.41000366210938,68.69999694824219,51.30410385131836,8393900.0
2019-11-28,68.76000213623047,69.08999633789062,68.41000366210938,68.69999694824219,51.30410385131836,8393900.0
2019-11-29,68.33000183105469,68.52999877929688,68.0,68.12999725341797,50.87843322753906,7980800.0
2019-12-02,68.5,68.87999725341797,68.37000274658203,68.41999816894531,51.095008850097656,11116900.0
2019-12-03,68.0,68.25,67.5199966430664,67.87999725341797,50.69173812866211,12245800.0
2019-12-04,68.25,68.76000213623047,68.13999938964844,68.6500015258789,51.266780853271484,11049700.0
2019-12-05,68.88999938964844,68.97000122070312,68.20999908447266,68.41000366210938,51.08754348754883,13109000.0
2019-12-06,68.76000213623047,69.87000274658203,68.76000213623047,69.51000213623047,51.908992767333984,13710800.0
2019-12-09,69.08000183105469,69.97000122070312,69.0199966430664,69.66000366210938,52.02103042602539,12397700.0
2019-12-10,69.66000366210938,70.1500015258789,68.69999694824219,69.05999755859375,51.57294464111328,14281800.0
2019-12-11,68.73999786376953,69.76000213623047,68.66999816894531,68.95999908447266,51.49827575683594,13748400.0
2019-12-12,68.95999908447266,70.37999725341797,68.9000015258789,70.33999633789062,52.52883529663086,17068500.0
2019-12-13,70.4800033569336,70.54000091552734,69.12000274658203,69.2300033569336,51.69990921020508,12274500.0
2019-12-16,69.69999694824219,70.25,69.69999694824219,70.0,52.27493667602539,15208700.0
2019-12-17,69.9800033569336,70.37999725341797,69.30999755859375,69.68000030517578,52.035953521728516,14450700.0
2019-12-18,69.62999725341797,70.29000091552734,69.27999877929688,69.87000274658203,52.17784881591797,13652300.0
2019-12-19,69.98999786376953,70.05000305175781,69.23999786376953,69.38999938964844,51.81938552856445,13273200.0
2019-12-20,69.86000061035156,70.2300033569336,69.38999938964844,69.94000244140625,52.230125427246094,35092000.0
2019-12-23,69.86000061035156,70.30000305175781,69.52999877929688,70.29000091552734,52.49150085449219,14172500.0
2019-12-24,70.3499984741211,70.5,69.91000366210938,70.0199966430664,52.28986740112305,3979400.0
2019-12-25,70.3499984741211,70.5,69.91000366210938,70.0199966430664,52.28986740112305,3979400.0
2019-12-26,70.19000244140625,70.5,70.01000213623047,70.12999725341797,52.372005462646484,8840200.0
2019-12-27,70.19999694824219,70.30999755859375,69.87999725341797,69.88999938964844,52.19276809692383,10516100.0
2019-12-30,70.08999633789062,70.44000244140625,69.4000015258789,69.4800033569336,51.886600494384766,12689400.0
2019-12-31,69.0199966430664,69.80000305175781,69.01000213623047,69.77999877929688,52.11063766479492,13151800.0
2020-01-01,69.0199966430664,69.80000305175781,69.01000213623047,69.77999877929688,52.11063766479492,13151800.0
2020-01-02,70.23999786376953,71.0199966430664,70.23999786376953,70.9000015258789,52.9470329284668,12456400.0
2020-01-03,71.33999633789062,71.37000274658203,70.16000366210938,70.33000183105469,52.5213623046875,17386900.0
2020-01-06,70.31999969482422,71.36000061035156,70.2300033569336,70.87000274658203,52.92462921142578,20081900.0
2020-01-07,70.5,70.5199966430664,69.51000213623047,70.29000091552734,52.49150085449219,17387700.0
2020-01-08,70.11000061035156,70.29000091552734,69.16999816894531,69.2300033569336,51.69990921020508,15137700.0
2020-01-09,69.13999938964844,69.9000015258789,68.62999725341797,69.76000213623047,52.09569549560547,14811800.0
2020-01-10,69.93000030517578,69.95999908447266,69.12000274658203,69.13999938964844,51.6326904296875,11995600.0
2020-01-13,69.19999694824219,69.87000274658203,69.11000061035156,69.80000305175781,52.125572204589844,9953900.0
2020-01-14,69.37999725341797,69.58000183105469,68.88999938964844,69.19999694824219,51.677494049072266,16261000.0
2020-01-15,69.19999694824219,69.58999633789062,68.88999938964844,69.08999633789062,51.59535217285156,11390300.0
2020-01-16,69.30000305175781,69.58000183105469,68.80000305175781,68.81999969482422,51.39373016357422,13340300.0
2020-01-17,68.75,69.08000183105469,68.29000091552734,68.55999755859375,51.199554443359375,18144100.0
2020-01-20,68.75,69.08000183105469,68.29000091552734,68.55999755859375,51.199554443359375,18144100.0
2020-01-21,68.37999725341797,68.41999816894531,67.51000213623047,67.58000183105469,50.46771240234375,17982600.0
2020-01-22,67.55999755859375,67.69999694824219,67.0,67.19000244140625,50.17646789550781,17033100.0
2020-01-23,66.70999908447266,66.93000030517578,66.05000305175781,66.7699966430664,49.86281204223633,19605900.0
2020-01-24,66.54000091552734,66.68000030517578,66.04000091552734,66.31999969482422,49.52676010131836,18238600.0
2020-01-27,65.41999816894531,65.7300033569336,64.69999694824219,64.73999786376953,48.34684371948242,21231000.0
2020-01-28,65.11000061035156,65.19999694824219,64.62999725341797,64.6500015258789,48.279632568359375,19664700.0
2020-01-29,65.02999877929688,65.12999725341797,63.900001525878906,64.11000061035156,47.87636184692383,14202800.0
2020-01-30,63.779998779296875,64.87999725341797,63.43000030517578,64.79000091552734,48.384178161621094,18544700.0
2020-01-31,63.20000076293945,63.20000076293945,61.86000061035156,62.119998931884766,46.390262603759766,34282900.0
2020-02-03,61.380001068115234,61.41999816894531,60.369998931884766,60.72999954223633,45.352237701416016,27389300.0
2020-02-04,61.45000076293945,61.90999984741211,59.88999938964844,59.970001220703125,44.784671783447266,31922100.0
2020-02-05,60.75,62.93000030517578,60.599998474121094,62.72999954223633,46.84580612182617,32099200.0
2020-02-06,62.93000030517578,63.0099983215332,61.779998779296875,61.880001068115234,46.21103286743164,16055400.0
2020-02-07,61.40999984741211,61.65999984741211,61.060001373291016,61.470001220703125,45.90485382080078,15112500.0
2020-02-10,60.47999954223633,60.52000045776367,59.619998931884766,59.959999084472656,45.4200439453125,20934500.0
2020-02-11,60.58000183105469,60.88999938964844,60.16999816894531,60.529998779296875,45.85183334350586,14908700.0
2020-02-12,61.34000015258789,61.529998779296875,60.560001373291016,61.27000045776367,46.412384033203125,17862100.0
2020-02-13,61.060001373291016,61.41999816894531,60.560001373291016,60.93000030517578,46.15482711791992,16949400.0
2020-02-14,61.150001525878906,61.15999984741211,60.279998779296875,60.650001525878906,45.94272994995117,10855300.0
2020-02-17,61.150001525878906,61.15999984741211,60.279998779296875,60.650001525878906,45.94272994995117,10855300.0
2020-02-18,60.150001525878906,60.38999938964844,59.45000076293945,59.880001068115234,45.35945129394531,18948500.0
2020-02-19,60.11000061035156,60.619998931884766,59.83000183105469,60.34000015258789,45.7078971862793,12804900.0
2020-02-20,60.22999954223633,60.540000915527344,59.720001220703125,59.86000061035156,45.344295501708984,14817200.0
2020-02-21,59.5099983215332,59.5099983215332,58.790000915527344,59.130001068115234,44.791316986083984,20315700.0
2020-02-24,57.619998931884766,57.79999923706055,56.36000061035156,56.36000061035156,42.69303512573242,32096600.0
2020-02-25,56.75,56.75,53.970001220703125,54.20000076293945,41.056819915771484,36414500.0
2020-02-26,54.54999923706055,54.81999969482422,52.93000030517578,53.0099983215332,40.15537643432617,29801000.0
2020-02-27,51.709999084472656,52.439998626708984,49.79999923706055,49.81999969482422,37.73894119262695,48141300.0
2020-02-28,48.77000045776367,51.439998626708984,48.0099983215332,51.439998626708984,38.96609878540039,62446700.0
2020-03-02,52.59000015258789,53.88999938964844,51.130001068115234,53.880001068115234,40.81440734863281,38127600.0
2020-03-03,53.95000076293945,54.150001525878906,50.97999954223633,51.29999923706055,38.86004638671875,50580700.0
2020-03-04,52.22999954223633,52.47999954223633,51.119998931884766,52.41999816894531,39.708457946777344,24079600.0
2020-03-05,50.41999816894531,50.70000076293945,49.040000915527344,50.11000061035156,37.95861053466797,40788200.0
2020-03-06,48.84000015258789,49.0099983215332,47.20000076293945,47.689998626708984,36.12545394897461,55640500.0
2020-03-09,41.709999084472656,44.56999969482422,40.79999923706055,41.86000061035156,31.709192276000977,72896300.0
2020-03-10,46.16999816894531,46.2599983215332,41.45000076293945,43.40999984741211,32.883331298828125,60445900.0
2020-03-11,42.38999938964844,43.47999954223633,41.75,41.97999954223633,31.800086975097656,51986100.0
2020-03-12,39.900001525878906,40.650001525878906,37.0,37.18000030517578,28.164066314697266,65725300.0
2020-03-13,40.0099983215332,40.13999938964844,35.0,38.119998931884766,28.876121520996094,79891500.0
2020-03-16,34.400001525878906,37.880001068115234,33.25,34.4900016784668,26.126373291015625,48924700.0
2020-03-17,35.209999084472656,37.380001068115234,34.20000076293945,36.810001373291016,27.883785247802734,41204400.0
2020-03-18,34.54999923706055,36.709999084472656,31.229999542236328,33.119998931884766,25.088598251342773,54036400.0
2020-03-19,33.72999954223633,34.900001525878906,32.349998474121094,34.43000030517578,26.0809268951416,49412400.0
2020-03-20,34.84000015258789,35.18000030517578,31.559999465942383,32.7400016784668,24.80074119567871,76534600.0
2020-03-23,32.529998779296875,32.70000076293945,30.110000610351562,31.450000762939453,23.82356071472168,56952500.0
2020-03-24,34.41999816894531,36.16999816894531,33.33000183105469,35.439998626708984,26.846006393432617,61835600.0
2020-03-25,36.5099983215332,38.59000015258789,35.18000030517578,37.290000915527344,28.247392654418945,56607700.0
2020-03-26,37.5,39.560001373291016,36.720001220703125,38.81999969482422,29.406381607055664,46722000.0
2020-03-27,37.130001068115234,37.68000030517578,36.20000076293945,36.95000076293945,27.98984146118164,51558600.0
2020-03-30,36.22999954223633,38.150001525878906,35.86000061035156,37.5,28.406471252441406,45835000.0
2020-03-31,38.34000015258789,39.45000076293945,37.369998931884766,37.970001220703125,28.762493133544922,41491600.0
2020-04-01,36.86000061035156,38.70000076293945,36.34000015258789,37.529998779296875,28.429189682006836,36045900.0
2020-04-02,38.7400016784668,41.959999084472656,37.900001525878906,40.400001525878906,30.603233337402344,62000200.0
2020-04-03,41.45000076293945,42.18000030517578,38.52000045776367,39.209999084472656,29.70180892944336,48425700.0
2020-04-06,39.880001068115234,40.83000183105469,39.22999954223633,40.470001220703125,30.65626335144043,41301900.0
2020-04-07,42.900001525878906,43.31999969482422,41.15999984741211,41.2400016784668,31.239543914794922,48921800.0
2020-04-08,41.95000076293945,44.040000915527344,41.470001220703125,43.849998474121094,33.21662521362305,33355600.0
2020-04-09,45.459999084472656,46.709999084472656,41.7400016784668,43.130001068115234,32.671226501464844,60107300.0
2020-04-10,45.459999084472656,46.709999084472656,41.7400016784668,43.130001068115234,32.671226501464844,60107300.0
2020-04-13,44.45000076293945,44.689998626708984,41.970001220703125,42.7599983215332,32.39094924926758,29651900.0
2020-04-14,43.0,43.75,41.90999984741211,42.43000030517578,32.14097595214844,30769000.0
2020-04-15,41.0,41.060001373291016,39.380001068115234,40.47999954223633,30.663841247558594,33125000.0
2020-04-16,40.47999954223633,40.47999954223633,38.93000030517578,39.150001525878906,29.656352996826172,30934000.0
2020-04-17,39.880001068115234,43.31999969482422,39.869998931884766,43.220001220703125,32.739402770996094,40829100.0
2020-04-20,40.75,42.7400016784668,40.540000915527344,41.18000030517578,31.194087982177734,39260800.0
2020-04-21,40.400001525878906,42.130001068115234,39.630001068115234,40.959999084472656,31.027441024780273,44381600.0
2020-04-22,42.599998474121094,42.93000030517578,41.86000061035156,42.130001068115234,31.913724899291992,27074200.0
2020-04-23,43.130001068115234,44.65999984741211,42.810001373291016,43.45000076293945,32.91362762451172,35271000.0
2020-04-24,44.400001525878906,44.88999938964844,43.130001068115234,43.72999954223633,33.12572479248047,28653800.0
2020-04-27,43.59000015258789,44.31999969482422,42.22999954223633,43.939998626708984,33.28479766845703,28274400.0
2020-04-28,44.369998931884766,45.38999938964844,44.11000061035156,44.970001220703125,34.06503677368164,26545100.0
2020-04-29,46.2599983215332,47.599998474121094,46.15999984741211,47.459999084472656,35.95123291015625,29502500.0
2020-04-30,47.68000030517578,47.68000030517578,45.77000045776367,46.470001220703125,35.20130157470703,37076300.0
2020-05-01,45.630001068115234,46.38999938964844,43.0,43.13999938964844,32.67879104614258,35399300.0
2020-05-04,42.5099983215332,44.939998626708984,42.220001220703125,44.880001068115234,33.99686813354492,27465600.0
2020-05-05,46.2599983215332,47.150001525878906,44.65999984741211,44.83000183105469,33.9589958190918,29276200.0
2020-05-06,44.93000030517578,45.27000045776367,43.900001525878906,43.9900016784668,33.32268524169922,22659000.0
2020-05-07,44.959999084472656,45.27000045776367,43.970001220703125,44.2400016784668,33.51205825805664,22160300.0
2020-05-08,45.310001373291016,46.220001220703125,44.97999954223633,46.18000030517578,34.98162078857422,19977400.0
2020-05-11,46.11000061035156,46.20000076293945,45.5099983215332,45.7400016784668,34.64830780029297,22258000.0
2020-05-12,45.41999816894531,45.66999816894531,44.119998931884766,44.119998931884766,34.06916809082031,25439100.0
2020-05-13,43.7400016784668,43.869998931884766,41.599998474121094,41.93000030517578,32.37807083129883,30827900.0
2020-05-14,41.06999969482422,42.54999923706055,40.20000076293945,42.29999923706055,32.66378402709961,24856500.0
2020-05-15,42.380001068115234,43.0099983215332,41.849998474121094,42.0,32.43212127685547,22445600.0
2020-05-18,44.400001525878906,45.58000183105469,44.060001373291016,45.34000015258789,35.01124954223633,32026100.0
2020-05-19,45.54999923706055,46.630001068115234,43.93000030517578,43.939998626708984,33.93017578125,21771600.0
2020-05-20,44.619998931884766,45.58000183105469,44.56999969482422,45.369998931884766,35.03440856933594,19352400.0
2020-05-21,45.439998626708984,45.790000915527344,44.38999938964844,44.560001373291016,34.4089241027832,19130700.0
2020-05-22,44.04999923706055,44.66999816894531,43.45000076293945,44.599998474121094,34.439823150634766,15406400.0
2020-05-25,44.04999923706055,44.66999816894531,43.45000076293945,44.599998474121094,34.439823150634766,15406400.0
2020-05-26,45.7400016784668,46.29999923706055,45.470001220703125,45.90999984741211,35.45139694213867,20356500.0
2020-05-27,46.65999984741211,47.13999938964844,45.40999984741211,46.2400016784668,35.70621871948242,20788300.0
2020-05-28,46.43000030517578,46.459999084472656,44.93000030517578,45.040000915527344,34.77959442138672,19698000.0
2020-05-29,44.81999969482422,45.689998626708984,44.369998931884766,45.470001220703125,35.111637115478516,25874700.0
2020-06-01,45.31999969482422,46.45000076293945,44.79999923706055,46.279998779296875,35.737117767333984,19031000.0
2020-06-02,46.86000061035156,47.45000076293945,46.75,47.310001373291016,36.53246307373047,22319000.0
2020-06-03,48.0,49.400001525878906,47.95000076293945,49.2400016784668,38.022796630859375,23418000.0
2020-06-04,48.880001068115234,49.150001525878906,48.15999984741211,49.099998474121094,37.914695739746094,18731400.0
2020-06-05,51.650001525878906,53.45000076293945,51.599998474121094,53.08000183105469,40.9880256652832,41328900.0
2020-06-08,54.720001220703125,55.36000061035156,53.459999084472656,54.7400016784668,42.26987075805664,33579400.0
2020-06-09,52.880001068115234,53.970001220703125,52.45000076293945,53.52000045776367,41.327789306640625,27276900.0
2020-06-10,53.5,53.5,50.599998474121094,50.650001525878906,39.11158752441406,31156800.0
2020-06-11,47.529998779296875,48.84000015258789,46.099998474121094,46.18000030517578,35.659889221191406,39183000.0
2020-06-12,48.040000915527344,48.619998931884766,45.90999984741211,47.16999816894531,36.424354553222656,30978100.0
2020-06-15,45.349998474121094,47.7599983215332,44.75,47.13999938964844,36.40119552612305,27929300.0
2020-06-16,49.56999969482422,49.75,47.2400016784668,48.20000076293945,37.219722747802734,26203400.0
2020-06-17,48.0,48.130001068115234,46.599998474121094,46.630001068115234,36.00737762451172,19279400.0
2020-06-18,46.11000061035156,47.33000183105469,45.77000045776367,46.91999816894531,36.23130416870117,21478700.0
2020-06-19,48.220001220703125,48.2599983215332,45.97999954223633,45.97999954223633,35.50545120239258,48899900.0
2020-06-22,45.689998626708984,46.439998626708984,45.400001525878906,46.41999816894531,35.845218658447266,17565400.0
2020-06-23,46.900001525878906,47.220001220703125,46.5,46.70000076293945,36.06144332885742,18916600.0
2020-06-24,45.90999984741211,45.959999084472656,44.25,44.5,34.36260986328125,27626900.0
2020-06-25,44.04999923706055,45.2400016784668,43.689998626708984,45.16999816894531,34.87997817993164,19353600.0
2020-06-26,44.880001068115234,44.939998626708984,43.5,43.619998931884766,33.68307113647461,31518600.0
2020-06-29,43.810001373291016,44.58000183105469,43.540000915527344,44.31999969482422,34.223609924316406,17052100.0
2020-06-30,43.43000030517578,44.970001220703125,43.15999984741211,44.720001220703125,34.53248596191406,22153600.0
2020-07-01,44.4900016784668,45.380001068115234,43.66999816894531,43.709999084472656,33.75257873535156,17290100.0
2020-07-02,44.619998931884766,45.189998626708984,43.93000030517578,44.08000183105469,34.03828048706055,18216600.0
2020-07-03,44.619998931884766,45.189998626708984,43.93000030517578,44.08000183105469,34.03828048706055,18216600.0
2020-07-06,44.66999816894531,45.08000183105469,43.84000015258789,44.38999938964844,34.27766418457031,22692000.0
2020-07-07,43.900001525878906,44.0,43.11000061035156,43.2400016784668,33.38964080810547,17407600.0
2020-07-08,43.150001525878906,43.93000030517578,42.84000015258789,43.13999938964844,33.312416076660156,18291400.0
2020-07-09,42.900001525878906,43.099998474121094,41.290000915527344,41.36000061035156,31.93791389465332,25882000.0
2020-07-10,41.119998931884766,42.709999084472656,41.099998474121094,42.650001525878906,32.93404769897461,18951000.0
2020-07-13,42.97999954223633,43.290000915527344,42.22999954223633,42.65999984741211,32.9417610168457,20028300.0
2020-07-14,42.529998779296875,44.189998626708984,42.2599983215332,44.06999969482422,34.03055953979492,21444100.0
2020-07-15,45.029998779296875,45.09000015258789,44.209999084472656,44.630001068115234,34.46299743652344,17332400.0
2020-07-16,44.310001373291016,44.810001373291016,43.790000915527344,44.279998779296875,34.19272232055664,14673700.0
2020-07-17,44.33000183105469,44.689998626708984,43.38999938964844,43.52000045776367,33.60585403442383,17958900.0
2020-07-20,43.209999084472656,43.5099983215332,42.47999954223633,42.5,32.818214416503906,18553900.0
2020-07-21,43.150001525878906,45.189998626708984,43.11000061035156,44.650001525878906,34.478431701660156,28821800.0
2020-07-22,44.150001525878906,44.150001525878906,43.369998931884766,43.61000061035156,33.67536163330078,21345400.0
2020-07-23,43.400001525878906,43.81999969482422,43.02000045776367,43.70000076293945,33.74485397338867,17934400.0
2020-07-24,43.880001068115234,44.41999816894531,43.189998626708984,43.43000030517578,33.53635787963867,16415300.0
2020-07-27,43.22999954223633,44.09000015258789,42.970001220703125,44.06999969482422,34.03055953979492,18547900.0
2020-07-28,43.90999984741211,44.25,43.459999084472656,43.54999923706055,33.62901306152344,19190500.0
2020-07-29,43.709999084472656,44.09000015258789,43.34000015258789,44.029998779296875,33.99967575073242,14143200.0
2020-07-30,43.130001068115234,43.18000030517578,41.83000183105469,41.869998931884766,32.33174133300781,29901100.0
2020-07-31,41.15999984741211,42.16999816894531,40.90999984741211,42.08000183105469,32.49390411376953,32116200.0
2020-08-03,42.04999923706055,42.5,41.470001220703125,42.25,32.62517547607422,23033600.0
2020-08-04,42.34000015258789,43.599998474121094,42.2400016784668,43.470001220703125,33.567237854003906,17724000.0
2020-08-05,44.150001525878906,44.310001373291016,43.529998779296875,43.849998474121094,33.86067581176758,17175100.0
2020-08-06,43.400001525878906,43.900001525878906,43.25,43.63999938964844,33.69852066040039,14434900.0
2020-08-07,43.22999954223633,43.52000045776367,42.810001373291016,43.439998626708984,33.54407501220703,18757900.0
2020-08-10,43.9900016784668,44.599998474121094,43.599998474121094,44.5099983215332,34.370323181152344,24367800.0
2020-08-11,45.5,46.41999816894531,44.72999954223633,44.970001220703125,34.725528717041016,28987500.0
2020-08-12,44.459999084472656,44.939998626708984,43.630001068115234,44.09000015258789,34.71766662597656,22503200.0
2020-08-13,43.5,43.869998931884766,42.91999816894531,43.0099983215332,33.867244720458984,17338700.0
2020-08-14,42.599998474121094,43.279998779296875,42.40999984741211,43.20000076293945,34.01685333251953,13595700.0
2020-08-17,43.16999816894531,43.16999816894531,42.470001220703125,42.63999938964844,33.575889587402344,15554600.0
2020-08-18,42.59000015258789,43.189998626708984,42.290000915527344,42.43000030517578,33.41053771972656,13014000.0
2020-08-19,42.349998474121094,42.65999984741211,41.869998931884766,41.959999084472656,33.040435791015625,14473100.0
2020-08-20,41.689998626708984,41.88999938964844,41.29999923706055,41.31999969482422,32.53649139404297,15678500.0
2020-08-21,41.29999923706055,41.34000015258789,40.709999084472656,41.0099983215332,32.29238510131836,25517700.0
2020-08-24,41.279998779296875,42.5099983215332,41.09000015258789,42.220001220703125,33.24517822265625,18208900.0
2020-08-25,41.65999984741211,42.06999969482422,40.70000076293945,40.880001068115234,32.190025329589844,31285600.0
2020-08-26,40.63999938964844,40.84000015258789,40.0,40.0099983215332,31.504953384399414,26795000.0
2020-08-27,40.0,40.29999923706055,39.310001373291016,39.7400016784668,31.2923526763916,32034300.0
2020-08-28,39.84000015258789,40.91999816894531,39.7599983215332,40.689998626708984,32.04041290283203,33477100.0
2020-08-31,40.63999938964844,40.720001220703125,39.900001525878906,39.939998626708984,31.449840545654297,25259600.0
2020-09-01,39.75,39.75,39.04999923706055,39.43000030517578,31.04825210571289,22464100.0
2020-09-02,39.22999954223633,39.720001220703125,38.95000076293945,39.189998626708984,30.859277725219727,26413400.0
2020-09-03,39.20000076293945,40.029998779296875,38.880001068115234,39.11000061035156,30.796276092529297,28817200.0
2020-09-04,39.459999084472656,39.790000915527344,38.650001525878906,39.08000183105469,30.77265167236328,24632500.0
2020-09-07,39.459999084472656,39.790000915527344,38.650001525878906,39.08000183105469,30.77265167236328,24632500.0
2020-09-08,38.25,38.68000030517578,37.349998474121094,38.18000030517578,30.063968658447266,38496400.0
2020-09-09,38.349998474121094,38.84000015258789,37.91999816894531,37.95000076293945,29.882856369018555,25886100.0
2020-09-10,38.27000045776367,38.369998931884766,36.900001525878906,37.0,29.134801864624023,34381200.0
2020-09-11,37.130001068115234,37.310001373291016,36.4900016784668,36.900001525878906,29.056060791015625,26838600.0
2020-09-14,36.90999984741211,37.0099983215332,36.4900016784668,36.65999984741211,28.867076873779297,26129900.0
2020-09-15,36.79999923706055,37.380001068115234,36.209999084472656,36.27000045776367,28.55997657775879,23724200.0
2020-09-16,36.459999084472656,38.150001525878906,36.27000045776367,37.810001373291016,29.772615432739258,30890900.0
2020-09-17,37.349998474121094,37.97999954223633,36.970001220703125,37.79999923706055,29.764745712280273,24696200.0
2020-09-18,37.529998779296875,37.81999969482422,36.70000076293945,37.189998626708984,29.284414291381836,46853800.0
2020-09-21,36.43000030517578,36.709999084472656,35.68000030517578,36.43000030517578,28.685972213745117,35351800.0
2020-09-22,36.459999084472656,36.84000015258789,35.470001220703125,35.529998779296875,27.977291107177734,27303200.0
2020-09-23,35.650001525878906,35.790000915527344,34.349998474121094,34.38999938964844,27.079622268676758,31251400.0
2020-09-24,34.400001525878906,34.81999969482422,33.7599983215332,34.31999969482422,27.024497985839844,26796000.0
2020-09-25,34.0,34.939998626708984,33.880001068115234,34.63999938964844,27.276479721069336,23486000.0
2020-09-28,35.13999938964844,35.900001525878906,35.099998474121094,35.310001373291016,27.80405044555664,23396500.0
2020-09-29,35.0,35.11000061035156,33.9900016784668,34.279998779296875,26.99300193786621,20770500.0
2020-09-30,34.63999938964844,34.91999816894531,34.130001068115234,34.33000183105469,27.03237533569336,22223700.0
2020-10-01,33.790000915527344,34.099998474121094,32.939998626708984,33.130001068115234,26.087465286254883,36890200.0
2020-10-02,32.25,33.349998474121094,32.209999084472656,32.97999954223633,25.969345092773438,32694300.0
2020-10-05,33.31999969482422,33.75,33.16999816894531,33.7400016784668,26.56779670715332,22965200.0
2020-10-06,34.119998931884766,34.41999816894531,33.310001373291016,33.38999938964844,26.292190551757812,26731800.0
2020-10-07,33.63999938964844,33.7400016784668,33.209999084472656,33.5,26.378807067871094,23779300.0
2020-10-08,33.880001068115234,35.34000015258789,33.7599983215332,35.2599983215332,27.76468276977539,34413700.0
2020-10-09,35.68000030517578,35.95000076293945,34.650001525878906,34.7400016784668,27.355222702026367,29228600.0
2020-10-12,34.540000915527344,34.72999954223633,34.22999954223633,34.630001068115234,27.26860237121582,17912800.0
2020-10-13,34.72999954223633,34.869998931884766,34.099998474121094,34.220001220703125,26.945756912231445,20995100.0
2020-10-14,34.060001373291016,34.83000183105469,34.029998779296875,34.150001525878906,26.8906307220459,17743000.0
2020-10-15,33.70000076293945,34.459999084472656,33.27000045776367,34.45000076293945,27.126869201660156,23251600.0
2020-10-16,34.369998931884766,34.63999938964844,33.880001068115234,34.099998474121094,26.85126304626465,22627200.0
2020-10-19,34.099998474121094,34.369998931884766,33.38999938964844,33.41999816894531,26.31581687927246,23645800.0
2020-10-20,33.65999984741211,33.93000030517578,33.33000183105469,33.70000076293945,26.536296844482422,23040600.0
2020-10-21,33.5099983215332,33.619998931884766,33.13999938964844,33.15999984741211,26.111085891723633,28619300.0
2020-10-22,33.18000030517578,34.959999084472656,33.02000045776367,34.86000061035156,27.44971466064453,31831500.0
2020-10-23,34.970001220703125,35.08000183105469,33.86000061035156,34.15999984741211,26.898508071899414,27429100.0
2020-10-26,33.61000061035156,33.77000045776367,32.95000076293945,33.349998474121094,26.26069450378418,30888700.0
2020-10-27,33.150001525878906,33.20000076293945,32.70000076293945,32.81999969482422,25.84335708618164,27100700.0
2020-10-28,32.099998474121094,32.380001068115234,31.520000457763672,31.56999969482422,24.85907554626465,42136400.0
2020-10-29,31.40999984741211,33.130001068115234,31.110000610351562,32.970001220703125,25.961477279663086,38622800.0
2020-10-30,32.40999984741211,33.13999938964844,32.0099983215332,32.619998931884766,25.685869216918945,47885700.0
2020-11-02,33.13999938964844,34.459999084472656,32.56999969482422,33.9900016784668,26.764646530151367,40130300.0
2020-11-03,34.4900016784668,34.4900016784668,33.130001068115234,33.40999984741211,26.307937622070312,36773000.0
2020-11-04,33.27000045776367,34.13999938964844,32.529998779296875,33.22999954223633,26.16620635986328,35410100.0
2020-11-05,33.369998931884766,33.91999816894531,33.13999938964844,33.16999816894531,26.118953704833984,30824100.0
2020-11-06,33.099998474121094,33.65999984741211,32.619998931884766,32.779998779296875,25.811861038208008,33985600.0
2020-11-09,36.41999816894531,38.0099983215332,36.060001373291016,36.93000030517578,29.07968521118164,76879400.0
2020-11-10,37.04999923706055,37.43000030517578,35.97999954223633,36.86000061035156,29.72481918334961,49055400.0
2020-11-11,37.09000015258789,37.119998931884766,36.189998626708984,36.47999954223633,29.41837501525879,34124500.0
2020-11-12,35.86000061035156,36.290000915527344,34.869998931884766,35.22999954223633,28.410348892211914,30933700.0
2020-11-13,35.400001525878906,36.25,35.380001068115234,36.08000183105469,29.095813751220703,29241500.0
2020-11-16,37.59000015258789,38.16999816894531,37.099998474121094,38.15999984741211,30.773174285888672,38596800.0
2020-11-17,37.810001373291016,38.709999084472656,37.380001068115234,38.66999816894531,31.184450149536133,26521100.0
2020-11-18,39.02000045776367,39.130001068115234,37.20000076293945,37.209999084472656,30.0070743560791,31068000.0
2020-11-19,36.86000061035156,37.5,36.560001373291016,37.400001525878906,30.16029167175293,26954400.0
2020-11-20,37.349998474121094,37.40999984741211,36.779998779296875,36.939998626708984,29.789339065551758,18351000.0
2020-11-23,37.5,39.43000030517578,37.279998779296875,39.36000061035156,31.740894317626953,29367600.0
2020-11-24,40.5099983215332,42.08000183105469,40.220001220703125,41.97999954223633,33.85371780395508,46979300.0
2020-11-25,41.66999816894531,41.709999084472656,40.650001525878906,40.810001373291016,32.91019821166992,28178200.0
2020-11-26,41.66999816894531,41.709999084472656,40.650001525878906,40.810001373291016,32.91019821166992,28178200.0
2020-11-27,40.70000076293945,40.939998626708984,39.869998931884766,40.189998626708984,32.410221099853516,14971900.0
2020-11-30,39.79999923706055,39.880001068115234,37.970001220703125,38.130001068115234,30.74898338317871,45614300.0
2020-12-01,38.959999084472656,39.650001525878906,38.470001220703125,38.5,31.047359466552734,32472900.0
2020-12-02,38.38999938964844,40.41999816894531,38.34000015258789,39.939998626708984,32.208614349365234,29369500.0
2020-12-03,40.06999969482422,40.63999938964844,39.72999954223633,40.209999084472656,32.42634582519531,27038900.0
2020-12-04,40.77000045776367,41.7599983215332,40.650001525878906,41.68000030517578,33.61178207397461,28723600.0
2020-12-07,41.41999816894531,41.540000915527344,40.66999816894531,40.900001525878906,32.982784271240234,24899400.0
2020-12-08,40.529998779296875,42.59000015258789,40.439998626708984,42.2400016784668,34.063392639160156,32573800.0
2020-12-09,42.709999084472656,43.72999954223633,42.380001068115234,42.79999923706055,34.51498031616211,37824800.0
2020-12-10,43.20000076293945,44.470001220703125,42.7599983215332,44.0099983215332,35.490760803222656,38058700.0
2020-12-11,43.70000076293945,43.93000030517578,43.209999084472656,43.79999923706055,35.3214111328125,25478800.0
2020-12-14,44.34000015258789,44.459999084472656,42.18000030517578,42.220001220703125,34.047264099121094,30595000.0
2020-12-15,42.439998626708984,43.220001220703125,42.060001373291016,43.040000915527344,34.708526611328125,27138400.0
2020-12-16,43.75,44.11000061035156,42.959999084472656,43.70000076293945,35.24077224731445,34273000.0
2020-12-17,44.0,44.040000915527344,43.400001525878906,43.47999954223633,35.06336212158203,21204600.0
2020-12-18,43.27000045776367,43.779998779296875,42.41999816894531,42.72999954223633,34.458534240722656,46596800.0
2020-12-21,41.11000061035156,42.08000183105469,40.529998779296875,41.95000076293945,33.829524993896484,27869500.0
2020-12-22,41.58000183105469,41.900001525878906,41.22999954223633,41.2400016784668,33.256961822509766,21792900.0
2020-12-23,41.5099983215332,42.38999938964844,41.459999084472656,41.77000045776367,33.68437957763672,19085900.0
2020-12-24,41.650001525878906,41.849998474121094,41.380001068115234,41.599998474121094,33.54727554321289,8039000.0
2020-12-25,41.650001525878906,41.849998474121094,41.380001068115234,41.599998474121094,33.54727554321289,8039000.0
2020-12-28,41.689998626708984,42.54999923706055,41.52000045776367,41.7400016784668,33.660186767578125,23877500.0
2020-12-29,42.040000915527344,42.119998931884766,41.20000076293945,41.27000045776367,33.28115463256836,20287700.0
2020-12-30,41.33000183105469,42.41999816894531,41.27000045776367,41.599998474121094,33.54727554321289,23807300.0
2020-12-31,41.470001220703125,41.68000030517578,40.970001220703125,41.220001220703125,33.24083709716797,22786500.0
2021-01-01,41.470001220703125,41.68000030517578,40.970001220703125,41.220001220703125,33.24083709716797,22786500.0
2021-01-04,41.45000076293945,42.25,41.0,41.5,33.46663284301758,27764700.0
2021-01-05,41.84000015258789,44.79999923706055,41.83000183105469,43.5,35.07948303222656,44035100.0
2021-01-06,44.40999984741211,45.099998474121094,43.70000076293945,44.61000061035156,35.9746208190918,36484800.0
2021-01-07,45.0,45.56999969482422,44.529998779296875,44.959999084472656,36.25686264038086,29528100.0
2021-01-08,45.20000076293945,45.81999969482422,44.95000076293945,45.459999084472656,36.66007614135742,28628200.0
2021-01-11,45.040000915527344,47.13999938964844,44.75,46.84000015258789,37.772945404052734,38246200.0
2021-01-12,47.459999084472656,48.16999816894531,46.90999984741211,47.880001068115234,38.61162567138672,36915100.0
2021-01-13,48.529998779296875,48.709999084472656,47.689998626708984,48.41999816894531,39.047096252441406,29000300.0
2021-01-14,48.5,51.08000183105469,48.5,50.310001373291016,40.57124328613281,35474800.0
2021-01-15,48.90999984741211,49.08000183105469,47.290000915527344,47.88999938964844,38.61969757080078,42411300.0
2021-01-18,48.90999984741211,49.08000183105469,47.290000915527344,47.88999938964844,38.61969757080078,42411300.0
2021-01-19,48.45000076293945,49.439998626708984,48.349998474121094,48.84000015258789,39.38579559326172,24932600.0
2021-01-20,49.11000061035156,49.7400016784668,48.9900016784668,49.529998779296875,39.942222595214844,22342400.0
2021-01-21,49.33000183105469,49.38999938964844,47.68000030517578,48.11000061035156,38.79710388183594,29044500.0
2021-01-22,47.0099983215332,47.63999938964844,46.63999938964844,47.43000030517578,38.24873352050781,23264800.0
2021-01-25,46.900001525878906,47.04999923706055,46.15999984741211,46.900001525878906,37.821327209472656,26395800.0
2021-01-26,47.2599983215332,47.86000061035156,45.849998474121094,45.869998931884766,36.99071502685547,23976800.0
2021-01-27,45.0,46.65999984741211,44.529998779296875,45.349998474121094,36.57137680053711,32410300.0
2021-01-28,45.939998626708984,46.59000015258789,45.689998626708984,46.060001373291016,37.14393615722656,24967200.0
2021-01-29,45.54999923706055,46.040000915527344,44.5099983215332,44.84000015258789,36.16008758544922,38961100.0
2021-02-01,45.58000183105469,45.58000183105469,44.290000915527344,44.91999816894531,36.224613189697266,24412400.0
2021-02-02,45.810001373291016,46.9900016784668,45.279998779296875,45.630001068115234,36.79717254638672,31940400.0
2021-02-03,45.630001068115234,47.66999816894531,45.41999816894531,47.41999816894531,38.24067306518555,28459300.0
2021-02-04,47.880001068115234,48.380001068115234,47.25,48.33000183105469,38.974510192871094,25280300.0
2021-02-05,49.18000030517578,50.119998931884766,49.040000915527344,49.95000076293945,40.28092956542969,34980100.0
2021-02-08,50.91999816894531,52.36000061035156,50.709999084472656,52.099998474121094,42.014739990234375,36998700.0
2021-02-09,50.66999816894531,50.959999084472656,49.77000045776367,50.630001068115234,41.522666931152344,28977000.0
2021-02-10,50.630001068115234,51.41999816894531,50.38999938964844,51.119998931884766,41.924522399902344,25723800.0
2021-02-11,50.88999938964844,50.93000030517578,48.779998779296875,49.84000015258789,40.87477493286133,26972200.0
2021-02-12,49.43000030517578,50.709999084472656,49.40999984741211,50.52000045776367,41.43246078491211,19756700.0
2021-02-15,49.43000030517578,50.709999084472656,49.40999984741211,50.52000045776367,41.43246078491211,19756700.0
2021-02-16,51.959999084472656,52.529998779296875,51.619998931884766,52.040000915527344,42.679039001464844,28060100.0
2021-02-17,52.349998474121094,53.27000045776367,51.79999923706055,52.849998474121094,43.34333419799805,25509700.0
2021-02-18,52.810001373291016,52.939998626708984,51.86000061035156,52.02000045776367,42.66263198852539,20627600.0
2021-02-19,52.11000061035156,52.560001373291016,51.91999816894531,52.369998931884766,42.94967269897461,22607200.0
2021-02-22,52.59000015258789,54.810001373291016,52.59000015258789,54.29999923706055,44.532508850097656,36435100.0
2021-02-23,54.97999954223633,55.2599983215332,53.7400016784668,55.04999923706055,45.1475944519043,33527900.0
2021-02-24,55.189998626708984,57.0,54.869998931884766,56.70000076293945,46.50079345703125,28728600.0
2021-02-25,56.97999954223633,57.25,55.349998474121094,55.7599983215332,45.72987747192383,29670900.0
2021-02-26,54.40999984741211,55.060001373291016,53.119998931884766,54.369998931884766,44.58990478515625,35291000.0
2021-03-01,56.470001220703125,57.61000061035156,56.130001068115234,56.400001525878906,46.254764556884766,36998300.0
2021-03-02,56.650001525878906,56.959999084472656,56.02000045776367,56.06999969482422,45.9841194152832,30302600.0
2021-03-03,56.41999816894531,57.959999084472656,55.880001068115234,56.52000045776367,46.3531608581543,35358900.0
2021-03-04,57.119998931884766,59.470001220703125,57.099998474121094,58.709999084472656,48.14923095703125,52137500.0
2021-03-05,59.83000183105469,61.04999923706055,59.11000061035156,60.93000030517578,49.96990203857422,51429800.0
2021-03-08,61.58000183105469,61.61000061035156,59.81999969482422,60.869998931884766,49.920692443847656,38154600.0
2021-03-09,60.61000061035156,61.38999938964844,59.470001220703125,59.93000030517578,49.1497802734375,35645900.0
2021-03-10,60.52000045776367,61.91999816894531,60.029998779296875,61.77000045776367,50.658809661865234,31579100.0
2021-03-11,61.779998779296875,62.54999923706055,61.2599983215332,61.310001373291016,50.28155517578125,24802600.0
2021-03-12,61.54999923706055,62.369998931884766,61.5,61.970001220703125,50.82282638549805,20422700.0
2021-03-15,61.4900016784668,61.86000061035156,59.869998931884766,60.38999938964844,49.52703094482422,31243600.0
2021-03-16,59.540000915527344,59.65999984741211,58.439998626708984,59.11000061035156,48.47728729248047,30624800.0
2021-03-17,58.689998626708984,59.72999954223633,58.619998931884766,59.369998931884766,48.69051742553711,25575500.0
2021-03-18,58.810001373291016,58.970001220703125,56.52000045776367,56.810001373291016,46.59101104736328,38622800.0
2021-03-19,56.709999084472656,57.470001220703125,55.810001373291016,56.4900016784668,46.328582763671875,84439400.0
2021-03-22,56.5,56.86000061035156,55.900001525878906,55.90999984741211,45.852901458740234,29315100.0
2021-03-23,54.939998626708984,56.290000915527344,54.45000076293945,55.220001220703125,45.28702163696289,33493300.0
2021-03-24,56.08000183105469,57.279998779296875,56.08000183105469,56.34000015258789,46.20555114746094,29781800.0
2021-03-25,55.209999084472656,56.5,54.5,56.18000030517578,46.0743293762207,31495900.0
2021-03-26,57.29999923706055,57.779998779296875,56.52000045776367,57.709999084472656,47.32912063598633,34226500.0
2021-03-29,57.34000015258789,57.81999969482422,56.7400016784668,57.400001525878906,47.07487869262695,21144400.0
2021-03-30,56.86000061035156,57.36000061035156,56.4900016784668,56.689998626708984,46.49259567260742,20303400.0
2021-03-31,56.349998474121094,56.630001068115234,55.79999923706055,55.83000183105469,45.787288665771484,23686500.0
2021-04-01,56.31999969482422,57.45000076293945,56.13999938964844,57.38999938964844,47.066680908203125,23194500.0
2021-04-02,56.31999969482422,57.45000076293945,56.13999938964844,57.38999938964844,47.066680908203125,23194500.0
2021-04-05,57.29999923706055,57.31999969482422,56.13999938964844,56.5,46.33677673339844,23264800.0
2021-04-06,56.84000015258789,57.540000915527344,56.2599983215332,56.34000015258789,46.20555114746094,18926300.0
2021-04-07,56.38999938964844,56.77000045776367,56.2400016784668,56.59000015258789,46.41058349609375,22385000.0
2021-04-08,55.93000030517578,56.08000183105469,55.31999969482422,56.0,45.92670822143555,21999300.0
2021-04-09,56.0,56.439998626708984,55.529998779296875,55.869998931884766,45.82008743286133,20020700.0
2021-04-12,56.7599983215332,56.790000915527344,55.310001373291016,55.5,45.51665496826172,20238800.0
2021-04-13,55.29999923706055,55.97999954223633,55.09000015258789,55.709999084472656,45.68888473510742,19370600.0
2021-04-14,56.40999984741211,58.0099983215332,56.25,57.31999969482422,47.00926971435547,28051100.0
2021-04-15,57.41999816894531,57.41999816894531,56.779998779296875,56.97999954223633,46.73042678833008,23250300.0
2021-04-16,57.36000061035156,57.68000030517578,56.439998626708984,56.65999984741211,46.467994689941406,22752000.0
2021-04-19,56.75,57.13999938964844,55.959999084472656,56.47999954223633,46.32036209106445,21123300.0
2021-04-20,56.470001220703125,56.470001220703125,54.779998779296875,55.290000915527344,45.34443283081055,21782100.0
2021-04-21,54.5,56.130001068115234,54.29999923706055,56.0,45.92670822143555,16625600.0
2021-04-22,55.9900016784668,55.9900016784668,55.02000045776367,55.27000045776367,45.32801818847656,21600100.0
2021-04-23,55.27000045776367,55.939998626708984,55.18000030517578,55.56999969482422,45.574058532714844,15337900.0
2021-04-26,55.470001220703125,56.290000915527344,55.439998626708984,55.68000030517578,45.664268493652344,16083800.0
2021-04-27,56.0099983215332,56.630001068115234,55.810001373291016,56.40999984741211,46.262962341308594,19278600.0
2021-04-28,56.90999984741211,58.459999084472656,56.790000915527344,58.11000061035156,47.65716552734375,24729800.0
2021-04-29,58.91999816894531,59.47999954223633,58.150001525878906,58.939998626708984,48.337860107421875,27318400.0
2021-04-30,58.33000183105469,58.88999938964844,57.15999984741211,57.2400016784668,46.94366455078125,30518400.0
2021-05-03,57.97999954223633,58.9900016784668,57.7400016784668,58.81999969482422,48.239444732666016,20509600.0
2021-05-04,59.0,59.5,58.5099983215332,59.189998626708984,48.54288864135742,23522200.0
2021-05-05,59.77000045776367,61.04999923706055,59.400001525878906,60.970001220703125,50.00270462036133,31526200.0
2021-05-06,60.86000061035156,61.63999938964844,60.029998779296875,61.54999923706055,50.47837829589844,26836800.0
2021-05-07,61.06999969482422,62.470001220703125,60.849998474121094,62.43000030517578,51.200077056884766,33610600.0
2021-05-10,63.2400016784668,64.0199966430664,62.529998779296875,62.58000183105469,51.32309341430664,31956600.0
2021-05-11,61.630001068115234,62.38999938964844,60.38999938964844,60.59000015258789,49.6910514831543,34563800.0
2021-05-12,60.0099983215332,61.68000030517578,59.75,60.040000915527344,49.95732879638672,34426500.0
2021-05-13,59.0,60.45000076293945,58.75,59.29999923706055,49.341590881347656,24268200.0
2021-05-14,59.93000030517578,60.880001068115234,59.93000030517578,60.77000045776367,50.564735412597656,20735400.0
2021-05-17,60.540000915527344,62.25,60.43000030517578,62.189998626708984,51.74626541137695,25282500.0
2021-05-18,62.0,62.29999923706055,60.400001525878906,60.43000030517578,50.281829833984375,25170800.0
2021-05-19,59.099998474121094,59.86000061035156,58.41999816894531,58.97999954223633,49.07533645629883,28889800.0
2021-05-20,58.95000076293945,59.150001525878906,58.2400016784668,58.84000015258789,48.95884704589844,20692500.0
2021-05-21,59.41999816894531,59.83000183105469,58.849998474121094,58.91999816894531,49.02540969848633,20792700.0
2021-05-24,59.08000183105469,59.79999923706055,58.689998626708984,59.61000061035156,49.59953689575195,18400300.0
2021-05-25,59.5,59.540000915527344,58.119998931884766,58.2599983215332,48.47623825073242,25616100.0
2021-05-26,58.25,59.119998931884766,57.900001525878906,58.939998626708984,49.04205322265625,21698700.0
2021-05-27,59.22999954223633,59.70000076293945,58.02000045776367,58.560001373291016,48.72587585449219,33556000.0
2021-05-28,58.72999954223633,58.79999923706055,58.11000061035156,58.369998931884766,48.567771911621094,19246800.0
2021-05-31,58.72999954223633,58.79999923706055,58.11000061035156,58.369998931884766,48.567771911621094,19246800.0
2021-06-01,59.45000076293945,60.70000076293945,59.45000076293945,60.459999084472656,50.306800842285156,28474200.0
2021-06-02,60.75,61.310001373291016,60.16999816894531,60.939998626708984,50.70618438720703,22978300.0
2021-06-03,60.54999923706055,61.40999984741211,60.349998474121094,61.18000030517578,50.9058837890625,20272800.0
2021-06-04,61.459999084472656,61.70000076293945,60.779998779296875,61.45000076293945,51.13053512573242,20427800.0
2021-06-07,61.33000183105469,61.72999954223633,61.02000045776367,61.04999923706055,50.79771423339844,15477900.0
2021-06-08,61.5,62.47999954223633,60.66999816894531,62.130001068115234,51.696346282958984,28953400.0
2021-06-09,62.66999816894531,63.41999816894531,62.189998626708984,62.650001525878906,52.12902069091797,29133000.0
2021-06-10,63.61000061035156,63.97999954223633,62.25,62.75,52.21221923828125,27488700.0
2021-06-11,63.0099983215332,63.189998626708984,62.13999938964844,62.16999816894531,51.72962188720703,17631700.0
2021-06-14,62.29999923706055,62.779998779296875,61.56999969482422,62.06999969482422,51.64642333984375,16997200.0
2021-06-15,62.47999954223633,64.4000015258789,62.349998474121094,64.33000183105469,53.526893615722656,30717100.0
2021-06-16,64.31999969482422,64.80000305175781,63.560001373291016,64.0999984741211,53.33551788330078,24803200.0
2021-06-17,63.86000061035156,64.45999908447266,61.27000045776367,61.9900016784668,51.57984924316406,28491800.0
2021-06-18,61.0,61.54999923706055,60.2400016784668,60.400001525878906,50.256866455078125,39590700.0
2021-06-21,60.93000030517578,62.70000076293945,60.900001525878906,62.59000015258789,52.07909393310547,33145400.0
2021-06-22,62.849998474121094,64.01000213623047,62.22999954223633,63.790000915527344,53.07758331298828,25140400.0
2021-06-23,64.05000305175781,64.69999694824219,63.58000183105469,64.26000213623047,53.468650817871094,20701600.0
2021-06-24,64.1500015258789,64.55999755859375,63.810001373291016,64.5199966430664,53.68497848510742,19568400.0
2021-06-25,64.61000061035156,64.93000030517578,64.36000061035156,64.66000366210938,53.80147171020508,18438300.0
2021-06-28,64.55999755859375,64.55999755859375,62.75,63.0099983215332,52.428565979003906,20570000.0
2021-06-29,63.209999084472656,63.77000045776367,62.59000015258789,62.619998931884766,52.10404968261719,19579300.0
2021-06-30,62.70000076293945,63.22999954223633,62.45000076293945,63.08000183105469,52.486812591552734,17875500.0
2021-07-01,64.33000183105469,64.41999816894531,62.77000045776367,63.2599983215332,52.63658142089844,22530300.0
2021-07-02,63.0099983215332,63.31999969482422,62.41999816894531,63.16999816894531,52.56169128417969,14555300.0
2021-07-05,63.0099983215332,63.31999969482422,62.41999816894531,63.16999816894531,52.56169128417969,14555300.0
2021-07-06,62.75,62.7599983215332,60.900001525878906,61.369998931884766,51.063968658447266,22110800.0
2021-07-07,61.18000030517578,61.810001373291016,59.619998931884766,60.40999984741211,50.26518249511719,21671400.0
2021-07-08,59.45000076293945,60.709999084472656,59.310001373291016,60.13999938964844,50.040523529052734,18935900.0
2021-07-09,60.70000076293945,61.45000076293945,60.2400016784668,61.22999954223633,50.947486877441406,20086000.0
2021-07-12,60.41999816894531,61.5,60.15999984741211,61.16999816894531,50.897552490234375,21809400.0
2021-07-13,61.0,61.5099983215332,60.5099983215332,60.880001068115234,50.65626525878906,17147300.0
2021-07-14,61.16999816894531,61.72999954223633,59.36000061035156,59.529998779296875,49.532962799072266,21573600.0
2021-07-15,59.16999816894531,59.70000076293945,58.77000045776367,58.95000076293945,49.05037307739258,15851100.0
2021-07-16,59.18000030517578,59.2599983215332,57.150001525878906,57.31999969482422,47.69409942626953,27049500.0
2021-07-19,55.63999938964844,56.20000076293945,54.599998474121094,55.349998474121094,46.054931640625,37969100.0
2021-07-20,55.5,56.599998474121094,55.029998779296875,55.959999084472656,46.56248092651367,26756100.0
2021-07-21,56.86000061035156,58.29999923706055,56.83000183105469,57.7599983215332,48.060203552246094,20908700.0
2021-07-22,57.72999954223633,57.7400016784668,56.65999984741211,57.11000061035156,47.51937484741211,13493800.0
2021-07-23,57.290000915527344,57.290000915527344,56.470001220703125,57.040000915527344,47.461116790771484,14088200.0
2021-07-26,57.15999984741211,58.650001525878906,57.0,58.47999954223633,48.65929412841797,18387600.0
2021-07-27,58.0099983215332,58.0099983215332,57.209999084472656,57.83000183105469,48.11845779418945,16861400.0
2021-07-28,58.0,58.630001068115234,57.619998931884766,58.220001220703125,48.44295883178711,16855300.0
2021-07-29,59.0,59.33000183105469,58.560001373291016,58.93000030517578,49.03372573852539,18607800.0
2021-07-30,58.880001068115234,58.880001068115234,57.31999969482422,57.56999969482422,47.902103424072266,28652800.0
2021-08-02,57.54999923706055,59.060001373291016,57.400001525878906,57.58000183105469,47.91044235229492,20873800.0
2021-08-03,57.56999969482422,58.40999984741211,56.93000030517578,58.20000076293945,48.42632293701172,18208200.0
2021-08-04,57.189998626708984,57.880001068115234,56.810001373291016,56.84000015258789,47.294708251953125,20868300.0
2021-08-05,57.130001068115234,57.70000076293945,56.83000183105469,57.20000076293945,47.59425735473633,15180200.0
2021-08-06,57.65999984741211,58.06999969482422,57.529998779296875,57.86000061035156,48.14341354370117,14888500.0
2021-08-09,57.130001068115234,57.52000045776367,56.83000183105469,57.20000076293945,47.59425735473633,17828200.0
2021-08-10,57.41999816894531,58.36000061035156,57.29999923706055,58.18000030517578,48.4096794128418,16340200.0
2021-08-11,58.189998626708984,58.5,57.720001220703125,58.349998474121094,48.551124572753906,18278600.0
2021-08-12,57.400001525878906,57.790000915527344,56.869998931884766,57.349998474121094,48.44132995605469,19225500.0
2021-08-13,57.029998779296875,57.06999969482422,56.29999923706055,56.77000045776367,47.951419830322266,20063000.0
2021-08-16,56.02000045776367,56.09000015258789,55.27000045776367,55.939998626708984,47.2503547668457,16959500.0
2021-08-17,55.5,56.29999923706055,55.0,55.560001373291016,46.92938232421875,16243700.0
2021-08-18,55.41999816894531,55.810001373291016,54.310001373291016,54.38999938964844,45.941131591796875,21890500.0
2021-08-19,53.470001220703125,53.709999084472656,52.099998474121094,52.72999954223633,44.53898620605469,30923500.0
2021-08-20,52.27000045776367,53.13999938964844,52.11000061035156,52.7400016784668,44.54743957519531,16918300.0
2021-08-23,53.95000076293945,55.060001373291016,53.95000076293945,54.90999984741211,46.380348205566406,21632600.0
2021-08-24,55.290000915527344,55.849998474121094,55.0099983215332,55.36000061035156,46.760440826416016,17915600.0
2021-08-25,55.2400016784668,55.77000045776367,54.869998931884766,55.459999084472656,46.844913482666016,13270300.0
2021-08-26,55.20000076293945,55.540000915527344,54.630001068115234,54.709999084472656,46.21142578125,11842600.0
2021-08-27,55.400001525878906,56.209999084472656,55.400001525878906,55.77000045776367,47.10675811767578,15822500.0
2021-08-30,56.2400016784668,56.34000015258789,55.119998931884766,55.15999984741211,46.59151077270508,14086100.0
2021-08-31,54.93000030517578,55.310001373291016,54.459999084472656,54.52000045776367,46.050933837890625,27104100.0
2021-09-01,54.4900016784668,54.7599983215332,53.599998474121094,53.77000045776367,45.41743469238281,21644100.0
2021-09-02,54.290000915527344,55.63999938964844,54.27000045776367,55.08000183105469,46.5239372253418,23293300.0
2021-09-03,55.119998931884766,55.31999969482422,54.599998474121094,54.869998931884766,46.34656524658203,13840000.0
2021-09-06,55.119998931884766,55.31999969482422,54.599998474121094,54.869998931884766,46.34656524658203,13840000.0
2021-09-07,54.66999816894531,55.27000045776367,54.470001220703125,54.54999923706055,46.07627487182617,14354400.0
2021-09-08,54.790000915527344,55.18000030517578,54.0099983215332,54.04999923706055,45.6539421081543,18756700.0
2021-09-09,53.619998931884766,55.0,53.29999923706055,54.09000015258789,45.6877326965332,19110800.0
2021-09-10,55.189998626708984,55.22999954223633,53.95000076293945,53.97999954223633,45.59482192993164,15123700.0
2021-09-13,54.650001525878906,55.93000030517578,54.619998931884766,55.369998931884766,46.76889419555664,22052300.0
2021-09-14,55.689998626708984,55.77000045776367,54.40999984741211,54.58000183105469,46.10161590576172,19940300.0
2021-09-15,55.369998931884766,56.529998779296875,55.310001373291016,56.41999816894531,47.655792236328125,23240900.0
2021-09-16,56.459999084472656,56.459999084472656,55.5,55.81999969482422,47.14899444580078,17907200.0
2021-09-17,55.34000015258789,56.75,55.099998474121094,55.15999984741211,46.59151077270508,30000400.0
2021-09-20,53.779998779296875,54.16999816894531,52.959999084472656,53.689998626708984,45.3498649597168,27555100.0
2021-09-21,54.369998931884766,54.5099983215332,53.25,53.63999938964844,45.30763244628906,19696800.0
2021-09-22,54.43000030517578,55.90999984741211,54.369998931884766,55.209999084472656,46.63374710083008,25690600.0
2021-09-23,55.41999816894531,57.2400016784668,55.279998779296875,57.08000183105469,48.213260650634766,23069400.0
2021-09-24,56.70000076293945,57.81999969482422,56.68000030517578,57.59000015258789,48.64405059814453,22328600.0
2021-09-27,58.849998474121094,59.79999923706055,58.81999969482422,59.29999923706055,50.08841323852539,32972200.0
2021-09-28,59.900001525878906,60.47999954223633,59.5099983215332,59.91999816894531,50.61209487915039,37619300.0
2021-09-29,59.84000015258789,60.189998626708984,59.04999923706055,59.880001068115234,50.57831954956055,23422800.0
2021-09-30,60.119998931884766,60.16999816894531,58.810001373291016,58.81999969482422,49.6829719543457,31289600.0
2021-10-01,59.40999984741211,60.9900016784668,59.40999984741211,60.93000030517578,51.465213775634766,24407300.0
2021-10-04,61.31999969482422,62.06999969482422,60.95000076293945,61.720001220703125,52.132503509521484,33946700.0
2021-10-05,62.52000045776367,62.70000076293945,61.02000045776367,61.619998931884766,52.048030853271484,29641600.0
2021-10-06,60.470001220703125,61.119998931884766,59.75,60.4900016784668,51.09356689453125,25284900.0
2021-10-07,60.61000061035156,61.08000183105469,60.13999938964844,60.65999984741211,51.237152099609375,19513600.0
2021-10-08,61.25,62.41999816894531,61.25,62.18000030517578,52.52104187011719,22186900.0
2021-10-11,63.029998779296875,63.060001373291016,61.5,61.560001373291016,51.99735641479492,22121500.0
2021-10-12,61.56999969482422,61.97999954223633,60.849998474121094,61.2400016784668,51.72705841064453,20198600.0
2021-10-13,60.779998779296875,61.38999938964844,60.209999084472656,61.06999969482422,51.583465576171875,14991700.0
2021-10-14,61.709999084472656,62.220001220703125,61.16999816894531,62.0,52.36899948120117,18594500.0
2021-10-15,62.72999954223633,63.06999969482422,62.439998626708984,62.59000015258789,52.86735153198242,16092600.0
2021-10-18,63.09000015258789,63.13999938964844,62.27000045776367,62.560001373291016,52.84201431274414,18282800.0
2021-10-19,62.869998931884766,63.61000061035156,62.66999816894531,63.5,53.63599395751953,18933200.0
2021-10-20,62.88999938964844,63.869998931884766,62.720001220703125,63.849998474121094,53.931617736816406,14305200.0
2021-10-21,63.470001220703125,63.63999938964844,62.349998474121094,62.689998626708984,52.951812744140625,16564600.0
2021-10-22,62.77000045776367,63.220001220703125,62.349998474121094,63.119998931884766,53.31502151489258,14266800.0
2021-10-25,63.720001220703125,64.41999816894531,63.58000183105469,64.3499984741211,54.353946685791016,17939800.0
2021-10-26,64.48999786376953,65.94000244140625,64.36000061035156,65.83999633789062,55.61249923706055,25585100.0
2021-10-27,65.16000366210938,65.25,63.97999954223633,64.12999725341797,54.168121337890625,21764500.0
2021-10-28,63.81999969482422,64.47000122070312,63.630001068115234,64.30999755859375,54.32016372680664,16626400.0
2021-10-29,65.05000305175781,65.36000061035156,64.33000183105469,64.47000122070312,54.45530700683594,23966300.0
2021-11-01,65.06999969482422,66.08000183105469,65.0199966430664,65.62999725341797,55.435115814208984,19656400.0
2021-11-02,65.02999877929688,65.44999694824219,64.66000366210938,64.81999969482422,54.75094985961914,16300000.0
2021-11-03,64.04000091552734,64.44999694824219,63.65999984741211,63.93000030517578,53.99919509887695,17372800.0
2021-11-04,64.68000030517578,64.88999938964844,63.83000183105469,64.41000366210938,54.40463638305664,17720100.0
2021-11-05,65.05000305175781,65.33000183105469,64.55999755859375,65.0199966430664,54.91987609863281,18565100.0
2021-11-08,65.55000305175781,66.37999725341797,65.37999725341797,65.72000122070312,55.51114273071289,17696000.0
2021-11-09,65.7699966430664,66.37000274658203,65.30999755859375,66.36000061035156,56.05171585083008,18781300.0
2021-11-10,65.31999969482422,65.6500015258789,63.77000045776367,64.19000244140625,54.947471618652344,20177200.0
2021-11-11,64.19000244140625,64.83000183105469,64.0199966430664,64.30999755859375,55.05018615722656,13319300.0
2021-11-12,63.959999084472656,64.37000274658203,63.58000183105469,63.81999969482422,54.630741119384766,18158900.0
2021-11-15,63.7599983215332,64.7699966430664,63.220001220703125,64.37000274658203,55.10155487060547,18849200.0
2021-11-16,64.33999633789062,65.37000274658203,64.33999633789062,65.0199966430664,55.657958984375,17028700.0
2021-11-17,64.37999725341797,65.23999786376953,64.18000030517578,64.30999755859375,55.05018615722656,15497000.0
2021-11-18,64.16000366210938,64.52999877929688,63.11000061035156,63.61000061035156,54.45098114013672,16948200.0
2021-11-19,61.88999938964844,62.029998779296875,60.40999984741211,60.66999816894531,51.934303283691406,32035500.0
2021-11-22,60.31999969482422,62.540000915527344,60.31999969482422,61.5099983215332,52.653350830078125,21994400.0
2021-11-23,62.189998626708984,63.380001068115234,61.91999816894531,63.130001068115234,54.04008483886719,21185900.0
2021-11-24,62.58000183105469,63.849998474121094,62.58000183105469,63.47999954223633,54.33970642089844,15869700.0
2021-11-25,62.58000183105469,63.849998474121094,62.58000183105469,63.47999954223633,54.33970642089844,15869700.0
2021-11-26,60.52000045776367,61.41999816894531,59.540000915527344,61.25,52.430782318115234,24979600.0
2021-11-29,62.56999969482422,63.13999938964844,61.290000915527344,61.59000015258789,52.721832275390625,18946400.0
2021-11-30,60.459999084472656,61.189998626708984,59.65999984741211,59.84000015258789,51.22380447387695,34979800.0
2021-12-01,60.900001525878906,62.029998779296875,59.75,59.790000915527344,51.18101501464844,30630600.0
2021-12-02,59.7400016784668,61.58000183105469,59.13999938964844,61.279998779296875,52.45646667480469,29216000.0
2021-12-03,61.91999816894531,62.22999954223633,60.349998474121094,60.88999938964844,52.12261962890625,22014700.0
2021-12-06,61.720001220703125,62.15999984741211,61.41999816894531,61.58000183105469,52.71327590942383,19210500.0
2021-12-07,62.34000015258789,63.029998779296875,62.099998474121094,62.27000045776367,53.30392074584961,19800400.0
2021-12-08,62.61000061035156,63.189998626708984,62.34000015258789,62.45000076293945,53.4580078125,18214400.0
2021-12-09,62.04999923706055,62.77000045776367,61.810001373291016,62.61000061035156,53.59496307373047,16910300.0
2021-12-10,63.27000045776367,63.349998474121094,62.22999954223633,63.0099983215332,53.9373779296875,17942400.0
2021-12-13,62.470001220703125,62.720001220703125,61.349998474121094,61.630001068115234,52.756072998046875,17793700.0
2021-12-14,61.2599983215332,62.470001220703125,61.220001220703125,61.540000915527344,52.679039001464844,22551100.0
2021-12-15,61.189998626708984,61.5,60.0099983215332,61.27000045776367,52.44791793823242,19961900.0
2021-12-16,61.439998626708984,62.45000076293945,61.29999923706055,61.369998931884766,52.533504486083984,21187800.0
2021-12-17,60.95000076293945,61.279998779296875,59.689998626708984,60.029998779296875,51.38645553588867,44338100.0
2021-12-20,58.790000915527344,59.25,57.959999084472656,59.15999984741211,50.641719818115234,21819300.0
2021-12-21,59.75,60.68000030517578,59.720001220703125,60.5,51.78878402709961,19798900.0
2021-12-22,60.34000015258789,61.369998931884766,59.970001220703125,60.9900016784668,52.20822525024414,14058300.0
2021-12-23,61.16999816894531,61.84000015258789,61.0,61.02000045776367,52.233909606933594,13543300.0
2021-12-24,61.16999816894531,61.84000015258789,61.0,61.02000045776367,52.233909606933594,13543300.0
2021-12-27,60.93000030517578,61.95000076293945,60.41999816894531,61.88999938964844,52.978641510009766,12593700.0
2021-12-28,61.90999984741211,62.310001373291016,61.400001525878906,61.689998626708984,52.807437896728516,12781000.0
2021-12-29,61.47999954223633,61.599998474121094,60.91999816894531,61.150001525878906,52.345191955566406,12733600.0
2021-12-30,61.220001220703125,61.599998474121094,60.77000045776367,60.790000915527344,52.037017822265625,11940300.0
2021-12-31,60.7400016784668,61.470001220703125,60.70000076293945,61.189998626708984,52.379425048828125,14072000.0
2022-01-03,61.2400016784668,63.599998474121094,61.209999084472656,63.540000915527344,54.391056060791016,24282400.0
2022-01-04,64.12999725341797,66.19000244140625,64.0999984741211,65.93000030517578,56.43693161010742,38584000.0
2022-01-05,66.5,67.61000061035156,66.4800033569336,66.75,57.13886642456055,34033300.0
2022-01-06,68.0,68.4800033569336,67.06999969482422,68.31999969482422,58.4827995300293,30668500.0
2022-01-07,68.5199966430664,69.18000030517578,67.9800033569336,68.87999725341797,58.962162017822266,23985400.0
2022-01-10,68.97000122070312,69.16999816894531,67.94999694824219,68.47000122070312,58.6112060546875,22760300.0
2022-01-11,68.88999938964844,71.4000015258789,68.58000183105469,71.3499984741211,61.07650375366211,32936100.0
2022-01-12,71.13999938964844,71.80999755859375,70.63999938964844,71.13999938964844,60.896766662597656,23045100.0
2022-01-13,71.12000274658203,71.58000183105469,70.30999755859375,70.62999725341797,60.4601936340332,21043200.0
2022-01-14,70.6500015258789,72.1500015258789,70.5999984741211,71.87000274658203,61.52164840698242,23012900.0
2022-01-17,70.6500015258789,72.1500015258789,70.5999984741211,71.87000274658203,61.52164840698242,23012900.0
2022-01-18,72.81999969482422,73.87999725341797,72.01000213623047,73.08000183105469,62.557430267333984,32841200.0
2022-01-19,73.75,73.86000061035156,72.55000305175781,73.11000061035156,62.58309555053711,26431600.0
2022-01-20,72.5,74.37000274658203,72.26000213623047,73.2699966430664,62.72007369995117,26774600.0
2022-01-21,73.18000030517578,73.18000030517578,71.04000091552734,72.16999816894531,61.77843475341797,35995200.0
2022-01-24,70.87999725341797,73.08000183105469,69.80999755859375,72.79000091552734,62.30918502807617,41507000.0
2022-01-25,72.58999633789062,75.23999786376953,71.38999938964844,74.93000030517578,64.14104461669922,39278400.0
2022-01-26,75.43000030517578,76.0,73.48999786376953,74.16999816894531,63.4904670715332,35252400.0
2022-01-27,75.45999908447266,76.01000213623047,73.98999786376953,75.12000274658203,64.30370330810547,29174700.0
2022-01-28,74.97000122070312,75.62000274658203,73.94999694824219,75.27999877929688,64.4406509399414,30595700.0
2022-01-31,74.97000122070312,76.41999816894531,74.2699966430664,75.95999908447266,65.02273559570312,36085500.0
2022-02-01,76.44999694824219,81.51000213623047,76.2699966430664,80.83000183105469,69.19152069091797,61033100.0
2022-02-02,80.05999755859375,80.80999755859375,79.1500015258789,80.62000274658203,69.01177978515625,30299300.0
2022-02-03,80.08999633789062,80.30999755859375,79.0199966430664,79.68000030517578,68.20711517333984,28529400.0
2022-02-04,80.87000274658203,82.52999877929688,80.87000274658203,81.41000366210938,69.68802642822266,32197500.0
2022-02-07,81.13999938964844,83.08000183105469,80.63999938964844,82.38999938964844,70.52690124511719,34949200.0
2022-02-08,82.2699966430664,82.5,79.91999816894531,80.26000213623047,68.70359802246094,34356300.0
2022-02-09,79.58000183105469,80.02999877929688,78.70999908447266,79.0,68.37471008300781,40106100.0
2022-02-10,78.72000122070312,79.68000030517578,77.79000091552734,78.23999786376953,67.7169189453125,28527700.0
2022-02-11,78.62000274658203,80.31999969482422,78.2300033569336,80.20999908447266,69.42195892333984,42002100.0
2022-02-14,79.58000183105469,79.83999633789062,77.05000305175781,78.9800033569336,68.3573989868164,34652800.0
2022-02-15,76.9000015258789,78.19000244140625,76.41999816894531,77.98999786376953,67.50054931640625,25075100.0
2022-02-16,78.79000091552734,79.7300033569336,78.04000091552734,78.3499984741211,67.81212615966797,21733800.0
2022-02-17,78.4800033569336,79.12000274658203,77.94999694824219,78.2300033569336,67.70828247070312,23738800.0
2022-02-18,77.16000366210938,78.16999816894531,76.88999938964844,77.36000061035156,66.95526123046875,23394800.0
2022-02-21,77.16000366210938,78.16999816894531,76.88999938964844,77.36000061035156,66.95526123046875,23394800.0
2022-02-22,79.66999816894531,79.79000091552734,75.30999755859375,76.45999908447266,66.17632293701172,35947800.0
2022-02-23,76.45999908447266,77.47000122070312,76.12999725341797,76.7699966430664,66.44461822509766,25385000.0
2022-02-24,79.0,79.02999877929688,74.02999877929688,75.80000305175781,65.60511016845703,46199900.0
2022-02-25,76.69000244140625,77.98999786376953,76.26000213623047,77.83999633789062,67.37071228027344,28310300.0
2022-02-28,76.51000213623047,78.93000030517578,76.19999694824219,78.41999816894531,67.87269592285156,32204600.0
2022-03-01,78.7699966430664,80.6500015258789,78.33000183105469,79.16999816894531,68.52184295654297,40002300.0
2022-03-02,80.5999984741211,82.1500015258789,79.81999969482422,80.52999877929688,69.69891357421875,44321400.0
2022-03-03,79.86000061035156,81.7699966430664,79.62999725341797,81.04000091552734,70.14032745361328,30196600.0
2022-03-04,81.05000305175781,84.27999877929688,80.66000366210938,84.08999633789062,72.78010559082031,42802200.0
2022-03-07,84.91999816894531,87.2300033569336,83.9000015258789,87.12000274658203,75.40257263183594,55207900.0
2022-03-08,89.05000305175781,91.51000213623047,85.43000030517578,87.77999877929688,75.97380065917969,72082300.0
2022-03-09,84.02999877929688,86.56999969482422,81.5999984741211,82.79000091552734,71.65494537353516,65466700.0
2022-03-10,84.01000213623047,85.68000030517578,82.9000015258789,85.36000061035156,73.87930297851562,44644200.0
2022-03-11,84.06999969482422,86.2300033569336,83.97000122070312,84.91999816894531,73.49848175048828,35303400.0
2022-03-14,83.05999755859375,83.44999694824219,80.5,81.87999725341797,70.86734771728516,37462600.0
2022-03-15,78.81999969482422,79.16999816894531,76.37000274658203,77.22000122070312,66.83411407470703,47957900.0
2022-03-16,77.80999755859375,78.62000274658203,76.25,76.93000030517578,66.58311462402344,37812300.0
2022-03-17,78.18000030517578,79.1500015258789,77.06999969482422,78.9800033569336,68.3573989868164,34041900.0
2022-03-18,79.05999755859375,79.38999938964844,78.0999984741211,78.66999816894531,68.08908081054688,41461500.0
2022-03-21,80.12000274658203,82.5199966430664,79.73999786376953,82.19999694824219,71.14430236816406,33089300.0
2022-03-22,81.62999725341797,82.19999694824219,80.79000091552734,81.83999633789062,70.83272552490234,23132200.0
2022-03-23,83.33999633789062,84.2699966430664,83.05000305175781,83.12999725341797,71.94923400878906,27716300.0
2022-03-24,83.45999908447266,84.6500015258789,82.75,83.37999725341797,72.16561126708984,19871600.0
2022-03-25,82.91999816894531,85.48999786376953,82.79000091552734,85.19999694824219,73.74080657958984,22398300.0
2022-03-28,83.16999816894531,83.30999755859375,82.0199966430664,82.80999755859375,71.67227935791016,21552400.0
2022-03-29,80.80999755859375,82.48999786376953,79.76000213623047,82.37000274658203,71.29145812988281,27036300.0
2022-03-30,83.05999755859375,84.01000213623047,82.70999908447266,83.77999877929688,72.51181030273438,22079000.0
2022-03-31,82.87000274658203,84.4000015258789,82.55000305175781,82.58999633789062,71.4818344116211,27861500.0
2022-04-01,81.98999786376953,84.13999938964844,81.98999786376953,83.12000274658203,71.94059753417969,18671100.0
2022-04-04,83.55999755859375,83.66000366210938,82.05000305175781,83.16000366210938,71.97520446777344,20869400.0
2022-04-05,83.5,85.06999969482422,82.55999755859375,82.7300033569336,71.60302734375,21753100.0
2022-04-06,83.41999816894531,84.69999694824219,82.94000244140625,83.6500015258789,72.39930725097656,24768200.0
2022-04-07,83.83000183105469,85.44000244140625,82.70999908447266,85.05000305175781,73.61099243164062,26122000.0
2022-04-08,85.16999816894531,87.20999908447266,85.16999816894531,86.83999633789062,75.16024780273438,24866500.0
2022-04-11,85.77999877929688,85.93000030517578,83.5,83.8499984741211,72.57239532470703,21800100.0
2022-04-12,85.70999908447266,86.81999969482422,85.37999725341797,85.5999984741211,74.08702850341797,22444200.0
2022-04-13,86.61000061035156,87.11000061035156,85.19000244140625,86.80999755859375,75.13427734375,19306800.0
2022-04-14,86.66999816894531,88.45999908447266,86.2300033569336,87.83000183105469,76.01708984375,24566400.0
2022-04-15,86.66999816894531,88.45999908447266,86.2300033569336,87.83000183105469,76.01708984375,24566400.0
2022-04-18,88.5,88.88999938964844,87.75,88.55000305175781,76.6402587890625,19032300.0
2022-04-19,88.01000213623047,88.66000366210938,87.2699966430664,87.76000213623047,75.95651245117188,20382600.0
2022-04-20,87.97000122070312,88.5,87.30000305175781,87.95999908447266,76.1296157836914,20689400.0
2022-04-21,88.94999694824219,89.80000305175781,86.79000091552734,87.02999877929688,75.32469177246094,29010900.0
2022-04-22,86.66000366210938,88.12000274658203,85.0,85.12999725341797,73.68022918701172,23591600.0
2022-04-25,82.37000274658203,82.66000366210938,79.29000091552734,82.26000213623047,71.19625091552734,37698300.0
2022-04-26,82.7300033569336,84.72000122070312,82.18000030517578,82.29000091552734,71.22220611572266,28941500.0
2022-04-27,83.38999938964844,85.4800033569336,82.27999877929688,84.63999938964844,73.2561264038086,32773000.0
2022-04-28,84.87999725341797,88.13999938964844,84.06999969482422,87.19999694824219,75.47183227539062,33683800.0
2022-04-29,88.13999938964844,88.13999938964844,84.69999694824219,85.25,73.78410339355469,34656500.0
2022-05-02,85.01000213623047,87.04000091552734,84.62999725341797,86.41000366210938,74.78807830810547,36335200.0
2022-05-03,86.26000213623047,88.77999877929688,86.12000274658203,88.19000244140625,76.32867431640625,33908100.0
2022-05-04,89.5,91.87999725341797,88.91000366210938,91.69999694824219,79.3665771484375,46188400.0
2022-05-05,92.04000091552734,92.05000305175781,88.38999938964844,90.30999755859375,78.16353607177734,41013400.0
2022-05-06,90.9800033569336,91.81999969482422,89.3499984741211,91.69000244140625,79.3579330444336,29619300.0
2022-05-09,89.44000244140625,89.55999755859375,84.0199966430664,84.45999908447266,73.10034942626953,45851600.0
2022-05-10,85.63999938964844,86.88999938964844,83.5199966430664,85.0199966430664,73.58502960205078,34483200.0
2022-05-11,86.43000030517578,88.94000244140625,86.27999877929688,86.79000091552734,75.1169662475586,33020600.0
2022-05-12,85.94999694824219,86.37999725341797,83.4000015258789,86.30000305175781,75.45796203613281,29491500.0
2022-05-13,87.36000061035156,88.94999694824219,86.3499984741211,88.86000061035156,77.69635772705078,25798400.0
2022-05-16,88.9800033569336,91.9800033569336,88.97000122070312,90.94999694824219,79.52379608154297,26101200.0
2022-05-17,91.7300033569336,92.44999694824219,91.12000274658203,92.11000061035156,80.53804779052734,23120700.0
2022-05-18,92.51000213623047,92.91999816894531,89.83000183105469,90.6500015258789,79.261474609375,25451200.0
2022-05-19,89.0,92.30000305175781,89.0,91.13999938964844,79.68992614746094,24387400.0
2022-05-20,91.93000030517578,93.58999633789062,90.4000015258789,91.86000061035156,80.31946563720703,28795000.0
2022-05-23,92.66000366210938,94.7699966430664,92.55000305175781,93.88999938964844,82.09442901611328,27239300.0
2022-05-24,92.81999969482422,94.79000091552734,92.31999969482422,94.4000015258789,82.54035949707031,24293300.0
2022-05-25,94.58000183105469,96.52999877929688,94.47000122070312,96.30000305175781,84.20166015625,29947800.0
2022-05-26,96.5999984741211,97.43000030517578,96.19999694824219,96.63999938964844,84.49893951416016,24314800.0
2022-05-27,95.94999694824219,97.93000030517578,95.30000305175781,97.58999633789062,85.32957458496094,25588800.0
2022-05-30,95.94999694824219,97.93000030517578,95.30000305175781,97.58999633789062,85.32957458496094,25588800.0
2022-05-31,98.55999755859375,99.77999877929688,95.70999908447266,96.0,83.9393539428711,44888100.0
2022-06-01,97.0199966430664,98.70999908447266,96.62000274658203,97.83999633789062,85.54817199707031,25815400.0
2022-06-02,97.29000091552734,98.0999984741211,96.79000091552734,97.66999816894531,85.39954376220703,19089100.0
2022-06-03,97.9000015258789,99.66000366210938,97.9000015258789,99.08999633789062,86.6411361694336,21038200.0
2022-06-06,99.18000030517578,99.77999877929688,98.66999816894531,98.83999633789062,86.42254638671875,20682100.0
2022-06-07,99.69999694824219,103.43000030517578,99.48999786376953,103.37000274658203,90.38343048095703,37810200.0
2022-06-08,103.48999786376953,105.56999969482422,102.9800033569336,104.58999633789062,91.45015716552734,31613200.0
2022-06-09,103.41999816894531,104.56999969482422,102.16000366210938,102.33000183105469,89.47409057617188,26607000.0
2022-06-10,101.94000244140625,103.3499984741211,99.79000091552734,100.45999908447266,87.83903503417969,30950500.0
2022-06-13,97.5199966430664,97.7699966430664,93.91999816894531,95.8499984741211,83.80818176269531,33421000.0
2022-06-14,97.41000366210938,98.66999816894531,95.2699966430664,96.0999984741211,84.02677917480469,31264000.0
2022-06-15,95.98999786376953,96.56999969482422,93.2699966430664,94.88999938964844,82.96878814697266,29620800.0
2022-06-16,92.41000366210938,93.12999725341797,90.27999877929688,91.38999938964844,79.90850830078125,35696700.0
2022-06-17,90.95999908447266,91.3499984741211,85.66000366210938,86.12000274658203,75.30058288574219,64610200.0
2022-06-20,90.95999908447266,91.3499984741211,85.66000366210938,86.12000274658203,75.30058288574219,64610200.0
2022-06-21,88.58000183105469,92.52999877929688,88.5199966430664,91.4800033569336,79.9872055053711,35951500.0
2022-06-22,87.54000091552734,89.76000213623047,87.52999877929688,87.86000061035156,76.82200622558594,29727200.0
2022-06-23,88.66000366210938,89.05000305175781,83.5199966430664,85.20999908447266,74.50491333007812,35757200.0
2022-06-24,86.94999694824219,88.4000015258789,85.80999755859375,86.9000015258789,75.98259735107422,26639000.0
2022-06-27,87.80999755859375,90.04000091552734,87.66999816894531,89.02999877929688,77.84500122070312,25478700.0
2022-06-28,91.12000274658203,93.23999786376953,90.3499984741211,91.5,80.00469207763672,33096900.0
2022-06-29,92.9800033569336,93.19999694824219,87.76000213623047,88.12000274658203,77.04932403564453,25400900.0
2022-06-30,86.13999938964844,87.5999984741211,84.66999816894531,85.63999938964844,74.88089752197266,39948100.0
2022-07-01,86.73999786376953,87.87999725341797,84.70999908447266,87.55000305175781,76.55094909667969,26327900.0
2022-07-04,86.73999786376953,87.87999725341797,84.70999908447266,87.55000305175781,76.55094909667969,26327900.0
2022-07-05,86.33999633789062,86.69999694824219,83.01000213623047,84.80999755859375,74.1551742553711,34591100.0
2022-07-06,83.76000213623047,85.2300033569336,81.01000213623047,83.27999877929688,72.81737518310547,33375700.0
2022-07-07,85.37999725341797,86.76000213623047,85.30000305175781,85.94000244140625,75.1432113647461,23817400.0
2022-07-08,86.94999694824219,87.30000305175781,84.93000030517578,86.08000183105469,75.26561737060547,17673800.0
2022-07-11,85.16999816894531,86.12000274658203,84.36000061035156,85.63999938964844,74.88089752197266,15603800.0
2022-07-12,83.77999877929688,85.05000305175781,82.86000061035156,84.5,73.88411712646484,21013000.0
2022-07-13,83.37999725341797,86.30999755859375,83.30000305175781,84.83999633789062,74.18138122558594,19928600.0
2022-07-14,81.8499984741211,83.30999755859375,80.69000244140625,83.13999938964844,72.6949691772461,26343000.0
2022-07-15,84.80000305175781,84.87999725341797,82.9000015258789,84.54000091552734,73.91908264160156,17243700.0
2022-07-18,86.58000183105469,87.94000244140625,85.75,86.0999984741211,75.28308868408203,19395800.0
2022-07-19,86.41999816894531,88.5199966430664,86.25,88.2699966430664,77.18047332763672,18248900.0
2022-07-20,87.58000183105469,89.6500015258789,87.25,89.23999786376953,78.02861022949219,16584400.0
2022-07-21,86.93000030517578,87.80000305175781,85.20999908447266,87.75,76.7258071899414,21375700.0
2022-07-22,87.55000305175781,88.47000122070312,86.62999725341797,87.08000183105469,76.13998413085938,15479500.0
2022-07-25,88.16000366210938,90.12999725341797,87.41999816894531,89.9800033569336,78.67565155029297,17536400.0
2022-07-26,91.12999725341797,91.27999877929688,89.0,89.62999725341797,78.3696060180664,15141200.0
2022-07-27,90.27999877929688,92.0,89.4000015258789,91.56999969482422,80.06590270996094,18047000.0
2022-07-28,92.18000030517578,93.25,91.01000213623047,92.63999938964844,81.00147247314453,20353100.0
2022-07-29,94.44999694824219,97.5199966430664,94.0999984741211,96.93000030517578,84.75249481201172,29825800.0
2022-08-01,94.79000091552734,95.3499984741211,93.2300033569336,94.4800033569336,82.61030578613281,20793200.0
2022-08-02,94.69000244140625,95.19999694824219,93.81999969482422,94.06999969482422,82.25182342529297,16722500.0
2022-08-03,94.41999816894531,94.41999816894531,90.79000091552734,91.0199966430664,79.5849838256836,23580800.0
2022-08-04,90.30999755859375,90.33999633789062,86.43000030517578,87.19000244140625,76.23616027832031,31821500.0
2022-08-05,86.36000061035156,89.69000244140625,86.27999877929688,88.44999694824219,77.33785247802734,17408000.0
2022-08-08,88.61000061035156,89.5999984741211,88.22000122070312,88.94999694824219,77.77505493164062,14458500.0
2022-08-09,90.05000305175781,91.61000061035156,89.94999694824219,90.58999633789062,79.2090072631836,19083400.0
2022-08-10,90.68000030517578,91.79000091552734,89.19000244140625,91.44999694824219,79.96094512939453,18302000.0
2022-08-11,91.83999633789062,94.30000305175781,91.44000244140625,93.19000244140625,82.27407836914062,18797900.0
2022-08-12,92.4800033569336,94.0199966430664,92.11000061035156,94.0,82.98919677734375,15058200.0
2022-08-15,90.52999877929688,92.7300033569336,89.66000366210938,92.31999969482422,81.50597381591797,20755200.0
2022-08-16,92.02999877929688,92.88999938964844,91.29000091552734,91.45999908447266,80.74673461914062,14038200.0
2022-08-17,91.2699966430664,93.20999908447266,90.91999816894531,92.19999694824219,81.4000244140625,13678000.0
2022-08-18,93.1500015258789,95.30999755859375,93.08999633789062,94.37999725341797,83.3246841430664,17770400.0
2022-08-19,94.16000366210938,95.19999694824219,93.80000305175781,94.08000183105469,83.05982971191406,16128600.0
2022-08-22,93.41999816894531,94.48999786376953,91.86000061035156,94.01000213623047,82.99803161621094,16019900.0
2022-08-23,95.55000305175781,98.41000366210938,95.44999694824219,98.0,86.52064514160156,23764700.0
2022-08-24,98.01000213623047,98.97000122070312,97.36000061035156,98.58000183105469,87.03270721435547,17050300.0
2022-08-25,98.91999816894531,99.86000061035156,98.0999984741211,99.08999633789062,87.48297119140625,15305700.0
2022-08-26,98.7699966430664,99.91000366210938,97.41999816894531,97.87000274658203,86.40587615966797,15531400.0
2022-08-29,98.18000030517578,101.55999755859375,98.13999938964844,100.12000274658203,88.392333984375,23059200.0
2022-08-30,98.36000061035156,98.62000274658203,95.81999969482422,96.30999755859375,85.02861022949219,17086800.0
2022-08-31,94.02999877929688,96.83999633789062,93.58999633789062,95.58999633789062,84.39295196533203,18340900.0
2022-09-01,94.41999816894531,95.06999969482422,92.29000091552734,93.87000274658203,82.87442779541016,16423000.0
2022-09-02,96.3499984741211,96.79000091552734,95.11000061035156,95.58999633789062,84.39295196533203,18206800.0
2022-09-05,96.3499984741211,96.79000091552734,95.11000061035156,95.58999633789062,84.39295196533203,18206800.0
2022-09-06,96.16000366210938,96.58999633789062,94.51000213623047,94.94999694824219,83.8279037475586,19201500.0
2022-09-07,93.19000244140625,94.58999633789062,92.30000305175781,94.13999938964844,83.11279296875,16274700.0
2022-09-08,94.66000366210938,95.41999816894531,93.72000122070312,94.91000366210938,83.7926025390625,18759200.0
2022-09-09,96.5199966430664,97.0,95.31999969482422,96.5,85.19633483886719,17158000.0
2022-09-12,97.6500015258789,99.19000244140625,96.87999725341797,97.61000061035156,86.17633819580078,16118900.0
2022-09-13,96.61000061035156,97.77999877929688,94.91000366210938,95.33000183105469,84.16340637207031,18229100.0
2022-09-14,96.19000244140625,98.55999755859375,96.1500015258789,97.66999816894531,86.22930908203125,22655700.0
2022-09-15,96.22000122070312,96.54000091552734,94.05000305175781,94.83000183105469,83.72196960449219,21092300.0
2022-09-16,95.06999969482422,95.33999633789062,92.0,93.20999908447266,82.29173278808594,37874700.0
2022-09-19,91.01000213623047,93.48999786376953,91.0,93.19999694824219,82.28288269042969,15342100.0
2022-09-20,92.7300033569336,92.93000030517578,91.63999938964844,92.44000244140625,81.61192321777344,14712500.0
2022-09-21,93.56999969482422,93.87999725341797,90.87000274658203,90.94999694824219,80.29647064208984,17332400.0
2022-09-22,92.19999694824219,92.66000366210938,90.5199966430664,90.56999969482422,79.9609603881836,16139400.0
2022-09-23,87.5,87.5,84.8499984741211,85.75,75.70555877685547,27738800.0
2022-09-26,84.9000015258789,86.22000122070312,83.88999938964844,83.9800033569336,74.14291381835938,22043400.0
2022-09-27,85.61000061035156,86.95999908447266,84.80999755859375,85.73999786376953,75.69673156738281,17307300.0
2022-09-28,86.12000274658203,89.30000305175781,85.91999816894531,88.86000061035156,78.45127868652344,19543300.0
2022-09-29,88.18000030517578,89.36000061035156,87.12999725341797,88.68000030517578,78.29235076904297,17896000.0
2022-09-30,88.16999816894531,89.04000091552734,87.30999755859375,87.30999755859375,77.08282470703125,21357600.0
2022-10-03,90.04000091552734,92.36000061035156,89.72000122070312,91.91999816894531,81.15283966064453,23881300.0
2022-10-04,93.23999786376953,95.36000061035156,92.70999908447266,95.2699966430664,84.11042785644531,22133700.0
2022-10-05,95.75,99.98999786376953,95.66000366210938,99.12000274658203,87.50946807861328,34857700.0
2022-10-06,98.47000122070312,102.18000030517578,98.33000183105469,102.05999755859375,90.10506439208984,29124700.0
2022-10-07,102.19000244140625,103.31999969482422,100.18000030517578,101.02999877929688,89.19571685791016,24507600.0
2022-10-10,101.48999786376953,102.02999877929688,98.72000122070312,98.83999633789062,87.26224517822266,16786100.0
2022-10-11,97.22000122070312,99.76000213623047,96.75,98.0,86.52064514160156,17804100.0
2022-10-12,97.5,98.91000366210938,97.2300033569336,98.43000030517578,86.9002914428711,12635800.0
2022-10-13,97.55000305175781,102.44999694824219,97.4000015258789,101.87000274658203,89.93732452392578,22019100.0
2022-10-14,101.12000274658203,102.23999786376953,99.04000091552734,99.19000244140625,87.57124328613281,15222000.0
2022-10-17,101.06999969482422,101.97000122070312,100.5,100.62000274658203,88.833740234375,14283200.0
2022-10-18,101.54000091552734,102.3499984741211,99.2300033569336,100.80000305175781,88.99266815185547,14065400.0
2022-10-19,101.25,103.98999786376953,101.2300033569336,103.79000091552734,91.63243103027344,20921700.0
2022-10-20,104.31999969482422,105.0,103.41000366210938,103.93000030517578,91.75601959228516,17649000.0
2022-10-21,104.44999694824219,106.4000015258789,103.91000366210938,105.86000061035156,93.45996856689453,22814100.0
2022-10-24,105.66000366210938,107.68000030517578,105.12000274658203,106.5999984741211,94.11327362060547,17024200.0
2022-10-25,106.41000366210938,107.33000183105469,105.06999969482422,105.87999725341797,93.47762298583984,15719800.0
2022-10-26,106.26000213623047,107.83000183105469,106.0,107.13999938964844,94.59001922607422,17383800.0
2022-10-27,108.41000366210938,109.58000183105469,107.41999816894531,107.55000305175781,94.9520034790039,18214000.0
2022-10-28,109.45999908447266,111.20999908447266,108.12000274658203,110.69999694824219,97.73301696777344,28169400.0
2022-10-31,109.5,112.91000366210938,109.44000244140625,110.80999755859375,97.83013916015625,26401800.0
2022-11-01,112.37000274658203,112.56999969482422,110.6500015258789,111.91000366210938,98.8012924194336,22213100.0
2022-11-02,111.58000183105469,112.0999984741211,109.30999755859375,109.61000061035156,96.77070617675781,20654200.0
2022-11-03,108.58000183105469,111.81999969482422,108.30999755859375,111.0999984741211,98.08615112304688,17103700.0
2022-11-04,113.0,113.5,110.80000305175781,112.30999755859375,99.15443420410156,17541500.0
2022-11-07,112.41000366210938,113.98999786376953,112.12999725341797,113.63999938964844,100.3286361694336,16008000.0
2022-11-08,113.4800033569336,114.66000366210938,112.5999984741211,114.0,100.64646911621094,14661000.0
2022-11-09,113.0999984741211,113.27999877929688,108.56999969482422,108.9000015258789,96.14384460449219,19522800.0
2022-11-10,110.19000244140625,110.69999694824219,107.56999969482422,110.5,97.55644989013672,20146700.0
2022-11-11,112.58000183105469,114.5,112.48999786376953,113.94999694824219,100.60234069824219,20518900.0
2022-11-14,112.62999725341797,114.63999938964844,112.48999786376953,113.37000274658203,100.89601135253906,20858300.0
2022-11-15,113.80000305175781,114.52999877929688,112.87000274658203,114.12999725341797,101.57237243652344,19373800.0
2022-11-16,113.44000244140625,114.26000213623047,111.86000061035156,112.91000366210938,100.48662567138672,13591000.0
2022-11-17,111.29000091552734,113.19999694824219,110.75,113.05999755859375,100.62010955810547,12425900.0
2022-11-18,110.9000015258789,112.4800033569336,109.61000061035156,112.08000183105469,99.7479476928711,15415000.0
2022-11-21,109.98999786376953,111.19999694824219,107.4800033569336,110.97000122070312,98.76007843017578,20973000.0
2022-11-22,112.20999908447266,114.47000122070312,111.43000030517578,114.18000030517578,101.61688232421875,17719100.0
2022-11-23,112.31999969482422,113.94999694824219,112.0999984741211,113.61000061035156,101.10961151123047,11546700.0
2022-11-24,112.31999969482422,113.94999694824219,112.0999984741211,113.61000061035156,101.10961151123047,11546700.0
2022-11-25,113.87999725341797,114.61000061035156,113.05999755859375,113.20999908447266,100.75362396240234,7136000.0
2022-11-28,110.66000366210938,111.45999908447266,109.62000274658203,109.80999755859375,97.72771453857422,23015500.0
2022-11-29,110.61000061035156,111.80000305175781,109.79000091552734,110.54000091552734,98.37740325927734,14453200.0
2022-11-30,111.54000091552734,111.9000015258789,109.77999877929688,111.33999633789062,99.08937072753906,23158100.0
2022-12-01,111.63999938964844,112.06999969482422,110.18000030517578,110.80000305175781,98.60877990722656,14398300.0
2022-12-02,109.51000213623047,111.70999908447266,109.19999694824219,109.86000061035156,97.77223205566406,15248400.0
2022-12-05,110.69999694824219,111.36000061035156,105.94000244140625,106.8499984741211,95.09339904785156,19287700.0
2022-12-06,105.9000015258789,107.04000091552734,103.1500015258789,103.87999725341797,92.45018005371094,21197000.0
2022-12-07,103.77999877929688,104.8499984741211,102.37000274658203,103.6500015258789,92.2455062866211,20061700.0
2022-12-08,106.27999877929688,106.80000305175781,103.70999908447266,104.41999816894531,92.93077087402344,21128800.0
2022-12-09,104.58999633789062,105.94999694824219,103.30000305175781,103.54000091552734,92.1476058959961,21298200.0
2022-12-12,103.83000183105469,106.23999786376953,103.58999633789062,106.08999633789062,94.41703033447266,20413200.0
2022-12-13,107.80000305175781,108.54000091552734,107.0199966430664,107.25,95.44941711425781,24305300.0
2022-12-14,107.98999786376953,108.30000305175781,105.75,106.45999908447266,94.74629974365234,17597300.0
2022-12-15,105.33000183105469,106.16999816894531,103.69999694824219,105.44000244140625,93.83854675292969,15365100.0
2022-12-16,103.69000244140625,105.58000183105469,103.12999725341797,104.69999694824219,93.1799545288086,54596600.0
2022-12-19,105.26000213623047,106.19999694824219,104.37999725341797,105.16999816894531,93.5982437133789,13611100.0
2022-12-20,105.16999816894531,107.51000213623047,105.06999969482422,106.69000244140625,94.95101928710938,14680000.0
2022-12-21,108.29000091552734,108.58999633789062,107.16000366210938,108.05999755859375,96.17025756835938,13565400.0
2022-12-22,107.88999938964844,108.19000244140625,104.0999984741211,105.87999725341797,94.2301254272461,13213000.0
2022-12-23,106.94999694824219,108.73999786376953,106.9000015258789,108.68000030517578,96.72206115722656,11539400.0
2022-12-26,106.94999694824219,108.73999786376953,106.9000015258789,108.68000030517578,96.72206115722656,11539400.0
2022-12-27,109.2699966430664,110.47000122070312,108.83000183105469,110.19000244140625,98.06590270996094,11962100.0
2022-12-28,109.91000366210938,110.0,107.9000015258789,108.37999725341797,96.4550552368164,10702100.0
2022-12-29,107.98999786376953,109.72000122070312,107.98999786376953,109.19999694824219,97.1848373413086,10534000.0
2022-12-30,108.61000061035156,110.5,108.61000061035156,110.30000305175781,98.16381072998047,11799600.0
2023-01-02,108.61000061035156,110.5,108.61000061035156,110.30000305175781,98.16381072998047,11799600.0
2023-01-03,109.77999877929688,110.0199966430664,105.48999786376953,106.51000213623047,94.79081726074219,15146200.0
2023-01-04,104.80000305175781,107.16000366210938,104.76000213623047,106.81999969482422,95.06671142578125,18058400.0
2023-01-05,106.33999633789062,109.94999694824219,106.30999755859375,109.20999908447266,97.19373321533203,15946600.0
2023-01-06,110.08000183105469,111.98999786376953,109.66999816894531,110.52999877929688,98.36849975585938,16348100.0
2023-01-09,111.63999938964844,111.63999938964844,107.80999755859375,108.47000122070312,96.53514099121094,17964600.0
2023-01-10,109.79000091552734,110.33000183105469,108.01000213623047,110.08999633789062,97.97689819335938,15104600.0
2023-01-11,110.98999786376953,111.44999694824219,109.08999633789062,111.37000274658203,99.11605834960938,16710400.0
2023-01-12,111.81999969482422,113.73999786376953,111.73999786376953,113.22000122070312,100.76252746582031,15357300.0
2023-01-13,113.11000061035156,113.48999786376953,112.16000366210938,113.1500015258789,100.7002182006836,12011400.0
2023-01-16,113.11000061035156,113.48999786376953,112.16000366210938,113.1500015258789,100.7002182006836,12011400.0
2023-01-17,113.41000366210938,114.08000183105469,112.66999816894531,112.93000030517578,100.5044174194336,16542200.0
2023-01-18,113.26000213623047,114.12000274658203,110.4000015258789,110.61000061035156,98.43968963623047,16399700.0
2023-01-19,110.06999969482422,112.12999725341797,109.58000183105469,111.31999969482422,99.07157135009766,12928000.0
2023-01-20,111.36000061035156,113.44000244140625,110.61000061035156,113.3499984741211,100.8781967163086,16515600.0
2023-01-23,113.63999938964844,114.58999633789062,112.63999938964844,112.76000213623047,100.35313415527344,16584400.0
2023-01-24,109.16000366210938,114.0199966430664,104.87000274658203,113.80999755859375,101.28760528564453,13583000.0
2023-01-25,113.2300033569336,113.6500015258789,111.38999938964844,113.20999908447266,100.75362396240234,11914700.0
2023-01-26,114.72000122070312,117.77999877929688,114.33999633789062,117.76000213623047,104.80299377441406,21019700.0
2023-01-27,116.94999694824219,117.66999816894531,115.38999938964844,115.61000061035156,102.8895492553711,15179200.0
2023-01-30,115.08999633789062,115.48999786376953,113.1500015258789,113.55999755859375,101.06510925292969,18672100.0
2023-01-31,112.0999984741211,116.4000015258789,110.43000030517578,116.01000213623047,103.24552917480469,27861800.0
2023-02-01,115.83000183105469,117.37999725341797,113.33999633789062,114.73999786376953,102.11527252197266,19464900.0
2023-02-02,114.8499984741211,115.06999969482422,109.83000183105469,111.1500015258789,98.9202880859375,24562100.0
2023-02-03,111.9000015258789,114.11000061035156,111.55999755859375,111.91999816894531,99.60555267333984,20226600.0
2023-02-06,112.36000061035156,113.08999633789062,110.31999969482422,111.7300033569336,99.43647003173828,13855200.0
2023-02-07,112.38999938964844,115.30999755859375,112.0199966430664,114.91999816894531,102.27547454833984,16013300.0
2023-02-08,115.05000305175781,115.83000183105469,113.8499984741211,113.91999816894531,101.38549041748047,18459700.0
2023-02-09,114.62000274658203,116.23999786376953,114.18000030517578,114.3499984741211,101.7681884765625,17439300.0
2023-02-10,116.51000213623047,119.62999725341797,116.16000366210938,119.16999816894531,106.05784606933594,24918600.0
2023-02-13,117.72000122070312,118.18000030517578,115.9000015258789,117.80000305175781,105.64530181884766,14536200.0
2023-02-14,117.01000213623047,117.80999755859375,116.0199966430664,116.41999816894531,104.4076919555664,12079000.0
2023-02-15,115.72000122070312,116.08999633789062,114.13999938964844,116.06999969482422,104.09381103515625,13663400.0
2023-02-16,115.30999755859375,116.77999877929688,114.80000305175781,115.7300033569336,103.78888702392578,11360600.0
2023-02-17,114.19000244140625,114.19000244140625,110.9800033569336,111.27999877929688,99.79804992675781,20758300.0
2023-02-20,114.19000244140625,114.19000244140625,110.9800033569336,111.27999877929688,99.79804992675781,20758300.0
2023-02-21,110.80999755859375,112.37999725341797,110.80999755859375,111.16999816894531,99.69938659667969,14469400.0
2023-02-22,110.4800033569336,110.97000122070312,108.63999938964844,109.7300033569336,98.40797424316406,13973800.0
2023-02-23,110.7300033569336,111.83000183105469,109.9000015258789,110.73999786376953,99.31376647949219,11289400.0
2023-02-24,109.33000183105469,110.95999908447266,109.0199966430664,110.75,99.32274627685547,14351000.0
2023-02-27,110.80000305175781,111.26000213623047,109.95999908447266,110.55000305175781,99.14336395263672,11710500.0
2023-02-28,111.23999786376953,111.36000061035156,109.22000122070312,109.91000366210938,98.56938934326172,18107000.0
2023-03-01,109.30999755859375,111.86000061035156,109.23999786376953,110.88999938964844,99.44827270507812,13200000.0
2023-03-02,110.62000274658203,111.69999694824219,110.16999816894531,111.4000015258789,99.90567016601562,10339900.0
2023-03-03,110.05000305175781,113.37000274658203,109.94999694824219,112.80999755859375,101.17017364501953,13006700.0
2023-03-06,111.98999786376953,113.83999633789062,111.87000274658203,113.80999755859375,102.06700134277344,14347400.0
2023-03-07,112.80999755859375,113.16999816894531,111.16999816894531,111.61000061035156,100.093994140625,11525300.0
2023-03-08,111.2300033569336,112.41999816894531,109.06999969482422,109.9800033569336,98.6321792602539,13509800.0
2023-03-09,110.87000274658203,112.2300033569336,109.02999877929688,109.12999725341797,97.8698959350586,12961200.0
2023-03-10,109.55999755859375,111.04000091552734,107.1500015258789,107.77999877929688,96.65916442871094,15795700.0
2023-03-13,105.33999633789062,107.86000061035156,103.72000122070312,106.54000091552734,95.54713439941406,20745600.0
2023-03-14,106.3499984741211,109.01000213623047,104.95999908447266,106.94000244140625,95.9058609008789,18263500.0
2023-03-15,102.81999969482422,104.19999694824219,100.22000122070312,101.62000274658203,91.13477325439453,25733800.0
2023-03-16,99.11000061035156,101.68000030517578,98.0199966430664,101.02999877929688,90.60563659667969,27465200.0
2023-03-17,100.5999984741211,101.61000061035156,99.13999938964844,99.83999633789062,89.5384292602539,43199500.0
2023-03-20,99.62999725341797,102.4800033569336,99.5,102.44999694824219,91.8791275024414,32042100.0
2023-03-21,104.16999816894531,107.27999877929688,104.12999725341797,107.04000091552734,95.99553680419922,31592300.0
2023-03-22,106.80000305175781,107.18000030517578,104.55999755859375,104.58999633789062,93.79832458496094,14952700.0
2023-03-23,105.36000061035156,106.33999633789062,102.44000244140625,103.41000366210938,92.74008178710938,14385900.0
2023-03-24,101.47000122070312,103.8499984741211,100.91000366210938,103.52999877929688,92.84769439697266,13401600.0
2023-03-27,104.73999786376953,106.4800033569336,103.91000366210938,105.80000305175781,94.88348388671875,14805900.0
2023-03-28,105.44000244140625,107.6500015258789,105.19000244140625,107.12000274658203,96.06727600097656,11047600.0
2023-03-29,108.05999755859375,109.16000366210938,107.48999786376953,108.95999908447266,97.71743774414062,14219100.0
2023-03-30,109.55000305175781,109.56999969482422,108.5199966430664,109.48999786376953,98.1927261352539,11578200.0
2023-03-31,109.68000030517578,110.16999816894531,109.05000305175781,109.66000366210938,98.34520721435547,14418000.0
2023-04-03,113.38999938964844,116.8499984741211,113.12000274658203,116.12999725341797,104.14761352539062,28087700.0
2023-04-04,116.26000213623047,116.69999694824219,114.16999816894531,115.0199966430664,103.15215301513672,16365500.0
2023-04-05,115.3499984741211,117.0,114.30999755859375,116.98999786376953,104.91887664794922,16479500.0
2023-04-06,116.86000061035156,117.18000030517578,114.7699966430664,115.05000305175781,103.17906188964844,15778000.0
2023-04-07,116.86000061035156,117.18000030517578,114.7699966430664,115.05000305175781,103.17906188964844,15778000.0
2023-04-10,114.77999877929688,116.18000030517578,114.16999816894531,114.54000091552734,102.7216796875,13006600.0
2023-04-11,114.95999908447266,116.19999694824219,114.37999725341797,115.3499984741211,103.44810485839844,11758500.0
2023-04-12,116.16000366210938,116.58999633789062,114.93000030517578,115.2300033569336,103.3404769897461,10919000.0
2023-04-13,114.5999984741211,115.88999938964844,114.12999725341797,115.7699966430664,103.82476043701172,12399700.0
2023-04-14,115.9000015258789,116.66000366210938,115.12000274658203,116.05000305175781,104.07585906982422,11530800.0
2023-04-17,115.48999786376953,116.51000213623047,114.41999816894531,114.69999694824219,102.86517333984375,13260400.0
2023-04-18,114.38999938964844,117.20999908447266,114.30000305175781,116.94000244140625,104.87405395507812,17436100.0
2023-04-19,116.08000183105469,116.9000015258789,115.7699966430664,116.56999969482422,104.54222106933594,10682600.0
2023-04-20,115.12999725341797,115.68000030517578,113.2300033569336,115.63999938964844,103.70818328857422,17038700.0
2023-04-21,116.48999786376953,116.87999725341797,115.26000213623047,116.01000213623047,104.04000091552734,14315300.0
2023-04-24,115.91999816894531,118.88999938964844,115.87999725341797,118.19999694824219,106.00404357910156,15831300.0
2023-04-25,117.55000305175781,117.73999786376953,115.62999725341797,116.5199966430664,104.49736785888672,12179800.0
2023-04-26,116.02999877929688,117.08999633789062,114.68000030517578,115.44999694824219,103.53777313232422,15566100.0
2023-04-27,115.62000274658203,117.01000213623047,114.87999725341797,116.83000183105469,104.775390625,16279200.0
2023-04-28,117.25,119.91999816894531,116.83000183105469,118.33999633789062,106.12958526611328,24381900.0
2023-05-01,115.98999786376953,117.30000305175781,114.44999694824219,114.66999816894531,102.83826446533203,17355000.0
2023-05-02,113.94000244140625,113.94000244140625,109.29000091552734,110.0999984741211,98.73980712890625,24324100.0
2023-05-03,109.08000183105469,109.80999755859375,107.76000213623047,107.93000030517578,96.793701171875,16212300.0
2023-05-04,107.9000015258789,108.75,105.91000366210938,106.04000091552734,95.09870910644531,17177200.0
2023-05-05,108.55000305175781,109.43000030517578,107.52999877929688,108.68000030517578,97.46632385253906,14968200.0
2023-05-08,110.5,110.97000122070312,109.04000091552734,109.11000061035156,97.85194396972656,11187800.0
2023-05-09,108.33999633789062,110.2300033569336,108.20999908447266,109.13999938964844,97.87884521484375,11370800.0
2023-05-10,109.73999786376953,110.01000213623047,106.70999908447266,107.73999786376953,96.623291015625,14884800.0
2023-05-11,106.48999786376953,106.81999969482422,104.93000030517578,105.79000091552734,94.87451171875,17165900.0
2023-05-12,106.30999755859375,107.01000213623047,104.77999877929688,105.77999877929688,94.86553955078125,12613300.0
2023-05-15,105.51000213623047,105.93000030517578,104.58000183105469,105.06999969482422,95.04645538330078,13715600.0
2023-05-16,104.62999725341797,104.80999755859375,102.0199966430664,102.5199966430664,92.7397232055664,14795200.0
2023-05-17,103.38999938964844,105.2300033569336,102.8499984741211,104.81999969482422,94.82029724121094,14064700.0
2023-05-18,104.55000305175781,105.91000366210938,104.12999725341797,105.7699966430664,95.67967224121094,12005600.0
2023-05-19,106.56999969482422,107.05000305175781,105.81999969482422,106.26000213623047,96.12294006347656,13359600.0
2023-05-22,105.83999633789062,107.04000091552734,104.87999725341797,104.97000122070312,94.95600128173828,12882000.0
2023-05-23,105.98999786376953,108.22000122070312,105.75,106.4000015258789,96.24958038330078,14394400.0
2023-05-24,107.37999725341797,108.51000213623047,106.7300033569336,107.58999633789062,97.32604217529297,16340300.0
2023-05-25,105.94000244140625,106.43000030517578,104.70999908447266,105.66000366210938,95.58018493652344,14316500.0
2023-05-26,106.47000122070312,106.94999694824219,104.83000183105469,104.97000122070312,94.95600128173828,12370300.0
2023-05-29,106.47000122070312,106.94999694824219,104.83000183105469,104.97000122070312,94.95600128173828,12370300.0
2023-05-30,103.29000091552734,104.12000274658203,102.61000061035156,104.04000091552734,94.1147232055664,11938000.0
2023-05-31,102.29000091552734,103.04000091552734,101.73999786376953,102.18000030517578,92.43216705322266,24926100.0
2023-06-01,101.75,105.58000183105469,101.26000213623047,103.36000061035156,93.49959564208984,13551900.0
2023-06-02,105.16000366210938,106.12999725341797,104.52999877929688,105.76000213623047,95.6706314086914,14112000.0
2023-06-05,107.19000244140625,107.19000244140625,105.08999633789062,105.29000091552734,95.2454605102539,10628000.0
2023-06-06,104.1500015258789,106.2699966430664,103.9800033569336,106.1500015258789,96.02342987060547,12209800.0
2023-06-07,106.79000091552734,108.88999938964844,106.7300033569336,108.52999877929688,98.1763916015625,16027100.0
2023-06-08,108.7699966430664,109.13999938964844,105.9000015258789,108.19000244140625,97.86881256103516,13517100.0
2023-06-09,108.45999908447266,108.61000061035156,107.16000366210938,107.38999938964844,97.14514923095703,12251600.0
2023-06-12,105.80999755859375,107.05999755859375,105.55999755859375,106.41999816894531,96.26765441894531,14112000.0
2023-06-13,107.37999725341797,108.33999633789062,106.27999877929688,106.44000244140625,96.28575897216797,13533800.0
2023-06-14,107.44999694824219,108.11000061035156,104.38999938964844,105.16000366210938,95.12788391113281,16627700.0
2023-06-15,105.5,107.02999877929688,105.44000244140625,105.88999938964844,95.78824615478516,16224100.0
2023-06-16,106.36000061035156,106.7699966430664,104.95999908447266,105.12999725341797,95.10072326660156,43128900.0
2023-06-19,106.36000061035156,106.7699966430664,104.95999908447266,105.12999725341797,95.10072326660156,43128900.0
2023-06-20,104.68000030517578,104.7699966430664,102.12000274658203,102.72000122070312,92.92064666748047,17514100.0
2023-06-21,102.5,104.62999725341797,102.33000183105469,103.87000274658203,93.96094512939453,13285700.0
2023-06-22,102.83999633789062,103.88999938964844,102.6500015258789,103.30000305175781,93.44532775878906,12455300.0
2023-06-23,102.58999633789062,102.81999969482422,101.62000274658203,102.4000015258789,92.63117980957031,17933600.0
2023-06-26,102.19999694824219,104.91000366210938,102.19999694824219,104.29000091552734,94.34086608886719,14283400.0
2023-06-27,104.05000305175781,104.61000061035156,103.2699966430664,104.55000305175781,94.57605743408203,13227500.0
2023-06-28,104.30999755859375,105.81999969482422,103.19999694824219,105.4000015258789,95.34498596191406,13084100.0
2023-06-29,105.66000366210938,106.7300033569336,105.12999725341797,106.69999694824219,96.52095794677734,11364400.0
2023-06-30,107.31999969482422,107.87999725341797,106.80999755859375,107.25,97.01850891113281,13544700.0
2023-07-03,107.48999786376953,108.45999908447266,107.06999969482422,107.45999908447266,97.20845794677734,7397000.0
2023-07-04,107.48999786376953,108.45999908447266,107.06999969482422,107.45999908447266,97.20845794677734,7397000.0
2023-07-05,107.62999725341797,107.91999816894531,106.0999984741211,106.91000366210938,96.71092224121094,12491200.0
2023-07-06,105.08999633789062,105.72000122070312,102.43000030517578,102.91999816894531,93.10155487060547,17961400.0
2023-07-07,101.91999816894531,104.0,101.55999755859375,103.16000366210938,93.31867218017578,21929200.0
2023-07-10,102.97000122070312,104.75,102.75,104.69000244140625,94.70269775390625,14877600.0
2023-07-11,105.26000213623047,106.16000366210938,104.80999755859375,105.97000122070312,95.86058044433594,12576500.0
2023-07-12,107.0,107.6500015258789,106.12999725341797,106.48999786376953,96.33100128173828,13238200.0
2023-07-13,105.97000122070312,106.2300033569336,103.31999969482422,104.54000091552734,94.5670166015625,26826800.0
2023-07-14,104.05000305175781,104.05000305175781,100.52999877929688,100.94000244140625,91.31045532226562,28181900.0
2023-07-17,100.72000122070312,101.66999816894531,100.22000122070312,101.37999725341797,91.7084732055664,18051300.0
2023-07-18,100.91999816894531,102.19999694824219,100.33999633789062,100.91999816894531,91.2923583984375,24617800.0
2023-07-19,101.05000305175781,102.4000015258789,100.80000305175781,101.62000274658203,91.92559051513672,15556500.0
2023-07-20,102.54000091552734,103.66000366210938,102.36000061035156,103.41000366210938,93.54483032226562,15740200.0
2023-07-21,104.16000366210938,104.37999725341797,103.26000213623047,103.88999938964844,93.97904205322266,17121500.0
2023-07-24,104.36000061035156,106.16000366210938,103.95999908447266,105.5199966430664,95.45353698730469,15090900.0
2023-07-25,105.05999755859375,106.08999633789062,104.54000091552734,105.68000030517578,95.59827423095703,14116100.0
2023-07-26,105.11000061035156,105.72000122070312,104.63999938964844,105.08999633789062,95.0645523071289,15159600.0
2023-07-27,106.0,106.98999786376953,104.73999786376953,105.41999816894531,95.36306762695312,17677900.0
2023-07-28,105.11000061035156,105.16000366210938,102.31999969482422,104.16000366210938,94.22327423095703,17566400.0
2023-07-31,105.19000244140625,107.86000061035156,105.19000244140625,107.23999786376953,97.00944519042969,24197000.0
2023-08-01,106.94999694824219,107.31999969482422,105.52999877929688,106.62000274658203,96.44860076904297,14177400.0
2023-08-02,106.26000213623047,106.37999725341797,104.56999969482422,105.29000091552734,95.2454605102539,13484100.0
2023-08-03,105.88999938964844,107.87999725341797,105.30000305175781,107.12000274658203,96.90089416503906,16280400.0
2023-08-04,107.95999908447266,109.23999786376953,107.33000183105469,107.41999816894531,97.17227935791016,14279600.0
2023-08-07,107.9000015258789,108.41999816894531,106.51000213623047,107.19999694824219,96.97325134277344,12410800.0
2023-08-08,106.04000091552734,107.75,104.83999633789062,107.7300033569336,97.45269775390625,14065600.0
2023-08-09,108.70999908447266,110.41999816894531,108.30999755859375,109.55999755859375,99.10811614990234,19919600.0
2023-08-10,110.19000244140625,111.62999725341797,109.44000244140625,110.12000274658203,99.61470031738281,15837200.0
2023-08-11,110.37000274658203,112.06999969482422,110.05000305175781,111.83000183105469,101.16156005859375,14047000.0
2023-08-14,111.68000030517578,111.9800033569336,110.77999877929688,111.91999816894531,101.24297332763672,12973400.0
2023-08-15,110.75,110.86000061035156,107.97000122070312,108.16000366210938,98.64373016357422,14909600.0
2023-08-16,108.27999877929688,109.33000183105469,106.27999877929688,106.33999633789062,96.98385620117188,13695100.0
2023-08-17,107.41999816894531,110.1500015258789,107.41999816894531,108.4000015258789,98.86260986328125,16709500.0
2023-08-18,107.63999938964844,110.19999694824219,107.62000274658203,110.04000091552734,100.35831451416016,16224000.0
2023-08-21,110.36000061035156,110.9800033569336,108.13999938964844,108.70999908447266,99.14533233642578,11092400.0
2023-08-22,109.16999816894531,109.72000122070312,107.94999694824219,108.0999984741211,98.58900451660156,10518800.0
2023-08-23,107.04000091552734,107.30000305175781,105.72000122070312,107.1500015258789,97.72259521484375,11435600.0
2023-08-24,106.41999816894531,107.7699966430664,106.06999969482422,106.3499984741211,96.99298095703125,10818500.0
2023-08-25,107.43000030517578,108.93000030517578,106.62000274658203,108.25,98.72581481933594,13579300.0
2023-08-28,108.44999694824219,110.04000091552734,108.44000244140625,109.16000366210938,99.55574798583984,10382100.0
2023-08-29,109.66000366210938,110.0199966430664,108.41999816894531,109.80999755859375,100.14855194091797,9665000.0
2023-08-30,110.44000244140625,111.13999938964844,109.9800033569336,110.87999725341797,101.12442779541016,11922100.0
2023-08-31,111.12000274658203,111.41999816894531,110.62000274658203,111.19000244140625,101.40714263916016,17479800.0
2023-09-01,112.19999694824219,113.81999969482422,112.19999694824219,113.5199966430664,103.53211212158203,14843500.0
2023-09-04,112.19999694824219,113.81999969482422,112.19999694824219,113.5199966430664,103.53211212158203,14843500.0
2023-09-05,114.0999984741211,115.83000183105469,113.5,113.52999877929688,103.54125213623047,18304000.0
2023-09-06,113.4800033569336,114.58999633789062,113.2300033569336,114.51000213623047,104.4350357055664,13325500.0
2023-09-07,114.6500015258789,115.8499984741211,113.69999694824219,113.94999694824219,103.92430114746094,13248500.0
2023-09-08,114.52999877929688,116.05000305175781,114.31999969482422,115.61000061035156,105.4382553100586,14283200.0
2023-09-11,116.18000030517578,116.68000030517578,113.56999969482422,114.16000366210938,104.11582946777344,14383600.0
2023-09-12,115.33999633789062,117.66999816894531,115.2699966430664,117.48999786376953,107.15283966064453,20145800.0
2023-09-13,117.41000366210938,117.95999908447266,115.9000015258789,116.44000244140625,106.19522857666016,13472800.0
2023-09-14,117.55000305175781,118.66000366210938,117.33000183105469,118.5199966430664,108.09222412109375,15210700.0
2023-09-15,117.9000015258789,118.51000213623047,116.5,116.69999694824219,106.4323501586914,34568400.0
2023-09-18,117.52999877929688,118.23999786376953,116.69999694824219,117.63999938964844,107.2896499633789,14045300.0
2023-09-19,118.62000274658203,118.83999633789062,116.61000061035156,117.33000183105469,107.00692749023438,12562900.0
2023-09-20,116.54000091552734,118.0199966430664,116.31999969482422,116.4000015258789,106.15874481201172,11879900.0
2023-09-21,116.9800033569336,117.37000274658203,114.5999984741211,114.76000213623047,104.66303253173828,14400600.0
2023-09-22,115.70999908447266,116.68000030517578,114.80999755859375,114.94000244140625,104.82720947265625,13197300.0
2023-09-25,115.08999633789062,116.6500015258789,114.83000183105469,116.2300033569336,106.00371551513672,11316000.0
2023-09-26,115.5,116.7300033569336,115.37000274658203,116.41000366210938,106.16787719726562,11805400.0
2023-09-27,117.88999938964844,120.5,117.4000015258789,120.19999694824219,109.62440490722656,23976200.0
2023-09-28,119.9800033569336,120.69999694824219,118.19000244140625,119.47000122070312,108.9586410522461,16808100.0
2023-09-29,119.0999984741211,119.18000030517578,116.7300033569336,117.58000183105469,107.23490905761719,18813600.0
2023-10-02,117.52999877929688,117.79000091552734,114.55000305175781,115.62999725341797,105.45649719238281,14395000.0
2023-10-03,115.44000244140625,116.44000244140625,115.02999877929688,115.83000183105469,105.6388931274414,13297100.0
2023-10-04,114.05000305175781,114.08999633789062,110.5,111.5,101.68985748291016,19622200.0
2023-10-05,109.80000305175781,110.9000015258789,108.69999694824219,108.98999786376953,99.40070343017578,20128800.0
2023-10-06,105.7300033569336,108.2699966430664,105.11000061035156,107.16999816894531,97.74083709716797,25367500.0
2023-10-09,110.44000244140625,112.06999969482422,109.5199966430664,110.91999816894531,101.16089630126953,22369900.0
2023-10-10,111.0199966430664,111.44999694824219,110.12000274658203,110.44999694824219,100.73224639892578,13892000.0
2023-10-11,106.95999908447266,107.16999816894531,104.83000183105469,106.48999786376953,97.12065124511719,57939000.0
2023-10-12,107.58999633789062,107.83999633789062,106.08999633789062,106.47000122070312,97.1024169921875,31183000.0
2023-10-13,108.02999877929688,110.19999694824219,107.83999633789062,109.87000274658203,100.20327758789062,30276500.0
2023-10-16,110.5,110.68000030517578,109.12999725341797,109.94999694824219,100.27622985839844,18452000.0
2023-10-17,109.7300033569336,111.80000305175781,109.68000030517578,111.38999938964844,101.58953857421875,19775400.0
2023-10-18,111.81999969482422,113.38999938964844,111.69999694824219,112.94999694824219,103.01229095458984,23380300.0
2023-10-19,112.72000122070312,113.97000122070312,111.33000183105469,113.0199966430664,103.07613372802734,20972500.0
2023-10-20,112.91999816894531,113.31999969482422,110.79000091552734,111.08000183105469,101.30681610107422,22445300.0
2023-10-23,110.62999725341797,110.95999908447266,108.68000030517578,109.44999694824219,99.82022857666016,18185000.0
2023-10-24,109.69999694824219,109.81999969482422,108.12000274658203,108.38999938964844,98.85348510742188,16786100.0
2023-10-25,108.5199966430664,109.5,108.12999725341797,108.58999633789062,99.03588104248047,22047300.0
2023-10-26,107.44999694824219,108.33999633789062,106.5,107.5999984741211,98.13299560546875,18768300.0
2023-10-27,108.88999938964844,109.86000061035156,104.95999908447266,105.55000305175781,96.26336669921875,23092000.0
2023-10-30,105.73999786376953,106.41999816894531,105.20999908447266,105.87999725341797,96.56432342529297,19379900.0
2023-10-31,105.58000183105469,106.16000366210938,104.54000091552734,105.8499984741211,96.53697204589844,22185200.0
2023-11-01,106.52999877929688,107.16999816894531,105.45999908447266,105.63999938964844,96.3454360961914,28984900.0
2023-11-02,105.87999725341797,109.19000244140625,105.5,109.11000061035156,99.5101547241211,25212700.0
2023-11-03,108.4000015258789,108.77999877929688,106.54000091552734,107.77999877929688,98.29714965820312,30555600.0
2023-11-06,108.16999816894531,108.2699966430664,105.7699966430664,105.87000274658203,96.55521392822266,19097300.0
2023-11-07,104.47000122070312,104.86000061035156,103.29000091552734,104.20999908447266,95.041259765625,20272500.0
2023-11-08,103.7300033569336,104.9000015258789,102.88999938964844,102.93000030517578,93.87388610839844,19184100.0
2023-11-09,103.66999816894531,103.97000122070312,102.86000061035156,102.95999908447266,93.9012451171875,18380500.0
2023-11-10,103.93000030517578,104.41000366210938,102.91000366210938,103.75,94.62173461914062,17825500.0
2023-11-13,104.05000305175781,105.13999938964844,103.80999755859375,104.83999633789062,95.6158218383789,15308400.0
2023-11-14,104.30000305175781,104.81999969482422,103.87000274658203,104.29000091552734,95.98397827148438,18260500.0
2023-11-15,103.95999908447266,105.1500015258789,103.5,103.66000366210938,95.4041519165039,20137600.0
2023-11-16,102.9000015258789,103.2699966430664,101.1500015258789,102.45999908447266,94.29972839355469,22469100.0
2023-11-17,103.05999755859375,105.43000030517578,102.75,104.95999908447266,96.60061645507812,22984900.0
2023-11-20,105.37999725341797,105.87999725341797,104.43000030517578,104.5,96.17726135253906,17458800.0
2023-11-21,104.20999908447266,104.69999694824219,103.22000122070312,104.45999908447266,96.14043426513672,14989000.0
2023-11-22,102.58000183105469,104.12000274658203,101.94000244140625,104.01000213623047,95.72628021240234,18072000.0
2023-11-23,102.58000183105469,104.12000274658203,101.94000244140625,104.01000213623047,95.72628021240234,18072000.0
2023-11-24,104.0199966430664,105.47000122070312,103.91000366210938,104.56999969482422,96.24166870117188,9480800.0
2023-11-27,104.0999984741211,104.4000015258789,103.18000030517578,103.95999908447266,95.68025207519531,18013500.0
2023-11-28,104.23999786376953,104.91000366210938,103.87999725341797,103.9000015258789,95.62504577636719,20629500.0
2023-11-29,104.2699966430664,104.58000183105469,101.63999938964844,102.33999633789062,94.18928527832031,26802100.0
2023-11-30,103.11000061035156,104.4800033569336,101.80999755859375,102.73999786376953,94.55742645263672,29254700.0
2023-12-01,102.5,104.22000122070312,102.22000122070312,102.98999786376953,94.78750610351562,17845300.0
2023-12-04,102.12999725341797,103.36000061035156,101.58999633789062,102.43000030517578,94.2721176147461,21523900.0
2023-12-05,102.2699966430664,102.33999633789062,100.29000091552734,100.44000244140625,92.44059753417969,22250300.0
2023-12-06,100.0,100.72000122070312,98.33999633789062,99.11000061035156,91.2165298461914,31154800.0
2023-12-07,99.86000061035156,100.83999633789062,98.08999633789062,98.41999816894531,90.58148193359375,29990700.0
2023-12-08,99.0199966430664,99.79000091552734,98.75,99.55000305175781,91.62150573730469,22074900.0
2023-12-11,99.80000305175781,99.86000061035156,98.58000183105469,99.62000274658203,91.6859130859375,22252300.0
2023-12-12,98.68000030517578,98.68000030517578,97.4800033569336,98.05000305175781,90.24095153808594,26084000.0
2023-12-13,98.04000091552734,99.02999877929688,97.66000366210938,98.91999816894531,91.04166412353516,19915400.0
2023-12-14,99.8499984741211,102.13999938964844,99.72000122070312,101.58000183105469,93.48981475830078,26165700.0
2023-12-15,100.58999633789062,101.0,100.30999755859375,100.9000015258789,92.86398315429688,55527000.0
2023-12-18,102.12999725341797,103.11000061035156,101.5199966430664,101.6500015258789,93.55424499511719,21610400.0
2023-12-19,102.0,103.19000244140625,101.79000091552734,102.98999786376953,94.78750610351562,18904700.0
2023-12-20,103.5,103.94000244140625,101.12999725341797,101.2699966430664,93.20449829101562,20988900.0
2023-12-21,101.47000122070312,102.01000213623047,100.80999755859375,101.7300033569336,93.62786865234375,19250900.0
2023-12-22,102.30999755859375,102.94000244140625,101.81999969482422,101.91000366210938,93.79354095458984,12927800.0
2023-12-25,102.30999755859375,102.94000244140625,101.81999969482422,101.91000366210938,93.79354095458984,12927800.0
2023-12-26,102.73999786376953,103.02999877929688,102.12000274658203,102.13999938964844,94.00521087646484,16835100.0
2023-12-27,102.04000091552734,102.55000305175781,101.33999633789062,101.66000366210938,93.56343841552734,14558800.0
2023-12-28,101.38999938964844,101.61000061035156,100.12999725341797,100.19000244140625,92.21051788330078,16329300.0
2023-12-29,100.37000274658203,100.58999633789062,99.62000274658203,99.9800033569336,92.01725006103516,17746400.0
2024-01-01,100.37000274658203,100.58999633789062,99.62000274658203,99.9800033569336,92.01725006103516,17746400.0
2024-01-02,100.91999816894531,103.0999984741211,100.8499984741211,102.36000061035156,94.20768737792969,23483000.0
2024-01-03,102.2699966430664,103.62000274658203,101.66000366210938,103.22000122070312,94.99920654296875,23490800.0
2024-01-04,104.08000183105469,104.56999969482422,102.05000305175781,102.31999969482422,94.17086791992188,19395200.0
2024-01-05,103.16999816894531,103.4000015258789,102.12999725341797,102.62999725341797,94.45618438720703,15827400.0
2024-01-08,100.7300033569336,101.04000091552734,98.9000015258789,100.91999816894531,92.88236999511719,23370100.0
2024-01-09,101.29000091552734,101.29000091552734,99.19000244140625,99.66999816894531,91.73192596435547,19496600.0
2024-01-10,99.80000305175781,99.80000305175781,98.16000366210938,98.69000244140625,90.82997131347656,18206100.0
2024-01-11,99.04000091552734,99.5,98.55999755859375,98.66999816894531,90.81158447265625,15833400.0
2024-01-12,100.13999938964844,100.6500015258789,99.16999816894531,99.94999694824219,91.9896240234375,18041700.0
2024-01-15,100.13999938964844,100.6500015258789,99.16999816894531,99.94999694824219,91.9896240234375,18041700.0
2024-01-16,99.81999969482422,100.01000213623047,97.52999877929688,97.69000244140625,89.90961456298828,20235700.0
2024-01-17,96.5999984741211,97.95999908447266,96.58000183105469,96.9800033569336,89.25617218017578,18384000.0
2024-01-18,97.0,97.08999633789062,95.81999969482422,96.80000305175781,89.09050750732422,20940300.0
2024-01-19,96.72000122070312,97.0199966430664,96.41000366210938,96.94999694824219,89.22856903076172,20088400.0
2024-01-22,96.69999694824219,97.0999984741211,95.7699966430664,96.81999969482422,89.1089096069336,19955900.0
2024-01-23,96.80999755859375,98.5,96.7300033569336,97.91000366210938,90.11210632324219,15863400.0
2024-01-24,98.31999969482422,99.6500015258789,97.73999786376953,99.5999984741211,91.66749572753906,17330600.0
2024-01-25,100.30999755859375,102.18000030517578,99.62000274658203,102.12999725341797,93.9959945678711,22089500.0
2024-01-26,101.97000122070312,103.08000183105469,101.19000244140625,103.0,94.79672241210938,20817200.0
2024-01-29,102.9800033569336,103.19999694824219,101.86000061035156,103.12999725341797,94.91636657714844,18317500.0
2024-01-30,102.41000366210938,104.87999725341797,102.0999984741211,104.8499984741211,96.49937438964844,19610900.0
2024-01-31,104.73999786376953,104.87999725341797,102.7699966430664,102.80999755859375,94.6218490600586,22415300.0
2024-02-01,103.56999969482422,104.01000213623047,101.62000274658203,102.38999938964844,94.23529815673828,19240700.0
2024-02-02,103.75,104.0,101.61000061035156,101.97000122070312,93.8487548828125,21973400.0
2024-02-05,101.44999694824219,102.37999725341797,100.5,101.55000305175781,93.46221923828125,17190900.0
2024-02-06,102.06999969482422,103.04000091552734,101.56999969482422,102.25,94.10646057128906,13347900.0
2024-02-07,102.25,102.7300033569336,101.18000030517578,102.22000122070312,94.07884216308594,13826800.0
2024-02-08,102.33999633789062,104.41999816894531,102.11000061035156,103.97000122070312,95.68946838378906,19636900.0
2024-02-09,104.0999984741211,104.83999633789062,101.69999694824219,101.7699966430664,93.66468048095703,20410500.0
2024-02-12,102.16000366210938,103.4000015258789,102.0,103.16999816894531,94.95317840576172,18173100.0
2024-02-13,102.76000213623047,103.08999633789062,100.5999984741211,101.33999633789062,94.13573455810547,18917400.0
2024-02-14,101.87000274658203,102.62000274658203,100.41999816894531,100.83999633789062,93.67127990722656,17651300.0
2024-02-15,100.5999984741211,103.94000244140625,100.5999984741211,103.7300033569336,96.35584259033203,23196300.0
2024-02-16,104.01000213623047,104.62999725341797,103.5199966430664,103.7300033569336,96.35584259033203,20151400.0
2024-02-19,104.01000213623047,104.62999725341797,103.5199966430664,103.7300033569336,96.35584259033203,20151400.0
2024-02-20,103.83999633789062,104.12000274658203,102.6500015258789,102.75,95.44549560546875,17650000.0
2024-02-21,103.0199966430664,104.9800033569336,102.98999786376953,104.8499984741211,97.39620971679688,20991300.0
2024-02-22,104.16000366210938,105.41000366210938,103.44999694824219,104.76000213623047,97.31261444091797,20470700.0
2024-02-23,103.87999725341797,104.08999633789062,102.87999725341797,103.83999633789062,96.4580078125,15975900.0
2024-02-26,103.72000122070312,104.94000244140625,103.05000305175781,104.25,96.83885192871094,13360800.0
2024-02-27,104.68000030517578,105.1500015258789,103.8499984741211,104.02999877929688,96.63449096679688,16360000.0
2024-02-28,104.47000122070312,105.43000030517578,104.0,104.31999969482422,96.90388488769531,14810500.0
2024-02-29,104.68000030517578,105.06999969482422,104.22000122070312,104.5199966430664,97.08966827392578,17566100.0
2024-03-01,105.72000122070312,106.38999938964844,105.37999725341797,105.83999633789062,98.3158187866211,18460100.0
2024-03-04,105.66000366210938,105.8499984741211,104.02999877929688,104.36000061035156,96.94103240966797,18138000.0
2024-03-05,104.52999877929688,106.2699966430664,104.31999969482422,105.63999938964844,98.13004302978516,19952700.0
2024-03-06,106.62000274658203,107.56999969482422,106.1500015258789,106.7699966430664,99.1797103881836,20472800.0
2024-03-07,106.5999984741211,107.9800033569336,106.5999984741211,107.37000274658203,99.73706817626953,15195400.0
2024-03-08,107.2300033569336,108.4000015258789,106.7699966430664,108.37999725341797,100.67526245117188,16281500.0
2024-03-11,108.25,109.12000274658203,107.33999633789062,109.0199966430664,101.2697525024414,17577300.0
2024-03-12,109.05999755859375,109.27999877929688,108.02999877929688,108.31999969482422,100.6195297241211,14957200.0
2024-03-13,109.13999938964844,110.3499984741211,109.11000061035156,109.52999877929688,101.74351501464844,17122200.0
2024-03-14,109.83000183105469,111.55000305175781,109.69000244140625,111.47000122070312,103.54559326171875,22121000.0
2024-03-15,110.8499984741211,112.30000305175781,110.8499984741211,111.2699966430664,103.35981750488281,38264400.0
2024-03-18,111.79000091552734,112.86000061035156,111.0999984741211,112.30000305175781,104.31659698486328,16770500.0
2024-03-19,112.22000122070312,113.48999786376953,112.05999755859375,113.08999633789062,105.05042266845703,14878800.0
2024-03-20,112.72000122070312,113.4000015258789,112.12999725341797,112.98999786376953,104.95753479003906,16119700.0
2024-03-21,112.91999816894531,113.91000366210938,112.56999969482422,113.48999786376953,105.42198944091797,14878000.0
2024-03-22,113.4800033569336,113.69000244140625,112.81999969482422,113.48999786376953,105.42198944091797,14701900.0
2024-03-25,113.83000183105469,115.77999877929688,113.83000183105469,114.6500015258789,106.49952697753906,14011700.0
2024-03-26,114.66000366210938,114.9800033569336,113.41000366210938,113.79000091552734,105.70066833496094,13152300.0
2024-03-27,113.4800033569336,115.05999755859375,113.41000366210938,114.97000122070312,106.79676818847656,12415700.0
2024-03-28,115.52999877929688,116.44999694824219,115.05999755859375,116.23999786376953,107.97648620605469,18482100.0
2024-03-29,115.52999877929688,116.44999694824219,115.05999755859375,116.23999786376953,107.97648620605469,18482100.0
2024-04-01,116.41000366210938,117.23999786376953,115.37999725341797,116.98999786376953,108.67317199707031,13817000.0
2024-04-02,117.91999816894531,119.5999984741211,117.33000183105469,119.27999877929688,110.80037689208984,19919600.0
2024-04-03,119.4800033569336,119.75,118.7300033569336,119.30000305175781,110.81896209716797,16504300.0
2024-04-04,119.05000305175781,119.87999725341797,118.63999938964844,119.72000122070312,111.20909118652344,18467400.0
2024-04-05,119.9800033569336,122.1500015258789,119.63999938964844,121.37000274658203,112.74181365966797,21720600.0
2024-04-08,121.08000183105469,121.73999786376953,120.20999908447266,120.55000305175781,111.98011016845703,17513900.0
2024-04-09,121.0,121.6500015258789,120.33999633789062,121.18000030517578,112.56529998779297,14132300.0
2024-04-10,121.22000122070312,122.47000122070312,120.7300033569336,122.19999694824219,113.5127944946289,17409200.0
2024-04-11,122.69000244140625,122.69000244140625,120.33999633789062,121.79000091552734,113.13194274902344,17555900.0
2024-04-12,122.94999694824219,123.75,119.66999816894531,120.37000274658203,111.8128890991211,21556200.0
2024-04-15,121.08999633789062,121.69000244140625,119.44999694824219,119.68000030517578,111.17194366455078,15029500.0
2024-04-16,119.55999755859375,120.22000122070312,117.91999816894531,118.69000244140625,110.25232696533203,18082200.0
2024-04-17,118.55000305175781,119.3499984741211,117.12000274658203,118.62999725341797,110.19657897949219,14538600.0
2024-04-18,119.0,119.72000122070312,117.97000122070312,118.5199966430664,110.09440612792969,13821400.0
2024-04-19,119.16000366210938,120.93000030517578,118.94999694824219,119.87999725341797,111.35771942138672,21572400.0
2024-04-22,119.26000213623047,121.56999969482422,118.43000030517578,120.55999755859375,111.9893798828125,16340700.0
2024-04-23,120.0,121.05999755859375,119.44999694824219,121.02999877929688,112.42597961425781,13929800.0
2024-04-24,120.30000305175781,121.26000213623047,119.38999938964844,121.05000305175781,112.4445571899414,12101200.0
2024-04-25,121.02999877929688,121.76000213623047,119.4000015258789,121.33000183105469,112.70465087890625,16041000.0
2024-04-26,119.0,119.0999984741211,116.22000122070312,117.95999908447266,109.57421112060547,27289500.0
2024-04-29,117.76000213623047,120.05000305175781,117.76000213623047,119.63999938964844,111.13478088378906,17309900.0
2024-04-30,119.11000061035156,120.19999694824219,117.9800033569336,118.2699966430664,109.86216735839844,21083300.0
2024-05-01,118.27999877929688,118.47000122070312,115.66000366210938,116.02999877929688,107.78142547607422,27777700.0
2024-05-02,116.26000213623047,117.26000213623047,115.9000015258789,116.23999786376953,107.97648620605469,25513600.0
2024-05-03,116.0,116.06999969482422,114.12999725341797,116.0,107.7535629272461,28023300.0
2024-05-06,116.66999816894531,118.33999633789062,116.4000015258789,116.75,108.45024108886719,31401300.0
2024-05-07,117.27999877929688,117.58000183105469,115.93000030517578,116.16999816894531,107.91146850585938,30122000.0
2024-05-08,115.70999908447266,116.94999694824219,115.41000366210938,116.1500015258789,107.89289093017578,18957200.0
2024-05-09,116.19999694824219,118.52999877929688,116.19000244140625,118.44000244140625,110.02009582519531,17564000.0
2024-05-10,118.54000091552734,118.66000366210938,117.58000183105469,117.95999908447266,109.57421112060547,13648100.0
2024-05-13,118.41999816894531,119.04000091552734,117.12000274658203,117.91000366210938,109.52777862548828,15060600.0
2024-05-14,116.79000091552734,117.73999786376953,116.4800033569336,117.66999816894531,110.1926498413086,15079100.0
2024-05-15,117.61000061035156,118.83999633789062,116.08000183105469,118.58000183105469,111.0448226928711,18244300.0
2024-05-16,118.54000091552734,119.30000305175781,117.54000091552734,117.87000274658203,110.37995147705078,15745200.0
2024-05-17,118.30000305175781,119.83000183105469,117.95999908447266,119.63999938964844,112.0374755859375,15104500.0
2024-05-20,119.7300033569336,119.88999938964844,118.55000305175781,118.66999816894531,111.12911987304688,11551300.0
2024-05-21,118.4000015258789,119.44999694824219,117.77999877929688,117.8499984741211,110.36122131347656,14495000.0
2024-05-22,117.45999908447266,117.45999908447266,114.95999908447266,115.4800033569336,108.14183044433594,17879300.0
2024-05-23,115.5999984741211,117.51000213623047,113.36000061035156,113.51000213623047,106.29701232910156,15979800.0
2024-05-24,114.83999633789062,115.08000183105469,113.04000091552734,113.41999816894531,106.21272277832031,12212900.0
2024-05-27,114.83999633789062,115.08000183105469,113.04000091552734,113.41999816894531,106.21272277832031,12212900.0
2024-05-28,113.5199966430664,115.11000061035156,113.06999969482422,114.86000061035156,107.56122589111328,13978300.0
2024-05-29,114.52999877929688,114.55000305175781,112.80999755859375,113.62999725341797,106.40937805175781,13902000.0
2024-05-30,113.2699966430664,114.12999725341797,112.95999908447266,113.98999786376953,106.74649810791016,14683700.0
2024-05-31,114.12000274658203,117.48999786376953,113.98999786376953,117.26000213623047,109.80870819091797,29037400.0
2024-06-03,116.30000305175781,116.36000061035156,113.76000213623047,114.44999694824219,107.1772689819336,19589300.0
2024-06-04,113.0,113.08999633789062,110.91999816894531,112.66999816894531,105.5103759765625,19412200.0
2024-06-05,112.88999938964844,113.19000244140625,111.4800033569336,113.12000274658203,105.9317855834961,14863500.0
2024-06-06,112.75,114.04000091552734,112.11000061035156,113.97000122070312,106.727783203125,13154100.0
2024-06-07,113.79000091552734,114.9000015258789,112.66999816894531,112.75,105.5853042602539,13289200.0
2024-06-10,113.05999755859375,114.22000122070312,112.69999694824219,113.08000183105469,105.89433288574219,15239700.0
2024-06-11,112.48999786376953,112.66999816894531,111.30999755859375,112.16999816894531,105.0421371459961,12462400.0
2024-06-12,113.30000305175781,113.30000305175781,110.54000091552734,110.93000030517578,103.88095092773438,13606800.0
2024-06-13,110.83999633789062,110.86000061035156,109.72000122070312,110.04000091552734,103.04750061035156,14466900.0
2024-06-14,110.0199966430664,110.20999908447266,108.58999633789062,109.11000061035156,102.17659759521484,13313400.0
2024-06-17,109.16999816894531,109.45999908447266,108.18000030517578,108.36000061035156,101.4742660522461,21147900.0
2024-06-18,109.02999877929688,110.72000122070312,108.80000305175781,109.37999725341797,102.42945098876953,17762900.0
2024-06-19,109.02999877929688,110.72000122070312,108.80000305175781,109.37999725341797,102.42945098876953,17762900.0
2024-06-20,109.91000366210938,112.62000274658203,109.58999633789062,111.73999786376953,104.63948059082031,17433200.0
2024-06-21,111.9000015258789,112.69999694824219,110.76000213623047,110.76000213623047,103.72175598144531,52212500.0
2024-06-24,111.63999938964844,114.52999877929688,111.63999938964844,114.05000305175781,106.80269622802734,16266700.0
2024-06-25,114.11000061035156,114.55000305175781,113.45999908447266,114.37000274658203,107.10235595703125,14188900.0
2024-06-26,114.38999938964844,114.81999969482422,113.13999938964844,114.41000366210938,107.13982391357422,15771800.0
2024-06-27,114.98999786376953,114.98999786376953,114.11000061035156,114.9000015258789,107.59867858886719,16812700.0
2024-06-28,115.86000061035156,116.54000091552734,114.68000030517578,115.12000274658203,107.80470275878906,24565900.0
2024-07-01,115.70999908447266,116.73999786376953,114.52999877929688,114.95999908447266,107.65486145019531,11972900.0
2024-07-02,115.9000015258789,115.94000244140625,113.48999786376953,114.18000030517578,106.92442321777344,13326700.0
2024-07-03,114.2699966430664,115.66000366210938,114.2699966430664,114.76000213623047,107.46757507324219,7732900.0
2024-07-04,114.2699966430664,115.66000366210938,114.2699966430664,114.76000213623047,107.46757507324219,7732900.0
2024-07-05,114.61000061035156,114.62999725341797,112.69000244140625,113.37000274658203,106.16590881347656,12631000.0
2024-07-08,112.38999938964844,113.55000305175781,111.41999816894531,112.18000030517578,105.051513671875,13350500.0
2024-07-09,111.11000061035156,112.54000091552734,110.62000274658203,110.94000244140625,103.89031982421875,11727000.0
2024-07-10,110.91999816894531,111.95999908447266,110.41999816894531,111.91999816894531,104.80804443359375,10004100.0
2024-07-11,111.43000030517578,113.31999969482422,110.93000030517578,113.25,106.05352783203125,13082700.0
2024-07-12,113.98999786376953,114.1500015258789,112.62999725341797,113.2699966430664,106.07225036621094,11684900.0
2024-07-15,114.2699966430664,116.16000366210938,113.58000183105469,115.20999908447266,107.88898468017578,13032500.0
2024-07-16,114.3499984741211,116.3499984741211,113.70999908447266,116.04000091552734,108.6662368774414,13614100.0
2024-07-17,116.73999786376953,118.18000030517578,116.55000305175781,117.63999938964844,110.16455841064453,13602800.0
2024-07-18,117.94999694824219,119.91999816894531,117.44000244140625,118.80000305175781,111.2508544921875,13033600.0
2024-07-19,118.58999633789062,118.87999725341797,115.87000274658203,116.06999969482422,108.69434356689453,16157700.0
2024-07-22,115.18000030517578,115.94000244140625,114.58000183105469,115.2699966430664,107.94515228271484,12065900.0
2024-07-23,114.80999755859375,115.16999816894531,113.16999816894531,113.41000366210938,106.203369140625,11251700.0
2024-07-24,113.7699966430664,115.19999694824219,113.06999969482422,115.01000213623047,107.70169067382812,14925200.0
2024-07-25,115.16999816894531,118.02999877929688,114.55999755859375,117.43000030517578,109.96790313720703,17021700.0
2024-07-26,116.7699966430664,118.02999877929688,116.47000122070312,117.33000183105469,109.874267578125,11252500.0
2024-07-29,117.31999969482422,117.38999938964844,115.37999725341797,116.0999984741211,108.72242736816406,8861800.0
2024-07-30,116.36000061035156,118.5999984741211,116.2300033569336,118.16999816894531,110.660888671875,12483900.0
2024-07-31,119.63999938964844,119.76000213623047,118.55999755859375,118.58999633789062,111.05419158935547,15137700.0
2024-08-01,118.3499984741211,119.48999786376953,116.36000061035156,116.94999694824219,109.5184097290039,15051500.0
2024-08-02,115.97000122070312,118.87000274658203,115.41999816894531,116.87999725341797,109.4528579711914,20403800.0
2024-08-05,115.54000091552734,116.02999877929688,113.25,114.7699966430664,107.47694396972656,18025900.0
2024-08-06,114.44999694824219,115.62999725341797,113.62999725341797,114.16000366210938,106.90570831298828,13647800.0
2024-08-07,115.44999694824219,117.12000274658203,115.26000213623047,115.68000030517578,108.32910919189453,13660700.0
2024-08-08,116.08000183105469,118.11000061035156,115.7300033569336,117.88999938964844,110.398681640625,13851000.0
2024-08-09,117.88999938964844,119.30999755859375,117.36000061035156,118.8499984741211,111.29767608642578,12151900.0
2024-08-12,119.55000305175781,120.16999816894531,118.0199966430664,119.0,111.43814849853516,13228900.0
2024-08-13,118.27999877929688,118.51000213623047,117.5,117.86000061035156,110.37057495117188,11585100.0
2024-08-14,118.0999984741211,119.9000015258789,117.62999725341797,118.94999694824219,111.39131927490234,12194500.0
2024-08-15,118.25,119.62999725341797,118.12000274658203,118.7300033569336,112.08043670654297,11579400.0
2024-08-16,117.98999786376953,118.4800033569336,117.66000366210938,118.16999816894531,111.55180358886719,10056000.0
2024-08-19,118.4000015258789,120.5,118.16999816894531,118.52999877929688,111.89163970947266,12417500.0
2024-08-20,118.6500015258789,118.6500015258789,114.51000213623047,114.58000183105469,108.1628646850586,15632000.0
2024-08-21,115.01000213623047,115.56999969482422,113.76000213623047,113.8499984741211,107.47374725341797,11752400.0
2024-08-22,113.77999877929688,115.01000213623047,113.63999938964844,114.7300033569336,108.3044662475586,10609500.0
2024-08-23,115.02999877929688,116.72000122070312,115.02999877929688,116.31999969482422,109.80540466308594,10381400.0
2024-08-26,117.76000213623047,118.94000244140625,116.91999816894531,118.80999755859375,112.15594482421875,13671000.0
2024-08-27,118.95999908447266,119.41000366210938,117.4000015258789,117.68000030517578,111.08924102783203,9991600.0
2024-08-28,117.0,117.58000183105469,116.26000213623047,116.5199966430664,109.99420928955078,10742900.0
2024-08-29,117.19999694824219,118.79000091552734,116.3499984741211,118.12999725341797,111.51403045654297,10753900.0
2024-08-30,116.79000091552734,118.0199966430664,116.29000091552734,117.94000244140625,111.33468627929688,13284700.0
2024-09-02,116.79000091552734,118.0199966430664,116.29000091552734,117.94000244140625,111.33468627929688,13284700.0
2024-09-03,115.83999633789062,116.08999633789062,114.04000091552734,115.47000122070312,109.00301361083984,15725100.0
2024-09-04,115.29000091552734,116.1500015258789,113.9800033569336,114.05999755859375,107.67198181152344,12620600.0
2024-09-05,115.06999969482422,115.27999877929688,113.06999969482422,113.16999816894531,106.83182525634766,17200800.0
2024-09-06,113.58999633789062,114.18000030517578,111.7300033569336,112.63999938964844,106.33150482177734,13467700.0
2024-09-09,112.87000274658203,116.1500015258789,112.66000366210938,115.01000213623047,108.56877136230469,21645300.0
2024-09-10,115.0999984741211,115.4000015258789,110.16999816894531,110.81999969482422,104.61344909667969,20913400.0
2024-09-11,110.77999877929688,110.94999694824219,107.7699966430664,109.72000122070312,103.5750503540039,19571900.0
2024-09-12,109.9000015258789,111.33000183105469,109.76000213623047,111.2300033569336,105.00047302246094,15919500.0
2024-09-13,111.47000122070312,112.47000122070312,110.93000030517578,111.1500015258789,104.92496490478516,10035400.0
2024-09-16,112.05000305175781,113.08999633789062,111.69000244140625,112.70999908447266,106.39759063720703,11729000.0
2024-09-17,112.31999969482422,114.37000274658203,112.12000274658203,114.18000030517578,107.78526306152344,12202600.0
2024-09-18,114.11000061035156,115.62999725341797,113.80999755859375,114.58000183105469,108.1628646850586,12569900.0
2024-09-19,116.16000366210938,117.58000183105469,115.19000244140625,116.0,109.50333404541016,12660600.0
2024-09-20,115.45999908447266,115.51000213623047,114.25,115.2699966430664,108.81420135498047,36206200.0
2024-09-23,115.33000183105469,117.79000091552734,115.12000274658203,117.36000061035156,110.78717041015625,16066300.0
2024-09-24,117.83999633789062,118.16000366210938,116.83000183105469,117.05000305175781,110.49452209472656,11984900.0
2024-09-25,116.48999786376953,117.05000305175781,114.04000091552734,114.7699966430664,108.34221649169922,13816000.0
2024-09-26,111.13999938964844,113.4800033569336,111.13999938964844,112.80000305175781,106.48255157470703,16887900.0
2024-09-27,113.76000213623047,116.08999633789062,113.25,115.81999969482422,109.33341217041016,15964000.0
2024-09-30,115.45999908447266,117.38999938964844,114.95999908447266,117.22000122070312,110.6550064086914,13247600.0
2024-10-01,116.04000091552734,120.5999984741211,115.93000030517578,119.93000030517578,113.21322631835938,23235900.0
2024-10-02,121.93000030517578,122.81999969482422,120.19999694824219,121.5199966430664,114.71417236328125,17129700.0
2024-10-03,121.9000015258789,123.16999816894531,120.93000030517578,122.58000183105469,115.71481323242188,16524300.0
2024-10-04,123.19999694824219,125.19000244140625,122.43000030517578,124.83000183105469,117.83880615234375,19752300.0
2024-10-07,125.25,126.33999633789062,124.86000061035156,125.37000274658203,118.34856414794922,15714400.0
2024-10-08,123.87999725341797,124.0199966430664,121.26000213623047,122.04000091552734,115.20506286621094,14818500.0
2024-10-09,120.9000015258789,122.58000183105469,120.80000305175781,122.08999633789062,115.25225067138672,11144900.0
2024-10-10,123.16000366210938,123.69999694824219,122.29000091552734,123.13999938964844,116.24344635009766,10243300.0
2024-10-11,123.0999984741211,124.02999877929688,122.94000244140625,123.61000061035156,116.68712615966797,8294800.0
2024-10-14,123.23999786376953,124.26000213623047,122.62000274658203,124.08000183105469,117.13081359863281,9808100.0
2024-10-15,120.81999969482422,121.94999694824219,119.77999877929688,120.3499984741211,113.60969543457031,15771300.0
2024-10-16,120.88999938964844,121.44000244140625,120.5999984741211,120.66000366210938,113.90234375,8426800.0
2024-10-17,120.76000213623047,121.58000183105469,119.70999908447266,120.3499984741211,113.60969543457031,11204900.0
2024-10-18,120.44000244140625,120.63999938964844,119.1500015258789,120.01000213623047,113.28874206542969,12898600.0
2024-10-21,120.9800033569336,121.4800033569336,119.72000122070312,120.08000183105469,113.35482788085938,10177800.0
2024-10-22,120.26000213623047,121.19000244140625,119.94000244140625,120.69999694824219,113.94010162353516,9201400.0
2024-10-23,119.97000122070312,120.75,119.4000015258789,120.2699966430664,113.5341796875,8320300.0
2024-10-24,120.0,120.44000244140625,119.12999725341797,119.58999633789062,112.89226531982422,9905600.0
2024-10-25,120.19999694824219,120.43000030517578,119.31999969482422,119.48999786376953,112.7978744506836,10714600.0
2024-10-28,116.79000091552734,119.01000213623047,116.7699966430664,118.9000015258789,112.24091339111328,11844500.0
2024-10-29,118.58000183105469,119.16999816894531,117.06999969482422,117.27999877929688,110.7116470336914,14731000.0
2024-10-30,117.66000366210938,118.2699966430664,116.4800033569336,116.69000244140625,110.1546859741211,12303700.0
2024-10-31,117.1500015258789,118.66999816894531,116.68000030517578,116.77999877929688,110.23965454101562,20512000.0
2024-11-01,119.93000030517578,119.94999694824219,114.83999633789062,114.94999694824219,108.51213073730469,20939300.0
2024-11-04,116.06999969482422,118.69999694824219,115.93000030517578,118.61000061035156,111.96715545654297,14965400.0
2024-11-05,119.08000183105469,119.20999908447266,118.01000213623047,118.95999908447266,112.29755401611328,10436700.0
2024-11-06,121.1500015258789,121.91000366210938,119.30000305175781,121.0,114.22331237792969,20807700.0
2024-11-07,121.30000305175781,121.5,119.61000061035156,121.1500015258789,114.36490631103516,12184400.0
2024-11-08,120.9800033569336,121.41999816894531,119.66000366210938,121.11000061035156,114.32713317871094,12836000.0
2024-11-11,121.0,121.62000274658203,120.06999969482422,120.47000122070312,113.72297668457031,11969700.0
2024-11-12,121.12999725341797,121.30999755859375,119.83999633789062,120.3499984741211,113.60969543457031,11972800.0
2024-11-13,120.56999969482422,122.05000305175781,118.80000305175781,121.47000122070312,114.66697692871094,15127900.0
2024-11-14,121.66000366210938,121.87999725341797,120.33000183105469,120.55999755859375,114.74311828613281,13041800.0
2024-11-15,120.4000015258789,121.23999786376953,119.12999725341797,119.30999755859375,113.55342864990234,19051700.0
2024-11-18,119.79000091552734,120.62000274658203,119.2699966430664,120.30999755859375,114.50518035888672,14239700.0
2024-11-19,119.75,119.75,118.19999694824219,118.62999725341797,112.90623474121094,11584400.0
2024-11-20,119.16999816894531,120.47000122070312,118.63999938964844,120.31999969482422,114.51469421386719,11360900.0
2024-11-21,121.08000183105469,122.55000305175781,120.2699966430664,121.93000030517578,116.0470199584961,14675400.0
2024-11-22,121.81999969482422,123.20999908447266,121.63999938964844,121.79000091552734,115.91377258300781,13323400.0
2024-11-25,121.43000030517578,121.87999725341797,119.61000061035156,119.97000122070312,114.18158721923828,26580300.0
2024-11-26,119.52999877929688,119.68000030517578,117.8499984741211,117.97000122070312,112.27808380126953,14827300.0
2024-11-27,118.08999633789062,118.7300033569336,117.43000030517578,117.66000366210938,111.98303985595703,11079100.0
2024-11-28,118.08999633789062,118.7300033569336,117.43000030517578,117.66000366210938,111.98303985595703,11079100.0
2024-11-29,117.44000244140625,118.5,116.94999694824219,117.95999908447266,112.26856994628906,9426500.0
2024-12-02,118.05000305175781,118.19999694824219,116.81999969482422,117.8499984741211,112.16387176513672,12687300.0
2024-12-03,118.72000122070312,118.72000122070312,117.26000213623047,117.66999816894531,111.99256134033203,11756600.0
2024-12-04,117.5,117.55000305175781,113.86000061035156,114.27999877929688,108.76612854003906,19520600.0
2024-12-05,114.70999908447266,115.62000274658203,114.05999755859375,114.77999877929688,109.24198913574219,15751200.0
2024-12-06,114.54000091552734,114.7699966430664,113.5,113.56999969482422,108.09037780761719,16171100.0
2024-12-09,114.63999938964844,114.94000244140625,112.75,112.9000015258789,107.45269775390625,17412600.0
2024-12-10,113.58999633789062,113.87999725341797,111.75,112.66999816894531,107.23379516601562,20990900.0
2024-12-11,112.0,112.38999938964844,111.11000061035156,111.91999816894531,106.51998901367188,32392200.0
2024-12-12,111.58999633789062,112.37999725341797,110.77999877929688,111.81999969482422,106.4248046875,14543300.0
2024-12-13,111.9000015258789,111.9000015258789,110.25,110.83999633789062,105.49209594726562,13106100.0
2024-12-16,110.19999694824219,110.4000015258789,108.16000366210938,108.47000122070312,103.23644256591797,20256100.0
2024-12-17,107.23999786376953,108.16999816894531,106.79000091552734,108.01000213623047,102.79865264892578,17554000.0
2024-12-18,107.56999969482422,108.83000183105469,106.30999755859375,106.41999816894531,101.28536224365234,17114500.0
2024-12-19,107.38999938964844,107.66999816894531,105.20999908447266,105.51000213623047,100.41927337646484,20565600.0
2024-12-20,105.44999694824219,106.13999938964844,104.83999633789062,105.87000274658203,100.76190185546875,40141200.0
2024-12-23,105.30999755859375,106.5999984741211,104.91999816894531,106.30000305175781,101.17115020751953,12285100.0
2024-12-24,106.5199966430664,107.19000244140625,105.69999694824219,106.4000015258789,101.2663345336914,7807000.0
2024-12-25,106.5199966430664,107.19000244140625,105.69999694824219,106.4000015258789,101.2663345336914,7807000.0
2024-12-26,106.5199966430664,107.02999877929688,105.94000244140625,106.48999786376953,101.35197448730469,9652400.0
2024-12-27,106.30000305175781,107.98999786376953,105.7699966430664,106.4800033569336,101.34247589111328,11943900.0
2024-12-30,106.30000305175781,106.55999755859375,105.51000213623047,105.76000213623047,100.65719604492188,11080800.0
2024-12-31,106.16999816894531,107.9000015258789,105.77999877929688,107.56999969482422,102.3798599243164,12387800.0
2025-01-01,106.16999816894531,107.9000015258789,105.77999877929688,107.56999969482422,102.3798599243164,12387800.0
2025-01-02,108.27999877929688,109.0,106.87999725341797,107.30999755859375,102.13240814208984,12685400.0
2025-01-03,108.0,108.48999786376953,107.45999908447266,107.86000061035156,102.6558837890625,14237900.0
2025-01-06,108.23999786376953,109.77999877929688,107.5199966430664,107.73999786376953,102.54166412353516,15623700.0
2025-01-07,108.94000244140625,110.05999755859375,108.27999877929688,108.75,103.50293731689453,12625900.0
2025-01-08,107.30999755859375,107.70999908447266,106.01000213623047,106.93000030517578,101.77075958251953,17858100.0
2025-01-09,107.30999755859375,107.70999908447266,106.01000213623047,106.93000030517578,101.77075958251953,17858100.0
2025-01-10,108.69999694824219,110.0999984741211,105.77999877929688,106.54000091552734,101.39957427978516,19304500.0
2025-01-13,107.12999725341797,109.62999725341797,107.12999725341797,109.29000091552734,104.01687622070312,17073400.0
2025-01-14,108.79000091552734,109.76000213623047,107.83000183105469,109.72000122070312,104.42613983154297,11191200.0
2025-01-15,110.05000305175781,111.7300033569336,109.47000122070312,111.51000213623047,106.12977600097656,14521100.0
2025-01-16,111.19000244140625,111.69000244140625,110.55000305175781,111.31999969482422,105.94894409179688,10366600.0
2025-01-17,111.02999877929688,112.87000274658203,110.81999969482422,112.31999969482422,106.90068817138672,19298500.0
2025-01-20,111.02999877929688,112.87000274658203,110.81999969482422,112.31999969482422,106.90068817138672,19298500.0
2025-01-21,112.05000305175781,112.18000030517578,111.12999725341797,111.47000122070312,106.0916976928711,20416300.0
2025-01-22,111.19999694824219,111.56999969482422,109.4000015258789,109.52999877929688,104.24530029296875,15718000.0
2025-01-23,110.30999755859375,111.13999938964844,109.61000061035156,110.1500015258789,104.83538818359375,13726800.0
2025-01-24,110.23999786376953,110.70999908447266,108.41000366210938,108.66000366210938,103.41728210449219,14235900.0
2025-01-27,109.01000213623047,110.44999694824219,108.38999938964844,110.16999816894531,104.85441589355469,15926700.0
2025-01-28,110.41000366210938,110.87000274658203,107.79000091552734,108.04000091552734,102.82719421386719,15862000.0
2025-01-29,107.70999908447266,108.77999877929688,107.47000122070312,108.66999816894531,103.42679595947266,12345500.0
2025-01-30,109.23999786376953,109.8499984741211,108.69999694824219,109.56999969482422,104.28336334228516,14346300.0
2025-01-31,110.55000305175781,110.55000305175781,106.0999984741211,106.83000183105469,101.67557525634766,20376500.0
2025-02-03,106.63999938964844,107.30000305175781,105.31999969482422,107.08999633789062,101.92302703857422,14623200.0
2025-02-04,106.70999908447266,110.27999877929688,106.52999877929688,109.95999908447266,104.65455627441406,14835700.0
2025-02-05,109.73999786376953,110.01000213623047,109.0999984741211,109.87999725341797,104.57842254638672,13364400.0
2025-02-06,110.7699966430664,111.05000305175781,107.98999786376953,108.43000030517578,103.19837188720703,13411400.0
2025-02-07,108.77999877929688,109.7300033569336,108.31999969482422,108.88999938964844,103.63619232177734,10051600.0
2025-02-10,110.01000213623047,111.02999877929688,109.87999725341797,110.97000122070312,105.61582946777344,12142200.0
2025-02-11,111.5999984741211,112.51000213623047,110.81999969482422,111.66999816894531,106.28206634521484,12713100.0
2025-02-12,110.05000305175781,110.2300033569336,107.18000030517578,107.3499984741211,103.0843734741211,18244100.0
2025-02-13,107.1500015258789,108.41000366210938,106.5199966430664,108.12999725341797,103.83338165283203,15460000.0
2025-02-14,108.5199966430664,110.2300033569336,108.0999984741211,108.23999786376953,103.93900299072266,15733500.0
2025-02-17,108.5199966430664,110.2300033569336,108.0999984741211,108.23999786376953,103.93900299072266,15733500.0
2025-02-18,108.62999725341797,110.98999786376953,108.31999969482422,110.13999938964844,105.76351928710938,20060300.0
2025-02-19,110.76000213623047,112.12999725341797,110.05999755859375,110.30000305175781,105.91715240478516,10964700.0
2025-02-20,110.56999969482422,112.41999816894531,109.94999694824219,112.0,107.54959869384766,16325800.0
2025-02-21,111.31999969482422,111.8499984741211,110.55999755859375,110.69000244140625,106.29165649414062,14710000.0
2025-02-24,110.93000030517578,111.86000061035156,110.31999969482422,111.2699966430664,106.8486099243164,13153500.0
2025-02-25,111.30000305175781,112.12999725341797,108.88999938964844,109.7300033569336,105.36980438232422,14497000.0
2025-02-26,109.73999786376953,109.87000274658203,108.5199966430664,109.45999908447266,105.11052703857422,10446400.0
2025-02-27,110.01000213623047,111.29000091552734,109.27999877929688,110.1500015258789,105.77310943603516,15293200.0
2025-02-28,110.11000061035156,111.58000183105469,109.33999633789062,111.33000183105469,106.90621948242188,18821700.0
2025-03-03,111.69999694824219,112.16000366210938,106.51000213623047,107.76000213623047,103.47808837890625,18706900.0
2025-03-04,106.36000061035156,108.95999908447266,105.94000244140625,107.54000091552734,103.2668228149414,19394900.0
2025-03-05,105.83999633789062,106.33000183105469,103.66999816894531,105.44000244140625,101.2502670288086,24822200.0
2025-03-06,105.43000030517578,108.11000061035156,104.36000061035156,107.62000274658203,103.3436508178711,17150200.0
2025-03-07,108.41000366210938,110.4000015258789,108.30000305175781,109.0199966430664,104.6880111694336,19625000.0
2025-03-10,109.27999877929688,112.56999969482422,109.08000183105469,111.80000305175781,107.35755157470703,22749100.0
2025-03-11,111.91999816894531,112.0999984741211,108.79000091552734,109.16000366210938,104.82245635986328,19904700.0
2025-03-12,109.05000305175781,110.12999725341797,108.41999816894531,109.12999725341797,104.79364013671875,14051500.0
2025-03-13,108.33000183105469,110.81999969482422,107.62999725341797,108.66999816894531,104.35192108154297,17767800.0
2025-03-14,108.94000244140625,112.18000030517578,108.30999755859375,111.9000015258789,107.45357513427734,15890100.0
2025-03-17,111.80000305175781,114.5,111.7300033569336,113.76000213623047,109.23966979980469,19908800.0
2025-03-18,114.08999633789062,114.54000091552734,112.56999969482422,113.63999938964844,109.12442779541016,15998700.0
2025-03-19,114.19999694824219,115.81999969482422,113.83000183105469,115.41000366210938,110.82410430908203,17315000.0
2025-03-20,114.72000122070312,116.47000122070312,114.20999908447266,115.9000015258789,111.29462432861328,16230800.0
2025-03-21,115.5,115.98999786376953,114.3499984741211,115.5,110.9105224609375,41102800.0
2025-03-24,115.68000030517578,116.91000366210938,115.58000183105469,115.80000305175781,111.1986083984375,14207500.0
2025-03-25,116.43000030517578,117.63999938964844,115.95999908447266,116.58999633789062,111.95720672607422,12081800.0
2025-03-26,117.68000030517578,119.18000030517578,117.68000030517578,118.2699966430664,113.57044982910156,14110800.0
2025-03-27,118.0999984741211,119.06999969482422,117.26000213623047,117.88999938964844,113.20555877685547,12740800.0
2025-03-28,118.0999984741211,118.45999908447266,117.23999786376953,117.7300033569336,113.05191802978516,10233400.0
2025-03-31,117.79000091552734,119.91000366210938,117.79000091552734,118.93000030517578,114.20423889160156,21652300.0
2025-04-01,119.22000122070312,119.27999877929688,117.93000030517578,119.04000091552734,114.30986785888672,12425400.0
2025-04-02,118.38999938964844,118.83999633789062,117.66000366210938,118.66999816894531,113.9545669555664,12614600.0
2025-04-03,114.37000274658203,115.44999694824219,112.2300033569336,112.43000030517578,107.96250915527344,21204600.0
2025-04-04,109.87000274658203,110.83000183105469,103.83000183105469,104.33999633789062,100.19396209716797,30841300.0
2025-04-07,100.38999938964844,105.80000305175781,98.45999908447266,102.94000244140625,98.849609375,35068500.0
2025-04-08,105.45999908447266,105.5999984741211,99.01000213623047,100.7699966430664,96.76583862304688,27147800.0
2025-04-09,99.37000274658203,106.58000183105469,98.12999725341797,105.80000305175781,101.59596252441406,30063300.0
2025-04-10,103.70999908447266,103.77999877929688,97.80000305175781,99.93000030517578,95.95921325683594,33999300.0
2025-04-11,100.30000305175781,103.93000030517578,98.79000091552734,103.13999938964844,99.04166412353516,22884600.0
2025-04-14,105.02999877929688,105.08999633789062,102.72000122070312,103.38999938964844,99.28172302246094,18020000.0
2025-04-15,103.63999938964844,105.41000366210938,103.0,103.0999984741211,99.00325012207031,13164900.0
2025-04-16,103.94999694824219,105.58999633789062,103.69999694824219,104.19000244140625,100.04993438720703,13607000.0
2025-04-17,104.69000244140625,108.55000305175781,104.45999908447266,106.91999816894531,102.67145538330078,17916500.0
2025-04-18,104.69000244140625,108.55000305175781,104.45999908447266,106.91999816894531,102.67145538330078,17916500.0
2025-04-21,105.61000061035156,105.62999725341797,104.12000274658203,105.3499984741211,101.1638412475586,16926500.0
2025-04-22,106.13999938964844,108.94000244140625,106.13999938964844,108.30000305175781,103.99662780761719,13147000.0
2025-04-23,108.80999755859375,109.30000305175781,106.47000122070312,107.37000274658203,103.10357666015625,14235700.0
2025-04-24,107.97000122070312,108.87999725341797,106.95999908447266,108.62999725341797,104.3134994506836,9849600.0
2025-04-25,108.13999938964844,108.76000213623047,107.41999816894531,108.56999969482422,104.25590515136719,11245800.0
2025-04-28,108.75,109.25,107.68000030517578,108.62999725341797,104.3134994506836,13890900.0
2025-04-29,107.73999786376953,108.83000183105469,107.5199966430664,108.36000061035156,104.05424499511719,9483100.0
2025-04-30,107.41999816894531,107.41999816894531,104.1500015258789,105.62999725341797,101.43272399902344,20379300.0
2025-05-01,105.0999984741211,106.91999816894531,104.9800033569336,105.77999877929688,101.57675170898438,18610300.0
2025-05-02,107.72000122070312,109.0,104.55000305175781,106.20999908447266,101.98966979980469,16581900.0
2025-05-05,104.6500015258789,104.66000366210938,103.06999969482422,103.2699966430664,99.16648864746094,19624000.0
2025-05-06,103.88999938964844,105.9800033569336,103.4800033569336,104.70999908447266,100.54926300048828,16303400.0
2025-05-07,104.98999786376953,105.29000091552734,104.06999969482422,104.61000061035156,100.4532470703125,12332200.0
2025-05-08,105.33999633789062,107.38999938964844,105.33999633789062,106.06999969482422,101.85523986816406,19196500.0
2025-05-09,107.13999938964844,107.75,106.37999725341797,107.30999755859375,103.04595947265625,10992100.0
2025-05-12,110.2699966430664,110.44000244140625,108.31999969482422,109.16000366210938,104.82245635986328,14244600.0
2025-05-13,109.31999969482422,110.51000213623047,109.0199966430664,109.45999908447266,105.11052703857422,13350800.0
2025-05-14,108.86000061035156,108.86000061035156,107.93000030517578,108.4800033569336,104.16947937011719,15494900.0
2025-05-15,106.48999786376953,108.6500015258789,105.97000122070312,108.58000183105469,105.2258071899414,15004300.0
2025-05-16,108.6500015258789,108.88999938964844,107.44999694824219,108.19000244140625,104.84784698486328,14042500.0
2025-05-19,107.56999969482422,107.56999969482422,105.72000122070312,106.47000122070312,103.18097686767578,16802700.0
2025-05-20,106.38999938964844,106.72000122070312,104.77999877929688,104.94999694824219,101.70793151855469,12429300.0
2025-05-21,104.52999877929688,104.97000122070312,103.63999938964844,103.66000366210938,100.45779418945312,16716100.0
2025-05-22,103.05999755859375,103.47000122070312,101.88999938964844,102.97000122070312,99.78910827636719,13417400.0
2025-05-23,102.5999984741211,103.47000122070312,102.06999969482422,103.02999877929688,99.84724426269531,12061600.0
2025-05-26,102.5999984741211,103.47000122070312,102.06999969482422,103.02999877929688,99.84724426269531,12061600.0
2025-05-27,103.48999786376953,103.86000061035156,102.9000015258789,103.5199966430664,100.32210540771484,13043600.0
2025-05-28,104.29000091552734,104.43000030517578,101.79000091552734,102.11000061035156,98.95567321777344,14292400.0
2025-05-29,102.27999877929688,102.8499984741211,101.75,102.69000244140625,99.51775360107422,13825300.0
2025-05-30,102.16000366210938,102.38999938964844,101.19000244140625,102.30000305175781,99.13980865478516,28645800.0
2025-06-02,103.75,103.8499984741211,102.22000122070312,103.05000305175781,99.86663818359375,17290500.0
2025-06-03,102.9000015258789,104.66000366210938,102.20999908447266,103.80000305175781,100.59346008300781,19194300.0
2025-06-04,103.91999816894531,104.91999816894531,102.30000305175781,102.30000305175781,99.13980865478516,15648500.0
2025-06-05,102.9800033569336,103.05000305175781,101.7300033569336,101.83000183105469,98.684326171875,13924800.0
2025-06-06,102.76000213623047,104.5,102.68000030517578,104.2699966430664,101.04893493652344,15487800.0
2025-06-09,104.33000183105469,105.8499984741211,103.83000183105469,104.97000122070312,101.7273178100586,17087300.0
2025-06-10,106.08000183105469,107.6500015258789,105.93000030517578,107.22000122070312,103.90782165527344,17634800.0
2025-06-11,107.76000213623047,109.38999938964844,106.45999908447266,109.30999755859375,105.93325805664062,22648200.0
2025-06-12,108.91999816894531,110.19000244140625,108.22000122070312,109.7300033569336,106.34027862548828,17469400.0
2025-06-13,112.3499984741211,112.52999877929688,110.68000030517578,112.12000274658203,108.65645599365234,28540200.0
2025-06-16,111.81999969482422,113.16000366210938,111.12999725341797,112.4800033569336,109.00533294677734,22986100.0
2025-06-17,113.94999694824219,114.93000030517578,113.11000061035156,114.0,110.4783706665039,19451700.0
2025-06-18,114.61000061035156,115.23999786376953,112.94000244140625,113.19000244140625,109.69339752197266,17968900.0
2025-06-19,114.61000061035156,115.23999786376953,112.94000244140625,113.19000244140625,109.69339752197266,17968900.0
2025-06-20,113.44999694824219,115.04000091552734,113.18000030517578,114.69999694824219,111.15673828125,36273300.0
2025-06-23,116.69999694824219,116.94999694824219,111.16000366210938,111.73999786376953,108.28817749023438,26631100.0
2025-06-24,109.25,110.94000244140625,107.91000366210938,108.33999633789062,104.99320983886719,24828300.0
2025-06-25,108.11000061035156,109.23999786376953,107.69999694824219,108.37000274658203,105.02228546142578,17483200.0
2025-06-26,108.94000244140625,110.44000244140625,108.55000305175781,109.98999786376953,106.59224700927734,18304800.0
2025-06-27,109.94000244140625,110.0999984741211,108.37000274658203,109.37999725341797,106.00109100341797,22002100.0
2025-06-30,108.63999938964844,108.83999633789062,107.72000122070312,107.80000305175781,104.46989440917969,19199000.0
2025-07-01,108.12999725341797,109.63999938964844,107.1500015258789,109.23999786376953,105.86540222167969,15536900.0
2025-07-02,110.0,111.36000061035156,108.83000183105469,111.05000305175781,107.6195068359375,11892200.0
2025-07-03,110.86000061035156,112.47000122070312,110.62000274658203,112.19999694824219,108.73397064208984,11223600.0
2025-07-04,110.86000061035156,112.47000122070312,110.62000274658203,112.19999694824219,108.73397064208984,11223600.0
2025-07-07,111.54000091552734,112.05000305175781,110.22000122070312,111.11000061035156,107.67764282226562,15415900.0
2025-07-08,110.88999938964844,114.45999908447266,110.8499984741211,114.19000244140625,110.6624984741211,17913400.0
2025-07-09,113.91999816894531,114.2699966430664,113.2699966430664,113.80000305175781,110.28455352783203,10652100.0
2025-07-10,113.70999908447266,115.2699966430664,113.06999969482422,114.93000030517578,111.37964630126953,14901700.0
2025-07-11,114.8499984741211,115.76000213623047,114.51000213623047,115.43000030517578,111.86419677734375,11683900.0
2025-07-14,115.2300033569336,115.2300033569336,113.22000122070312,113.91999816894531,110.40084075927734,13220300.0
2025-07-15,113.66000366210938,114.05999755859375,112.5999984741211,112.91000366210938,109.42204284667969,10959300.0
2025-07-16,112.87999725341797,113.5,112.0999984741211,112.2300033569336,108.76304626464844,11158900.0
2025-07-17,111.48999786376953,112.2300033569336,111.08999633789062,111.66000366210938,108.21066284179688,13151400.0
2025-07-18,111.11000061035156,111.7300033569336,107.33999633789062,107.7699966430664,104.44082641601562,32366600.0
2025-07-21,107.5999984741211,108.7699966430664,107.44000244140625,108.05000305175781,104.7121810913086,17010400.0
2025-07-22,107.9800033569336,109.44000244140625,107.61000061035156,108.54000091552734,105.1870346069336,13970900.0
2025-07-23,108.93000030517578,110.0,108.8499984741211,109.93000030517578,106.53409576416016,12002700.0
2025-07-24,109.66000366210938,110.94999694824219,109.12999725341797,110.79000091552734,107.3675308227539,15647200.0
2025-07-25,110.7300033569336,110.9800033569336,109.69999694824219,110.4000015258789,106.98958587646484,10548900.0
2025-07-28,111.0,112.11000061035156,110.83999633789062,111.44000244140625,107.99745178222656,12353000.0
2025-07-29,111.9000015258789,113.0,111.41000366210938,112.87999725341797,109.39295959472656,15928000.0
2025-07-30,112.41000366210938,112.61000061035156,111.26000213623047,111.9000015258789,108.44324493408203,12996900.0
2025-07-31,110.36000061035156,112.5,110.36000061035156,111.63999938964844,108.19127655029297,17233700.0
2025-08-01,112.0,112.54000091552734,108.86000061035156,109.63999938964844,106.25305938720703,19652000.0
2025-08-04,109.22000122070312,109.91999816894531,107.08999633789062,107.37000274658203,104.05317687988281,19129500.0
2025-08-05,107.22000122070312,107.81999969482422,106.06999969482422,107.23999786376953,103.92718505859375,21314300.0
2025-08-06,108.30999755859375,109.05000305175781,106.37000274658203,106.51000213623047,103.2197494506836,15321800.0
2025-08-07,107.13999938964844,108.05999755859375,105.88999938964844,105.94999694824219,102.67704772949219,13468300.0
2025-08-08,106.5,107.51000213623047,105.94999694824219,106.80000305175781,103.50078582763672,14417700.0
2025-08-11,107.11000061035156,107.52999877929688,105.52999877929688,105.83000183105469,102.56076049804688,13570700.0
2025-08-12,106.33999633789062,107.27999877929688,105.77999877929688,106.12999725341797,102.85147857666016,14109400.0
2025-08-13,106.0,107.5999984741211,105.73999786376953,107.5999984741211,104.27607727050781,17958700.0
2025-08-14,107.55000305175781,107.58999633789062,106.44000244140625,107.37999725341797,104.06287384033203,13683500.0
2025-08-15,106.19000244140625,107.55999755859375,105.94999694824219,106.48999786376953,104.16068267822266,19271900.0
2025-08-18,106.0999984741211,107.2300033569336,105.66999816894531,106.72000122070312,104.38565063476562,13040000.0
2025-08-19,106.19999694824219,107.45999908447266,106.1500015258789,107.41999816894531,105.0703353881836,16113600.0
2025-08-20,107.87999725341797,109.33000183105469,107.68000030517578,108.52999877929688,106.15605926513672,18959700.0
2025-08-21,108.41999816894531,109.56999969482422,107.95999908447266,109.2300033569336,106.84075164794922,12194900.0
2025-08-22,109.5999984741211,111.41000366210938,109.5999984741211,111.27999877929688,108.84590911865234,13586700.0
2025-08-25,110.9000015258789,111.91999816894531,110.54000091552734,111.73999786376953,109.29584503173828,9744900.0
2025-08-26,111.37000274658203,111.80999755859375,110.36000061035156,111.48999786376953,109.05131530761719,18143900.0
2025-08-27,111.41999816894531,112.9800033569336,111.41999816894531,112.75,110.28376007080078,15262600.0
2025-08-28,112.87000274658203,113.6500015258789,112.06999969482422,113.3499984741211,110.87062072753906,14189800.0
2025-08-29,113.72000122070312,114.79000091552734,113.58000183105469,114.29000091552734,111.79006958007812,14597900.0
2025-09-01,113.72000122070312,114.79000091552734,113.58000183105469,114.29000091552734,111.79006958007812,14597900.0
2025-09-02,114.18000030517578,115.23999786376953,113.33000183105469,114.69000244140625,112.18132019042969,15206700.0
2025-09-03,113.97000122070312,114.43000030517578,111.45999908447266,111.91000366210938,109.4621353149414,14920100.0
2025-09-04,112.11000061035156,113.12999725341797,111.37999725341797,112.4000015258789,109.94141387939453,12864400.0
2025-09-05,111.5999984741211,111.77999877929688,109.0199966430664,109.2300033569336,106.84075164794922,16826700.0
2025-09-08,109.7300033569336,110.05000305175781,108.3499984741211,109.8499984741211,107.44718170166016,15440500.0
2025-09-09,110.52999877929688,112.51000213623047,110.52999877929688,110.6500015258789,108.22969055175781,14899500.0
2025-09-10,111.16000366210938,112.55999755859375,110.83999633789062,112.5,110.03922271728516,15837600.0
2025-09-11,111.4000015258789,112.7699966430664,110.87000274658203,112.13999938964844,109.68709564208984,11534500.0
2025-09-12,112.86000061035156,113.22000122070312,111.87999725341797,112.16000366210938,109.7066650390625,11105700.0
2025-09-15,112.18000030517578,112.45999908447266,111.31999969482422,112.3499984741211,109.89250183105469,12880500.0
2025-09-16,112.95999908447266,115.31999969482422,112.77999877929688,114.68000030517578,112.17153930664062,17208000.0
2025-09-17,114.52999877929688,115.48999786376953,114.05000305175781,115.29000091552734,112.76819610595703,13302000.0
2025-09-18,115.16999816894531,115.3499984741211,113.4000015258789,113.93000030517578,111.43794250488281,14628700.0
2025-09-19,113.9000015258789,113.9800033569336,112.63999938964844,112.81999969482422,110.35222625732422,38746500.0
2025-09-22,112.44999694824219,112.80000305175781,111.55999755859375,112.0199966430664,109.5697250366211,15611500.0
2025-09-23,112.72000122070312,114.75,112.4800033569336,113.94999694824219,111.4574966430664,25369100.0
2025-09-24,114.56999969482422,115.76000213623047,114.47000122070312,114.55999755859375,112.05415344238281,14756100.0
2025-09-25,114.63999938964844,115.9000015258789,114.41000366210938,115.58999633789062,113.0616226196289,15012600.0
2025-09-26,115.95999908447266,118.36000061035156,115.91999816894531,117.22000122070312,114.6559829711914,18568900.0
2025-09-29,116.05999755859375,116.5,113.66999816894531,114.22000122070312,111.72160339355469,19189300.0
2025-09-30,113.3499984741211,113.48999786376953,111.94000244140625,112.75,110.28376007080078,18076200.0
2025-10-01,112.55999755859375,113.0199966430664,111.29000091552734,111.98999786376953,109.54037475585938,16614000.0
2025-10-02,111.97000122070312,113.08999633789062,111.02999877929688,111.29000091552734,108.8556900024414,13062600.0
2025-10-03,111.9000015258789,113.75,111.9000015258789,113.26000213623047,110.78260040283203,12950100.0
2025-10-06,113.29000091552734,114.7699966430664,113.18000030517578,114.19999694824219,111.70203399658203,12036800.0
2025-10-07,114.06999969482422,114.51000213623047,111.73999786376953,114.26000213623047,111.76072692871094,11945000.0
2025-10-08,114.37999725341797,115.01000213623047,113.41000366210938,114.0199966430664,111.52597045898438,12301000.0
2025-10-09,114.43000030517578,115.51000213623047,112.73999786376953,112.91000366210938,110.44026184082031,10976200.0
2025-10-10,112.26000213623047,112.62000274658203,110.70999908447266,110.7300033569336,108.30794525146484,13811600.0
2025-10-13,111.54000091552734,112.30000305175781,111.31999969482422,112.23999786376953,109.78490447998047,10296500.0
2025-10-14,110.76000213623047,112.95999908447266,110.70999908447266,112.29000091552734,109.83381652832031,11167200.0
2025-10-15,112.80000305175781,113.56999969482422,110.97000122070312,111.61000061035156,109.16868591308594,12182900.0
2025-10-16,111.87999725341797,112.19000244140625,110.38999938964844,110.63999938964844,108.21990203857422,11782200.0
2025-10-17,111.62999725341797,112.91000366210938,111.18000030517578,112.23999786376953,109.78490447998047,13460100.0
2025-10-20,112.0,113.1500015258789,111.9800033569336,112.69999694824219,110.23484802246094,9523600.0
2025-10-21,112.88999938964844,113.36000061035156,111.98999786376953,112.70999908447266,110.24462890625,9202300.0
2025-10-22,113.44999694824219,115.18000030517578,113.08000183105469,114.70999908447266,112.20088195800781,12938800.0
2025-10-23,116.62999725341797,116.8499984741211,115.36000061035156,115.9800033569336,113.44309997558594,15001100.0
2025-10-24,116.3499984741211,116.47000122070312,115.18000030517578,115.38999938964844,112.86601257324219,9919400.0
2025-10-27,115.69999694824219,115.98999786376953,115.0999984741211,115.94000244140625,113.40398406982422,10975400.0
2025-10-28,115.48999786376953,116.18000030517578,114.98999786376953,115.02999877929688,112.51387786865234,9535200.0
2025-10-29,114.91999816894531,117.05000305175781,114.80999755859375,116.44999694824219,113.90281677246094,12570600.0
2025-10-30,116.43000030517578,116.5199966430664,114.52999877929688,114.69000244140625,112.18132019042969,16172900.0
2025-10-31,113.9800033569336,115.2300033569336,112.62000274658203,114.36000061035156,111.8585433959961,20213400.0
2025-11-03,114.5,114.98999786376953,113.63999938964844,113.76000213623047,111.27166748046875,12290300.0
2025-11-04,113.37999725341797,114.3499984741211,112.51000213623047,114.13999938964844,111.64334106445312,16860700.0
2025-11-05,114.08999633789062,115.18000030517578,113.66999816894531,113.68000030517578,111.19341278076172,12400900.0
2025-11-06,113.63999938964844,114.94000244140625,113.63999938964844,114.5,111.99547576904297,14219700.0
2025-11-07,115.20999908447266,117.51000213623047,114.9000015258789,117.22000122070312,114.6559829711914,17181100.0
2025-11-10,117.44000244140625,118.44999694824219,115.45999908447266,118.22000122070312,115.63410186767578,13048000.0
2025-11-11,118.83000183105469,120.80999755859375,118.83000183105469,119.77999877929688,117.15998840332031,16077100.0
2025-11-12,119.0999984741211,119.27999877929688,117.79000091552734,118.12000274658203,115.53629302978516,13790900.0
2025-11-13,118.62999725341797,119.76000213623047,118.27999877929688,118.79000091552734,116.19163513183594,17291900.0
2025-11-14,118.44999694824219,119.4800033569336,116.66000366210938,119.29000091552734,117.70126342773438,17064300.0
2025-11-17,118.97000122070312,119.5,117.11000061035156,117.68000030517578,116.11270141601562,16034900.0
2025-11-18,117.26000213623047,119.4800033569336,116.4800033569336,119.02999877929688,117.44471740722656,15808500.0
2025-11-19,116.8499984741211,118.18000030517578,115.93000030517578,117.3499984741211,115.78709411621094,15919200.0
2025-11-20,117.9800033569336,119.01000213623047,116.73999786376953,117.0199966430664,115.46148681640625,14401000.0
2025-11-21,116.98999786376953,117.37999725341797,115.6500015258789,117.08000183105469,115.52069091796875,15667600.0
2025-11-24,117.19999694824219,117.19999694824219,114.73999786376953,115.97000122070312,114.42547607421875,18034900.0
2025-11-25,115.18000030517578,115.9000015258789,114.19000244140625,114.51000213623047,112.98491668701172,14434600.0
2025-11-26,114.41000366210938,115.73999786376953,114.30999755859375,114.7699966430664,113.241455078125,11650600.0
2025-11-27,114.41000366210938,115.73999786376953,114.30999755859375,114.7699966430664,113.241455078125,11650600.0
2025-11-28,114.94999694824219,118.73999786376953,114.81999969482422,115.91999816894531,114.37613677978516,7240800.0
2025-12-01,116.0999984741211,117.41000366210938,116.0999984741211,116.62999725341797,115.0766830444336,12658100.0
2025-12-02,116.44000244140625,116.5999984741211,114.69000244140625,115.37999725341797,113.84333038330078,14607700.0
2025-12-03,115.94999694824219,117.9800033569336,115.87999725341797,117.80000305175781,116.2311019897461,16819100.0
2025-12-04,117.5,118.33999633789062,116.66000366210938,117.13999938964844,115.57988739013672,13686900.0
2025-12-05,116.75,118.77999877929688,116.41000366210938,116.54000091552734,114.9878921508789,12516900.0
2025-12-08,115.83000183105469,117.0,115.04000091552734,115.9800033569336,114.43534088134766,14904200.0
2025-12-09,116.9000015258789,120.47000122070312,116.88999938964844,118.25,116.67510986328125,23790800.0
2025-12-10,118.7300033569336,119.87000274658203,118.37000274658203,119.54000091552734,117.94792938232422,19845200.0
2025-12-11,119.11000061035156,120.36000061035156,119.06999969482422,119.54000091552734,117.94792938232422,14781800.0
2025-12-12,119.44000244140625,119.91999816894531,118.30999755859375,118.81999969482422,117.23751831054688,14459500.0
2025-12-15,119.01000213623047,119.02999877929688,116.8499984741211,117.76000213623047,116.19164276123047,16358700.0
2025-12-16,116.7699966430664,116.83999633789062,114.61000061035156,114.68000030517578,113.15265655517578,17638700.0
2025-12-17,115.20999908447266,117.62000274658203,115.16999816894531,117.41000366210938,115.84630584716797,18502200.0
2025-12-18,116.98999786376953,116.98999786376953,115.62999725341797,116.54000091552734,114.9878921508789,13705600.0
2025-12-19,116.75,117.56999969482422,115.95999908447266,116.69000244140625,115.1358871459961,45412800.0
2025-12-22,117.33999633789062,118.45999908447266,117.33999633789062,118.1500015258789,116.57644653320312,11768600.0
2025-12-23,118.47000122070312,120.02999877929688,118.31999969482422,119.41999816894531,117.82952880859375,12567600.0
2025-12-24,119.33000183105469,120.05000305175781,119.12000274658203,119.22000122070312,117.63218688964844,6137400.0
2025-12-25,119.33000183105469,120.05000305175781,119.12000274658203,119.22000122070312,117.63218688964844,6137400.0
2025-12-26,118.88999938964844,119.55000305175781,118.52999877929688,119.11000061035156,117.5236587524414,8066100.0
2025-12-29,120.1500015258789,121.30000305175781,119.4000015258789,120.52999877929688,118.92474365234375,14782500.0
2025-12-30,121.0999984741211,121.80000305175781,120.62999725341797,120.98999786376953,119.37861633300781,11150500.0
2025-12-31,121.18000030517578,121.26000213623047,119.87000274658203,120.33999633789062,118.73727416992188,10559900.0
2026-01-01,121.18000030517578,121.26000213623047,119.87000274658203,120.33999633789062,118.73727416992188,10559900.0
2026-01-02,120.08999633789062,122.68000030517578,119.61000061035156,122.6500015258789,121.01651763916016,14175100.0
2026-01-05,125.20999908447266,125.93000030517578,122.38999938964844,125.36000061035156,123.69042205810547,30112200.0
2026-01-06,125.3499984741211,125.80000305175781,121.0,121.05000305175781,119.43782043457031,23328600.0
2026-01-07,119.80000305175781,120.12000274658203,118.2699966430664,118.48999786376953,116.91191101074219,20353000.0
2026-01-08,118.9800033569336,123.62999725341797,118.66000366210938,122.91000366210938,121.27305603027344,20232700.0
2026-01-09,123.2300033569336,124.86000061035156,123.0999984741211,124.61000061035156,122.95040893554688,16137700.0
2026-01-12,124.45999908447266,124.5,122.55999755859375,124.02999877929688,122.37812805175781,15314900.0
2026-01-13,125.0,127.13999938964844,124.80999755859375,126.54000091552734,124.85469818115234,21619700.0
2026-01-14,127.3499984741211,131.72000122070312,127.12999725341797,130.1999969482422,128.4659423828125,27593900.0
2026-01-15,129.1300048828125,130.1999969482422,128.3000030517578,129.1300048828125,127.41020965576172,17400000.0
2026-01-16,128.91000366210938,130.16000366210938,128.8699951171875,129.88999938964844,128.1600799560547,16592400.0
2026-01-19,128.91000366210938,130.16000366210938,128.8699951171875,129.88999938964844,128.1600799560547,16592400.0
2026-01-20,131.50999450683594,131.94000244140625,130.07000732421875,130.4600067138672,128.72250366210938,16477300.0
2026-01-21,131.91000366210938,133.72999572753906,131.91000366210938,133.61000061035156,131.83055114746094,18879900.0
2026-01-22,133.0500030517578,134.17999267578125,131.85000610351562,133.63999938964844,131.8601531982422,16600100.0
2026-01-23,135.08999633789062,135.97999572753906,134.47999572753906,134.97000122070312,133.17242431640625,17758200.0
2026-01-26,136.92999267578125,136.94000244140625,134.1699981689453,134.83999633789062,133.0441436767578,16056100.0
2026-01-27,135.25,136.92999267578125,134.7100067138672,136.8300018310547,135.00765991210938,14517000.0
2026-01-28,137.69000244140625,138.00999450683594,136.6699981689453,137.5800018310547,135.74766540527344,15637300.0
2026-01-29,140.32000732421875,142.33999633789062,139.11000061035156,140.50999450683594,138.63864135742188,35760600.0
2026-01-30,138.74000549316406,142.2100067138672,137.8300018310547,141.39999389648438,139.51678466796875,29657700.0
2026-02-02,139.8300018310547,140.32000732421875,138.05999755859375,138.39999389648438,136.55674743652344,27735600.0
2026-02-03,138.63999938964844,145.00999450683594,138.30999755859375,143.72999572753906,141.81576538085938,37577800.0
2026-02-04,144.1199951171875,147.83999633789062,144.1199951171875,147.58999633789062,145.6243438720703,29426200.0
2026-02-05,146.5800018310547,146.72999572753906,143.8000030517578,146.0800018310547,144.13446044921875,18431700.0
2026-02-06,146.6199951171875,149.57000732421875,146.08999633789062,149.0500030517578,147.06491088867188,17216000.0
2026-02-09,149.25999450683594,151.5500030517578,148.6300048828125,151.2100067138672,149.19615173339844,21297300.0
2026-02-10,151.35000610351562,151.77999877929688,149.82000732421875,151.58999633789062,149.57107543945312,15800300.0
2026-02-11,153.97000122070312,156.92999267578125,153.57000732421875,155.55999755859375,153.4882049560547,23091500.0
2026-02-12,153.88999938964844,155.25,149.8800048828125,149.92999267578125,148.91920471191406,30652500.0
2026-02-13,150.5500030517578,151.66000366210938,147.97999572753906,148.4499969482422,147.44918823242188,20166000.0
2026-02-16,150.5500030517578,151.66000366210938,147.97999572753906,148.4499969482422,147.44918823242188,20166000.0
2026-02-17,148.1999969482422,149.1300048828125,145.14999389648438,146.19000244140625,145.20443725585938,19766600.0
2026-02-18,148.14999389648438,150.97999572753906,147.61000061035156,150.67999267578125,149.66415405273438,19849700.0
2026-02-19,152.1999969482422,153.3800048828125,150.83999633789062,150.97000122070312,149.95220947265625,20305000.0
2026-02-20,150.49000549316406,150.80999755859375,146.4600067138672,147.27999877929688,146.28707885742188,25908600.0
2026-02-23,148.14999389648438,151.27000427246094,148.1300048828125,150.75999450683594,149.74362182617188,16073100.0
2026-02-24,150.4199981689453,150.72000122070312,148.02999877929688,149.25999450683594,148.25372314453125,14185500.0
2026-02-25,149.91000366210938,150.17999267578125,147.3300018310547,149.05999755859375,148.05508422851562,15225700.0
2026-02-26,147.80999755859375,150.9600067138672,146.77000427246094,148.5399932861328,147.53857421875,15632100.0
2026-02-27,151.0,153.64999389648438,149.25,152.5,151.47189331054688,30275100.0
2026-03-02,159.35000610351562,159.61000061035156,153.02999877929688,154.22000122070312,153.1802978515625,31493100.0
2026-03-03,155.42999267578125,156.0500030517578,150.3000030517578,151.8300018310547,150.80641174316406,25198900.0
2026-03-04,150.72000122070312,151.16000366210938,147.86000061035156,149.82000732421875,148.80996704101562,16764800.0
2026-03-05,151.0,152.3300018310547,149.47000122070312,150.75999450683594,149.74362182617188,22969300.0
2026-03-06,153.14999389648438,153.8000030517578,149.9600067138672,151.2100067138672,150.1905975341797,21136400.0
2026-03-09,152.02000427246094,153.88999938964844,149.47000122070312,150.44000244140625,149.42578125,25532700.0
2026-03-10,149.25,150.39999389648438,147.6999969482422,148.1300048828125,147.13136291503906,19617600.0
2026-03-11,147.99000549316406,151.80999755859375,147.66000366210938,151.5800018310547,150.55809020996094,15297400.0
2026-03-12,152.27000427246094,155.0,151.6300048828125,153.52999877929688,152.4949493408203,26054000.0
2026-03-13,154.3000030517578,156.88999938964844,152.97999572753906,156.1199951171875,155.06747436523438,22414100.0
2026-03-16,156.0,157.77999877929688,154.75999450683594,157.22999572753906,156.1699981689453,22835600.0
2026-03-17,158.25,160.4499969482422,156.8000030517578,158.80999755859375,157.73934936523438,21592200.0
2026-03-18,159.66000366210938,160.17999267578125,157.52999877929688,157.58999633789062,156.52757263183594,18947100.0
2026-03-19,158.25999450683594,159.55999755859375,154.83999633789062,158.16000366210938,157.09373474121094,27082700.0
2026-03-20,159.35000610351562,162.44000244140625,159.10000610351562,159.6699981689453,158.5935516357422,53942100.0
2026-03-23,156.1199951171875,161.4199981689453,155.02000427246094,161.1300048828125,160.04371643066406,25021300.0
2026-03-24,161.7100067138672,167.47999572753906,161.25,165.3800048828125,164.2650604248047,26131800.0
2026-03-25,163.8699951171875,165.0,162.92999267578125,163.25999450683594,162.1593475341797,17192300.0
2026-03-26,164.08999633789062,165.67999267578125,162.05999755859375,165.42999267578125,164.31471252441406,18625200.0
2026-03-27,165.5800018310547,171.22999572753906,164.8000030517578,170.99000549316406,169.8372344970703,30338300.0
2026-03-30,172.50999450683594,176.41000366210938,171.0500030517578,171.47000122070312,170.31399536132812,29813500.0
2026-03-31,172.6699981689453,174.3800048828125,165.97000122070312,169.66000366210938,168.51620483398438,32006700.0
2026-04-01,165.77000427246094,168.0,159.52999877929688,160.77999877929688,159.69607543945312,37927600.0
2026-04-02,164.49000549316406,166.89999389648438,159.58999633789062,160.69000244140625,159.60667419433594,25377700.0
2026-04-03,164.49000549316406,166.89999389648438,159.58999633789062,160.69000244140625,159.60667419433594,25377700.0
2026-04-06,160.57000732421875,163.75,159.52999877929688,163.3699951171875,162.2686004638672,16344300.0
2026-04-07,164.22000122070312,166.24000549316406,161.77000427246094,163.91000366210938,162.8049774169922,25227500.0
2026-04-08,153.52000427246094,156.35000610351562,150.97999572753906,156.22000122070312,155.16680908203125,31311200.0
2026-04-09,156.86000061035156,159.22999572753906,154.30999755859375,155.0399932861328,153.99476623535156,25868400.0
2026-04-10,154.0399932861328,155.1199951171875,151.9199981689453,152.50999450683594,151.4818115234375,21065000.0
2026-04-13,154.27000427246094,154.6199951171875,151.27999877929688,152.63999938964844,151.61094665527344,18685600.0
2026-04-14,150.07000732421875,150.11000061035156,146.72000122070312,149.24000549316406,148.23387145996094,18528200.0
2026-04-15,148.60000610351562,150.22999572753906,146.89999389648438,149.00999450683594,148.0054168701172,15626500.0
2026-04-16,149.52999877929688,152.77999877929688,149.35000610351562,151.97999572753906,150.9553985595703,15191000.0
2026-04-17,144.86000061035156,146.8000030517578,141.97000122070312,146.44000244140625,145.45274353027344,28947400.0
2026-04-20,147.3800048828125,149.3699951171875,146.35000610351562,147.67999267578125,146.6843719482422,16354400.0
2026-04-21,147.3699951171875,148.80999755859375,146.24000549316406,148.36000061035156,147.35980224609375,17515900.0
2026-04-22,149.3699951171875,150.67999267578125,148.17999267578125,149.5,148.4921112060547,13738700.0
2026-04-23,149.85000610351562,151.22999572753906,148.5,150.52999877929688,149.51516723632812,12970400.0
2026-04-24,149.63999938964844,150.3000030517578,146.9499969482422,148.91000366210938,147.90609741210938,13735900.0
2026-04-27,149.16000366210938,151.17999267578125,147.97000122070312,148.19000244140625,147.19094848632812,13940800.0
2026-04-28,151.52999877929688,152.30999755859375,149.8300018310547,150.55999755859375,149.5449676513672,15173600.0
2026-04-29,152.02000427246094,154.9499969482422,151.00999450683594,154.6699981689453,153.62725830078125,14669100.0
2026-04-30,152.42999267578125,155.69000244140625,151.33999633789062,154.3300018310547,153.28955078125,22885900.0
2026-05-01,152.61000061035156,155.00999450683594,151.1300048828125,152.75,151.72019958496094,15458200.0
2026-05-04,152.6699981689453,154.47000122070312,149.52000427246094,153.69000244140625,152.65386962890625,14238500.0
2026-05-05,153.10000610351562,155.2899932861328,152.41000366210938,154.8800048828125,153.83584594726562,12494600.0
2026-05-06,149.07000732421875,150.3300018310547,147.08999633789062,148.69000244140625,147.6875762939453,20527000.0
2026-05-07,146.8000030517578,147.0800018310547,144.19000244140625,146.5800018310547,145.591796875,22509400.0
2026-05-08,145.85000610351562,146.5,143.9199981689453,144.57000732421875,143.59535217285156,19550100.0
2026-05-11,146.02000427246094,149.72000122070312,146.0,149.67999267578125,148.6708984375,14849500.0
2026-05-12,151.25,151.80999755859375,149.77000427246094,150.6300048828125,149.614501953125,16443100.0
2026-05-13,150.05999755859375,151.7899932861328,149.67999267578125,151.57000732421875,150.5481719970703,15772800.0
2026-05-14,151.89999389648438,153.1199951171875,151.25999450683594,152.77999877929688,151.75,11331500.0
2026-05-15,153.75,158.0,153.0,157.9199981689453,157.9199981689453,27882400.0
2026-05-18,157.32000732421875,161.72999572753906,155.22999572753906,160.49000549316406,160.49000549316406,20065200.0
2026-05-19,161.5,163.32000732421875,159.63999938964844,162.5500030517578,162.5500030517578,20715600.0
2026-05-20,161.61000061035156,163.67999267578125,156.27000427246094,156.27999877929688,156.27999877929688,18509700.0
2026-05-21,158.4199981689453,159.38999938964844,153.4600067138672,155.2899932861328,155.2899932861328,17061700.0
2026-05-22,154.02999877929688,155.5500030517578,153.1699981689453,154.9199981689453,154.9199981689453,12948500.0
2026-05-25,154.02999877929688,155.5500030517578,153.1699981689453,154.9199981689453,154.9199981689453,12948500.0
2026-05-26,153.5,154.5500030517578,149.47000122070312,149.80999755859375,149.80999755859375,13057800.0
2026-05-27,147.22999572753906,148.69000244140625,145.75,147.89999389648438,147.89999389648438,16241100.0
2026-05-28,149.33999633789062,150.2100067138672,146.8699951171875,146.9600067138672,146.9600067138672,14012500.0
2026-05-29,146.19000244140625,146.92999267578125,144.7100067138672,145.25999450683594,145.25999450683594,27959900.0
2026-06-01,147.02000427246094,149.64999389648438,147.0,149.3800048828125,149.3800048828125,16732100.0
2026-06-02,149.02999877929688,150.8300018310547,148.5,149.55999755859375,149.55999755859375,10462400.0
2026-06-03,150.61000061035156,154.91000366210938,150.02000427246094,152.52999877929688,152.52999877929688,14357800.0
2026-06-04,152.0500030517578,153.42709350585938,150.94000244140625,152.47999572753906,152.47999572753906,5214698.0
